company_id,name,ticker,ticker_choice,price_src,currency,filed_date,entry_date,filers,kind,claim_linked,after_cluster,r30,x_spy30,x_gld30,x_bsk30,r90,x_spy90,x_gld90,x_bsk90,r180,x_spy180,x_gld180,x_bsk180
1911-gold,1911 Gold,AUMB.V,primary,AUMB.V,CAD,2025-07-17,2025-07-17,1,placement_or_private,1,0,0.272727,0.248207,0.273247,0.127516,4.181818,4.122698,3.922382,3.46038,3.454545,3.349887,3.083792,2.499213
1911-gold,1911 Gold,AUMB.V,primary,AUMB.V,CAD,2025-07-25,2025-07-25,1,open_market,1,0,0.083333,0.070447,0.072989,-0.064974,2.75,2.695597,2.517762,2.255688,4.041667,3.965854,3.598596,3.079769
1911-gold,1911 Gold,AUMB.V,primary,AUMB.V,CAD,2025-08-19,2025-08-19,1,open_market,1,0,1.16,1.124911,1.06058,0.936778,2.52,2.479582,2.302553,2.121635,2.76,2.694449,2.244555,1.897549
1911-gold,1911 Gold,AUMB.V,primary,AUMB.V,CAD,2025-12-09,2025-12-09,1,open_market,1,0,-0.03,-0.039472,-0.092184,-0.118786,0.14,0.146983,-0.079747,-0.060426,-0.29,-0.369805,-0.312819,-0.225984
1911-gold,1911 Gold,AUMB.V,primary,AUMB.V,CAD,2026-01-04,2026-01-05,1,open_market,1,0,0.225806,0.228031,0.115204,0.121987,0.032258,0.078629,-0.018261,-0.023299,-0.247312,-0.330282,-0.172378,-0.190991
1911-gold,1911 Gold,AUMB.V,primary,AUMB.V,CAD,2026-08-03,2026-08-04,1,placement_or_private,1,0,0.5,0.497615,0.403624,0.199037,,,,,,,,
1911-gold,1911 Gold,AUMB.V,primary,AUMB.V,CAD,2026-08-31,2026-08-31,1,open_market,1,0,-0.170455,-0.164692,-0.102926,-0.099342,,,,,,,,
1911-gold,1911 Gold,AUMB.V,primary,AUMB.V,CAD,2026-09-01,2026-09-01,1,open_market,1,0,-0.134146,-0.137047,-0.098885,-0.082391,,,,,,,,
aben-gold,Aben Gold,ABM.V,primary,ABM.V,CAD,2026-01-27,2026-01-27,3,placement_or_private,1,0,0.095238,0.104138,0.09234,0.037451,-0.238095,-0.266392,-0.141036,-0.079952,-0.142857,-0.205317,0.076004,0.137794
aben-gold,Aben Gold,ABM.V,primary,ABM.V,CAD,2026-03-04,2026-03-04,1,open_market,1,0,0.0,0.042766,0.089847,0.124964,-0.15,-0.258651,-0.023145,0.037653,0.0,-0.119569,0.134337,0.060903
aben-gold,Aben Gold,ABM.V,primary,ABM.V,CAD,2026-06-22,2026-06-22,3,placement_or_private,1,0,-0.055556,-0.059613,-0.041333,-0.010352,0.055556,0.032315,0.012445,-0.143525,,,,
abitibi-metals,Abitibi Metals,AMQ.CN,primary,AMQ.CN,CAD,2025-09-16,2025-09-16,1,open_market,1,0,0.608696,0.607726,0.441258,0.328841,0.652174,0.620765,0.486651,0.387185,2.521739,2.518269,2.164691,2.166664
abitibi-metals,Abitibi Metals,AMQ.CN,primary,AMQ.CN,CAD,2025-09-18,2025-09-18,1,open_market,1,0,0.24,0.236784,0.080981,0.03821,0.48,0.466199,0.290291,0.203774,1.8,1.78712,1.431577,1.433979
abitibi-metals,Abitibi Metals,AMQ.CN,primary,AMQ.CN,CAD,2025-09-19,2025-09-19,1,open_market,1,0,0.24,0.23896,0.093146,0.100425,0.48,0.460759,0.304901,0.265179,1.48,1.48342,1.168779,1.26195
abitibi-metals,Abitibi Metals,AMQ.CN,primary,AMQ.CN,CAD,2025-11-05,2025-11-05,1,open_market,1,0,0.121212,0.109243,0.066834,-0.024981,1.181818,1.164182,0.942316,0.835744,0.969697,0.910029,0.838186,0.81713
abitibi-metals,Abitibi Metals,AMQ.CN,primary,AMQ.CN,CAD,2025-11-06,2025-11-06,1,open_market,1,0,0.088235,0.065291,0.03259,-0.051939,1.205882,1.182192,0.965764,0.864053,0.882353,0.802599,0.739757,0.737115
abitibi-metals,Abitibi Metals,AMQ.CN,primary,AMQ.CN,CAD,2025-11-20,2025-11-20,1,open_market,1,0,-0.05,-0.093002,-0.114479,-0.223235,0.85,0.798263,0.627431,0.508315,0.875,0.750561,0.777228,0.767026
abitibi-metals,Abitibi Metals,AMQ.CN,primary,AMQ.CN,CAD,2025-11-24,2025-11-24,1,open_market,1,0,-0.097561,-0.129936,-0.181017,-0.220716,0.829268,0.798314,0.596706,0.520019,0.609756,0.494747,0.521329,0.559567
abitibi-metals,Abitibi Metals,AMQ.CN,primary,AMQ.CN,CAD,2026-04-02,2026-04-02,1,open_market,1,1,0.206897,0.10806,0.221405,0.298327,0.068966,-0.068158,0.205921,0.244118,0.275862,0.110621,0.384197,0.265378
abitibi-metals,Abitibi Metals,AMQ.CN,primary,AMQ.CN,CAD,2026-07-27,2026-07-27,1,open_market,1,0,0.093333,0.056815,-0.031296,-0.256724,,,,,,,,
abitibi-metals,Abitibi Metals,AMQ.CN,primary,AMQ.CN,CAD,2026-07-30,2026-07-30,1,open_market,1,0,0.15493,0.117636,0.070801,-0.163234,,,,,,,,
adamera-minerals,Adamera Minerals,ADZ.V,primary,ADZ.V,CAD,2025-12-30,2025-12-30,1,placement_or_private,1,0,0.6,0.589767,0.3568,0.401072,2.0,2.080115,1.960666,2.036896,1.0,0.938895,1.063326,1.113557
adamera-minerals,Adamera Minerals,ADZ.V,primary,ADZ.V,CAD,2026-01-30,2026-01-30,1,placement_or_private,1,0,0.333333,0.341975,0.246133,0.094966,0.777778,0.739207,0.825626,0.86363,0.333333,0.279155,0.499352,0.524754
adamera-minerals,Adamera Minerals,ADZ.V,primary,ADZ.V,CAD,2026-06-29,2026-06-29,1,open_market,1,0,0.333333,0.348907,0.326551,0.353934,0.444444,0.403486,0.377078,0.186828,,,,
adamera-minerals,Adamera Minerals,ADZ.V,primary,ADZ.V,CAD,2026-08-20,2026-08-20,1,placement_or_private,1,0,0.9,0.901193,0.933931,0.924404,,,,,,,,
agnico-eagle,Agnico Eagle Mines,AEM,primary,AEM.TO,CAD,2025-10-03,2025-10-03,1,open_market,1,0,-0.045406,-0.064608,-0.07471,0.009865,-0.015023,-0.034015,-0.123148,-0.130033,0.235538,0.256413,0.011346,0.016398
agnico-eagle,Agnico Eagle Mines,AEM,primary,AEM.TO,CAD,2026-06-29,2026-06-29,1,open_market,1,0,-0.069534,-0.053961,-0.076317,-0.048933,0.260135,0.219177,0.192768,0.002518,,,,
almonty-industries,Almonty Industries,AII.TO,primary,ALM,USD,2025-12-01,2025-12-01,1,open_market,1,1,0.37014,0.367714,0.353309,0.353117,1.860031,1.851623,1.618851,1.507132,2.057543,1.945514,1.987318,2.017894
almonty-industries,Almonty Industries,AII.TO,primary,ALM,USD,2026-03-28,2026-03-30,1,open_market,1,0,0.43573,0.309759,0.428904,0.438784,0.18228,0.02876,0.281055,0.262265,-0.003631,-0.22418,0.047433,-0.157876
altius-minerals,Altius Minerals,ALS.TO,primary,ALS.TO,CAD,2025-07-25,2025-07-25,1,open_market,1,0,0.013495,0.000608,0.00315,-0.134812,0.237716,0.183314,0.005478,-0.256596,0.627336,0.551523,0.184265,-0.334562
altius-minerals,Altius Minerals,ALS.TO,primary,ALS.TO,CAD,2025-08-14,2025-08-14,1,open_market,1,0,0.07401,0.05469,-0.017675,-0.169652,0.476025,0.416439,0.219752,0.016079,0.547603,0.474465,0.042639,-0.285038
altius-minerals,Altius Minerals,ALS.TO,primary,ALS.TO,CAD,2026-01-30,2026-01-30,2,open_market,1,0,0.118097,0.126739,0.030897,-0.12027,0.143155,0.104584,0.191004,0.229008,0.369606,0.315427,0.535624,0.561026
altius-minerals,Altius Minerals,ALS.TO,primary,ALS.TO,CAD,2026-03-19,2026-03-19,2,open_market,1,0,0.242083,0.165787,0.196305,0.029475,0.442898,0.319891,0.531569,0.393318,0.555902,0.407994,0.631557,0.380046
altius-minerals,Altius Minerals,ALS.TO,primary,ALS.TO,CAD,2026-03-20,2026-03-20,3,open_market,1,0,0.256858,0.161927,0.178117,-0.001716,0.450838,0.299474,0.514363,0.385942,0.583394,0.420759,0.635743,0.371943
altius-minerals,Altius Minerals,ALS.TO,primary,ALS.TO,CAD,2026-03-23,2026-03-23,1,open_market,1,0,0.205397,0.120209,0.128127,0.062904,0.401721,0.262321,0.443598,0.392846,0.577809,0.415598,0.584912,0.36321
altius-minerals,Altius Minerals,ALS.TO,primary,ALS.TO,CAD,2026-05-25,2026-05-25,1,open_market,1,0,0.093028,0.116143,0.209163,0.235718,0.207856,0.187698,0.185247,0.027246,,,,
american-eagle-gold,American Eagle Gold,AE.V,primary,AE.V,CAD,2025-04-22,2025-04-22,1,open_market,1,0,0.088889,-0.017019,0.114603,0.076657,0.133333,-0.059213,0.12684,0.033344,0.222222,-0.037882,-0.028107,-0.522472
american-eagle-gold,American Eagle Gold,AE.V,primary,AE.V,CAD,2026-09-22,2026-09-22,1,open_market,1,0,,,,,,,,,,,,
amex-exploration,Amex Exploration,AMX.V,primary,AMX.V,CAD,2025-08-22,2025-08-22,1,placement_or_private,1,1,0.117391,0.088893,0.025306,-0.094069,0.23913,0.227942,0.032195,-0.046213,0.856522,0.793017,0.38096,0.127505
amex-exploration,Amex Exploration,AMX.V,primary,AMX.V,CAD,2025-11-04,2025-11-04,1,placement_or_private,1,1,0.431298,0.417747,0.362822,0.243459,0.637405,0.607534,0.45853,0.306498,0.950382,0.883132,0.782409,0.743152
amex-exploration,Amex Exploration,AMX.V,primary,AMX.V,CAD,2025-11-21,2025-11-21,1,placement_or_private,1,1,0.437722,0.405008,0.371594,0.269913,0.530249,0.491632,0.302365,0.171661,0.676157,0.551397,0.560919,0.552611
amex-exploration,Amex Exploration,AMX.V,primary,AMX.V,CAD,2026-05-27,2026-05-27,1,placement_or_private,1,0,-0.111597,-0.082988,-0.026259,-0.027228,0.015317,-0.00527,-0.032615,-0.243737,,,,
apollo-silver,Apollo Silver,APGO.V,primary,APGO.V,CAD,2025-05-15,2025-05-15,1,open_market,1,0,0.272727,0.261651,0.210781,0.085223,0.212121,0.119939,0.173946,-0.041933,1.460606,1.303881,1.18519,0.69121
apollo-silver,Apollo Silver,APGO.V,primary,APGO.V,CAD,2025-08-11,2025-08-11,1,open_market,1,0,0.560976,0.535359,0.474409,0.306517,0.82439,0.769273,0.63071,0.471704,1.360976,1.274959,0.884845,0.609793
apollo-silver,Apollo Silver,APGO.V,primary,APGO.V,CAD,2025-08-21,2025-08-21,1,open_market,1,0,0.739535,0.695243,0.635757,0.51186,0.786047,0.743438,0.565831,0.415246,0.944186,0.869762,0.485629,0.238781
apollo-silver,Apollo Silver,APGO.V,primary,APGO.V,CAD,2025-08-26,2025-08-26,1,open_market,1,0,0.5,0.48002,0.395315,0.283532,0.508,0.471466,0.289723,0.173624,0.884,0.815381,0.382398,0.130978
apollo-silver,Apollo Silver,APGO.V,primary,APGO.V,CAD,2025-09-16,2025-09-16,1,open_market,1,0,0.25,0.24903,0.082563,-0.029855,0.392045,0.360636,0.226522,0.127056,-0.017045,-0.020515,-0.374094,-0.372121
apollo-silver,Apollo Silver,APGO.V,primary,APGO.V,CAD,2025-09-17,2025-09-17,1,open_market,1,0,0.220238,0.212334,0.065862,0.018842,0.494048,0.464177,0.319195,0.225521,0.029762,0.014819,-0.336621,-0.346176
apollo-silver,Apollo Silver,APGO.V,primary,APGO.V,CAD,2025-10-02,2025-10-02,1,open_market,1,0,0.002513,-0.016674,-0.035059,0.05239,0.334171,0.315194,0.217144,0.212077,-0.165829,-0.137617,-0.378631,-0.339697
apollo-silver,Apollo Silver,APGO.V,primary,APGO.V,CAD,2025-10-23,2025-10-23,4,placement_or_private,1,0,-0.050532,-0.031582,-0.038599,-0.044165,0.632979,0.612674,0.461881,0.317198,-0.111702,-0.159815,-0.245761,-0.321839
apollo-silver,Apollo Silver,APGO.V,primary,APGO.V,CAD,2025-10-24,2025-10-24,1,placement_or_private,1,0,-0.045455,-0.018552,-0.036846,-0.048539,0.807487,0.790167,0.610755,0.436082,-0.09893,-0.149074,-0.251876,-0.33202
apollo-silver,Apollo Silver,APGO.V,primary,APGO.V,CAD,2025-11-06,2025-11-06,1,open_market,1,0,0.346041,0.323096,0.290396,0.205866,0.530792,0.507101,0.290674,0.188962,-0.131965,-0.211719,-0.27456,-0.277203
apollo-silver,Apollo Silver,APGO.V,primary,APGO.V,CAD,2025-11-07,2025-11-07,1,open_market,1,0,0.227273,0.205334,0.178048,0.10507,0.21123,0.201319,0.01148,-0.022609,-0.144385,-0.23807,-0.314486,-0.360092
apollo-silver,Apollo Silver,APGO.V,primary,APGO.V,CAD,2025-11-21,2025-11-21,1,open_market,1,0,0.428571,0.395857,0.362443,0.260762,0.210084,0.171467,-0.0178,-0.148504,-0.103641,-0.228401,-0.218879,-0.227187
apollo-silver,Apollo Silver,APGO.V,primary,APGO.V,CAD,2025-11-28,2025-11-28,1,placement_or_private,1,0,0.201699,0.191573,0.127294,0.14953,-0.023355,-0.032003,-0.254354,-0.340453,-0.326964,-0.425107,-0.380099,-0.315523
apollo-silver,Apollo Silver,APGO.V,primary,APGO.V,CAD,2025-12-02,2025-12-02,1,placement_or_private,1,0,0.127389,0.126816,0.103966,0.092904,0.014862,0.007746,-0.250503,-0.35899,-0.303609,-0.413582,-0.380771,-0.363374
apollo-silver,Apollo Silver,APGO.V,primary,APGO.V,CAD,2026-01-21,2026-01-21,1,placement_or_private,1,0,-0.232899,-0.238779,-0.289301,-0.283619,-0.456026,-0.48328,-0.424398,-0.377322,-0.589577,-0.672287,-0.418251,-0.310644
apollo-silver,Apollo Silver,APGO.V,primary,APGO.V,CAD,2026-01-22,2026-01-22,5,placement_or_private,1,0,-0.303254,-0.303908,-0.340506,-0.318192,-0.501479,-0.533744,-0.464891,-0.399734,-0.618343,-0.704412,-0.447954,-0.354601
apollo-silver,Apollo Silver,APGO.V,primary,APGO.V,CAD,2026-03-13,2026-03-13,2,open_market,1,0,-0.031792,-0.057717,0.019658,-0.092503,-0.205202,-0.319155,-0.043498,-0.042595,-0.083815,-0.234972,0.040935,-0.181796
apollo-silver,Apollo Silver,APGO.V,primary,APGO.V,CAD,2026-03-16,2026-03-16,1,open_market,1,0,0.046243,4.2e-05,0.089615,0.012988,-0.179191,-0.287885,-0.01871,-0.03804,0.115607,-0.026778,0.249525,0.050238
apollo-silver,Apollo Silver,APGO.V,primary,APGO.V,CAD,2026-07-16,2026-07-16,1,open_market,1,0,0.285714,0.251587,0.185649,0.01615,,,,,,,,
apollo-silver,Apollo Silver,APGO.V,primary,APGO.V,CAD,2026-07-17,2026-07-17,1,open_market,1,0,0.197719,0.153254,0.107955,-0.079019,,,,,,,,
apollo-silver,Apollo Silver,APGO.V,primary,APGO.V,CAD,2026-07-22,2026-07-22,1,open_market,1,0,0.211111,0.186613,0.09442,-0.117238,,,,,,,,
apollo-silver,Apollo Silver,APGO.V,primary,APGO.V,CAD,2026-07-26,2026-07-27,1,open_market,1,0,0.255725,0.219207,0.131096,-0.094332,,,,,,,,
apollo-silver,Apollo Silver,APGO.V,primary,APGO.V,CAD,2026-08-01,2026-08-04,1,open_market,1,0,0.173913,0.171528,0.077537,-0.12705,,,,,,,,
apollo-silver,Apollo Silver,APGO.V,primary,APGO.V,CAD,2026-08-07,2026-08-07,1,open_market,1,0,0.012739,0.016709,-0.008091,-0.091882,,,,,,,,
apollo-silver,Apollo Silver,APGO.V,primary,APGO.V,CAD,2026-08-16,2026-08-17,1,open_market,1,0,0.144654,0.168752,0.178564,0.133826,,,,,,,,
apollo-silver,Apollo Silver,APGO.V,primary,APGO.V,CAD,2026-08-22,2026-08-24,1,open_market,1,0,-0.068966,-0.07465,0.010272,0.008593,,,,,,,,
apollo-silver,Apollo Silver,APGO.V,primary,APGO.V,CAD,2026-08-28,2026-08-28,1,open_market,1,0,-0.131098,-0.133697,-0.093239,-0.081965,,,,,,,,
apollo-silver,Apollo Silver,APGO.V,primary,APGO.V,CAD,2026-09-10,2026-09-10,1,open_market,1,0,,,,,,,,,,,,
apollo-silver,Apollo Silver,APGO.V,primary,APGO.V,CAD,2026-09-13,2026-09-14,1,open_market,1,0,,,,,,,,,,,,
apollo-silver,Apollo Silver,APGO.V,primary,APGO.V,CAD,2026-09-15,2026-09-15,1,open_market,1,0,,,,,,,,,,,,
apollo-silver,Apollo Silver,APGO.V,primary,APGO.V,CAD,2026-09-17,2026-09-17,1,open_market,1,0,,,,,,,,,,,,
apollo-silver,Apollo Silver,APGO.V,primary,APGO.V,CAD,2026-09-29,2026-09-29,1,open_market,1,0,,,,,,,,,,,,
appia-rare-earths-uranium,Appia Rare Earths & Uranium Corp,API.CN,primary,API.CN,CAD,2025-06-25,2025-06-25,2,placement_or_private,1,0,0.9,0.850619,0.899088,0.875294,0.9,0.807613,0.771907,0.406802,0.7,0.572002,0.37078,-0.132068
appia-rare-earths-uranium,Appia Rare Earths & Uranium Corp,API.CN,primary,API.CN,CAD,2025-07-04,2025-07-04,1,placement_or_private,1,0,0.142857,0.141182,0.137196,0.162348,0.5,0.421795,0.345723,-0.030484,0.357143,0.258477,0.067785,-0.358329
arianne-phosphate,Arianne Phosphate,DAN.V,primary,DAN.V,CAD,2025-11-14,2025-11-14,2,placement_or_private,1,0,0.047619,0.03299,-0.004195,-0.054068,0.190476,0.176576,-0.010157,-0.04484,1.380952,1.276209,1.235884,1.169236
arianne-phosphate,Arianne Phosphate,DAN.V,primary,DAN.V,CAD,2025-12-11,2025-12-11,1,placement_or_private,1,0,-0.047619,-0.054729,-0.101606,-0.105411,0.238095,0.256726,0.027028,0.091631,0.761905,0.69243,0.76816,0.875673
atha-energy,ATHA Energy Corp.,SASK.V,primary,SASK.V,CAD,2025-04-22,2025-04-22,1,placement_or_private,1,0,-0.051282,-0.15719,-0.025568,-0.063514,0.641026,0.448479,0.634533,0.541036,0.794872,0.534767,0.544542,0.050178
atha-energy,ATHA Energy Corp.,SASK.V,primary,SASK.V,CAD,2026-03-06,2026-03-06,1,open_market,1,0,-0.048193,-0.023579,0.044941,0.028928,0.337349,0.211364,0.468793,0.494653,0.445783,0.307796,0.595157,0.470112
atlas-salt,Atlas Salt,SALT.V,primary,SALT.V,CAD,2025-07-15,2025-07-15,2,open_market,1,0,-0.166667,-0.20333,-0.168362,-0.280151,1.071429,1.005688,0.838781,0.493908,0.666667,0.55105,0.315413,-0.176255
atlas-salt,Atlas Salt,SALT.V,primary,SALT.V,CAD,2025-07-23,2025-07-23,2,open_market,1,0,0.093023,0.075521,0.098149,-0.039886,0.790698,0.732231,0.582292,0.348178,0.674419,0.583833,0.324909,-0.234027
atlas-salt,Atlas Salt,SALT.V,primary,SALT.V,CAD,2025-07-29,2025-07-29,2,open_market,1,0,0.073171,0.051668,0.044501,-0.111342,0.634146,0.55547,0.435746,0.2074,1.121951,1.036994,0.626441,0.041932
atlas-salt,Atlas Salt,SALT.V,primary,SALT.V,CAD,2025-08-06,2025-08-06,2,open_market,1,0,0.097561,0.074709,0.031377,-0.122671,0.463415,0.396314,0.296523,0.174501,1.195122,1.096146,0.819502,0.479016
atlas-salt,Atlas Salt,SALT.V,primary,SALT.V,CAD,2025-08-12,2025-08-12,1,open_market,1,0,0.146341,0.123095,0.06041,-0.116018,0.682927,0.622633,0.455496,0.274998,1.585366,1.510789,1.107895,0.847047
atlas-salt,Atlas Salt,SALT.V,primary,SALT.V,CAD,2025-08-20,2025-08-20,2,open_market,1,0,0.195122,0.155019,0.095174,-0.065158,0.634146,0.599717,0.420143,0.24646,1.439024,1.370635,0.938765,0.616963
atlas-salt,Atlas Salt,SALT.V,primary,SALT.V,CAD,2025-10-01,2025-10-01,2,open_market,1,0,0.0,-0.020361,-0.033958,0.044865,-0.057971,-0.085737,-0.178354,-0.196785,0.246377,0.300951,0.081924,0.144287
atlas-salt,Atlas Salt,SALT.V,primary,SALT.V,CAD,2025-10-22,2025-10-22,2,placement_or_private,1,0,-0.157895,-0.144762,-0.149917,-0.166367,0.026316,0.011671,-0.132585,-0.334918,0.25,0.188724,0.078218,-0.053596
atlas-salt,Atlas Salt,SALT.V,primary,SALT.V,CAD,2025-10-26,2025-10-27,1,placement_or_private,1,0,0.014925,0.023039,-0.02897,-0.157016,0.298507,0.292685,0.050585,-0.161586,0.402985,0.361102,0.2225,0.130129
atlas-salt,Atlas Salt,SALT.V,primary,SALT.V,CAD,2025-11-05,2025-11-05,2,open_market,1,0,0.067797,0.055828,0.013419,-0.078396,0.762712,0.745076,0.52321,0.416637,1.0,0.940332,0.868489,0.847433
atlas-salt,Atlas Salt,SALT.V,primary,SALT.V,CAD,2025-12-02,2025-12-02,2,open_market,1,0,0.032258,0.031686,0.008836,-0.002226,0.580645,0.573529,0.31528,0.206793,1.145161,1.035188,1.068,1.085397
atlas-salt,Atlas Salt,SALT.V,primary,SALT.V,CAD,2025-12-30,2025-12-30,1,open_market,1,0,0.446154,0.435921,0.202954,0.247226,0.323077,0.403192,0.283743,0.359973,1.169231,1.108125,1.232556,1.282788
atlas-salt,Atlas Salt,SALT.V,primary,SALT.V,CAD,2025-12-31,2025-12-31,1,open_market,1,0,0.25,0.235262,0.127268,0.166828,0.359375,0.405685,0.273634,0.316808,1.203125,1.116487,1.273095,1.314255
atlas-salt,Atlas Salt,SALT.V,primary,SALT.V,CAD,2026-01-09,2026-01-09,1,open_market,1,0,0.514286,0.519256,0.415388,0.478122,0.314286,0.334687,0.257732,0.270003,1.5,1.426045,1.596557,1.683248
atlas-salt,Atlas Salt,SALT.V,primary,SALT.V,CAD,2026-03-09,2026-03-09,2,mixed,1,0,-0.011236,-0.007904,0.069182,0.034376,0.325843,0.238444,0.487293,0.548108,0.898876,0.763355,1.038042,0.897114
atlas-salt,Atlas Salt,SALT.V,primary,SALT.V,CAD,2026-03-19,2026-03-19,1,open_market,1,0,0.108434,0.032138,0.062656,-0.104174,0.795181,0.672174,0.883851,0.7456,0.746988,0.599079,0.822643,0.571132
atlas-salt,Atlas Salt,SALT.V,primary,SALT.V,CAD,2026-08-07,2026-08-07,1,open_market,1,0,0.06962,0.07359,0.048791,-0.035,,,,,,,,
atlas-salt,Atlas Salt,SALT.V,primary,SALT.V,CAD,2026-09-11,2026-09-11,1,open_market,1,0,,,,,,,,,,,,
atlas-salt,Atlas Salt,SALT.V,primary,SALT.V,CAD,2026-09-30,2026-09-30,1,open_market,1,0,,,,,,,,,,,,
azimut-exploration,Azimut Exploration,AZM.V,primary,AZM.V,CAD,2025-07-10,2025-07-10,1,open_market,1,0,-0.05,-0.068152,-0.072371,-0.149785,0.316667,0.241102,0.100795,-0.324148,0.333333,0.227888,-0.016046,-0.50444
azimut-exploration,Azimut Exploration,AZM.V,primary,AZM.V,CAD,2025-10-29,2025-10-29,1,open_market,1,1,-0.076923,-0.071104,-0.145463,-0.259015,0.24359,0.231806,-0.067981,-0.236456,-0.102564,-0.142978,-0.286834,-0.34712
azimut-exploration,Azimut Exploration,AZM.V,primary,AZM.V,CAD,2025-10-30,2025-10-30,2,open_market,1,1,-0.076923,-0.08216,-0.124879,-0.229684,0.358974,0.336042,0.022795,-0.121472,-0.102564,-0.149429,-0.242461,-0.267765
azimut-exploration,Azimut Exploration,AZM.V,primary,AZM.V,CAD,2025-11-05,2025-11-05,1,open_market,1,1,0.140845,0.128876,0.086467,-0.005348,0.352113,0.334476,0.11261,0.006038,-0.084507,-0.144175,-0.216018,-0.237074
azimut-exploration,Azimut Exploration,AZM.V,primary,AZM.V,CAD,2025-11-19,2025-11-19,1,open_market,1,1,0.083333,0.056229,0.019166,-0.03212,0.013889,-0.016626,-0.181439,-0.227636,-0.069444,-0.184169,-0.185377,-0.167212
azimut-exploration,Azimut Exploration,AZM.V,primary,AZM.V,CAD,2025-11-21,2025-11-21,1,open_market,1,1,0.083333,0.050619,0.017205,-0.084476,-0.027778,-0.066395,-0.255661,-0.386366,-0.055556,-0.180315,-0.170793,-0.179101
azimut-exploration,Azimut Exploration,AZM.V,primary,AZM.V,CAD,2025-12-31,2025-12-31,1,open_market,1,1,0.213333,0.198596,0.090601,0.130162,-0.066667,-0.020356,-0.152408,-0.109233,-0.2,-0.286638,-0.13003,-0.08887
azimut-exploration,Azimut Exploration,AZM.V,primary,AZM.V,CAD,2026-01-09,2026-01-09,1,open_market,1,1,0.175,0.179971,0.076103,0.138836,-0.125,-0.104599,-0.181554,-0.169282,-0.25,-0.323955,-0.153443,-0.066752
azimut-exploration,Azimut Exploration,AZM.V,primary,AZM.V,CAD,2026-03-06,2026-03-06,1,open_market,1,0,-0.04,-0.015386,0.053134,0.03712,-0.04,-0.165985,0.091444,0.117303,-0.226667,-0.364654,-0.077293,-0.202337
azimut-exploration,Azimut Exploration,AZM.V,primary,AZM.V,CAD,2026-03-18,2026-03-18,1,open_market,1,0,0.042254,-0.03139,0.039578,-0.104586,-0.056338,-0.190744,0.049589,-0.069724,-0.070423,-0.220779,0.046275,-0.188675
azimut-exploration,Azimut Exploration,AZM.V,primary,AZM.V,CAD,2026-03-19,2026-03-19,1,open_market,1,0,0.088235,0.011939,0.042458,-0.124373,-0.014706,-0.137713,0.073965,-0.064286,-0.044118,-0.192026,0.031537,-0.219974
azimut-exploration,Azimut Exploration,AZM.V,primary,AZM.V,CAD,2026-04-23,2026-04-23,1,open_market,1,1,-0.082192,-0.134687,-0.042242,-0.010454,-0.205479,-0.260473,-0.085027,-0.06958,,,,
azimut-exploration,Azimut Exploration,AZM.V,primary,AZM.V,CAD,2026-04-27,2026-04-27,1,open_market,1,1,-0.014286,-0.063631,0.035494,0.045189,-0.185714,-0.218937,-0.050819,-0.042028,,,,
azimut-exploration,Azimut Exploration,AZM.V,primary,AZM.V,CAD,2026-05-01,2026-05-01,1,open_market,1,1,0.0,-0.049719,0.01432,-0.047125,-0.173913,-0.203109,-0.065165,-0.093174,,,,
azimut-exploration,Azimut Exploration,AZM.V,primary,AZM.V,CAD,2026-05-27,2026-05-27,1,open_market,1,1,-0.101449,-0.07284,-0.016111,-0.01708,-0.043478,-0.064066,-0.091411,-0.302533,,,,
azimut-exploration,Azimut Exploration,AZM.V,primary,AZM.V,CAD,2026-05-28,2026-05-28,1,open_market,1,1,-0.126761,-0.092822,-0.031938,-0.032181,-0.098592,-0.113805,-0.119305,-0.315811,,,,
azimut-exploration,Azimut Exploration,AZM.V,primary,AZM.V,CAD,2026-06-10,2026-06-10,1,open_market,1,1,-0.076923,-0.117616,-0.08341,-0.13388,-0.076923,-0.132793,-0.144038,-0.43893,,,,
azimut-exploration,Azimut Exploration,AZM.V,primary,AZM.V,CAD,2026-06-24,2026-06-24,1,open_market,1,1,-0.017241,-0.025001,-0.033584,-0.039049,0.051724,-0.003019,-0.041602,-0.289578,,,,
azimut-exploration,Azimut Exploration,AZM.V,primary,AZM.V,CAD,2026-07-06,2026-07-06,1,open_market,1,1,-0.047619,-0.072257,-0.067272,-0.089416,-0.174603,-0.199041,-0.169396,-0.305783,,,,
azimut-exploration,Azimut Exploration,AZM.V,primary,AZM.V,CAD,2026-07-23,2026-07-23,1,open_market,1,1,0.160714,0.123406,0.021179,-0.198312,,,,,,,,
azimut-exploration,Azimut Exploration,AZM.V,primary,AZM.V,CAD,2026-07-24,2026-07-24,1,open_market,1,1,0.140351,0.104096,0.00198,-0.211788,,,,,,,,
azimut-exploration,Azimut Exploration,AZM.V,primary,AZM.V,CAD,2026-07-27,2026-07-27,1,open_market,1,1,0.103448,0.06693,-0.021181,-0.246609,,,,,,,,
azimut-exploration,Azimut Exploration,AZM.V,primary,AZM.V,CAD,2026-07-30,2026-07-30,1,open_market,1,1,0.070175,0.032882,-0.013953,-0.247988,,,,,,,,
azimut-exploration,Azimut Exploration,AZM.V,primary,AZM.V,CAD,2026-08-18,2026-08-18,4,placement_or_private,1,1,0.032258,0.038578,0.032735,-0.040977,,,,,,,,
b2gold,B2Gold,BTG,primary,BTO.TO,CAD,2025-06-26,2025-06-26,1,open_market,1,0,-0.044177,-0.085411,-0.046198,-0.065129,0.355422,0.274963,0.236314,-0.097129,0.315261,0.190905,-0.033067,-0.50819
b2gold,B2Gold,BTG,primary,BTO.TO,CAD,2025-09-26,2025-09-26,1,open_market,1,0,0.061224,0.03791,-0.027545,0.050954,-0.056851,-0.100005,-0.24486,-0.265061,-0.153061,-0.145506,-0.353644,-0.297382
b2gold,B2Gold,BTG,primary,BTO.TO,CAD,2025-12-16,2025-12-16,1,open_market,1,0,0.0304,0.010706,-0.038912,-0.091606,0.0608,0.075295,-0.102225,-0.022209,-0.0544,-0.147025,-0.030782,0.01543
b2gold,B2Gold,BTG,primary,BTO.TO,CAD,2025-12-18,2025-12-18,1,open_market,1,0,0.033926,0.011471,-0.023078,-0.076367,0.017771,0.040004,-0.098069,0.019157,0.033926,-0.075259,0.036284,0.022197
b2gold,B2Gold,BTG,primary,BTO.TO,CAD,2026-02-27,2026-02-27,1,open_market,1,0,-0.297136,-0.221479,-0.154397,-0.025182,-0.238663,-0.33868,-0.091935,0.019721,-0.047733,-0.164484,0.081322,0.047776
b2gold,B2Gold,BTG,primary,BTO.TO,CAD,2026-03-23,2026-03-23,2,open_market,1,0,0.189624,0.104437,0.112355,0.047132,0.080501,-0.058899,0.122378,0.071626,0.368515,0.206304,0.375618,0.153916
b2gold,B2Gold,BTG,primary,BTO.TO,CAD,2026-04-01,2026-04-01,1,open_market,1,0,-0.116244,-0.21607,-0.082806,-0.015069,-0.207154,-0.346843,-0.04855,-0.023533,0.113264,-0.055178,0.250101,0.122885
b2gold,B2Gold,BTG,primary,BTO.TO,CAD,2026-06-24,2026-06-24,1,open_market,1,0,-0.012704,-0.020464,-0.029047,-0.034512,0.424682,0.369939,0.331356,0.08338,,,,
b2gold,B2Gold,BTG,primary,BTO.TO,CAD,2026-06-26,2026-06-26,1,open_market,1,0,-0.030303,-0.043938,-0.025673,-0.02201,0.344029,0.291641,0.295692,0.109322,,,,
b2gold,B2Gold,BTG,primary,BTO.TO,CAD,2026-09-28,2026-09-28,2,open_market,1,0,,,,,,,,,,,,
barrick,Barrick Mining,B,primary,ABX.TO,CAD,2025-11-25,2025-11-25,6,open_market,1,1,0.124683,0.101928,0.040885,0.012307,0.2249,0.213982,-0.041359,-0.115999,0.018666,-0.085953,-0.070105,-0.02123
barrick,Barrick Mining,B,primary,ABX.TO,CAD,2025-12-03,2025-12-03,2,open_market,1,1,0.070961,0.072014,0.041494,0.04093,0.120156,0.125361,-0.089884,-0.149138,0.0361,-0.073055,-0.026917,-0.003383
barrick,Barrick Mining,B,primary,ABX.TO,CAD,2025-12-22,2025-12-22,1,open_market,1,1,0.081805,0.080973,-0.004837,-0.012047,-0.18737,-0.134423,-0.199986,-0.045985,-0.103971,-0.194373,-0.05226,-0.001229
barrick,Barrick Mining,B,primary,ABX.TO,CAD,2026-02-13,2026-02-13,1,open_market,1,1,-0.110686,-0.082142,-0.106838,-0.013148,-0.092927,-0.190353,-0.016385,-0.006659,-0.120178,-0.253276,0.004547,-0.028472
barrick,Barrick Mining,B,primary,ABX.TO,CAD,2026-02-20,2026-02-20,7,open_market,1,1,-0.223171,-0.163904,-0.105293,0.030272,-0.132927,-0.210223,-0.022752,0.062367,-0.04939,-0.164891,0.067506,0.018817
barrick,Barrick Mining,B,primary,ABX.TO,CAD,2026-02-21,2026-02-23,1,open_market,1,1,-0.202249,-0.164778,-0.067213,0.016588,-0.168368,-0.261057,-0.0282,0.057547,-0.030034,-0.152149,0.090312,0.013355
barrick,Barrick Mining,B,primary,ABX.TO,CAD,2026-03-05,2026-03-05,1,open_market,1,0,-0.064022,-0.026623,0.014754,0.019744,-0.06128,-0.168324,0.063706,0.112787,-0.034188,-0.152299,0.114655,0.018104
barrick,Barrick Mining,B,primary,ABX.TO,CAD,2026-04-02,2026-04-02,1,open_market,1,0,-0.091144,-0.189981,-0.076636,0.000286,-0.101482,-0.238606,0.035474,0.073671,0.007409,-0.157832,0.115743,-0.003075
barrick,Barrick Mining,B,primary,ABX.TO,CAD,2026-06-08,2026-06-08,1,open_market,1,0,-0.082274,-0.090634,-0.024832,-0.044892,0.124591,0.082696,0.100678,-0.162975,,,,
barrick,Barrick Mining,B,primary,ABX.TO,CAD,2026-08-24,2026-08-24,1,open_market,1,0,-0.101756,-0.107441,-0.022518,-0.024198,,,,,,,,
barrick,Barrick Mining,B,primary,ABX.TO,CAD,2026-08-25,2026-08-25,1,open_market,1,0,-0.114975,-0.116633,-0.029989,-0.012732,,,,,,,,
benton-resources,Benton Resources,BEX.V,primary,BEX.V,CAD,2025-04-28,2025-04-28,1,open_market,1,0,0.0,-0.066951,0.017019,-0.070623,0.0,-0.156576,0.005403,-0.13095,0.333333,0.10387,0.111862,-0.33826
benton-resources,Benton Resources,BEX.V,primary,BEX.V,CAD,2025-07-28,2025-07-28,1,open_market,1,0,-0.166667,-0.18188,-0.190569,-0.36678,0.333333,0.270046,0.097224,-0.174344,0.666667,0.584571,0.167043,-0.429812
benton-resources,Benton Resources,BEX.V,primary,BEX.V,CAD,2025-09-10,2025-09-10,1,open_market,1,0,0.5,0.498758,0.399004,0.356518,0.5,0.45273,0.344479,0.273599,0.333333,0.293377,-0.07611,-0.138147
benton-resources,Benton Resources,BEX.V,primary,BEX.V,CAD,2025-12-17,2025-12-17,1,open_market,1,0,0.111111,0.080935,0.056013,0.001768,-0.111111,-0.110203,-0.261328,-0.179223,0.0,-0.124263,0.006862,0.012056
benton-resources,Benton Resources,BEX.V,primary,BEX.V,CAD,2026-05-08,2026-05-08,2,placement_or_private,1,1,0.125,0.125095,0.211521,0.281201,0.125,0.083054,0.226667,0.201338,,,,
benton-resources,Benton Resources,BEX.V,primary,BEX.V,CAD,2026-05-25,2026-05-25,1,placement_or_private,1,1,0.142857,0.165972,0.258992,0.285547,0.285714,0.265557,0.263106,0.105105,,,,
benz-mining,Benz Mining,BZ.V,primary,BZ.V,CAD,2025-12-18,2025-12-18,1,placement_or_private,1,0,0.22963,0.207175,0.172626,0.119337,0.777778,0.800011,0.661939,0.779164,0.340741,0.231556,0.343099,0.329012
benz-mining,Benz Mining,BZ.V,primary,BZ.V,CAD,2025-12-22,2025-12-22,1,open_market,1,0,0.315436,0.314604,0.228794,0.221584,0.288591,0.341538,0.275975,0.429976,0.221477,0.131075,0.273188,0.324218
benz-mining,Benz Mining,BZ.V,primary,BZ.V,CAD,2026-02-03,2026-02-03,1,open_market,1,0,0.163265,0.175186,0.137203,0.117024,-0.216327,-0.25763,-0.129202,-0.071184,0.289796,0.206406,0.471948,0.515811
big-ridge-gold,Big Ridge Gold Corp.,BRAU.V,primary,BRAU.V,CAD,2025-08-13,2025-08-13,1,placement_or_private,1,0,0.1875,0.168086,0.102736,-0.067227,0.125,0.065905,-0.103518,-0.293057,1.3125,1.236425,0.802103,0.489544
big-ridge-gold,Big Ridge Gold Corp.,BRAU.V,primary,BRAU.V,CAD,2025-10-07,2025-10-07,1,open_market,1,0,0.052632,0.050853,0.05315,0.126858,0.473684,0.445887,0.357646,0.34957,1.210526,1.230388,1.038108,1.016118
big-ridge-gold,Big Ridge Gold Corp.,BRAU.V,primary,BRAU.V,CAD,2026-03-03,2026-03-03,1,open_market,1,1,0.076923,0.112935,0.159655,0.194947,0.128205,0.013246,0.249707,0.311446,0.564103,0.433254,0.690667,0.599631
big-ridge-gold,Big Ridge Gold Corp.,BRAU.V,primary,BRAU.V,CAD,2026-03-20,2026-03-20,1,open_market,1,1,0.793103,0.698172,0.714362,0.534529,0.172414,0.02105,0.235939,0.107518,0.655172,0.492538,0.707521,0.443721
black-stone-minerals,Black Stone Minerals,BSM,primary,BSM,USD,2025-05-21,2025-05-21,1,open_market,1,1,-0.020756,-0.040349,-0.034849,-0.086486,-0.116383,-0.21409,-0.114584,-0.28233,0.006672,-0.135404,-0.208586,-0.613994
black-stone-minerals,Black Stone Minerals,BSM,primary,BSM,USD,2025-08-07,2025-08-07,1,open_market,1,0,-0.02449,-0.048199,-0.081752,-0.239938,0.08898,0.017283,-0.08153,-0.23426,0.207347,0.11675,-0.243503,-0.577329
black-stone-minerals,Black Stone Minerals,BSM,primary,BSM,USD,2025-08-08,2025-08-08,1,open_market,1,0,-0.020492,-0.03628,-0.077991,-0.236679,0.077869,0.025874,-0.091497,-0.257132,0.227869,0.150952,-0.222283,-0.565531
black-stone-minerals,Black Stone Minerals,BSM,primary,BSM,USD,2025-08-11,2025-08-11,1,open_market,1,0,0.021559,-0.004058,-0.065007,-0.2329,0.103648,0.048531,-0.090032,-0.249038,0.243781,0.157764,-0.232349,-0.507402
black-stone-minerals,Black Stone Minerals,BSM,primary,BSM,USD,2025-08-12,2025-08-12,1,open_market,1,0,0.017799,-0.005447,-0.068132,-0.244561,0.092233,0.03194,-0.135197,-0.315695,0.213592,0.139015,-0.263879,-0.524726
black-stone-minerals,Black Stone Minerals,BSM,primary,BSM,USD,2025-08-19,2025-08-19,1,open_market,1,0,0.087248,0.05216,-0.012172,-0.135974,0.139262,0.098843,-0.078185,-0.259103,0.275168,0.209617,-0.240278,-0.587283
black-stone-minerals,Black Stone Minerals,BSM,primary,BSM,USD,2025-08-20,2025-08-20,1,open_market,1,0,0.074689,0.034586,-0.025259,-0.185591,0.1361,0.10167,-0.077904,-0.251586,0.261411,0.193021,-0.238849,-0.560651
black-stone-minerals,Black Stone Minerals,BSM,primary,BSM,USD,2025-09-08,2025-09-08,1,open_market,1,0,0.121644,0.084223,0.009704,-0.092559,0.235738,0.178928,0.081566,-0.002382,0.274329,0.238033,-0.139894,-0.23595
black-stone-minerals,Black Stone Minerals,BSM,primary,BSM,USD,2025-09-09,2025-09-09,1,open_market,1,0,0.085809,0.053779,-0.008097,-0.079464,0.192244,0.141039,0.038499,-0.026873,0.2533,0.219394,-0.16414,-0.251367
black-stone-minerals,Black Stone Minerals,BSM,primary,BSM,USD,2025-09-10,2025-09-10,1,open_market,1,0,0.030032,0.028791,-0.070964,-0.11345,0.185877,0.138607,0.030356,-0.040525,0.241071,0.201115,-0.168372,-0.230409
black-stone-minerals,Black Stone Minerals,BSM,primary,BSM,USD,2025-09-11,2025-09-11,1,open_market,1,0,0.008744,0.015754,-0.093897,-0.117614,0.160572,0.115045,-0.001604,-0.057155,0.201908,0.17218,-0.225563,-0.270026
black-stone-minerals,Black Stone Minerals,BSM,primary,BSM,USD,2025-09-12,2025-09-12,1,open_market,1,0,0.012769,0.019447,-0.087702,-0.119479,0.157223,0.108912,-0.015158,-0.100571,0.223464,0.194684,-0.196368,-0.218784
black-stone-minerals,Black Stone Minerals,BSM,primary,BSM,USD,2026-05-08,2026-05-08,1,open_market,1,0,0.044361,0.044456,0.130881,0.200562,0.066165,0.02422,0.167832,0.142504,,,,
black-stone-minerals,Black Stone Minerals,BSM,primary,BSM,USD,2026-05-11,2026-05-11,1,open_market,1,0,0.03139,0.050151,0.169593,0.260929,0.053812,0.007876,0.137051,0.084855,,,,
black-stone-minerals,Black Stone Minerals,BSM,primary,BSM,USD,2026-05-12,2026-05-12,1,open_market,1,0,0.022189,0.022758,0.129851,0.21125,0.063609,0.016399,0.133806,0.095544,,,,
black-stone-minerals,Black Stone Minerals,BSM,primary,BSM,USD,2026-05-13,2026-05-13,1,open_market,1,0,0.030996,0.031751,0.13311,0.188051,0.046494,0.008438,0.115112,0.073469,,,,
black-stone-minerals,Black Stone Minerals,BSM,primary,BSM,USD,2026-05-28,2026-05-28,1,open_market,1,0,0.059354,0.093292,0.154177,0.153934,0.111946,0.096733,0.091232,-0.105274,,,,
black-stone-minerals,Black Stone Minerals,BSM,primary,BSM,USD,2026-05-29,2026-05-29,1,open_market,1,0,0.039823,0.076162,0.144086,0.162736,0.101032,0.081706,0.087895,-0.08684,,,,
black-stone-minerals,Black Stone Minerals,BSM,primary,BSM,USD,2026-06-01,2026-06-01,1,open_market,1,0,0.001464,0.018312,0.100331,0.112403,0.079795,0.065544,0.085558,-0.09846,,,,
blue-lagoon-resources,Blue Lagoon Resources,BLLG.CN,primary,BLLG.CN,CAD,2025-07-29,2025-07-29,1,open_market,1,0,0.214286,0.192783,0.185616,0.029773,0.285714,0.207038,0.087314,-0.141032,0.75,0.665043,0.25449,-0.330019
blue-lagoon-resources,Blue Lagoon Resources,BLLG.CN,primary,BLLG.CN,CAD,2026-09-24,2026-09-24,1,placement_or_private,1,0,,,,,,,,,,,,
bonterra-resources,Bonterra Resources,BTR.V,primary,BTR.V,CAD,2025-07-31,2025-07-31,2,open_market,1,0,0.111111,0.090592,0.061237,-0.148861,0.111111,0.023606,-0.087067,-0.369725,0.055556,-0.044764,-0.515939,-1.13565
bonterra-resources,Bonterra Resources,BTR.V,primary,BTR.V,CAD,2025-08-01,2025-08-01,1,open_market,1,0,0.052632,0.015107,0.023645,-0.190194,0.052632,-0.040835,-0.144774,-0.445127,0.0,-0.118542,-0.599948,-1.216196
bonterra-resources,Bonterra Resources,BTR.V,primary,BTR.V,CAD,2025-08-05,2025-08-05,1,open_market,1,0,0.052632,0.018952,0.002722,-0.164121,0.0,-0.088173,-0.185178,-0.378113,-0.105263,-0.207179,-0.535235,-0.862753
bonterra-resources,Bonterra Resources,BTR.V,primary,BTR.V,CAD,2025-08-06,2025-08-06,1,open_market,1,0,0.052632,0.02978,-0.013552,-0.1676,-0.052632,-0.119732,-0.219524,-0.341545,-0.052632,-0.151608,-0.428252,-0.768737
bonterra-resources,Bonterra Resources,BTR.V,primary,BTR.V,CAD,2025-08-11,2025-08-11,1,open_market,1,0,0.105263,0.079647,0.018697,-0.149195,0.0,-0.055117,-0.19368,-0.352686,0.0,-0.086017,-0.47613,-0.751183
bonterra-resources,Bonterra Resources,BTR.V,primary,BTR.V,CAD,2025-08-28,2025-08-28,1,open_market,1,0,-0.05,-0.069879,-0.150657,-0.303224,-0.15,-0.197402,-0.366138,-0.560536,-0.05,-0.109221,-0.556555,-0.893417
bonterra-resources,Bonterra Resources,BTR.V,primary,BTR.V,CAD,2025-08-29,2025-08-29,1,open_market,1,0,-0.05,-0.075998,-0.140137,-0.266471,-0.15,-0.203686,-0.354515,-0.518214,-0.05,-0.124568,-0.538414,-0.849361
bonterra-resources,Bonterra Resources,BTR.V,primary,BTR.V,CAD,2025-09-10,2025-09-10,1,open_market,1,0,0.0,-0.001242,-0.100996,-0.143482,-0.238095,-0.285365,-0.393616,-0.464497,-0.142857,-0.182814,-0.552301,-0.614338
bonterra-resources,Bonterra Resources,BTR.V,primary,BTR.V,CAD,2025-09-18,2025-09-18,1,open_market,1,0,0.1,0.096784,-0.059019,-0.10179,-0.05,-0.063801,-0.239709,-0.326226,-0.1,-0.11288,-0.468423,-0.466021
bonterra-resources,Bonterra Resources,BTR.V,primary,BTR.V,CAD,2025-09-26,2025-09-26,1,open_market,1,0,0.052632,0.029317,-0.036138,0.042361,0.0,-0.043154,-0.188008,-0.20821,-0.105263,-0.097708,-0.305846,-0.249584
bonterra-resources,Bonterra Resources,BTR.V,primary,BTR.V,CAD,2025-10-17,2025-10-17,1,open_market,1,0,-0.136364,-0.147712,-0.102867,-0.10742,-0.090909,-0.132827,-0.179189,-0.285645,-0.181818,-0.235326,-0.314135,-0.376447
bonterra-resources,Bonterra Resources,BTR.V,primary,BTR.V,CAD,2025-11-24,2025-11-24,1,open_market,1,0,0.117647,0.085272,0.034191,-0.005508,0.117647,0.086693,-0.114915,-0.191603,0.0,-0.115009,-0.088427,-0.050189
bonterra-resources,Bonterra Resources,BTR.V,primary,BTR.V,CAD,2025-12-01,2025-12-01,1,open_market,1,0,0.176471,0.174045,0.159639,0.159448,0.176471,0.168062,-0.06471,-0.176428,0.0,-0.112029,-0.070225,-0.039649
bonterra-resources,Bonterra Resources,BTR.V,primary,BTR.V,CAD,2025-12-04,2025-12-04,1,open_market,1,0,0.117647,0.11943,0.088845,0.090789,0.117647,0.116566,-0.101065,-0.156911,0.058824,-0.051026,-0.005289,0.020144
borealis-mining,Borealis Mining,BOGO.V,primary,BOGO.V,CAD,2025-09-23,2025-09-23,2,open_market,1,0,0.366972,0.354081,0.273657,0.339452,0.541284,0.508685,0.362995,0.310261,0.110092,0.132166,-0.083062,0.045629
borealis-mining,Borealis Mining,BOGO.V,primary,BOGO.V,CAD,2026-04-22,2026-04-22,1,open_market,1,0,-0.058333,-0.106744,-0.009075,0.034518,-0.341667,-0.393789,-0.202784,-0.162344,,,,
brunswick-exploration,Brunswick Exploration,BRW.V,primary,BRW.V,CAD,2025-06-11,2025-06-11,1,placement_or_private,1,0,0.083333,0.046317,0.080836,0.081734,0.083333,0.001901,2.4e-05,-0.254308,0.25,0.113193,0.000138,-0.37261
brunswick-exploration,Brunswick Exploration,BRW.V,primary,BRW.V,CAD,2025-12-24,2025-12-24,1,placement_or_private,1,0,0.631579,0.633245,0.51974,0.47038,0.0,0.053883,0.018935,0.087692,-0.157895,-0.236127,-0.091524,-0.06701
brunswick-exploration,Brunswick Exploration,BRW.V,primary,BRW.V,CAD,2025-12-28,2025-12-29,1,placement_or_private,1,0,0.45,0.438995,0.209257,0.181996,-0.15,-0.071843,-0.190391,-0.120897,-0.25,-0.30981,-0.187356,-0.147126
brunswick-exploration,Brunswick Exploration,BRW.V,primary,BRW.V,CAD,2025-12-29,2025-12-29,1,placement_or_private,1,0,0.45,0.438995,0.209257,0.181996,-0.15,-0.071843,-0.190391,-0.120897,-0.25,-0.30981,-0.187356,-0.147126
brunswick-exploration,Brunswick Exploration,BRW.V,primary,BRW.V,CAD,2026-03-17,2026-03-17,1,placement_or_private,1,0,0.05,0.00398,0.091784,0.010843,-0.05,-0.175285,0.086565,0.025565,-0.25,-0.389388,-0.118269,-0.322189
brunswick-exploration,Brunswick Exploration,BRW.V,primary,BRW.V,CAD,2026-05-28,2026-05-28,1,open_market,1,0,-0.285714,-0.251776,-0.190892,-0.191134,-0.238095,-0.253309,-0.258809,-0.455315,,,,
brunswick-exploration,Brunswick Exploration,BRW.V,primary,BRW.V,CAD,2026-06-15,2026-06-15,1,open_market,1,0,-0.210526,-0.2105,-0.1495,-0.090809,-0.210526,-0.223059,-0.216125,-0.365991,,,,
brunswick-exploration,Brunswick Exploration,BRW.V,primary,BRW.V,CAD,2026-06-17,2026-06-17,1,open_market,1,0,-0.222222,-0.225367,-0.170266,-0.066795,-0.166667,-0.188841,-0.180949,-0.283921,,,,
brunswick-exploration,Brunswick Exploration,BRW.V,primary,BRW.V,CAD,2026-07-20,2026-07-20,1,open_market,1,0,0.230769,0.194426,0.10498,-0.133344,,,,,,,,
brunswick-exploration,Brunswick Exploration,BRW.V,primary,BRW.V,CAD,2026-07-30,2026-07-30,1,open_market,1,0,0.333333,0.29604,0.249205,0.01517,,,,,,,,
btu-metals,BTU Metals,BTU.V,primary,BTU.V,CAD,2026-01-24,2026-01-26,1,open_market,1,0,0.142857,0.142251,0.124092,0.095833,-0.285714,-0.316332,-0.218036,-0.147874,-0.285714,-0.352407,-0.086016,-0.012186
btu-metals,BTU Metals,BTU.V,primary,BTU.V,CAD,2026-03-24,2026-03-24,1,placement_or_private,1,0,-0.166667,-0.251283,-0.233254,-0.267321,-0.166667,-0.306307,-0.118316,-0.162942,-0.333333,-0.499459,-0.326009,-0.531947
caledonia-mining,Caledonia Mining,CMCL,primary,CMCL.L,GBP,2026-05-13,2026-05-13,1,open_market,1,0,-0.168975,-0.168221,-0.066861,-0.01192,-0.085873,-0.123929,-0.017255,-0.058898,,,,
caledonia-mining,Caledonia Mining,CMCL,primary,CMCL.L,GBP,2026-06-11,2026-06-11,1,open_market,1,0,-0.024561,-0.047862,-0.000462,-0.025292,0.336842,0.303444,0.292759,0.029795,,,,
caledonia-mining,Caledonia Mining,CMCL,primary,CMCL.L,GBP,2026-08-17,2026-08-17,1,open_market,1,0,0.055714,0.079813,0.089624,0.044886,,,,,,,,
cambria-gold-mines,Cambria Gold Mines,CAMB.V,primary,CAMB.V,CAD,2026-04-01,2026-04-01,1,open_market,1,0,-0.033333,-0.133159,0.000105,0.067842,-0.393333,-0.533023,-0.234729,-0.209713,-0.466667,-0.635109,-0.32983,-0.457045
cambria-gold-mines,Cambria Gold Mines,CAMB.V,primary,CAMB.V,CAD,2026-07-07,2026-07-07,1,open_market,1,0,-0.053763,-0.081649,-0.086029,-0.14863,-0.182796,-0.219066,-0.188253,-0.354116,,,,
canada-nickel,Canada Nickel,CNC.V,primary,CNC.V,CAD,2025-06-26,2025-06-26,3,placement_or_private,1,1,-0.067416,-0.10865,-0.069437,-0.088368,0.05618,-0.024278,-0.062928,-0.396371,0.460674,0.336318,0.112346,-0.362777
canada-nickel,Canada Nickel,CNC.V,primary,CNC.V,CAD,2025-07-07,2025-07-07,1,placement_or_private,1,1,-0.102273,-0.121767,-0.112456,-0.168289,0.159091,0.080902,-0.004458,-0.369177,0.704545,0.603866,0.408778,0.026754
canadian-critical-minerals,Canadian Critical Minerals,CCMI.V,primary,CCMI.V,CAD,2025-05-02,2025-05-02,1,open_market,1,0,0.333333,0.293405,0.314473,0.219764,0.0,-0.115252,-0.016713,-0.133102,0.333333,0.120492,0.115131,-0.342895
canadian-critical-minerals,Canadian Critical Minerals,CCMI.V,primary,CCMI.V,CAD,2025-05-05,2025-05-05,2,open_market,1,0,0.333333,0.275801,0.320234,0.191614,0.0,-0.103299,-0.007267,-0.114521,0.333333,0.122956,0.133777,-0.315026
canadian-critical-minerals,Canadian Critical Minerals,CCMI.V,primary,CCMI.V,CAD,2025-05-08,2025-05-08,1,open_market,1,0,0.0,-0.060312,-0.001805,-0.09894,0.0,-0.119846,-0.019269,-0.184117,0.333333,0.138345,0.143956,-0.186428
canadian-critical-minerals,Canadian Critical Minerals,CCMI.V,primary,CCMI.V,CAD,2025-05-27,2025-05-27,1,open_market,1,0,0.0,-0.03505,-0.007488,-0.043954,0.333333,0.246519,0.315829,0.102179,0.333333,0.218506,0.104204,-0.23853
canadian-critical-minerals,Canadian Critical Minerals,CCMI.V,primary,CCMI.V,CAD,2025-06-23,2025-06-23,1,open_market,1,0,0.0,-0.056752,-0.003536,-0.011114,0.0,-0.10589,-0.09033,-0.391084,0.333333,0.1993,0.050641,-0.389671
canadian-critical-minerals,Canadian Critical Minerals,CCMI.V,primary,CCMI.V,CAD,2025-07-23,2025-07-23,1,open_market,1,0,0.333333,0.315831,0.338459,0.200424,0.666667,0.6082,0.458261,0.224147,0.333333,0.242748,-0.016177,-0.575112
canadian-critical-minerals,Canadian Critical Minerals,CCMI.V,primary,CCMI.V,CAD,2025-08-05,2025-08-05,1,open_market,1,0,0.333333,0.299653,0.283423,0.116581,0.333333,0.24516,0.148155,-0.04478,0.333333,0.231418,-0.096638,-0.424156
canadian-critical-minerals,Canadian Critical Minerals,CCMI.V,primary,CCMI.V,CAD,2025-10-16,2025-10-16,1,open_market,1,0,-0.2,-0.217089,-0.148316,-0.104583,-0.2,-0.244987,-0.274385,-0.321714,-0.2,-0.251193,-0.322689,-0.344416
canadian-critical-minerals,Canadian Critical Minerals,CCMI.V,primary,CCMI.V,CAD,2025-10-22,2025-10-22,1,open_market,1,0,0.0,0.013133,0.007978,-0.008472,0.0,-0.014645,-0.158901,-0.361234,0.0,-0.061276,-0.171782,-0.303596
canadian-critical-minerals,Canadian Critical Minerals,CCMI.V,primary,CCMI.V,CAD,2025-12-11,2025-12-11,1,placement_or_private,1,0,0.333333,0.326223,0.279346,0.275542,0.333333,0.351964,0.122266,0.186869,0.333333,0.263858,0.339589,0.447102
canadian-critical-minerals,Canadian Critical Minerals,CCMI.V,primary,CCMI.V,CAD,2025-12-15,2025-12-15,1,placement_or_private,1,0,0.0,-0.014147,-0.07615,-0.130941,0.0,0.027089,-0.164325,-0.069699,0.0,-0.089639,0.023396,0.072312
canadian-critical-minerals,Canadian Critical Minerals,CCMI.V,primary,CCMI.V,CAD,2025-12-16,2025-12-16,1,placement_or_private,1,0,0.333333,0.313639,0.264021,0.211327,0.333333,0.347828,0.170308,0.250324,0.333333,0.240709,0.356951,0.403163
canadian-critical-minerals,Canadian Critical Minerals,CCMI.V,primary,CCMI.V,CAD,2025-12-24,2025-12-24,1,open_market,1,0,0.0,0.001666,-0.111839,-0.161199,0.0,0.053883,0.018935,0.087692,-0.25,-0.328232,-0.18363,-0.159115
canadian-critical-minerals,Canadian Critical Minerals,CCMI.V,primary,CCMI.V,CAD,2025-12-30,2025-12-30,1,placement_or_private,1,0,0.333333,0.323101,0.090133,0.134405,0.333333,0.413449,0.293999,0.37023,0.0,-0.061105,0.063326,0.113557
canadian-critical-minerals,Canadian Critical Minerals,CCMI.V,primary,CCMI.V,CAD,2026-01-05,2026-01-05,1,open_market,1,0,0.0,0.002225,-0.110603,-0.103819,-0.25,-0.203629,-0.300519,-0.305557,-0.25,-0.33297,-0.175066,-0.193679
canadian-critical-minerals,Canadian Critical Minerals,CCMI.V,primary,CCMI.V,CAD,2026-02-10,2026-02-10,1,open_market,1,0,0.0,0.037652,-0.009689,0.041313,-0.25,-0.318167,-0.189987,-0.183975,-0.25,-0.367234,-0.111743,-0.15264
canadian-critical-minerals,Canadian Critical Minerals,CCMI.V,primary,CCMI.V,CAD,2026-05-15,2026-05-15,1,open_market,1,0,0.0,-0.00349,0.07369,0.077159,-0.25,-0.30237,-0.206074,-0.300812,,,,
canadian-critical-minerals,Canadian Critical Minerals,CCMI.V,primary,CCMI.V,CAD,2026-05-26,2026-05-26,1,open_market,1,0,-0.25,-0.228297,-0.142415,-0.120113,0.0,-0.01716,-0.030652,-0.200324,,,,
canadian-critical-minerals,Canadian Critical Minerals,CCMI.V,primary,CCMI.V,CAD,2026-05-28,2026-05-28,1,open_market,1,0,-0.25,-0.216061,-0.155177,-0.15542,0.0,-0.015213,-0.020714,-0.21722,,,,
canadian-critical-minerals,Canadian Critical Minerals,CCMI.V,primary,CCMI.V,CAD,2026-06-03,2026-06-03,1,open_market,1,0,-0.25,-0.237458,-0.177085,-0.239451,-0.25,-0.259997,-0.222736,-0.393265,,,,
canadian-critical-minerals,Canadian Critical Minerals,CCMI.V,primary,CCMI.V,CAD,2026-06-08,2026-06-08,1,open_market,1,0,-0.25,-0.25836,-0.192558,-0.212618,0.0,-0.041896,-0.023913,-0.287566,,,,
canadian-critical-minerals,Canadian Critical Minerals,CCMI.V,primary,CCMI.V,CAD,2026-06-21,2026-06-22,1,open_market,1,0,0.0,-0.004057,0.014223,0.045204,0.0,-0.023241,-0.043111,-0.199081,,,,
canadian-critical-minerals,Canadian Critical Minerals,CCMI.V,primary,CCMI.V,CAD,2026-06-24,2026-06-24,1,open_market,1,0,0.0,-0.00776,-0.016342,-0.021807,0.0,-0.054743,-0.093326,-0.341302,,,,
canadian-critical-minerals,Canadian Critical Minerals,CCMI.V,primary,CCMI.V,CAD,2026-07-17,2026-07-17,1,open_market,1,0,0.0,-0.044464,-0.089764,-0.276737,,,,,,,,
canadian-critical-minerals,Canadian Critical Minerals,CCMI.V,primary,CCMI.V,CAD,2026-08-14,2026-08-14,1,open_market,1,0,0.333333,0.348855,0.340083,0.259547,,,,,,,,
canadian-critical-minerals,Canadian Critical Minerals,CCMI.V,primary,CCMI.V,CAD,2026-08-17,2026-08-17,1,open_market,1,0,0.0,0.024098,0.03391,-0.010828,,,,,,,,
canadian-critical-minerals,Canadian Critical Minerals,CCMI.V,primary,CCMI.V,CAD,2026-09-21,2026-09-21,1,open_market,1,0,,,,,,,,,,,,
canagold,Canagold,CCM.TO,primary,CCM.TO,CAD,2025-08-27,2025-08-27,1,placement_or_private,1,0,-0.020833,-0.044324,-0.129656,-0.265784,-0.104167,-0.148071,-0.319606,-0.449342,0.1875,0.132198,-0.351562,-0.622479
canagold,Canagold,CCM.TO,primary,CCM.TO,CAD,2026-01-23,2026-01-23,1,open_market,1,0,-0.136364,-0.136654,-0.159551,-0.138199,-0.363636,-0.391523,-0.304772,-0.228548,-0.212121,-0.296534,-0.039894,0.041524
canasil-resources,Canasil Resources,CLZ.V,primary,CLZ.V,CAD,2026-01-23,2026-01-23,1,placement_or_private,1,0,0.166667,0.166376,0.143479,0.164831,-0.166667,-0.194553,-0.107802,-0.031579,-0.166667,-0.25108,0.00556,0.086979
canasil-resources,Canasil Resources,CLZ.V,primary,CLZ.V,CAD,2026-01-24,2026-01-26,1,placement_or_private,1,0,0.0,-0.000606,-0.018765,-0.047024,-0.166667,-0.197285,-0.098989,-0.028826,-0.333333,-0.400026,-0.133635,-0.059805
canex-metals,CANEX Metals,CANX.V,primary,CANX.V,CAD,2025-06-26,2025-06-26,2,placement_or_private,1,0,0.142857,0.101623,0.140836,0.121905,1.285714,1.205256,1.166606,0.833164,2.142857,2.018501,1.794529,1.319406
canex-metals,CANEX Metals,CANX.V,primary,CANX.V,CAD,2025-06-30,2025-06-30,1,placement_or_private,1,0,0.0,-0.026884,0.012696,0.005386,1.285714,1.214548,1.148228,0.766942,1.857143,1.739865,1.49002,1.029611
canex-metals,CANEX Metals,CANX.V,primary,CANX.V,CAD,2025-12-23,2025-12-23,2,mixed,1,0,0.227273,0.22579,0.135043,0.094248,0.090909,0.138266,0.114118,0.198849,0.272727,0.187286,0.336841,0.37415
canterra-minerals,Canterra Minerals Corp.,CTM.V,primary,CTM.V,CAD,2025-11-20,2025-11-20,1,placement_or_private,1,0,-0.05,-0.093002,-0.114479,-0.223235,-0.05,-0.101737,-0.272569,-0.391685,0.0,-0.124439,-0.097772,-0.107974
canterra-minerals,Canterra Minerals Corp.,CTM.V,primary,CTM.V,CAD,2026-06-09,2026-06-09,1,open_market,1,0,0.230769,0.210879,0.263012,0.226994,0.076923,0.03196,0.036005,-0.227298,,,,
canterra-minerals,Canterra Minerals Corp.,CTM.V,primary,CTM.V,CAD,2026-06-10,2026-06-10,1,open_market,1,0,0.333333,0.29264,0.326846,0.276377,0.166667,0.110796,0.099551,-0.19534,,,,
canterra-minerals,Canterra Minerals Corp.,CTM.V,primary,CTM.V,CAD,2026-09-15,2026-09-15,1,open_market,1,0,,,,,,,,,,,,
cardinal-energy,Cardinal Energy,CJ.TO,primary,CJ.TO,CAD,2025-04-23,2025-04-23,1,open_market,1,0,0.018062,-0.063537,-0.002027,-0.04743,0.165846,-0.008672,0.124844,0.006342,0.246305,-0.007477,-0.081374,-0.604456
cardinal-energy,Cardinal Energy,CJ.TO,primary,CJ.TO,CAD,2025-05-12,2025-05-12,1,open_market,1,0,0.109635,0.078125,0.075495,-0.016986,0.17608,0.083128,0.126246,-0.05154,0.383721,0.232809,0.148569,-0.263516
cardinal-energy,Cardinal Energy,CJ.TO,primary,CJ.TO,CAD,2025-05-16,2025-05-16,1,open_market,1,0,0.126623,0.121911,0.051685,-0.059291,0.157468,0.072059,0.113252,-0.104515,0.425325,0.275241,0.113504,-0.408066
cardinal-energy,Cardinal Energy,CJ.TO,primary,CJ.TO,CAD,2025-05-26,2025-05-26,1,open_market,1,0,0.063391,0.036376,0.054787,0.026569,0.174326,0.082708,0.154359,-0.044422,0.434231,0.319404,0.205102,-0.132717
cardinal-energy,Cardinal Energy,CJ.TO,primary,CJ.TO,CAD,2025-06-02,2025-06-02,1,open_market,1,0,0.083736,0.036934,0.091501,0.097163,0.173913,0.085607,0.153379,-0.036333,0.449275,0.296283,0.204754,-0.226813
cardinal-energy,Cardinal Energy,CJ.TO,primary,CJ.TO,CAD,2025-08-05,2025-08-05,1,open_market,1,0,0.054054,0.020374,0.004144,-0.162698,0.14367,0.055497,-0.041508,-0.234443,0.261735,0.15982,-0.168236,-0.495754
cardinal-energy,Cardinal Energy,CJ.TO,primary,CJ.TO,CAD,2025-08-22,2025-08-22,1,open_market,1,0,0.036437,0.007939,-0.055649,-0.175023,0.232119,0.22093,0.025183,-0.053225,0.323887,0.260382,-0.151675,-0.40513
cardinal-energy,Cardinal Energy,CJ.TO,primary,CJ.TO,CAD,2025-08-28,2025-08-28,2,open_market,1,0,0.079408,0.059529,-0.021249,-0.173816,0.20323,0.155828,-0.012908,-0.207306,0.33109,0.271869,-0.175465,-0.512327
cardinal-energy,Cardinal Energy,CJ.TO,primary,CJ.TO,CAD,2025-08-29,2025-08-29,2,open_market,1,0,0.100137,0.074139,0.01,-0.116334,0.231824,0.178139,0.02731,-0.136389,0.329218,0.25465,-0.159196,-0.470143
cardinal-energy,Cardinal Energy,CJ.TO,primary,CJ.TO,CAD,2025-09-03,2025-09-03,2,open_market,1,0,0.084022,0.044456,-0.005879,-0.116379,0.221763,0.163059,0.041657,-0.066523,0.363636,0.297398,-0.129629,-0.410405
cardinal-energy,Cardinal Energy,CJ.TO,primary,CJ.TO,CAD,2025-09-09,2025-09-09,1,open_market,1,0,0.111262,0.079232,0.017357,-0.05401,0.226594,0.17539,0.072849,0.007477,0.374491,0.340585,-0.042949,-0.130176
cardinal-energy,Cardinal Energy,CJ.TO,primary,CJ.TO,CAD,2025-11-13,2025-11-13,1,open_market,1,0,0.036173,0.021709,0.003342,-0.05294,0.128355,0.098714,-0.093026,-0.190886,0.459743,0.361327,0.328994,0.255493
cardinal-energy,Cardinal Energy,CJ.TO,primary,CJ.TO,CAD,2026-02-04,2026-02-04,11,placement_or_private,1,0,0.075372,0.095497,0.032329,0.035943,0.339703,0.284937,0.418342,0.487587,0.221868,0.117699,0.40307,0.445111
cardinal-energy,Cardinal Energy,CJ.TO,primary,CJ.TO,CAD,2026-02-06,2026-02-06,1,placement_or_private,1,0,0.08111,0.107521,0.04148,0.025155,0.29349,0.234181,0.345701,0.348455,0.145144,0.030508,0.289657,0.257638
cardinal-energy,Cardinal Energy,CJ.TO,primary,CJ.TO,CAD,2026-02-12,2026-02-12,1,open_market,1,0,0.109914,0.137774,0.088978,0.155517,0.335129,0.245532,0.381409,0.355159,0.233836,0.102772,0.345558,0.282925
cardinal-energy,Cardinal Energy,CJ.TO,primary,CJ.TO,CAD,2026-02-13,2026-02-13,1,open_market,1,0,0.095745,0.124289,0.099592,0.193283,0.323404,0.225979,0.399947,0.409672,0.21383,0.080731,0.338554,0.305535
cardinal-energy,Cardinal Energy,CJ.TO,primary,CJ.TO,CAD,2026-02-20,2026-02-20,1,open_market,1,0,0.106855,0.166121,0.224733,0.360298,0.273185,0.19589,0.38336,0.468479,0.1875,0.071999,0.304396,0.255707
cardinal-energy,Cardinal Energy,CJ.TO,primary,CJ.TO,CAD,2026-05-25,2026-05-25,1,open_market,1,0,-0.122618,-0.099503,-0.006483,0.020072,-0.001657,-0.021814,-0.024266,-0.182266,,,,
cardinal-energy,Cardinal Energy,CJ.TO,primary,CJ.TO,CAD,2026-07-31,2026-07-31,1,placement_or_private,1,0,0.035621,0.005743,-0.064906,-0.323766,,,,,,,,
cardinal-energy,Cardinal Energy,CJ.TO,primary,CJ.TO,CAD,2026-08-18,2026-08-18,1,open_market,1,0,0.070026,0.076345,0.070502,-0.00321,,,,,,,,
cartier-resources,Cartier Resources,ECR.V,primary,ECR.V,CAD,2025-08-25,2025-08-25,1,open_market,1,0,0.1875,0.158503,0.079408,-0.04006,0.4375,0.411724,0.229515,0.155498,0.8125,0.739407,0.299993,0.029418
cartier-resources,Cartier Resources,ECR.V,primary,ECR.V,CAD,2025-08-27,2025-08-27,1,open_market,1,0,0.1875,0.164009,0.078677,-0.057451,0.3125,0.268595,0.097061,-0.032675,0.8125,0.757198,0.273438,0.002521
cartier-resources,Cartier Resources,ECR.V,primary,ECR.V,CAD,2025-09-02,2025-09-02,1,open_market,1,0,0.25,0.204785,0.160317,0.038958,0.4375,0.375026,0.240442,0.107126,0.8125,0.741093,0.326736,0.006847
cartier-resources,Cartier Resources,ECR.V,primary,ECR.V,CAD,2025-09-03,2025-09-03,1,open_market,1,0,0.375,0.335434,0.285099,0.174599,0.4375,0.378796,0.257394,0.149214,0.6875,0.621262,0.194235,-0.086541
cartier-resources,Cartier Resources,ECR.V,primary,ECR.V,CAD,2025-09-23,2025-09-23,1,open_market,1,0,0.105263,0.092371,0.011948,0.077743,0.157895,0.125296,-0.020394,-0.073128,0.105263,0.127338,-0.08789,0.0408
cartier-resources,Cartier Resources,ECR.V,primary,ECR.V,CAD,2025-10-07,2025-10-07,1,open_market,1,0,0.0,-0.001778,0.000519,0.074226,0.238095,0.210298,0.122057,0.113981,0.142857,0.162719,-0.029561,-0.051551
cartier-resources,Cartier Resources,ECR.V,primary,ECR.V,CAD,2026-01-22,2026-01-22,1,open_market,1,0,0.0,-0.000653,-0.037252,-0.014937,-0.172414,-0.204679,-0.135826,-0.070668,-0.103448,-0.189518,0.066941,0.160294
cartier-resources,Cartier Resources,ECR.V,primary,ECR.V,CAD,2026-04-23,2026-04-23,1,open_market,1,0,0.041667,-0.010828,0.081617,0.113405,0.166667,0.111673,0.28712,0.302566,,,,
cartier-resources,Cartier Resources,ECR.V,primary,ECR.V,CAD,2026-04-27,2026-04-27,1,open_market,1,0,0.04,-0.009345,0.08978,0.099475,0.12,0.086777,0.254895,0.263686,,,,
cartier-resources,Cartier Resources,ECR.V,primary,ECR.V,CAD,2026-05-01,2026-05-01,1,open_market,1,0,0.12,0.070281,0.13432,0.072875,0.04,0.010804,0.148748,0.12074,,,,
cartier-resources,Cartier Resources,ECR.V,primary,ECR.V,CAD,2026-05-05,2026-05-05,1,open_market,1,0,0.166667,0.12063,0.183402,0.143325,0.083333,0.036495,0.194649,0.172898,,,,
cartier-resources,Cartier Resources,ECR.V,primary,ECR.V,CAD,2026-05-26,2026-05-26,1,open_market,1,0,-0.076923,-0.05522,0.030661,0.052964,0.230769,0.213609,0.200117,0.030445,,,,
cartier-resources,Cartier Resources,ECR.V,primary,ECR.V,CAD,2026-06-09,2026-06-09,1,open_market,1,0,0.083333,0.063443,0.115577,0.079558,0.291667,0.246704,0.250749,-0.012554,,,,
cartier-resources,Cartier Resources,ECR.V,primary,ECR.V,CAD,2026-06-10,2026-06-10,1,open_market,1,0,0.086957,0.046263,0.080469,0.03,0.391304,0.335434,0.324189,0.029298,,,,
cartier-resources,Cartier Resources,ECR.V,primary,ECR.V,CAD,2026-06-15,2026-06-15,1,open_market,1,0,0.0,2.6e-05,0.061026,0.119718,0.28,0.267467,0.274402,0.124535,,,,
cartier-resources,Cartier Resources,ECR.V,primary,ECR.V,CAD,2026-06-17,2026-06-17,2,open_market,1,0,0.0,-0.003145,0.051956,0.155428,0.24,0.217826,0.225718,0.122745,,,,
cartier-resources,Cartier Resources,ECR.V,primary,ECR.V,CAD,2026-07-08,2026-07-08,1,open_market,1,0,0.08,0.042624,0.015853,-0.133534,0.08,0.034803,0.059116,-0.147886,,,,
cartier-resources,Cartier Resources,ECR.V,primary,ECR.V,CAD,2026-07-27,2026-07-27,1,open_market,1,0,0.148148,0.11163,0.023519,-0.201909,,,,,,,,
cartier-resources,Cartier Resources,ECR.V,primary,ECR.V,CAD,2026-08-31,2026-08-31,1,open_market,1,0,-0.071429,-0.065666,-0.0039,-0.000317,,,,,,,,
cascadia-minerals,Cascadia Minerals,CAM.V,primary,CAM.V,CAD,2025-09-12,2025-09-12,2,open_market,1,0,0.5,0.506678,0.399529,0.367751,0.666667,0.618356,0.494286,0.408873,1.333333,1.304554,0.913501,0.891085
cascadia-minerals,Cascadia Minerals,CAM.V,primary,CAM.V,CAD,2025-09-17,2025-09-17,1,open_market,1,0,0.307692,0.299789,0.153317,0.106296,0.461538,0.431668,0.286686,0.193012,0.923077,0.908134,0.556694,0.547139
cascadia-minerals,Cascadia Minerals,CAM.V,primary,CAM.V,CAD,2025-09-19,2025-09-19,1,placement_or_private,1,0,0.214286,0.213246,0.067432,0.074711,0.285714,0.266474,0.110616,0.070893,0.642857,0.646277,0.331636,0.424807
cascadia-minerals,Cascadia Minerals,CAM.V,primary,CAM.V,CAD,2026-05-25,2026-05-25,1,open_market,1,1,-0.151515,-0.1284,-0.03538,-0.008825,-0.030303,-0.050461,-0.052912,-0.210912,,,,
cassiar-gold,Cassiar Gold,GLDC.V,primary,GLDC.V,CAD,2025-05-29,2025-05-29,1,open_market,1,0,0.086957,0.044824,0.101321,0.08504,-0.130435,-0.226325,-0.153667,-0.374936,0.217391,0.073387,-0.026285,-0.452407
cassiar-gold,Cassiar Gold,GLDC.V,primary,GLDC.V,CAD,2025-07-23,2025-07-23,1,open_market,1,0,-0.16,-0.177502,-0.154875,-0.292909,0.08,0.021534,-0.128405,-0.36252,1.08,0.989415,0.73049,0.171554
cassiar-gold,Cassiar Gold,GLDC.V,primary,GLDC.V,CAD,2025-07-31,2025-07-31,3,placement_or_private,1,0,0.045455,0.024935,-0.00442,-0.214518,0.181818,0.094313,-0.01636,-0.299018,1.045455,0.945135,0.47396,-0.145751
cassiar-gold,Cassiar Gold,GLDC.V,primary,GLDC.V,CAD,2025-08-05,2025-08-05,1,open_market,1,0,0.0,-0.03368,-0.04991,-0.216752,0.217391,0.129218,0.032213,-0.160722,0.826087,0.724171,0.396115,0.068598
cassiar-gold,Cassiar Gold,GLDC.V,primary,GLDC.V,CAD,2025-08-15,2025-08-15,1,open_market,1,0,0.285714,0.264003,0.194669,0.0583,0.333333,0.288885,0.087944,-0.075539,0.714286,0.638879,0.193191,-0.150995
cassiar-gold,Cassiar Gold,GLDC.V,primary,GLDC.V,CAD,2025-08-19,2025-08-19,1,open_market,1,0,0.25,0.214911,0.15058,0.026778,0.45,0.409582,0.232553,0.051635,0.7,0.634449,0.184555,-0.162451
cassiar-gold,Cassiar Gold,GLDC.V,primary,GLDC.V,CAD,2025-08-21,2025-08-21,1,open_market,1,0,0.238095,0.193803,0.134317,0.01042,0.380952,0.338344,0.160737,0.010152,0.571429,0.497005,0.112872,-0.133977
cassiar-gold,Cassiar Gold,GLDC.V,primary,GLDC.V,CAD,2025-08-25,2025-08-25,1,open_market,1,0,0.315789,0.286792,0.207698,0.08823,0.368421,0.342646,0.160436,0.086419,1.0,0.926907,0.487493,0.216918
cassiar-gold,Cassiar Gold,GLDC.V,primary,GLDC.V,CAD,2025-08-26,2025-08-26,2,open_market,1,0,0.25,0.23002,0.145315,0.033532,0.3,0.263466,0.081723,-0.034376,0.9,0.831381,0.398398,0.146978
cassiar-gold,Cassiar Gold,GLDC.V,primary,GLDC.V,CAD,2025-09-02,2025-09-02,1,open_market,1,0,0.16,0.114785,0.070317,-0.051042,0.24,0.177526,0.042942,-0.090374,0.92,0.848593,0.434236,0.114347
cassiar-gold,Cassiar Gold,GLDC.V,primary,GLDC.V,CAD,2025-09-05,2025-09-05,1,open_market,1,0,0.666667,0.632723,0.586346,0.486564,0.416667,0.359269,0.247266,0.156828,0.958333,0.899792,0.533171,0.351296
cassiar-gold,Cassiar Gold,GLDC.V,primary,GLDC.V,CAD,2025-10-06,2025-10-06,1,open_market,1,0,-0.285714,-0.294603,-0.29156,-0.192626,0.057143,0.03993,-0.035892,-0.019389,0.514286,0.537781,0.335818,0.336653
cassiar-gold,Cassiar Gold,GLDC.V,primary,GLDC.V,CAD,2025-12-10,2025-12-10,1,open_market,1,0,0.225806,0.216353,0.160468,0.137105,1.064516,1.079627,0.836242,0.855678,0.548387,0.473267,0.527259,0.620198
cassiar-gold,Cassiar Gold,GLDC.V,primary,GLDC.V,CAD,2026-03-17,2026-03-17,2,open_market,1,0,0.019608,-0.026413,0.061392,-0.019549,-0.039216,-0.164501,0.097349,0.036349,-0.117647,-0.257035,0.014084,-0.189836
cassiar-gold,Cassiar Gold,GLDC.V,primary,GLDC.V,CAD,2026-04-07,2026-04-07,1,open_market,1,0,0.125,0.015234,0.125301,0.159985,-0.104167,-0.243817,0.010884,0.027953,-0.083333,-0.250834,0.036326,-0.071853
coppercorp-resources,Coppercorp Resources Inc.,CPER.V,primary,CPER.V,CAD,2025-07-18,2025-07-18,2,placement_or_private,1,0,0.333333,0.308062,0.336446,0.181394,0.0,-0.052679,-0.285548,-0.770354,-0.333333,-0.433368,-0.714507,-1.315509
critical-elements-lithium,Critical Elements Lithium,CRE.V,primary,CRE.V,CAD,2025-12-18,2025-12-18,1,open_market,1,0,0.441176,0.418722,0.384173,0.330884,0.176471,0.198704,0.060631,0.177857,0.117647,0.008463,0.120005,0.105919
critical-elements-lithium,Critical Elements Lithium,CRE.V,primary,CRE.V,CAD,2025-12-19,2025-12-19,1,open_market,1,0,0.361111,0.344846,0.305299,0.278946,0.055556,0.086103,-0.013088,0.137244,0.055556,-0.033147,0.08167,0.091036
critical-elements-lithium,Critical Elements Lithium,CRE.V,primary,CRE.V,CAD,2026-05-28,2026-05-28,1,open_market,1,0,-0.102564,-0.068626,-0.007741,-0.007984,-0.025641,-0.040854,-0.046355,-0.242861,,,,
critical-elements-lithium,Critical Elements Lithium,CRE.V,primary,CRE.V,CAD,2026-06-01,2026-06-01,1,open_market,1,0,-0.076923,-0.060075,0.021944,0.034016,0.0,-0.014251,0.005763,-0.178255,,,,
critical-elements-lithium,Critical Elements Lithium,CRE.V,primary,CRE.V,CAD,2026-06-02,2026-06-02,1,open_market,1,0,-0.075,-0.055528,0.007097,-0.00477,-0.025,-0.034848,-0.016431,-0.176649,,,,
critical-elements-lithium,Critical Elements Lithium,CRE.V,primary,CRE.V,CAD,2026-06-04,2026-06-04,1,open_market,1,0,-0.051282,-0.035022,0.029298,-0.028209,-0.076923,-0.087582,-0.05628,-0.230433,,,,
defense-metals,Defense Metals,DEFN.V,primary,DEFN.V,CAD,2025-04-17,2025-04-17,1,placement_or_private,1,0,-0.176471,-0.305249,-0.137662,-0.115074,0.352941,0.167135,0.34595,0.292217,1.058824,0.800812,0.8149,0.312215
defense-metals,Defense Metals,DEFN.V,primary,DEFN.V,CAD,2025-05-23,2025-05-23,2,placement_or_private,1,0,0.357143,0.330947,0.355916,0.304297,0.571429,0.473969,0.57937,0.366401,0.357143,0.212922,0.146618,-0.288091
defense-metals,Defense Metals,DEFN.V,primary,DEFN.V,CAD,2025-05-28,2025-05-28,1,placement_or_private,1,0,0.357143,0.310897,0.365668,0.359246,0.428571,0.330856,0.40135,0.189316,0.571429,0.43361,0.319989,-0.077568
defense-metals,Defense Metals,DEFN.V,primary,DEFN.V,CAD,2025-05-29,2025-05-29,1,placement_or_private,1,0,0.357143,0.315011,0.371508,0.355226,0.5,0.40411,0.476768,0.255498,0.571429,0.427424,0.327752,-0.09837
defense-metals,Defense Metals,DEFN.V,primary,DEFN.V,CAD,2025-10-06,2025-10-06,1,open_market,1,0,0.45,0.441111,0.444154,0.543088,0.3,0.282788,0.206965,0.223468,0.1,0.123496,-0.078468,-0.077632
defense-metals,Defense Metals,DEFN.V,primary,DEFN.V,CAD,2025-11-06,2025-11-06,3,placement_or_private,1,0,-0.076923,-0.099868,-0.132568,-0.217098,-0.038462,-0.062152,-0.27858,-0.380291,-0.230769,-0.310523,-0.373365,-0.376008
delta-resources,Delta Resources Limited,DLTA.V,primary,DLTA.V,CAD,2025-05-30,2025-05-30,1,open_market,1,0,-0.083333,-0.126632,-0.075494,-0.086401,0.166667,0.065664,0.129018,-0.073712,0.25,0.096808,-0.011924,-0.491755
delta-resources,Delta Resources Limited,DLTA.V,primary,DLTA.V,CAD,2025-06-11,2025-06-11,1,open_market,1,0,-0.090909,-0.127925,-0.093406,-0.092509,0.636364,0.554932,0.553055,0.298723,0.636364,0.499557,0.386501,0.013753
delta-resources,Delta Resources Limited,DLTA.V,primary,DLTA.V,CAD,2025-08-13,2025-08-13,1,open_market,1,0,0.285714,0.2663,0.20095,0.030987,0.142857,0.083762,-0.085661,-0.2752,0.285714,0.209639,-0.224683,-0.537242
delta-resources,Delta Resources Limited,DLTA.V,primary,DLTA.V,CAD,2025-09-10,2025-09-10,1,open_market,1,0,-0.052632,-0.053874,-0.153628,-0.196114,-0.052632,-0.099902,-0.208153,-0.279033,0.052632,0.012675,-0.356812,-0.418849
delta-resources,Delta Resources Limited,DLTA.V,primary,DLTA.V,CAD,2025-09-11,2025-09-11,1,open_market,1,0,0.058824,0.065834,-0.043817,-0.067534,0.0,-0.045527,-0.162176,-0.217727,0.294118,0.26439,-0.133353,-0.177817
delta-resources,Delta Resources Limited,DLTA.V,primary,DLTA.V,CAD,2026-03-04,2026-03-04,2,open_market,1,0,-0.045455,-0.002689,0.044393,0.07951,-0.181818,-0.290469,-0.054964,0.005834,-0.181818,-0.301387,-0.047482,-0.120915
delta-resources,Delta Resources Limited,DLTA.V,primary,DLTA.V,CAD,2026-03-09,2026-03-09,1,open_market,1,0,0.1,0.103332,0.180418,0.145612,-0.15,-0.237399,0.01145,0.072265,0.2,0.064479,0.339166,0.198237
delta-resources,Delta Resources Limited,DLTA.V,primary,DLTA.V,CAD,2026-03-13,2026-03-13,1,open_market,1,0,0.05,0.024075,0.10145,-0.010711,-0.15,-0.263953,0.011705,0.012608,0.2,0.048843,0.32475,0.10202
delta-resources,Delta Resources Limited,DLTA.V,primary,DLTA.V,CAD,2026-03-21,2026-03-23,1,open_market,1,0,0.0,-0.085187,-0.07727,-0.142492,-0.190476,-0.329876,-0.148599,-0.199351,0.047619,-0.114592,0.054722,-0.16698
delta-resources,Delta Resources Limited,DLTA.V,primary,DLTA.V,CAD,2026-03-30,2026-03-30,1,open_market,1,0,-0.181818,-0.307789,-0.188644,-0.178764,-0.227273,-0.380793,-0.128498,-0.147288,0.045455,-0.175094,0.096518,-0.10879
delta-resources,Delta Resources Limited,DLTA.V,primary,DLTA.V,CAD,2026-04-06,2026-04-06,1,open_market,1,0,-0.142857,-0.256526,-0.150597,-0.106287,-0.142857,-0.273144,-0.027062,-0.040775,0.0,-0.168015,0.111096,0.000371
delta-resources,Delta Resources Limited,DLTA.V,primary,DLTA.V,CAD,2026-04-12,2026-04-13,1,open_market,1,0,-0.047619,-0.129546,-0.036456,-0.02162,-0.142857,-0.243207,-0.00883,0.061151,,,,
delta-resources,Delta Resources Limited,DLTA.V,primary,DLTA.V,CAD,2026-04-13,2026-04-13,1,open_market,1,0,-0.047619,-0.129546,-0.036456,-0.02162,-0.142857,-0.243207,-0.00883,0.061151,,,,
delta-resources,Delta Resources Limited,DLTA.V,primary,DLTA.V,CAD,2026-04-14,2026-04-14,1,open_market,1,0,-0.095238,-0.172579,-0.055066,-0.040892,-0.190476,-0.269257,-0.015321,0.046136,,,,
delta-resources,Delta Resources Limited,DLTA.V,primary,DLTA.V,CAD,2026-06-07,2026-06-08,1,open_market,1,1,0.058824,0.050463,0.116266,0.096205,0.411765,0.369869,0.387851,0.124199,,,,
delta-resources,Delta Resources Limited,DLTA.V,primary,DLTA.V,CAD,2026-06-16,2026-06-16,1,open_market,1,1,0.0,-0.00052,0.082162,0.169429,0.294118,0.280057,0.306164,0.1945,,,,
delta-resources,Delta Resources Limited,DLTA.V,primary,DLTA.V,CAD,2026-06-26,2026-06-26,1,open_market,1,1,-0.058824,-0.072459,-0.054193,-0.050531,0.352941,0.300554,0.304605,0.118235,,,,
delta-resources,Delta Resources Limited,DLTA.V,primary,DLTA.V,CAD,2026-07-07,2026-07-07,1,open_market,1,1,0.0,-0.027885,-0.032266,-0.094867,0.166667,0.130396,0.16121,-0.004654,,,,
delta-resources,Delta Resources Limited,DLTA.V,primary,DLTA.V,CAD,2026-07-10,2026-07-10,1,open_market,1,1,0.055556,0.031302,-0.001366,-0.128974,,,,,,,,
delta-resources,Delta Resources Limited,DLTA.V,primary,DLTA.V,CAD,2026-07-23,2026-07-23,1,open_market,1,0,0.117647,0.080339,-0.021888,-0.241379,,,,,,,,
delta-resources,Delta Resources Limited,DLTA.V,primary,DLTA.V,CAD,2026-08-06,2026-08-06,1,open_market,1,0,0.333333,0.331212,0.28945,0.151845,,,,,,,,
delta-resources,Delta Resources Limited,DLTA.V,primary,DLTA.V,CAD,2026-09-06,2026-09-08,1,open_market,1,0,,,,,,,,,,,,
discovery-mining,Discovery Mining,DSV.TO,primary,DSV.TO,CAD,2025-04-19,2025-04-21,3,open_market,1,0,0.062284,-0.07195,0.093242,0.066569,0.086505,-0.134753,0.10932,0.050539,0.847751,0.554861,0.615171,0.139592
discovery-mining,Discovery Mining,DSV.TO,primary,DSV.TO,CAD,2025-04-23,2025-04-23,1,open_market,1,0,0.171756,0.090156,0.151667,0.106264,0.381679,0.207162,0.340678,0.222176,1.175573,0.92179,0.847893,0.324811
discovery-mining,Discovery Mining,DSV.TO,primary,DSV.TO,CAD,2025-04-24,2025-04-24,1,open_market,1,0,0.194553,0.13525,0.189099,0.135884,0.342412,0.182322,0.329071,0.195199,0.894942,0.667025,0.670415,0.245012
discovery-mining,Discovery Mining,DSV.TO,primary,DSV.TO,CAD,2025-04-29,2025-04-29,1,open_market,1,0,0.197761,0.133304,0.199231,0.118275,0.246269,0.097221,0.248392,0.122989,0.895522,0.673755,0.662039,0.202947
discovery-mining,Discovery Mining,DSV.TO,primary,DSV.TO,CAD,2025-05-02,2025-05-02,1,open_market,1,0,0.325203,0.285275,0.306343,0.211634,0.313008,0.197757,0.296296,0.179906,1.162602,0.94976,0.944399,0.486373
discovery-mining,Discovery Mining,DSV.TO,primary,DSV.TO,CAD,2025-05-21,2025-05-21,1,open_market,1,0,0.058632,0.039039,0.044539,-0.007098,0.228013,0.130305,0.229811,0.062066,1.084691,0.942615,0.869433,0.464025
discovery-mining,Discovery Mining,DSV.TO,primary,DSV.TO,CAD,2025-10-01,2025-10-01,1,placement_or_private,1,0,0.118321,0.09796,0.084363,0.163186,0.639313,0.611547,0.51893,0.500499,0.593511,0.648085,0.429059,0.491422
discovery-mining,Discovery Mining,DSV.TO,primary,DSV.TO,CAD,2026-01-26,2026-01-26,1,open_market,1,0,-0.070098,-0.070704,-0.088862,-0.117121,-0.173026,-0.203644,-0.105348,-0.035185,-0.233363,-0.300056,-0.033664,0.040166
discovery-mining,Discovery Mining,DSV.TO,primary,DSV.TO,CAD,2026-03-05,2026-03-05,1,open_market,1,0,-0.01433,0.023069,0.064447,0.069436,-0.157625,-0.264669,-0.032639,0.016442,0.221085,0.102974,0.369928,0.273377
discovery-mining,Discovery Mining,DSV.TO,primary,DSV.TO,CAD,2026-06-08,2026-06-08,1,open_market,1,0,0.116517,0.108157,0.173959,0.153899,0.679898,0.638002,0.655984,0.392332,,,,
discovery-mining,Discovery Mining,DSV.TO,primary,DSV.TO,CAD,2026-06-15,2026-06-15,1,open_market,1,0,-0.086505,-0.086479,-0.025479,0.033212,0.431373,0.41884,0.425774,0.275908,,,,
discovery-mining,Discovery Mining,DSV.TO,primary,DSV.TO,CAD,2026-08-21,2026-08-21,1,open_market,1,0,0.032013,0.037276,0.084428,0.084655,,,,,,,,
discovery-mining,Discovery Mining,DSV.TO,primary,DSV.TO,CAD,2026-09-01,2026-09-01,1,open_market,1,0,0.020956,0.018054,0.056217,0.072711,,,,,,,,
district-metals,District Metals,DMX.V,primary,DMX.V,CAD,2026-03-03,2026-03-03,2,open_market,1,0,0.333333,0.369345,0.416065,0.451357,0.688889,0.57393,0.810391,0.87213,0.355556,0.224707,0.48212,0.391084
district-metals,District Metals,DMX.V,primary,DMX.V,CAD,2026-03-04,2026-03-04,1,open_market,1,0,0.2,0.242766,0.289847,0.324964,0.62,0.511349,0.746855,0.807653,0.14,0.020431,0.274337,0.200903
district-metals,District Metals,DMX.V,primary,DMX.V,CAD,2026-03-17,2026-03-17,1,open_market,1,0,0.392157,0.346136,0.433941,0.353,0.54902,0.423734,0.685584,0.624584,0.156863,0.017475,0.288594,0.084674
district-metals,District Metals,DMX.V,primary,DMX.V,CAD,2026-04-14,2026-04-14,1,open_market,1,0,0.090909,0.013568,0.131081,0.145255,-0.168831,-0.247612,0.006324,0.067781,,,,
district-metals,District Metals,DMX.V,primary,DMX.V,CAD,2026-09-29,2026-09-29,1,open_market,1,0,,,,,,,,,,,,
dpm-metals,DPM Metals,DPM.TO,primary,DPM.TO,CAD,2026-02-12,2026-02-12,1,open_market,1,0,0.025529,0.053389,0.004594,0.071133,-0.003736,-0.093333,0.042543,0.016294,0.292653,0.161589,0.404374,0.341741
dpm-metals,DPM Metals,DPM.TO,primary,DPM.TO,CAD,2026-09-23,2026-09-23,1,open_market,1,0,,,,,,,,,,,,
dryden-gold,Dryden Gold Corp,DRY.V,primary,DRY.V,CAD,2025-08-19,2025-08-19,2,placement_or_private,1,0,0.45,0.414911,0.35058,0.226778,0.55,0.509582,0.332553,0.151635,0.9,0.834449,0.384555,0.037549
dryden-gold,Dryden Gold Corp,DRY.V,primary,DRY.V,CAD,2025-09-08,2025-09-08,1,open_market,1,0,-0.114286,-0.151707,-0.226226,-0.328489,-0.114286,-0.171096,-0.268458,-0.352406,0.057143,0.020847,-0.35708,-0.453136
dryden-gold,Dryden Gold Corp,DRY.V,primary,DRY.V,CAD,2025-12-23,2025-12-23,1,placement_or_private,1,0,0.129032,0.12755,0.036802,-0.003992,-0.096774,-0.049417,-0.073566,0.011166,-0.064516,-0.149957,-0.000402,0.036907
dryden-gold,Dryden Gold Corp,DRY.V,primary,DRY.V,CAD,2026-03-20,2026-03-20,1,open_market,1,1,0.142857,0.047925,0.064116,-0.115718,0.071429,-0.079935,0.134954,0.006533,-0.071429,-0.234063,-0.01908,-0.28288
dryden-gold,Dryden Gold Corp,DRY.V,primary,DRY.V,CAD,2026-07-14,2026-07-14,1,open_market,1,1,0.24,0.205351,0.167959,0.042965,,,,,,,,
dynasty-gold,Dynasty Gold Corp,DYG.V,primary,DYG.V,CAD,2026-01-15,2026-01-15,1,open_market,1,0,0.375,0.390154,0.282188,0.313374,0.0,-0.011123,-0.040465,0.002931,-0.1875,-0.273583,-0.066601,0.025352
dynasty-gold,Dynasty Gold Corp,DYG.V,primary,DYG.V,CAD,2026-05-24,2026-05-25,1,open_market,1,0,-0.066667,-0.043552,0.049469,0.076023,-0.133333,-0.153491,-0.155942,-0.313943,,,,
eagle-plains-resources,Eagle Plains Resources,EPL.V,primary,EPL.V,CAD,2025-04-30,2025-04-30,1,open_market,1,0,-0.076923,-0.139768,-0.076363,-0.149821,0.230769,0.085207,0.222605,0.10471,0.230769,-0.004922,0.022585,-0.373929
eagle-plains-resources,Eagle Plains Resources,EPL.V,primary,EPL.V,CAD,2025-05-01,2025-05-01,1,open_market,1,0,0.0,-0.055366,-0.020641,-0.114058,0.166667,0.030598,0.1549,0.028198,0.25,0.019746,0.025029,-0.419212
eagle-plains-resources,Eagle Plains Resources,EPL.V,primary,EPL.V,CAD,2025-05-02,2025-05-02,1,open_market,1,0,0.0,-0.039929,-0.01886,-0.113569,0.333333,0.218082,0.316621,0.200232,0.25,0.037159,0.031797,-0.426229
eagle-plains-resources,Eagle Plains Resources,EPL.V,primary,EPL.V,CAD,2025-07-26,2025-07-28,1,open_market,1,0,-0.066667,-0.08188,-0.090569,-0.26678,0.0,-0.063287,-0.236109,-0.507678,0.533333,0.451238,0.03371,-0.563145
eagle-plains-resources,Eagle Plains Resources,EPL.V,primary,EPL.V,CAD,2026-07-15,2026-07-15,1,placement_or_private,1,0,0.055556,0.027032,-0.022677,-0.168764,,,,,,,,
elcora-advanced-materials,Elcora Advanced Materials,ERA.V,primary,ERA.V,CAD,2026-01-27,2026-01-27,1,placement_or_private,1,0,0.913043,0.921944,0.910145,0.855256,0.391304,0.363008,0.488364,0.549447,0.086957,0.024497,0.305818,0.367608
elcora-advanced-materials,Elcora Advanced Materials,ERA.V,primary,ERA.V,CAD,2026-02-01,2026-02-02,1,placement_or_private,1,0,0.448276,0.463059,0.343694,0.305408,-0.034483,-0.070778,-0.025235,0.058614,-0.137931,-0.212161,-0.007783,0.055132
eldorado-gold,Eldorado Gold,EGO,primary,ELD.TO,CAD,2025-09-02,2025-09-02,1,open_market,1,0,0.164005,0.118789,0.074321,-0.047037,0.249002,0.186528,0.051944,-0.081373,0.806902,0.735495,0.321138,0.001249
eldorado-gold,Eldorado Gold,EGO,primary,ELD.TO,CAD,2025-09-18,2025-09-18,1,open_market,1,0,0.059329,0.056113,-0.09969,-0.142462,0.272215,0.258414,0.082506,-0.004011,0.365369,0.352489,-0.003053,-0.000651
eldorado-gold,Eldorado Gold,EGO,primary,ELD.TO,CAD,2025-11-07,2025-11-07,1,open_market,1,0,0.145101,0.123163,0.095876,0.022898,0.349042,0.339131,0.149291,0.115203,0.148296,0.054611,-0.021805,-0.067411
eldorado-gold,Eldorado Gold,EGO,primary,ELD.TO,CAD,2026-02-24,2026-02-24,1,open_market,1,0,-0.230071,-0.168588,-0.074216,0.031062,-0.242516,-0.32732,-0.114432,-0.033444,0.059031,-0.054986,0.167015,0.114635
eldorado-gold,Eldorado Gold,EGO,primary,ELD.TO,CAD,2026-03-11,2026-03-11,1,open_market,1,0,-0.090827,-0.095455,-0.008705,-0.067022,-0.265994,-0.355773,-0.086547,-0.03805,0.073166,-0.065612,0.219038,0.063173
eldorado-gold,Eldorado Gold,EGO,primary,ELD.TO,CAD,2026-05-05,2026-05-05,1,open_market,1,0,0.114064,0.068027,0.130799,0.090722,0.060667,0.013829,0.171982,0.150232,,,,
eldorado-gold,Eldorado Gold,EGO,primary,ELD.TO,CAD,2026-05-06,2026-05-06,5,open_market,1,0,-0.043821,-0.04889,0.036743,0.077639,0.037097,-0.014005,0.168896,0.151975,,,,
eldorado-gold,Eldorado Gold,EGO,primary,ELD.TO,CAD,2026-05-07,2026-05-07,1,open_market,1,0,-0.088216,-0.096376,-0.006118,0.042963,0.115852,0.063623,0.213239,0.176767,,,,
eldorado-gold,Eldorado Gold,EGO,primary,ELD.TO,CAD,2026-05-11,2026-05-11,1,open_market,1,0,-0.172795,-0.154034,-0.034592,0.056744,0.122848,0.076913,0.206087,0.153891,,,,
eldorado-gold,Eldorado Gold,EGO,primary,ELD.TO,CAD,2026-05-12,2026-05-12,2,open_market,1,0,-0.140246,-0.139677,-0.032585,0.048814,0.119918,0.072707,0.190114,0.151853,,,,
eldorado-gold,Eldorado Gold,EGO,primary,ELD.TO,CAD,2026-05-15,2026-05-15,1,open_market,1,0,-0.014709,-0.0182,0.05898,0.06245,0.230981,0.178612,0.274908,0.18017,,,,
eldorado-gold,Eldorado Gold,EGO,primary,ELD.TO,CAD,2026-06-06,2026-06-08,1,open_market,1,0,0.012022,0.003662,0.069464,0.049404,0.431835,0.389939,0.407921,0.144269,,,,
eldorado-gold,Eldorado Gold,EGO,primary,ELD.TO,CAD,2026-06-24,2026-06-24,2,open_market,1,0,0.064852,0.057092,0.04851,0.043045,0.494911,0.440168,0.401585,0.153609,,,,
eldorado-gold,Eldorado Gold,EGO,primary,ELD.TO,CAD,2026-06-26,2026-06-26,2,open_market,1,0,0.011466,-0.002169,0.016096,0.019758,0.338579,0.286192,0.290243,0.103873,,,,
eldorado-gold,Eldorado Gold,EGO,primary,ELD.TO,CAD,2026-06-27,2026-06-29,1,open_market,1,0,0.016984,0.032557,0.010201,0.037584,0.34375,0.302792,0.276383,0.086133,,,,
eldorado-gold,Eldorado Gold,EGO,primary,ELD.TO,CAD,2026-09-18,2026-09-18,6,open_market,1,0,,,,,,,,,,,,
electric-royalties,Electric Royalties,ELEC.V,primary,ELEC.V,CAD,2025-07-14,2025-07-14,1,open_market,1,0,0.071429,0.039291,0.067533,-0.027749,0.214286,0.169136,0.015883,-0.341685,0.142857,0.032007,-0.202781,-0.68787
electric-royalties,Electric Royalties,ELEC.V,primary,ELEC.V,CAD,2025-07-15,2025-07-15,1,open_market,1,0,0.071429,0.034765,0.069733,-0.042056,0.214286,0.148545,-0.018362,-0.363234,0.142857,0.02724,-0.208396,-0.700064
electric-royalties,Electric Royalties,ELEC.V,primary,ELEC.V,CAD,2026-06-11,2026-06-11,1,open_market,1,0,0.090909,0.067609,0.115008,0.090178,0.272727,0.239329,0.228645,-0.03432,,,,
electric-royalties,Electric Royalties,ELEC.V,primary,ELEC.V,CAD,2026-08-12,2026-08-12,1,open_market,1,0,0.083333,0.093948,0.098522,0.017698,,,,,,,,
electric-royalties,Electric Royalties,ELEC.V,primary,ELEC.V,CAD,2026-08-15,2026-08-17,1,open_market,1,0,-0.142857,-0.118759,-0.108948,-0.153686,,,,,,,,
electric-royalties,Electric Royalties,ELEC.V,primary,ELEC.V,CAD,2026-08-27,2026-08-27,1,open_market,1,0,-0.142857,-0.143181,-0.073785,-0.062368,,,,,,,,
electric-royalties,Electric Royalties,ELEC.V,primary,ELEC.V,CAD,2026-09-14,2026-09-14,1,open_market,1,0,,,,,,,,,,,,
eloro-resources,Eloro Resources,ELO.TO,primary,ELO.TO,CAD,2025-06-13,2025-06-13,1,placement_or_private,1,0,0.016129,-0.028461,0.038735,0.054944,-0.145161,-0.246719,-0.203557,-0.47751,0.572581,0.420872,0.342539,-0.043425
eloro-resources,Eloro Resources,ELO.TO,primary,ELO.TO,CAD,2025-07-21,2025-07-21,1,open_market,1,0,-0.181818,-0.196673,-0.166585,-0.28758,-0.060606,-0.117256,-0.30287,-0.645526,0.860606,0.760585,0.51519,-0.017899
eloro-resources,Eloro Resources,ELO.TO,primary,ELO.TO,CAD,2026-05-07,2026-05-07,1,open_market,1,0,-0.126697,-0.134857,-0.044599,0.004482,-0.108597,-0.160827,-0.01121,-0.047682,,,,
eloro-resources,Eloro Resources,ELO.TO,primary,ELO.TO,CAD,2026-07-21,2026-07-21,1,open_market,1,0,0.173653,0.154515,0.065731,-0.154854,,,,,,,,
eloro-resources,Eloro Resources,ELO.TO,primary,ELO.TO,CAD,2026-07-22,2026-07-22,1,open_market,1,0,0.188571,0.164073,0.07188,-0.139778,,,,,,,,
emperor-metals,Emperor Metals,AUOZ.CN,primary,AUOZ.CN,CAD,2025-04-17,2025-04-17,1,open_market,1,0,0.166667,0.037889,0.205475,0.228064,0.583333,0.397528,0.576343,0.522609,0.583333,0.325322,0.339409,-0.163275
emperor-metals,Emperor Metals,AUOZ.CN,primary,AUOZ.CN,CAD,2025-07-09,2025-07-09,1,open_market,1,0,0.315789,0.294766,0.291143,0.214986,0.0,-0.072205,-0.198809,-0.590898,0.0,-0.102009,-0.337916,-0.781481
emperor-metals,Emperor Metals,AUOZ.CN,primary,AUOZ.CN,CAD,2025-12-28,2025-12-29,1,open_market,1,0,0.235294,0.224289,-0.005448,-0.03271,0.0,0.078157,-0.040391,0.029103,0.764706,0.704896,0.82735,0.86758
emperor-metals,Emperor Metals,AUOZ.CN,primary,AUOZ.CN,CAD,2025-12-30,2025-12-30,1,open_market,1,0,0.111111,0.100878,-0.132089,-0.087817,-0.111111,-0.030996,-0.150445,-0.074215,0.666667,0.605561,0.729992,0.780224
emperor-metals,Emperor Metals,AUOZ.CN,primary,AUOZ.CN,CAD,2026-01-01,2026-01-02,1,open_market,1,0,0.055556,0.042674,-0.061623,-0.033553,-0.055556,-0.015536,-0.133717,-0.141741,0.888889,0.797272,0.958388,0.993643
emperor-metals,Emperor Metals,AUOZ.CN,primary,AUOZ.CN,CAD,2026-01-02,2026-01-02,1,open_market,1,0,0.055556,0.042674,-0.061623,-0.033553,-0.055556,-0.015536,-0.133717,-0.141741,0.888889,0.797272,0.958388,0.993643
emperor-metals,Emperor Metals,AUOZ.CN,primary,AUOZ.CN,CAD,2026-01-05,2026-01-05,1,open_market,1,0,-0.052632,-0.050407,-0.163234,-0.156451,-0.105263,-0.058893,-0.155782,-0.16082,0.789474,0.706504,0.864408,0.845794
emperor-metals,Emperor Metals,AUOZ.CN,primary,AUOZ.CN,CAD,2026-01-06,2026-01-06,1,open_market,1,0,0.0,0.020511,-0.069461,0.001735,0.0,0.047528,-0.035021,-0.017463,1.0,0.923433,1.08483,1.086653
emperor-metals,Emperor Metals,AUOZ.CN,primary,AUOZ.CN,CAD,2026-01-07,2026-01-07,2,open_market,1,0,-0.105263,-0.106771,-0.218231,-0.154658,-0.157895,-0.113868,-0.213072,-0.187728,0.789474,0.699999,0.855696,0.896474
emperor-metals,Emperor Metals,AUOZ.CN,primary,AUOZ.CN,CAD,2026-01-09,2026-01-09,1,open_market,1,0,-0.105263,-0.100292,-0.204161,-0.141427,-0.105263,-0.084862,-0.161817,-0.149546,0.631579,0.557624,0.728136,0.814827
emperor-metals,Emperor Metals,AUOZ.CN,primary,AUOZ.CN,CAD,2026-01-12,2026-01-12,1,open_market,1,0,0.0,0.004603,-0.107524,-0.094183,-0.055556,-0.032971,-0.090844,-0.077622,0.888889,0.80288,0.995987,1.081416
emperor-metals,Emperor Metals,AUOZ.CN,primary,AUOZ.CN,CAD,2026-01-13,2026-01-13,1,open_market,1,0,0.0,0.018017,-0.070583,-0.002044,0.0,0.011056,-0.032564,-0.007594,1.0,0.911815,1.105827,1.199852
emperor-metals,Emperor Metals,AUOZ.CN,primary,AUOZ.CN,CAD,2026-01-15,2026-01-15,1,open_market,1,0,-0.142857,-0.127703,-0.235669,-0.204483,-0.142857,-0.15398,-0.183322,-0.139926,0.47619,0.390108,0.597089,0.689043
emperor-metals,Emperor Metals,AUOZ.CN,primary,AUOZ.CN,CAD,2026-03-24,2026-03-24,1,open_market,1,0,0.117647,0.03303,0.05106,0.016993,1.058824,0.919184,1.107174,1.062548,2.235294,2.069168,2.242618,2.036681
endurance-gold,Endurance Gold,EDG.V,primary,EDG.V,CAD,2025-08-06,2025-08-06,1,open_market,1,0,0.181818,0.158967,0.115635,-0.038414,0.181818,0.114717,0.014926,-0.107096,2.363636,2.26466,1.988016,1.647531
endurance-gold,Endurance Gold,EDG.V,primary,EDG.V,CAD,2025-08-07,2025-08-07,1,open_market,1,0,0.130435,0.106726,0.073172,-0.085013,0.173913,0.102217,0.003403,-0.149326,2.608696,2.518099,2.157846,1.824019
endurance-gold,Endurance Gold,EDG.V,primary,EDG.V,CAD,2025-11-07,2025-11-07,1,open_market,1,0,0.038462,0.016523,-0.010763,-0.083741,1.692308,1.682397,1.492557,1.458469,0.615385,0.521699,0.445283,0.399678
endurance-gold,Endurance Gold,EDG.V,primary,EDG.V,CAD,2026-03-11,2026-03-11,2,placement_or_private,1,0,-0.09434,-0.098968,-0.012217,-0.070535,-0.169811,-0.25959,0.009636,0.058133,0.0,-0.138778,0.145872,-0.009994
enduro-metals,Enduro Metals,ENDR.V,primary,ENDR.V,CAD,2025-08-06,2025-08-06,1,open_market,1,0,0.142857,0.120006,0.076674,-0.077375,0.142857,0.075756,-0.024035,-0.146057,0.357143,0.258167,-0.018477,-0.358963
enduro-metals,Enduro Metals,ENDR.V,primary,ENDR.V,CAD,2025-08-21,2025-08-21,3,placement_or_private,1,0,0.0,-0.044292,-0.103778,-0.227675,0.0,-0.042609,-0.220215,-0.370801,0.125,0.050576,-0.333557,-0.580405
enduro-metals,Enduro Metals,ENDR.V,primary,ENDR.V,CAD,2025-09-05,2025-09-05,1,placement_or_private,1,0,0.0,-0.033944,-0.08032,-0.180103,0.0,-0.057398,-0.1694,-0.259838,0.375,0.316459,-0.050162,-0.232038
enduro-metals,Enduro Metals,ENDR.V,primary,ENDR.V,CAD,2025-11-18,2025-11-18,1,open_market,1,0,0.0,-0.02483,-0.064699,-0.103219,0.2,0.167171,-0.035795,-0.109993,0.2,0.080181,0.085295,0.088577
enduro-metals,Enduro Metals,ENDR.V,primary,ENDR.V,CAD,2026-04-13,2026-04-13,1,placement_or_private,1,0,0.117647,0.03572,0.12881,0.143647,0.0,-0.10035,0.134027,0.204008,,,,
enduro-metals,Enduro Metals,ENDR.V,primary,ENDR.V,CAD,2026-05-14,2026-05-14,3,placement_or_private,1,0,-0.222222,-0.213641,-0.127023,-0.078079,0.0,-0.032506,0.052176,0.004042,,,,
enduro-metals,Enduro Metals,ENDR.V,primary,ENDR.V,CAD,2026-05-26,2026-05-26,1,open_market,1,0,-0.0625,-0.040797,0.045085,0.067387,-0.125,-0.14216,-0.155652,-0.325324,,,,
enduro-metals,Enduro Metals,ENDR.V,primary,ENDR.V,CAD,2026-06-24,2026-06-24,1,open_market,1,0,0.214286,0.206526,0.197943,0.192478,-0.071429,-0.126172,-0.164755,-0.412731,,,,
enduro-metals,Enduro Metals,ENDR.V,primary,ENDR.V,CAD,2026-06-25,2026-06-25,1,open_market,1,0,0.133333,0.127028,0.126729,0.124017,-0.133333,-0.178969,-0.196723,-0.406859,,,,
energy-fuels,Energy Fuels,EFR.TO,primary,EFR.TO,CAD,2026-07-07,2026-07-07,1,open_market,1,0,-0.012582,-0.040467,-0.044848,-0.107449,-0.158096,-0.194367,-0.163553,-0.329417,,,,
energy-fuels,Energy Fuels,EFR.TO,primary,EFR.TO,CAD,2026-07-08,2026-07-08,1,open_market,1,0,0.059742,0.022366,-0.004406,-0.153792,-0.140474,-0.185671,-0.161358,-0.36836,,,,
energy-fuels,Energy Fuels,EFR.TO,primary,EFR.TO,CAD,2026-07-09,2026-07-09,1,open_market,1,0,0.032512,0.003844,-0.02114,-0.146037,,,,,,,,
equinox-gold,Equinox Gold,EQX,primary,EQX.TO,CAD,2025-05-13,2025-05-13,1,open_market,1,0,0.059312,0.030497,0.016769,-0.101397,0.080664,-0.00297,0.05031,-0.152558,0.945433,0.802072,0.715519,0.287749
equinox-gold,Equinox Gold,EQX,primary,EQX.TO,CAD,2025-06-13,2025-06-13,2,open_market,1,0,-0.024055,-0.068645,-0.001449,0.01476,0.735395,0.633837,0.676999,0.403047,1.272623,1.120915,1.042581,0.656618
equinox-gold,Equinox Gold,EQX,primary,EQX.TO,CAD,2025-06-26,2025-06-26,2,open_market,1,0,0.084367,0.043133,0.082346,0.063415,0.810174,0.729715,0.691066,0.357623,1.532258,1.407902,1.18393,0.708807
equinox-gold,Equinox Gold,EQX,primary,EQX.TO,CAD,2025-06-27,2025-06-27,2,open_market,1,0,0.123393,0.087307,0.102877,0.068441,0.903599,0.833442,0.759087,0.388952,1.565553,1.442819,1.198014,0.699002
equinox-gold,Equinox Gold,EQX,primary,EQX.TO,CAD,2025-07-08,2025-07-08,2,open_market,1,0,0.119403,0.100204,0.089945,0.009742,0.922886,0.840237,0.724898,0.298818,1.343284,1.242,1.033841,0.60126
equinox-gold,Equinox Gold,EQX,primary,EQX.TO,CAD,2025-07-11,2025-07-11,1,open_market,1,0,0.043427,0.021683,0.030779,-0.042766,0.88615,0.809918,0.704064,0.332432,1.355634,1.249864,1.031865,0.545952
equinox-gold,Equinox Gold,EQX,primary,EQX.TO,CAD,2025-08-18,2025-08-18,1,open_market,1,0,0.303913,0.279227,0.206112,0.110871,0.624204,0.579699,0.399379,0.237536,0.959054,0.899284,0.451903,0.144397
equinox-gold,Equinox Gold,EQX,primary,EQX.TO,CAD,2025-09-11,2025-09-11,1,open_market,1,0,0.075248,0.082258,-0.027393,-0.05111,0.309571,0.264044,0.147395,0.091844,0.481848,0.45212,0.054378,0.009914
equinox-gold,Equinox Gold,EQX,primary,EQX.TO,CAD,2026-01-23,2026-01-23,1,placement_or_private,1,0,0.040181,0.03989,0.016993,0.038345,-0.128217,-0.156103,-0.069352,0.006871,-0.406321,-0.490734,-0.234093,-0.152675
equinox-gold,Equinox Gold,EQX,primary,EQX.TO,CAD,2026-05-15,2026-05-15,1,open_market,1,0,-0.192329,-0.195819,-0.118639,-0.11517,-0.143014,-0.195383,-0.099087,-0.193826,,,,
equinox-gold,Equinox Gold,EQX,primary,EQX.TO,CAD,2026-05-19,2026-05-19,1,open_market,1,0,-0.119572,-0.137303,-0.060325,-0.123027,-0.028554,-0.081626,-0.013949,-0.156827,,,,
equinox-gold,Equinox Gold,EQX,primary,EQX.TO,CAD,2026-05-22,2026-05-22,1,open_market,1,0,-0.133731,-0.135207,-0.069211,-0.104852,0.061493,0.038747,0.058013,-0.134631,,,,
equinox-gold,Equinox Gold,EQX,primary,EQX.TO,CAD,2026-06-13,2026-06-15,1,open_market,1,0,-0.164008,-0.163981,-0.102981,-0.04429,0.095086,0.082554,0.089488,-0.060379,,,,
equinox-gold,Equinox Gold,EQX,primary,EQX.TO,CAD,2026-08-10,2026-08-10,1,open_market,1,0,0.099071,0.112822,0.097059,-0.001973,,,,,,,,
equinox-gold,Equinox Gold,EQX,primary,EQX.TO,CAD,2026-08-13,2026-08-13,1,open_market,1,0,0.097187,0.114657,0.097663,0.008622,,,,,,,,
esgold,ESGold Corp,ESAU.CN,primary,ESAU.CN,CAD,2025-04-23,2025-04-23,1,placement_or_private,1,0,-0.021739,-0.103339,-0.041828,-0.087231,1.043478,0.868961,1.002477,0.883975,0.891304,0.637522,0.563624,0.040542
esgold,ESGold Corp,ESAU.CN,primary,ESAU.CN,CAD,2025-08-13,2025-08-13,1,placement_or_private,1,0,-0.129412,-0.148826,-0.214176,-0.384139,-0.141176,-0.200272,-0.369694,-0.559233,-0.082353,-0.158428,-0.59275,-0.905309
esgold,ESGold Corp,ESAU.CN,primary,ESAU.CN,CAD,2025-10-31,2025-10-31,1,open_market,1,0,0.060606,0.058656,0.006928,-0.104588,0.272727,0.255163,-0.074388,-0.159127,-0.287879,-0.331159,-0.421775,-0.435785
esgold,ESGold Corp,ESAU.CN,primary,ESAU.CN,CAD,2026-03-11,2026-03-11,1,open_market,1,1,-0.080645,-0.085273,0.001477,-0.05684,-0.258065,-0.347843,-0.078617,-0.03012,-0.032258,-0.171036,0.113614,-0.042252
eskay-mining,Eskay Mining,ESK.V,primary,ESK.V,CAD,2025-10-08,2025-10-08,1,open_market,1,0,-0.285714,-0.282535,-0.274997,-0.193255,-0.257143,-0.284924,-0.366947,-0.380972,0.228571,0.249638,0.079901,0.077481
eskay-mining,Eskay Mining,ESK.V,primary,ESK.V,CAD,2025-10-09,2025-10-09,1,open_market,1,0,-0.264706,-0.264423,-0.272587,-0.210602,-0.264706,-0.292151,-0.384565,-0.434457,0.235294,0.253084,0.053645,0.022649
eskay-mining,Eskay Mining,ESK.V,primary,ESK.V,CAD,2025-10-11,2025-10-14,1,open_market,1,0,-0.2,-0.214814,-0.205462,-0.174051,0.533333,0.483607,0.424507,0.360102,0.5,0.473982,0.352044,0.294725
eskay-mining,Eskay Mining,ESK.V,primary,ESK.V,CAD,2025-11-10,2025-11-10,1,open_market,1,0,-0.035714,-0.04471,-0.063913,-0.124706,0.928571,0.9151,0.724861,0.69764,0.5,0.417557,0.353613,0.29615
eskay-mining,Eskay Mining,ESK.V,primary,ESK.V,CAD,2025-11-12,2025-11-12,1,open_market,1,0,0.08,0.082371,0.055518,0.015024,1.6,1.587211,1.402042,1.348643,0.8,0.718171,0.673935,0.626711
eskay-mining,Eskay Mining,ESK.V,primary,ESK.V,CAD,2025-11-25,2025-11-25,1,open_market,1,0,0.173913,0.151158,0.090115,0.061537,1.217391,1.206473,0.951132,0.876492,0.695652,0.591033,0.606881,0.655756
eskay-mining,Eskay Mining,ESK.V,primary,ESK.V,CAD,2026-01-07,2026-01-07,1,placement_or_private,1,0,1.16,1.158492,1.047032,1.110605,0.68,0.724027,0.624823,0.650167,0.6,0.510525,0.666222,0.707001
eskay-mining,Eskay Mining,ESK.V,primary,ESK.V,CAD,2026-03-05,2026-03-05,1,open_market,1,0,-0.163265,-0.125867,-0.084489,-0.0795,-0.081633,-0.188676,0.043354,0.092435,-0.306122,-0.424233,-0.15728,-0.25383
evergold,Evergold Corp,EVER.V,primary,EVER.V,CAD,2026-04-07,2026-04-07,3,placement_or_private,1,0,0.078431,-0.031335,0.078732,0.113417,-0.039216,-0.178866,0.075835,0.092904,-0.294118,-0.461619,-0.174459,-0.282637
exploits-discovery,Exploits Discovery Corp.,NFLDF,fallback,NFLDF,USD,2025-04-24,2025-04-24,1,open_market,1,0,0.181818,0.122516,0.176365,0.12315,0.545455,0.385364,0.532113,0.398242,1.0,0.772083,0.775473,0.35007
exploits-discovery,Exploits Discovery Corp.,NFLDF,fallback,NFLDF,USD,2025-04-29,2025-04-29,1,open_market,1,0,0.0,-0.064457,0.00147,-0.079487,0.416667,0.267619,0.41879,0.293387,0.833333,0.611566,0.59985,0.140758
exploits-discovery,Exploits Discovery Corp.,NFLDF,fallback,NFLDF,USD,2025-06-06,2025-06-06,1,open_market,1,0,-0.142857,-0.186586,-0.14928,-0.143314,-0.095238,-0.178658,-0.165721,-0.373488,0.047619,-0.093834,-0.220092,-0.594784
exploits-discovery,Exploits Discovery Corp.,NFLDF,fallback,NFLDF,USD,2025-06-08,2025-06-09,1,open_market,1,0,-0.15,-0.190655,-0.146412,-0.128397,-0.05,-0.129309,-0.129675,-0.357554,0.15,0.006574,-0.110322,-0.483751
exploits-discovery,Exploits Discovery Corp.,NFLDF,fallback,NFLDF,USD,2025-12-30,2025-12-30,1,placement_or_private,1,0,0.0,-0.010233,-0.2432,-0.198928,-0.392857,-0.312742,-0.432191,-0.355961,-0.5,-0.561105,-0.436674,-0.386443
exploits-discovery,Exploits Discovery Corp.,NFLDF,fallback,NFLDF,USD,2025-12-31,2025-12-31,1,placement_or_private,1,0,-0.142857,-0.157595,-0.265589,-0.226029,-0.357143,-0.310832,-0.442884,-0.399709,-0.5,-0.586638,-0.43003,-0.38887
exploits-discovery,Exploits Discovery Corp.,NFLDF,fallback,NFLDF,USD,2026-01-03,2026-01-05,1,placement_or_private,1,0,-0.172414,-0.170189,-0.283017,-0.276233,-0.310345,-0.263974,-0.360863,-0.365902,-0.517241,-0.600211,-0.442307,-0.460921
falco-resources,Falco Resources,FPC.V,primary,FPC.V,CAD,2025-10-17,2025-10-17,1,placement_or_private,1,0,0.096774,0.085425,0.130271,0.125718,0.419355,0.377437,0.331075,0.224619,0.322581,0.269073,0.190264,0.127952
falco-resources,Falco Resources,FPC.V,primary,FPC.V,CAD,2025-10-18,2025-10-20,1,placement_or_private,1,0,0.030303,0.043218,0.100227,0.077162,0.30303,0.272701,0.258035,0.145117,0.393939,0.336082,0.287825,0.200531
falco-resources,Falco Resources,FPC.V,primary,FPC.V,CAD,2025-10-21,2025-10-21,4,placement_or_private,1,0,0.032258,0.060204,0.038594,0.0234,0.419355,0.38901,0.302586,0.095538,0.483871,0.425997,0.301785,0.155865
falcon-gold,Falcon Gold Corp.,FG.V,primary,FG.V,CAD,2026-04-16,2026-04-16,1,open_market,1,0,0.333333,0.279874,0.385119,0.431244,0.333333,0.257584,0.487237,0.547897,,,,
falcon-gold,Falcon Gold Corp.,FG.V,primary,FG.V,CAD,2026-05-01,2026-05-01,1,open_market,1,0,0.333333,0.283614,0.347653,0.286209,0.333333,0.304137,0.442081,0.414073,,,,
falcon-gold,Falcon Gold Corp.,FG.V,primary,FG.V,CAD,2026-06-12,2026-06-12,1,open_market,1,0,0.0,-0.017796,0.024655,0.032256,-0.25,-0.271678,-0.275405,-0.477629,,,,
fancamp-exploration,Fancamp Exploration Ltd.,FNC.V,primary,FNC.V,CAD,2026-07-28,2026-07-28,1,placement_or_private,1,0,0.066667,0.025849,-0.077444,-0.323248,,,,,,,,
fireweed-metals,Fireweed Metals,FWZ.V,primary,FWZ.V,CAD,2025-06-18,2025-06-18,1,open_market,1,0,0.18552,0.135072,0.191548,0.225732,0.312217,0.207504,0.217684,-0.021635,0.266968,0.127557,-0.008736,-0.414984
first-quantum-minerals,First Quantum Minerals,FM.TO,primary,FM.TO,CAD,2025-07-04,2025-07-04,3,open_market,1,0,-0.115277,-0.116953,-0.120938,-0.095786,0.259274,0.181069,0.104997,-0.27121,0.46789,0.369224,0.178532,-0.247582
first-quantum-minerals,First Quantum Minerals,FM.TO,primary,FM.TO,CAD,2025-10-02,2025-10-02,1,open_market,1,0,-0.077605,-0.096792,-0.115177,-0.027727,0.165664,0.146686,0.048637,0.043569,0.053532,0.081744,-0.15927,-0.120336
first-quantum-minerals,First Quantum Minerals,FM.TO,primary,FM.TO,CAD,2025-11-03,2025-11-03,1,open_market,1,0,0.164326,0.163521,0.115245,0.030328,0.351475,0.338846,0.144929,0.075428,0.135534,0.080934,-0.01198,-0.020419
first-quantum-minerals,First Quantum Minerals,FM.TO,primary,FM.TO,CAD,2025-11-12,2025-11-12,1,open_market,1,0,0.07812,0.080491,0.053637,0.013144,0.256402,0.243613,0.058443,0.005045,0.13128,0.049452,0.005215,-0.042009
first-quantum-minerals,First Quantum Minerals,FM.TO,primary,FM.TO,CAD,2026-01-02,2026-01-02,1,open_market,1,0,0.03218,0.019299,-0.084999,-0.056928,-0.072405,-0.032386,-0.150567,-0.158591,0.038884,-0.052733,0.108383,0.143639
first-quantum-minerals,First Quantum Minerals,FM.TO,primary,FM.TO,CAD,2026-04-02,2026-04-02,1,open_market,1,1,-0.065048,-0.163884,-0.050539,0.026382,0.119977,-0.017147,0.256932,0.29513,0.304423,0.139182,0.412758,0.293939
first-quantum-minerals,First Quantum Minerals,FM.TO,primary,FM.TO,CAD,2026-05-04,2026-05-04,1,open_market,1,0,0.459407,0.408948,0.475901,0.448706,0.251933,0.211516,0.35603,0.34529,,,,
first-quantum-minerals,First Quantum Minerals,FM.TO,primary,FM.TO,CAD,2026-06-30,2026-06-30,1,open_market,1,0,0.005679,0.012482,-0.018155,-0.001694,0.157202,0.131973,0.131332,-0.045853,,,,
first-quantum-minerals,First Quantum Minerals,FM.TO,primary,FM.TO,CAD,2026-07-02,2026-07-02,1,open_market,1,0,-0.012452,-0.015473,0.004976,0.05636,-0.028463,-0.052429,-0.035629,-0.178283,,,,
fitzroy-minerals,Fitzroy Minerals,FTZ.V,primary,FTZ.V,CAD,2025-07-09,2025-07-09,1,placement_or_private,1,0,-0.171429,-0.192452,-0.196075,-0.272232,0.057143,-0.015062,-0.141666,-0.533755,0.2,0.097991,-0.137916,-0.581481
fitzroy-minerals,Fitzroy Minerals,FTZ.V,primary,FTZ.V,CAD,2025-07-11,2025-07-11,1,placement_or_private,1,0,-0.121212,-0.142956,-0.13386,-0.207405,0.090909,0.014677,-0.091177,-0.462809,0.333333,0.227564,0.009564,-0.476348
fitzroy-minerals,Fitzroy Minerals,FTZ.V,primary,FTZ.V,CAD,2025-10-03,2025-10-03,1,open_market,1,0,-0.057143,-0.076345,-0.086446,-0.001871,0.371429,0.352436,0.263303,0.256419,0.2,0.220875,-0.024192,-0.01914
fitzroy-minerals,Fitzroy Minerals,FTZ.V,primary,FTZ.V,CAD,2025-10-08,2025-10-08,1,open_market,1,0,0.055556,0.058735,0.066273,0.148014,0.222222,0.194441,0.112418,0.098393,0.194444,0.215511,0.045774,0.043354
fitzroy-minerals,Fitzroy Minerals,FTZ.V,primary,FTZ.V,CAD,2025-10-09,2025-10-09,1,open_market,1,0,0.055556,0.055839,0.047674,0.109659,0.222222,0.194777,0.102363,0.052471,0.111111,0.128901,-0.070538,-0.101534
fitzroy-minerals,Fitzroy Minerals,FTZ.V,primary,FTZ.V,CAD,2025-10-14,2025-10-14,1,open_market,1,0,0.085714,0.070901,0.080252,0.111663,0.657143,0.607417,0.548316,0.483912,0.085714,0.059696,-0.062241,-0.11956
fitzroy-minerals,Fitzroy Minerals,FTZ.V,primary,FTZ.V,CAD,2026-01-12,2026-01-12,1,open_market,1,0,-0.086207,-0.081604,-0.193731,-0.18039,-0.344828,-0.322243,-0.380116,-0.366894,-0.241379,-0.327388,-0.134281,-0.048852
fpx-nickel,FPX Nickel,FPX.V,primary,FPX.V,CAD,2025-07-22,2025-07-22,2,open_market,1,0,-0.08,-0.090638,-0.052129,-0.191336,1.0,0.932513,0.724612,0.403082,1.36,1.260137,1.027226,0.516389
fpx-nickel,FPX Nickel,FPX.V,primary,FPX.V,CAD,2025-10-10,2025-10-10,1,open_market,1,0,-0.142857,-0.170345,-0.140663,-0.08798,0.183673,0.127795,0.068887,0.010952,-0.142857,-0.178063,-0.320062,-0.38643
freeman-gold,Freeman Gold,FMAN.V,primary,FMAN.V,CAD,2025-05-20,2025-05-20,1,open_market,1,1,0.071429,0.063686,0.049424,-0.024145,0.428571,0.343474,0.417471,0.208618,0.428571,0.295182,0.19015,-0.253825
freeman-gold,Freeman Gold,FMAN.V,primary,FMAN.V,CAD,2025-08-06,2025-08-06,3,placement_or_private,1,0,0.176471,0.153619,0.110287,-0.043761,0.176471,0.10937,0.009578,-0.112443,1.294118,1.195142,0.918498,0.578012
freeman-gold,Freeman Gold,FMAN.V,primary,FMAN.V,CAD,2025-08-07,2025-08-07,1,placement_or_private,1,0,0.052632,0.028923,-0.004631,-0.162817,0.052632,-0.019065,-0.117878,-0.270608,1.157895,1.067298,0.707045,0.373218
freeman-gold,Freeman Gold,FMAN.V,primary,FMAN.V,CAD,2025-08-08,2025-08-08,1,open_market,1,0,0.052632,0.036843,-0.004867,-0.163555,0.105263,0.053268,-0.064103,-0.229738,1.157895,1.080978,0.707743,0.364495
freeman-gold,Freeman Gold,FMAN.V,primary,FMAN.V,CAD,2025-08-11,2025-08-11,1,placement_or_private,1,0,0.157895,0.132278,0.071329,-0.096564,0.052632,-0.002485,-0.141049,-0.300055,1.157895,1.071878,0.681764,0.406712
freeman-gold,Freeman Gold,FMAN.V,primary,FMAN.V,CAD,2025-09-23,2025-09-23,1,open_market,1,0,0.263158,0.250266,0.169843,0.235637,0.052632,0.020033,-0.125657,-0.178391,0.526316,0.54839,0.333162,0.461853
freeman-gold,Freeman Gold,FMAN.V,primary,FMAN.V,CAD,2025-10-20,2025-10-20,1,open_market,1,0,-0.136364,-0.123448,-0.066439,-0.089505,0.5,0.469671,0.455004,0.342087,0.409091,0.351233,0.302977,0.215683
freeman-gold,Freeman Gold,FMAN.V,primary,FMAN.V,CAD,2025-10-24,2025-10-24,1,open_market,1,0,-0.26087,-0.233967,-0.252261,-0.263954,0.565217,0.547897,0.368486,0.193813,0.26087,0.210726,0.107924,0.02778
freeman-gold,Freeman Gold,FMAN.V,primary,FMAN.V,CAD,2025-11-05,2025-11-05,1,open_market,1,0,-0.05,-0.061969,-0.104378,-0.196193,1.05,1.032364,0.810498,0.703925,0.55,0.490332,0.418489,0.397433
freeman-gold,Freeman Gold,FMAN.V,primary,FMAN.V,CAD,2025-11-06,2025-11-06,1,open_market,1,0,-0.095238,-0.118183,-0.150883,-0.235413,0.952381,0.92869,0.712263,0.610551,0.619048,0.539293,0.476452,0.473809
freeman-gold,Freeman Gold,FMAN.V,primary,FMAN.V,CAD,2025-11-11,2025-11-11,1,open_market,1,0,-0.095238,-0.104272,-0.130434,-0.204802,0.952381,0.936349,0.722934,0.671428,0.52381,0.443839,0.381919,0.331658
freeman-gold,Freeman Gold,FMAN.V,primary,FMAN.V,CAD,2025-11-12,2025-11-12,1,open_market,1,0,-0.095238,-0.092868,-0.119721,-0.160214,0.952381,0.939592,0.754422,0.701024,0.52381,0.441981,0.397744,0.35052
freeman-gold,Freeman Gold,FMAN.V,primary,FMAN.V,CAD,2025-11-13,2025-11-13,1,open_market,1,0,-0.05,-0.064463,-0.082831,-0.139113,1.05,1.020359,0.828619,0.730759,0.6,0.501583,0.469251,0.39575
freeman-gold,Freeman Gold,FMAN.V,primary,FMAN.V,CAD,2025-12-22,2025-12-22,1,open_market,1,0,0.75,0.749168,0.663358,0.656148,0.45,0.502947,0.437385,0.591385,0.45,0.359598,0.501711,0.552742
freeman-gold,Freeman Gold,FMAN.V,primary,FMAN.V,CAD,2025-12-30,2025-12-30,1,open_market,1,0,0.64,0.629767,0.3968,0.441072,0.24,0.320115,0.200666,0.276896,0.12,0.058895,0.183326,0.233557
freeman-gold,Freeman Gold,FMAN.V,primary,FMAN.V,CAD,2025-12-31,2025-12-31,1,open_market,1,0,0.535714,0.520976,0.412982,0.452543,0.25,0.29631,0.164259,0.207433,0.107143,0.020505,0.177113,0.218273
freeman-gold,Freeman Gold,FMAN.V,primary,FMAN.V,CAD,2026-01-09,2026-01-09,2,open_market,1,0,0.464286,0.469256,0.365388,0.428122,0.107143,0.127544,0.050589,0.06286,0.214286,0.140331,0.310843,0.397534
freeman-gold,Freeman Gold,FMAN.V,primary,FMAN.V,CAD,2026-01-14,2026-01-14,1,open_market,1,0,0.085714,0.098186,-0.000401,0.036204,-0.114286,-0.120225,-0.159245,-0.12822,-0.028571,-0.113759,0.1095,0.198783
freeman-gold,Freeman Gold,FMAN.V,primary,FMAN.V,CAD,2026-02-05,2026-02-05,1,open_market,1,0,-0.075,-0.067267,-0.146581,-0.187871,-0.225,-0.307952,-0.200287,-0.206623,-0.15,-0.288293,0.003254,-0.018131
freeman-gold,Freeman Gold,FMAN.V,primary,FMAN.V,CAD,2026-02-06,2026-02-06,1,open_market,1,0,-0.097561,-0.07115,-0.137191,-0.153516,-0.219512,-0.278821,-0.167301,-0.164547,-0.146341,-0.260978,-0.001828,-0.033847
freeman-gold,Freeman Gold,FMAN.V,primary,FMAN.V,CAD,2026-02-09,2026-02-09,1,open_market,1,0,-0.146341,-0.120951,-0.166062,-0.141372,-0.219512,-0.282442,-0.148296,-0.146204,0.0,-0.114288,0.1468,0.086698
freeman-gold,Freeman Gold,FMAN.V,primary,FMAN.V,CAD,2026-02-11,2026-02-11,1,open_market,1,0,-0.243902,-0.201024,-0.229382,-0.126069,-0.219512,-0.286308,-0.145308,-0.129948,0.0,-0.11716,0.139191,0.122521
freeman-gold,Freeman Gold,FMAN.V,primary,FMAN.V,CAD,2026-02-12,2026-02-12,1,open_market,1,0,-0.184211,-0.156351,-0.205146,-0.138607,-0.184211,-0.273808,-0.137931,-0.164181,0.052632,-0.078432,0.164353,0.10172
freeman-gold,Freeman Gold,FMAN.V,primary,FMAN.V,CAD,2026-06-29,2026-06-29,1,open_market,1,0,0.032258,0.047832,0.025475,0.052859,0.258065,0.217106,0.190698,0.000448,,,,
freeman-gold,Freeman Gold,FMAN.V,primary,FMAN.V,CAD,2026-07-03,2026-07-03,1,open_market,1,0,-0.078947,-0.07329,-0.051234,0.018779,-0.052632,-0.069549,-0.05428,-0.14838,,,,
freeman-gold,Freeman Gold,FMAN.V,primary,FMAN.V,CAD,2026-07-06,2026-07-06,1,open_market,1,0,-0.054054,-0.078692,-0.073707,-0.095851,-0.054054,-0.078492,-0.048846,-0.185234,,,,
freeman-gold,Freeman Gold,FMAN.V,primary,FMAN.V,CAD,2026-07-10,2026-07-10,1,open_market,1,0,0.205882,0.181629,0.148961,0.021352,,,,,,,,
freeman-gold,Freeman Gold,FMAN.V,primary,FMAN.V,CAD,2026-07-22,2026-07-22,1,open_market,1,0,0.28125,0.256752,0.164559,-0.047099,,,,,,,,
freeman-gold,Freeman Gold,FMAN.V,primary,FMAN.V,CAD,2026-07-24,2026-07-24,1,open_market,1,0,0.205882,0.169627,0.067512,-0.146256,,,,,,,,
freeman-gold,Freeman Gold,FMAN.V,primary,FMAN.V,CAD,2026-07-29,2026-07-29,1,open_market,1,0,0.15625,0.101566,0.054358,-0.19743,,,,,,,,
freeman-gold,Freeman Gold,FMAN.V,primary,FMAN.V,CAD,2026-08-01,2026-08-04,1,open_market,1,0,0.264706,0.26232,0.16833,-0.036257,,,,,,,,
freeman-gold,Freeman Gold,FMAN.V,primary,FMAN.V,CAD,2026-08-04,2026-08-04,1,open_market,1,0,0.264706,0.26232,0.16833,-0.036257,,,,,,,,
freeman-gold,Freeman Gold,FMAN.V,primary,FMAN.V,CAD,2026-08-05,2026-08-05,1,open_market,1,0,0.228571,0.228052,0.184608,0.033449,,,,,,,,
freeman-gold,Freeman Gold,FMAN.V,primary,FMAN.V,CAD,2026-08-08,2026-08-10,1,open_market,1,0,0.073171,0.086922,0.071159,-0.027874,,,,,,,,
freeman-gold,Freeman Gold,FMAN.V,primary,FMAN.V,CAD,2026-08-17,2026-08-17,1,open_market,1,0,0.0,0.024098,0.03391,-0.010828,,,,,,,,
freeman-gold,Freeman Gold,FMAN.V,primary,FMAN.V,CAD,2026-08-18,2026-08-18,1,open_market,1,0,0.108108,0.114428,0.108585,0.034873,,,,,,,,
freeman-gold,Freeman Gold,FMAN.V,primary,FMAN.V,CAD,2026-08-21,2026-08-21,1,open_market,1,0,0.0,0.005263,0.052414,0.052642,,,,,,,,
freeman-gold,Freeman Gold,FMAN.V,primary,FMAN.V,CAD,2026-09-02,2026-09-02,1,placement_or_private,1,0,-0.146341,-0.152196,-0.090132,-0.081722,,,,,,,,
garibaldi-resources,Garibaldi Resources,GGI.V,primary,GGI.V,CAD,2025-07-22,2025-07-22,1,placement_or_private,1,0,-0.1,-0.110638,-0.072129,-0.211336,0.8,0.732513,0.524612,0.203082,0.6,0.500137,0.267226,-0.243611
generation-mining,Generation Mining,GENM.TO,primary,GENM.TO,CAD,2025-04-23,2025-04-23,1,open_market,1,0,0.777778,0.696178,0.757689,0.712286,1.222222,1.047705,1.181221,1.062719,2.444444,2.190662,2.116765,1.593683
generation-mining,Generation Mining,GENM.TO,primary,GENM.TO,CAD,2025-04-28,2025-04-28,1,open_market,1,0,0.789474,0.722523,0.806492,0.718851,0.947368,0.790792,0.952772,0.816418,1.789474,1.56001,1.568003,1.11788
generation-mining,Generation Mining,GENM.TO,primary,GENM.TO,CAD,2025-06-24,2025-06-24,1,placement_or_private,1,0,0.1875,0.141948,0.174175,0.161336,0.5625,0.463518,0.435585,0.070368,1.4375,1.315858,1.134322,0.658476
generation-mining,Generation Mining,GENM.TO,primary,GENM.TO,CAD,2025-06-25,2025-06-25,2,placement_or_private,1,0,0.15625,0.106869,0.155338,0.131544,0.46875,0.376363,0.340657,-0.024448,1.59375,1.465752,1.26453,0.761682
generation-mining,Generation Mining,GENM.TO,primary,GENM.TO,CAD,2025-07-10,2025-07-10,1,open_market,1,0,-0.085714,-0.103866,-0.108085,-0.185499,1.228571,1.153007,1.012699,0.587757,1.371429,1.265983,1.022049,0.533655
generation-mining,Generation Mining,GENM.TO,primary,GENM.TO,CAD,2025-07-22,2025-07-22,1,open_market,1,0,-0.225,-0.235638,-0.197129,-0.336336,0.55,0.482513,0.274612,-0.046918,0.775,0.675137,0.442226,-0.068611
generation-mining,Generation Mining,GENM.TO,primary,GENM.TO,CAD,2025-08-20,2025-08-20,1,open_market,1,0,0.266667,0.226564,0.166719,0.006387,0.733333,0.698904,0.51933,0.345647,1.533333,1.464944,1.033074,0.711272
generation-mining,Generation Mining,GENM.TO,primary,GENM.TO,CAD,2025-11-04,2025-11-04,1,open_market,1,0,0.215686,0.202136,0.147211,0.027848,0.254902,0.225031,0.076027,-0.076005,0.27451,0.20726,0.106537,0.06728
generation-mining,Generation Mining,GENM.TO,primary,GENM.TO,CAD,2025-11-10,2025-11-10,1,open_market,1,0,0.207547,0.198552,0.179348,0.118556,0.264151,0.250679,0.06044,0.03322,0.245283,0.16284,0.098896,0.041433
generation-mining,Generation Mining,GENM.TO,primary,GENM.TO,CAD,2026-01-19,2026-01-19,2,placement_or_private,1,0,0.102941,0.090087,0.054797,0.087531,-0.014706,-0.062759,-0.034604,-0.008357,-0.117647,-0.214625,0.039753,0.15451
generation-mining,Generation Mining,GENM.TO,primary,GENM.TO,CAD,2026-01-27,2026-01-27,1,placement_or_private,1,0,0.194444,0.203345,0.191546,0.136657,-0.097222,-0.125519,-0.000163,0.060921,-0.180556,-0.243015,0.038306,0.100096
generation-mining,Generation Mining,GENM.TO,primary,GENM.TO,CAD,2026-04-13,2026-04-13,1,open_market,1,0,0.061538,-0.020388,0.072702,0.087538,0.015385,-0.084965,0.149412,0.219393,,,,
generation-mining,Generation Mining,GENM.TO,primary,GENM.TO,CAD,2026-05-21,2026-05-21,1,open_market,1,0,0.172414,0.167001,0.244046,0.205958,0.327586,0.292122,0.33514,0.171637,,,,
generation-mining,Generation Mining,GENM.TO,primary,GENM.TO,CAD,2026-05-27,2026-05-27,1,open_market,1,0,0.116667,0.145276,0.202005,0.201036,0.266667,0.246079,0.218734,0.007612,,,,
gfg-resources,GFG Resources,GFG.V,primary,GFG.V,CAD,2025-05-20,2025-05-20,1,open_market,1,0,-0.157895,-0.165637,-0.179899,-0.253468,-0.315789,-0.400887,-0.32689,-0.535743,-0.263158,-0.396547,-0.501579,-0.945554
gfg-resources,GFG Resources,GFG.V,primary,GFG.V,CAD,2025-07-31,2025-07-31,1,open_market,1,0,0.071429,0.050909,0.021554,-0.188544,0.0,-0.087505,-0.198178,-0.480836,0.214286,0.113966,-0.357209,-0.97692
gfg-resources,GFG Resources,GFG.V,primary,GFG.V,CAD,2025-08-06,2025-08-06,1,open_market,1,0,0.076923,0.054072,0.01074,-0.143309,0.076923,0.009822,-0.089969,-0.211991,0.153846,0.05487,-0.221774,-0.562259
gfg-resources,GFG Resources,GFG.V,primary,GFG.V,CAD,2025-08-07,2025-08-07,1,open_market,1,0,0.076923,0.053214,0.019661,-0.138525,0.076923,0.005227,-0.093587,-0.246316,0.230769,0.140172,-0.22008,-0.553907
gfg-resources,GFG Resources,GFG.V,primary,GFG.V,CAD,2025-08-19,2025-08-19,1,open_market,1,0,0.230769,0.195681,0.131349,0.007547,0.076923,0.036505,-0.140524,-0.321442,0.153846,0.088295,-0.361599,-0.708605
gfg-resources,GFG Resources,GFG.V,primary,GFG.V,CAD,2025-08-20,2025-08-20,1,open_market,1,0,0.230769,0.190666,0.130821,-0.029511,0.076923,0.042493,-0.13708,-0.310763,0.153846,0.085457,-0.346413,-0.668216
gfg-resources,GFG Resources,GFG.V,primary,GFG.V,CAD,2025-09-04,2025-09-04,1,open_market,1,0,0.230769,0.19982,0.136031,0.020625,0.076923,0.023358,-0.107319,-0.213471,0.076923,0.028843,-0.356056,-0.564495
gfg-resources,GFG Resources,GFG.V,primary,GFG.V,CAD,2025-09-05,2025-09-05,1,open_market,1,0,0.142857,0.108913,0.062537,-0.037246,0.0,-0.057398,-0.1694,-0.259838,0.071429,0.012888,-0.353734,-0.535609
gfg-resources,GFG Resources,GFG.V,primary,GFG.V,CAD,2025-09-17,2025-09-17,1,open_market,1,0,0.0,-0.007904,-0.154376,-0.201396,-0.125,-0.15487,-0.299852,-0.393526,-0.0625,-0.077443,-0.428883,-0.438438
gfg-resources,GFG Resources,GFG.V,primary,GFG.V,CAD,2025-09-25,2025-09-25,1,open_market,1,0,0.066667,0.03749,-0.028388,0.033231,0.0,-0.04913,-0.194866,-0.236837,0.0,0.007401,-0.172241,-0.135301
gfg-resources,GFG Resources,GFG.V,primary,GFG.V,CAD,2025-09-29,2025-09-29,1,open_market,1,0,-0.125,-0.160725,-0.154904,-0.08384,-0.0625,-0.102625,-0.244875,-0.259403,-0.125,-0.080415,-0.301587,-0.245218
gfg-resources,GFG Resources,GFG.V,primary,GFG.V,CAD,2025-10-01,2025-10-01,1,open_market,1,0,-0.125,-0.145361,-0.158958,-0.080135,-0.125,-0.152766,-0.245383,-0.263814,-0.0625,-0.007926,-0.226952,-0.164589
gfg-resources,GFG Resources,GFG.V,primary,GFG.V,CAD,2025-11-04,2025-11-04,2,placement_or_private,1,0,0.0,-0.013551,-0.068475,-0.187838,0.071429,0.041558,-0.107446,-0.259478,0.357143,0.289893,0.18917,0.149913
gfg-resources,GFG Resources,GFG.V,primary,GFG.V,CAD,2025-11-10,2025-11-10,5,placement_or_private,1,0,0.0,-0.008996,-0.028199,-0.088991,0.071429,0.057957,-0.132282,-0.159503,0.357143,0.2747,0.210756,0.153293
gfg-resources,GFG Resources,GFG.V,primary,GFG.V,CAD,2025-11-11,2025-11-11,1,open_market,1,0,0.0,-0.009034,-0.035196,-0.109563,0.071429,0.055396,-0.158018,-0.209524,0.357143,0.277172,0.215252,0.164992
gfg-resources,GFG Resources,GFG.V,primary,GFG.V,CAD,2025-11-27,2025-11-27,1,open_market,1,0,0.071429,0.061303,-0.002976,0.002408,0.071429,0.057147,-0.149104,-0.241267,0.428571,0.330238,0.361231,0.389753
gfg-resources,GFG Resources,GFG.V,primary,GFG.V,CAD,2025-12-04,2025-12-04,1,open_market,1,0,0.0,0.001783,-0.028802,-0.026858,0.071429,0.070347,-0.147283,-0.203129,0.357143,0.247293,0.29303,0.318463
gfg-resources,GFG Resources,GFG.V,primary,GFG.V,CAD,2025-12-11,2025-12-11,1,open_market,1,0,0.0,-0.00711,-0.053987,-0.057792,0.142857,0.161488,-0.06821,-0.003607,0.428571,0.359097,0.434827,0.54234
gfg-resources,GFG Resources,GFG.V,primary,GFG.V,CAD,2026-01-12,2026-01-12,1,open_market,1,0,0.0,0.004603,-0.107524,-0.094183,-0.0625,-0.039915,-0.097789,-0.084566,0.375,0.288991,0.482098,0.567527
gfg-resources,GFG Resources,GFG.V,primary,GFG.V,CAD,2026-01-15,2026-01-15,1,open_market,1,0,-0.0625,-0.047346,-0.155312,-0.124126,-0.125,-0.136123,-0.165465,-0.122069,0.375,0.288917,0.495899,0.587852
gfg-resources,GFG Resources,GFG.V,primary,GFG.V,CAD,2026-01-19,2026-01-19,1,open_market,1,0,-0.125,-0.137855,-0.173144,-0.14041,0.0,-0.048053,-0.019898,0.006349,0.375,0.278023,0.5324,0.647157
gfg-resources,GFG Resources,GFG.V,primary,GFG.V,CAD,2026-01-21,2026-01-21,1,open_market,1,0,-0.125,-0.13088,-0.181402,-0.17572,0.0,-0.027254,0.031628,0.078704,0.375,0.292289,0.546326,0.653932
gfg-resources,GFG Resources,GFG.V,primary,GFG.V,CAD,2026-01-23,2026-01-23,1,open_market,1,0,-0.125,-0.12529,-0.148188,-0.126836,0.0625,0.034614,0.121365,0.197588,0.375,0.290587,0.547227,0.628645
gfg-resources,GFG Resources,GFG.V,primary,GFG.V,CAD,2026-02-03,2026-02-03,1,open_market,1,0,-0.0625,-0.050579,-0.088563,-0.108741,0.25,0.208697,0.337125,0.395143,0.375,0.29161,0.557152,0.601015
gfg-resources,GFG Resources,GFG.V,primary,GFG.V,CAD,2026-02-12,2026-02-12,1,open_market,1,0,0.071429,0.099288,0.050493,0.117032,0.357143,0.267545,0.403422,0.377172,0.642857,0.511793,0.754579,0.691946
gfg-resources,GFG Resources,GFG.V,primary,GFG.V,CAD,2026-02-24,2026-02-24,1,open_market,1,0,0.0,0.061483,0.155854,0.261132,0.357143,0.272339,0.485227,0.566215,0.642857,0.52884,0.750841,0.698461
gfg-resources,GFG Resources,GFG.V,primary,GFG.V,CAD,2026-03-09,2026-03-09,1,open_market,1,0,-0.058824,-0.055492,0.021595,-0.013211,0.176471,0.089072,0.337921,0.398735,0.352941,0.21742,0.492107,0.351179
gladiator-metals,Gladiator Metals,GLAD.V,primary,GLAD.V,CAD,2025-09-02,2025-09-02,1,open_market,1,0,-0.100917,-0.146133,-0.190601,-0.311959,0.045872,-0.016602,-0.151186,-0.284503,0.183486,0.112079,-0.302278,-0.622167
gladiator-metals,Gladiator Metals,GLAD.V,primary,GLAD.V,CAD,2025-10-21,2025-10-21,1,open_market,1,0,0.211111,0.239057,0.217447,0.202253,0.488889,0.458544,0.37212,0.165072,0.588889,0.531015,0.406803,0.260883
globex-mining-enterprises,Globex Mining Enterprises,GMX.TO,primary,GMX.TO,CAD,2025-07-10,2025-07-10,1,open_market,1,0,0.007634,-0.010519,-0.014737,-0.092151,0.427481,0.351916,0.211609,-0.213334,0.427481,0.322035,0.078101,-0.410293
globex-mining-enterprises,Globex Mining Enterprises,GMX.TO,primary,GMX.TO,CAD,2025-07-14,2025-07-14,1,open_market,1,0,0.03876,0.006622,0.034864,-0.060418,0.410853,0.365703,0.21245,-0.145118,0.534884,0.424034,0.189246,-0.295843
globex-mining-enterprises,Globex Mining Enterprises,GMX.TO,primary,GMX.TO,CAD,2025-08-20,2025-08-20,1,open_market,1,0,0.141732,0.101629,0.041784,-0.118548,0.330709,0.296279,0.116706,-0.056977,1.251969,1.183579,0.751709,0.429907
globex-mining-enterprises,Globex Mining Enterprises,GMX.TO,primary,GMX.TO,CAD,2025-09-08,2025-09-08,1,open_market,1,0,0.375,0.337579,0.263059,0.160796,0.235294,0.178484,0.081122,-0.002827,0.838235,0.801939,0.424013,0.327957
globex-mining-enterprises,Globex Mining Enterprises,GMX.TO,primary,GMX.TO,CAD,2025-12-08,2025-12-08,1,placement_or_private,1,0,0.156627,0.147923,0.09485,0.043574,0.506024,0.52248,0.277468,0.271874,0.162651,0.083778,0.134577,0.20047
globex-mining-enterprises,Globex Mining Enterprises,GMX.TO,primary,GMX.TO,CAD,2026-03-23,2026-03-23,1,open_market,1,0,0.071749,-0.013438,-0.005521,-0.070743,-0.134529,-0.273929,-0.092652,-0.143404,-0.026906,-0.189117,-0.019803,-0.241505
globex-mining-enterprises,Globex Mining Enterprises,GMX.TO,primary,GMX.TO,CAD,2026-06-11,2026-06-11,1,open_market,1,1,-0.005319,-0.028619,0.01878,-0.00605,0.180851,0.147453,0.136768,-0.126196,,,,
globex-mining-enterprises,Globex Mining Enterprises,GMX.TO,primary,GMX.TO,CAD,2026-07-10,2026-07-10,1,open_market,1,1,0.02139,-0.002863,-0.035531,-0.16314,,,,,,,,
gold-finder-resources,Gold Finder Resources,GLD.V,primary,GLD.V,CAD,2025-04-17,2025-04-17,1,open_market,1,1,0.2,0.071222,0.238808,0.261397,0.0,-0.185806,-0.006991,-0.060724,0.2,-0.058012,-0.043924,-0.546609
gold-finder-resources,Gold Finder Resources,GLD.V,primary,GLD.V,CAD,2025-05-28,2025-05-28,1,open_market,1,1,0.0,-0.046246,0.008525,0.002104,0.0,-0.097715,-0.027221,-0.239256,0.4,0.262182,0.14856,-0.248996
goldcliff-resource,Goldcliff Resource Corp,GCN.V,primary,GCN.V,CAD,2025-10-02,2025-10-02,1,placement_or_private,1,0,0.2,0.180813,0.162428,0.249878,0.2,0.181023,0.082973,0.077906,-0.2,-0.171788,-0.412802,-0.373868
golden-goliath-resources,Golden Goliath Resources,GNG.V,primary,GNG.V,CAD,2025-11-06,2025-11-06,1,placement_or_private,1,0,0.125,0.102055,0.069355,-0.015175,0.375,0.351309,0.134882,0.03317,0.625,0.545246,0.482404,0.479762
golden-goliath-resources,Golden Goliath Resources,GNG.V,primary,GNG.V,CAD,2025-11-10,2025-11-10,1,placement_or_private,1,0,0.375,0.366004,0.346801,0.286009,0.25,0.236529,0.046289,0.019069,0.625,0.542557,0.478613,0.42115
golden-goliath-resources,Golden Goliath Resources,GNG.V,primary,GNG.V,CAD,2026-04-16,2026-04-16,1,placement_or_private,1,0,0.066667,0.013208,0.118453,0.164578,-0.4,-0.475749,-0.246096,-0.185436,,,,
golden-goliath-resources,Golden Goliath Resources,GNG.V,primary,GNG.V,CAD,2026-04-17,2026-04-17,1,placement_or_private,1,0,0.142857,0.101978,0.207082,0.267073,-0.357143,-0.414287,-0.175567,-0.094139,,,,
goldstorm-metals,Goldstorm Metals,GSTM.V,primary,GSTM.V,CAD,2026-05-05,2026-05-05,1,placement_or_private,1,0,0.055556,0.009519,0.072291,0.032214,-0.055556,-0.102394,0.05576,0.03401,,,,
goliath-resources,Goliath Resources,GOT.V,primary,GOT.V,CAD,2026-04-20,2026-04-20,1,open_market,1,0,-0.098266,-0.144166,-0.042418,0.030824,-0.236994,-0.285772,-0.070331,0.020549,,,,
goliath-resources,Goliath Resources,GOT.V,primary,GOT.V,CAD,2026-07-17,2026-07-17,1,open_market,1,0,0.181818,0.137354,0.092054,-0.094919,,,,,,,,
goliath-resources,Goliath Resources,GOT.V,primary,GOT.V,CAD,2026-07-20,2026-07-20,1,open_market,1,0,0.26087,0.224526,0.135081,-0.103244,,,,,,,,
granada-gold-mine,Granada Gold Mine,GGM.V,primary,GGM.V,CAD,2025-09-09,2025-09-09,1,open_market,1,0,0.75,0.71797,0.656095,0.584728,0.25,0.198795,0.096255,0.030883,0.5,0.466094,0.08256,-0.004667
harfang-exploration,Harfang Exploration,HAR.V,primary,HAR.V,CAD,2025-12-18,2025-12-18,1,open_market,1,0,0.142857,0.120402,0.085853,0.032565,-0.142857,-0.120624,-0.258696,-0.141471,-0.285714,-0.394899,-0.283356,-0.297443
harfang-exploration,Harfang Exploration,HAR.V,primary,HAR.V,CAD,2026-03-10,2026-03-10,1,open_market,1,0,-0.285714,-0.289746,-0.202112,-0.225655,-0.285714,-0.37733,-0.117067,-0.051286,-0.285714,-0.423063,-0.136947,-0.271866
harfang-exploration,Harfang Exploration,HAR.V,primary,HAR.V,CAD,2026-03-24,2026-03-24,1,open_market,1,0,0.2,0.115383,0.133413,0.099346,0.0,-0.13964,0.048351,0.003724,0.0,-0.166126,0.007324,-0.198614
harfang-exploration,Harfang Exploration,HAR.V,primary,HAR.V,CAD,2026-07-28,2026-07-28,2,placement_or_private,1,0,0.0,-0.040817,-0.14411,-0.389914,,,,,,,,
harfang-exploration,Harfang Exploration,HAR.V,primary,HAR.V,CAD,2026-08-11,2026-08-11,1,placement_or_private,1,0,0.0,0.01652,0.011472,-0.067906,,,,,,,,
hecla-mining,Hecla Mining,HL,primary,HL,USD,2025-05-06,2025-05-06,1,open_market,1,0,0.308316,0.247024,0.327811,0.212112,0.210953,0.081444,0.225439,0.139197,1.610548,1.389968,1.443691,1.052163
hecla-mining,Hecla Mining,HL,primary,HL,USD,2025-05-07,2025-05-07,1,open_market,1,0,0.284836,0.217136,0.30276,0.205986,0.258197,0.13912,0.256877,0.122794,1.614754,1.397005,1.428012,1.055945
hemlo-mining,Hemlo Mining Corp.,HMMC.V,primary,HMMC.TO,CAD,2025-12-04,2025-12-04,2,open_market,1,0,0.351351,0.353134,0.32255,0.324493,1.051351,1.05027,0.832639,0.776794,0.745946,0.636096,0.681833,0.707267
hemlo-mining,Hemlo Mining Corp.,HMMC.V,primary,HMMC.TO,CAD,2025-12-05,2025-12-05,1,open_market,1,0,0.285347,0.289022,0.254708,0.251472,0.81491,0.821298,0.608694,0.589884,0.66581,0.565837,0.610355,0.65053
hemlo-mining,Hemlo Mining Corp.,HMMC.V,primary,HMMC.TO,CAD,2025-12-12,2025-12-12,2,open_market,1,0,0.181592,0.163536,0.133468,0.114952,0.59204,0.615068,0.41138,0.466248,0.412935,0.348881,0.465687,0.568592
hemlo-mining,Hemlo Mining Corp.,HMMC.V,primary,HMMC.TO,CAD,2025-12-17,2025-12-17,1,open_market,1,0,0.136842,0.106666,0.081744,0.027499,0.284211,0.285119,0.133994,0.216098,0.410526,0.286264,0.417388,0.422582
hemlo-mining,Hemlo Mining Corp.,HMMC.V,primary,HMMC.TO,CAD,2026-01-02,2026-01-02,1,open_market,1,0,0.226,0.213119,0.108821,0.136892,0.31,0.350019,0.231839,0.223815,0.054,-0.037617,0.123499,0.158755
hemlo-mining,Hemlo Mining Corp.,HMMC.V,primary,HMMC.TO,CAD,2026-01-05,2026-01-05,1,open_market,1,0,0.308151,0.310376,0.197548,0.204332,0.302187,0.348557,0.251668,0.24663,0.172962,0.089992,0.247896,0.229283
hemlo-mining,Hemlo Mining Corp.,HMMC.V,primary,HMMC.TO,CAD,2026-01-06,2026-01-06,1,open_market,1,0,0.134766,0.155277,0.065304,0.1365,0.224609,0.272137,0.189588,0.207146,0.152344,0.075776,0.237174,0.238996
hemlo-mining,Hemlo Mining Corp.,HMMC.V,primary,HMMC.TO,CAD,2026-01-12,2026-01-12,3,open_market,1,0,0.337187,0.34179,0.229663,0.243004,0.196532,0.219117,0.161243,0.174466,0.22736,0.141351,0.334458,0.419887
hemlo-mining,Hemlo Mining Corp.,HMMC.V,primary,HMMC.TO,CAD,2026-01-13,2026-01-13,1,open_market,1,0,0.234405,0.252422,0.163821,0.232361,0.177694,0.188749,0.14513,0.1701,0.204159,0.115974,0.309986,0.404011
hemlo-mining,Hemlo Mining Corp.,HMMC.V,primary,HMMC.TO,CAD,2026-01-20,2026-01-20,1,open_market,1,0,0.226714,0.21653,0.175642,0.217753,0.254833,0.208875,0.243718,0.297797,-0.012302,-0.10928,0.145098,0.278548
hemlo-mining,Hemlo Mining Corp.,HMMC.V,primary,HMMC.TO,CAD,2026-05-26,2026-05-26,1,open_market,1,0,-0.077176,-0.055473,0.030409,0.052711,0.323481,0.306321,0.292829,0.123157,,,,
hemlo-mining,Hemlo Mining Corp.,HMMC.V,primary,HMMC.TO,CAD,2026-05-27,2026-05-27,1,open_market,1,0,-0.065109,-0.036499,0.02023,0.019261,0.392321,0.371733,0.344388,0.133266,,,,
hemlo-mining,Hemlo Mining Corp.,HMMC.V,primary,HMMC.TO,CAD,2026-05-29,2026-05-29,1,open_market,1,0,-0.125,-0.088661,-0.020737,-0.002087,0.23125,0.211924,0.218112,0.043377,,,,
hemlo-mining,Hemlo Mining Corp.,HMMC.V,primary,HMMC.TO,CAD,2026-06-05,2026-06-05,1,open_market,1,0,-0.06051,-0.070312,-0.014805,-0.119176,0.265924,0.217629,0.230642,-0.034354,,,,
hemlo-mining,Hemlo Mining Corp.,HMMC.V,primary,HMMC.TO,CAD,2026-06-08,2026-06-08,1,open_market,1,0,-0.129082,-0.137443,-0.07164,-0.091701,0.241058,0.199162,0.217144,-0.046508,,,,
hemlo-mining,Hemlo Mining Corp.,HMMC.V,primary,HMMC.TO,CAD,2026-06-10,2026-06-10,1,open_market,1,0,0.121479,0.080786,0.114992,0.064522,0.410211,0.354341,0.343096,0.048204,,,,
hemlo-mining,Hemlo Mining Corp.,HMMC.V,primary,HMMC.TO,CAD,2026-06-11,2026-06-11,2,open_market,1,0,0.094502,0.071201,0.118601,0.093771,0.414089,0.380691,0.370007,0.107042,,,,
hemlo-mining,Hemlo Mining Corp.,HMMC.V,primary,HMMC.TO,CAD,2026-06-17,2026-06-17,2,open_market,1,0,-0.141985,-0.145129,-0.090029,0.013443,0.129771,0.107597,0.115489,0.012516,,,,
hemlo-mining,Hemlo Mining Corp.,HMMC.V,primary,HMMC.TO,CAD,2026-06-18,2026-06-18,1,open_market,1,0,-0.131376,-0.126755,-0.083044,0.004192,0.102009,0.09222,0.090075,-0.032611,,,,
hemlo-mining,Hemlo Mining Corp.,HMMC.V,primary,HMMC.TO,CAD,2026-06-29,2026-06-29,1,open_market,1,0,-0.057728,-0.042155,-0.064511,-0.037127,0.255121,0.214163,0.187754,-0.002496,,,,
hemlo-mining,Hemlo Mining Corp.,HMMC.V,primary,HMMC.TO,CAD,2026-09-25,2026-09-25,2,open_market,1,0,,,,,,,,,,,,
highland-copper,Highland Copper,HI.V,primary,HI.V,CAD,2025-06-23,2025-06-23,1,open_market,1,0,0.333333,0.276581,0.329797,0.322219,0.333333,0.227443,0.243003,-0.057751,0.444444,0.310411,0.161752,-0.27856
highland-copper,Highland Copper,HI.V,primary,HI.V,CAD,2025-06-24,2025-06-24,2,open_market,1,0,0.333333,0.287781,0.320008,0.30717,0.333333,0.234352,0.206419,-0.158798,0.444444,0.322802,0.141267,-0.334579
highland-copper,Highland Copper,HI.V,primary,HI.V,CAD,2025-11-17,2025-11-17,1,open_market,1,0,0.0,-0.008608,-0.074371,-0.117645,0.461538,0.437382,0.216765,0.134629,0.230769,0.120354,0.107966,0.1061
highland-copper,Highland Copper,HI.V,primary,HI.V,CAD,2025-12-01,2025-12-01,1,open_market,1,0,0.166667,0.164241,0.149835,0.149644,0.583333,0.574925,0.342153,0.230434,0.416667,0.304638,0.346442,0.377018
highland-copper,Highland Copper,HI.V,primary,HI.V,CAD,2025-12-05,2025-12-05,1,open_market,1,0,0.0,0.003675,-0.030639,-0.033875,0.214286,0.220673,0.00807,-0.01074,0.214286,0.114313,0.158831,0.199006
honey-badger-silver,Honey Badger Silver,TUF.V,primary,TUF.V,CAD,2026-01-19,2026-01-19,2,placement_or_private,1,0,-0.241379,-0.254234,-0.289523,-0.25679,0.103448,0.055395,0.08355,0.109798,1.517241,1.420264,1.674641,1.789398
honey-badger-silver,Honey Badger Silver,TUF.V,primary,TUF.V,CAD,2026-04-28,2026-04-28,1,placement_or_private,1,0,1.08,1.019707,1.101663,1.088133,0.44,0.4015,0.552062,0.541747,,,,
honey-badger-silver,Honey Badger Silver,TUF.V,primary,TUF.V,CAD,2026-04-30,2026-04-30,1,placement_or_private,1,0,1.26087,1.208244,1.276306,1.223132,0.543478,0.52845,0.667587,0.656995,,,,
honey-badger-silver,Honey Badger Silver,TUF.V,primary,TUF.V,CAD,2026-05-08,2026-05-08,3,mixed,1,0,0.054795,0.054889,0.141315,0.210996,0.246575,0.20463,0.348242,0.322913,,,,
honey-badger-silver,Honey Badger Silver,TUF.V,primary,TUF.V,CAD,2026-05-14,2026-05-14,1,open_market,1,0,-0.130435,-0.121854,-0.035236,0.013708,0.01087,-0.021636,0.063045,0.014911,,,,
honey-badger-silver,Honey Badger Silver,TUF.V,primary,TUF.V,CAD,2026-06-05,2026-06-05,1,open_market,1,0,0.012987,0.003184,0.058692,-0.04568,0.012987,-0.035308,-0.022295,-0.28729,,,,
honey-badger-silver,Honey Badger Silver,TUF.V,primary,TUF.V,CAD,2026-06-10,2026-06-10,1,open_market,1,0,0.230769,0.190076,0.224282,0.173812,0.092308,0.036437,0.025193,-0.269699,,,,
hudbay-minerals,Hudbay Minerals,HBM.TO,primary,HBM.TO,CAD,2026-03-06,2026-03-06,1,open_market,1,0,-0.006275,0.018339,0.086859,0.070846,0.384082,0.258097,0.515526,0.541385,0.247688,0.109701,0.397062,0.272018
hudbay-minerals,Hudbay Minerals,HBM.TO,primary,HBM.TO,CAD,2026-03-30,2026-03-30,3,open_market,1,0,0.158311,0.03234,0.151485,0.161365,0.245383,0.091863,0.344157,0.325367,0.419148,0.1986,0.470212,0.264903
iamgold,IAMGOLD,IAG,primary,IMG.TO,CAD,2025-06-11,2025-06-11,1,open_market,1,1,-0.035,-0.072016,-0.037497,-0.0366,0.386,0.304568,0.302691,0.048359,1.057,0.920193,0.807138,0.43439
iamgold,IAMGOLD,IAG,primary,IMG.TO,CAD,2025-07-01,2025-07-02,1,open_market,1,0,-0.065217,-0.067264,-0.064765,-0.05338,0.77668,0.702975,0.627221,0.263986,1.231225,1.122594,0.9423,0.508929
iamgold,IAMGOLD,IAG,primary,IMG.TO,CAD,2025-11-13,2025-11-13,1,open_market,1,0,0.127715,0.113251,0.094884,0.038602,0.577042,0.547401,0.355662,0.257801,0.350569,0.252152,0.219819,0.146318
iamgold,IAMGOLD,IAG,primary,IMG.TO,CAD,2026-05-11,2026-05-11,1,open_market,1,1,-0.203312,-0.184551,-0.065108,0.026227,-0.015787,-0.061723,0.067452,0.015256,,,,
iamgold,IAMGOLD,IAG,primary,IMG.TO,CAD,2026-05-12,2026-05-12,1,open_market,1,1,-0.137443,-0.136874,-0.029781,0.051618,-0.01876,-0.06597,0.051437,0.013175,,,,
iamgold,IAMGOLD,IAG,primary,IMG.TO,CAD,2026-06-08,2026-06-08,2,open_market,1,1,-0.019797,-0.028158,0.037645,0.017584,0.305249,0.263353,0.281335,0.017683,,,,
independence-gold,Independence Gold,IGO.V,primary,IGO.V,CAD,2025-11-25,2025-11-25,1,open_market,1,0,0.1,0.077245,0.016202,-0.012376,0.0,-0.010918,-0.26626,-0.340899,0.0,-0.104619,-0.088771,-0.039896
independence-gold,Independence Gold,IGO.V,primary,IGO.V,CAD,2025-11-27,2025-11-27,1,open_market,1,0,0.1,0.089874,0.025596,0.030979,0.0,-0.014282,-0.220532,-0.312695,0.0,-0.098333,-0.06734,-0.038818
independence-gold,Independence Gold,IGO.V,primary,IGO.V,CAD,2025-12-22,2025-12-22,1,placement_or_private,1,0,-0.090909,-0.091741,-0.177551,-0.184761,-0.181818,-0.128871,-0.194434,-0.040433,-0.090909,-0.181311,-0.039198,0.011833
independence-gold,Independence Gold,IGO.V,primary,IGO.V,CAD,2026-04-07,2026-04-07,1,open_market,1,0,0.222222,0.112456,0.222523,0.257207,0.222222,0.082572,0.337273,0.354342,0.555556,0.388055,0.675215,0.567036
independence-gold,Independence Gold,IGO.V,primary,IGO.V,CAD,2026-07-03,2026-07-03,1,open_market,1,0,0.0,0.005657,0.027713,0.097727,0.363636,0.346719,0.361988,0.267888,,,,
independence-gold,Independence Gold,IGO.V,primary,IGO.V,CAD,2026-07-13,2026-07-13,1,open_market,1,0,0.181818,0.15069,0.078885,-0.05192,,,,,,,,
integra-resources,Integra Resources,ITR.V,primary,ITR.V,CAD,2025-06-27,2025-06-27,1,open_market,1,0,0.044335,0.008248,0.023818,-0.010618,0.847291,0.777134,0.702778,0.332643,1.931034,1.808301,1.563496,1.064484
integra-resources,Integra Resources,ITR.V,primary,ITR.V,CAD,2025-08-29,2025-08-29,1,open_market,1,0,0.305732,0.279734,0.215595,0.089262,0.474522,0.420837,0.270008,0.106309,0.770701,0.696133,0.282286,-0.028661
integra-resources,Integra Resources,ITR.V,primary,ITR.V,CAD,2025-09-16,2025-09-16,1,open_market,1,0,0.289694,0.288724,0.122256,0.009838,0.632312,0.600903,0.466789,0.367323,0.200557,0.197087,-0.156491,-0.154518
integra-resources,Integra Resources,ITR.V,primary,ITR.V,CAD,2026-03-31,2026-03-31,1,open_market,1,0,-0.021277,-0.126329,-0.005868,0.034422,-0.170213,-0.309617,-0.026798,-0.022927,0.026596,-0.159476,0.112305,-0.053372
integra-resources,Integra Resources,ITR.V,primary,ITR.V,CAD,2026-07-14,2026-07-14,2,open_market,1,0,0.209003,0.174354,0.136962,0.011968,,,,,,,,
international-tower-hill,International Tower Hill,ITH.TO,primary,ITH.TO,CAD,2026-09-18,2026-09-18,1,placement_or_private,1,0,,,,,,,,,,,,
inventus-mining,Inventus Mining,IVS.V,primary,IVS.V,CAD,2025-05-21,2025-05-21,1,placement_or_private,1,0,0.454545,0.434952,0.440452,0.388815,1.0,0.902292,1.001798,0.834053,1.636364,1.494288,1.421106,1.015698
inventus-mining,Inventus Mining,IVS.V,primary,IVS.V,CAD,2025-05-23,2025-05-23,1,open_market,1,0,0.230769,0.204574,0.229542,0.177923,0.615385,0.517925,0.623327,0.410357,1.230769,1.086548,1.020245,0.585536
inventus-mining,Inventus Mining,IVS.V,primary,IVS.V,CAD,2026-01-23,2026-01-23,1,open_market,1,0,-0.117647,-0.117937,-0.140835,-0.119483,-0.294118,-0.322004,-0.235253,-0.15903,-0.294118,-0.378531,-0.121891,-0.040472
inventus-mining,Inventus Mining,IVS.V,primary,IVS.V,CAD,2026-04-07,2026-04-07,1,open_market,1,0,0.043478,-0.066288,0.043779,0.078463,0.130435,-0.009215,0.245485,0.262554,0.173913,0.006412,0.293572,0.185393
inventus-mining,Inventus Mining,IVS.V,primary,IVS.V,CAD,2026-05-01,2026-05-01,2,placement_or_private,1,0,0.25,0.200281,0.26432,0.202875,0.0,-0.029196,0.108748,0.08074,,,,
inventus-mining,Inventus Mining,IVS.V,primary,IVS.V,CAD,2026-07-15,2026-07-15,2,open_market,1,1,0.16,0.131476,0.081767,-0.064319,,,,,,,,
inventus-mining,Inventus Mining,IVS.V,primary,IVS.V,CAD,2026-07-20,2026-07-20,1,open_market,1,1,0.076923,0.04058,-0.048866,-0.28719,,,,,,,,
inventus-mining,Inventus Mining,IVS.V,primary,IVS.V,CAD,2026-08-05,2026-08-05,1,open_market,1,1,0.074074,0.073554,0.03011,-0.121048,,,,,,,,
inventus-mining,Inventus Mining,IVS.V,primary,IVS.V,CAD,2026-08-12,2026-08-12,1,open_market,1,1,-0.1,-0.089385,-0.084812,-0.165636,,,,,,,,
inventus-mining,Inventus Mining,IVS.V,primary,IVS.V,CAD,2026-09-04,2026-09-04,1,open_market,1,1,-0.068966,-0.068251,-0.003499,0.019942,,,,,,,,
inventus-mining,Inventus Mining,IVS.V,primary,IVS.V,CAD,2026-09-10,2026-09-10,1,open_market,1,1,,,,,,,,,,,,
inventus-mining,Inventus Mining,IVS.V,primary,IVS.V,CAD,2026-10-01,2026-10-01,1,open_market,1,1,,,,,,,,,,,,
k2-gold,K2 Gold,KTO.V,primary,KTO.V,CAD,2025-05-28,2025-05-28,1,open_market,1,0,-0.027778,-0.074024,-0.019253,-0.025674,0.027778,-0.069937,0.000557,-0.211478,0.388889,0.251071,0.137449,-0.260107
k2-gold,K2 Gold,KTO.V,primary,KTO.V,CAD,2025-06-01,2025-06-02,1,open_market,1,0,0.0,-0.046802,0.007765,0.013427,0.085714,-0.002592,0.06518,-0.124531,0.857143,0.704151,0.612621,0.181054
k2-gold,K2 Gold,KTO.V,primary,KTO.V,CAD,2025-06-03,2025-06-03,1,open_market,1,0,-0.055556,-0.104625,-0.049826,-0.044828,0.055556,-0.02658,0.025903,-0.15527,0.805556,0.659101,0.549915,0.134049
k2-gold,K2 Gold,KTO.V,primary,KTO.V,CAD,2025-09-12,2025-09-12,1,open_market,1,0,0.093023,0.099701,-0.007448,-0.039226,0.604651,0.55634,0.43227,0.346857,0.906977,0.878197,0.487145,0.464729
kenorland-minerals,Kenorland Minerals,KLD.V,primary,KLD.V,CAD,2025-06-30,2025-06-30,1,open_market,1,0,-0.005236,-0.032119,0.00746,0.00015,0.120419,0.049253,-0.017068,-0.398353,0.382199,0.264921,0.015076,-0.445333
kenorland-minerals,Kenorland Minerals,KLD.V,primary,KLD.V,CAD,2025-11-14,2025-11-14,1,open_market,1,1,0.247312,0.232682,0.195498,0.145625,0.306452,0.292551,0.105819,0.071135,0.27957,0.174827,0.134501,0.067854
kenorland-minerals,Kenorland Minerals,KLD.V,primary,KLD.V,CAD,2026-01-30,2026-01-30,1,open_market,1,1,-0.071429,-0.062787,-0.158629,-0.309796,-0.2,-0.238571,-0.152152,-0.114148,-0.239286,-0.293464,-0.073267,-0.047865
kenorland-minerals,Kenorland Minerals,KLD.V,primary,KLD.V,CAD,2026-02-07,2026-02-09,1,open_market,1,1,0.057915,0.083306,0.038195,0.062884,-0.046332,-0.109262,0.024884,0.026977,-0.084942,-0.19923,0.061858,0.001756
kenorland-minerals,Kenorland Minerals,KLD.V,primary,KLD.V,CAD,2026-05-04,2026-05-04,1,open_market,1,1,-0.095238,-0.145697,-0.078745,-0.105939,-0.08658,-0.126997,0.017517,0.006777,,,,
kinross,Kinross Gold,KGC,primary,K.TO,CAD,2025-05-13,2025-05-13,1,open_market,1,0,0.103233,0.074417,0.060689,-0.057476,0.374348,0.290714,0.343994,0.141126,0.779458,0.636097,0.549544,0.121774
kinross,Kinross Gold,KGC,primary,K.TO,CAD,2026-03-05,2026-03-05,1,open_market,1,0,-0.019884,0.017515,0.058892,0.063882,-0.124218,-0.231262,0.000769,0.04985,-0.087578,-0.205689,0.061264,-0.035286
kinross,Kinross Gold,KGC,primary,K.TO,CAD,2026-03-09,2026-03-09,1,open_market,1,0,0.035084,0.038416,0.115502,0.080696,-0.173834,-0.261233,-0.012384,0.048431,-0.033726,-0.169247,0.10544,-0.035488
kirkland-lake-discoveries,Kirkland Lake Discoveries,KLDC.V,primary,KLDC.V,CAD,2025-05-01,2025-05-01,1,open_market,1,0,0.666667,0.611301,0.646025,0.552608,1.333333,1.197265,1.321567,1.194865,12.0,11.769746,11.775029,11.330788
kirkland-lake-discoveries,Kirkland Lake Discoveries,KLDC.V,primary,KLDC.V,CAD,2025-07-11,2025-07-11,1,open_market,1,1,2.2,2.178256,2.187352,2.113807,5.8,5.723768,5.617914,5.246282,5.0,4.89423,4.676231,4.190318
kirkland-lake-discoveries,Kirkland Lake Discoveries,KLDC.V,primary,KLDC.V,CAD,2025-07-12,2025-07-14,1,open_market,1,1,0.9,0.867862,0.896104,0.800822,2.1,2.05485,1.901597,1.544029,1.9,1.78915,1.554362,1.069273
kirkland-lake-discoveries,Kirkland Lake Discoveries,KLDC.V,primary,KLDC.V,CAD,2025-08-26,2025-08-26,1,open_market,1,1,0.5,0.48002,0.395315,0.283532,0.4,0.363466,0.181723,0.065624,0.25,0.181381,-0.251602,-0.503022
kirkland-lake-discoveries,Kirkland Lake Discoveries,KLDC.V,primary,KLDC.V,CAD,2026-03-03,2026-03-03,1,open_market,1,0,-0.24,-0.203988,-0.157268,-0.121976,0.56,0.445041,0.681502,0.743241,0.32,0.189152,0.446565,0.355528
kirkland-lake-discoveries,Kirkland Lake Discoveries,KLDC.V,primary,KLDC.V,CAD,2026-03-12,2026-03-12,1,open_market,1,0,-0.227273,-0.247391,-0.163552,-0.230177,0.545455,0.456318,0.74315,0.795545,0.863636,0.71365,1.007485,0.838942
klondike-gold,Klondike Gold,KG.V,primary,KG.V,CAD,2025-04-15,2025-04-15,3,placement_or_private,1,0,0.111111,0.012806,0.11091,0.160737,0.222222,0.060023,0.187868,0.133624,0.333333,0.118661,0.09376,-0.361915
klondike-gold,Klondike Gold,KG.V,primary,KG.V,CAD,2025-09-12,2025-09-12,3,placement_or_private,1,0,0.090909,0.097587,-0.009562,-0.04134,-0.090909,-0.13922,-0.26329,-0.348703,1.454545,1.425766,1.034714,1.012298
klondike-gold,Klondike Gold,KG.V,primary,KG.V,CAD,2026-02-26,2026-02-26,3,placement_or_private,1,0,-0.047619,0.032477,0.083863,0.209743,-0.047619,-0.136347,0.096869,0.204173,-0.190476,-0.301618,-0.086995,-0.134638
kodiak-copper,Kodiak Copper,KDK.V,primary,KDK.V,CAD,2025-07-25,2025-07-25,1,open_market,1,0,-0.076923,-0.08981,-0.087268,-0.22523,0.123077,0.068674,-0.109161,-0.371235,0.907692,0.83188,0.464621,-0.054205
kodiak-copper,Kodiak Copper,KDK.V,primary,KDK.V,CAD,2025-09-25,2025-09-25,1,placement_or_private,1,0,0.013514,-0.015664,-0.081541,-0.019922,0.22973,0.1806,0.034864,-0.007107,0.027027,0.034428,-0.145214,-0.108274
kodiak-copper,Kodiak Copper,KDK.V,primary,KDK.V,CAD,2025-09-30,2025-09-30,1,placement_or_private,1,0,-0.037975,-0.058465,-0.079216,-0.017292,0.278481,0.245952,0.157149,0.135716,0.0,0.04817,-0.166624,-0.115923
kodiak-copper,Kodiak Copper,KDK.V,primary,KDK.V,CAD,2026-06-29,2026-06-29,1,placement_or_private,1,0,-0.072464,-0.05689,-0.079247,-0.051863,0.101449,0.060491,0.034083,-0.156167,,,,
kutcho-copper,Kutcho Copper,KC.V,primary,KC.V,CAD,2025-12-30,2025-12-30,1,placement_or_private,1,0,1.411765,1.401532,1.168565,1.212837,0.647059,0.727174,0.607725,0.683955,0.823529,0.762424,0.886855,0.937086
kutcho-copper,Kutcho Copper,KC.V,primary,KC.V,CAD,2025-12-31,2025-12-31,1,placement_or_private,1,0,1.5625,1.547762,1.439768,1.479328,0.8125,0.85881,0.726759,0.769933,1.0,0.913362,1.06997,1.11113
labrador-gold,Labrador Gold,LAB.V,primary,LAB.V,CAD,2026-03-18,2026-03-18,1,open_market,1,0,-0.125,-0.198643,-0.127676,-0.27184,-0.125,-0.259406,-0.019073,-0.138386,-0.25,-0.400356,-0.133303,-0.368252
labrador-gold,Labrador Gold,LAB.V,primary,LAB.V,CAD,2026-04-01,2026-04-01,1,open_market,1,0,0.0,-0.099826,0.033438,0.101176,0.166667,0.026977,0.325271,0.350287,0.0,-0.168442,0.136837,0.009621
labrador-gold,Labrador Gold,LAB.V,primary,LAB.V,CAD,2026-04-08,2026-04-08,1,open_market,1,0,-0.142857,-0.233995,-0.141108,-0.109273,0.0,-0.106064,0.131268,0.187838,-0.142857,-0.289038,-0.01633,-0.102588
labrador-iron-ore-royalty,Labrador Iron Ore Royalty Corp.,LIF.TO,primary,LIF.TO,CAD,2025-11-27,2025-11-27,1,open_market,1,0,0.029412,0.019286,-0.044993,-0.039609,0.059838,0.045556,-0.160694,-0.252858,-0.044963,-0.143296,-0.112303,-0.083781
lake-victoria-gold,Lake Victoria Gold,LVG.V,primary,LVG.V,CAD,2025-07-25,2025-07-25,2,placement_or_private,1,0,0.105263,0.092377,0.094918,-0.043044,-0.052632,-0.107034,-0.28487,-0.546944,0.368421,0.292609,-0.07465,-0.593476
lake-victoria-gold,Lake Victoria Gold,LVG.V,primary,LVG.V,CAD,2025-10-21,2025-10-21,4,placement_or_private,1,1,0.0,0.027946,0.006335,-0.008858,0.529412,0.499067,0.412643,0.205595,0.823529,0.765656,0.641444,0.495524
lake-victoria-gold,Lake Victoria Gold,LVG.V,primary,LVG.V,CAD,2026-01-13,2026-01-13,2,placement_or_private,1,0,0.12,0.138017,0.049417,0.117956,0.24,0.251056,0.207436,0.232406,0.04,-0.048185,0.145827,0.239852
lake-victoria-gold,Lake Victoria Gold,LVG.V,primary,LVG.V,CAD,2026-03-30,2026-03-30,1,open_market,1,0,-0.064516,-0.190487,-0.071342,-0.061462,-0.16129,-0.31481,-0.062516,-0.081306,0.0,-0.220548,0.051064,-0.154245
lake-victoria-gold,Lake Victoria Gold,LVG.V,primary,LVG.V,CAD,2026-06-22,2026-06-22,2,placement_or_private,1,0,-0.037037,-0.041094,-0.022814,0.008167,0.074074,0.050834,0.030963,-0.125007,,,,
li-ft-power,Li-FT Power,LIFT.V,primary,LIFT.V,CAD,2025-05-31,2025-06-02,1,open_market,1,0,0.611842,0.56504,0.619607,0.625269,0.703947,0.615641,0.683413,0.493702,2.151316,1.998324,1.906794,1.475227
li-ft-power,Li-FT Power,LIFT.V,primary,LIFT.V,CAD,2025-08-19,2025-08-19,1,open_market,1,0,-0.088,-0.123089,-0.18742,-0.311222,0.328,0.287582,0.110553,-0.070365,1.512,1.446449,0.996555,0.649549
li-ft-power,Li-FT Power,LIFT.V,primary,LIFT.V,CAD,2025-12-30,2025-12-30,1,open_market,1,0,0.746067,0.735835,0.502868,0.547139,0.114607,0.194722,0.075273,0.151503,-0.089888,-0.150993,-0.026562,0.023669
li-ft-power,Li-FT Power,LIFT.V,primary,LIFT.V,CAD,2026-01-30,2026-01-30,3,placement_or_private,1,0,-0.018721,-0.010079,-0.105922,-0.257088,-0.095164,-0.133735,-0.047316,-0.009312,-0.429017,-0.483196,-0.262999,-0.237597
li-ft-power,Li-FT Power,LIFT.V,primary,LIFT.V,CAD,2026-01-31,2026-02-02,1,placement_or_private,1,0,-0.2875,-0.272717,-0.392082,-0.430368,-0.28125,-0.317545,-0.272002,-0.188153,-0.58625,-0.66048,-0.456102,-0.393187
li-ft-power,Li-FT Power,LIFT.V,primary,LIFT.V,CAD,2026-02-01,2026-02-02,1,placement_or_private,1,0,-0.2875,-0.272717,-0.392082,-0.430368,-0.28125,-0.317545,-0.272002,-0.188153,-0.58625,-0.66048,-0.456102,-0.393187
li-ft-power,Li-FT Power,LIFT.V,primary,LIFT.V,CAD,2026-02-02,2026-02-02,1,placement_or_private,1,0,-0.2875,-0.272717,-0.392082,-0.430368,-0.28125,-0.317545,-0.272002,-0.188153,-0.58625,-0.66048,-0.456102,-0.393187
li-ft-power,Li-FT Power,LIFT.V,primary,LIFT.V,CAD,2026-05-27,2026-05-27,1,placement_or_private,1,0,-0.407895,-0.379286,-0.322556,-0.323526,-0.593567,-0.614155,-0.6415,-0.852622,,,,
li-ft-power,Li-FT Power,LIFT.V,primary,LIFT.V,CAD,2026-08-13,2026-08-13,1,placement_or_private,1,0,-0.096774,-0.079304,-0.096298,-0.185338,,,,,,,,
li-ft-power,Li-FT Power,LIFT.V,primary,LIFT.V,CAD,2026-08-18,2026-08-18,1,open_market,1,0,-0.174721,-0.168402,-0.174244,-0.247957,,,,,,,,
li-ft-power,Li-FT Power,LIFT.V,primary,LIFT.V,CAD,2026-08-19,2026-08-19,1,open_market,1,0,-0.150943,-0.14136,-0.120328,-0.155098,,,,,,,,
li-ft-power,Li-FT Power,LIFT.V,primary,LIFT.V,CAD,2026-08-23,2026-08-24,1,open_market,1,0,-0.207143,-0.212827,-0.127905,-0.129584,,,,,,,,
li-ft-power,Li-FT Power,LIFT.V,primary,LIFT.V,CAD,2026-09-10,2026-09-10,1,open_market,1,0,,,,,,,,,,,,
li-ft-power,Li-FT Power,LIFT.V,primary,LIFT.V,CAD,2026-09-11,2026-09-11,1,open_market,1,0,,,,,,,,,,,,
li-ft-power,Li-FT Power,LIFT.V,primary,LIFT.V,CAD,2026-09-23,2026-09-23,1,open_market,1,0,,,,,,,,,,,,
li-ft-power,Li-FT Power,LIFT.V,primary,LIFT.V,CAD,2026-09-25,2026-09-25,1,open_market,1,0,,,,,,,,,,,,
lomiko-metals,Lomiko Metals,LMR.V,primary,LMR.V,CAD,2025-04-22,2025-04-22,1,placement_or_private,1,0,-0.153846,-0.259754,-0.128132,-0.166078,-0.076923,-0.269469,-0.083416,-0.176912,-0.076923,-0.337027,-0.327253,-0.821617
lomiko-metals,Lomiko Metals,LMR.V,primary,LMR.V,CAD,2025-05-07,2025-05-07,1,open_market,1,0,0.090909,0.023209,0.108833,0.012059,0.090909,-0.028168,0.08959,-0.044493,0.090909,-0.12684,-0.095833,-0.4679
lomiko-metals,Lomiko Metals,LMR.V,primary,LMR.V,CAD,2025-08-08,2025-08-08,1,open_market,1,0,-0.166667,-0.182455,-0.224165,-0.382854,0.0,-0.051995,-0.169366,-0.335001,0.166667,0.08975,-0.283485,-0.626733
lomiko-metals,Lomiko Metals,LMR.V,primary,LMR.V,CAD,2025-10-22,2025-10-22,1,placement_or_private,1,0,-0.166667,-0.153534,-0.158689,-0.175139,0.25,0.235355,0.091099,-0.111234,-0.25,-0.311276,-0.421782,-0.553596
lomiko-metals,Lomiko Metals,LMR.V,primary,LMR.V,CAD,2026-01-29,2026-01-29,1,open_market,1,0,-0.142857,-0.131258,-0.118356,-0.238737,-0.428571,-0.453844,-0.270294,-0.230846,-0.142857,-0.210317,0.112295,0.134115
lomiko-metals,Lomiko Metals,LMR.V,primary,LMR.V,CAD,2026-04-30,2026-04-30,2,placement_or_private,1,0,0.0,-0.052626,0.015437,-0.037737,0.5,0.484972,0.624109,0.613517,,,,
luxor-metals,Luxor Metals,LUXR.V,primary,LUXR.V,CAD,2025-10-12,2025-10-14,1,open_market,1,0,0.0,-0.014814,-0.005462,0.025949,0.315789,0.266064,0.206963,0.142558,-0.105263,-0.131281,-0.253219,-0.310538
luxor-metals,Luxor Metals,LUXR.V,primary,LUXR.V,CAD,2025-10-20,2025-10-20,1,open_market,1,0,-0.105263,-0.092348,-0.035339,-0.058404,0.315789,0.28546,0.270794,0.157876,0.0,-0.057858,-0.106114,-0.193408
major-drilling-group-international,Major Drilling Group International,MDI.TO,primary,MDI.TO,CAD,2025-09-11,2025-09-11,2,open_market,1,0,0.167176,0.174186,0.064536,0.040819,0.415902,0.370375,0.253726,0.198175,0.691131,0.661404,0.263661,0.219197
major-drilling-group-international,Major Drilling Group International,MDI.TO,primary,MDI.TO,CAD,2025-09-15,2025-09-15,1,open_market,1,0,0.219368,0.212922,0.076321,-0.003872,0.293478,0.261931,0.126679,0.050329,0.634387,0.632299,0.274616,0.308291
major-drilling-group-international,Major Drilling Group International,MDI.TO,primary,MDI.TO,CAD,2026-06-24,2026-06-24,1,open_market,1,0,-0.024188,-0.031948,-0.04053,-0.045995,0.199032,0.144289,0.105706,-0.142269,,,,
major-drilling-group-international,Major Drilling Group International,MDI.TO,primary,MDI.TO,CAD,2026-06-25,2026-06-25,1,open_market,1,0,-0.045946,-0.052251,-0.05255,-0.055262,0.170946,0.125311,0.107556,-0.102579,,,,
major-drilling-group-international,Major Drilling Group International,MDI.TO,primary,MDI.TO,CAD,2026-07-05,2026-07-06,2,open_market,1,0,-0.018397,-0.043035,-0.03805,-0.060194,0.128778,0.10434,0.133986,-0.002402,,,,
major-drilling-group-international,Major Drilling Group International,MDI.TO,primary,MDI.TO,CAD,2026-07-15,2026-07-15,1,open_market,1,0,0.194986,0.166462,0.116753,-0.029333,,,,,,,,
major-drilling-group-international,Major Drilling Group International,MDI.TO,primary,MDI.TO,CAD,2026-07-20,2026-07-20,1,open_market,1,0,0.217143,0.1808,0.091354,-0.14697,,,,,,,,
maple-gold-mines,Maple Gold Mines,MGM.V,primary,MGM.V,CAD,2025-09-09,2025-09-09,1,placement_or_private,1,0,-0.069444,-0.101474,-0.16335,-0.234717,0.215278,0.164073,0.061533,-0.003839,0.930556,0.89665,0.513116,0.425888
maple-gold-mines,Maple Gold Mines,MGM.V,primary,MGM.V,CAD,2025-09-10,2025-09-10,1,placement_or_private,1,0,0.022901,0.021659,-0.078095,-0.120581,0.290076,0.242806,0.134555,0.063675,1.083969,1.044013,0.674526,0.612489
maple-gold-mines,Maple Gold Mines,MGM.V,primary,MGM.V,CAD,2026-02-18,2026-02-18,7,placement_or_private,1,0,-0.195745,-0.140782,-0.09777,0.021308,0.417021,0.347896,0.519099,0.591011,0.234043,0.108177,0.349234,0.303635
maple-gold-mines,Maple Gold Mines,MGM.V,primary,MGM.V,CAD,2026-02-20,2026-02-20,1,placement_or_private,1,0,-0.322581,-0.263314,-0.204703,-0.069138,0.182796,0.1055,0.29297,0.378089,0.007168,-0.108333,0.124065,0.075376
maple-gold-mines,Maple Gold Mines,MGM.V,primary,MGM.V,CAD,2026-06-10,2026-06-10,1,open_market,1,0,0.057915,0.017222,0.051428,0.000958,0.142857,0.086987,0.075742,-0.21915,,,,
mayfair-gold,Mayfair Gold,MFG.V,primary,MFG.V,CAD,2025-09-18,2025-09-18,1,placement_or_private,1,0,0.153846,0.15063,-0.005173,-0.047944,0.2,0.186199,0.010291,-0.076226,0.179487,0.166607,-0.188935,-0.186533
mayfair-gold,Mayfair Gold,MFG.V,primary,MFG.V,CAD,2025-09-19,2025-09-19,1,placement_or_private,1,0,0.092233,0.091193,-0.054621,-0.047342,0.089806,0.070565,-0.085293,-0.125016,0.087379,0.090799,-0.223843,-0.130671
mayfair-gold,Mayfair Gold,MFG.V,primary,MFG.V,CAD,2025-10-02,2025-10-02,1,placement_or_private,1,0,0.024752,0.005566,-0.012819,0.07463,0.227723,0.208745,0.110696,0.105629,0.064356,0.092568,-0.148446,-0.109512
mayfair-gold,Mayfair Gold,MFG.V,primary,MFG.V,CAD,2025-10-16,2025-10-16,1,open_market,1,0,-0.147826,-0.164916,-0.096142,-0.052409,0.184783,0.139796,0.110397,0.063069,-0.008696,-0.059888,-0.131385,-0.153111
mayfair-gold,Mayfair Gold,MFG.V,primary,MFG.V,CAD,2026-01-27,2026-01-27,1,open_market,1,0,-0.112397,-0.103496,-0.115295,-0.170184,-0.330579,-0.358875,-0.233519,-0.172436,-0.466116,-0.528575,-0.247254,-0.185464
mayfair-gold,Mayfair Gold,MFG.V,primary,MFG.V,CAD,2026-01-29,2026-01-29,1,open_market,1,0,-0.097682,-0.086083,-0.073181,-0.193562,-0.354305,-0.379577,-0.196027,-0.156579,-0.438742,-0.506202,-0.183589,-0.161769
mayfair-gold,Mayfair Gold,MFG.V,primary,MFG.V,CAD,2026-02-03,2026-02-03,1,open_market,1,0,-0.078182,-0.066261,-0.104244,-0.124423,-0.278182,-0.319485,-0.191057,-0.133039,-0.376364,-0.459754,-0.194211,-0.150348
mayfair-gold,Mayfair Gold,MFG.V,primary,MFG.V,CAD,2026-02-09,2026-02-09,1,open_market,1,0,-0.084715,-0.059324,-0.104435,-0.079745,-0.202578,-0.265508,-0.131362,-0.12927,-0.3186,-0.432888,-0.1718,-0.231903
mayfair-gold,Mayfair Gold,MFG.V,primary,MFG.V,CAD,2026-02-12,2026-02-12,1,open_market,1,0,-0.109615,-0.081756,-0.130551,-0.064012,-0.201923,-0.29152,-0.155644,-0.181893,-0.288462,-0.419526,-0.17674,-0.239373
mayfair-gold,Mayfair Gold,MFG.V,primary,MFG.V,CAD,2026-02-27,2026-02-27,1,open_market,1,0,-0.225688,-0.150031,-0.082949,0.046266,-0.231193,-0.331209,-0.084464,0.027192,-0.220183,-0.336934,-0.091129,-0.124675
mayfair-gold,Mayfair Gold,MFG.V,primary,MFG.V,CAD,2026-04-08,2026-04-08,1,open_market,1,0,0.014052,-0.077086,0.015801,0.047636,-0.199063,-0.305127,-0.067795,-0.011225,-0.112412,-0.258593,0.014115,-0.072143
mayfair-gold,Mayfair Gold,MFG.V,primary,MFG.V,CAD,2026-04-09,2026-04-09,1,open_market,1,0,-0.011416,-0.096294,-0.001962,0.022025,-0.239726,-0.336048,-0.09481,-0.02276,-0.16895,-0.314822,-0.041892,-0.139512
mayfair-gold,Mayfair Gold,MFG.V,primary,MFG.V,CAD,2026-04-16,2026-04-16,1,mixed,1,0,-0.100457,-0.153916,-0.048671,-0.002545,-0.221461,-0.29721,-0.067557,-0.006897,,,,
mayfair-gold,Mayfair Gold,MFG.V,primary,MFG.V,CAD,2026-04-23,2026-04-23,1,open_market,1,0,-0.046341,-0.098836,-0.006392,0.025397,-0.195122,-0.250115,-0.074669,-0.059223,,,,
mayfair-gold,Mayfair Gold,MFG.V,primary,MFG.V,CAD,2026-04-27,2026-04-27,1,open_market,1,0,-0.032099,-0.081444,0.017681,0.027376,-0.202469,-0.235692,-0.067574,-0.058783,,,,
mayfair-gold,Mayfair Gold,MFG.V,primary,MFG.V,CAD,2026-04-28,2026-04-28,1,open_market,1,0,0.060759,0.000466,0.082423,0.068893,-0.151899,-0.190399,-0.039837,-0.050151,,,,
mayfair-gold,Mayfair Gold,MFG.V,primary,MFG.V,CAD,2026-04-29,2026-04-29,1,open_market,1,0,0.087179,0.02408,0.087874,0.036203,-0.130769,-0.171917,-0.015679,-0.033845,,,,
mayfair-gold,Mayfair Gold,MFG.V,primary,MFG.V,CAD,2026-06-05,2026-06-05,1,open_market,1,0,-0.028646,-0.038449,0.017059,-0.087312,0.15625,0.107955,0.120968,-0.144027,,,,
mayfair-gold,Mayfair Gold,MFG.V,primary,MFG.V,CAD,2026-06-11,2026-06-11,1,open_market,1,0,-0.107527,-0.130827,-0.083428,-0.108258,0.172043,0.138645,0.12796,-0.135004,,,,
mayfair-gold,Mayfair Gold,MFG.V,primary,MFG.V,CAD,2026-06-19,2026-06-19,1,open_market,1,0,-0.071823,-0.070345,-0.029752,0.039482,0.135359,0.110896,0.099555,-0.065144,,,,
mayfair-gold,Mayfair Gold,MFG.V,primary,MFG.V,CAD,2026-08-07,2026-08-07,1,open_market,1,0,0.178378,0.182349,0.157549,0.073758,,,,,,,,
mcfarlane-lake-mining,McFarlane Lake Mining,MLM.CN,primary,MLM.CN,CAD,2025-07-10,2025-07-10,1,open_market,1,1,0.6,0.581848,0.577629,0.500215,1.8,1.724435,1.584128,1.159185,1.2,1.094554,0.850621,0.362226
mcfarlane-lake-mining,McFarlane Lake Mining,MLM.CN,primary,MLM.CN,CAD,2025-07-14,2025-07-14,2,open_market,1,1,0.333333,0.301196,0.329437,0.234156,1.166667,1.121517,0.968264,0.610696,0.833333,0.722484,0.487695,0.002606
mcfarlane-lake-mining,McFarlane Lake Mining,MLM.CN,primary,MLM.CN,CAD,2025-07-23,2025-07-23,1,open_market,1,1,0.833333,0.815831,0.838459,0.700424,1.0,0.941534,0.791595,0.55748,1.333333,1.242748,0.983823,0.424888
mcfarlane-lake-mining,McFarlane Lake Mining,MLM.CN,primary,MLM.CN,CAD,2025-07-24,2025-07-24,1,open_market,1,1,0.833333,0.816168,0.832334,0.684719,1.0,0.947385,0.784027,0.529208,1.333333,1.265303,0.924141,0.331203
mcfarlane-lake-mining,McFarlane Lake Mining,MLM.CN,primary,MLM.CN,CAD,2025-07-25,2025-07-25,1,open_market,1,1,0.833333,0.820447,0.822989,0.685026,0.833333,0.778931,0.601095,0.339021,1.333333,1.257521,0.890262,0.371436
mcfarlane-lake-mining,McFarlane Lake Mining,MLM.CN,primary,MLM.CN,CAD,2025-07-30,2025-07-30,1,open_market,1,1,1.0,0.983309,0.943149,0.74498,0.285714,0.202809,0.074989,-0.18458,1.142857,1.051015,0.598798,-0.019134
mcfarlane-lake-mining,McFarlane Lake Mining,MLM.CN,primary,MLM.CN,CAD,2025-08-05,2025-08-05,1,open_market,1,0,0.714286,0.680606,0.664376,0.497533,0.285714,0.197541,0.100536,-0.092399,0.857143,0.755227,0.427171,0.099653
mcfarlane-lake-mining,McFarlane Lake Mining,MLM.CN,primary,MLM.CN,CAD,2025-08-12,2025-08-12,1,open_market,1,0,0.375,0.351754,0.289069,0.11264,0.0,-0.060293,-0.22743,-0.407928,0.5,0.425423,0.022529,-0.238318
mcfarlane-lake-mining,McFarlane Lake Mining,MLM.CN,primary,MLM.CN,CAD,2025-10-02,2025-10-02,1,placement_or_private,1,0,-0.285714,-0.304901,-0.323286,-0.235836,-0.214286,-0.233263,-0.331313,-0.33638,0.0,0.028212,-0.212802,-0.173868
mcfarlane-lake-mining,McFarlane Lake Mining,MLM.CN,primary,MLM.CN,CAD,2025-10-03,2025-10-03,1,placement_or_private,1,0,-0.333333,-0.352535,-0.362637,-0.278061,-0.266667,-0.285659,-0.374792,-0.381677,-0.066667,-0.045791,-0.290859,-0.285806
mcfarlane-lake-mining,McFarlane Lake Mining,MLM.CN,primary,MLM.CN,CAD,2025-10-14,2025-10-14,2,placement_or_private,1,0,-0.428571,-0.443385,-0.434034,-0.402623,-0.142857,-0.192583,-0.251684,-0.316088,0.142857,0.116839,-0.005098,-0.062417
mcfarlane-lake-mining,McFarlane Lake Mining,MLM.CN,primary,MLM.CN,CAD,2025-11-12,2025-11-12,1,open_market,1,0,0.125,0.127371,0.100518,0.060024,0.5,0.487211,0.302042,0.248643,0.875,0.793171,0.748935,0.701711
mcfarlane-lake-mining,McFarlane Lake Mining,MLM.CN,primary,MLM.CN,CAD,2025-11-13,2025-11-13,1,open_market,1,0,0.125,0.110537,0.092169,0.035887,0.5,0.470359,0.278619,0.180759,0.75,0.651583,0.619251,0.54575
mcfarlane-lake-mining,McFarlane Lake Mining,MLM.CN,primary,MLM.CN,CAD,2025-11-24,2025-11-24,1,open_market,1,0,0.375,0.342625,0.291544,0.251845,0.25,0.219046,0.017438,-0.05925,0.75,0.634991,0.661573,0.699811
mcfarlane-lake-mining,McFarlane Lake Mining,MLM.CN,primary,MLM.CN,CAD,2025-12-16,2025-12-16,1,open_market,1,0,0.222222,0.202528,0.15291,0.100216,0.666667,0.681161,0.503642,0.583658,1.555556,1.462931,1.579173,1.625385
mcfarlane-lake-mining,McFarlane Lake Mining,MLM.CN,primary,MLM.CN,CAD,2025-12-21,2025-12-22,1,open_market,1,0,0.166667,0.165834,0.080024,0.072814,0.0,0.052947,-0.012615,0.141385,0.916667,0.826265,0.968378,1.019408
mcfarlane-lake-mining,McFarlane Lake Mining,MLM.CN,primary,MLM.CN,CAD,2026-02-06,2026-02-06,1,open_market,1,0,0.333333,0.359744,0.293703,0.277379,0.166667,0.107358,0.218878,0.221631,2.583333,2.468697,2.727847,2.695828
mcfarlane-lake-mining,McFarlane Lake Mining,MLM.CN,primary,MLM.CN,CAD,2026-02-08,2026-02-09,1,open_market,1,0,0.25,0.275391,0.23028,0.254969,0.25,0.18707,0.321216,0.323309,2.583333,2.469046,2.730133,2.670031
mcfarlane-lake-mining,McFarlane Lake Mining,MLM.CN,primary,MLM.CN,CAD,2026-02-19,2026-02-19,1,open_market,1,0,0.2,0.252463,0.300487,0.43311,0.4,0.317061,0.49174,0.574095,3.0,2.878784,3.132757,3.116185
mcfarlane-lake-mining,McFarlane Lake Mining,MLM.CN,primary,MLM.CN,CAD,2026-03-04,2026-03-04,1,open_market,1,0,-0.071429,-0.028663,0.018419,0.053536,1.0,0.891349,1.126855,1.187653,3.428571,3.309003,3.562908,3.489474
mcfarlane-lake-mining,McFarlane Lake Mining,MLM.CN,primary,MLM.CN,CAD,2026-04-21,2026-04-21,1,open_market,1,0,0.076923,0.022043,0.106208,0.156354,1.615385,1.561399,1.759645,1.831764,,,,
mcfarlane-lake-mining,McFarlane Lake Mining,MLM.CN,primary,MLM.CN,CAD,2026-09-11,2026-09-11,3,placement_or_private,1,0,,,,,,,,,,,,
mcfarlane-lake-mining,McFarlane Lake Mining,MLM.CN,primary,MLM.CN,CAD,2026-09-14,2026-09-14,1,placement_or_private,1,0,,,,,,,,,,,,
mcfarlane-lake-mining,McFarlane Lake Mining,MLM.CN,primary,MLM.CN,CAD,2026-09-28,2026-09-28,1,open_market,1,0,,,,,,,,,,,,
mega-uranium,Mega Uranium,MGA.TO,primary,MGA.TO,CAD,2026-08-28,2026-08-28,1,placement_or_private,1,0,-0.140625,-0.143225,-0.102766,-0.091493,,,,,,,,
metallic-minerals,Metallic Minerals,MMG.V,primary,MMG.V,CAD,2025-08-12,2025-08-12,1,placement_or_private,1,0,0.318182,0.294936,0.232251,0.055822,0.545455,0.485161,0.318024,0.137526,0.727273,0.652696,0.249802,-0.011046
metallic-minerals,Metallic Minerals,MMG.V,primary,MMG.V,CAD,2025-08-26,2025-08-26,1,placement_or_private,1,0,0.863636,0.843657,0.758952,0.647168,0.409091,0.372557,0.190814,0.074715,0.818182,0.749563,0.31658,0.06516
metallic-minerals,Metallic Minerals,MMG.V,primary,MMG.V,CAD,2025-08-31,2025-09-02,2,placement_or_private,1,0,0.407407,0.362192,0.317724,0.196366,0.296296,0.233823,0.099239,-0.034078,0.592593,0.521185,0.106828,-0.21306
metallic-minerals,Metallic Minerals,MMG.V,primary,MMG.V,CAD,2025-09-03,2025-09-03,3,placement_or_private,1,0,0.225806,0.186241,0.135906,0.025406,0.096774,0.03807,-0.083332,-0.191512,0.516129,0.449891,0.022864,-0.257912
midland-exploration,Midland Exploration,MD.V,primary,MD.V,CAD,2025-12-10,2025-12-10,7,placement_or_private,1,0,0.133333,0.12388,0.067995,0.044632,0.155556,0.170667,-0.072718,-0.053282,-0.066667,-0.141786,-0.087795,0.005144
midland-exploration,Midland Exploration,MD.V,primary,MD.V,CAD,2025-12-12,2025-12-12,1,open_market,1,0,0.108696,0.090639,0.060572,0.042056,0.086957,0.109985,-0.093703,-0.038835,-0.130435,-0.19449,-0.077683,0.025222
midland-exploration,Midland Exploration,MD.V,primary,MD.V,CAD,2026-06-01,2026-06-01,1,open_market,1,0,-0.045455,-0.028606,0.053412,0.065485,-0.113636,-0.127887,-0.107874,-0.291892,,,,
midland-exploration,Midland Exploration,MD.V,primary,MD.V,CAD,2026-06-02,2026-06-02,1,open_market,1,0,-0.090909,-0.071438,-0.008812,-0.020679,-0.090909,-0.100757,-0.08234,-0.242558,,,,
midnight-sun-mining,Midnight Sun Mining,MMA.V,primary,MMA.V,CAD,2025-05-13,2025-05-13,1,placement_or_private,1,0,-0.123077,-0.151892,-0.16562,-0.283786,0.092308,0.008673,0.061953,-0.140915,1.2,1.056639,0.970086,0.542316
midnight-sun-mining,Midnight Sun Mining,MMA.V,primary,MMA.V,CAD,2025-05-22,2025-05-22,1,open_market,1,0,-0.21875,-0.237941,-0.24191,-0.291701,0.140625,0.046266,0.123305,-0.056288,1.015625,0.883587,0.780595,0.361271
midnight-sun-mining,Midnight Sun Mining,MMA.V,primary,MMA.V,CAD,2026-02-27,2026-02-27,1,open_market,1,0,-0.067669,0.007988,0.07507,0.204285,-0.285714,-0.38573,-0.138986,-0.02733,-0.43609,-0.552841,-0.307036,-0.340581
midnight-sun-mining,Midnight Sun Mining,MMA.V,primary,MMA.V,CAD,2026-06-02,2026-06-02,1,open_market,1,0,-0.318681,-0.29921,-0.236584,-0.248451,-0.197802,-0.20765,-0.189233,-0.349451,,,,
midnight-sun-mining,Midnight Sun Mining,MMA.V,primary,MMA.V,CAD,2026-06-12,2026-06-12,1,open_market,1,0,-0.27381,-0.291605,-0.249155,-0.241553,-0.238095,-0.259774,-0.2635,-0.465725,,,,
midnight-sun-mining,Midnight Sun Mining,MMA.V,primary,MMA.V,CAD,2026-06-15,2026-06-15,1,open_market,1,0,-0.309524,-0.309497,-0.248497,-0.189806,-0.25,-0.262533,-0.255598,-0.405465,,,,
midnight-sun-mining,Midnight Sun Mining,MMA.V,primary,MMA.V,CAD,2026-07-08,2026-07-08,1,open_market,1,0,0.192982,0.155607,0.128835,-0.020551,-0.122807,-0.168004,-0.143691,-0.350693,,,,
midnight-sun-mining,Midnight Sun Mining,MMA.V,primary,MMA.V,CAD,2026-08-26,2026-08-26,1,open_market,1,0,-0.253333,-0.260213,-0.187089,-0.180056,,,,,,,,
mosaic-company,The Mosaic Company,MOS,primary,MOS,USD,2025-11-11,2025-11-11,1,open_market,1,0,-0.020226,-0.029259,-0.055422,-0.129789,0.149747,0.133715,-0.0797,-0.131205,-0.136912,-0.216882,-0.278802,-0.329063
mundoro-capital,Mundoro Capital,MUN.V,primary,MUN.V,CAD,2025-11-14,2025-11-14,2,placement_or_private,1,1,0.0,-0.01463,-0.051814,-0.101687,1.2,1.1861,0.999367,0.964684,0.92,0.815257,0.774931,0.708284
mundoro-capital,Mundoro Capital,MUN.V,primary,MUN.V,CAD,2025-11-18,2025-11-18,1,placement_or_private,1,1,0.04,0.01517,-0.024699,-0.063219,1.16,1.127171,0.924205,0.850007,0.84,0.720181,0.725295,0.728577
new-age-metals,New Age Metals,NAM.V,primary,NAM.V,CAD,2025-08-05,2025-08-05,1,placement_or_private,1,0,0.0,-0.03368,-0.04991,-0.216752,0.48,0.391827,0.294822,0.101887,0.92,0.818084,0.490028,0.162511
new-age-metals,New Age Metals,NAM.V,primary,NAM.V,CAD,2025-10-10,2025-10-10,4,placement_or_private,1,1,-0.361702,-0.38919,-0.359508,-0.306825,0.021277,-0.034602,-0.09351,-0.151445,-0.234043,-0.269248,-0.411248,-0.477615
new-age-metals,New Age Metals,NAM.V,primary,NAM.V,CAD,2025-11-12,2025-11-12,1,open_market,1,1,0.193548,0.195919,0.169066,0.128573,0.451613,0.438824,0.253654,0.200256,0.064516,-0.017312,-0.061549,-0.108773
new-found-gold,New Found Gold,NFG.V,primary,NFGC,USD,2025-04-15,2025-04-15,1,open_market,1,0,0.008475,-0.089831,0.008273,0.058101,0.355932,0.193733,0.321578,0.267334,1.076271,0.861599,0.836698,0.381022
new-found-gold,New Found Gold,NFG.V,primary,NFGC,USD,2025-04-16,2025-04-16,1,open_market,1,0,-0.062992,-0.193381,-0.019964,0.013429,0.228346,0.044806,0.230753,0.176693,1.047244,0.785896,0.817563,0.389623
new-found-gold,New Found Gold,NFG.V,primary,NFGC,USD,2025-06-04,2025-06-04,2,placement_or_private,1,0,-0.052632,-0.101983,-0.040538,-0.043451,0.315789,0.241385,0.26854,0.061498,0.875,0.733473,0.621381,0.210995
new-found-gold,New Found Gold,NFG.V,primary,NFGC,USD,2025-06-06,2025-06-06,1,placement_or_private,1,0,-0.033557,-0.077286,-0.039979,-0.034014,0.268456,0.185037,0.197973,-0.009794,1.0,0.858547,0.732289,0.357597
new-found-gold,New Found Gold,NFG.V,primary,NFGC,USD,2025-10-28,2025-10-28,1,open_market,1,0,0.2,0.210741,0.14857,0.032452,0.752632,0.744379,0.477315,0.281666,0.089474,0.05035,-0.099532,-0.178385
new-found-gold,New Found Gold,NFG.V,primary,NFGC,USD,2025-11-11,2025-11-11,1,open_market,1,0,0.387255,0.378221,0.352059,0.277691,0.45098,0.434948,0.221533,0.170028,0.068627,-0.011343,-0.073263,-0.123524
new-found-gold,New Found Gold,NFG.V,primary,NFGC,USD,2026-03-30,2026-03-30,2,open_market,1,0,0.137931,0.01196,0.131105,0.140985,-0.114943,-0.268462,-0.016168,-0.034958,0.005747,-0.214801,0.056811,-0.148498
new-found-gold,New Found Gold,NFG.V,primary,NFGC,USD,2026-04-06,2026-04-06,1,open_market,1,0,0.109375,-0.004294,0.101635,0.145946,-0.135417,-0.265704,-0.019621,-0.033335,-0.15625,-0.324265,-0.045154,-0.155879
new-found-gold,New Found Gold,NFG.V,primary,NFGC,USD,2026-04-25,2026-04-27,1,open_market,1,0,-0.073529,-0.122874,-0.023749,-0.014055,-0.318627,-0.35185,-0.183732,-0.174942,,,,
new-found-gold,New Found Gold,NFG.V,primary,NFGC,USD,2026-04-27,2026-04-27,5,placement_or_private,1,0,-0.073529,-0.122874,-0.023749,-0.014055,-0.318627,-0.35185,-0.183732,-0.174942,,,,
new-found-gold,New Found Gold,NFG.V,primary,NFGC,USD,2026-04-29,2026-04-29,1,placement_or_private,1,0,0.050505,-0.012594,0.0512,-0.000471,-0.287879,-0.329027,-0.172788,-0.190955,,,,
new-found-gold,New Found Gold,NFG.V,primary,NFGC,USD,2026-05-27,2026-05-27,1,open_market,1,0,-0.185185,-0.156576,-0.099846,-0.100816,0.079365,0.058778,0.031432,-0.179689,,,,
nexgen-energy,NexGen Energy,NXE.TO,primary,NXE.TO,CAD,2026-06-09,2026-06-09,1,open_market,1,0,-0.028923,-0.048813,0.003321,-0.032698,0.076645,0.031682,0.035727,-0.227576,,,,
nexgold,NexGold Mining,NEXG.V,primary,NEXG.V,CAD,2025-04-17,2025-04-17,1,open_market,1,0,0.013889,-0.114889,0.052697,0.075286,0.027778,-0.158028,0.020787,-0.032946,1.222222,0.96421,0.978298,0.475614
nexgold,NexGold Mining,NEXG.V,primary,NEXG.V,CAD,2025-05-26,2025-05-26,1,open_market,1,0,0.039474,0.012459,0.030869,0.002652,0.118421,0.026803,0.098454,-0.100327,0.776316,0.661489,0.547186,0.209367
nexgold,NexGold Mining,NEXG.V,primary,NEXG.V,CAD,2025-05-27,2025-05-27,1,open_market,1,0,0.012987,-0.022063,0.005499,-0.030966,0.12987,0.043056,0.112366,-0.101285,0.753247,0.63842,0.524117,0.181384
nexgold,NexGold Mining,NEXG.V,primary,NEXG.V,CAD,2025-10-17,2025-10-17,1,open_market,1,0,0.051471,0.040122,0.084968,0.080414,0.279412,0.237494,0.191132,0.084676,0.213235,0.159728,0.080918,0.018607
nexgold,NexGold Mining,NEXG.V,primary,NEXG.V,CAD,2025-10-21,2025-10-21,1,open_market,1,0,0.0,0.027946,0.006335,-0.008858,0.323308,0.292964,0.206539,-0.000508,0.278195,0.220322,0.09611,-0.04981
nexgold,NexGold Mining,NEXG.V,primary,NEXG.V,CAD,2025-10-23,2025-10-23,1,open_market,1,0,0.007463,0.026413,0.019395,0.013829,0.320896,0.300591,0.149798,0.005115,0.216418,0.168305,0.082359,0.006281
nexgold,NexGold Mining,NEXG.V,primary,NEXG.V,CAD,2025-10-31,2025-10-31,1,open_market,1,0,0.071429,0.069479,0.01775,-0.093766,0.45,0.432436,0.102885,0.018146,0.028571,-0.014709,-0.105325,-0.119335
nexgold,NexGold Mining,NEXG.V,primary,NEXG.V,CAD,2025-11-01,2025-11-03,1,placement_or_private,1,0,0.112676,0.111871,0.063595,-0.021321,0.267606,0.254976,0.06106,-0.008441,0.070423,0.015823,-0.077091,-0.08553
nexgold,NexGold Mining,NEXG.V,primary,NEXG.V,CAD,2025-11-03,2025-11-03,2,placement_or_private,1,0,0.112676,0.111871,0.063595,-0.021321,0.267606,0.254976,0.06106,-0.008441,0.070423,0.015823,-0.077091,-0.08553
nexgold,NexGold Mining,NEXG.V,primary,NEXG.V,CAD,2025-11-05,2025-11-05,1,placement_or_private,1,0,0.120567,0.108598,0.06619,-0.025626,0.304965,0.287328,0.065462,-0.04111,0.014184,-0.045484,-0.117326,-0.138383
nexgold,NexGold Mining,NEXG.V,primary,NEXG.V,CAD,2025-11-06,2025-11-06,1,placement_or_private,1,0,0.161765,0.13882,0.10612,0.02159,0.286765,0.263074,0.046647,-0.055065,0.044118,-0.035636,-0.098478,-0.101121
nexgold,NexGold Mining,NEXG.V,primary,NEXG.V,CAD,2025-11-27,2025-11-27,1,open_market,1,0,0.223776,0.21365,0.149372,0.154755,0.524476,0.510194,0.303943,0.21178,-0.006993,-0.105326,-0.074333,-0.045811
nexgold,NexGold Mining,NEXG.V,primary,NEXG.V,CAD,2025-12-17,2025-12-17,1,open_market,1,0,0.018072,-0.012103,-0.037026,-0.09127,-0.066265,-0.065357,-0.216482,-0.134377,-0.192771,-0.317034,-0.185909,-0.180715
nexgold,NexGold Mining,NEXG.V,primary,NEXG.V,CAD,2026-02-06,2026-02-06,1,open_market,1,0,0.005747,0.032158,-0.033883,-0.050208,-0.149425,-0.208734,-0.097214,-0.09446,-0.258621,-0.373257,-0.114107,-0.146126
nexgold,NexGold Mining,NEXG.V,primary,NEXG.V,CAD,2026-03-04,2026-03-04,1,open_market,1,0,-0.238806,-0.19604,-0.148959,-0.113842,-0.313433,-0.422084,-0.186578,-0.12578,-0.273632,-0.3932,-0.139295,-0.212729
nexgold,NexGold Mining,NEXG.V,primary,NEXG.V,CAD,2026-04-16,2026-04-16,1,open_market,1,0,-0.122699,-0.176158,-0.070913,-0.024788,-0.251534,-0.327283,-0.09763,-0.03697,,,,
nexgold,NexGold Mining,NEXG.V,primary,NEXG.V,CAD,2026-06-18,2026-06-18,1,open_market,1,0,-0.064,-0.05938,-0.015669,0.071567,0.184,0.174211,0.172066,0.049379,,,,
nexmetals-mining,NexMetals Mining Corp.,NEXM.V,primary,NEXM.V,CAD,2025-10-31,2025-10-31,1,open_market,1,0,-0.047882,-0.049832,-0.10156,-0.213077,0.086556,0.068992,-0.260559,-0.345298,-0.366483,-0.409763,-0.500379,-0.514389
nexmetals-mining,NexMetals Mining Corp.,NEXM.V,primary,NEXM.V,CAD,2025-11-18,2025-11-18,2,placement_or_private,1,0,0.010204,-0.014626,-0.054495,-0.093015,-0.065306,-0.098135,-0.301102,-0.375299,-0.183673,-0.303492,-0.298379,-0.295097
nexmetals-mining,NexMetals Mining Corp.,NEXM.V,primary,NEXM.V,CAD,2025-11-19,2025-11-19,1,open_market,1,0,-0.077505,-0.104609,-0.141672,-0.192958,-0.160681,-0.191195,-0.356008,-0.402206,-0.243856,-0.358581,-0.359789,-0.341624
nexmetals-mining,NexMetals Mining Corp.,NEXM.V,primary,NEXM.V,CAD,2025-11-20,2025-11-20,1,open_market,1,0,-0.012146,-0.055148,-0.076625,-0.18538,-0.078947,-0.130684,-0.301516,-0.420632,-0.224696,-0.349135,-0.322469,-0.332671
nexmetals-mining,NexMetals Mining Corp.,NEXM.V,primary,NEXM.V,CAD,2025-12-17,2025-12-17,1,open_market,1,0,0.064579,0.034404,0.009481,-0.044763,-0.270059,-0.26915,-0.420275,-0.338171,-0.330724,-0.454987,-0.323862,-0.318668
nexmetals-mining,NexMetals Mining Corp.,NEXM.V,primary,NEXM.V,CAD,2025-12-18,2025-12-18,1,open_market,1,0,0.09899,0.076535,0.041986,-0.011303,-0.317172,-0.294939,-0.433011,-0.315785,-0.311111,-0.420296,-0.308753,-0.322839
nexmetals-mining,NexMetals Mining Corp.,NEXM.V,primary,NEXM.V,CAD,2026-01-22,2026-01-22,1,open_market,1,0,-0.155752,-0.156405,-0.193004,-0.170689,-0.352212,-0.384477,-0.315625,-0.250467,-0.442478,-0.528547,-0.272089,-0.178736
nexmetals-mining,NexMetals Mining Corp.,NEXM.V,primary,NEXM.V,CAD,2026-01-29,2026-01-29,1,open_market,1,0,-0.050847,-0.039249,-0.026347,-0.146728,-0.416949,-0.442221,-0.258671,-0.219224,-0.5,-0.56746,-0.244848,-0.223028
nexmetals-mining,NexMetals Mining Corp.,NEXM.V,primary,NEXM.V,CAD,2026-04-06,2026-04-06,1,open_market,1,0,0.023188,-0.090481,0.015448,0.059759,0.046377,-0.08391,0.162172,0.148459,-0.237681,-0.405696,-0.126586,-0.23731
nexmetals-mining,NexMetals Mining Corp.,NEXM.V,primary,NEXM.V,CAD,2026-04-07,2026-04-07,1,open_market,1,0,0.166172,0.056406,0.166473,0.201157,0.032641,-0.107009,0.147692,0.164761,-0.219585,-0.387086,-0.099925,-0.208104
nexmetals-mining,NexMetals Mining Corp.,NEXM.V,primary,NEXM.V,CAD,2026-04-08,2026-04-08,1,open_market,1,0,0.321212,0.230074,0.322961,0.354797,0.015152,-0.090912,0.14642,0.20299,-0.187879,-0.33406,-0.061351,-0.14761
nexmetals-mining,NexMetals Mining Corp.,NEXM.V,primary,NEXM.V,CAD,2026-06-08,2026-06-08,1,open_market,1,0,-0.083333,-0.091693,-0.025891,-0.045951,-0.111111,-0.153007,-0.135024,-0.398677,,,,
nexmetals-mining,NexMetals Mining Corp.,NEXM.V,primary,NEXM.V,CAD,2026-06-09,2026-06-09,1,open_market,1,0,-0.035088,-0.054978,-0.002845,-0.038863,-0.064327,-0.109291,-0.105246,-0.368548,,,,
nexus-gold,Nexus Gold,NXS.V,primary,NXS.V,CAD,2025-12-27,2025-12-29,2,placement_or_private,1,0,0.875,0.863995,0.634257,0.606996,0.291667,0.369823,0.251275,0.320769,-0.041667,-0.101476,0.020978,0.061208
northstar-gold,Northstar Gold,NSG.CN,primary,NSG.CN,CAD,2025-04-17,2025-04-17,1,open_market,1,0,0.5,0.371222,0.538808,0.561397,0.5,0.314194,0.493009,0.439276,1.5,1.241988,1.256076,0.753391
northstar-gold,Northstar Gold,NSG.CN,primary,NSG.CN,CAD,2025-12-31,2025-12-31,1,placement_or_private,1,0,0.8,0.785262,0.677268,0.716828,0.0,0.04631,-0.085741,-0.042567,0.0,-0.086638,0.06997,0.11113
northstar-gold,Northstar Gold,NSG.CN,primary,NSG.CN,CAD,2026-07-22,2026-07-22,1,open_market,1,0,0.0,-0.024498,-0.116691,-0.328349,,,,,,,,
northstar-gold,Northstar Gold,NSG.CN,primary,NSG.CN,CAD,2026-08-07,2026-08-07,1,open_market,1,0,0.25,0.25397,0.22917,0.145379,,,,,,,,
northstar-gold,Northstar Gold,NSG.CN,primary,NSG.CN,CAD,2026-09-29,2026-09-29,1,open_market,1,0,,,,,,,,,,,,
northwest-copper,NorthWest Copper,NWST.V,primary,NWST.V,CAD,2025-07-04,2025-07-04,3,placement_or_private,1,0,0.0,-0.001676,-0.005661,0.019491,1.55,1.471795,1.395723,1.019516,1.15,1.051334,0.860642,0.434528
northwest-copper,NorthWest Copper,NWST.V,primary,NWST.V,CAD,2026-05-15,2026-05-15,3,placement_or_private,1,0,-0.088235,-0.091726,-0.014546,-0.011076,-0.205882,-0.258252,-0.161956,-0.256694,,,,
northwest-copper,NorthWest Copper,NWST.V,primary,NWST.V,CAD,2026-05-19,2026-05-19,1,placement_or_private,1,0,-0.121212,-0.138943,-0.061965,-0.124667,-0.121212,-0.174283,-0.106607,-0.249485,,,,
nouveau-monde-graphite,Nouveau Monde Graphite,NOU.TO,primary,NOU.TO,CAD,2026-09-30,2026-09-30,1,open_market,1,0,,,,,,,,,,,,
nouveau-monde-graphite,Nouveau Monde Graphite,NOU.TO,primary,NOU.TO,CAD,2026-10-02,2026-10-02,1,open_market,1,0,,,,,,,,,,,,
nouveau-monde-graphite,Nouveau Monde Graphite,NOU.TO,primary,NOU.TO,CAD,2026-10-05,2026-10-05,2,open_market,1,0,,,,,,,,,,,,
omai-gold,Omai Gold Mines,OMG.V,primary,OMG.V,CAD,2025-10-23,2025-10-23,1,placement_or_private,1,0,0.127273,0.146223,0.139205,0.133639,0.563636,0.543331,0.392539,0.247855,1.118182,1.070069,0.984123,0.908045
omai-gold,Omai Gold Mines,OMG.V,primary,OMG.V,CAD,2026-09-08,2026-09-08,1,open_market,1,0,,,,,,,,,,,,
ongold-resources,ONGold Resources Ltd,ONAU.V,primary,ONAU.V,CAD,2025-09-09,2025-09-09,1,open_market,1,0,-0.073684,-0.105714,-0.167589,-0.238957,-0.073684,-0.124889,-0.227429,-0.292801,0.273684,0.239778,-0.143756,-0.230983
ongold-resources,ONGold Resources Ltd,ONAU.V,primary,ONAU.V,CAD,2025-10-03,2025-10-03,1,placement_or_private,1,1,-0.022222,-0.041424,-0.051525,0.03305,0.111111,0.092119,0.002986,-0.003899,0.088889,0.109764,-0.135303,-0.130251
orex-minerals,Orex Minerals,REX.V,primary,REX.V,CAD,2026-03-09,2026-03-09,1,placement_or_private,1,0,-0.1,-0.096668,-0.019582,-0.054388,-0.3,-0.387399,-0.13855,-0.077735,-0.266667,-0.402188,-0.127501,-0.268429
orezone-gold,Orezone Gold,ORE.V,primary,ORE.TO,CAD,2025-09-02,2025-09-02,1,open_market,1,0,0.232759,0.187543,0.143075,0.021717,0.37931,0.316837,0.182253,0.048936,1.37069,1.299282,0.884925,0.565037
orezone-gold,Orezone Gold,ORE.V,primary,ORE.TO,CAD,2025-09-03,2025-09-03,1,open_market,1,0,0.258621,0.219055,0.16872,0.05822,0.37069,0.311986,0.190584,0.082403,1.215517,1.149279,0.722252,0.441476
orezone-gold,Orezone Gold,ORE.V,primary,ORE.TO,CAD,2026-05-20,2026-05-20,1,open_market,1,0,0.017167,0.009761,0.089712,0.052303,0.107296,0.07195,0.152457,0.035545,,,,
orezone-gold,Orezone Gold,ORE.V,primary,ORE.TO,CAD,2026-06-15,2026-06-15,1,open_market,1,0,-0.070833,-0.070807,-0.009807,0.048884,0.183333,0.170801,0.177735,0.027868,,,,
osisko-metals,Osisko Metals,OM.TO,primary,OM.TO,CAD,2025-05-22,2025-05-22,1,open_market,1,0,0.022222,0.003031,-0.000938,-0.050729,-0.111111,-0.20547,-0.128432,-0.308024,0.022222,-0.109816,-0.212808,-0.632132
osisko-metals,Osisko Metals,OM.TO,primary,OM.TO,CAD,2025-05-23,2025-05-23,2,open_market,1,0,0.022222,-0.003973,0.020995,-0.030624,-0.066667,-0.164127,-0.058725,-0.271694,0.0,-0.144221,-0.210525,-0.645234
osisko-metals,Osisko Metals,OM.TO,primary,OM.TO,CAD,2025-06-26,2025-06-26,3,open_market,1,0,0.047619,0.006385,0.045598,0.026667,0.095238,0.01478,-0.02387,-0.357312,0.714286,0.589929,0.365958,-0.109166
osisko-metals,Osisko Metals,OM.TO,primary,OM.TO,CAD,2025-06-27,2025-06-27,1,open_market,1,0,0.073171,0.037084,0.052654,0.018218,0.097561,0.027404,-0.046951,-0.417086,0.756098,0.633364,0.388559,-0.110453
osisko-metals,Osisko Metals,OM.TO,primary,OM.TO,CAD,2025-06-30,2025-06-30,1,open_market,1,0,-0.023256,-0.050139,-0.01056,-0.01787,0.046512,-0.024655,-0.090975,-0.472261,0.674419,0.557141,0.307296,-0.153113
osisko-metals,Osisko Metals,OM.TO,primary,OM.TO,CAD,2025-07-02,2025-07-02,1,open_market,1,0,-0.068182,-0.070229,-0.067729,-0.056344,0.0,-0.073705,-0.149458,-0.512694,0.636364,0.527733,0.347439,-0.085933
osisko-metals,Osisko Metals,OM.TO,primary,OM.TO,CAD,2025-07-23,2025-07-23,1,open_market,1,0,-0.066667,-0.084169,-0.061541,-0.199576,0.066667,0.0082,-0.141739,-0.375853,0.888889,0.798304,0.539379,-0.019557
osisko-metals,Osisko Metals,OM.TO,primary,OM.TO,CAD,2025-07-24,2025-07-24,1,open_market,1,0,-0.066667,-0.083832,-0.067666,-0.215281,0.111111,0.058496,-0.104862,-0.359681,0.911111,0.84308,0.501919,-0.09102
osisko-metals,Osisko Metals,OM.TO,primary,OM.TO,CAD,2025-07-25,2025-07-25,1,open_market,1,0,-0.045455,-0.058341,-0.055799,-0.193762,0.136364,0.081961,-0.095874,-0.357948,0.931818,0.856006,0.488747,-0.030079
osisko-metals,Osisko Metals,OM.TO,primary,OM.TO,CAD,2025-09-08,2025-09-08,1,open_market,1,0,0.243902,0.206481,0.131962,0.029699,0.463415,0.406605,0.309242,0.225294,2.02439,1.988094,1.610168,1.514112
osisko-metals,Osisko Metals,OM.TO,primary,OM.TO,CAD,2025-09-10,2025-09-10,1,open_market,1,0,0.214286,0.213044,0.113289,0.070804,0.404762,0.357492,0.249241,0.178361,1.952381,1.912424,1.542938,1.4809
osisko-metals,Osisko Metals,OM.TO,primary,OM.TO,CAD,2025-09-11,2025-09-11,1,open_market,1,0,0.214286,0.221296,0.111645,0.087928,0.380952,0.335425,0.218776,0.163225,1.952381,1.922653,1.524911,1.480447
osisko-metals,Osisko Metals,OM.TO,primary,OM.TO,CAD,2025-09-12,2025-09-12,1,open_market,1,0,0.243902,0.25058,0.143431,0.111654,0.512195,0.463884,0.339814,0.254401,2.170732,2.141952,1.7509,1.728484
osisko-metals,Osisko Metals,OM.TO,primary,OM.TO,CAD,2025-09-26,2025-09-26,1,open_market,1,0,0.111111,0.087797,0.022341,0.100841,0.6,0.556846,0.411992,0.39179,1.422222,1.429777,1.22164,1.277901
osisko-metals,Osisko Metals,OM.TO,primary,OM.TO,CAD,2025-10-01,2025-10-01,2,open_market,1,0,0.309524,0.289163,0.275566,0.354389,0.809524,0.781758,0.689141,0.67071,1.785714,1.840288,1.621262,1.683625
osisko-metals,Osisko Metals,OM.TO,primary,OM.TO,CAD,2025-10-02,2025-10-02,2,open_market,1,0,0.27907,0.259883,0.241498,0.328948,0.767442,0.748465,0.650415,0.645348,1.906977,1.935189,1.694175,1.733109
osisko-metals,Osisko Metals,OM.TO,primary,OM.TO,CAD,2025-10-08,2025-10-08,1,open_market,1,0,-0.039216,-0.036036,-0.028499,0.053243,0.588235,0.560454,0.478431,0.464406,1.431373,1.452439,1.282702,1.280282
osisko-metals,Osisko Metals,OM.TO,primary,OM.TO,CAD,2025-10-29,2025-10-29,1,open_market,1,0,-0.04,-0.034181,-0.10854,-0.222091,1.12,1.108216,0.80843,0.639955,2.18,2.139586,1.99573,1.935444
osisko-metals,Osisko Metals,OM.TO,primary,OM.TO,CAD,2025-11-04,2025-11-04,1,open_market,1,0,0.145833,0.132283,0.077358,-0.042005,1.104167,1.074296,0.925292,0.77326,2.270833,2.203583,2.10286,2.063604
osisko-metals,Osisko Metals,OM.TO,primary,OM.TO,CAD,2025-11-07,2025-11-07,1,open_market,1,0,0.22449,0.202551,0.175265,0.102287,1.22449,1.214579,1.02474,0.990651,2.285714,2.192029,2.115613,2.070007
osisko-metals,Osisko Metals,OM.TO,primary,OM.TO,CAD,2025-11-12,2025-11-12,1,open_market,1,0,0.26,0.262371,0.235518,0.195024,1.28,1.267211,1.082042,1.028643,2.3,2.218171,2.173935,2.126711
osisko-metals,Osisko Metals,OM.TO,primary,OM.TO,CAD,2025-12-05,2025-12-05,2,open_market,1,0,0.316667,0.320342,0.286028,0.282792,1.133333,1.139721,0.927118,0.908307,2.0,1.900028,1.944545,1.984721
osisko-metals,Osisko Metals,OM.TO,primary,OM.TO,CAD,2025-12-09,2025-12-09,1,open_market,1,0,0.389831,0.380358,0.327647,0.301044,1.101695,1.108678,0.881948,0.901269,1.677966,1.598161,1.655147,1.741982
osisko-metals,Osisko Metals,OM.TO,primary,OM.TO,CAD,2025-12-10,2025-12-10,1,open_market,1,0,0.465517,0.456064,0.400179,0.376815,1.137931,1.153042,0.909657,0.929093,1.672414,1.597294,1.651285,1.744225
osisko-metals,Osisko Metals,OM.TO,primary,OM.TO,CAD,2025-12-11,2025-12-11,1,open_market,1,0,0.370968,0.363858,0.31698,0.313176,1.096774,1.115405,0.885707,0.95031,1.5,1.430525,1.506256,1.613769
osisko-metals,Osisko Metals,OM.TO,primary,OM.TO,CAD,2025-12-17,2025-12-17,1,open_market,1,0,0.239437,0.209261,0.184339,0.130094,0.690141,0.691049,0.539924,0.622029,1.732394,1.608132,1.739257,1.74445
osisko-metals,Osisko Metals,OM.TO,primary,OM.TO,CAD,2026-01-05,2026-01-05,1,open_market,1,0,0.317073,0.319298,0.20647,0.213254,0.536585,0.582956,0.486067,0.481029,1.268293,1.185323,1.343227,1.324613
osisko-metals,Osisko Metals,OM.TO,primary,OM.TO,CAD,2026-01-06,2026-01-06,1,open_market,1,0,0.345679,0.36619,0.276218,0.347414,0.530864,0.578392,0.495843,0.513401,1.296296,1.219729,1.381126,1.382949
osisko-metals,Osisko Metals,OM.TO,primary,OM.TO,CAD,2026-01-07,2026-01-07,1,open_market,1,0,0.493671,0.492163,0.380703,0.444276,0.620253,0.66428,0.565076,0.59042,1.316456,1.226981,1.382678,1.423456
osisko-metals,Osisko Metals,OM.TO,primary,OM.TO,CAD,2026-01-13,2026-01-13,1,open_market,1,0,0.370787,0.388804,0.300203,0.368743,0.696629,0.707685,0.664065,0.689035,1.0,0.911815,1.105827,1.199852
osisko-metals,Osisko Metals,OM.TO,primary,OM.TO,CAD,2026-01-27,2026-01-27,1,open_market,1,0,0.40566,0.414561,0.402762,0.347873,0.5,0.471703,0.597059,0.658143,0.575472,0.513012,0.794333,0.856123
osisko-metals,Osisko Metals,OM.TO,primary,OM.TO,CAD,2026-02-06,2026-02-06,1,open_market,1,0,0.050847,0.077259,0.011217,-0.005107,0.423729,0.36442,0.47594,0.478694,0.525424,0.410788,0.669937,0.637918
osisko-metals,Osisko Metals,OM.TO,primary,OM.TO,CAD,2026-02-12,2026-02-12,1,open_market,1,0,0.0,0.02786,-0.020935,0.045603,0.508197,0.418599,0.554476,0.528226,0.45082,0.319756,0.562541,0.499909
osisko-metals,Osisko Metals,OM.TO,primary,OM.TO,CAD,2026-04-17,2026-04-17,2,open_market,1,0,0.064935,0.024056,0.12916,0.189151,0.012987,-0.044157,0.194563,0.275991,,,,
osisko-metals,Osisko Metals,OM.TO,primary,OM.TO,CAD,2026-04-21,2026-04-21,2,open_market,1,1,0.067114,0.012234,0.096399,0.146545,0.04698,-0.007005,0.19124,0.26336,,,,
osisko-metals,Osisko Metals,OM.TO,primary,OM.TO,CAD,2026-05-11,2026-05-11,1,open_market,1,1,-0.090909,-0.072148,0.047294,0.13863,0.163636,0.117701,0.246876,0.194679,,,,
osisko-metals,Osisko Metals,OM.TO,primary,OM.TO,CAD,2026-06-24,2026-06-24,1,open_market,1,1,0.056962,0.049202,0.04062,0.035155,0.196203,0.141459,0.102876,-0.145099,,,,
osisko-metals,Osisko Metals,OM.TO,primary,OM.TO,CAD,2026-07-30,2026-07-30,2,open_market,1,0,0.080745,0.043452,-0.003383,-0.237418,,,,,,,,
osisko-metals,Osisko Metals,OM.TO,primary,OM.TO,CAD,2026-08-12,2026-08-12,1,open_market,1,0,-0.011299,-0.000684,0.003889,-0.076935,,,,,,,,
osisko-metals,Osisko Metals,OM.TO,primary,OM.TO,CAD,2026-09-01,2026-09-01,1,open_market,1,0,0.081761,0.07886,0.117023,0.133517,,,,,,,,
osisko-metals,Osisko Metals,OM.TO,primary,OM.TO,CAD,2026-10-02,2026-10-02,1,open_market,1,0,,,,,,,,,,,,
outcrop-silver-and-gold,Outcrop Silver and Gold,OCG.TO,primary,OCG.TO,CAD,2025-08-07,2025-08-07,1,open_market,1,0,0.258065,0.234356,0.200802,0.042616,-0.032258,-0.103954,-0.202768,-0.355497,0.483871,0.393274,0.033021,-0.300805
outcrop-silver-and-gold,Outcrop Silver and Gold,OCG.TO,primary,OCG.TO,CAD,2026-07-20,2026-07-20,1,open_market,1,0,0.423077,0.386734,0.297288,0.058964,,,,,,,,
pacific-empire-minerals,Pacific Empire Minerals,PEMC.V,primary,PEMC.V,CAD,2025-08-14,2025-08-14,1,placement_or_private,1,0,0.0,-0.019319,-0.091684,-0.243662,0.25,0.190414,-0.006273,-0.209946,1.0,0.926863,0.495037,0.16736
pacific-empire-minerals,Pacific Empire Minerals,PEMC.V,primary,PEMC.V,CAD,2025-08-18,2025-08-18,1,placement_or_private,1,0,0.0,-0.024685,-0.097801,-0.193042,0.25,0.205495,0.025175,-0.136668,1.0,0.94023,0.492849,0.185344
pacific-empire-minerals,Pacific Empire Minerals,PEMC.V,primary,PEMC.V,CAD,2025-10-07,2025-10-07,1,placement_or_private,1,0,0.25,0.248222,0.250519,0.324226,3.75,3.722202,3.633962,3.625885,0.5,0.519862,0.327581,0.305592
pacific-empire-minerals,Pacific Empire Minerals,PEMC.V,primary,PEMC.V,CAD,2025-10-08,2025-10-08,1,placement_or_private,1,0,0.25,0.253179,0.260717,0.342459,3.25,3.222219,3.140196,3.126171,0.5,0.521066,0.35133,0.348909
pacific-empire-minerals,Pacific Empire Minerals,PEMC.V,primary,PEMC.V,CAD,2025-10-10,2025-10-10,1,placement_or_private,1,0,0.0,-0.027488,0.002194,0.054877,2.2,2.144121,2.085213,2.027279,0.2,0.164794,0.022795,-0.043573
pacific-empire-minerals,Pacific Empire Minerals,PEMC.V,primary,PEMC.V,CAD,2026-05-14,2026-05-14,1,placement_or_private,1,0,-0.333333,-0.324752,-0.238134,-0.18919,-0.444444,-0.47695,-0.392269,-0.440403,,,,
pacific-empire-minerals,Pacific Empire Minerals,PEMC.V,primary,PEMC.V,CAD,2026-08-04,2026-08-04,1,placement_or_private,1,0,0.2,0.197615,0.103624,-0.100963,,,,,,,,
power-metallic-mines,Power Metallic Mines,PNPN.V,primary,PNPN.V,CAD,2025-04-16,2025-04-16,1,open_market,1,0,-0.198529,-0.328918,-0.155501,-0.122109,-0.154412,-0.337952,-0.152005,-0.206065,0.073529,-0.187818,-0.156152,-0.584092
power-metallic-mines,Power Metallic Mines,PNPN.V,primary,PNPN.V,CAD,2025-04-17,2025-04-17,1,open_market,1,0,-0.155039,-0.283817,-0.11623,-0.093642,-0.069767,-0.255573,-0.076758,-0.130492,0.170543,-0.087469,-0.073381,-0.576066
power-metallic-mines,Power Metallic Mines,PNPN.V,primary,PNPN.V,CAD,2025-05-27,2025-05-27,1,placement_or_private,1,0,0.132075,0.097025,0.124588,0.088122,0.311321,0.224507,0.293817,0.080166,-0.132075,-0.246903,-0.361205,-0.703938
power-metallic-mines,Power Metallic Mines,PNPN.V,primary,PNPN.V,CAD,2025-11-06,2025-11-06,2,open_market,1,0,0.03125,0.008305,-0.024395,-0.108925,0.416667,0.392976,0.176549,0.074837,0.34375,0.263996,0.201154,0.198512
power-metallic-mines,Power Metallic Mines,PNPN.V,primary,PNPN.V,CAD,2025-11-08,2025-11-10,1,open_market,1,0,-0.196078,-0.205074,-0.224278,-0.28507,0.245098,0.231627,0.041387,0.014167,0.382353,0.29991,0.235966,0.178503
power-metallic-mines,Power Metallic Mines,PNPN.V,primary,PNPN.V,CAD,2025-11-13,2025-11-13,1,open_market,1,0,-0.113402,-0.127865,-0.146233,-0.202515,0.360825,0.331184,0.139444,0.041584,0.525773,0.427356,0.395024,0.321523
power-metallic-mines,Power Metallic Mines,PNPN.V,primary,PNPN.V,CAD,2025-11-21,2025-11-21,1,open_market,1,0,0.054348,0.021633,-0.011781,-0.113461,0.445652,0.407035,0.217769,0.087064,0.48913,0.364371,0.373893,0.365585
power-metallic-mines,Power Metallic Mines,PNPN.V,primary,PNPN.V,CAD,2025-12-12,2025-12-12,1,open_market,1,0,0.534884,0.516828,0.48676,0.468244,0.325581,0.34861,0.144922,0.19979,0.302326,0.238271,0.355077,0.457982
power-metallic-mines,Power Metallic Mines,PNPN.V,primary,PNPN.V,CAD,2025-12-15,2025-12-15,1,open_market,1,0,0.911392,0.897246,0.835243,0.780451,0.379747,0.406835,0.215421,0.310047,0.556962,0.467323,0.580358,0.629274
power-metallic-mines,Power Metallic Mines,PNPN.V,primary,PNPN.V,CAD,2026-03-09,2026-03-09,1,open_market,1,0,0.065421,0.068753,0.145839,0.111033,0.093458,0.006059,0.254908,0.315723,0.420561,0.285039,0.559727,0.418798
premier-american-uranium,Premier American Uranium Inc.,PUR.V,primary,PUR.V,CAD,2026-02-05,2026-02-05,1,open_market,1,0,-0.052632,-0.044899,-0.124212,-0.165503,-0.092105,-0.175057,-0.067393,-0.073728,-0.276316,-0.414609,-0.123062,-0.144446
premier-american-uranium,Premier American Uranium Inc.,PUR.V,primary,PUR.V,CAD,2026-04-21,2026-04-21,1,placement_or_private,1,0,-0.046154,-0.101034,-0.016869,0.033277,-0.338462,-0.392447,-0.194201,-0.122082,,,,
prospector-metals,Prospector Metals Corp.,PPP.V,primary,PPP.V,CAD,2025-05-15,2025-05-15,2,placement_or_private,1,0,0.538462,0.527385,0.476516,0.350958,0.538462,0.446279,0.500287,0.284408,6.615385,6.458659,6.339968,5.845989
prospector-metals,Prospector Metals Corp.,PPP.V,primary,PPP.V,CAD,2025-11-24,2025-11-24,1,placement_or_private,1,0,0.160377,0.128003,0.076921,0.037223,0.066038,0.035084,-0.166524,-0.243212,0.292453,0.177444,0.204026,0.242264
q2-metals,Q2 Metals,QTWO.V,primary,QTWO.V,CAD,2025-06-11,2025-06-11,1,open_market,1,0,0.113208,0.076191,0.110711,0.111608,0.490566,0.409134,0.407257,0.152925,2.056604,1.919797,1.806742,1.433993
q2-metals,Q2 Metals,QTWO.V,primary,QTWO.V,CAD,2025-06-12,2025-06-12,1,open_market,1,0,0.134615,0.101704,0.144417,0.157819,0.461538,0.381273,0.387676,0.129251,2.230769,2.09944,1.989898,1.601818
q2-metals,Q2 Metals,QTWO.V,primary,QTWO.V,CAD,2025-06-13,2025-06-13,1,open_market,1,0,0.156863,0.112273,0.179469,0.195677,0.54902,0.447462,0.490624,0.216671,2.196078,2.04437,1.966036,1.580073
q2-metals,Q2 Metals,QTWO.V,primary,QTWO.V,CAD,2025-06-16,2025-06-16,1,open_market,1,0,0.18,0.14426,0.19129,0.209359,0.52,0.429189,0.444177,0.16218,2.44,2.308786,2.17167,1.749128
rackla-metals,Rackla Metals,RAK.V,primary,RAK.V,CAD,2025-07-09,2025-07-09,1,open_market,1,0,0.313725,0.292702,0.289079,0.212922,-0.627451,-0.699656,-0.82626,-1.218349,-0.823529,-0.925539,-1.161445,-1.60501
rackla-metals,Rackla Metals,RAK.V,primary,RAK.V,CAD,2025-10-07,2025-10-07,1,open_market,1,0,-0.105263,-0.107042,-0.104744,-0.031037,-0.526316,-0.554113,-0.642354,-0.65043,-0.263158,-0.243296,-0.435576,-0.457566
rackla-metals,Rackla Metals,RAK.V,primary,RAK.V,CAD,2025-10-16,2025-10-16,1,open_market,1,0,-0.105263,-0.122353,-0.053579,-0.009846,-0.473684,-0.518671,-0.548069,-0.595398,0.0,-0.051193,-0.122689,-0.144416
rackla-metals,Rackla Metals,RAK.V,primary,RAK.V,CAD,2025-10-23,2025-10-23,2,open_market,1,0,0.0,0.01895,0.011933,0.006367,-0.294118,-0.314423,-0.465215,-0.609899,0.0,-0.048112,-0.134058,-0.210137
rackla-metals,Rackla Metals,RAK.V,primary,RAK.V,CAD,2025-10-28,2025-10-28,1,open_market,1,0,-0.375,-0.364259,-0.42643,-0.542548,-0.25,-0.258253,-0.525317,-0.720966,-0.125,-0.164123,-0.314006,-0.392858
rackla-metals,Rackla Metals,RAK.V,primary,RAK.V,CAD,2025-11-16,2025-11-17,1,open_market,1,0,-0.470588,-0.479196,-0.544959,-0.588233,-0.176471,-0.200627,-0.421244,-0.50338,-0.176471,-0.286886,-0.299274,-0.301139
rackla-metals,Rackla Metals,RAK.V,primary,RAK.V,CAD,2025-12-01,2025-12-01,1,open_market,1,0,-0.181818,-0.184244,-0.198649,-0.198841,0.363636,0.355228,0.122456,0.010737,0.363636,0.251607,0.293412,0.323987
rackla-metals,Rackla Metals,RAK.V,primary,RAK.V,CAD,2025-12-10,2025-12-10,1,open_market,1,0,0.0,-0.009454,-0.065339,-0.088702,0.444444,0.459556,0.21617,0.235606,0.555556,0.480436,0.534427,0.627367
rackla-metals,Rackla Metals,RAK.V,primary,RAK.V,CAD,2025-12-11,2025-12-11,1,open_market,1,0,0.0,-0.00711,-0.053987,-0.057792,0.444444,0.463076,0.233377,0.297981,0.444444,0.37497,0.4507,0.558213
rackla-metals,Rackla Metals,RAK.V,primary,RAK.V,CAD,2025-12-15,2025-12-15,1,open_market,1,0,0.111111,0.096965,0.034962,-0.01983,0.444444,0.471533,0.280119,0.374745,0.555556,0.465916,0.578951,0.627867
rackla-metals,Rackla Metals,RAK.V,primary,RAK.V,CAD,2026-01-23,2026-01-23,1,open_market,1,0,0.166667,0.166376,0.143479,0.164831,0.25,0.222114,0.308865,0.385088,0.166667,0.082254,0.338894,0.420312
rackla-metals,Rackla Metals,RAK.V,primary,RAK.V,CAD,2026-03-09,2026-03-09,1,open_market,1,0,0.230769,0.234101,0.311187,0.276382,0.076923,-0.010476,0.238373,0.299188,0.923077,0.787556,1.062243,0.921314
rackla-metals,Rackla Metals,RAK.V,primary,RAK.V,CAD,2026-03-10,2026-03-10,1,open_market,1,0,0.230769,0.226738,0.314371,0.290828,0.076923,-0.014692,0.245571,0.311352,0.923077,0.785728,1.071844,0.936925
rackla-metals,Rackla Metals,RAK.V,primary,RAK.V,CAD,2026-03-12,2026-03-12,1,open_market,1,0,0.333333,0.313215,0.397054,0.330429,0.0,-0.089136,0.197695,0.25009,1.083333,0.933347,1.227182,1.058639
rackla-metals,Rackla Metals,RAK.V,primary,RAK.V,CAD,2026-04-14,2026-04-14,1,open_market,1,0,-0.263158,-0.340499,-0.222986,-0.208812,-0.263158,-0.341939,-0.088002,-0.026545,,,,
rackla-metals,Rackla Metals,RAK.V,primary,RAK.V,CAD,2026-04-23,2026-04-23,1,open_market,1,0,-0.066667,-0.119162,-0.026717,0.005072,-0.066667,-0.12166,0.053786,0.069233,,,,
rackla-metals,Rackla Metals,RAK.V,primary,RAK.V,CAD,2026-04-28,2026-04-28,1,open_market,1,0,0.0,-0.060293,0.021663,0.008133,-0.066667,-0.105167,0.045395,0.035081,,,,
rackla-metals,Rackla Metals,RAK.V,primary,RAK.V,CAD,2026-05-11,2026-05-11,1,open_market,1,0,-0.25,-0.231239,-0.111797,-0.020461,0.125,0.079065,0.208239,0.156043,,,,
rackla-metals,Rackla Metals,RAK.V,primary,RAK.V,CAD,2026-05-19,2026-05-19,1,open_market,1,0,0.0,-0.017731,0.059247,-0.003455,0.785714,0.732643,0.800319,0.657442,,,,
rackla-metals,Rackla Metals,RAK.V,primary,RAK.V,CAD,2026-05-25,2026-05-25,1,open_market,1,0,-0.066667,-0.043552,0.049469,0.076023,1.0,0.979843,0.977391,0.819391,,,,
rackla-metals,Rackla Metals,RAK.V,primary,RAK.V,CAD,2026-06-08,2026-06-08,1,open_market,1,0,0.0,-0.00836,0.057442,0.037382,0.785714,0.743819,0.761801,0.498148,,,,
rackla-metals,Rackla Metals,RAK.V,primary,RAK.V,CAD,2026-06-10,2026-06-10,2,open_market,1,0,0.166667,0.125974,0.160179,0.10971,1.083333,1.027463,1.016218,0.721327,,,,
rackla-metals,Rackla Metals,RAK.V,primary,RAK.V,CAD,2026-06-18,2026-06-18,1,open_market,1,0,-0.142857,-0.138237,-0.094526,-0.00729,0.714286,0.704496,0.702351,0.579665,,,,
red-canyon-resources,Red Canyon Resources,REDC.CN,primary,REDC.CN,CAD,2025-05-28,2025-05-28,1,open_market,1,0,-0.066667,-0.112912,-0.058142,-0.064563,0.066667,-0.031048,0.039446,-0.172589,0.133333,-0.004485,-0.118107,-0.515663
red-canyon-resources,Red Canyon Resources,REDC.CN,primary,REDC.CN,CAD,2025-06-27,2025-06-27,1,open_market,1,0,0.214286,0.178199,0.193769,0.159333,1.071429,1.001272,0.926916,0.556781,0.285714,0.162981,-0.081824,-0.580836
red-canyon-resources,Red Canyon Resources,REDC.CN,primary,REDC.CN,CAD,2025-08-11,2025-08-11,1,open_market,1,1,0.214286,0.188669,0.12772,-0.040173,0.214286,0.159169,0.020606,-0.138401,0.5,0.413983,0.02387,-0.251183
red-canyon-resources,Red Canyon Resources,REDC.CN,primary,REDC.CN,CAD,2025-09-08,2025-09-08,1,open_market,1,1,0.588235,0.550814,0.476295,0.374032,0.117647,0.060837,-0.036525,-0.120474,0.176471,0.140174,-0.237752,-0.333808
red-canyon-resources,Red Canyon Resources,REDC.CN,primary,REDC.CN,CAD,2026-02-10,2026-02-10,1,open_market,1,0,-0.208333,-0.170681,-0.218022,-0.16702,-0.208333,-0.276501,-0.14832,-0.142308,-0.291667,-0.408901,-0.15341,-0.194306
red-canyon-resources,Red Canyon Resources,REDC.CN,primary,REDC.CN,CAD,2026-03-17,2026-03-17,1,open_market,1,0,0.0,-0.04602,0.041784,-0.039157,-0.105263,-0.230548,0.031301,-0.029699,-0.263158,-0.402546,-0.131427,-0.335347
red-canyon-resources,Red Canyon Resources,REDC.CN,primary,REDC.CN,CAD,2026-03-20,2026-03-20,1,open_market,1,0,0.0,-0.094932,-0.078741,-0.258575,-0.105263,-0.256627,-0.041738,-0.170159,-0.263158,-0.425793,-0.210809,-0.474609
red-canyon-resources,Red Canyon Resources,REDC.CN,primary,REDC.CN,CAD,2026-03-26,2026-03-26,3,placement_or_private,1,0,0.052632,-0.054098,-0.028763,-0.070046,-0.157895,-0.294542,-0.071233,-0.085539,-0.263158,-0.462029,-0.261735,-0.510709
red-canyon-resources,Red Canyon Resources,REDC.CN,primary,REDC.CN,CAD,2026-04-02,2026-04-02,1,placement_or_private,1,0,0.0,-0.098837,0.014508,0.09143,0.0,-0.137124,0.136955,0.175153,-0.176471,-0.341712,-0.068136,-0.186955
red-canyon-resources,Red Canyon Resources,REDC.CN,primary,REDC.CN,CAD,2026-06-01,2026-06-01,1,open_market,1,0,-0.055556,-0.038707,0.043311,0.055384,-0.111111,-0.125362,-0.105348,-0.289367,,,,
red-canyon-resources,Red Canyon Resources,REDC.CN,primary,REDC.CN,CAD,2026-08-06,2026-08-06,1,open_market,1,1,0.0,-0.002121,-0.043883,-0.181488,,,,,,,,
red-canyon-resources,Red Canyon Resources,REDC.CN,primary,REDC.CN,CAD,2026-08-21,2026-08-21,1,open_market,1,1,0.076923,0.082186,0.129337,0.129565,,,,,,,,
renegade-gold,Renegade Gold,RAGE.V,primary,RAGE.V,CAD,2026-02-20,2026-02-20,1,open_market,1,1,-0.1875,-0.128234,-0.069622,0.065943,-0.296875,-0.374171,-0.1867,-0.101582,-0.453125,-0.568626,-0.336229,-0.384918
renegade-gold,Renegade Gold,RAGE.V,primary,RAGE.V,CAD,2026-02-23,2026-02-23,1,open_market,1,1,-0.176471,-0.138999,-0.041435,0.042366,-0.352941,-0.44563,-0.212773,-0.127026,-0.441176,-0.563291,-0.320831,-0.397787
renegade-gold,Renegade Gold,RAGE.V,primary,RAGE.V,CAD,2026-02-24,2026-02-24,1,open_market,1,1,-0.179104,-0.117622,-0.02325,0.082028,-0.298507,-0.383311,-0.170423,-0.089436,-0.432836,-0.546853,-0.324852,-0.377232
renegade-gold,Renegade Gold,RAGE.V,primary,RAGE.V,CAD,2026-02-25,2026-02-25,2,open_market,1,1,-0.263889,-0.178684,-0.139855,-0.021225,-0.375,-0.457868,-0.249488,-0.164042,-0.486111,-0.587561,-0.387404,-0.436131
renegade-gold,Renegade Gold,RAGE.V,primary,RAGE.V,CAD,2026-03-05,2026-03-05,1,open_market,1,1,-0.169231,-0.131832,-0.090454,-0.085465,-0.353846,-0.46089,-0.22886,-0.179779,-0.415385,-0.533495,-0.266542,-0.363092
renegade-gold,Renegade Gold,RAGE.V,primary,RAGE.V,CAD,2026-03-06,2026-03-06,1,open_market,1,1,-0.169231,-0.144617,-0.076097,-0.09211,-0.307692,-0.433678,-0.176248,-0.150389,-0.415385,-0.553372,-0.266011,-0.391055
renegade-gold,Renegade Gold,RAGE.V,primary,RAGE.V,CAD,2026-03-13,2026-03-13,1,open_market,1,1,-0.234375,-0.2603,-0.182925,-0.295086,-0.40625,-0.520203,-0.244545,-0.243642,-0.40625,-0.557407,-0.2815,-0.50423
renegade-gold,Renegade Gold,RAGE.V,primary,RAGE.V,CAD,2026-03-16,2026-03-16,4,placement_or_private,1,1,-0.206897,-0.253098,-0.163524,-0.240152,-0.344828,-0.453522,-0.184347,-0.203677,-0.344828,-0.487213,-0.210909,-0.410197
renegade-gold,Renegade Gold,RAGE.V,primary,RAGE.V,CAD,2026-03-18,2026-03-18,1,open_market,1,1,-0.157895,-0.231538,-0.16057,-0.304734,-0.298246,-0.432651,-0.192319,-0.311632,-0.385965,-0.536321,-0.269268,-0.504217
renegade-gold,Renegade Gold,RAGE.V,primary,RAGE.V,CAD,2026-03-20,2026-03-20,1,open_market,1,1,-0.076923,-0.171855,-0.155664,-0.335498,-0.192308,-0.343671,-0.128783,-0.257203,-0.346154,-0.508789,-0.293805,-0.557605
renegade-gold,Renegade Gold,RAGE.V,primary,RAGE.V,CAD,2026-06-25,2026-06-25,1,open_market,1,1,-0.058824,-0.065129,-0.065428,-0.06814,0.117647,0.072012,0.054257,-0.155878,,,,
rio-silver,Rio Silver,RYO.V,primary,RYO.V,CAD,2025-07-09,2025-07-09,1,open_market,1,0,0.3,0.278976,0.275353,0.199196,1.2,1.127795,1.001191,0.609102,4.3,4.197991,3.962084,3.518519
rio-silver,Rio Silver,RYO.V,primary,RYO.V,CAD,2025-07-13,2025-07-14,1,open_market,1,0,0.555556,0.523418,0.55166,0.456378,1.777778,1.732628,1.579375,1.221807,5.0,4.88915,4.654362,4.169273
riverside-resources,Riverside Resources,RRI.V,primary,RRI.V,CAD,2025-07-02,2025-07-02,1,open_market,1,0,0.066667,0.06462,0.067119,0.078504,0.466667,0.392962,0.317208,-0.046027,0.466667,0.358036,0.177742,-0.25563
riverside-resources,Riverside Resources,RRI.V,primary,RRI.V,CAD,2025-07-03,2025-07-03,1,open_market,1,0,0.066667,0.072456,0.060253,0.082362,0.6,0.531062,0.440822,0.071738,0.4,0.301382,0.101276,-0.339004
riverside-resources,Riverside Resources,RRI.V,primary,RRI.V,CAD,2025-11-06,2025-11-06,1,open_market,1,0,0.166667,0.143722,0.111022,0.026492,0.333333,0.309643,0.093215,-0.008496,0.444444,0.36469,0.301849,0.299206
riverside-resources,Riverside Resources,RRI.V,primary,RRI.V,CAD,2025-11-20,2025-11-20,1,open_market,1,0,0.105263,0.062261,0.040784,-0.067971,0.157895,0.106158,-0.064674,-0.18379,0.368421,0.243982,0.270649,0.260447
riverside-resources,Riverside Resources,RRI.V,primary,RRI.V,CAD,2025-12-03,2025-12-03,1,placement_or_private,1,0,0.0,0.001053,-0.029467,-0.030031,0.238095,0.243301,0.028056,-0.031199,0.428571,0.319416,0.365554,0.389089
riverside-resources,Riverside Resources,RRI.V,primary,RRI.V,CAD,2025-12-27,2025-12-29,1,open_market,1,0,0.181818,0.170813,-0.058924,-0.086186,-0.045455,0.032702,-0.085846,-0.016352,0.136364,0.076554,0.199008,0.239238
riverside-resources,Riverside Resources,RRI.V,primary,RRI.V,CAD,2026-02-05,2026-02-05,1,open_market,1,0,0.083333,0.091066,0.011753,-0.029538,0.041667,-0.041285,0.066379,0.060044,0.541667,0.403374,0.694921,0.673536
riverside-resources,Riverside Resources,RRI.V,primary,RRI.V,CAD,2026-02-10,2026-02-10,1,open_market,1,0,0.086957,0.124609,0.077268,0.12827,0.130435,0.062267,0.190448,0.19646,0.695652,0.578418,0.833909,0.793012
riverside-resources,Riverside Resources,RRI.V,primary,RRI.V,CAD,2026-02-11,2026-02-11,1,open_market,1,0,0.086957,0.129835,0.101477,0.20479,0.217391,0.150596,0.291595,0.306955,0.608696,0.491536,0.747887,0.731217
riverside-resources,Riverside Resources,RRI.V,primary,RRI.V,CAD,2026-03-27,2026-03-27,1,open_market,1,0,0.285714,0.159786,0.240983,0.199747,0.190476,0.032439,0.299567,0.283106,1.047619,0.836734,1.100235,0.887064
riverside-resources,Riverside Resources,RRI.V,primary,RRI.V,CAD,2026-04-20,2026-04-20,1,open_market,1,0,0.227273,0.181373,0.283121,0.356363,0.454545,0.405767,0.621208,0.712089,,,,
riverside-resources,Riverside Resources,RRI.V,primary,RRI.V,CAD,2026-06-23,2026-06-23,1,open_market,1,0,0.56,0.553729,0.575372,0.586662,0.72,0.665582,0.664185,0.482016,,,,
riverside-resources,Riverside Resources,RRI.V,primary,RRI.V,CAD,2026-08-27,2026-08-27,1,open_market,1,0,0.046512,0.046187,0.115584,0.127001,,,,,,,,
rokmaster-resources,Rokmaster Resources,RKR.V,primary,RKR.V,CAD,2025-04-20,2025-04-21,1,open_market,1,0,0.5,0.365766,0.530958,0.504286,1.5,1.278742,1.522814,1.464033,1.0,0.707111,0.76742,0.291841
rokmaster-resources,Rokmaster Resources,RKR.V,primary,RKR.V,CAD,2025-04-22,2025-04-22,1,open_market,1,0,1.0,0.894092,1.025714,0.987768,1.5,1.307454,1.493507,1.400011,1.0,0.739896,0.749671,0.255306
rokmaster-resources,Rokmaster Resources,RKR.V,primary,RKR.V,CAD,2025-04-28,2025-04-28,1,open_market,1,0,0.0,-0.066951,0.017019,-0.070623,0.333333,0.176757,0.338737,0.202383,0.333333,0.10387,0.111862,-0.33826
rokmaster-resources,Rokmaster Resources,RKR.V,primary,RKR.V,CAD,2025-06-10,2025-06-10,1,placement_or_private,1,0,1.0,0.962294,1.001663,1.003623,0.333333,0.257473,0.241683,-0.015138,0.0,-0.13698,-0.259952,-0.661387
rokmaster-resources,Rokmaster Resources,RKR.V,primary,RKR.V,CAD,2025-06-11,2025-06-11,2,placement_or_private,1,0,0.666667,0.629651,0.66417,0.665067,0.333333,0.251901,0.250024,-0.004308,0.0,-0.136807,-0.249862,-0.62261
rokmaster-resources,Rokmaster Resources,RKR.V,primary,RKR.V,CAD,2025-09-02,2025-09-02,1,open_market,1,0,0.0,-0.045215,-0.089683,-0.211042,0.0,-0.062474,-0.197058,-0.330374,0.25,0.178593,-0.235764,-0.555653
rokmaster-resources,Rokmaster Resources,RKR.V,primary,RKR.V,CAD,2025-09-05,2025-09-05,1,open_market,1,0,0.0,-0.033944,-0.08032,-0.180103,-0.4,-0.457398,-0.5694,-0.659838,0.0,-0.058541,-0.425162,-0.607038
rokmaster-resources,Rokmaster Resources,RKR.V,primary,RKR.V,CAD,2025-11-15,2025-11-17,1,open_market,1,0,0.0,-0.008608,-0.074371,-0.117645,0.666667,0.642511,0.421893,0.339757,0.333333,0.222918,0.21053,0.208665
rokmaster-resources,Rokmaster Resources,RKR.V,primary,RKR.V,CAD,2025-11-30,2025-12-01,1,open_market,1,0,0.0,-0.002426,-0.016831,-0.017023,0.25,0.241592,0.00882,-0.102899,0.0,-0.112029,-0.070225,-0.039649
rokmaster-resources,Rokmaster Resources,RKR.V,primary,RKR.V,CAD,2026-03-05,2026-03-05,1,open_market,1,0,0.0,0.037399,0.078776,0.083766,-0.2,-0.307044,-0.075013,-0.025932,-0.2,-0.318111,-0.051157,-0.147708
rokmaster-resources,Rokmaster Resources,RKR.V,primary,RKR.V,CAD,2026-03-24,2026-03-24,1,open_market,1,0,-0.2,-0.284617,-0.266587,-0.300654,-0.2,-0.33964,-0.151649,-0.196276,0.0,-0.166126,0.007324,-0.198614
rokmaster-resources,Rokmaster Resources,RKR.V,primary,RKR.V,CAD,2026-03-28,2026-03-30,1,open_market,1,0,-0.2,-0.325971,-0.206826,-0.196946,0.0,-0.15352,0.098775,0.079984,-0.2,-0.420548,-0.148936,-0.354245
rokmaster-resources,Rokmaster Resources,RKR.V,primary,RKR.V,CAD,2026-05-04,2026-05-04,1,open_market,1,0,0.0,-0.050459,0.016493,-0.010701,0.25,0.209583,0.354097,0.343357,,,,
rokmaster-resources,Rokmaster Resources,RKR.V,primary,RKR.V,CAD,2026-05-22,2026-05-22,1,open_market,1,0,0.0,-0.001475,0.064521,0.028879,0.0,-0.022746,-0.00348,-0.196124,,,,
rokmaster-resources,Rokmaster Resources,RKR.V,primary,RKR.V,CAD,2026-06-09,2026-06-09,1,open_market,1,0,0.0,-0.01989,0.032243,-0.003776,0.0,-0.044963,-0.040918,-0.304221,,,,
rokmaster-resources,Rokmaster Resources,RKR.V,primary,RKR.V,CAD,2026-06-16,2026-06-16,1,open_market,1,0,0.0,-0.00052,0.082162,0.169429,-0.2,-0.21406,-0.187954,-0.299617,,,,
rokmaster-resources,Rokmaster Resources,RKR.V,primary,RKR.V,CAD,2026-06-24,2026-06-24,1,open_market,1,0,0.25,0.24224,0.233658,0.228193,0.0,-0.054743,-0.093326,-0.341302,,,,
rokmaster-resources,Rokmaster Resources,RKR.V,primary,RKR.V,CAD,2026-07-09,2026-07-09,1,open_market,1,0,0.25,0.221332,0.196348,0.071451,,,,,,,,
rokmaster-resources,Rokmaster Resources,RKR.V,primary,RKR.V,CAD,2026-07-23,2026-07-23,1,open_market,1,0,0.0,-0.037308,-0.139535,-0.359026,,,,,,,,
rokmaster-resources,Rokmaster Resources,RKR.V,primary,RKR.V,CAD,2026-08-08,2026-08-10,1,open_market,1,0,0.0,0.013751,-0.002012,-0.101044,,,,,,,,
rokmaster-resources,Rokmaster Resources,RKR.V,primary,RKR.V,CAD,2026-08-14,2026-08-14,1,open_market,1,0,0.0,0.015522,0.00675,-0.073786,,,,,,,,
rokmaster-resources,Rokmaster Resources,RKR.V,primary,RKR.V,CAD,2026-08-21,2026-08-21,1,open_market,1,0,0.25,0.255263,0.302414,0.302642,,,,,,,,
rokmaster-resources,Rokmaster Resources,RKR.V,primary,RKR.V,CAD,2026-09-08,2026-09-08,1,open_market,1,0,,,,,,,,,,,,
rokmaster-resources,Rokmaster Resources,RKR.V,primary,RKR.V,CAD,2026-09-14,2026-09-14,1,open_market,1,0,,,,,,,,,,,,
rokmaster-resources,Rokmaster Resources,RKR.V,primary,RKR.V,CAD,2026-09-19,2026-09-21,1,open_market,1,0,,,,,,,,,,,,
rokmaster-resources,Rokmaster Resources,RKR.V,primary,RKR.V,CAD,2026-09-28,2026-09-28,1,open_market,1,0,,,,,,,,,,,,
rpx-gold,RPX Gold Inc.,RPX.V,primary,RPX.V,CAD,2025-07-10,2025-07-10,2,mixed,1,0,0.0,-0.018152,-0.022371,-0.099785,0.888889,0.813324,0.673017,0.248074,0.888889,0.783443,0.539509,0.051115
rpx-gold,RPX Gold Inc.,RPX.V,primary,RPX.V,CAD,2025-07-14,2025-07-14,1,placement_or_private,1,0,-0.1,-0.132138,-0.103896,-0.199178,0.7,0.65485,0.501597,0.144029,0.6,0.48915,0.254362,-0.230727
sable-resources,Sable Resources,SAE.V,primary,SAE.V,CAD,2025-05-08,2025-05-08,1,open_market,1,0,-0.142857,-0.203169,-0.144663,-0.241797,0.142857,0.023011,0.123588,-0.04126,0.142857,-0.052131,-0.04652,-0.376904
sable-resources,Sable Resources,SAE.V,primary,SAE.V,CAD,2025-07-30,2025-07-30,1,open_market,1,0,0.0,-0.016691,-0.056851,-0.25502,0.142857,0.059952,-0.067869,-0.327437,1.285714,1.193872,0.741655,0.123723
sable-resources,Sable Resources,SAE.V,primary,SAE.V,CAD,2025-10-21,2025-10-21,1,open_market,1,0,0.0,0.027946,0.006335,-0.008858,0.375,0.344655,0.258231,0.051183,0.5,0.442126,0.317914,0.171994
sable-resources,Sable Resources,SAE.V,primary,SAE.V,CAD,2026-01-15,2026-01-15,1,open_market,1,0,0.454545,0.469699,0.361734,0.392919,0.0,-0.011123,-0.040465,0.002931,0.090909,0.004826,0.211808,0.303761
sable-resources,Sable Resources,SAE.V,primary,SAE.V,CAD,2026-03-13,2026-03-13,1,open_market,1,0,-0.230769,-0.256694,-0.17932,-0.29148,-0.230769,-0.344722,-0.069065,-0.068162,-0.276923,-0.42808,-0.152173,-0.374904
sable-resources,Sable Resources,SAE.V,primary,SAE.V,CAD,2026-08-04,2026-08-04,1,open_market,1,0,-0.039216,-0.041601,-0.135592,-0.340179,,,,,,,,
sable-resources,Sable Resources,SAE.V,primary,SAE.V,CAD,2026-08-05,2026-08-05,2,open_market,1,0,0.040816,0.040297,-0.003147,-0.154306,,,,,,,,
scottie-resources,Scottie Resources,SCOT.V,primary,SCOT.V,CAD,2025-05-23,2025-05-23,1,open_market,1,0,-0.082474,-0.10867,-0.083701,-0.135321,0.226804,0.129344,0.234746,0.021776,0.618557,0.474335,0.408032,-0.026677
scottie-resources,Scottie Resources,SCOT.V,primary,SCOT.V,CAD,2025-05-28,2025-05-28,1,open_market,1,0,-0.011111,-0.057357,-0.002586,-0.009008,0.388889,0.291174,0.361668,0.149633,0.666667,0.528848,0.415227,0.01767
scottie-resources,Scottie Resources,SCOT.V,primary,SCOT.V,CAD,2025-06-05,2025-06-05,1,open_market,1,0,-0.011236,-0.065683,-0.004156,0.010996,0.483146,0.397673,0.422337,0.227214,0.910112,0.760918,0.658245,0.299622
scottie-resources,Scottie Resources,SCOT.V,primary,SCOT.V,CAD,2025-06-06,2025-06-06,1,open_market,1,0,0.023256,-0.020474,0.016833,0.022799,0.77907,0.69565,0.708587,0.50082,0.94186,0.800408,0.67415,0.299457
scottie-resources,Scottie Resources,SCOT.V,primary,SCOT.V,CAD,2025-06-10,2025-06-10,1,open_market,1,0,0.16092,0.123213,0.162582,0.164543,1.195402,1.119542,1.103752,0.846931,0.885057,0.748077,0.625105,0.22367
scottie-resources,Scottie Resources,SCOT.V,primary,SCOT.V,CAD,2025-06-17,2025-06-17,1,open_market,1,0,0.103448,0.052388,0.117393,0.140368,1.034483,0.928413,0.948024,0.671976,0.988506,0.847542,0.720826,0.300721
scottie-resources,Scottie Resources,SCOT.V,primary,SCOT.V,CAD,2025-07-31,2025-07-31,1,open_market,1,0,0.315217,0.294698,0.265343,0.055245,0.815217,0.727713,0.617039,0.334381,1.271739,1.17142,0.700245,0.080533
scottie-resources,Scottie Resources,SCOT.V,primary,SCOT.V,CAD,2025-08-01,2025-08-01,1,open_market,1,0,0.287234,0.249709,0.258248,0.044408,0.829787,0.736321,0.632382,0.332029,1.340426,1.221883,0.740477,0.12423
scottie-resources,Scottie Resources,SCOT.V,primary,SCOT.V,CAD,2025-08-08,2025-08-08,1,open_market,1,0,0.490385,0.474596,0.432886,0.274198,0.528846,0.476851,0.35948,0.193845,0.875,0.798083,0.424848,0.0816
scottie-resources,Scottie Resources,SCOT.V,primary,SCOT.V,CAD,2026-03-26,2026-03-26,1,open_market,1,0,0.105023,-0.001706,0.023628,-0.017655,-0.09589,-0.232538,-0.009229,-0.023535,0.456621,0.25775,0.458044,0.20907
scottie-resources,Scottie Resources,SCOT.V,primary,SCOT.V,CAD,2026-04-30,2026-04-30,1,open_market,1,0,0.135266,0.08264,0.150703,0.097528,-0.038647,-0.053675,0.085462,0.074869,,,,
scottie-resources,Scottie Resources,SCOT.V,primary,SCOT.V,CAD,2026-06-08,2026-06-08,1,open_market,1,0,0.0,-0.00836,0.057442,0.037382,0.525,0.483104,0.501087,0.237434,,,,
scottie-resources,Scottie Resources,SCOT.V,primary,SCOT.V,CAD,2026-06-25,2026-06-25,1,open_market,1,0,0.087629,0.081324,0.081025,0.078313,0.639175,0.59354,0.575785,0.36565,,,,
scottie-resources,Scottie Resources,SCOT.V,primary,SCOT.V,CAD,2026-07-08,2026-07-08,1,open_market,1,0,0.145,0.107624,0.080853,-0.068534,0.335,0.289803,0.314116,0.107114,,,,
scottie-resources,Scottie Resources,SCOT.V,primary,SCOT.V,CAD,2026-07-15,2026-07-15,1,open_market,1,0,0.27907,0.250546,0.200837,0.05475,,,,,,,,
seabridge-gold,Seabridge Gold,SEA.TO,primary,SEA.TO,CAD,2025-06-16,2025-06-16,1,open_market,1,0,0.065504,0.029764,0.076795,0.094864,0.287903,0.197092,0.21208,-0.069917,1.032224,0.90101,0.763894,0.341352
seabridge-gold,Seabridge Gold,SEA.TO,primary,SEA.TO,CAD,2025-10-17,2025-10-17,1,open_market,1,0,-0.090883,-0.102231,-0.057386,-0.061939,0.185552,0.143634,0.097272,-0.009184,0.165162,0.111654,0.032845,-0.029467
seabridge-gold,Seabridge Gold,SEA.TO,primary,SEA.TO,CAD,2025-12-19,2025-12-19,1,open_market,1,0,0.051255,0.03499,-0.004557,-0.03091,-0.165795,-0.135248,-0.234438,-0.084107,0.133368,0.044666,0.159482,0.168848
seabridge-gold,Seabridge Gold,SEA.TO,primary,SEA.TO,CAD,2026-01-07,2026-01-07,1,open_market,1,0,-0.067137,-0.068645,-0.180105,-0.116532,-0.025055,0.018972,-0.080232,-0.054888,-0.051812,-0.141287,0.01441,0.055188
selkirk-copper-mines,Selkirk Copper Mines,SCMI.V,primary,SCMI.V,CAD,2025-12-05,2025-12-05,1,open_market,1,0,-0.142857,-0.139182,-0.173496,-0.176732,0.614286,0.620673,0.40807,0.38926,1.685714,1.585742,1.630259,1.670435
selkirk-copper-mines,Selkirk Copper Mines,SCMI.V,primary,SCMI.V,CAD,2025-12-30,2025-12-30,1,open_market,1,0,0.47541,0.465177,0.23221,0.276482,0.852459,0.932574,0.813125,0.889355,1.786885,1.72578,1.850211,1.900442
selkirk-copper-mines,Selkirk Copper Mines,SCMI.V,primary,SCMI.V,CAD,2026-01-02,2026-01-02,1,open_market,1,0,0.383333,0.370452,0.266154,0.294225,1.016667,1.056686,0.938506,0.930482,1.633333,1.541716,1.702832,1.738088
selkirk-copper-mines,Selkirk Copper Mines,SCMI.V,primary,SCMI.V,CAD,2026-01-30,2026-01-30,1,open_market,1,0,0.216867,0.225509,0.129667,-0.0215,0.638554,0.599983,0.686402,0.724406,1.180723,1.126544,1.346742,1.372143
selkirk-copper-mines,Selkirk Copper Mines,SCMI.V,primary,SCMI.V,CAD,2026-02-02,2026-02-02,1,open_market,1,0,0.350649,0.365432,0.246068,0.207782,0.844156,0.807861,0.853404,0.937253,1.376623,1.302394,1.506771,1.569687
selkirk-copper-mines,Selkirk Copper Mines,SCMI.V,primary,SCMI.V,CAD,2026-02-11,2026-02-11,1,open_market,1,0,0.241379,0.284258,0.255899,0.359213,1.172414,1.105618,1.246618,1.261978,1.091954,0.974794,1.231145,1.214475
selkirk-copper-mines,Selkirk Copper Mines,SCMI.V,primary,SCMI.V,CAD,2026-03-03,2026-03-03,1,open_market,1,0,0.247423,0.283435,0.330154,0.365447,1.010309,0.89535,1.131811,1.193551,0.752577,0.621729,0.879142,0.788105
selkirk-copper-mines,Selkirk Copper Mines,SCMI.V,primary,SCMI.V,CAD,2026-03-04,2026-03-04,1,open_market,1,0,0.163462,0.206227,0.253309,0.288426,0.971154,0.862503,1.098008,1.158806,0.586538,0.46697,0.720875,0.647441
selkirk-copper-mines,Selkirk Copper Mines,SCMI.V,primary,SCMI.V,CAD,2026-03-05,2026-03-05,1,open_market,1,0,0.070796,0.108195,0.149573,0.154562,0.663717,0.556673,0.788703,0.837784,0.40708,0.288969,0.555922,0.459372
selkirk-copper-mines,Selkirk Copper Mines,SCMI.V,primary,SCMI.V,CAD,2026-03-20,2026-03-20,1,open_market,1,0,0.323232,0.2283,0.244491,0.064657,0.949495,0.798131,1.01302,0.8846,0.59596,0.433325,0.648309,0.384508
selkirk-copper-mines,Selkirk Copper Mines,SCMI.V,primary,SCMI.V,CAD,2026-04-30,2026-04-30,3,placement_or_private,1,0,0.389706,0.33708,0.405143,0.351969,0.330882,0.315854,0.454991,0.444399,,,,
selkirk-copper-mines,Selkirk Copper Mines,SCMI.V,primary,SCMI.V,CAD,2026-05-02,2026-05-04,1,placement_or_private,1,0,0.323944,0.273485,0.340437,0.313243,0.288732,0.248315,0.392829,0.382089,,,,
selkirk-copper-mines,Selkirk Copper Mines,SCMI.V,primary,SCMI.V,CAD,2026-09-24,2026-09-24,2,open_market,1,0,,,,,,,,,,,,
selkirk-copper-mines,Selkirk Copper Mines,SCMI.V,primary,SCMI.V,CAD,2026-09-26,2026-09-28,1,open_market,1,0,,,,,,,,,,,,
sierra-madre-gold-and-silver,Sierra Madre Gold and Silver,SM.V,primary,SM.V,CAD,2025-07-09,2025-07-09,1,open_market,1,0,0.161765,0.140741,0.137118,0.060961,0.926471,0.854266,0.727662,0.335572,1.676471,1.574461,1.338555,0.89499
sierra-madre-gold-and-silver,Sierra Madre Gold and Silver,SM.V,primary,SM.V,CAD,2025-07-25,2025-07-25,2,placement_or_private,1,0,0.090909,0.078023,0.080564,-0.057398,0.74026,0.685857,0.508022,0.245948,2.428571,2.352759,1.985501,1.466674
sierra-madre-gold-and-silver,Sierra Madre Gold and Silver,SM.V,primary,SM.V,CAD,2025-07-28,2025-07-28,1,placement_or_private,1,0,0.164384,0.14917,0.140481,-0.03573,0.90411,0.840823,0.668001,0.396432,3.232877,3.150781,2.733253,2.136398
sierra-madre-gold-and-silver,Sierra Madre Gold and Silver,SM.V,primary,SM.V,CAD,2025-07-29,2025-07-29,1,placement_or_private,1,0,0.180556,0.159053,0.151886,-0.003957,0.736111,0.657435,0.537711,0.309365,3.291667,3.206709,2.796156,2.211647
sierra-madre-gold-and-silver,Sierra Madre Gold and Silver,SM.V,primary,SM.V,CAD,2026-05-20,2026-05-20,1,open_market,1,0,-0.122449,-0.129855,-0.049905,-0.087313,-0.209184,-0.244529,-0.164023,-0.280935,,,,
sierra-madre-gold-and-silver,Sierra Madre Gold and Silver,SM.V,primary,SM.V,CAD,2026-05-21,2026-05-21,1,open_market,1,0,-0.131313,-0.136726,-0.059681,-0.097768,-0.156566,-0.19203,-0.149012,-0.312515,,,,
sierra-madre-gold-and-silver,Sierra Madre Gold and Silver,SM.V,primary,SM.V,CAD,2026-06-24,2026-06-24,2,placement_or_private,1,0,-0.094595,-0.102355,-0.110937,-0.116402,0.040541,-0.014203,-0.052786,-0.300761,,,,
sierra-madre-gold-and-silver,Sierra Madre Gold and Silver,SM.V,primary,SM.V,CAD,2026-06-25,2026-06-25,3,mixed,1,0,-0.094595,-0.1009,-0.101199,-0.103911,0.0,-0.045635,-0.06339,-0.273525,,,,
sierra-madre-gold-and-silver,Sierra Madre Gold and Silver,SM.V,primary,SM.V,CAD,2026-07-16,2026-07-16,1,open_market,1,0,0.099291,0.065164,-0.000775,-0.170274,,,,,,,,
signature-resources,Signature Resources,SGU.V,primary,SGU.V,CAD,2025-07-08,2025-07-08,1,open_market,1,0,-0.285714,-0.304913,-0.315172,-0.395375,-0.142857,-0.225505,-0.340845,-0.766925,0.142857,0.041574,-0.166585,-0.599166
signature-resources,Signature Resources,SGU.V,primary,SGU.V,CAD,2025-08-04,2025-08-05,1,open_market,1,0,0.0,-0.03368,-0.04991,-0.216752,0.2,0.111827,0.014822,-0.178113,1.0,0.898084,0.570028,0.242511
signature-resources,Signature Resources,SGU.V,primary,SGU.V,CAD,2025-08-11,2025-08-11,1,open_market,1,0,0.0,-0.025616,-0.086566,-0.254459,0.2,0.144883,0.00632,-0.152686,0.8,0.713983,0.32387,0.048817
signature-resources,Signature Resources,SGU.V,primary,SGU.V,CAD,2025-10-24,2025-10-24,1,placement_or_private,1,0,0.2,0.226903,0.208609,0.196915,0.8,0.78268,0.603269,0.428596,0.0,-0.050144,-0.152946,-0.233089
signature-resources,Signature Resources,SGU.V,primary,SGU.V,CAD,2025-10-31,2025-10-31,4,placement_or_private,1,0,-0.142857,-0.144807,-0.196535,-0.308052,0.428571,0.411007,0.081456,-0.003283,-0.285714,-0.328995,-0.419611,-0.433621
signature-resources,Signature Resources,SGU.V,primary,SGU.V,CAD,2026-03-10,2026-03-10,1,open_market,1,0,0.0,-0.004031,0.083602,0.060059,-0.2,-0.291615,-0.031352,0.034429,-0.2,-0.337349,-0.051233,-0.186152
signature-resources,Signature Resources,SGU.V,primary,SGU.V,CAD,2026-03-11,2026-03-11,1,open_market,1,0,0.0,-0.004628,0.082122,0.023805,-0.2,-0.289779,-0.020553,0.027944,-0.2,-0.338778,-0.054128,-0.209994
signature-resources,Signature Resources,SGU.V,primary,SGU.V,CAD,2026-07-15,2026-07-15,2,placement_or_private,1,0,0.0,-0.028524,-0.078233,-0.224319,,,,,,,,
silver-crown-royalties,Silver Crown Royalties,SCRI.NE,primary,SCRI.NE,CAD,2025-04-28,2025-04-28,1,open_market,1,0,0.066116,-0.000835,0.083135,-0.004507,0.226446,0.06987,0.23185,0.095496,-0.016529,-0.245992,-0.238,-0.688122
silver-crown-royalties,Silver Crown Royalties,SCRI.NE,primary,SCRI.NE,CAD,2025-05-01,2025-05-01,1,open_market,1,0,-0.001538,-0.056904,-0.02218,-0.115597,0.164615,0.028547,0.152849,0.026147,-0.069231,-0.299485,-0.294202,-0.738443
silver-crown-royalties,Silver Crown Royalties,SCRI.NE,primary,SCRI.NE,CAD,2025-05-22,2025-05-22,1,open_market,1,0,0.00625,-0.012941,-0.01691,-0.066701,0.0,-0.094359,-0.01732,-0.196913,-0.070312,-0.20235,-0.305343,-0.724666
silver-crown-royalties,Silver Crown Royalties,SCRI.NE,primary,SCRI.NE,CAD,2025-06-09,2025-06-09,1,open_market,1,0,0.032357,-0.008298,0.035945,0.05396,-0.060092,-0.139401,-0.139768,-0.367646,-0.075501,-0.218927,-0.335823,-0.709251
silver-crown-royalties,Silver Crown Royalties,SCRI.NE,primary,SCRI.NE,CAD,2025-06-19,2025-06-19,1,open_market,1,0,0.09375,0.037716,0.099361,0.126664,-0.117188,-0.226395,-0.203732,-0.45314,-0.046875,-0.189215,-0.323404,-0.735017
silver-crown-royalties,Silver Crown Royalties,SCRI.NE,primary,SCRI.NE,CAD,2025-07-09,2025-07-09,1,open_market,1,0,0.070149,0.049126,0.045503,-0.030654,-0.014925,-0.08713,-0.213734,-0.605824,0.223881,0.121871,-0.114035,-0.5576
silver-crown-royalties,Silver Crown Royalties,SCRI.NE,primary,SCRI.NE,CAD,2025-07-15,2025-07-15,1,open_market,1,0,-0.034965,-0.071629,-0.03666,-0.14845,-0.118881,-0.184622,-0.351529,-0.696401,0.104895,-0.010722,-0.246358,-0.738026
silver-crown-royalties,Silver Crown Royalties,SCRI.NE,primary,SCRI.NE,CAD,2025-08-05,2025-08-05,1,open_market,1,0,-0.152941,-0.186621,-0.202851,-0.369693,-0.254902,-0.343075,-0.44008,-0.633015,1.48366,1.381744,1.053688,0.726171
silver-crown-royalties,Silver Crown Royalties,SCRI.NE,primary,SCRI.NE,CAD,2025-08-11,2025-08-11,1,open_market,1,0,-0.153738,-0.179354,-0.240304,-0.408196,-0.146685,-0.201802,-0.340366,-0.499372,1.472496,1.386479,0.996366,0.721314
silver-crown-royalties,Silver Crown Royalties,SCRI.NE,primary,SCRI.NE,CAD,2025-08-15,2025-08-15,1,open_market,1,0,-0.124088,-0.145799,-0.215133,-0.351502,-0.081752,-0.1262,-0.327141,-0.490624,1.554745,1.479337,1.03365,0.689463
silver-crown-royalties,Silver Crown Royalties,SCRI.NE,primary,SCRI.NE,CAD,2025-08-22,2025-08-22,1,open_market,1,0,-0.161765,-0.190263,-0.25385,-0.373225,-0.110294,-0.121483,-0.31723,-0.395638,1.433824,1.370319,0.958262,0.704807
silver-crown-royalties,Silver Crown Royalties,SCRI.NE,primary,SCRI.NE,CAD,2025-09-02,2025-09-02,1,open_market,1,0,-0.080303,-0.125518,-0.169986,-0.291345,-0.121212,-0.183686,-0.31827,-0.451586,1.424242,1.352835,0.938478,0.618589
silver-crown-royalties,Silver Crown Royalties,SCRI.NE,primary,SCRI.NE,CAD,2025-09-08,2025-09-08,1,open_market,1,0,0.092233,0.054812,-0.019708,-0.121971,-0.029126,-0.085936,-0.183299,-0.267247,1.508091,1.471795,1.093868,0.997812
silver-crown-royalties,Silver Crown Royalties,SCRI.NE,primary,SCRI.NE,CAD,2025-10-09,2025-10-09,1,open_market,1,0,-0.054688,-0.054404,-0.062569,-0.000584,0.25625,0.228805,0.136391,0.086499,0.982812,1.000603,0.801163,0.770167
silver-crown-royalties,Silver Crown Royalties,SCRI.NE,primary,SCRI.NE,CAD,2025-10-15,2025-10-15,1,open_market,1,0,0.009852,-0.000311,0.039357,0.083984,0.855501,0.812504,0.767114,0.716598,1.430213,1.398748,1.306385,1.276335
silver-crown-royalties,Silver Crown Royalties,SCRI.NE,primary,SCRI.NE,CAD,2025-10-17,2025-10-17,1,open_market,1,0,0.008197,-0.003152,0.041694,0.03714,0.967213,0.925295,0.878933,0.772477,1.901639,1.848132,1.769322,1.707011
silver-crown-royalties,Silver Crown Royalties,SCRI.NE,primary,SCRI.NE,CAD,2025-10-20,2025-10-20,1,open_market,1,0,-0.063492,-0.050577,0.006432,-0.016633,1.02381,0.99348,0.978814,0.865896,2.293651,2.235793,2.187536,2.100243
silver-crown-royalties,Silver Crown Royalties,SCRI.NE,primary,SCRI.NE,CAD,2025-10-21,2025-10-21,1,open_market,1,0,-0.008197,0.019749,-0.001861,-0.017054,1.491803,1.461459,1.375034,1.167987,2.401639,2.343766,2.219554,2.073634
silver-crown-royalties,Silver Crown Royalties,SCRI.NE,primary,SCRI.NE,CAD,2025-11-20,2025-11-20,1,open_market,1,0,0.079339,0.036337,0.01486,-0.093896,1.735537,1.6838,1.512968,1.393852,2.801653,2.677214,2.70388,2.693679
silver-crown-royalties,Silver Crown Royalties,SCRI.NE,primary,SCRI.NE,CAD,2025-11-21,2025-11-21,1,open_market,1,0,0.097479,0.064764,0.03135,-0.07033,1.941176,1.902559,1.713293,1.582588,2.605042,2.480283,2.489804,2.481496
silver-crown-royalties,Silver Crown Royalties,SCRI.NE,primary,SCRI.NE,CAD,2025-11-28,2025-11-28,1,open_market,1,0,0.224561,0.214435,0.150157,0.172393,1.807018,1.798369,1.576018,1.489919,2.754386,2.656243,2.701251,2.765827
silver-crown-royalties,Silver Crown Royalties,SCRI.NE,primary,SCRI.NE,CAD,2025-12-16,2025-12-16,1,open_market,1,0,0.967213,0.947519,0.897901,0.845207,1.581967,1.596462,1.418942,1.498958,3.016393,2.923769,3.040011,3.086223
silver-crown-royalties,Silver Crown Royalties,SCRI.NE,primary,SCRI.NE,CAD,2025-12-23,2025-12-23,1,open_market,1,0,2.30758,2.306098,2.21535,2.174556,0.946064,0.993422,0.969273,1.054004,2.351312,2.265871,2.415426,2.452735
silver-crown-royalties,Silver Crown Royalties,SCRI.NE,primary,SCRI.NE,CAD,2026-01-08,2026-01-08,1,open_market,1,0,1.247436,1.245826,1.14058,1.204197,0.64359,0.663169,0.587598,0.589875,2.565385,2.480977,2.648011,2.709934
silver-crown-royalties,Silver Crown Royalties,SCRI.NE,primary,SCRI.NE,CAD,2026-01-11,2026-01-12,1,open_market,1,0,1.173913,1.178516,1.066389,1.07973,0.658385,0.68097,0.623096,0.636319,2.453416,2.367407,2.560514,2.645943
silver-crown-royalties,Silver Crown Royalties,SCRI.NE,primary,SCRI.NE,CAD,2026-01-19,2026-01-19,1,open_market,1,0,0.088816,0.075961,0.040672,0.073405,0.365132,0.317078,0.345234,0.371481,0.5625,0.465523,0.7199,0.834657
silver-crown-royalties,Silver Crown Royalties,SCRI.NE,primary,SCRI.NE,CAD,2026-01-30,2026-01-30,1,open_market,1,0,-0.157895,-0.149253,-0.245096,-0.396262,0.308947,0.270376,0.356795,0.3948,0.272105,0.217927,0.438124,0.463526
silver-crown-royalties,Silver Crown Royalties,SCRI.NE,primary,SCRI.NE,CAD,2026-04-02,2026-04-02,1,open_market,1,0,0.913077,0.81424,0.927585,1.004507,0.830769,0.693645,0.967725,1.005922,1.723077,1.557836,1.831412,1.712593
silver-crown-royalties,Silver Crown Royalties,SCRI.NE,primary,SCRI.NE,CAD,2026-04-18,2026-04-20,1,open_market,1,0,-0.12449,-0.170389,-0.068641,0.0046,-0.030612,-0.07939,0.136051,0.226931,,,,
silver-crown-royalties,Silver Crown Royalties,SCRI.NE,primary,SCRI.NE,CAD,2026-04-20,2026-04-20,1,open_market,1,0,-0.12449,-0.170389,-0.068641,0.0046,-0.030612,-0.07939,0.136051,0.226931,,,,
silver-crown-royalties,Silver Crown Royalties,SCRI.NE,primary,SCRI.NE,CAD,2026-04-22,2026-04-22,1,open_market,1,0,-0.19003,-0.23844,-0.140772,-0.097178,0.133362,0.081239,0.272244,0.312684,,,,
silver-crown-royalties,Silver Crown Royalties,SCRI.NE,primary,SCRI.NE,CAD,2026-04-24,2026-04-24,1,open_market,1,0,-0.226292,-0.270694,-0.181445,-0.148073,0.071225,0.037273,0.213706,0.23089,,,,
silver-crown-royalties,Silver Crown Royalties,SCRI.NE,primary,SCRI.NE,CAD,2026-05-01,2026-05-01,1,open_market,1,0,-0.109369,-0.159088,-0.095049,-0.156494,0.045436,0.01624,0.154184,0.126176,,,,
silver-crown-royalties,Silver Crown Royalties,SCRI.NE,primary,SCRI.NE,CAD,2026-06-04,2026-06-04,1,open_market,1,0,0.235955,0.252215,0.316535,0.259028,0.808989,0.79833,0.829632,0.655479,,,,
silver-crown-royalties,Silver Crown Royalties,SCRI.NE,primary,SCRI.NE,CAD,2026-08-25,2026-08-25,1,open_market,1,0,0.163452,0.161794,0.248439,0.265695,,,,,,,,
silver-crown-royalties,Silver Crown Royalties,SCRI.NE,primary,SCRI.NE,CAD,2026-09-08,2026-09-08,1,open_market,1,0,,,,,,,,,,,,
silver-crown-royalties,Silver Crown Royalties,SCRI.NE,primary,SCRI.NE,CAD,2026-09-11,2026-09-11,1,open_market,1,0,,,,,,,,,,,,
silver-crown-royalties,Silver Crown Royalties,SCRI.NE,primary,SCRI.NE,CAD,2026-09-15,2026-09-15,1,open_market,1,0,,,,,,,,,,,,
silver-crown-royalties,Silver Crown Royalties,SCRI.NE,primary,SCRI.NE,CAD,2026-09-23,2026-09-23,1,open_market,1,0,,,,,,,,,,,,
silver-crown-royalties,Silver Crown Royalties,SCRI.NE,primary,SCRI.NE,CAD,2026-09-29,2026-09-29,1,open_market,1,0,,,,,,,,,,,,
silver-crown-royalties,Silver Crown Royalties,SCRI.NE,primary,SCRI.NE,CAD,2026-10-02,2026-10-02,1,open_market,1,0,,,,,,,,,,,,
silver-north-resources,Silver North Resources,SNAG.V,primary,SNAG.V,CAD,2025-04-16,2025-04-16,1,placement_or_private,1,0,0.153846,0.023458,0.196875,0.230267,0.692308,0.508767,0.694714,0.640655,1.230769,0.969422,1.001088,0.573148
silver-north-resources,Silver North Resources,SNAG.V,primary,SNAG.V,CAD,2025-06-09,2025-06-09,1,open_market,1,0,-0.066667,-0.107322,-0.063079,-0.045064,0.666667,0.587358,0.586991,0.359113,1.2,1.056574,0.939678,0.566249
silver-north-resources,Silver North Resources,SNAG.V,primary,SNAG.V,CAD,2025-06-30,2025-06-30,1,open_market,1,0,0.6,0.573116,0.612696,0.605386,1.266667,1.195501,1.12918,0.747894,1.666667,1.549389,1.299544,0.839135
silver-north-resources,Silver North Resources,SNAG.V,primary,SNAG.V,CAD,2025-07-08,2025-07-08,1,open_market,1,0,1.0,0.980801,0.970542,0.890339,1.066667,0.984018,0.868679,0.442599,1.666667,1.565383,1.357224,0.924643
silver-north-resources,Silver North Resources,SNAG.V,primary,SNAG.V,CAD,2025-07-11,2025-07-11,1,open_market,1,0,0.315789,0.294045,0.303141,0.229597,0.578947,0.502715,0.396862,0.025229,1.052632,0.946862,0.728862,0.24295
silver-north-resources,Silver North Resources,SNAG.V,primary,SNAG.V,CAD,2025-07-14,2025-07-14,1,open_market,1,0,0.1,0.067862,0.096104,0.000822,0.45,0.40485,0.251597,-0.105971,1.1,0.98915,0.754362,0.269273
silver-north-resources,Silver North Resources,SNAG.V,primary,SNAG.V,CAD,2025-12-19,2025-12-19,1,placement_or_private,1,0,-0.047619,-0.063884,-0.103431,-0.129784,-0.285714,-0.255167,-0.354357,-0.204026,-0.380952,-0.469655,-0.354838,-0.345472
silver-north-resources,Silver North Resources,SNAG.V,primary,SNAG.V,CAD,2026-04-07,2026-04-07,1,open_market,1,0,0.038462,-0.071305,0.038763,0.073447,-0.076923,-0.216573,0.038128,0.055197,-0.230769,-0.39827,-0.11111,-0.219289
silver-north-resources,Silver North Resources,SNAG.V,primary,SNAG.V,CAD,2026-04-10,2026-04-10,1,open_market,1,0,-0.1,-0.185597,-0.092313,-0.053854,-0.2,-0.306334,-0.065143,0.003377,,,,
silver-north-resources,Silver North Resources,SNAG.V,primary,SNAG.V,CAD,2026-05-11,2026-05-11,1,open_market,1,0,-0.142857,-0.124096,-0.004654,0.086681,-0.142857,-0.188792,-0.059618,-0.111814,,,,
silver-north-resources,Silver North Resources,SNAG.V,primary,SNAG.V,CAD,2026-05-20,2026-05-20,1,open_market,1,0,0.041667,0.03426,0.114211,0.076803,0.125,0.089654,0.170161,0.053249,,,,
silver-range-resources,Silver Range Resources,SNG.V,primary,SNG.V,CAD,2025-04-23,2025-04-23,1,open_market,1,0,0.0,-0.081599,-0.020089,-0.065492,0.333333,0.158816,0.292332,0.17383,0.444444,0.190662,0.116765,-0.406317
silver-spruce-resources,Silver Spruce Resources,SSE.V,primary,SSE.V,CAD,2025-11-10,2025-11-10,1,open_market,1,0,-0.066667,-0.075662,-0.094866,-0.155658,0.933333,0.919862,0.729623,0.702402,0.6,0.517557,0.453613,0.39615
silver-spruce-resources,Silver Spruce Resources,SSE.V,primary,SSE.V,CAD,2025-11-16,2025-11-17,1,open_market,1,0,0.6,0.591392,0.525629,0.482355,1.7,1.675844,1.455227,1.373091,1.1,0.989585,0.977196,0.975331
silver-spruce-resources,Silver Spruce Resources,SSE.V,primary,SSE.V,CAD,2026-04-07,2026-04-07,1,placement_or_private,1,0,0.045455,-0.064312,0.045756,0.08044,-0.590909,-0.730559,-0.475858,-0.458789,-0.681818,-0.849319,-0.562159,-0.670338
silver-spruce-resources,Silver Spruce Resources,SSE.V,primary,SSE.V,CAD,2026-04-09,2026-04-09,1,placement_or_private,1,0,0.0,-0.084879,0.009454,0.033441,-0.625,-0.721322,-0.480084,-0.408034,-0.75,-0.895872,-0.622942,-0.720562
silver47-exploration,Silver47 Exploration Corp.,AGA.V,primary,AGA.V,CAD,2025-09-22,2025-09-22,1,placement_or_private,1,0,-0.060241,-0.061681,-0.153648,-0.075171,0.228916,0.208296,0.072504,0.032627,-0.277108,-0.249711,-0.475138,-0.347695
silver47-exploration,Silver47 Exploration Corp.,AGA.V,primary,AGA.V,CAD,2025-09-23,2025-09-23,1,placement_or_private,1,0,0.025974,0.013082,-0.067341,-0.001547,0.415584,0.382985,0.237295,0.184561,-0.220779,-0.198705,-0.413933,-0.285242
sitka-gold,Sitka Gold,SIG.V,primary,SIG.V,CAD,2026-02-10,2026-02-10,1,open_market,1,0,0.076087,0.113739,0.066398,0.1174,0.282609,0.214441,0.342622,0.348634,0.065217,-0.052017,0.203474,0.162578
sitka-gold,Sitka Gold,SIG.V,primary,SIG.V,CAD,2026-02-20,2026-02-20,1,open_market,1,0,-0.15,-0.090734,-0.032122,0.103443,0.01,-0.067296,0.120175,0.205293,0.03,-0.085501,0.146896,0.098207
sitka-gold,Sitka Gold,SIG.V,primary,SIG.V,CAD,2026-03-02,2026-03-02,1,open_market,1,0,-0.225225,-0.179857,-0.118735,-0.043397,0.045045,-0.057085,0.19378,0.276011,-0.027027,-0.147908,0.138504,0.087667
sitka-gold,Sitka Gold,SIG.V,primary,SIG.V,CAD,2026-03-03,2026-03-03,1,open_market,1,0,-0.144231,-0.108219,-0.061499,-0.026207,0.076923,-0.038036,0.198425,0.260164,0.038462,-0.092387,0.165026,0.07399
sitka-gold,Sitka Gold,SIG.V,primary,SIG.V,CAD,2026-03-05,2026-03-05,1,open_market,1,0,-0.118812,-0.081413,-0.040036,-0.035046,0.039604,-0.06744,0.164591,0.213672,-0.009901,-0.128012,0.138942,0.042391
sitka-gold,Sitka Gold,SIG.V,primary,SIG.V,CAD,2026-03-12,2026-03-12,1,open_market,1,0,-0.10101,-0.121128,-0.037289,-0.103914,-0.060606,-0.149742,0.137089,0.189484,0.070707,-0.079279,0.214556,0.046013
sitka-gold,Sitka Gold,SIG.V,primary,SIG.V,CAD,2026-03-13,2026-03-13,1,open_market,1,0,-0.091837,-0.117762,-0.040387,-0.152547,-0.040816,-0.154769,0.120888,0.121791,0.091837,-0.059321,0.216587,-0.006144
sitka-gold,Sitka Gold,SIG.V,primary,SIG.V,CAD,2026-03-16,2026-03-16,1,open_market,1,0,0.043011,-0.00319,0.086383,0.009756,0.064516,-0.044179,0.224997,0.205667,0.096774,-0.045611,0.230692,0.031405
sitka-gold,Sitka Gold,SIG.V,primary,SIG.V,CAD,2026-03-27,2026-03-27,1,open_market,1,0,0.13253,0.006602,0.087799,0.046563,0.192771,0.034734,0.301862,0.285401,0.289157,0.078272,0.341773,0.128601
sitka-gold,Sitka Gold,SIG.V,primary,SIG.V,CAD,2026-04-02,2026-04-02,1,open_market,1,0,0.089888,-0.008949,0.104396,0.181318,0.123596,-0.013528,0.260551,0.298748,0.179775,0.014534,0.28811,0.169291
sitka-gold,Sitka Gold,SIG.V,primary,SIG.V,CAD,2026-04-16,2026-04-16,1,open_market,1,0,0.138298,0.084839,0.190084,0.236209,0.053191,-0.022557,0.207095,0.267756,,,,
sitka-gold,Sitka Gold,SIG.V,primary,SIG.V,CAD,2026-04-21,2026-04-21,1,open_market,1,0,0.134831,0.079951,0.164117,0.214262,0.05618,0.002194,0.20044,0.27256,,,,
skyharbour-resources,Skyharbour Resources,SYH.V,primary,SYH.V,CAD,2025-05-08,2025-05-08,1,open_market,1,0,0.03125,-0.029062,0.029445,-0.06769,-0.09375,-0.213596,-0.113019,-0.277867,0.0,-0.194988,-0.189377,-0.519762
skyharbour-resources,Skyharbour Resources,SYH.V,primary,SYH.V,CAD,2025-08-11,2025-08-11,1,open_market,1,0,0.448276,0.422659,0.36171,0.193817,0.103448,0.048331,-0.090232,-0.249238,0.758621,0.672604,0.28249,0.007438
skyharbour-resources,Skyharbour Resources,SYH.V,primary,SYH.V,CAD,2025-12-08,2025-12-08,1,placement_or_private,1,0,0.424242,0.415539,0.362466,0.31119,0.393939,0.410396,0.165384,0.15979,0.272727,0.193854,0.244654,0.310547
skyharbour-resources,Skyharbour Resources,SYH.V,primary,SYH.V,CAD,2026-03-20,2026-03-20,1,open_market,1,0,0.325,0.230068,0.246259,0.066425,0.15,-0.001364,0.213525,0.085105,0.1,-0.062635,0.152349,-0.111451
spanish-mountain-gold,Spanish Mountain Gold,SPA.V,primary,SPA.V,CAD,2025-04-15,2025-04-15,1,open_market,1,0,0.166667,0.068361,0.166465,0.216293,0.5,0.337801,0.465646,0.411402,0.25,0.035328,0.010427,-0.445249
spanish-mountain-gold,Spanish Mountain Gold,SPA.V,primary,SPA.V,CAD,2025-07-08,2025-07-08,1,open_market,1,0,-0.277778,-0.296977,-0.307236,-0.387439,-0.055556,-0.138204,-0.253543,-0.679623,0.222222,0.120939,-0.08722,-0.519801
spanish-mountain-gold,Spanish Mountain Gold,SPA.V,primary,SPA.V,CAD,2025-07-11,2025-07-11,1,open_market,1,0,-0.3,-0.321744,-0.312648,-0.386193,-0.15,-0.226232,-0.332086,-0.703718,0.1,-0.00577,-0.223769,-0.709682
spanish-mountain-gold,Spanish Mountain Gold,SPA.V,primary,SPA.V,CAD,2025-07-31,2025-07-31,1,open_market,1,0,-0.25,-0.27052,-0.299875,-0.509972,-0.1875,-0.275005,-0.385678,-0.668336,0.4375,0.33718,-0.133995,-0.753706
spanish-mountain-gold,Spanish Mountain Gold,SPA.V,primary,SPA.V,CAD,2025-08-04,2025-08-05,1,open_market,1,0,-0.1875,-0.22118,-0.23741,-0.404252,-0.1875,-0.275673,-0.372678,-0.565613,0.4375,0.335584,0.007528,-0.319989
spanish-mountain-gold,Spanish Mountain Gold,SPA.V,primary,SPA.V,CAD,2025-08-20,2025-08-20,1,open_market,1,0,0.076923,0.03682,-0.023025,-0.183357,0.0,-0.03443,-0.214003,-0.387686,0.615385,0.546995,0.115125,-0.206677
spanish-mountain-gold,Spanish Mountain Gold,SPA.V,primary,SPA.V,CAD,2025-08-27,2025-08-27,3,placement_or_private,1,0,0.166667,0.143176,0.057844,-0.078284,0.416667,0.372762,0.201227,0.071491,0.666667,0.611365,0.127605,-0.143312
spanish-mountain-gold,Spanish Mountain Gold,SPA.V,primary,SPA.V,CAD,2025-08-28,2025-08-28,1,open_market,1,0,0.166667,0.146787,0.06601,-0.086557,0.5,0.452598,0.283862,0.089464,0.75,0.690779,0.243445,-0.093417
spanish-mountain-gold,Spanish Mountain Gold,SPA.V,primary,SPA.V,CAD,2025-09-02,2025-09-02,1,placement_or_private,1,0,0.214286,0.16907,0.124602,0.003244,0.571429,0.508955,0.374371,0.241054,0.785714,0.714307,0.29995,-0.019939
spanish-mountain-gold,Spanish Mountain Gold,SPA.V,primary,SPA.V,CAD,2025-09-15,2025-09-15,1,open_market,1,0,0.066667,0.060221,-0.07638,-0.156573,0.733333,0.701786,0.566534,0.490184,0.733333,0.731245,0.373562,0.407237
spanish-mountain-gold,Spanish Mountain Gold,SPA.V,primary,SPA.V,CAD,2025-09-25,2025-09-25,1,open_market,1,0,0.0,-0.029177,-0.095054,-0.033436,0.857143,0.808013,0.662277,0.620306,0.857143,0.864544,0.684902,0.721842
spanish-mountain-gold,Spanish Mountain Gold,SPA.V,primary,SPA.V,CAD,2025-10-21,2025-10-21,1,open_market,1,0,-0.133333,-0.105387,-0.126998,-0.142191,0.533333,0.502989,0.416564,0.209517,0.666667,0.608793,0.484581,0.338661
spanish-mountain-gold,Spanish Mountain Gold,SPA.V,primary,SPA.V,CAD,2025-11-19,2025-11-19,1,open_market,1,0,1.153846,1.126742,1.089679,1.038393,0.615385,0.58487,0.420057,0.373859,2.0,1.885275,1.884068,1.902232
spanish-mountain-gold,Spanish Mountain Gold,SPA.V,primary,SPA.V,CAD,2025-11-20,2025-11-20,1,open_market,1,0,1.153846,1.110844,1.089367,0.980612,0.615385,0.563648,0.392816,0.2737,1.769231,1.644792,1.671458,1.661256
spanish-mountain-gold,Spanish Mountain Gold,SPA.V,primary,SPA.V,CAD,2026-01-31,2026-02-02,1,open_market,1,0,0.086957,0.101739,-0.017625,-0.055911,0.391304,0.355009,0.400552,0.484401,0.391304,0.317075,0.521452,0.584368
spanish-mountain-gold,Spanish Mountain Gold,SPA.V,primary,SPA.V,CAD,2026-10-02,2026-10-02,2,open_market,1,0,,,,,,,,,,,,
spanish-mountain-gold,Spanish Mountain Gold,SPA.V,primary,SPA.V,CAD,2026-10-05,2026-10-05,1,open_market,1,0,,,,,,,,,,,,
stakeholder-gold,Stakeholder Gold,SRC.V,primary,SRC.V,CAD,2025-04-15,2025-04-15,1,open_market,1,0,0.261538,0.163233,0.261337,0.311165,0.0,-0.162199,-0.034354,-0.088598,0.415385,0.200712,0.175812,-0.279864
stakeholder-gold,Stakeholder Gold,SRC.V,primary,SRC.V,CAD,2025-05-07,2025-05-07,1,open_market,1,0,0.0,-0.0677,0.017924,-0.07885,-0.078947,-0.198024,-0.080267,-0.21435,0.144737,-0.073012,-0.042005,-0.414072
stakeholder-gold,Stakeholder Gold,SRC.V,primary,SRC.V,CAD,2025-07-14,2025-07-14,1,open_market,1,0,0.046154,0.014016,0.042258,-0.053024,0.415385,0.370235,0.216982,-0.140586,0.353846,0.242996,0.008208,-0.476881
stakeholder-gold,Stakeholder Gold,SRC.V,primary,SRC.V,CAD,2025-07-25,2025-07-25,1,open_market,1,0,-0.028571,-0.041458,-0.038916,-0.176878,0.142857,0.088454,-0.089381,-0.351455,0.428571,0.352759,-0.014499,-0.533326
stakeholder-gold,Stakeholder Gold,SRC.V,primary,SRC.V,CAD,2025-08-26,2025-08-26,1,open_market,1,0,0.076087,0.056107,-0.028598,-0.140381,-0.054348,-0.090881,-0.272625,-0.388724,0.26087,0.192251,-0.240733,-0.492153
stakeholder-gold,Stakeholder Gold,SRC.V,primary,SRC.V,CAD,2025-09-05,2025-09-05,1,open_market,1,0,0.082353,0.048409,0.002033,-0.09775,-0.070588,-0.127986,-0.239989,-0.330427,0.505882,0.447341,0.08072,-0.101155
stakeholder-gold,Stakeholder Gold,SRC.V,primary,SRC.V,CAD,2025-10-17,2025-10-17,1,open_market,1,0,0.063291,0.051942,0.096788,0.092235,0.075949,0.034031,-0.012331,-0.118786,0.708861,0.655353,0.576544,0.514232
stakeholder-gold,Stakeholder Gold,SRC.V,primary,SRC.V,CAD,2025-10-23,2025-10-23,1,open_market,1,0,0.0,0.01895,0.011933,0.006367,0.25,0.229695,0.078903,-0.065781,0.575,0.526888,0.440942,0.364863
stakeholder-gold,Stakeholder Gold,SRC.V,primary,SRC.V,CAD,2025-12-08,2025-12-08,1,placement_or_private,1,0,0.25641,0.247707,0.194633,0.143358,0.602564,0.61902,0.374008,0.368414,1.089744,1.010871,1.06167,1.127563
stakeholder-gold,Stakeholder Gold,SRC.V,primary,SRC.V,CAD,2025-12-15,2025-12-15,1,open_market,1,0,0.148649,0.134502,0.072499,0.017707,0.378378,0.405467,0.214053,0.308679,1.351351,1.261712,1.374747,1.423663
stakeholder-gold,Stakeholder Gold,SRC.V,primary,SRC.V,CAD,2025-12-30,2025-12-30,1,open_market,1,0,0.5625,0.552267,0.3193,0.363572,0.2375,0.317615,0.198166,0.274396,1.25,1.188895,1.313326,1.363557
stakeholder-gold,Stakeholder Gold,SRC.V,primary,SRC.V,CAD,2026-01-04,2026-01-05,1,open_market,1,0,0.292135,0.29436,0.181532,0.188315,0.157303,0.203674,0.106785,0.101747,1.044944,0.961974,1.119878,1.101265
stakeholder-gold,Stakeholder Gold,SRC.V,primary,SRC.V,CAD,2026-01-20,2026-01-20,1,mixed,1,0,0.210526,0.200343,0.159455,0.201566,0.357895,0.311937,0.346779,0.400859,0.894737,0.797759,1.052137,1.185587
stakeholder-gold,Stakeholder Gold,SRC.V,primary,SRC.V,CAD,2026-01-24,2026-01-26,1,open_market,1,0,-0.032787,-0.033393,-0.051552,-0.079811,0.106557,0.075939,0.174235,0.244398,0.47541,0.408717,0.675109,0.748938
stakeholder-gold,Stakeholder Gold,SRC.V,primary,SRC.V,CAD,2026-02-09,2026-02-09,1,mixed,1,0,-0.018519,0.006872,-0.038239,-0.013549,0.259259,0.19633,0.330475,0.332568,0.648148,0.53386,0.794948,0.734846
stakeholder-gold,Stakeholder Gold,SRC.V,primary,SRC.V,CAD,2026-04-02,2026-04-02,1,placement_or_private,1,0,0.330097,0.23126,0.344605,0.421527,0.76699,0.629866,0.903946,0.942143,0.543689,0.378448,0.652024,0.533205
stakeholder-gold,Stakeholder Gold,SRC.V,primary,SRC.V,CAD,2026-06-01,2026-06-01,1,placement_or_private,1,1,0.1375,0.154348,0.236367,0.248439,0.075,0.060749,0.080763,-0.103255,,,,
stardust-metal,Stardust Metal,ZIGY.CN,primary,ZIGY.CN,CAD,2026-06-02,2026-06-02,1,placement_or_private,1,0,0.0,0.019472,0.082097,0.07023,0.578947,0.5691,0.587516,0.427299,,,,
stardust-metal,Stardust Metal,ZIGY.CN,primary,ZIGY.CN,CAD,2026-06-04,2026-06-04,1,placement_or_private,1,0,-0.036364,-0.020104,0.044216,-0.013291,0.709091,0.698432,0.729734,0.555581,,,,
stardust-metal,Stardust Metal,ZIGY.CN,primary,ZIGY.CN,CAD,2026-06-05,2026-06-05,1,placement_or_private,1,0,-0.009346,-0.019149,0.036359,-0.068012,0.598131,0.549836,0.562849,0.297854,,,,
starr-peak-mining,Starr Peak Mining,STE.V,primary,STE.V,CAD,2025-08-26,2025-08-26,1,open_market,1,0,0.142857,0.122878,0.038172,-0.073611,-0.142857,-0.179391,-0.361135,-0.477233,0.371429,0.30281,-0.130174,-0.381594
starr-peak-mining,Starr Peak Mining,STE.V,primary,STE.V,CAD,2025-11-03,2025-11-03,1,open_market,1,0,-0.135135,-0.13594,-0.184216,-0.269133,0.243243,0.230614,0.036697,-0.032803,0.189189,0.13459,0.041676,0.033236
starr-peak-mining,Starr Peak Mining,STE.V,primary,STE.V,CAD,2025-11-26,2025-11-26,1,open_market,1,0,-0.03125,-0.04689,-0.119003,-0.100033,0.59375,0.582465,0.354948,0.291497,0.4375,0.340454,0.357368,0.404237
starr-peak-mining,Starr Peak Mining,STE.V,primary,STE.V,CAD,2025-11-28,2025-11-28,1,open_market,1,0,-0.03125,-0.041376,-0.105654,-0.083419,0.4375,0.428852,0.206501,0.120402,0.5,0.401857,0.446865,0.511441
sterling-metals,Sterling Metals,SAG.V,primary,SAG.V,CAD,2025-07-29,2025-07-29,1,placement_or_private,1,0,0.40625,0.384747,0.377581,0.221737,4.53125,4.452574,4.33285,4.104504,4.28125,4.196293,3.78574,3.201231
sterling-metals,Sterling Metals,SAG.V,primary,SAG.V,CAD,2025-11-26,2025-11-26,2,placement_or_private,1,0,-0.041451,-0.05709,-0.129204,-0.110233,-0.129534,-0.140818,-0.368336,-0.431787,-0.404145,-0.501191,-0.484277,-0.437409
sterling-metals,Sterling Metals,SAG.V,primary,SAG.V,CAD,2025-12-01,2025-12-01,1,placement_or_private,1,0,-0.092683,-0.095108,-0.109514,-0.109706,-0.097561,-0.105969,-0.338741,-0.45046,-0.414634,-0.526663,-0.484859,-0.454283
stillwater-critical-minerals,Stillwater Critical Minerals,PGE.V,primary,PGE.V,CAD,2025-05-12,2025-05-12,1,open_market,1,0,0.35,0.31849,0.315861,0.22338,0.1,0.007048,0.050166,-0.12762,0.8,0.649088,0.564848,0.152763
stillwater-critical-minerals,Stillwater Critical Minerals,PGE.V,primary,PGE.V,CAD,2025-06-02,2025-06-02,1,open_market,1,0,-0.25,-0.296802,-0.242235,-0.236573,0.071429,-0.016878,0.050894,-0.138817,0.678571,0.525579,0.43405,0.002483
stillwater-critical-minerals,Stillwater Critical Minerals,PGE.V,primary,PGE.V,CAD,2025-07-06,2025-07-07,1,open_market,1,0,-0.115385,-0.134879,-0.125568,-0.181401,0.615385,0.537196,0.451836,0.087116,0.5,0.39932,0.204233,-0.177791
stillwater-critical-minerals,Stillwater Critical Minerals,PGE.V,primary,PGE.V,CAD,2025-07-15,2025-07-15,1,placement_or_private,1,0,0.045455,0.008791,0.043759,-0.06803,1.272727,1.206986,1.04008,0.695207,1.136364,1.020747,0.78511,0.293442
stillwater-critical-minerals,Stillwater Critical Minerals,PGE.V,primary,PGE.V,CAD,2025-08-13,2025-08-13,1,placement_or_private,1,0,0.217391,0.197977,0.132627,-0.037336,0.565217,0.506122,0.3367,0.14716,1.043478,0.967403,0.533081,0.220522
stillwater-critical-minerals,Stillwater Critical Minerals,PGE.V,primary,PGE.V,CAD,2025-08-14,2025-08-14,2,placement_or_private,1,0,0.217391,0.198072,0.125707,-0.02627,0.608696,0.54911,0.352422,0.14875,0.956522,0.883384,0.451558,0.123882
stillwater-critical-minerals,Stillwater Critical Minerals,PGE.V,primary,PGE.V,CAD,2025-11-06,2025-11-06,1,open_market,1,0,0.34375,0.320805,0.288105,0.203575,0.53125,0.507559,0.291132,0.18942,0.03125,-0.048504,-0.111346,-0.113988
stillwater-critical-minerals,Stillwater Critical Minerals,PGE.V,primary,PGE.V,CAD,2025-11-15,2025-11-17,1,open_market,1,0,0.363636,0.355028,0.289265,0.245992,0.181818,0.157662,-0.062955,-0.145091,-0.030303,-0.140718,-0.153107,-0.154972
stllr-gold,STLLR Gold,STLR.TO,primary,STLR.TO,CAD,2025-05-20,2025-05-20,1,open_market,1,0,0.111111,0.103369,0.089107,0.015538,0.138889,0.053791,0.127788,-0.081065,0.902778,0.769388,0.664356,0.220382
stllr-gold,STLLR Gold,STLR.TO,primary,STLR.TO,CAD,2025-05-21,2025-05-21,1,open_market,1,0,0.068493,0.0489,0.0544,0.002763,0.09589,-0.001817,0.097689,-0.070057,0.876712,0.734637,0.661455,0.256047
stllr-gold,STLLR Gold,STLR.TO,primary,STLR.TO,CAD,2025-06-06,2025-06-06,1,open_market,1,0,-0.022989,-0.066718,-0.029411,-0.023446,0.252874,0.169454,0.182391,-0.025377,0.747126,0.605674,0.479416,0.104723
stllr-gold,STLLR Gold,STLR.TO,primary,STLR.TO,CAD,2025-10-15,2025-10-15,7,placement_or_private,1,0,-0.164634,-0.174797,-0.135129,-0.090502,-0.030488,-0.073484,-0.118874,-0.169391,-0.006098,-0.037563,-0.129926,-0.159976
stllr-gold,STLLR Gold,STLR.TO,primary,STLR.TO,CAD,2025-10-16,2025-10-16,1,placement_or_private,1,0,-0.169697,-0.186786,-0.118013,-0.07428,-0.024242,-0.069229,-0.098628,-0.145956,0.012121,-0.039072,-0.110568,-0.132294
stllr-gold,STLLR Gold,STLR.TO,primary,STLR.TO,CAD,2025-11-27,2025-11-27,1,open_market,1,0,0.15894,0.148814,0.084536,0.089919,0.264901,0.250619,0.044369,-0.047795,-0.033113,-0.131446,-0.100453,-0.071931
stllr-gold,STLLR Gold,STLR.TO,primary,STLR.TO,CAD,2025-12-01,2025-12-01,2,open_market,1,0,0.006173,0.003747,-0.010658,-0.01085,0.277778,0.269369,0.036598,-0.075121,-0.098765,-0.210794,-0.16899,-0.138414
stllr-gold,STLLR Gold,STLR.TO,primary,STLR.TO,CAD,2025-12-02,2025-12-02,1,open_market,1,0,0.058442,0.057869,0.035019,0.023957,0.376623,0.369507,0.111258,0.002772,-0.051948,-0.161921,-0.12911,-0.111713
stllr-gold,STLLR Gold,STLR.TO,primary,STLR.TO,CAD,2025-12-11,2025-12-11,2,open_market,1,0,-0.047904,-0.055014,-0.101892,-0.105696,0.167665,0.186296,-0.043402,0.021201,-0.245509,-0.314984,-0.239253,-0.13174
stllr-gold,STLLR Gold,STLR.TO,primary,STLR.TO,CAD,2025-12-23,2025-12-23,1,open_market,1,0,-0.111732,-0.113214,-0.203962,-0.244756,-0.201117,-0.15376,-0.177909,-0.093177,-0.195531,-0.280972,-0.131417,-0.094108
stllr-gold,STLLR Gold,STLR.TO,primary,STLR.TO,CAD,2026-01-27,2026-01-27,2,open_market,1,0,0.164773,0.173673,0.161874,0.106985,-0.096591,-0.124888,0.000469,0.061552,-0.238636,-0.301096,-0.019775,0.042015
stllr-gold,STLLR Gold,STLR.TO,primary,STLR.TO,CAD,2026-02-17,2026-02-17,2,open_market,1,0,-0.168675,-0.134919,-0.120058,0.000701,-0.096386,-0.178102,-0.029964,0.020994,0.03012,-0.106791,0.13436,0.092983
stllr-gold,STLLR Gold,STLR.TO,primary,STLR.TO,CAD,2026-02-23,2026-02-23,1,open_market,1,0,-0.115607,-0.078136,0.019429,0.10323,-0.16763,-0.260319,-0.027462,0.058285,0.16185,0.039735,0.282195,0.205239
stllr-gold,STLLR Gold,STLR.TO,primary,STLR.TO,CAD,2026-03-03,2026-03-03,1,open_market,1,0,-0.206186,-0.170174,-0.123454,-0.088162,-0.252577,-0.367536,-0.131075,-0.069336,-0.030928,-0.161776,0.095637,0.0046
stllr-gold,STLLR Gold,STLR.TO,primary,STLR.TO,CAD,2026-03-04,2026-03-04,2,open_market,1,0,-0.185185,-0.14242,-0.095338,-0.060221,-0.222222,-0.330873,-0.095368,-0.03457,-0.031746,-0.151315,0.102591,0.029157
stllr-gold,STLLR Gold,STLR.TO,primary,STLR.TO,CAD,2026-03-05,2026-03-05,1,open_market,1,0,-0.15847,-0.121071,-0.079694,-0.074704,-0.240437,-0.347481,-0.115451,-0.06637,-0.04918,-0.167291,0.099662,0.003112
stllr-gold,STLLR Gold,STLR.TO,primary,STLR.TO,CAD,2026-03-06,2026-03-06,1,open_market,1,0,-0.176471,-0.151857,-0.083336,-0.09935,-0.256684,-0.38267,-0.125241,-0.099381,-0.048128,-0.186116,0.101245,-0.023799
stllr-gold,STLLR Gold,STLR.TO,primary,STLR.TO,CAD,2026-03-09,2026-03-09,1,open_market,1,0,-0.178947,-0.175615,-0.098529,-0.133335,-0.336842,-0.424241,-0.175392,-0.114577,-0.063158,-0.198679,0.076008,-0.06492
stllr-gold,STLLR Gold,STLR.TO,primary,STLR.TO,CAD,2026-03-10,2026-03-10,1,open_market,1,0,-0.187817,-0.191849,-0.104215,-0.127758,-0.350254,-0.441869,-0.181606,-0.115825,-0.096447,-0.233796,0.052321,-0.082599
stllr-gold,STLLR Gold,STLR.TO,primary,STLR.TO,CAD,2026-03-13,2026-03-13,1,open_market,1,0,-0.091954,-0.117879,-0.040504,-0.152665,-0.270115,-0.384068,-0.10841,-0.107507,-0.028736,-0.179893,0.096015,-0.126716
stllr-gold,STLLR Gold,STLR.TO,primary,STLR.TO,CAD,2026-03-16,2026-03-16,2,open_market,1,0,-0.00578,-0.051982,0.037592,-0.039035,-0.236994,-0.345689,-0.076514,-0.095844,-0.052023,-0.194408,0.081895,-0.117392
stllr-gold,STLLR Gold,STLR.TO,primary,STLR.TO,CAD,2026-03-18,2026-03-18,2,open_market,1,0,0.125,0.051357,0.122324,-0.02184,-0.039474,-0.173879,0.066453,-0.05286,0.052632,-0.097724,0.169329,-0.06562
stllr-gold,STLLR Gold,STLR.TO,primary,STLR.TO,CAD,2026-03-23,2026-03-23,1,open_market,1,0,0.13986,0.054673,0.062591,-0.002632,0.006993,-0.132407,0.04887,-0.001882,0.216783,0.054572,0.223886,0.002184
stllr-gold,STLLR Gold,STLR.TO,primary,STLR.TO,CAD,2026-03-26,2026-03-26,1,open_market,1,0,0.103448,-0.003281,0.022054,-0.01923,-0.103448,-0.240096,-0.016787,-0.031093,0.227586,0.028715,0.229009,-0.019965
stllr-gold,STLLR Gold,STLR.TO,primary,STLR.TO,CAD,2026-03-27,2026-03-27,1,open_market,1,0,0.073826,-0.052103,0.029094,-0.012142,-0.120805,-0.278843,-0.011714,-0.028176,0.134228,-0.076657,0.186845,-0.026327
stllr-gold,STLLR Gold,STLR.TO,primary,STLR.TO,CAD,2026-05-07,2026-05-07,1,open_market,1,0,-0.154362,-0.162523,-0.072265,-0.023184,-0.080537,-0.132766,0.01685,-0.019622,,,,
stllr-gold,STLLR Gold,STLR.TO,primary,STLR.TO,CAD,2026-05-20,2026-05-20,1,open_market,1,0,-0.006897,-0.014303,0.065648,0.02824,0.137931,0.102585,0.183092,0.06618,,,,
stllr-gold,STLLR Gold,STLR.TO,primary,STLR.TO,CAD,2026-06-05,2026-06-05,1,open_market,1,0,0.206349,0.196546,0.252054,0.147683,0.460317,0.412022,0.425036,0.16004,,,,
stllr-gold,STLLR Gold,STLR.TO,primary,STLR.TO,CAD,2026-06-10,2026-06-10,1,open_market,1,0,0.088,0.047307,0.081513,0.031043,0.376,0.32013,0.308885,0.013993,,,,
stllr-gold,STLLR Gold,STLR.TO,primary,STLR.TO,CAD,2026-06-22,2026-06-22,1,open_market,1,0,-0.04,-0.044057,-0.025777,0.005204,0.16,0.136759,0.116889,-0.039081,,,,
stllr-gold,STLLR Gold,STLR.TO,primary,STLR.TO,CAD,2026-06-25,2026-06-25,1,open_market,1,0,0.022901,0.016595,0.016297,0.013585,0.290076,0.244441,0.226687,0.016551,,,,
stllr-gold,STLLR Gold,STLR.TO,primary,STLR.TO,CAD,2026-07-08,2026-07-08,1,open_market,1,0,0.103704,0.066328,0.039556,-0.10983,0.051852,0.006655,0.030968,-0.176034,,,,
stllr-gold,STLLR Gold,STLR.TO,primary,STLR.TO,CAD,2026-07-13,2026-07-13,2,open_market,1,0,0.353846,0.322718,0.250913,0.120108,,,,,,,,
strikepoint-gold,StrikePoint Gold,SKP.V,primary,SKP.V,CAD,2025-11-18,2025-11-18,1,placement_or_private,1,0,0.0,-0.02483,-0.064699,-0.103219,0.428571,0.395742,0.192776,0.118579,0.285714,0.165895,0.171009,0.174291
strikepoint-gold,StrikePoint Gold,SKP.V,primary,SKP.V,CAD,2026-09-07,2026-09-08,1,placement_or_private,1,0,,,,,,,,,,,,
strikepoint-gold,StrikePoint Gold,SKP.V,primary,SKP.V,CAD,2026-09-08,2026-09-08,1,placement_or_private,1,0,,,,,,,,,,,,
strikepoint-gold,StrikePoint Gold,SKP.V,primary,SKP.V,CAD,2026-09-09,2026-09-09,1,placement_or_private,1,0,,,,,,,,,,,,
strikepoint-gold,StrikePoint Gold,SKP.V,primary,SKP.V,CAD,2026-10-06,2026-10-06,3,placement_or_private,1,0,,,,,,,,,,,,
sun-summit-minerals,Sun Summit Minerals,SMN.V,primary,SMN.V,CAD,2025-04-15,2025-04-15,1,open_market,1,0,-0.125,-0.223305,-0.125201,-0.075374,0.125,-0.037199,0.090646,0.036402,1.5,1.285328,1.260427,0.804751
sun-summit-minerals,Sun Summit Minerals,SMN.V,primary,SMN.V,CAD,2025-06-03,2025-06-03,2,placement_or_private,1,0,-0.272727,-0.321797,-0.266997,-0.262,0.181818,0.099683,0.152166,-0.029008,0.181818,0.035364,-0.073823,-0.489688
sun-summit-minerals,Sun Summit Minerals,SMN.V,primary,SMN.V,CAD,2025-07-28,2025-07-28,1,open_market,1,0,0.111111,0.095898,0.087209,-0.089002,0.777778,0.714491,0.541669,0.2701,0.555556,0.47346,0.055932,-0.540923
sun-summit-minerals,Sun Summit Minerals,SMN.V,primary,SMN.V,CAD,2025-07-30,2025-07-30,1,open_market,1,0,0.3,0.283309,0.243149,0.04498,0.6,0.517095,0.389274,0.129706,0.4,0.308158,-0.144059,-0.761991
sun-summit-minerals,Sun Summit Minerals,SMN.V,primary,SMN.V,CAD,2025-07-31,2025-07-31,1,open_market,1,0,0.3,0.27948,0.250125,0.040028,0.6,0.512495,0.401822,0.119164,0.4,0.29968,-0.171495,-0.791206
sun-summit-minerals,Sun Summit Minerals,SMN.V,primary,SMN.V,CAD,2025-11-14,2025-11-14,1,open_market,1,0,0.0,-0.01463,-0.051814,-0.101687,-0.071429,-0.085329,-0.272062,-0.306745,0.285714,0.180971,0.140646,0.073998
sun-summit-minerals,Sun Summit Minerals,SMN.V,primary,SMN.V,CAD,2026-01-21,2026-01-21,1,open_market,1,0,0.071429,0.065549,0.015026,0.020709,0.0,-0.027254,0.031628,0.078704,-0.142857,-0.225568,0.028468,0.136075
sun-summit-minerals,Sun Summit Minerals,SMN.V,primary,SMN.V,CAD,2026-01-30,2026-01-30,1,open_market,1,0,0.142857,0.151499,0.055656,-0.09551,0.0,-0.038571,0.047848,0.085852,-0.142857,-0.197036,0.023162,0.048563
sun-summit-minerals,Sun Summit Minerals,SMN.V,primary,SMN.V,CAD,2026-03-02,2026-03-02,1,open_market,1,0,-0.176471,-0.131102,-0.069981,0.005357,0.0,-0.10213,0.148735,0.230966,-0.117647,-0.238528,0.047884,-0.002953
sun-summit-minerals,Sun Summit Minerals,SMN.V,primary,SMN.V,CAD,2026-05-19,2026-05-19,1,open_market,1,0,-0.125,-0.142731,-0.065753,-0.128455,-0.0625,-0.115571,-0.047895,-0.190772,,,,
sun-summit-minerals,Sun Summit Minerals,SMN.V,primary,SMN.V,CAD,2026-09-03,2026-09-03,1,open_market,1,0,-0.133333,-0.128768,-0.060007,-0.032699,,,,,,,,
suncor-energy,Suncor Energy,SU.TO,primary,SU.TO,CAD,2025-06-10,2025-06-10,1,open_market,1,0,0.046453,0.008746,0.048116,0.050076,0.080272,0.004412,-0.011378,-0.268199,0.18931,0.05233,-0.070642,-0.472077
suncor-energy,Suncor Energy,SU.TO,primary,SU.TO,CAD,2025-08-08,2025-08-08,1,open_market,1,0,0.027067,0.011279,-0.030432,-0.18912,0.098813,0.046819,-0.070552,-0.236187,0.334816,0.257899,-0.115335,-0.458583
suncor-energy,Suncor Energy,SU.TO,primary,SU.TO,CAD,2025-08-15,2025-08-15,1,open_market,1,0,0.075219,0.053507,-0.015826,-0.152195,0.13908,0.094632,-0.106309,-0.269792,0.412958,0.337551,-0.108136,-0.452323
suncor-energy,Suncor Energy,SU.TO,primary,SU.TO,CAD,2025-09-10,2025-09-10,1,open_market,1,0,-0.05585,-0.057092,-0.156846,-0.199332,0.035696,-0.011574,-0.119825,-0.190705,0.333219,0.293263,-0.076224,-0.138261
surge-copper,Surge Copper,SURG.V,primary,SURG.V,CAD,2025-08-01,2025-08-01,1,placement_or_private,1,0,0.428571,0.391046,0.399585,0.185746,0.642857,0.549391,0.445452,0.145099,2.785714,2.667172,2.185766,1.569519
surge-copper,Surge Copper,SURG.V,primary,SURG.V,CAD,2025-10-06,2025-10-06,1,open_market,1,0,-0.115385,-0.124274,-0.12123,-0.022297,0.884615,0.867403,0.791581,0.808083,1.269231,1.292727,1.090763,1.091598
surge-copper,Surge Copper,SURG.V,primary,SURG.V,CAD,2025-10-09,2025-10-09,1,open_market,1,0,-0.185185,-0.184902,-0.193066,-0.131081,1.296296,1.268851,1.176437,1.126546,1.0,1.01779,0.818351,0.787354
talisker-resources,Talisker Resources,TSK.TO,primary,TSK.TO,CAD,2025-05-06,2025-05-06,1,placement_or_private,1,0,-0.02,-0.081292,-0.000506,-0.116204,0.06,-0.06951,0.074486,-0.011756,1.98,1.75942,1.813143,1.421615
talisker-resources,Talisker Resources,TSK.TO,primary,TSK.TO,CAD,2025-05-08,2025-05-08,1,placement_or_private,1,0,-0.02,-0.080312,-0.021805,-0.11894,0.14,0.020154,0.120731,-0.044117,1.66,1.465012,1.470623,1.140238
talisker-resources,Talisker Resources,TSK.TO,primary,TSK.TO,CAD,2026-07-21,2026-07-21,1,open_market,1,0,0.486486,0.467349,0.378565,0.15798,,,,,,,,
talisker-resources,Talisker Resources,TSK.TO,primary,TSK.TO,CAD,2026-08-17,2026-08-17,1,open_market,1,0,-0.1625,-0.138402,-0.12859,-0.173328,,,,,,,,
talisker-resources,Talisker Resources,TSK.TO,primary,TSK.TO,CAD,2026-10-03,2026-10-05,2,open_market,1,0,,,,,,,,,,,,
targa-exploration,Targa Exploration,TEX.CN,primary,TEX.CN,CAD,2025-06-09,2025-06-09,1,placement_or_private,1,0,0.055556,0.014901,0.059143,0.077158,-0.166667,-0.245976,-0.246342,-0.47422,-0.055556,-0.198982,-0.315878,-0.689306
targa-exploration,Targa Exploration,TEX.CN,primary,TEX.CN,CAD,2026-02-23,2026-02-23,1,placement_or_private,1,0,-0.189189,-0.151718,-0.054153,0.029648,0.891892,0.799203,1.03206,1.117807,-0.540541,-0.662655,-0.420195,-0.497151
targa-exploration,Targa Exploration,TEX.CN,primary,TEX.CN,CAD,2026-09-10,2026-09-10,1,placement_or_private,1,0,,,,,,,,,,,,
targa-exploration,Targa Exploration,TEX.CN,primary,TEX.CN,CAD,2026-09-11,2026-09-11,3,placement_or_private,1,0,,,,,,,,,,,,
teuton-resources,Teuton Resources,TUO.V,primary,TUO.V,CAD,2025-08-05,2025-08-05,1,placement_or_private,1,0,0.247312,0.213632,0.197402,0.03056,0.365591,0.277418,0.180413,-0.012522,1.602151,1.500235,1.172179,0.844661
tiger-gold,Tiger Gold Corp.,TIGR.V,primary,TIGR.V,CAD,2026-03-19,2026-03-19,1,open_market,1,0,0.571429,0.495133,0.525651,0.358821,0.321429,0.198422,0.410099,0.271848,0.375,0.227092,0.450655,0.199144
tiger-gold,Tiger Gold Corp.,TIGR.V,primary,TIGR.V,CAD,2026-03-20,2026-03-20,1,open_market,1,0,0.6,0.505068,0.521259,0.341425,0.309091,0.157727,0.372616,0.244195,0.345455,0.18282,0.397803,0.134003
transition-metals,Transition Metals,XTM.V,primary,XTM.V,CAD,2025-10-03,2025-10-03,2,placement_or_private,1,0,0.0,-0.019202,-0.029303,0.055272,0.0,-0.018993,-0.108125,-0.11501,0.0,0.020875,-0.224192,-0.21914
triumph-gold,Triumph Gold,TIG.V,primary,TIG.V,CAD,2026-06-16,2026-06-16,1,placement_or_private,1,0,-0.1,-0.10052,-0.017838,0.069429,0.014286,0.000225,0.026332,-0.085332,,,,
triumph-gold,Triumph Gold,TIG.V,primary,TIG.V,CAD,2026-09-23,2026-09-23,1,open_market,1,0,,,,,,,,,,,,
troilus,Troilus Gold,TLG.TO,primary,TLG.TO,CAD,2025-05-06,2025-05-06,1,open_market,1,0,0.166667,0.105375,0.186161,0.070462,0.05,-0.07951,0.064486,-0.021756,1.4,1.17942,1.233143,0.841615
troilus,Troilus Gold,TLG.TO,primary,TLG.TO,CAD,2026-02-09,2026-02-09,1,open_market,1,0,-0.026455,-0.001064,-0.046175,-0.021486,-0.047619,-0.110549,0.023597,0.02569,0.031746,-0.082542,0.178546,0.118444
tudor-gold,Tudor Gold,TUD.V,primary,TUD.V,CAD,2025-04-24,2025-04-24,1,open_market,1,0,-0.140625,-0.199927,-0.146078,-0.199293,-0.125,-0.285091,-0.138341,-0.272213,0.3125,0.084583,0.087973,-0.33743
tudor-gold,Tudor Gold,TUD.V,primary,TUD.V,CAD,2025-04-25,2025-04-25,1,open_market,1,0,-0.112903,-0.164607,-0.129377,-0.181998,0.048387,-0.103763,0.030207,-0.09317,0.354839,0.142068,0.116759,-0.320978
tudor-gold,Tudor Gold,TUD.V,primary,TUD.V,CAD,2025-06-01,2025-06-02,1,placement_or_private,1,0,0.019231,-0.027571,0.026995,0.032658,0.153846,0.06554,0.133312,-0.0564,0.730769,0.577777,0.486248,0.054681
tudor-gold,Tudor Gold,TUD.V,primary,TUD.V,CAD,2025-06-02,2025-06-02,1,placement_or_private,1,0,0.019231,-0.027571,0.026995,0.032658,0.153846,0.06554,0.133312,-0.0564,0.730769,0.577777,0.486248,0.054681
tudor-gold,Tudor Gold,TUD.V,primary,TUD.V,CAD,2025-06-16,2025-06-16,1,placement_or_private,1,0,-0.018868,-0.054608,-0.007578,0.010491,0.679245,0.588434,0.603423,0.321426,0.54717,0.415956,0.27884,-0.143702
tudor-gold,Tudor Gold,TUD.V,primary,TUD.V,CAD,2025-08-02,2025-08-05,1,open_market,1,0,0.166667,0.132987,0.116757,-0.050086,0.333333,0.24516,0.148155,-0.04478,1.083333,0.981418,0.653362,0.325844
tudor-gold,Tudor Gold,TUD.V,primary,TUD.V,CAD,2025-11-03,2025-11-03,1,open_market,1,0,0.0125,0.011695,-0.036581,-0.121498,0.5625,0.549871,0.355954,0.286454,0.225,0.170401,0.077487,0.069047
tudor-gold,Tudor Gold,TUD.V,primary,TUD.V,CAD,2025-11-04,2025-11-04,1,open_market,1,0,0.039474,0.025923,-0.029002,-0.148365,0.605263,0.575392,0.426388,0.274357,0.289474,0.222224,0.121501,0.082244
tudor-gold,Tudor Gold,TUD.V,primary,TUD.V,CAD,2025-11-05,2025-11-05,1,open_market,1,0,0.0,-0.011969,-0.054378,-0.146193,0.628205,0.610569,0.388703,0.282131,0.217949,0.15828,0.086438,0.065381
tudor-gold,Tudor Gold,TUD.V,primary,TUD.V,CAD,2025-11-06,2025-11-06,1,open_market,1,0,0.012987,-0.009958,-0.042658,-0.127188,0.636364,0.612673,0.396246,0.294534,0.25974,0.179986,0.117145,0.114502
tudor-gold,Tudor Gold,TUD.V,primary,TUD.V,CAD,2025-11-07,2025-11-07,1,open_market,1,0,-0.025,-0.046938,-0.074225,-0.147203,0.375,0.365089,0.17525,0.141161,0.3125,0.218815,0.142399,0.096793
tudor-gold,Tudor Gold,TUD.V,primary,TUD.V,CAD,2025-12-04,2025-12-04,1,open_market,1,0,0.177215,0.178998,0.148413,0.150357,0.594937,0.593855,0.376225,0.320379,0.240506,0.130657,0.176393,0.201827
tudor-gold,Tudor Gold,TUD.V,primary,TUD.V,CAD,2025-12-10,2025-12-10,1,open_market,1,0,0.154762,0.145308,0.089423,0.06606,0.47619,0.491302,0.247916,0.267352,-0.035714,-0.110834,-0.056843,0.036097
tudor-gold,Tudor Gold,TUD.V,primary,TUD.V,CAD,2025-12-12,2025-12-12,1,placement_or_private,1,0,0.182927,0.164871,0.134803,0.116287,0.402439,0.425468,0.22178,0.276647,-0.04878,-0.112835,0.003971,0.106876
tudor-gold,Tudor Gold,TUD.V,primary,TUD.V,CAD,2026-04-15,2026-04-15,1,open_market,1,0,-0.048077,-0.104125,0.004527,0.051589,-0.192308,-0.266443,-0.03722,0.017405,,,,
tudor-gold,Tudor Gold,TUD.V,primary,TUD.V,CAD,2026-04-29,2026-04-29,1,open_market,1,0,0.043011,-0.020088,0.043706,-0.007965,-0.107527,-0.148675,0.007564,-0.010603,,,,
tudor-gold,Tudor Gold,TUD.V,primary,TUD.V,CAD,2026-05-20,2026-05-20,1,open_market,1,0,-0.123711,-0.131118,-0.051167,-0.088575,-0.082474,-0.11782,-0.037314,-0.154226,,,,
tudor-gold,Tudor Gold,TUD.V,primary,TUD.V,CAD,2026-06-01,2026-06-01,1,open_market,1,0,-0.166667,-0.149819,-0.0678,-0.055727,0.03125,0.016999,0.037013,-0.147005,,,,
tudor-gold,Tudor Gold,TUD.V,primary,TUD.V,CAD,2026-06-12,2026-06-12,1,open_market,1,0,0.02381,0.006014,0.048464,0.056066,0.107143,0.085464,0.081738,-0.120487,,,,
tudor-gold,Tudor Gold,TUD.V,primary,TUD.V,CAD,2026-08-05,2026-08-05,1,open_market,1,0,0.064516,0.063997,0.020552,-0.130606,,,,,,,,
ur-energy,Ur-Energy,URE.TO,primary,URE.TO,CAD,2025-11-17,2025-11-17,1,open_market,1,0,0.142857,0.134249,0.068486,0.025213,0.335404,0.311248,0.09063,0.008494,0.416149,0.305734,0.293345,0.29148
ur-energy,Ur-Energy,URE.TO,primary,URE.TO,CAD,2025-11-21,2025-11-21,1,open_market,1,0,0.231707,0.198993,0.165579,0.063898,0.335366,0.296748,0.107482,-0.023222,0.231707,0.106948,0.11647,0.108162
ur-energy,Ur-Energy,URE.TO,primary,URE.TO,CAD,2026-03-19,2026-03-19,1,open_market,1,0,0.226519,0.150223,0.180742,0.013911,0.20442,0.081413,0.29309,0.154839,-0.060773,-0.208682,0.014881,-0.23663
ur-energy,Ur-Energy,URE.TO,primary,URE.TO,CAD,2026-08-25,2026-08-25,1,open_market,1,0,-0.215686,-0.217344,-0.1307,-0.113444,,,,,,,,
ur-energy,Ur-Energy,URE.TO,primary,URE.TO,CAD,2026-09-15,2026-09-15,1,open_market,1,0,,,,,,,,,,,,
ur-energy,Ur-Energy,URE.TO,primary,URE.TO,CAD,2026-09-25,2026-09-25,1,open_market,1,0,,,,,,,,,,,,
valore-metals,ValOre Metals,VO.V,primary,VO.V,CAD,2025-10-08,2025-10-08,1,open_market,1,0,-0.285714,-0.282535,-0.274997,-0.193255,-0.285714,-0.313496,-0.395518,-0.409544,-0.285714,-0.264648,-0.434385,-0.436805
valore-metals,ValOre Metals,VO.V,primary,VO.V,CAD,2025-11-07,2025-11-07,1,open_market,1,0,0.0,-0.021938,-0.049225,-0.122203,0.1,0.090089,-0.09975,-0.133839,-0.1,-0.193685,-0.270101,-0.315707
valore-metals,ValOre Metals,VO.V,primary,VO.V,CAD,2025-12-31,2025-12-31,1,open_market,1,0,0.181818,0.16708,0.059086,0.098647,-0.090909,-0.044599,-0.17665,-0.133476,-0.181818,-0.268456,-0.111848,-0.070688
valore-metals,ValOre Metals,VO.V,primary,VO.V,CAD,2026-01-06,2026-01-06,1,open_market,1,0,0.1,0.120511,0.030539,0.101735,0.0,0.047528,-0.035021,-0.017463,-0.2,-0.276567,-0.11517,-0.113347
valore-metals,ValOre Metals,VO.V,primary,VO.V,CAD,2026-02-02,2026-02-02,1,open_market,1,0,-0.076923,-0.06214,-0.181505,-0.219791,-0.230769,-0.267064,-0.221521,-0.137672,-0.461538,-0.535768,-0.331391,-0.268475
valore-metals,ValOre Metals,VO.V,primary,VO.V,CAD,2026-02-27,2026-02-27,1,open_market,1,0,-0.214286,-0.138629,-0.071547,0.057668,-0.357143,-0.457159,-0.210414,-0.098759,-0.428571,-0.545322,-0.299517,-0.333063
valore-metals,ValOre Metals,VO.V,primary,VO.V,CAD,2026-03-02,2026-03-02,1,open_market,1,0,-0.153846,-0.108478,-0.047356,0.027982,-0.384615,-0.486745,-0.235881,-0.153649,-0.384615,-0.505496,-0.219085,-0.269921
valore-metals,ValOre Metals,VO.V,primary,VO.V,CAD,2026-03-06,2026-03-06,1,open_market,1,0,-0.166667,-0.142053,-0.073532,-0.089546,-0.333333,-0.459319,-0.201889,-0.17603,-0.416667,-0.554654,-0.267293,-0.392337
valore-metals,ValOre Metals,VO.V,primary,VO.V,CAD,2026-04-29,2026-04-29,1,open_market,1,0,-0.2,-0.263099,-0.199305,-0.250976,-0.3,-0.341148,-0.184909,-0.203076,,,,
valore-metals,ValOre Metals,VO.V,primary,VO.V,CAD,2026-06-12,2026-06-12,1,open_market,1,0,-0.111111,-0.128907,-0.086456,-0.078855,-0.222222,-0.243901,-0.247627,-0.449852,,,,
walker-lane-resources,Walker Lane Resources,WLR.V,primary,WLR.V,CAD,2025-04-22,2025-04-22,1,open_market,1,0,0.0,-0.105908,0.025714,-0.012232,0.0,-0.192546,-0.006493,-0.099989,0.538462,0.278357,0.288132,-0.206232
walker-lane-resources,Walker Lane Resources,WLR.V,primary,WLR.V,CAD,2025-04-27,2025-04-28,1,open_market,1,0,-0.125,-0.191951,-0.107981,-0.195623,-0.1875,-0.344076,-0.182097,-0.31845,0.4375,0.208036,0.216029,-0.234093
walker-lane-resources,Walker Lane Resources,WLR.V,primary,WLR.V,CAD,2025-06-10,2025-06-10,1,open_market,1,0,0.0,-0.037706,0.001663,0.003623,0.0,-0.075861,-0.09165,-0.348471,0.076923,-0.060057,-0.183029,-0.584464
walker-lane-resources,Walker Lane Resources,WLR.V,primary,WLR.V,CAD,2025-07-24,2025-07-24,1,open_market,1,0,-0.076923,-0.094088,-0.077922,-0.225537,0.461538,0.408923,0.245565,-0.009254,0.076923,0.008892,-0.332269,-0.925208
walker-lane-resources,Walker Lane Resources,WLR.V,primary,WLR.V,CAD,2025-08-12,2025-08-12,1,open_market,1,0,0.5,0.476754,0.414069,0.23764,0.25,0.189707,0.02257,-0.157928,0.083333,0.008756,-0.394138,-0.654985
walker-lane-resources,Walker Lane Resources,WLR.V,primary,WLR.V,CAD,2025-08-21,2025-08-21,1,open_market,1,0,1.363636,1.319344,1.259858,1.135961,0.454545,0.411937,0.23433,0.083745,0.272727,0.198304,-0.18583,-0.432678
walker-lane-resources,Walker Lane Resources,WLR.V,primary,WLR.V,CAD,2025-10-13,2025-10-14,1,open_market,1,0,-0.217391,-0.232205,-0.222854,-0.191443,-0.347826,-0.397552,-0.456652,-0.521057,-0.391304,-0.417322,-0.53926,-0.596579
walker-lane-resources,Walker Lane Resources,WLR.V,primary,WLR.V,CAD,2026-01-30,2026-01-30,1,open_market,1,0,0.0,0.008642,-0.087201,-0.238368,-0.066667,-0.105238,-0.018819,0.019186,-0.066667,-0.120845,0.099352,0.124754
wallbridge,Wallbridge Mining,WM.TO,primary,WM.TO,CAD,2025-06-10,2025-06-10,1,open_market,1,0,0.0,-0.037706,0.001663,0.003623,0.285714,0.209854,0.194064,-0.062757,0.285714,0.148734,0.025762,-0.375673
wallbridge,Wallbridge Mining,WM.TO,primary,WM.TO,CAD,2025-11-19,2025-11-19,1,open_market,1,0,0.428571,0.401467,0.364405,0.313118,0.285714,0.2552,0.090387,0.044189,0.142857,0.028132,0.026925,0.04509
wallbridge,Wallbridge Mining,WM.TO,primary,WM.TO,CAD,2026-03-25,2026-03-25,1,open_market,1,0,0.0,-0.086964,-0.040741,-0.076019,0.25,0.133134,0.343613,0.322552,0.25,0.072356,0.293023,0.097531
wesdome-gold-mines,Wesdome,WDO.TO,primary,WDO.TO,CAD,2025-11-07,2025-11-07,1,open_market,1,0,0.044791,0.022852,-0.004434,-0.077412,0.022395,0.012484,-0.177355,-0.211443,0.256086,0.1624,0.085984,0.040379
wesdome-gold-mines,Wesdome,WDO.TO,primary,WDO.TO,CAD,2026-07-02,2026-07-02,2,open_market,1,1,-0.004973,-0.007994,0.012455,0.063839,0.345065,0.321098,0.337898,0.195245,,,,
white-gold,White Gold,WGO.V,primary,WGO.V,CAD,2025-08-27,2025-08-27,1,open_market,1,0,0.740741,0.71725,0.631918,0.49579,0.944444,0.90054,0.729005,0.599269,2.648148,2.592846,2.109086,1.838169
white-gold,White Gold,WGO.V,primary,WGO.V,CAD,2025-08-28,2025-08-28,2,open_market,1,0,0.62069,0.60081,0.520033,0.367466,0.775862,0.72846,0.559724,0.365326,2.5,2.440779,1.993445,1.656583
white-gold,White Gold,WGO.V,primary,WGO.V,CAD,2025-08-29,2025-08-29,1,open_market,1,0,0.492063,0.466066,0.401926,0.275593,0.666667,0.612981,0.462152,0.298453,2.142857,2.068289,1.654443,1.343496
white-gold,White Gold,WGO.V,primary,WGO.V,CAD,2025-09-04,2025-09-04,1,open_market,1,0,1.096774,1.065825,1.002036,0.88663,0.83871,0.785145,0.654468,0.548316,2.403226,2.355145,1.970247,1.761808
white-gold,White Gold,WGO.V,primary,WGO.V,CAD,2025-09-08,2025-09-08,1,open_market,1,0,0.984848,0.947427,0.872908,0.770645,0.621212,0.564402,0.46704,0.383091,2.015152,1.978855,1.600929,1.504873
white-gold,White Gold,WGO.V,primary,WGO.V,CAD,2025-09-17,2025-09-17,1,open_market,1,0,0.434211,0.426307,0.279835,0.232814,0.434211,0.40434,0.259358,0.165684,1.315789,1.300847,0.949407,0.939851
white-gold,White Gold,WGO.V,primary,WGO.V,CAD,2025-10-15,2025-10-15,1,placement_or_private,1,0,-0.226891,-0.237054,-0.197386,-0.152758,0.176471,0.133474,0.088084,0.037567,0.420168,0.388702,0.296339,0.266289
white-gold,White Gold,WGO.V,primary,WGO.V,CAD,2025-10-16,2025-10-16,1,placement_or_private,1,0,-0.185841,-0.20293,-0.134157,-0.090424,0.300885,0.255898,0.2265,0.179171,0.539823,0.48863,0.417134,0.395407
yukon-metals,Yukon Metals,YMC.CN,primary,YMC.CN,CAD,2026-06-17,2026-06-17,2,placement_or_private,1,0,-0.071429,-0.074573,-0.019473,0.083999,-0.02381,-0.045983,-0.038092,-0.141064,,,,
yukon-metals,Yukon Metals,YMC.CN,primary,YMC.CN,CAD,2026-09-18,2026-09-18,1,open_market,1,0,,,,,,,,,,,,
