{"type":"FeatureCollection","features":[{"type":"Feature","geometry":{"type":"Polygon","coordinates":[[[-75.69999999759601,49.624999999406256],[-75.699999997205,49.63333333761122],[-75.69166666889922,49.63333334062267],[-75.69166666480916,49.62500000479639],[-75.69999999759601,49.624999999406256]]]},"properties":{"company_id":"barrick","jurisdiction":"Quebec","claim_id":"","claim_name":null,"holder":"Barrick Gold inc.","status":"Active","recorded_date":null,"anniversary_or_expiry":null,"area_ha":null,"tenure_type":null,"source":"GESTIM active titles (MRNF digital data dump). Not legal title.","as_of":"2026-09-20","role":"focus","color":"#e8b040"}},{"type":"Feature","geometry":{"type":"Polygon","coordinates":[[[-75.69166666480916,49.62500000479639],[-75.69166666889922,49.63333334062267],[-75.68333332899775,49.63333333748248],[-75.68333333426858,49.62500000392434],[-75.69166666480916,49.62500000479639]]]},"properties":{"company_id":"barrick","jurisdiction":"Quebec","claim_id":"","claim_name":null,"holder":"Barrick Gold inc.","status":"Active","recorded_date":null,"anniversary_or_expiry":null,"area_ha":null,"tenure_type":null,"source":"GESTIM active titles (MRNF digital data dump). Not legal title.","as_of":"2026-09-20","role":"focus","color":"#e8b040"}},{"type":"Feature","geometry":{"type":"Polygon","coordinates":[[[-75.77500000666993,49.600000002086134],[-75.7749999992167,49.60833333533251],[-75.7666666623298,49.60833333929978],[-75.76666666467462,49.599999999684556],[-75.77500000666993,49.600000002086134]]]},"properties":{"company_id":"barrick","jurisdiction":"Quebec","claim_id":"","claim_name":null,"holder":"Barrick Gold inc.","status":"Active","recorded_date":null,"anniversary_or_expiry":null,"area_ha":null,"tenure_type":null,"source":"GESTIM active titles (MRNF digital data dump). Not legal title.","as_of":"2026-09-20","role":"focus","color":"#e8b040"}},{"type":"Feature","geometry":{"type":"Polygon","coordinates":[[[-75.76666666467462,49.599999999684556],[-75.7666666623298,49.60833333929978],[-75.75833332792318,49.60833333692968],[-75.75833333913387,49.59999999982015],[-75.76666666467462,49.599999999684556]]]},"properties":{"company_id":"barrick","jurisdiction":"Quebec","claim_id":"","claim_name":null,"holder":"Barrick Gold inc.","status":"Active","recorded_date":null,"anniversary_or_expiry":null,"area_ha":null,"tenure_type":null,"source":"GESTIM active titles (MRNF digital data dump). Not legal title.","as_of":"2026-09-20","role":"focus","color":"#e8b040"}},{"type":"Feature","geometry":{"type":"Polygon","coordinates":[[[-75.75833333913387,49.59999999982015],[-75.75833332792318,49.60833333692968],[-75.74999999611002,49.60833333721867],[-75.75000000234293,49.6000000026777],[-75.75833333913387,49.59999999982015]]]},"properties":{"company_id":"barrick","jurisdiction":"Quebec","claim_id":"","claim_name":null,"holder":"Barrick Gold inc.","status":"Active","recorded_date":null,"anniversary_or_expiry":null,"area_ha":null,"tenure_type":null,"source":"GESTIM active titles (MRNF digital data dump). Not legal title.","as_of":"2026-09-20","role":"focus","color":"#e8b040"}},{"type":"Feature","geometry":{"type":"Polygon","coordinates":[[[-75.79166666712746,49.60833333545217],[-75.79166666659683,49.61666667108311],[-75.78333332916165,49.61666666705901],[-75.78333333875275,49.60833333401929],[-75.79166666712746,49.60833333545217]]]},"properties":{"company_id":"barrick","jurisdiction":"Quebec","claim_id":"","claim_name":null,"holder":"Barrick Gold inc.","status":"Active","recorded_date":null,"anniversary_or_expiry":null,"area_ha":null,"tenure_type":null,"source":"GESTIM active titles (MRNF digital data dump). Not legal title.","as_of":"2026-09-20","role":"focus","color":"#e8b040"}},{"type":"Feature","geometry":{"type":"Polygon","coordinates":[[[-75.78333333875275,49.60833333401929],[-75.78333332916165,49.61666666705901],[-75.77499999441123,49.61666666571509],[-75.7749999992167,49.60833333533251],[-75.78333333875275,49.60833333401929]]]},"properties":{"company_id":"barrick","jurisdiction":"Quebec","claim_id":"","claim_name":null,"holder":"Barrick Gold inc.","status":"Active","recorded_date":null,"anniversary_or_expiry":null,"area_ha":null,"tenure_type":null,"source":"GESTIM active titles (MRNF digital data dump). Not legal title.","as_of":"2026-09-20","role":"focus","color":"#e8b040"}},{"type":"Feature","geometry":{"type":"Polygon","coordinates":[[[-75.7749999992167,49.60833333533251],[-75.77499999441123,49.61666666571509],[-75.76666666231608,49.616666667053885],[-75.7666666623298,49.60833333929978],[-75.7749999992167,49.60833333533251]]]},"properties":{"company_id":"barrick","jurisdiction":"Quebec","claim_id":"","claim_name":null,"holder":"Barrick Gold inc.","status":"Active","recorded_date":null,"anniversary_or_expiry":null,"area_ha":null,"tenure_type":null,"source":"GESTIM active titles (MRNF digital data dump). Not legal title.","as_of":"2026-09-20","role":"focus","color":"#e8b040"}},{"type":"Feature","geometry":{"type":"Polygon","coordinates":[[[-75.7666666623298,49.60833333929978],[-75.76666666231608,49.616666667053885],[-75.75833333284677,49.61666667107805],[-75.75833332792318,49.60833333692968],[-75.7666666623298,49.60833333929978]]]},"properties":{"company_id":"barrick","jurisdiction":"Quebec","claim_id":"","claim_name":null,"holder":"Barrick Gold inc.","status":"Active","recorded_date":null,"anniversary_or_expiry":null,"area_ha":null,"tenure_type":null,"source":"GESTIM active titles (MRNF digital data dump). Not legal title.","as_of":"2026-09-20","role":"focus","color":"#e8b040"}},{"type":"Feature","geometry":{"type":"Polygon","coordinates":[[[-75.75833332792318,49.60833333692968],[-75.75833333284677,49.61666667107805],[-75.75000000583576,49.61666666879617],[-75.74999999611002,49.60833333721867],[-75.75833332792318,49.60833333692968]]]},"properties":{"company_id":"barrick","jurisdiction":"Quebec","claim_id":"","claim_name":null,"holder":"Barrick Gold inc.","status":"Active","recorded_date":null,"anniversary_or_expiry":null,"area_ha":null,"tenure_type":null,"source":"GESTIM active titles (MRNF digital data dump). Not legal title.","as_of":"2026-09-20","role":"focus","color":"#e8b040"}},{"type":"Feature","geometry":{"type":"Polygon","coordinates":[[[-75.79166666659683,49.61666667108311],[-75.79166666906872,49.625000003857465],[-75.78333333638157,49.625000006138876],[-75.78333332916165,49.61666666705901],[-75.79166666659683,49.61666667108311]]]},"properties":{"company_id":"barrick","jurisdiction":"Quebec","claim_id":"","claim_name":null,"holder":"Barrick Gold inc.","status":"Active","recorded_date":null,"anniversary_or_expiry":null,"area_ha":null,"tenure_type":null,"source":"GESTIM active titles (MRNF digital data dump). Not legal title.","as_of":"2026-09-20","role":"focus","color":"#e8b040"}},{"type":"Feature","geometry":{"type":"Polygon","coordinates":[[[-75.78333332916165,49.61666666705901],[-75.78333333638157,49.625000006138876],[-75.77500000623957,49.62500000213545],[-75.77499999441123,49.61666666571509],[-75.78333332916165,49.61666666705901]]]},"properties":{"company_id":"barrick","jurisdiction":"Quebec","claim_id":"","claim_name":null,"holder":"Barrick Gold inc.","status":"Active","recorded_date":null,"anniversary_or_expiry":null,"area_ha":null,"tenure_type":null,"source":"GESTIM active titles (MRNF digital data dump). Not legal title.","as_of":"2026-09-20","role":"focus","color":"#e8b040"}},{"type":"Feature","geometry":{"type":"Polygon","coordinates":[[[-75.77499999441123,49.61666666571509],[-75.77500000623957,49.62500000213545],[-75.76666666491415,49.62500000093524],[-75.76666666231608,49.616666667053885],[-75.77499999441123,49.61666666571509]]]},"properties":{"company_id":"barrick","jurisdiction":"Quebec","claim_id":"","claim_name":null,"holder":"Barrick Gold inc.","status":"Active","recorded_date":null,"anniversary_or_expiry":null,"area_ha":null,"tenure_type":null,"source":"GESTIM active titles (MRNF digital data dump). Not legal title.","as_of":"2026-09-20","role":"focus","color":"#e8b040"}},{"type":"Feature","geometry":{"type":"Polygon","coordinates":[[[-75.75833333284677,49.61666667107805],[-75.75833334006536,49.62500000235646],[-75.750000003974,49.62500000658399],[-75.75000000583576,49.61666666879617],[-75.75833333284677,49.61666667107805]]]},"properties":{"company_id":"barrick","jurisdiction":"Quebec","claim_id":"","claim_name":null,"holder":"Barrick Gold inc.","status":"Active","recorded_date":null,"anniversary_or_expiry":null,"area_ha":null,"tenure_type":null,"source":"GESTIM active titles (MRNF digital data dump). Not legal title.","as_of":"2026-09-20","role":"focus","color":"#e8b040"}},{"type":"Feature","geometry":{"type":"Polygon","coordinates":[[[-75.75000000234293,49.6000000026777],[-75.74999999611002,49.60833333721867],[-75.74166666686092,49.608333340169246],[-75.74166666797375,49.5999999991742],[-75.75000000234293,49.6000000026777]]]},"properties":{"company_id":"barrick","jurisdiction":"Quebec","claim_id":"","claim_name":null,"holder":"Barrick Gold inc.","status":"Active","recorded_date":null,"anniversary_or_expiry":null,"area_ha":null,"tenure_type":null,"source":"GESTIM active titles (MRNF digital data dump). Not legal title.","as_of":"2026-09-20","role":"focus","color":"#e8b040"}},{"type":"Feature","geometry":{"type":"Polygon","coordinates":[[[-75.74166666797375,49.5999999991742],[-75.74166666686092,49.608333340169246],[-75.7333333400116,49.6083333367899],[-75.73333333627134,49.600000007299926],[-75.74166666797375,49.5999999991742]]]},"properties":{"company_id":"barrick","jurisdiction":"Quebec","claim_id":"","claim_name":null,"holder":"Barrick Gold inc.","status":"Active","recorded_date":null,"anniversary_or_expiry":null,"area_ha":null,"tenure_type":null,"source":"GESTIM active titles (MRNF digital data dump). Not legal title.","as_of":"2026-09-20","role":"focus","color":"#e8b040"}},{"type":"Feature","geometry":{"type":"Polygon","coordinates":[[[-75.73333333627134,49.600000007299926],[-75.7333333400116,49.6083333367899],[-75.72500000183037,49.60833333616372],[-75.72500000680175,49.6000000000755],[-75.73333333627134,49.600000007299926]]]},"properties":{"company_id":"barrick","jurisdiction":"Quebec","claim_id":"","claim_name":null,"holder":"Barrick Gold inc.","status":"Active","recorded_date":null,"anniversary_or_expiry":null,"area_ha":null,"tenure_type":null,"source":"GESTIM active titles (MRNF digital data dump). Not legal title.","as_of":"2026-09-20","role":"focus","color":"#e8b040"}},{"type":"Feature","geometry":{"type":"Polygon","coordinates":[[[-75.72500000680175,49.6000000000755],[-75.72500000183037,49.60833333616372],[-75.71666666612803,49.60833333820443],[-75.71666666610241,49.60000000457082],[-75.72500000680175,49.6000000000755]]]},"properties":{"company_id":"barrick","jurisdiction":"Quebec","claim_id":"","claim_name":null,"holder":"Barrick Gold inc.","status":"Active","recorded_date":null,"anniversary_or_expiry":null,"area_ha":null,"tenure_type":null,"source":"GESTIM active titles (MRNF digital data dump). Not legal title.","as_of":"2026-09-20","role":"focus","color":"#e8b040"}},{"type":"Feature","geometry":{"type":"Polygon","coordinates":[[[-75.70833332771667,49.60000000271274],[-75.70833333274487,49.608333333920456],[-75.70000000178482,49.60833333230806],[-75.70000000558639,49.60000000341382],[-75.70833332771667,49.60000000271274]]]},"properties":{"company_id":"barrick","jurisdiction":"Quebec","claim_id":"","claim_name":null,"holder":"Barrick Gold inc.","status":"Active","recorded_date":null,"anniversary_or_expiry":null,"area_ha":null,"tenure_type":null,"source":"GESTIM active titles (MRNF digital data dump). Not legal title.","as_of":"2026-09-20","role":"focus","color":"#e8b040"}},{"type":"Feature","geometry":{"type":"Polygon","coordinates":[[[-75.70000000558639,49.60000000341382],[-75.70000000178482,49.60833333230806],[-75.6916666732185,49.60833333336963],[-75.69166667200645,49.60000000684483],[-75.70000000558639,49.60000000341382]]]},"properties":{"company_id":"barrick","jurisdiction":"Quebec","claim_id":"","claim_name":null,"holder":"Barrick Gold inc.","status":"Active","recorded_date":null,"anniversary_or_expiry":null,"area_ha":null,"tenure_type":null,"source":"GESTIM active titles (MRNF digital data dump). Not legal title.","as_of":"2026-09-20","role":"focus","color":"#e8b040"}},{"type":"Feature","geometry":{"type":"Polygon","coordinates":[[[-75.69166667200645,49.60000000684483],[-75.6916666732185,49.60833333336963],[-75.68333333317621,49.60833333718914],[-75.68333332682178,49.60000000401102],[-75.69166667200645,49.60000000684483]]]},"properties":{"company_id":"barrick","jurisdiction":"Quebec","claim_id":"","claim_name":null,"holder":"Barrick Gold inc.","status":"Active","recorded_date":null,"anniversary_or_expiry":null,"area_ha":null,"tenure_type":null,"source":"GESTIM active titles (MRNF digital data dump). Not legal title.","as_of":"2026-09-20","role":"focus","color":"#e8b040"}},{"type":"Feature","geometry":{"type":"Polygon","coordinates":[[[-75.74999999611002,49.60833333721867],[-75.75000000583576,49.61666666879617],[-75.7416666675522,49.616666669293274],[-75.74166666686092,49.608333340169246],[-75.74999999611002,49.60833333721867]]]},"properties":{"company_id":"barrick","jurisdiction":"Quebec","claim_id":"","claim_name":null,"holder":"Barrick Gold inc.","status":"Active","recorded_date":null,"anniversary_or_expiry":null,"area_ha":null,"tenure_type":null,"source":"GESTIM active titles (MRNF digital data dump). Not legal title.","as_of":"2026-09-20","role":"focus","color":"#e8b040"}},{"type":"Feature","geometry":{"type":"Polygon","coordinates":[[[-75.74166666686092,49.608333340169246],[-75.7416666675522,49.616666669293274],[-75.73333333180909,49.61666667248124],[-75.7333333400116,49.6083333367899],[-75.74166666686092,49.608333340169246]]]},"properties":{"company_id":"barrick","jurisdiction":"Quebec","claim_id":"","claim_name":null,"holder":"Barrick Gold inc.","status":"Active","recorded_date":null,"anniversary_or_expiry":null,"area_ha":null,"tenure_type":null,"source":"GESTIM active titles (MRNF digital data dump). Not legal title.","as_of":"2026-09-20","role":"focus","color":"#e8b040"}},{"type":"Feature","geometry":{"type":"Polygon","coordinates":[[[-75.7333333400116,49.6083333367899],[-75.73333333180909,49.61666667248124],[-75.72499999844352,49.61666666936846],[-75.72500000183037,49.60833333616372],[-75.7333333400116,49.6083333367899]]]},"properties":{"company_id":"barrick","jurisdiction":"Quebec","claim_id":"","claim_name":null,"holder":"Barrick Gold inc.","status":"Active","recorded_date":null,"anniversary_or_expiry":null,"area_ha":null,"tenure_type":null,"source":"GESTIM active titles (MRNF digital data dump). Not legal title.","as_of":"2026-09-20","role":"focus","color":"#e8b040"}},{"type":"Feature","geometry":{"type":"Polygon","coordinates":[[[-75.72500000183037,49.60833333616372],[-75.72499999844352,49.61666666936846],[-75.71666666756254,49.6166666689514],[-75.71666666612803,49.60833333820443],[-75.72500000183037,49.60833333616372]]]},"properties":{"company_id":"barrick","jurisdiction":"Quebec","claim_id":"","claim_name":null,"holder":"Barrick Gold inc.","status":"Active","recorded_date":null,"anniversary_or_expiry":null,"area_ha":null,"tenure_type":null,"source":"GESTIM active titles (MRNF digital data dump). Not legal title.","as_of":"2026-09-20","role":"focus","color":"#e8b040"}},{"type":"Feature","geometry":{"type":"Polygon","coordinates":[[[-75.70833333274487,49.608333333920456],[-75.70833333913664,49.61666667123231],[-75.69999999916494,49.61666666730334],[-75.70000000178482,49.60833333230806],[-75.70833333274487,49.608333333920456]]]},"properties":{"company_id":"barrick","jurisdiction":"Quebec","claim_id":"","claim_name":null,"holder":"Barrick Gold inc.","status":"Active","recorded_date":null,"anniversary_or_expiry":null,"area_ha":null,"tenure_type":null,"source":"GESTIM active titles (MRNF digital data dump). Not legal title.","as_of":"2026-09-20","role":"focus","color":"#e8b040"}},{"type":"Feature","geometry":{"type":"Polygon","coordinates":[[[-75.70000000178482,49.60833333230806],[-75.69999999916494,49.61666666730334],[-75.6916666615924,49.616666666075105],[-75.6916666732185,49.60833333336963],[-75.70000000178482,49.60833333230806]]]},"properties":{"company_id":"barrick","jurisdiction":"Quebec","claim_id":"","claim_name":null,"holder":"Barrick Gold inc.","status":"Active","recorded_date":null,"anniversary_or_expiry":null,"area_ha":null,"tenure_type":null,"source":"GESTIM active titles (MRNF digital data dump). Not legal title.","as_of":"2026-09-20","role":"focus","color":"#e8b040"}},{"type":"Feature","geometry":{"type":"Polygon","coordinates":[[[-75.6916666732185,49.60833333336963],[-75.6916666615924,49.616666666075105],[-75.68333334023222,49.616666667468195],[-75.68333333317621,49.60833333718914],[-75.6916666732185,49.60833333336963]]]},"properties":{"company_id":"barrick","jurisdiction":"Quebec","claim_id":"","claim_name":null,"holder":"Barrick Gold inc.","status":"Active","recorded_date":null,"anniversary_or_expiry":null,"area_ha":null,"tenure_type":null,"source":"GESTIM active titles (MRNF digital data dump). Not legal title.","as_of":"2026-09-20","role":"focus","color":"#e8b040"}},{"type":"Feature","geometry":{"type":"Polygon","coordinates":[[[-75.75000000583576,49.61666666879617],[-75.750000003974,49.62500000658399],[-75.74166667031885,49.62500000453476],[-75.7416666675522,49.616666669293274],[-75.75000000583576,49.61666666879617]]]},"properties":{"company_id":"barrick","jurisdiction":"Quebec","claim_id":"","claim_name":null,"holder":"Barrick Gold inc.","status":"Active","recorded_date":null,"anniversary_or_expiry":null,"area_ha":null,"tenure_type":null,"source":"GESTIM active titles (MRNF digital data dump). Not legal title.","as_of":"2026-09-20","role":"focus","color":"#e8b040"}},{"type":"Feature","geometry":{"type":"Polygon","coordinates":[[[-75.7416666675522,49.616666669293274],[-75.74166667031885,49.62500000453476],[-75.73333333920996,49.62500000520514],[-75.73333333180909,49.61666667248124],[-75.7416666675522,49.616666669293274]]]},"properties":{"company_id":"barrick","jurisdiction":"Quebec","claim_id":"","claim_name":null,"holder":"Barrick Gold inc.","status":"Active","recorded_date":null,"anniversary_or_expiry":null,"area_ha":null,"tenure_type":null,"source":"GESTIM active titles (MRNF digital data dump). Not legal title.","as_of":"2026-09-20","role":"focus","color":"#e8b040"}},{"type":"Feature","geometry":{"type":"Polygon","coordinates":[[[-75.73333333180909,49.61666667248124],[-75.73333333920996,49.62500000520514],[-75.72499999663945,49.62499999969032],[-75.72499999844352,49.61666666936846],[-75.73333333180909,49.61666667248124]]]},"properties":{"company_id":"barrick","jurisdiction":"Quebec","claim_id":"","claim_name":null,"holder":"Barrick Gold inc.","status":"Active","recorded_date":null,"anniversary_or_expiry":null,"area_ha":null,"tenure_type":null,"source":"GESTIM active titles (MRNF digital data dump). Not legal title.","as_of":"2026-09-20","role":"focus","color":"#e8b040"}},{"type":"Feature","geometry":{"type":"Polygon","coordinates":[[[-75.72499999844352,49.61666666936846],[-75.72499999663945,49.62499999969032],[-75.716666670536,49.62500000580614],[-75.71666666756254,49.6166666689514],[-75.72499999844352,49.61666666936846]]]},"properties":{"company_id":"barrick","jurisdiction":"Quebec","claim_id":"","claim_name":null,"holder":"Barrick Gold inc.","status":"Active","recorded_date":null,"anniversary_or_expiry":null,"area_ha":null,"tenure_type":null,"source":"GESTIM active titles (MRNF digital data dump). Not legal title.","as_of":"2026-09-20","role":"focus","color":"#e8b040"}},{"type":"Feature","geometry":{"type":"Polygon","coordinates":[[[-75.71666666756254,49.6166666689514],[-75.716666670536,49.62500000580614],[-75.70833333291485,49.62500000573958],[-75.70833333913664,49.61666667123231],[-75.71666666756254,49.6166666689514]]]},"properties":{"company_id":"barrick","jurisdiction":"Quebec","claim_id":"","claim_name":null,"holder":"Barrick Gold inc.","status":"Active","recorded_date":null,"anniversary_or_expiry":null,"area_ha":null,"tenure_type":null,"source":"GESTIM active titles (MRNF digital data dump). Not legal title.","as_of":"2026-09-20","role":"focus","color":"#e8b040"}},{"type":"Feature","geometry":{"type":"Polygon","coordinates":[[[-75.69999999916494,49.61666666730334],[-75.69999999759601,49.624999999406256],[-75.69166666480916,49.62500000479639],[-75.6916666615924,49.616666666075105],[-75.69999999916494,49.61666666730334]]]},"properties":{"company_id":"barrick","jurisdiction":"Quebec","claim_id":"","claim_name":null,"holder":"Barrick Gold inc.","status":"Active","recorded_date":null,"anniversary_or_expiry":null,"area_ha":null,"tenure_type":null,"source":"GESTIM active titles (MRNF digital data dump). Not legal title.","as_of":"2026-09-20","role":"focus","color":"#e8b040"}},{"type":"Feature","geometry":{"type":"Polygon","coordinates":[[[-75.6916666615924,49.616666666075105],[-75.69166666480916,49.62500000479639],[-75.68333333426858,49.62500000392434],[-75.68333334023222,49.616666667468195],[-75.6916666615924,49.616666666075105]]]},"properties":{"company_id":"barrick","jurisdiction":"Quebec","claim_id":"","claim_name":null,"holder":"Barrick Gold inc.","status":"Active","recorded_date":null,"anniversary_or_expiry":null,"area_ha":null,"tenure_type":null,"source":"GESTIM active titles (MRNF digital data dump). Not legal title.","as_of":"2026-09-20","role":"focus","color":"#e8b040"}},{"type":"Feature","geometry":{"type":"Polygon","coordinates":[[[-75.78333333638157,49.625000006138876],[-75.78333333243576,49.633333333459234],[-75.77500000687058,49.63333333578575],[-75.77500000623957,49.62500000213545],[-75.78333333638157,49.625000006138876]]]},"properties":{"company_id":"barrick","jurisdiction":"Quebec","claim_id":"","claim_name":null,"holder":"Barrick Gold inc.","status":"Active","recorded_date":null,"anniversary_or_expiry":null,"area_ha":null,"tenure_type":null,"source":"GESTIM active titles (MRNF digital data dump). Not legal title.","as_of":"2026-09-20","role":"focus","color":"#e8b040"}},{"type":"Feature","geometry":{"type":"Polygon","coordinates":[[[-75.77500000623957,49.62500000213545],[-75.77500000687058,49.63333333578575],[-75.76666667012269,49.633333340944326],[-75.76666666491415,49.62500000093524],[-75.77500000623957,49.62500000213545]]]},"properties":{"company_id":"barrick","jurisdiction":"Quebec","claim_id":"","claim_name":null,"holder":"Barrick Gold inc.","status":"Active","recorded_date":null,"anniversary_or_expiry":null,"area_ha":null,"tenure_type":null,"source":"GESTIM active titles (MRNF digital data dump). Not legal title.","as_of":"2026-09-20","role":"focus","color":"#e8b040"}},{"type":"Feature","geometry":{"type":"Polygon","coordinates":[[[-75.76666666491415,49.62500000093524],[-75.76666667012269,49.633333340944326],[-75.75833333586992,49.63333333984998],[-75.75833334006536,49.62500000235646],[-75.76666666491415,49.62500000093524]]]},"properties":{"company_id":"barrick","jurisdiction":"Quebec","claim_id":"","claim_name":null,"holder":"Barrick Gold inc.","status":"Active","recorded_date":null,"anniversary_or_expiry":null,"area_ha":null,"tenure_type":null,"source":"GESTIM active titles (MRNF digital data dump). Not legal title.","as_of":"2026-09-20","role":"focus","color":"#e8b040"}},{"type":"Feature","geometry":{"type":"Polygon","coordinates":[[[-75.75833334006536,49.62500000235646],[-75.75833333586992,49.63333333984998],[-75.7500000040872,49.63333333250525],[-75.750000003974,49.62500000658399],[-75.75833334006536,49.62500000235646]]]},"properties":{"company_id":"barrick","jurisdiction":"Quebec","claim_id":"","claim_name":null,"holder":"Barrick Gold inc.","status":"Active","recorded_date":null,"anniversary_or_expiry":null,"area_ha":null,"tenure_type":null,"source":"GESTIM active titles (MRNF digital data dump). Not legal title.","as_of":"2026-09-20","role":"focus","color":"#e8b040"}},{"type":"Feature","geometry":{"type":"Polygon","coordinates":[[[-75.71666666612803,49.60833333820443],[-75.71666666756254,49.6166666689514],[-75.70833333913664,49.61666667123231],[-75.70833333274487,49.608333333920456],[-75.71666666612803,49.60833333820443]]]},"properties":{"company_id":"barrick","jurisdiction":"Quebec","claim_id":"","claim_name":null,"holder":"Barrick Gold inc.","status":"Active","recorded_date":null,"anniversary_or_expiry":null,"area_ha":null,"tenure_type":null,"source":"GESTIM active titles (MRNF digital data dump). Not legal title.","as_of":"2026-09-20","role":"focus","color":"#e8b040"}},{"type":"Feature","geometry":{"type":"Polygon","coordinates":[[[-75.78333333747379,49.6000000072066],[-75.78333333875275,49.60833333401929],[-75.7749999992167,49.60833333533251],[-75.77500000666993,49.600000002086134],[-75.78333333747379,49.6000000072066]]]},"properties":{"company_id":"barrick","jurisdiction":"Quebec","claim_id":"","claim_name":null,"holder":"Barrick Gold inc.","status":"Active","recorded_date":null,"anniversary_or_expiry":null,"area_ha":null,"tenure_type":null,"source":"GESTIM active titles (MRNF digital data dump). Not legal title.","as_of":"2026-09-20","role":"focus","color":"#e8b040"}},{"type":"Feature","geometry":{"type":"Polygon","coordinates":[[[-75.71666666610241,49.60000000457082],[-75.71666666612803,49.60833333820443],[-75.70833333274487,49.608333333920456],[-75.70833332771667,49.60000000271274],[-75.71666666610241,49.60000000457082]]]},"properties":{"company_id":"barrick","jurisdiction":"Quebec","claim_id":"","claim_name":null,"holder":"Barrick Gold inc.","status":"Active","recorded_date":null,"anniversary_or_expiry":null,"area_ha":null,"tenure_type":null,"source":"GESTIM active titles (MRNF digital data dump). Not legal title.","as_of":"2026-09-20","role":"focus","color":"#e8b040"}},{"type":"Feature","geometry":{"type":"Polygon","coordinates":[[[-75.76666666231608,49.616666667053885],[-75.76666666491415,49.62500000093524],[-75.75833334006536,49.62500000235646],[-75.75833333284677,49.61666667107805],[-75.76666666231608,49.616666667053885]]]},"properties":{"company_id":"barrick","jurisdiction":"Quebec","claim_id":"","claim_name":null,"holder":"Barrick Gold inc.","status":"Active","recorded_date":null,"anniversary_or_expiry":null,"area_ha":null,"tenure_type":null,"source":"GESTIM active titles (MRNF digital data dump). Not legal title.","as_of":"2026-09-20","role":"focus","color":"#e8b040"}},{"type":"Feature","geometry":{"type":"Polygon","coordinates":[[[-75.70833333913664,49.61666667123231],[-75.70833333291485,49.62500000573958],[-75.69999999759601,49.624999999406256],[-75.69999999916494,49.61666666730334],[-75.70833333913664,49.61666667123231]]]},"properties":{"company_id":"barrick","jurisdiction":"Quebec","claim_id":"","claim_name":null,"holder":"Barrick Gold inc.","status":"Active","recorded_date":null,"anniversary_or_expiry":null,"area_ha":null,"tenure_type":null,"source":"GESTIM active titles (MRNF digital data dump). Not legal title.","as_of":"2026-09-20","role":"focus","color":"#e8b040"}},{"type":"Feature","geometry":{"type":"Polygon","coordinates":[[[-75.79166666906872,49.625000003857465],[-75.79166666069487,49.63333333387052],[-75.78333333243576,49.633333333459234],[-75.78333333638157,49.625000006138876],[-75.79166666906872,49.625000003857465]]]},"properties":{"company_id":"barrick","jurisdiction":"Quebec","claim_id":"","claim_name":null,"holder":"Barrick Gold inc.","status":"Active","recorded_date":null,"anniversary_or_expiry":null,"area_ha":null,"tenure_type":null,"source":"GESTIM active titles (MRNF digital data dump). Not legal title.","as_of":"2026-09-20","role":"focus","color":"#e8b040"}},{"type":"Feature","properties":{"claim_id":"2562866","claim_name":"Décision 32-22376 - PL 103","holder":"Exploration Midland inc.","status":"Active","recorded_date":"2020-04-22T00:00:00","anniversary_or_expiry":"2028-04-21T00:00:00","area_ha":55.76,"tenure_type":"Cell 30\" X 30\"","jurisdiction":"Quebec","source":"GESTIM active titles","as_of":"2026-09-16T00:00:00","role":"neighbor","company_id":"barrick","color":"#5ec8c5"},"geometry":{"type":"Polygon","coordinates":[[[-75.75,49.625],[-75.74167,49.625],[-75.74167,49.63333],[-75.75,49.63333],[-75.75,49.625]]]}},{"type":"Feature","properties":{"claim_id":"2562867","claim_name":"Décision 32-22376 - PL 103","holder":"Exploration Midland inc.","status":"Active","recorded_date":"2020-04-22T00:00:00","anniversary_or_expiry":"2028-04-21T00:00:00","area_ha":55.76,"tenure_type":"Cell 30\" X 30\"","jurisdiction":"Quebec","source":"GESTIM active titles","as_of":"2026-09-16T00:00:00","role":"neighbor","company_id":"barrick","color":"#5ec8c5"},"geometry":{"type":"Polygon","coordinates":[[[-75.74167,49.625],[-75.73333,49.625],[-75.73333,49.63333],[-75.74167,49.63333],[-75.74167,49.625]]]}},{"type":"Feature","properties":{"claim_id":"2562868","claim_name":"Décision 32-22376 - PL 103","holder":"Exploration Midland inc.","status":"Active","recorded_date":"2020-04-22T00:00:00","anniversary_or_expiry":"2028-04-21T00:00:00","area_ha":55.76,"tenure_type":"Cell 30\" X 30\"","jurisdiction":"Quebec","source":"GESTIM active titles","as_of":"2026-09-16T00:00:00","role":"neighbor","company_id":"barrick","color":"#5ec8c5"},"geometry":{"type":"Polygon","coordinates":[[[-75.73333,49.625],[-75.725,49.625],[-75.725,49.63333],[-75.73333,49.63333],[-75.73333,49.625]]]}},{"type":"Feature","properties":{"claim_id":"2562869","claim_name":"Décision 32-22376 - PL 103","holder":"Exploration Midland inc.","status":"Active","recorded_date":"2020-04-22T00:00:00","anniversary_or_expiry":"2028-04-21T00:00:00","area_ha":55.76,"tenure_type":"Cell 30\" X 30\"","jurisdiction":"Quebec","source":"GESTIM active titles","as_of":"2026-09-16T00:00:00","role":"neighbor","company_id":"barrick","color":"#5ec8c5"},"geometry":{"type":"Polygon","coordinates":[[[-75.725,49.625],[-75.71667,49.625],[-75.71667,49.63333],[-75.725,49.63333],[-75.725,49.625]]]}},{"type":"Feature","properties":{"claim_id":"2562870","claim_name":"Décision 32-22376 - PL 103","holder":"Exploration Midland inc.","status":"Active","recorded_date":"2020-04-22T00:00:00","anniversary_or_expiry":"2028-04-21T00:00:00","area_ha":55.76,"tenure_type":"Cell 30\" X 30\"","jurisdiction":"Quebec","source":"GESTIM active titles","as_of":"2026-09-16T00:00:00","role":"neighbor","company_id":"barrick","color":"#5ec8c5"},"geometry":{"type":"Polygon","coordinates":[[[-75.71667,49.625],[-75.70833,49.625],[-75.70833,49.63333],[-75.71667,49.63333],[-75.71667,49.625]]]}},{"type":"Feature","properties":{"claim_id":"2562760","claim_name":"Décision 32-22376 - PL 103","holder":"Exploration Midland inc.","status":"Active","recorded_date":"2020-04-22T00:00:00","anniversary_or_expiry":"2028-04-21T00:00:00","area_ha":55.76,"tenure_type":"Cell 30\" X 30\"","jurisdiction":"Quebec","source":"GESTIM active titles","as_of":"2026-09-16T00:00:00","role":"neighbor","company_id":"barrick","color":"#5ec8c5"},"geometry":{"type":"Polygon","coordinates":[[[-75.68333,49.625],[-75.675,49.625],[-75.675,49.63333],[-75.68333,49.63333],[-75.68333,49.625]]]}},{"type":"Feature","properties":{"claim_id":"2562761","claim_name":"Décision 32-22376 - PL 103","holder":"Exploration Midland inc.","status":"Active","recorded_date":"2020-04-22T00:00:00","anniversary_or_expiry":"2028-04-21T00:00:00","area_ha":55.76,"tenure_type":"Cell 30\" X 30\"","jurisdiction":"Quebec","source":"GESTIM active titles","as_of":"2026-09-16T00:00:00","role":"neighbor","company_id":"barrick","color":"#5ec8c5"},"geometry":{"type":"Polygon","coordinates":[[[-75.675,49.625],[-75.66667,49.625],[-75.66667,49.63333],[-75.675,49.63333],[-75.675,49.625]]]}},{"type":"Feature","properties":{"claim_id":"2562762","claim_name":"Décision 32-22376 - PL 103","holder":"Exploration Midland inc.","status":"Active","recorded_date":"2020-04-22T00:00:00","anniversary_or_expiry":"2028-04-21T00:00:00","area_ha":55.76,"tenure_type":"Cell 30\" X 30\"","jurisdiction":"Quebec","source":"GESTIM active titles","as_of":"2026-09-16T00:00:00","role":"neighbor","company_id":"barrick","color":"#5ec8c5"},"geometry":{"type":"Polygon","coordinates":[[[-75.66667,49.625],[-75.65833,49.625],[-75.65833,49.63333],[-75.66667,49.63333],[-75.66667,49.625]]]}},{"type":"Feature","properties":{"claim_id":"2562763","claim_name":"Décision 32-22376 - PL 103","holder":"Exploration Midland inc.","status":"Active","recorded_date":"2020-04-22T00:00:00","anniversary_or_expiry":"2028-04-21T00:00:00","area_ha":55.76,"tenure_type":"Cell 30\" X 30\"","jurisdiction":"Quebec","source":"GESTIM active titles","as_of":"2026-09-16T00:00:00","role":"neighbor","company_id":"barrick","color":"#5ec8c5"},"geometry":{"type":"Polygon","coordinates":[[[-75.65833,49.625],[-75.65,49.625],[-75.65,49.63333],[-75.65833,49.63333],[-75.65833,49.625]]]}},{"type":"Feature","properties":{"claim_id":"2562878","claim_name":"Décision 32-22376 - PL 103","holder":"Exploration Midland inc.","status":"Active","recorded_date":"2020-04-22T00:00:00","anniversary_or_expiry":"2028-04-21T00:00:00","area_ha":55.75,"tenure_type":"Cell 30\" X 30\"","jurisdiction":"Quebec","source":"GESTIM active titles","as_of":"2026-09-16T00:00:00","role":"neighbor","company_id":"barrick","color":"#5ec8c5"},"geometry":{"type":"Polygon","coordinates":[[[-75.75,49.63333],[-75.74167,49.63333],[-75.74167,49.64167],[-75.75,49.64167],[-75.75,49.63333]]]}},{"type":"Feature","properties":{"claim_id":"2562879","claim_name":"Décision 32-22376 - PL 103","holder":"Exploration Midland inc.","status":"Active","recorded_date":"2020-04-22T00:00:00","anniversary_or_expiry":"2028-04-21T00:00:00","area_ha":55.75,"tenure_type":"Cell 30\" X 30\"","jurisdiction":"Quebec","source":"GESTIM active titles","as_of":"2026-09-16T00:00:00","role":"neighbor","company_id":"barrick","color":"#5ec8c5"},"geometry":{"type":"Polygon","coordinates":[[[-75.74167,49.63333],[-75.73333,49.63333],[-75.73333,49.64167],[-75.74167,49.64167],[-75.74167,49.63333]]]}},{"type":"Feature","properties":{"claim_id":"2562880","claim_name":"Décision 32-22376 - PL 103","holder":"Exploration Midland inc.","status":"Active","recorded_date":"2020-04-22T00:00:00","anniversary_or_expiry":"2028-04-21T00:00:00","area_ha":55.75,"tenure_type":"Cell 30\" X 30\"","jurisdiction":"Quebec","source":"GESTIM active titles","as_of":"2026-09-16T00:00:00","role":"neighbor","company_id":"barrick","color":"#5ec8c5"},"geometry":{"type":"Polygon","coordinates":[[[-75.73333,49.63333],[-75.725,49.63333],[-75.725,49.64167],[-75.73333,49.64167],[-75.73333,49.63333]]]}},{"type":"Feature","properties":{"claim_id":"2562881","claim_name":"Décision 32-22376 - PL 103","holder":"Exploration Midland inc.","status":"Active","recorded_date":"2020-04-22T00:00:00","anniversary_or_expiry":"2028-04-21T00:00:00","area_ha":55.75,"tenure_type":"Cell 30\" X 30\"","jurisdiction":"Quebec","source":"GESTIM active titles","as_of":"2026-09-16T00:00:00","role":"neighbor","company_id":"barrick","color":"#5ec8c5"},"geometry":{"type":"Polygon","coordinates":[[[-75.725,49.63333],[-75.71667,49.63333],[-75.71667,49.64167],[-75.725,49.64167],[-75.725,49.63333]]]}},{"type":"Feature","properties":{"claim_id":"2562882","claim_name":"Décision 32-22376 - PL 103","holder":"Exploration Midland inc.","status":"Active","recorded_date":"2020-04-22T00:00:00","anniversary_or_expiry":"2028-04-21T00:00:00","area_ha":55.75,"tenure_type":"Cell 30\" X 30\"","jurisdiction":"Quebec","source":"GESTIM active titles","as_of":"2026-09-16T00:00:00","role":"neighbor","company_id":"barrick","color":"#5ec8c5"},"geometry":{"type":"Polygon","coordinates":[[[-75.71667,49.63333],[-75.70833,49.63333],[-75.70833,49.64167],[-75.71667,49.64167],[-75.71667,49.63333]]]}},{"type":"Feature","properties":{"claim_id":"2562883","claim_name":"Décision 32-22376 - PL 103","holder":"Exploration Midland inc.","status":"Active","recorded_date":"2020-04-22T00:00:00","anniversary_or_expiry":"2028-04-21T00:00:00","area_ha":55.75,"tenure_type":"Cell 30\" X 30\"","jurisdiction":"Quebec","source":"GESTIM active titles","as_of":"2026-09-16T00:00:00","role":"neighbor","company_id":"barrick","color":"#5ec8c5"},"geometry":{"type":"Polygon","coordinates":[[[-75.70833,49.63333],[-75.7,49.63333],[-75.7,49.64167],[-75.70833,49.64167],[-75.70833,49.63333]]]}},{"type":"Feature","properties":{"claim_id":"2562884","claim_name":"Décision 32-22376 - PL 103","holder":"Exploration Midland inc.","status":"Active","recorded_date":"2020-04-22T00:00:00","anniversary_or_expiry":"2028-04-21T00:00:00","area_ha":55.75,"tenure_type":"Cell 30\" X 30\"","jurisdiction":"Quebec","source":"GESTIM active titles","as_of":"2026-09-16T00:00:00","role":"neighbor","company_id":"barrick","color":"#5ec8c5"},"geometry":{"type":"Polygon","coordinates":[[[-75.7,49.63333],[-75.69167,49.63333],[-75.69167,49.64167],[-75.7,49.64167],[-75.7,49.63333]]]}},{"type":"Feature","properties":{"claim_id":"2562885","claim_name":"Décision 32-22376 - PL 103","holder":"Exploration Midland inc.","status":"Active","recorded_date":"2020-04-22T00:00:00","anniversary_or_expiry":"2028-04-21T00:00:00","area_ha":55.75,"tenure_type":"Cell 30\" X 30\"","jurisdiction":"Quebec","source":"GESTIM active titles","as_of":"2026-09-16T00:00:00","role":"neighbor","company_id":"barrick","color":"#5ec8c5"},"geometry":{"type":"Polygon","coordinates":[[[-75.69167,49.63333],[-75.68333,49.63333],[-75.68333,49.64167],[-75.69167,49.64167],[-75.69167,49.63333]]]}},{"type":"Feature","properties":{"claim_id":"2562774","claim_name":"Décision 32-22376 - PL 103","holder":"Exploration Midland inc.","status":"Active","recorded_date":"2020-04-22T00:00:00","anniversary_or_expiry":"2028-04-21T00:00:00","area_ha":55.75,"tenure_type":"Cell 30\" X 30\"","jurisdiction":"Quebec","source":"GESTIM active titles","as_of":"2026-09-16T00:00:00","role":"neighbor","company_id":"barrick","color":"#5ec8c5"},"geometry":{"type":"Polygon","coordinates":[[[-75.68333,49.63333],[-75.675,49.63333],[-75.675,49.64167],[-75.68333,49.64167],[-75.68333,49.63333]]]}},{"type":"Feature","properties":{"claim_id":"2562775","claim_name":"Décision 32-22376 - PL 103","holder":"Exploration Midland inc.","status":"Active","recorded_date":"2020-04-22T00:00:00","anniversary_or_expiry":"2028-04-21T00:00:00","area_ha":55.75,"tenure_type":"Cell 30\" X 30\"","jurisdiction":"Quebec","source":"GESTIM active titles","as_of":"2026-09-16T00:00:00","role":"neighbor","company_id":"barrick","color":"#5ec8c5"},"geometry":{"type":"Polygon","coordinates":[[[-75.675,49.63333],[-75.66667,49.63333],[-75.66667,49.64167],[-75.675,49.64167],[-75.675,49.63333]]]}},{"type":"Feature","properties":{"claim_id":"2562776","claim_name":"Décision 32-22376 - PL 103","holder":"Exploration Midland inc.","status":"Active","recorded_date":"2020-04-22T00:00:00","anniversary_or_expiry":"2028-04-21T00:00:00","area_ha":55.75,"tenure_type":"Cell 30\" X 30\"","jurisdiction":"Quebec","source":"GESTIM active titles","as_of":"2026-09-16T00:00:00","role":"neighbor","company_id":"barrick","color":"#5ec8c5"},"geometry":{"type":"Polygon","coordinates":[[[-75.66667,49.63333],[-75.65833,49.63333],[-75.65833,49.64167],[-75.66667,49.64167],[-75.66667,49.63333]]]}},{"type":"Feature","properties":{"claim_id":"2562777","claim_name":"Décision 32-22376 - PL 103","holder":"Exploration Midland inc.","status":"Active","recorded_date":"2020-04-22T00:00:00","anniversary_or_expiry":"2028-04-21T00:00:00","area_ha":55.75,"tenure_type":"Cell 30\" X 30\"","jurisdiction":"Quebec","source":"GESTIM active titles","as_of":"2026-09-16T00:00:00","role":"neighbor","company_id":"barrick","color":"#5ec8c5"},"geometry":{"type":"Polygon","coordinates":[[[-75.65833,49.63333],[-75.65,49.63333],[-75.65,49.64167],[-75.65833,49.64167],[-75.65833,49.63333]]]}},{"type":"Feature","properties":{"claim_id":"2562894","claim_name":"Décision 32-22376 - PL 103","holder":"Exploration Midland inc.","status":"Active","recorded_date":"2020-04-22T00:00:00","anniversary_or_expiry":"2028-04-21T00:00:00","area_ha":55.74,"tenure_type":"Cell 30\" X 30\"","jurisdiction":"Quebec","source":"GESTIM active titles","as_of":"2026-09-16T00:00:00","role":"neighbor","company_id":"barrick","color":"#5ec8c5"},"geometry":{"type":"Polygon","coordinates":[[[-75.74167,49.64167],[-75.73333,49.64167],[-75.73333,49.65],[-75.74167,49.65],[-75.74167,49.64167]]]}},{"type":"Feature","properties":{"claim_id":"2562895","claim_name":"Décision 32-22376 - PL 103","holder":"Exploration Midland inc.","status":"Active","recorded_date":"2020-04-22T00:00:00","anniversary_or_expiry":"2028-04-21T00:00:00","area_ha":55.74,"tenure_type":"Cell 30\" X 30\"","jurisdiction":"Quebec","source":"GESTIM active titles","as_of":"2026-09-16T00:00:00","role":"neighbor","company_id":"barrick","color":"#5ec8c5"},"geometry":{"type":"Polygon","coordinates":[[[-75.73333,49.64167],[-75.725,49.64167],[-75.725,49.65],[-75.73333,49.65],[-75.73333,49.64167]]]}},{"type":"Feature","properties":{"claim_id":"2562896","claim_name":"Décision 32-22376 - PL 103","holder":"Exploration Midland inc.","status":"Active","recorded_date":"2020-04-22T00:00:00","anniversary_or_expiry":"2028-04-21T00:00:00","area_ha":55.74,"tenure_type":"Cell 30\" X 30\"","jurisdiction":"Quebec","source":"GESTIM active titles","as_of":"2026-09-16T00:00:00","role":"neighbor","company_id":"barrick","color":"#5ec8c5"},"geometry":{"type":"Polygon","coordinates":[[[-75.725,49.64167],[-75.71667,49.64167],[-75.71667,49.65],[-75.725,49.65],[-75.725,49.64167]]]}},{"type":"Feature","properties":{"claim_id":"2562897","claim_name":"Décision 32-22376 - PL 103","holder":"Exploration Midland inc.","status":"Active","recorded_date":"2020-04-22T00:00:00","anniversary_or_expiry":"2028-04-21T00:00:00","area_ha":55.74,"tenure_type":"Cell 30\" X 30\"","jurisdiction":"Quebec","source":"GESTIM active titles","as_of":"2026-09-16T00:00:00","role":"neighbor","company_id":"barrick","color":"#5ec8c5"},"geometry":{"type":"Polygon","coordinates":[[[-75.71667,49.64167],[-75.70833,49.64167],[-75.70833,49.65],[-75.71667,49.65],[-75.71667,49.64167]]]}},{"type":"Feature","properties":{"claim_id":"2562899","claim_name":"Décision 32-22376 - PL 103","holder":"Exploration Midland inc.","status":"Active","recorded_date":"2020-04-22T00:00:00","anniversary_or_expiry":"2028-04-21T00:00:00","area_ha":55.74,"tenure_type":"Cell 30\" X 30\"","jurisdiction":"Quebec","source":"GESTIM active titles","as_of":"2026-09-16T00:00:00","role":"neighbor","company_id":"barrick","color":"#5ec8c5"},"geometry":{"type":"Polygon","coordinates":[[[-75.7,49.64167],[-75.69167,49.64167],[-75.69167,49.65],[-75.7,49.65],[-75.7,49.64167]]]}},{"type":"Feature","properties":{"claim_id":"2562900","claim_name":"Décision 32-22376 - PL 103","holder":"Exploration Midland inc.","status":"Active","recorded_date":"2020-04-22T00:00:00","anniversary_or_expiry":"2028-04-21T00:00:00","area_ha":55.74,"tenure_type":"Cell 30\" X 30\"","jurisdiction":"Quebec","source":"GESTIM active titles","as_of":"2026-09-16T00:00:00","role":"neighbor","company_id":"barrick","color":"#5ec8c5"},"geometry":{"type":"Polygon","coordinates":[[[-75.69167,49.64167],[-75.68333,49.64167],[-75.68333,49.65],[-75.69167,49.65],[-75.69167,49.64167]]]}},{"type":"Feature","properties":{"claim_id":"2885953","claim_name":"32G12 X 0009 0026 0","holder":"Michael Ferreira","status":"Active","recorded_date":"2026-09-01T00:00:00","anniversary_or_expiry":"2029-08-31T00:00:00","area_ha":55.83,"tenure_type":"Cell 30\" X 30\"","jurisdiction":"Quebec","source":"GESTIM active titles","as_of":"2026-09-16T00:00:00","role":"neighbor","company_id":"barrick","color":"#7cb342"},"geometry":{"type":"Polygon","coordinates":[[[-75.79167,49.56667],[-75.78333,49.56667],[-75.78333,49.575],[-75.79167,49.575],[-75.79167,49.56667]]]}},{"type":"Feature","properties":{"claim_id":"2885954","claim_name":"32G12 X 0009 0027 0","holder":"Michael Ferreira","status":"Active","recorded_date":"2026-09-01T00:00:00","anniversary_or_expiry":"2029-08-31T00:00:00","area_ha":55.83,"tenure_type":"Cell 30\" X 30\"","jurisdiction":"Quebec","source":"GESTIM active titles","as_of":"2026-09-16T00:00:00","role":"neighbor","company_id":"barrick","color":"#7cb342"},"geometry":{"type":"Polygon","coordinates":[[[-75.78333,49.56667],[-75.775,49.56667],[-75.775,49.575],[-75.78333,49.575],[-75.78333,49.56667]]]}},{"type":"Feature","properties":{"claim_id":"2885956","claim_name":"32G12 X 0009 0029 0","holder":"Michael Ferreira","status":"Active","recorded_date":"2026-09-01T00:00:00","anniversary_or_expiry":"2029-08-31T00:00:00","area_ha":55.83,"tenure_type":"Cell 30\" X 30\"","jurisdiction":"Quebec","source":"GESTIM active titles","as_of":"2026-09-16T00:00:00","role":"neighbor","company_id":"barrick","color":"#7cb342"},"geometry":{"type":"Polygon","coordinates":[[[-75.76667,49.56667],[-75.75833,49.56667],[-75.75833,49.575],[-75.76667,49.575],[-75.76667,49.56667]]]}},{"type":"Feature","properties":{"claim_id":"2885957","claim_name":"32G12 X 0009 0030 0","holder":"Michael Ferreira","status":"Active","recorded_date":"2026-09-01T00:00:00","anniversary_or_expiry":"2029-08-31T00:00:00","area_ha":55.83,"tenure_type":"Cell 30\" X 30\"","jurisdiction":"Quebec","source":"GESTIM active titles","as_of":"2026-09-16T00:00:00","role":"neighbor","company_id":"barrick","color":"#7cb342"},"geometry":{"type":"Polygon","coordinates":[[[-75.75833,49.56667],[-75.75,49.56667],[-75.75,49.575],[-75.75833,49.575],[-75.75833,49.56667]]]}},{"type":"Feature","properties":{"claim_id":"2885965","claim_name":"32G12 X 0010 0024 0","holder":"Michael Ferreira","status":"Active","recorded_date":"2026-09-01T00:00:00","anniversary_or_expiry":"2029-08-31T00:00:00","area_ha":55.82,"tenure_type":"Cell 30\" X 30\"","jurisdiction":"Quebec","source":"GESTIM active titles","as_of":"2026-09-16T00:00:00","role":"neighbor","company_id":"barrick","color":"#7cb342"},"geometry":{"type":"Polygon","coordinates":[[[-75.80833,49.575],[-75.8,49.575],[-75.8,49.58333],[-75.80833,49.58333],[-75.80833,49.575]]]}},{"type":"Feature","properties":{"claim_id":"2885967","claim_name":"32G12 X 0010 0026 0","holder":"Michael Ferreira","status":"Active","recorded_date":"2026-09-01T00:00:00","anniversary_or_expiry":"2029-08-31T00:00:00","area_ha":55.82,"tenure_type":"Cell 30\" X 30\"","jurisdiction":"Quebec","source":"GESTIM active titles","as_of":"2026-09-16T00:00:00","role":"neighbor","company_id":"barrick","color":"#7cb342"},"geometry":{"type":"Polygon","coordinates":[[[-75.79167,49.575],[-75.78333,49.575],[-75.78333,49.58333],[-75.79167,49.58333],[-75.79167,49.575]]]}},{"type":"Feature","properties":{"claim_id":"2885968","claim_name":"32G12 X 0010 0027 0","holder":"Michael Ferreira","status":"Active","recorded_date":"2026-09-01T00:00:00","anniversary_or_expiry":"2029-08-31T00:00:00","area_ha":55.82,"tenure_type":"Cell 30\" X 30\"","jurisdiction":"Quebec","source":"GESTIM active titles","as_of":"2026-09-16T00:00:00","role":"neighbor","company_id":"barrick","color":"#7cb342"},"geometry":{"type":"Polygon","coordinates":[[[-75.78333,49.575],[-75.775,49.575],[-75.775,49.58333],[-75.78333,49.58333],[-75.78333,49.575]]]}},{"type":"Feature","properties":{"claim_id":"2885969","claim_name":"32G12 X 0010 0028 0","holder":"Michael Ferreira","status":"Active","recorded_date":"2026-09-01T00:00:00","anniversary_or_expiry":"2029-08-31T00:00:00","area_ha":55.82,"tenure_type":"Cell 30\" X 30\"","jurisdiction":"Quebec","source":"GESTIM active titles","as_of":"2026-09-16T00:00:00","role":"neighbor","company_id":"barrick","color":"#7cb342"},"geometry":{"type":"Polygon","coordinates":[[[-75.775,49.575],[-75.76667,49.575],[-75.76667,49.58333],[-75.775,49.58333],[-75.775,49.575]]]}},{"type":"Feature","properties":{"claim_id":"2885970","claim_name":"32G12 X 0010 0029 0","holder":"Michael Ferreira","status":"Active","recorded_date":"2026-09-01T00:00:00","anniversary_or_expiry":"2029-08-31T00:00:00","area_ha":55.82,"tenure_type":"Cell 30\" X 30\"","jurisdiction":"Quebec","source":"GESTIM active titles","as_of":"2026-09-16T00:00:00","role":"neighbor","company_id":"barrick","color":"#7cb342"},"geometry":{"type":"Polygon","coordinates":[[[-75.76667,49.575],[-75.75833,49.575],[-75.75833,49.58333],[-75.76667,49.58333],[-75.76667,49.575]]]}},{"type":"Feature","properties":{"claim_id":"2885971","claim_name":"32G12 X 0010 0030 0","holder":"Michael Ferreira","status":"Active","recorded_date":"2026-09-01T00:00:00","anniversary_or_expiry":"2029-08-31T00:00:00","area_ha":55.82,"tenure_type":"Cell 30\" X 30\"","jurisdiction":"Quebec","source":"GESTIM active titles","as_of":"2026-09-16T00:00:00","role":"neighbor","company_id":"barrick","color":"#7cb342"},"geometry":{"type":"Polygon","coordinates":[[[-75.75833,49.575],[-75.75,49.575],[-75.75,49.58333],[-75.75833,49.58333],[-75.75833,49.575]]]}},{"type":"Feature","properties":{"claim_id":"2562826","claim_name":"Décision 32-22376 - PL 103","holder":"Exploration Midland inc.","status":"Active","recorded_date":"2020-04-22T00:00:00","anniversary_or_expiry":"2028-04-21T00:00:00","area_ha":55.81,"tenure_type":"Cell 30\" X 30\"","jurisdiction":"Quebec","source":"GESTIM active titles","as_of":"2026-09-16T00:00:00","role":"neighbor","company_id":"barrick","color":"#5ec8c5"},"geometry":{"type":"Polygon","coordinates":[[[-75.81667,49.58333],[-75.80833,49.58333],[-75.80833,49.59167],[-75.81667,49.59167],[-75.81667,49.58333]]]}},{"type":"Feature","properties":{"claim_id":"2562827","claim_name":"Décision 32-22376 - PL 103","holder":"Exploration Midland inc.","status":"Active","recorded_date":"2020-04-22T00:00:00","anniversary_or_expiry":"2028-04-21T00:00:00","area_ha":55.81,"tenure_type":"Cell 30\" X 30\"","jurisdiction":"Quebec","source":"GESTIM active titles","as_of":"2026-09-16T00:00:00","role":"neighbor","company_id":"barrick","color":"#5ec8c5"},"geometry":{"type":"Polygon","coordinates":[[[-75.80833,49.58333],[-75.8,49.58333],[-75.8,49.59167],[-75.80833,49.59167],[-75.80833,49.58333]]]}},{"type":"Feature","properties":{"claim_id":"2562828","claim_name":"Décision 32-22376 - PL 103","holder":"Exploration Midland inc.","status":"Active","recorded_date":"2020-04-22T00:00:00","anniversary_or_expiry":"2028-04-21T00:00:00","area_ha":55.81,"tenure_type":"Cell 30\" X 30\"","jurisdiction":"Quebec","source":"GESTIM active titles","as_of":"2026-09-16T00:00:00","role":"neighbor","company_id":"barrick","color":"#5ec8c5"},"geometry":{"type":"Polygon","coordinates":[[[-75.8,49.58333],[-75.79167,49.58333],[-75.79167,49.59167],[-75.8,49.59167],[-75.8,49.58333]]]}},{"type":"Feature","properties":{"claim_id":"2885977","claim_name":"32G12 X 0011 0026 0","holder":"Michael Ferreira","status":"Active","recorded_date":"2026-09-01T00:00:00","anniversary_or_expiry":"2029-08-31T00:00:00","area_ha":55.81,"tenure_type":"Cell 30\" X 30\"","jurisdiction":"Quebec","source":"GESTIM active titles","as_of":"2026-09-16T00:00:00","role":"neighbor","company_id":"barrick","color":"#7cb342"},"geometry":{"type":"Polygon","coordinates":[[[-75.79167,49.58333],[-75.78333,49.58333],[-75.78333,49.59167],[-75.79167,49.59167],[-75.79167,49.58333]]]}},{"type":"Feature","properties":{"claim_id":"2885978","claim_name":"32G12 X 0011 0027 0","holder":"Michael Ferreira","status":"Active","recorded_date":"2026-09-01T00:00:00","anniversary_or_expiry":"2029-08-31T00:00:00","area_ha":55.81,"tenure_type":"Cell 30\" X 30\"","jurisdiction":"Quebec","source":"GESTIM active titles","as_of":"2026-09-16T00:00:00","role":"neighbor","company_id":"barrick","color":"#7cb342"},"geometry":{"type":"Polygon","coordinates":[[[-75.78333,49.58333],[-75.775,49.58333],[-75.775,49.59167],[-75.78333,49.59167],[-75.78333,49.58333]]]}},{"type":"Feature","properties":{"claim_id":"2562832","claim_name":"Décision 32-22376 - PL 103","holder":"Exploration Midland inc.","status":"Active","recorded_date":"2020-04-22T00:00:00","anniversary_or_expiry":"2028-04-21T00:00:00","area_ha":55.81,"tenure_type":"Cell 30\" X 30\"","jurisdiction":"Quebec","source":"GESTIM active titles","as_of":"2026-09-16T00:00:00","role":"neighbor","company_id":"barrick","color":"#5ec8c5"},"geometry":{"type":"Polygon","coordinates":[[[-75.76667,49.58333],[-75.75833,49.58333],[-75.75833,49.59167],[-75.76667,49.59167],[-75.76667,49.58333]]]}},{"type":"Feature","properties":{"claim_id":"2782762","claim_name":"32G12 X 0011 0030 0","holder":"Entreprises Minières Globex Inc","status":"Active","recorded_date":"2023-07-29T00:00:00","anniversary_or_expiry":"2026-07-28T00:00:00","area_ha":55.81,"tenure_type":"Cell 30\" X 30\"","jurisdiction":"Quebec","source":"GESTIM active titles","as_of":"2026-09-16T00:00:00","role":"neighbor","company_id":"barrick","color":"#c27ae0"},"geometry":{"type":"Polygon","coordinates":[[[-75.75833,49.58333],[-75.75,49.58333],[-75.75,49.59167],[-75.75833,49.59167],[-75.75833,49.58333]]]}},{"type":"Feature","properties":{"claim_id":"2514155","claim_name":"Décision 32-22376 - Période de validité suspendue du 9 avril 2020 au 9 avril 2021, Déc. minis. 2020-04-09, (32-22283)","holder":"Entreprises Minières Globex Inc","status":"Active","recorded_date":"2018-03-07T00:00:00","anniversary_or_expiry":"2028-03-06T00:00:00","area_ha":55.8,"tenure_type":"Cell 30\" X 30\"","jurisdiction":"Quebec","source":"GESTIM active titles","as_of":"2026-09-16T00:00:00","role":"neighbor","company_id":"barrick","color":"#c27ae0"},"geometry":{"type":"Polygon","coordinates":[[[-75.81667,49.59167],[-75.80833,49.59167],[-75.80833,49.6],[-75.81667,49.6],[-75.81667,49.59167]]]}},{"type":"Feature","properties":{"claim_id":"2514156","claim_name":"Décision 32-22376 - Période de validité suspendue du 9 avril 2020 au 9 avril 2021, Déc. minis. 2020-04-09, (32-22283)","holder":"Entreprises Minières Globex Inc","status":"Active","recorded_date":"2018-03-07T00:00:00","anniversary_or_expiry":"2028-03-06T00:00:00","area_ha":55.8,"tenure_type":"Cell 30\" X 30\"","jurisdiction":"Quebec","source":"GESTIM active titles","as_of":"2026-09-16T00:00:00","role":"neighbor","company_id":"barrick","color":"#c27ae0"},"geometry":{"type":"Polygon","coordinates":[[[-75.80833,49.59167],[-75.8,49.59167],[-75.8,49.6],[-75.80833,49.6],[-75.80833,49.59167]]]}},{"type":"Feature","properties":{"claim_id":"2516223","claim_name":"Décision 32-22376 - Période de validité suspendue du 9 avril 2020 au 9 avril 2021, Déc. minis. 2020-04-09, (32-22283)","holder":"Entreprises Minières Globex Inc","status":"Active","recorded_date":"2018-04-10T00:00:00","anniversary_or_expiry":"2028-04-09T00:00:00","area_ha":55.8,"tenure_type":"Cell 30\" X 30\"","jurisdiction":"Quebec","source":"GESTIM active titles","as_of":"2026-09-16T00:00:00","role":"neighbor","company_id":"barrick","color":"#c27ae0"},"geometry":{"type":"Polygon","coordinates":[[[-75.79167,49.59167],[-75.78333,49.59167],[-75.78333,49.6],[-75.79167,49.6],[-75.79167,49.59167]]]}},{"type":"Feature","properties":{"claim_id":"2516224","claim_name":"Décision 32-22376 - Période de validité suspendue du 9 avril 2020 au 9 avril 2021, Déc. minis. 2020-04-09, (32-22283)","holder":"Entreprises Minières Globex Inc","status":"Active","recorded_date":"2018-04-10T00:00:00","anniversary_or_expiry":"2028-04-09T00:00:00","area_ha":55.8,"tenure_type":"Cell 30\" X 30\"","jurisdiction":"Quebec","source":"GESTIM active titles","as_of":"2026-09-16T00:00:00","role":"neighbor","company_id":"barrick","color":"#c27ae0"},"geometry":{"type":"Polygon","coordinates":[[[-75.78333,49.59167],[-75.775,49.59167],[-75.775,49.6],[-75.78333,49.6],[-75.78333,49.59167]]]}},{"type":"Feature","properties":{"claim_id":"2562839","claim_name":"Décision 32-22376 - PL 103","holder":"Exploration Midland inc.","status":"Active","recorded_date":"2020-04-22T00:00:00","anniversary_or_expiry":"2028-04-21T00:00:00","area_ha":55.8,"tenure_type":"Cell 30\" X 30\"","jurisdiction":"Quebec","source":"GESTIM active titles","as_of":"2026-09-16T00:00:00","role":"neighbor","company_id":"barrick","color":"#5ec8c5"},"geometry":{"type":"Polygon","coordinates":[[[-75.775,49.59167],[-75.76667,49.59167],[-75.76667,49.6],[-75.775,49.6],[-75.775,49.59167]]]}},{"type":"Feature","properties":{"claim_id":"2562840","claim_name":"Décision 32-22376 - PL 103","holder":"Exploration Midland inc.","status":"Active","recorded_date":"2020-04-22T00:00:00","anniversary_or_expiry":"2028-04-21T00:00:00","area_ha":55.8,"tenure_type":"Cell 30\" X 30\"","jurisdiction":"Quebec","source":"GESTIM active titles","as_of":"2026-09-16T00:00:00","role":"neighbor","company_id":"barrick","color":"#5ec8c5"},"geometry":{"type":"Polygon","coordinates":[[[-75.76667,49.59167],[-75.75833,49.59167],[-75.75833,49.6],[-75.76667,49.6],[-75.76667,49.59167]]]}},{"type":"Feature","properties":{"claim_id":"2782763","claim_name":"32G12 X 0012 0030 0","holder":"Entreprises Minières Globex Inc","status":"Active","recorded_date":"2023-07-29T00:00:00","anniversary_or_expiry":"2026-07-28T00:00:00","area_ha":55.8,"tenure_type":"Cell 30\" X 30\"","jurisdiction":"Quebec","source":"GESTIM active titles","as_of":"2026-09-16T00:00:00","role":"neighbor","company_id":"barrick","color":"#c27ae0"},"geometry":{"type":"Polygon","coordinates":[[[-75.75833,49.59167],[-75.75,49.59167],[-75.75,49.6],[-75.75833,49.6],[-75.75833,49.59167]]]}},{"type":"Feature","properties":{"claim_id":"2505964","claim_name":"Décision 32-22376 - Période de validité suspendue du 9 avril 2020 au 9 avril 2021, Déc. minis. 2020-04-09, (32-22283)","holder":"Entreprises Minières Globex Inc","status":"Active","recorded_date":"2017-11-22T00:00:00","anniversary_or_expiry":"2027-11-21T00:00:00","area_ha":55.79,"tenure_type":"Cell 30\" X 30\"","jurisdiction":"Quebec","source":"GESTIM active titles","as_of":"2026-09-16T00:00:00","role":"neighbor","company_id":"barrick","color":"#c27ae0"},"geometry":{"type":"Polygon","coordinates":[[[-75.825,49.6],[-75.81667,49.6],[-75.81667,49.60833],[-75.825,49.60833],[-75.825,49.6]]]}},{"type":"Feature","properties":{"claim_id":"2505961","claim_name":"Décision 32-22376 - Période de validité suspendue du 9 avril 2020 au 9 avril 2021, Déc. minis. 2020-04-09, (32-22283)","holder":"Entreprises Minières Globex Inc","status":"Active","recorded_date":"2017-11-22T00:00:00","anniversary_or_expiry":"2027-11-21T00:00:00","area_ha":55.79,"tenure_type":"Cell 30\" X 30\"","jurisdiction":"Quebec","source":"GESTIM active titles","as_of":"2026-09-16T00:00:00","role":"neighbor","company_id":"barrick","color":"#c27ae0"},"geometry":{"type":"Polygon","coordinates":[[[-75.81667,49.6],[-75.80833,49.6],[-75.80833,49.60833],[-75.81667,49.60833],[-75.81667,49.6]]]}},{"type":"Feature","properties":{"claim_id":"2505965","claim_name":"Décision 32-22376 - Période de validité suspendue du 9 avril 2020 au 9 avril 2021, Déc. minis. 2020-04-09, (32-22283)","holder":"Entreprises Minières Globex Inc","status":"Active","recorded_date":"2017-11-22T00:00:00","anniversary_or_expiry":"2027-11-21T00:00:00","area_ha":55.79,"tenure_type":"Cell 30\" X 30\"","jurisdiction":"Quebec","source":"GESTIM active titles","as_of":"2026-09-16T00:00:00","role":"neighbor","company_id":"barrick","color":"#c27ae0"},"geometry":{"type":"Polygon","coordinates":[[[-75.80833,49.6],[-75.8,49.6],[-75.8,49.60833],[-75.80833,49.60833],[-75.80833,49.6]]]}},{"type":"Feature","properties":{"claim_id":"2505962","claim_name":"Décision 32-22376 - Période de validité suspendue du 9 avril 2020 au 9 avril 2021, Déc. minis. 2020-04-09, (32-22283)","holder":"Entreprises Minières Globex Inc","status":"Active","recorded_date":"2017-11-22T00:00:00","anniversary_or_expiry":"2027-11-21T00:00:00","area_ha":55.79,"tenure_type":"Cell 30\" X 30\"","jurisdiction":"Quebec","source":"GESTIM active titles","as_of":"2026-09-16T00:00:00","role":"neighbor","company_id":"barrick","color":"#c27ae0"},"geometry":{"type":"Polygon","coordinates":[[[-75.8,49.6],[-75.79167,49.6],[-75.79167,49.60833],[-75.8,49.60833],[-75.8,49.6]]]}},{"type":"Feature","properties":{"claim_id":"2545032","claim_name":"Décision 32-22376 - PL 103 Période de validité suspendue du 9 avril 2020 au 9 avril 2021, Déc. minis. 2020-04-09, (32-22283)","holder":"Entreprises Minières Globex Inc","status":"Active","recorded_date":"2019-10-18T00:00:00","anniversary_or_expiry":"2026-10-17T00:00:00","area_ha":55.78,"tenure_type":"Cell 30\" X 30\"","jurisdiction":"Quebec","source":"GESTIM active titles","as_of":"2026-09-16T00:00:00","role":"neighbor","company_id":"barrick","color":"#c27ae0"},"geometry":{"type":"Polygon","coordinates":[[[-75.825,49.60833],[-75.81667,49.60833],[-75.81667,49.61667],[-75.825,49.61667],[-75.825,49.60833]]]}},{"type":"Feature","properties":{"claim_id":"2545033","claim_name":"Décision 32-22376 - PL 103 Période de validité suspendue du 9 avril 2020 au 9 avril 2021, Déc. minis. 2020-04-09, (32-22283)","holder":"Entreprises Minières Globex Inc","status":"Active","recorded_date":"2019-10-18T00:00:00","anniversary_or_expiry":"2026-10-17T00:00:00","area_ha":55.78,"tenure_type":"Cell 30\" X 30\"","jurisdiction":"Quebec","source":"GESTIM active titles","as_of":"2026-09-16T00:00:00","role":"neighbor","company_id":"barrick","color":"#c27ae0"},"geometry":{"type":"Polygon","coordinates":[[[-75.81667,49.60833],[-75.80833,49.60833],[-75.80833,49.61667],[-75.81667,49.61667],[-75.81667,49.60833]]]}},{"type":"Feature","properties":{"claim_id":"2536607","claim_name":"Décision 32-22376 - PL-103  Période de validité suspendue du 9 avril 2020 au 9 avril 2021, Déc. minis. 2020-04-09, (32-22283)","holder":"Entreprises Minières Globex Inc","status":"Active","recorded_date":"2019-04-25T00:00:00","anniversary_or_expiry":"2028-04-24T00:00:00","area_ha":55.78,"tenure_type":"Cell 30\" X 30\"","jurisdiction":"Quebec","source":"GESTIM active titles","as_of":"2026-09-16T00:00:00","role":"neighbor","company_id":"barrick","color":"#c27ae0"},"geometry":{"type":"Polygon","coordinates":[[[-75.80833,49.60833],[-75.8,49.60833],[-75.8,49.61667],[-75.80833,49.61667],[-75.80833,49.60833]]]}},{"type":"Feature","properties":{"claim_id":"2545035","claim_name":"Décision 32-22376 - PL 103 Période de validité suspendue du 9 avril 2020 au 9 avril 2021, Déc. minis. 2020-04-09, (32-22283)","holder":"Entreprises Minières Globex Inc","status":"Active","recorded_date":"2019-10-18T00:00:00","anniversary_or_expiry":"2026-10-17T00:00:00","area_ha":55.77,"tenure_type":"Cell 30\" X 30\"","jurisdiction":"Quebec","source":"GESTIM active titles","as_of":"2026-09-16T00:00:00","role":"neighbor","company_id":"barrick","color":"#c27ae0"},"geometry":{"type":"Polygon","coordinates":[[[-75.81667,49.61667],[-75.80833,49.61667],[-75.80833,49.625],[-75.81667,49.625],[-75.81667,49.61667]]]}},{"type":"Feature","properties":{"claim_id":"2536608","claim_name":"Décision 32-22376 - PL-103  Période de validité suspendue du 9 avril 2020 au 9 avril 2021, Déc. minis. 2020-04-09, (32-22283)","holder":"Entreprises Minières Globex Inc","status":"Active","recorded_date":"2019-04-25T00:00:00","anniversary_or_expiry":"2028-04-24T00:00:00","area_ha":55.77,"tenure_type":"Cell 30\" X 30\"","jurisdiction":"Quebec","source":"GESTIM active titles","as_of":"2026-09-16T00:00:00","role":"neighbor","company_id":"barrick","color":"#c27ae0"},"geometry":{"type":"Polygon","coordinates":[[[-75.80833,49.61667],[-75.8,49.61667],[-75.8,49.625],[-75.80833,49.625],[-75.80833,49.61667]]]}},{"type":"Feature","properties":{"claim_id":"2536609","claim_name":"Décision 32-22376 - PL-103  Période de validité suspendue du 9 avril 2020 au 9 avril 2021, Déc. minis. 2020-04-09, (32-22283)","holder":"Entreprises Minières Globex Inc","status":"Active","recorded_date":"2019-04-25T00:00:00","anniversary_or_expiry":"2028-04-24T00:00:00","area_ha":55.77,"tenure_type":"Cell 30\" X 30\"","jurisdiction":"Quebec","source":"GESTIM active titles","as_of":"2026-09-16T00:00:00","role":"neighbor","company_id":"barrick","color":"#c27ae0"},"geometry":{"type":"Polygon","coordinates":[[[-75.8,49.61667],[-75.79167,49.61667],[-75.79167,49.625],[-75.8,49.625],[-75.8,49.61667]]]}},{"type":"Feature","properties":{"claim_id":"2885958","claim_name":"32G12 X 0009 0031 0","holder":"Michael Ferreira","status":"Active","recorded_date":"2026-09-01T00:00:00","anniversary_or_expiry":"2029-08-31T00:00:00","area_ha":55.83,"tenure_type":"Cell 30\" X 30\"","jurisdiction":"Quebec","source":"GESTIM active titles","as_of":"2026-09-16T00:00:00","role":"neighbor","company_id":"barrick","color":"#7cb342"},"geometry":{"type":"Polygon","coordinates":[[[-75.75,49.56667],[-75.74167,49.56667],[-75.74167,49.575],[-75.75,49.575],[-75.75,49.56667]]]}},{"type":"Feature","properties":{"claim_id":"2885959","claim_name":"32G12 X 0009 0032 0","holder":"Michael Ferreira","status":"Active","recorded_date":"2026-09-01T00:00:00","anniversary_or_expiry":"2029-08-31T00:00:00","area_ha":55.83,"tenure_type":"Cell 30\" X 30\"","jurisdiction":"Quebec","source":"GESTIM active titles","as_of":"2026-09-16T00:00:00","role":"neighbor","company_id":"barrick","color":"#7cb342"},"geometry":{"type":"Polygon","coordinates":[[[-75.74167,49.56667],[-75.73333,49.56667],[-75.73333,49.575],[-75.74167,49.575],[-75.74167,49.56667]]]}},{"type":"Feature","properties":{"claim_id":"2885960","claim_name":"32G12 X 0009 0033 0","holder":"Michael Ferreira","status":"Active","recorded_date":"2026-09-01T00:00:00","anniversary_or_expiry":"2029-08-31T00:00:00","area_ha":55.83,"tenure_type":"Cell 30\" X 30\"","jurisdiction":"Quebec","source":"GESTIM active titles","as_of":"2026-09-16T00:00:00","role":"neighbor","company_id":"barrick","color":"#7cb342"},"geometry":{"type":"Polygon","coordinates":[[[-75.73333,49.56667],[-75.725,49.56667],[-75.725,49.575],[-75.73333,49.575],[-75.73333,49.56667]]]}},{"type":"Feature","properties":{"claim_id":"2885961","claim_name":"32G12 X 0009 0034 0","holder":"Michael Ferreira","status":"Active","recorded_date":"2026-09-01T00:00:00","anniversary_or_expiry":"2029-08-31T00:00:00","area_ha":55.83,"tenure_type":"Cell 30\" X 30\"","jurisdiction":"Quebec","source":"GESTIM active titles","as_of":"2026-09-16T00:00:00","role":"neighbor","company_id":"barrick","color":"#7cb342"},"geometry":{"type":"Polygon","coordinates":[[[-75.725,49.56667],[-75.71667,49.56667],[-75.71667,49.575],[-75.725,49.575],[-75.725,49.56667]]]}},{"type":"Feature","properties":{"claim_id":"2885962","claim_name":"32G12 X 0009 0035 0","holder":"Michael Ferreira","status":"Active","recorded_date":"2026-09-01T00:00:00","anniversary_or_expiry":"2029-08-31T00:00:00","area_ha":55.83,"tenure_type":"Cell 30\" X 30\"","jurisdiction":"Quebec","source":"GESTIM active titles","as_of":"2026-09-16T00:00:00","role":"neighbor","company_id":"barrick","color":"#7cb342"},"geometry":{"type":"Polygon","coordinates":[[[-75.71667,49.56667],[-75.70833,49.56667],[-75.70833,49.575],[-75.71667,49.575],[-75.71667,49.56667]]]}},{"type":"Feature","properties":{"claim_id":"2886216","claim_name":"32G12 X 0009 0036 0","holder":"Cindy Roy","status":"Active","recorded_date":"2026-09-01T00:00:00","anniversary_or_expiry":"2029-08-31T00:00:00","area_ha":55.83,"tenure_type":"Cell 30\" X 30\"","jurisdiction":"Quebec","source":"GESTIM active titles","as_of":"2026-09-16T00:00:00","role":"neighbor","company_id":"barrick","color":"#26a69a"},"geometry":{"type":"Polygon","coordinates":[[[-75.70833,49.56667],[-75.7,49.56667],[-75.7,49.575],[-75.70833,49.575],[-75.70833,49.56667]]]}},{"type":"Feature","properties":{"claim_id":"2780714","claim_name":"32G12 X 0009 0037 0","holder":"Explorations Carat inc. (Les)","status":"Active","recorded_date":"2023-07-19T00:00:00","anniversary_or_expiry":"2026-07-18T00:00:00","area_ha":55.83,"tenure_type":"Cell 30\" X 30\"","jurisdiction":"Quebec","source":"GESTIM active titles","as_of":"2026-09-16T00:00:00","role":"neighbor","company_id":"barrick","color":"#ef6c00"},"geometry":{"type":"Polygon","coordinates":[[[-75.7,49.56667],[-75.69167,49.56667],[-75.69167,49.575],[-75.7,49.575],[-75.7,49.56667]]]}},{"type":"Feature","properties":{"claim_id":"2780715","claim_name":"32G12 X 0009 0038 0","holder":"Explorations Carat inc. (Les)","status":"Active","recorded_date":"2023-07-19T00:00:00","anniversary_or_expiry":"2026-07-18T00:00:00","area_ha":55.83,"tenure_type":"Cell 30\" X 30\"","jurisdiction":"Quebec","source":"GESTIM active titles","as_of":"2026-09-16T00:00:00","role":"neighbor","company_id":"barrick","color":"#ef6c00"},"geometry":{"type":"Polygon","coordinates":[[[-75.69167,49.56667],[-75.68333,49.56667],[-75.68333,49.575],[-75.69167,49.575],[-75.69167,49.56667]]]}},{"type":"Feature","properties":{"claim_id":"2780716","claim_name":"32G12 X 0009 0039 0","holder":"Explorations Carat inc. (Les)","status":"Active","recorded_date":"2023-07-19T00:00:00","anniversary_or_expiry":"2026-07-18T00:00:00","area_ha":55.83,"tenure_type":"Cell 30\" X 30\"","jurisdiction":"Quebec","source":"GESTIM active titles","as_of":"2026-09-16T00:00:00","role":"neighbor","company_id":"barrick","color":"#ef6c00"},"geometry":{"type":"Polygon","coordinates":[[[-75.68333,49.56667],[-75.675,49.56667],[-75.675,49.575],[-75.68333,49.575],[-75.68333,49.56667]]]}},{"type":"Feature","properties":{"claim_id":"2885972","claim_name":"32G12 X 0010 0031 0","holder":"Michael Ferreira","status":"Active","recorded_date":"2026-09-01T00:00:00","anniversary_or_expiry":"2029-08-31T00:00:00","area_ha":55.82,"tenure_type":"Cell 30\" X 30\"","jurisdiction":"Quebec","source":"GESTIM active titles","as_of":"2026-09-16T00:00:00","role":"neighbor","company_id":"barrick","color":"#7cb342"},"geometry":{"type":"Polygon","coordinates":[[[-75.75,49.575],[-75.74167,49.575],[-75.74167,49.58333],[-75.75,49.58333],[-75.75,49.575]]]}},{"type":"Feature","properties":{"claim_id":"2885973","claim_name":"32G12 X 0010 0032 0","holder":"Michael Ferreira","status":"Active","recorded_date":"2026-09-01T00:00:00","anniversary_or_expiry":"2029-08-31T00:00:00","area_ha":55.82,"tenure_type":"Cell 30\" X 30\"","jurisdiction":"Quebec","source":"GESTIM active titles","as_of":"2026-09-16T00:00:00","role":"neighbor","company_id":"barrick","color":"#7cb342"},"geometry":{"type":"Polygon","coordinates":[[[-75.74167,49.575],[-75.73333,49.575],[-75.73333,49.58333],[-75.74167,49.58333],[-75.74167,49.575]]]}},{"type":"Feature","properties":{"claim_id":"2885974","claim_name":"32G12 X 0010 0033 0","holder":"Michael Ferreira","status":"Active","recorded_date":"2026-09-01T00:00:00","anniversary_or_expiry":"2029-08-31T00:00:00","area_ha":55.82,"tenure_type":"Cell 30\" X 30\"","jurisdiction":"Quebec","source":"GESTIM active titles","as_of":"2026-09-16T00:00:00","role":"neighbor","company_id":"barrick","color":"#7cb342"},"geometry":{"type":"Polygon","coordinates":[[[-75.73333,49.575],[-75.725,49.575],[-75.725,49.58333],[-75.73333,49.58333],[-75.73333,49.575]]]}},{"type":"Feature","properties":{"claim_id":"2885975","claim_name":"32G12 X 0010 0034 0","holder":"Michael Ferreira","status":"Active","recorded_date":"2026-09-01T00:00:00","anniversary_or_expiry":"2029-08-31T00:00:00","area_ha":55.82,"tenure_type":"Cell 30\" X 30\"","jurisdiction":"Quebec","source":"GESTIM active titles","as_of":"2026-09-16T00:00:00","role":"neighbor","company_id":"barrick","color":"#7cb342"},"geometry":{"type":"Polygon","coordinates":[[[-75.725,49.575],[-75.71667,49.575],[-75.71667,49.58333],[-75.725,49.58333],[-75.725,49.575]]]}},{"type":"Feature","properties":{"claim_id":"2885976","claim_name":"32G12 X 0010 0035 0","holder":"Michael Ferreira","status":"Active","recorded_date":"2026-09-01T00:00:00","anniversary_or_expiry":"2029-08-31T00:00:00","area_ha":55.82,"tenure_type":"Cell 30\" X 30\"","jurisdiction":"Quebec","source":"GESTIM active titles","as_of":"2026-09-16T00:00:00","role":"neighbor","company_id":"barrick","color":"#7cb342"},"geometry":{"type":"Polygon","coordinates":[[[-75.71667,49.575],[-75.70833,49.575],[-75.70833,49.58333],[-75.71667,49.58333],[-75.71667,49.575]]]}},{"type":"Feature","properties":{"claim_id":"2886218","claim_name":"32G12 X 0010 0036 0","holder":"Cindy Roy","status":"Active","recorded_date":"2026-09-01T00:00:00","anniversary_or_expiry":"2029-08-31T00:00:00","area_ha":55.82,"tenure_type":"Cell 30\" X 30\"","jurisdiction":"Quebec","source":"GESTIM active titles","as_of":"2026-09-16T00:00:00","role":"neighbor","company_id":"barrick","color":"#26a69a"},"geometry":{"type":"Polygon","coordinates":[[[-75.70833,49.575],[-75.7,49.575],[-75.7,49.58333],[-75.70833,49.58333],[-75.70833,49.575]]]}},{"type":"Feature","properties":{"claim_id":"2780726","claim_name":"32G12 X 0010 0038 0","holder":"Explorations Carat inc. (Les)","status":"Active","recorded_date":"2023-07-19T00:00:00","anniversary_or_expiry":"2026-07-18T00:00:00","area_ha":55.82,"tenure_type":"Cell 30\" X 30\"","jurisdiction":"Quebec","source":"GESTIM active titles","as_of":"2026-09-16T00:00:00","role":"neighbor","company_id":"barrick","color":"#ef6c00"},"geometry":{"type":"Polygon","coordinates":[[[-75.69167,49.575],[-75.68333,49.575],[-75.68333,49.58333],[-75.69167,49.58333],[-75.69167,49.575]]]}},{"type":"Feature","properties":{"claim_id":"2780727","claim_name":"32G12 X 0010 0039 0","holder":"Explorations Carat inc. (Les)","status":"Active","recorded_date":"2023-07-19T00:00:00","anniversary_or_expiry":"2026-07-18T00:00:00","area_ha":55.82,"tenure_type":"Cell 30\" X 30\"","jurisdiction":"Quebec","source":"GESTIM active titles","as_of":"2026-09-16T00:00:00","role":"neighbor","company_id":"barrick","color":"#ef6c00"},"geometry":{"type":"Polygon","coordinates":[[[-75.68333,49.575],[-75.675,49.575],[-75.675,49.58333],[-75.68333,49.58333],[-75.68333,49.575]]]}},{"type":"Feature","properties":{"claim_id":"2780728","claim_name":"32G12 X 0010 0040 0","holder":"Explorations Carat inc. (Les)","status":"Active","recorded_date":"2023-07-19T00:00:00","anniversary_or_expiry":"2026-07-18T00:00:00","area_ha":55.82,"tenure_type":"Cell 30\" X 30\"","jurisdiction":"Quebec","source":"GESTIM active titles","as_of":"2026-09-16T00:00:00","role":"neighbor","company_id":"barrick","color":"#ef6c00"},"geometry":{"type":"Polygon","coordinates":[[[-75.675,49.575],[-75.66667,49.575],[-75.66667,49.58333],[-75.675,49.58333],[-75.675,49.575]]]}},{"type":"Feature","properties":{"claim_id":"2780729","claim_name":"32G12 X 0010 0041 0","holder":"Explorations Carat inc. (Les)","status":"Active","recorded_date":"2023-07-19T00:00:00","anniversary_or_expiry":"2026-07-18T00:00:00","area_ha":55.82,"tenure_type":"Cell 30\" X 30\"","jurisdiction":"Quebec","source":"GESTIM active titles","as_of":"2026-09-16T00:00:00","role":"neighbor","company_id":"barrick","color":"#ef6c00"},"geometry":{"type":"Polygon","coordinates":[[[-75.66667,49.575],[-75.65833,49.575],[-75.65833,49.58333],[-75.66667,49.58333],[-75.66667,49.575]]]}},{"type":"Feature","properties":{"claim_id":"2783175","claim_name":"32G12 X 0011 0031 0","holder":"Entreprises Minières Globex Inc","status":"Active","recorded_date":"2023-08-01T00:00:00","anniversary_or_expiry":"2026-07-31T00:00:00","area_ha":55.81,"tenure_type":"Cell 30\" X 30\"","jurisdiction":"Quebec","source":"GESTIM active titles","as_of":"2026-09-16T00:00:00","role":"neighbor","company_id":"barrick","color":"#c27ae0"},"geometry":{"type":"Polygon","coordinates":[[[-75.75,49.58333],[-75.74167,49.58333],[-75.74167,49.59167],[-75.75,49.59167],[-75.75,49.58333]]]}},{"type":"Feature","properties":{"claim_id":"2562835","claim_name":"Décision 32-22376 - PL 103","holder":"Exploration Midland inc.","status":"Active","recorded_date":"2020-04-22T00:00:00","anniversary_or_expiry":"2028-04-21T00:00:00","area_ha":55.81,"tenure_type":"Cell 30\" X 30\"","jurisdiction":"Quebec","source":"GESTIM active titles","as_of":"2026-09-16T00:00:00","role":"neighbor","company_id":"barrick","color":"#5ec8c5"},"geometry":{"type":"Polygon","coordinates":[[[-75.73333,49.58333],[-75.725,49.58333],[-75.725,49.59167],[-75.73333,49.59167],[-75.73333,49.58333]]]}},{"type":"Feature","properties":{"claim_id":"2562836","claim_name":"Décision 32-22376 - PL 103","holder":"Exploration Midland inc.","status":"Active","recorded_date":"2020-04-22T00:00:00","anniversary_or_expiry":"2028-04-21T00:00:00","area_ha":55.81,"tenure_type":"Cell 30\" X 30\"","jurisdiction":"Quebec","source":"GESTIM active titles","as_of":"2026-09-16T00:00:00","role":"neighbor","company_id":"barrick","color":"#5ec8c5"},"geometry":{"type":"Polygon","coordinates":[[[-75.725,49.58333],[-75.71667,49.58333],[-75.71667,49.59167],[-75.725,49.59167],[-75.725,49.58333]]]}},{"type":"Feature","properties":{"claim_id":"2562837","claim_name":"Décision 32-22376 - PL 103","holder":"Exploration Midland inc.","status":"Active","recorded_date":"2020-04-22T00:00:00","anniversary_or_expiry":"2028-04-21T00:00:00","area_ha":55.81,"tenure_type":"Cell 30\" X 30\"","jurisdiction":"Quebec","source":"GESTIM active titles","as_of":"2026-09-16T00:00:00","role":"neighbor","company_id":"barrick","color":"#5ec8c5"},"geometry":{"type":"Polygon","coordinates":[[[-75.71667,49.58333],[-75.70833,49.58333],[-75.70833,49.59167],[-75.71667,49.59167],[-75.71667,49.58333]]]}},{"type":"Feature","properties":{"claim_id":"2867367","claim_name":"32G12 X 0011 0036 0","holder":"Pierre Parent","status":"Active","recorded_date":"2026-01-09T00:00:00","anniversary_or_expiry":"2029-01-08T00:00:00","area_ha":55.81,"tenure_type":"Cell 30\" X 30\"","jurisdiction":"Quebec","source":"GESTIM active titles","as_of":"2026-09-16T00:00:00","role":"neighbor","company_id":"barrick","color":"#ffca28"},"geometry":{"type":"Polygon","coordinates":[[[-75.70833,49.58333],[-75.7,49.58333],[-75.7,49.59167],[-75.70833,49.59167],[-75.70833,49.58333]]]}},{"type":"Feature","properties":{"claim_id":"2780736","claim_name":"32G12 X 0011 0037 0","holder":"Explorations Carat inc. (Les)","status":"Active","recorded_date":"2023-07-19T00:00:00","anniversary_or_expiry":"2026-07-18T00:00:00","area_ha":55.81,"tenure_type":"Cell 30\" X 30\"","jurisdiction":"Quebec","source":"GESTIM active titles","as_of":"2026-09-16T00:00:00","role":"neighbor","company_id":"barrick","color":"#ef6c00"},"geometry":{"type":"Polygon","coordinates":[[[-75.7,49.58333],[-75.69167,49.58333],[-75.69167,49.59167],[-75.7,49.59167],[-75.7,49.58333]]]}},{"type":"Feature","properties":{"claim_id":"2780738","claim_name":"32G12 X 0011 0039 0","holder":"Explorations Carat inc. (Les)","status":"Active","recorded_date":"2023-07-19T00:00:00","anniversary_or_expiry":"2026-07-18T00:00:00","area_ha":55.81,"tenure_type":"Cell 30\" X 30\"","jurisdiction":"Quebec","source":"GESTIM active titles","as_of":"2026-09-16T00:00:00","role":"neighbor","company_id":"barrick","color":"#ef6c00"},"geometry":{"type":"Polygon","coordinates":[[[-75.68333,49.58333],[-75.675,49.58333],[-75.675,49.59167],[-75.68333,49.59167],[-75.68333,49.58333]]]}},{"type":"Feature","properties":{"claim_id":"2780739","claim_name":"32G12 X 0011 0040 0","holder":"Explorations Carat inc. (Les)","status":"Active","recorded_date":"2023-07-19T00:00:00","anniversary_or_expiry":"2026-07-18T00:00:00","area_ha":55.81,"tenure_type":"Cell 30\" X 30\"","jurisdiction":"Quebec","source":"GESTIM active titles","as_of":"2026-09-16T00:00:00","role":"neighbor","company_id":"barrick","color":"#ef6c00"},"geometry":{"type":"Polygon","coordinates":[[[-75.675,49.58333],[-75.66667,49.58333],[-75.66667,49.59167],[-75.675,49.59167],[-75.675,49.58333]]]}},{"type":"Feature","properties":{"claim_id":"2780740","claim_name":"32G12 X 0011 0041 0","holder":"Explorations Carat inc. (Les)","status":"Active","recorded_date":"2023-07-19T00:00:00","anniversary_or_expiry":"2026-07-18T00:00:00","area_ha":55.81,"tenure_type":"Cell 30\" X 30\"","jurisdiction":"Quebec","source":"GESTIM active titles","as_of":"2026-09-16T00:00:00","role":"neighbor","company_id":"barrick","color":"#ef6c00"},"geometry":{"type":"Polygon","coordinates":[[[-75.66667,49.58333],[-75.65833,49.58333],[-75.65833,49.59167],[-75.66667,49.59167],[-75.66667,49.58333]]]}},{"type":"Feature","properties":{"claim_id":"2782764","claim_name":"32G12 X 0012 0031 0","holder":"Entreprises Minières Globex Inc","status":"Active","recorded_date":"2023-07-29T00:00:00","anniversary_or_expiry":"2026-07-28T00:00:00","area_ha":55.8,"tenure_type":"Cell 30\" X 30\"","jurisdiction":"Quebec","source":"GESTIM active titles","as_of":"2026-09-16T00:00:00","role":"neighbor","company_id":"barrick","color":"#c27ae0"},"geometry":{"type":"Polygon","coordinates":[[[-75.75,49.59167],[-75.74167,49.59167],[-75.74167,49.6],[-75.75,49.6],[-75.75,49.59167]]]}},{"type":"Feature","properties":{"claim_id":"2562843","claim_name":"Décision 32-22376 - PL 103","holder":"Exploration Midland inc.","status":"Active","recorded_date":"2020-04-22T00:00:00","anniversary_or_expiry":"2028-04-21T00:00:00","area_ha":55.8,"tenure_type":"Cell 30\" X 30\"","jurisdiction":"Quebec","source":"GESTIM active titles","as_of":"2026-09-16T00:00:00","role":"neighbor","company_id":"barrick","color":"#5ec8c5"},"geometry":{"type":"Polygon","coordinates":[[[-75.74167,49.59167],[-75.73333,49.59167],[-75.73333,49.6],[-75.74167,49.6],[-75.74167,49.59167]]]}},{"type":"Feature","properties":{"claim_id":"2562845","claim_name":"Décision 32-22376 - PL 103","holder":"Exploration Midland inc.","status":"Active","recorded_date":"2020-04-22T00:00:00","anniversary_or_expiry":"2028-04-21T00:00:00","area_ha":55.8,"tenure_type":"Cell 30\" X 30\"","jurisdiction":"Quebec","source":"GESTIM active titles","as_of":"2026-09-16T00:00:00","role":"neighbor","company_id":"barrick","color":"#5ec8c5"},"geometry":{"type":"Polygon","coordinates":[[[-75.725,49.59167],[-75.71667,49.59167],[-75.71667,49.6],[-75.725,49.6],[-75.725,49.59167]]]}},{"type":"Feature","properties":{"claim_id":"2867368","claim_name":"32G12 X 0012 0035 0","holder":"Pierre Parent","status":"Active","recorded_date":"2026-01-09T00:00:00","anniversary_or_expiry":"2029-01-08T00:00:00","area_ha":55.8,"tenure_type":"Cell 30\" X 30\"","jurisdiction":"Quebec","source":"GESTIM active titles","as_of":"2026-09-16T00:00:00","role":"neighbor","company_id":"barrick","color":"#ffca28"},"geometry":{"type":"Polygon","coordinates":[[[-75.71667,49.59167],[-75.70833,49.59167],[-75.70833,49.6],[-75.71667,49.6],[-75.71667,49.59167]]]}},{"type":"Feature","properties":{"claim_id":"2882778","claim_name":"32G12 X 0012 0036 0","holder":"Redevances Noranda Inc.","status":"Active","recorded_date":"2026-07-28T00:00:00","anniversary_or_expiry":"2029-07-27T00:00:00","area_ha":55.8,"tenure_type":"Cell 30\" X 30\"","jurisdiction":"Quebec","source":"GESTIM active titles","as_of":"2026-09-16T00:00:00","role":"neighbor","company_id":"barrick","color":"#9ccc65"},"geometry":{"type":"Polygon","coordinates":[[[-75.70833,49.59167],[-75.7,49.59167],[-75.7,49.6],[-75.70833,49.6],[-75.70833,49.59167]]]}},{"type":"Feature","properties":{"claim_id":"2882779","claim_name":"32G12 X 0012 0037 0","holder":"Redevances Noranda Inc.","status":"Active","recorded_date":"2026-07-28T00:00:00","anniversary_or_expiry":"2029-07-27T00:00:00","area_ha":55.8,"tenure_type":"Cell 30\" X 30\"","jurisdiction":"Quebec","source":"GESTIM active titles","as_of":"2026-09-16T00:00:00","role":"neighbor","company_id":"barrick","color":"#9ccc65"},"geometry":{"type":"Polygon","coordinates":[[[-75.7,49.59167],[-75.69167,49.59167],[-75.69167,49.6],[-75.7,49.6],[-75.7,49.59167]]]}},{"type":"Feature","properties":{"claim_id":"2882780","claim_name":"32G12 X 0012 0038 0","holder":"Redevances Noranda Inc.","status":"Active","recorded_date":"2026-07-28T00:00:00","anniversary_or_expiry":"2029-07-27T00:00:00","area_ha":55.8,"tenure_type":"Cell 30\" X 30\"","jurisdiction":"Quebec","source":"GESTIM active titles","as_of":"2026-09-16T00:00:00","role":"neighbor","company_id":"barrick","color":"#9ccc65"},"geometry":{"type":"Polygon","coordinates":[[[-75.69167,49.59167],[-75.68333,49.59167],[-75.68333,49.6],[-75.69167,49.6],[-75.69167,49.59167]]]}},{"type":"Feature","properties":{"claim_id":"2562851","claim_name":"Décision 32-22376 - PL 103","holder":"Exploration Midland inc.","status":"Active","recorded_date":"2020-04-22T00:00:00","anniversary_or_expiry":"2028-04-21T00:00:00","area_ha":55.8,"tenure_type":"Cell 30\" X 30\"","jurisdiction":"Quebec","source":"GESTIM active titles","as_of":"2026-09-16T00:00:00","role":"neighbor","company_id":"barrick","color":"#5ec8c5"},"geometry":{"type":"Polygon","coordinates":[[[-75.675,49.59167],[-75.66667,49.59167],[-75.66667,49.6],[-75.675,49.6],[-75.675,49.59167]]]}},{"type":"Feature","properties":{"claim_id":"2562852","claim_name":"Décision 32-22376 - PL 103","holder":"Exploration Midland inc.","status":"Active","recorded_date":"2020-04-22T00:00:00","anniversary_or_expiry":"2028-04-21T00:00:00","area_ha":55.8,"tenure_type":"Cell 30\" X 30\"","jurisdiction":"Quebec","source":"GESTIM active titles","as_of":"2026-09-16T00:00:00","role":"neighbor","company_id":"barrick","color":"#5ec8c5"},"geometry":{"type":"Polygon","coordinates":[[[-75.66667,49.59167],[-75.65833,49.59167],[-75.65833,49.6],[-75.66667,49.6],[-75.66667,49.59167]]]}},{"type":"Feature","properties":{"claim_id":"2562853","claim_name":"Décision 32-22376 - PL 103","holder":"Exploration Midland inc.","status":"Active","recorded_date":"2020-04-22T00:00:00","anniversary_or_expiry":"2028-04-21T00:00:00","area_ha":55.8,"tenure_type":"Cell 30\" X 30\"","jurisdiction":"Quebec","source":"GESTIM active titles","as_of":"2026-09-16T00:00:00","role":"neighbor","company_id":"barrick","color":"#5ec8c5"},"geometry":{"type":"Polygon","coordinates":[[[-75.65833,49.59167],[-75.65,49.59167],[-75.65,49.6],[-75.65833,49.6],[-75.65833,49.59167]]]}},{"type":"Feature","properties":{"claim_id":"2562786","claim_name":"Décision 32-22376 - PL 103","holder":"Exploration Midland inc.","status":"Active","recorded_date":"2020-04-22T00:00:00","anniversary_or_expiry":"2028-04-21T00:00:00","area_ha":55.79,"tenure_type":"Cell 30\" X 30\"","jurisdiction":"Quebec","source":"GESTIM active titles","as_of":"2026-09-16T00:00:00","role":"neighbor","company_id":"barrick","color":"#5ec8c5"},"geometry":{"type":"Polygon","coordinates":[[[-75.68333,49.6],[-75.675,49.6],[-75.675,49.60833],[-75.68333,49.60833],[-75.68333,49.6]]]}},{"type":"Feature","properties":{"claim_id":"2562787","claim_name":"Décision 32-22376 - PL 103","holder":"Exploration Midland inc.","status":"Active","recorded_date":"2020-04-22T00:00:00","anniversary_or_expiry":"2028-04-21T00:00:00","area_ha":55.79,"tenure_type":"Cell 30\" X 30\"","jurisdiction":"Quebec","source":"GESTIM active titles","as_of":"2026-09-16T00:00:00","role":"neighbor","company_id":"barrick","color":"#5ec8c5"},"geometry":{"type":"Polygon","coordinates":[[[-75.675,49.6],[-75.66667,49.6],[-75.66667,49.60833],[-75.675,49.60833],[-75.675,49.6]]]}},{"type":"Feature","properties":{"claim_id":"2562788","claim_name":"Décision 32-22376 - PL 103","holder":"Exploration Midland inc.","status":"Active","recorded_date":"2020-04-22T00:00:00","anniversary_or_expiry":"2028-04-21T00:00:00","area_ha":55.79,"tenure_type":"Cell 30\" X 30\"","jurisdiction":"Quebec","source":"GESTIM active titles","as_of":"2026-09-16T00:00:00","role":"neighbor","company_id":"barrick","color":"#5ec8c5"},"geometry":{"type":"Polygon","coordinates":[[[-75.66667,49.6],[-75.65833,49.6],[-75.65833,49.60833],[-75.66667,49.60833],[-75.66667,49.6]]]}},{"type":"Feature","properties":{"claim_id":"2562789","claim_name":"Décision 32-22376 - PL 103","holder":"Exploration Midland inc.","status":"Active","recorded_date":"2020-04-22T00:00:00","anniversary_or_expiry":"2028-04-21T00:00:00","area_ha":55.79,"tenure_type":"Cell 30\" X 30\"","jurisdiction":"Quebec","source":"GESTIM active titles","as_of":"2026-09-16T00:00:00","role":"neighbor","company_id":"barrick","color":"#5ec8c5"},"geometry":{"type":"Polygon","coordinates":[[[-75.65833,49.6],[-75.65,49.6],[-75.65,49.60833],[-75.65833,49.60833],[-75.65833,49.6]]]}},{"type":"Feature","properties":{"claim_id":"2562806","claim_name":"Décision 32-22376 - PL 103","holder":"Exploration Midland inc.","status":"Active","recorded_date":"2020-04-22T00:00:00","anniversary_or_expiry":"2028-04-21T00:00:00","area_ha":55.78,"tenure_type":"Cell 30\" X 30\"","jurisdiction":"Quebec","source":"GESTIM active titles","as_of":"2026-09-16T00:00:00","role":"neighbor","company_id":"barrick","color":"#5ec8c5"},"geometry":{"type":"Polygon","coordinates":[[[-75.68333,49.60833],[-75.675,49.60833],[-75.675,49.61667],[-75.68333,49.61667],[-75.68333,49.60833]]]}},{"type":"Feature","properties":{"claim_id":"2562807","claim_name":"Décision 32-22376 - PL 103","holder":"Exploration Midland inc.","status":"Active","recorded_date":"2020-04-22T00:00:00","anniversary_or_expiry":"2028-04-21T00:00:00","area_ha":55.78,"tenure_type":"Cell 30\" X 30\"","jurisdiction":"Quebec","source":"GESTIM active titles","as_of":"2026-09-16T00:00:00","role":"neighbor","company_id":"barrick","color":"#5ec8c5"},"geometry":{"type":"Polygon","coordinates":[[[-75.675,49.60833],[-75.66667,49.60833],[-75.66667,49.61667],[-75.675,49.61667],[-75.675,49.60833]]]}},{"type":"Feature","properties":{"claim_id":"2562808","claim_name":"Décision 32-22376 - PL 103","holder":"Exploration Midland inc.","status":"Active","recorded_date":"2020-04-22T00:00:00","anniversary_or_expiry":"2028-04-21T00:00:00","area_ha":55.78,"tenure_type":"Cell 30\" X 30\"","jurisdiction":"Quebec","source":"GESTIM active titles","as_of":"2026-09-16T00:00:00","role":"neighbor","company_id":"barrick","color":"#5ec8c5"},"geometry":{"type":"Polygon","coordinates":[[[-75.66667,49.60833],[-75.65833,49.60833],[-75.65833,49.61667],[-75.66667,49.61667],[-75.66667,49.60833]]]}},{"type":"Feature","properties":{"claim_id":"2562809","claim_name":"Décision 32-22376 - PL 103","holder":"Exploration Midland inc.","status":"Active","recorded_date":"2020-04-22T00:00:00","anniversary_or_expiry":"2028-04-21T00:00:00","area_ha":55.78,"tenure_type":"Cell 30\" X 30\"","jurisdiction":"Quebec","source":"GESTIM active titles","as_of":"2026-09-16T00:00:00","role":"neighbor","company_id":"barrick","color":"#5ec8c5"},"geometry":{"type":"Polygon","coordinates":[[[-75.65833,49.60833],[-75.65,49.60833],[-75.65,49.61667],[-75.65833,49.61667],[-75.65833,49.60833]]]}},{"type":"Feature","properties":{"claim_id":"2562823","claim_name":"Décision 32-22376 - PL 103","holder":"Exploration Midland inc.","status":"Active","recorded_date":"2020-04-22T00:00:00","anniversary_or_expiry":"2028-04-21T00:00:00","area_ha":55.77,"tenure_type":"Cell 30\" X 30\"","jurisdiction":"Quebec","source":"GESTIM active titles","as_of":"2026-09-16T00:00:00","role":"neighbor","company_id":"barrick","color":"#5ec8c5"},"geometry":{"type":"Polygon","coordinates":[[[-75.68333,49.61667],[-75.675,49.61667],[-75.675,49.625],[-75.68333,49.625],[-75.68333,49.61667]]]}},{"type":"Feature","properties":{"claim_id":"2562824","claim_name":"Décision 32-22376 - PL 103","holder":"Exploration Midland inc.","status":"Active","recorded_date":"2020-04-22T00:00:00","anniversary_or_expiry":"2028-04-21T00:00:00","area_ha":55.77,"tenure_type":"Cell 30\" X 30\"","jurisdiction":"Quebec","source":"GESTIM active titles","as_of":"2026-09-16T00:00:00","role":"neighbor","company_id":"barrick","color":"#5ec8c5"},"geometry":{"type":"Polygon","coordinates":[[[-75.675,49.61667],[-75.66667,49.61667],[-75.66667,49.625],[-75.675,49.625],[-75.675,49.61667]]]}},{"type":"Feature","properties":{"claim_id":"2562825","claim_name":"Décision 32-22376 - PL 103","holder":"Exploration Midland inc.","status":"Active","recorded_date":"2020-04-22T00:00:00","anniversary_or_expiry":"2028-04-21T00:00:00","area_ha":55.77,"tenure_type":"Cell 30\" X 30\"","jurisdiction":"Quebec","source":"GESTIM active titles","as_of":"2026-09-16T00:00:00","role":"neighbor","company_id":"barrick","color":"#5ec8c5"},"geometry":{"type":"Polygon","coordinates":[[[-75.66667,49.61667],[-75.65833,49.61667],[-75.65833,49.625],[-75.66667,49.625],[-75.66667,49.61667]]]}},{"type":"Feature","properties":{"claim_id":"2444856","claim_name":"Décision 32-22376 - Période de validité suspendue du 9 avril 2020 au 9 avril 2021, Déc. minis. 2020-04-09, (32-22283)","holder":"Entreprises Minières Globex Inc","status":"Active","recorded_date":"2016-05-20T00:00:00","anniversary_or_expiry":"2027-11-04T00:00:00","area_ha":55.76,"tenure_type":"Cell 30\" X 30\"","jurisdiction":"Quebec","source":"GESTIM active titles","as_of":"2026-09-16T00:00:00","role":"neighbor","company_id":"barrick","color":"#c27ae0"},"geometry":{"type":"Polygon","coordinates":[[[-75.825,49.625],[-75.81667,49.625],[-75.81667,49.63333],[-75.825,49.63333],[-75.825,49.625]]]}},{"type":"Feature","properties":{"claim_id":"2193553","claim_name":"Décision 32-22376 - Agrandisements 42,2   2016/01/18, Période de validité suspendue du 9 avril 2020 au 9 avril 2021, Déc. minis. 2020-04-09, (32-22283)","holder":"Entreprises Minières Globex Inc","status":"Active","recorded_date":"2009-11-05T00:00:00","anniversary_or_expiry":"2027-11-04T00:00:00","area_ha":55.76,"tenure_type":"Cell 30\" X 30\"","jurisdiction":"Quebec","source":"GESTIM active titles","as_of":"2026-09-16T00:00:00","role":"neighbor","company_id":"barrick","color":"#c27ae0"},"geometry":{"type":"Polygon","coordinates":[[[-75.81667,49.625],[-75.80833,49.625],[-75.80833,49.63333],[-75.81667,49.63333],[-75.81667,49.625]]]}},{"type":"Feature","properties":{"claim_id":"2545036","claim_name":"Décision 32-22376 - PL 103 Période de validité suspendue du 9 avril 2020 au 9 avril 2021, Déc. minis. 2020-04-09, (32-22283)","holder":"Entreprises Minières Globex Inc","status":"Active","recorded_date":"2019-10-18T00:00:00","anniversary_or_expiry":"2026-10-17T00:00:00","area_ha":55.76,"tenure_type":"Cell 30\" X 30\"","jurisdiction":"Quebec","source":"GESTIM active titles","as_of":"2026-09-16T00:00:00","role":"neighbor","company_id":"barrick","color":"#c27ae0"},"geometry":{"type":"Polygon","coordinates":[[[-75.80833,49.625],[-75.8,49.625],[-75.8,49.63333],[-75.80833,49.63333],[-75.80833,49.625]]]}},{"type":"Feature","properties":{"claim_id":"2545037","claim_name":"Décision 32-22376 - PL 103 Période de validité suspendue du 9 avril 2020 au 9 avril 2021, Déc. minis. 2020-04-09, (32-22283)","holder":"Entreprises Minières Globex Inc","status":"Active","recorded_date":"2019-10-18T00:00:00","anniversary_or_expiry":"2026-10-17T00:00:00","area_ha":55.76,"tenure_type":"Cell 30\" X 30\"","jurisdiction":"Quebec","source":"GESTIM active titles","as_of":"2026-09-16T00:00:00","role":"neighbor","company_id":"barrick","color":"#c27ae0"},"geometry":{"type":"Polygon","coordinates":[[[-75.8,49.625],[-75.79167,49.625],[-75.79167,49.63333],[-75.8,49.63333],[-75.8,49.625]]]}},{"type":"Feature","properties":{"claim_id":"2193554","claim_name":"Décision 32-22376 - Agrandissement 42,2   2015/06/10, Période de validité suspendue du 9 avril 2020 au 9 avril 2021, Déc. minis. 2020-04-09, (32-22283)","holder":"Entreprises Minières Globex Inc","status":"Active","recorded_date":"2009-11-05T00:00:00","anniversary_or_expiry":"2027-11-04T00:00:00","area_ha":55.75,"tenure_type":"Cell 30\" X 30\"","jurisdiction":"Quebec","source":"GESTIM active titles","as_of":"2026-09-16T00:00:00","role":"neighbor","company_id":"barrick","color":"#c27ae0"},"geometry":{"type":"Polygon","coordinates":[[[-75.825,49.63333],[-75.81667,49.63333],[-75.81667,49.64167],[-75.825,49.64167],[-75.825,49.63333]]]}},{"type":"Feature","properties":{"claim_id":"2193555","claim_name":"Décision 32-22376 - Agrandissement 42,2   2015/06/10, Période de validité suspendue du 9 avril 2020 au 9 avril 2021, Déc. minis. 2020-04-09, (32-22283)","holder":"Entreprises Minières Globex Inc","status":"Active","recorded_date":"2009-11-05T00:00:00","anniversary_or_expiry":"2027-11-04T00:00:00","area_ha":55.75,"tenure_type":"Cell 30\" X 30\"","jurisdiction":"Quebec","source":"GESTIM active titles","as_of":"2026-09-16T00:00:00","role":"neighbor","company_id":"barrick","color":"#c27ae0"},"geometry":{"type":"Polygon","coordinates":[[[-75.81667,49.63333],[-75.80833,49.63333],[-75.80833,49.64167],[-75.81667,49.64167],[-75.81667,49.63333]]]}},{"type":"Feature","properties":{"claim_id":"2193556","claim_name":"Décision 32-22376 - Agrandissement 42,2   2015/06/10, Période de validité suspendue du 9 avril 2020 au 9 avril 2021, Déc. minis. 2020-04-09, (32-22283)","holder":"Entreprises Minières Globex Inc","status":"Active","recorded_date":"2009-11-05T00:00:00","anniversary_or_expiry":"2027-11-04T00:00:00","area_ha":55.75,"tenure_type":"Cell 30\" X 30\"","jurisdiction":"Quebec","source":"GESTIM active titles","as_of":"2026-09-16T00:00:00","role":"neighbor","company_id":"barrick","color":"#c27ae0"},"geometry":{"type":"Polygon","coordinates":[[[-75.80833,49.63333],[-75.8,49.63333],[-75.8,49.64167],[-75.80833,49.64167],[-75.80833,49.63333]]]}},{"type":"Feature","properties":{"claim_id":"2562872","claim_name":"Décision 32-22376 - PL 103","holder":"Exploration Midland inc.","status":"Active","recorded_date":"2020-04-22T00:00:00","anniversary_or_expiry":"2028-04-21T00:00:00","area_ha":55.75,"tenure_type":"Cell 30\" X 30\"","jurisdiction":"Quebec","source":"GESTIM active titles","as_of":"2026-09-16T00:00:00","role":"neighbor","company_id":"barrick","color":"#5ec8c5"},"geometry":{"type":"Polygon","coordinates":[[[-75.8,49.63333],[-75.79167,49.63333],[-75.79167,49.64167],[-75.8,49.64167],[-75.8,49.63333]]]}},{"type":"Feature","properties":{"claim_id":"2562873","claim_name":"Décision 32-22376 - PL 103","holder":"Exploration Midland inc.","status":"Active","recorded_date":"2020-04-22T00:00:00","anniversary_or_expiry":"2028-04-21T00:00:00","area_ha":55.75,"tenure_type":"Cell 30\" X 30\"","jurisdiction":"Quebec","source":"GESTIM active titles","as_of":"2026-09-16T00:00:00","role":"neighbor","company_id":"barrick","color":"#5ec8c5"},"geometry":{"type":"Polygon","coordinates":[[[-75.79167,49.63333],[-75.78333,49.63333],[-75.78333,49.64167],[-75.79167,49.64167],[-75.79167,49.63333]]]}},{"type":"Feature","properties":{"claim_id":"2562874","claim_name":"Décision 32-22376 - PL 103","holder":"Exploration Midland inc.","status":"Active","recorded_date":"2020-04-22T00:00:00","anniversary_or_expiry":"2028-04-21T00:00:00","area_ha":55.75,"tenure_type":"Cell 30\" X 30\"","jurisdiction":"Quebec","source":"GESTIM active titles","as_of":"2026-09-16T00:00:00","role":"neighbor","company_id":"barrick","color":"#5ec8c5"},"geometry":{"type":"Polygon","coordinates":[[[-75.78333,49.63333],[-75.775,49.63333],[-75.775,49.64167],[-75.78333,49.64167],[-75.78333,49.63333]]]}},{"type":"Feature","properties":{"claim_id":"2562876","claim_name":"Décision 32-22376 - PL 103","holder":"Exploration Midland inc.","status":"Active","recorded_date":"2020-04-22T00:00:00","anniversary_or_expiry":"2028-04-21T00:00:00","area_ha":55.75,"tenure_type":"Cell 30\" X 30\"","jurisdiction":"Quebec","source":"GESTIM active titles","as_of":"2026-09-16T00:00:00","role":"neighbor","company_id":"barrick","color":"#5ec8c5"},"geometry":{"type":"Polygon","coordinates":[[[-75.76667,49.63333],[-75.75833,49.63333],[-75.75833,49.64167],[-75.76667,49.64167],[-75.76667,49.63333]]]}},{"type":"Feature","properties":{"claim_id":"2562877","claim_name":"Décision 32-22376 - PL 103","holder":"Exploration Midland inc.","status":"Active","recorded_date":"2020-04-22T00:00:00","anniversary_or_expiry":"2028-04-21T00:00:00","area_ha":55.75,"tenure_type":"Cell 30\" X 30\"","jurisdiction":"Quebec","source":"GESTIM active titles","as_of":"2026-09-16T00:00:00","role":"neighbor","company_id":"barrick","color":"#5ec8c5"},"geometry":{"type":"Polygon","coordinates":[[[-75.75833,49.63333],[-75.75,49.63333],[-75.75,49.64167],[-75.75833,49.64167],[-75.75833,49.63333]]]}},{"type":"Feature","properties":{"claim_id":"2853444","claim_name":"32G12 X 0018 0023 0","holder":"Eagle Ridge Mining Ltd.","status":"Active","recorded_date":"2025-07-26T00:00:00","anniversary_or_expiry":"2028-07-25T00:00:00","area_ha":55.74,"tenure_type":"Cell 30\" X 30\"","jurisdiction":"Quebec","source":"GESTIM active titles","as_of":"2026-09-16T00:00:00","role":"neighbor","company_id":"barrick","color":"#8d6e63"},"geometry":{"type":"Polygon","coordinates":[[[-75.81667,49.64167],[-75.80833,49.64167],[-75.80833,49.65],[-75.81667,49.65],[-75.81667,49.64167]]]}},{"type":"Feature","properties":{"claim_id":"2562886","claim_name":"Décision 32-22376 - PL 103","holder":"Exploration Midland inc.","status":"Active","recorded_date":"2020-04-22T00:00:00","anniversary_or_expiry":"2028-04-21T00:00:00","area_ha":55.74,"tenure_type":"Cell 30\" X 30\"","jurisdiction":"Quebec","source":"GESTIM active titles","as_of":"2026-09-16T00:00:00","role":"neighbor","company_id":"barrick","color":"#5ec8c5"},"geometry":{"type":"Polygon","coordinates":[[[-75.80833,49.64167],[-75.8,49.64167],[-75.8,49.65],[-75.80833,49.65],[-75.80833,49.64167]]]}},{"type":"Feature","properties":{"claim_id":"2562887","claim_name":"Décision 32-22376 - PL 103","holder":"Exploration Midland inc.","status":"Active","recorded_date":"2020-04-22T00:00:00","anniversary_or_expiry":"2028-04-21T00:00:00","area_ha":55.74,"tenure_type":"Cell 30\" X 30\"","jurisdiction":"Quebec","source":"GESTIM active titles","as_of":"2026-09-16T00:00:00","role":"neighbor","company_id":"barrick","color":"#5ec8c5"},"geometry":{"type":"Polygon","coordinates":[[[-75.8,49.64167],[-75.79167,49.64167],[-75.79167,49.65],[-75.8,49.65],[-75.8,49.64167]]]}},{"type":"Feature","properties":{"claim_id":"2562888","claim_name":"Décision 32-22376 - PL 103","holder":"Exploration Midland inc.","status":"Active","recorded_date":"2020-04-22T00:00:00","anniversary_or_expiry":"2028-04-21T00:00:00","area_ha":55.74,"tenure_type":"Cell 30\" X 30\"","jurisdiction":"Quebec","source":"GESTIM active titles","as_of":"2026-09-16T00:00:00","role":"neighbor","company_id":"barrick","color":"#5ec8c5"},"geometry":{"type":"Polygon","coordinates":[[[-75.79167,49.64167],[-75.78333,49.64167],[-75.78333,49.65],[-75.79167,49.65],[-75.79167,49.64167]]]}},{"type":"Feature","properties":{"claim_id":"2562889","claim_name":"Décision 32-22376 - PL 103","holder":"Exploration Midland inc.","status":"Active","recorded_date":"2020-04-22T00:00:00","anniversary_or_expiry":"2028-04-21T00:00:00","area_ha":55.74,"tenure_type":"Cell 30\" X 30\"","jurisdiction":"Quebec","source":"GESTIM active titles","as_of":"2026-09-16T00:00:00","role":"neighbor","company_id":"barrick","color":"#5ec8c5"},"geometry":{"type":"Polygon","coordinates":[[[-75.78333,49.64167],[-75.775,49.64167],[-75.775,49.65],[-75.78333,49.65],[-75.78333,49.64167]]]}},{"type":"Feature","properties":{"claim_id":"2562890","claim_name":"Décision 32-22376 - PL 103","holder":"Exploration Midland inc.","status":"Active","recorded_date":"2020-04-22T00:00:00","anniversary_or_expiry":"2028-04-21T00:00:00","area_ha":55.74,"tenure_type":"Cell 30\" X 30\"","jurisdiction":"Quebec","source":"GESTIM active titles","as_of":"2026-09-16T00:00:00","role":"neighbor","company_id":"barrick","color":"#5ec8c5"},"geometry":{"type":"Polygon","coordinates":[[[-75.775,49.64167],[-75.76667,49.64167],[-75.76667,49.65],[-75.775,49.65],[-75.775,49.64167]]]}},{"type":"Feature","properties":{"claim_id":"2562891","claim_name":"Décision 32-22376 - PL 103","holder":"Exploration Midland inc.","status":"Active","recorded_date":"2020-04-22T00:00:00","anniversary_or_expiry":"2028-04-21T00:00:00","area_ha":55.74,"tenure_type":"Cell 30\" X 30\"","jurisdiction":"Quebec","source":"GESTIM active titles","as_of":"2026-09-16T00:00:00","role":"neighbor","company_id":"barrick","color":"#5ec8c5"},"geometry":{"type":"Polygon","coordinates":[[[-75.76667,49.64167],[-75.75833,49.64167],[-75.75833,49.65],[-75.76667,49.65],[-75.76667,49.64167]]]}},{"type":"Feature","properties":{"claim_id":"2562892","claim_name":"Décision 32-22376 - PL 103","holder":"Exploration Midland inc.","status":"Active","recorded_date":"2020-04-22T00:00:00","anniversary_or_expiry":"2028-04-21T00:00:00","area_ha":55.74,"tenure_type":"Cell 30\" X 30\"","jurisdiction":"Quebec","source":"GESTIM active titles","as_of":"2026-09-16T00:00:00","role":"neighbor","company_id":"barrick","color":"#5ec8c5"},"geometry":{"type":"Polygon","coordinates":[[[-75.75833,49.64167],[-75.75,49.64167],[-75.75,49.65],[-75.75833,49.65],[-75.75833,49.64167]]]}},{"type":"Feature","properties":{"claim_id":"2853446","claim_name":"32G12 X 0019 0023 0","holder":"Eagle Ridge Mining Ltd.","status":"Active","recorded_date":"2025-07-26T00:00:00","anniversary_or_expiry":"2028-07-25T00:00:00","area_ha":55.73,"tenure_type":"Cell 30\" X 30\"","jurisdiction":"Quebec","source":"GESTIM active titles","as_of":"2026-09-16T00:00:00","role":"neighbor","company_id":"barrick","color":"#8d6e63"},"geometry":{"type":"Polygon","coordinates":[[[-75.81667,49.65],[-75.80833,49.65],[-75.80833,49.65833],[-75.81667,49.65833],[-75.81667,49.65]]]}},{"type":"Feature","properties":{"claim_id":"2562901","claim_name":"Décision 32-22376 - PL 103","holder":"Exploration Midland inc.","status":"Active","recorded_date":"2020-04-22T00:00:00","anniversary_or_expiry":"2028-04-21T00:00:00","area_ha":55.73,"tenure_type":"Cell 30\" X 30\"","jurisdiction":"Quebec","source":"GESTIM active titles","as_of":"2026-09-16T00:00:00","role":"neighbor","company_id":"barrick","color":"#5ec8c5"},"geometry":{"type":"Polygon","coordinates":[[[-75.80833,49.65],[-75.8,49.65],[-75.8,49.65833],[-75.80833,49.65833],[-75.80833,49.65]]]}},{"type":"Feature","properties":{"claim_id":"2562902","claim_name":"Décision 32-22376 - PL 103","holder":"Exploration Midland inc.","status":"Active","recorded_date":"2020-04-22T00:00:00","anniversary_or_expiry":"2028-04-21T00:00:00","area_ha":55.73,"tenure_type":"Cell 30\" X 30\"","jurisdiction":"Quebec","source":"GESTIM active titles","as_of":"2026-09-16T00:00:00","role":"neighbor","company_id":"barrick","color":"#5ec8c5"},"geometry":{"type":"Polygon","coordinates":[[[-75.8,49.65],[-75.79167,49.65],[-75.79167,49.65833],[-75.8,49.65833],[-75.8,49.65]]]}},{"type":"Feature","properties":{"claim_id":"2562903","claim_name":"Décision 32-22376 - PL 103","holder":"Exploration Midland inc.","status":"Active","recorded_date":"2020-04-22T00:00:00","anniversary_or_expiry":"2028-04-21T00:00:00","area_ha":55.73,"tenure_type":"Cell 30\" X 30\"","jurisdiction":"Quebec","source":"GESTIM active titles","as_of":"2026-09-16T00:00:00","role":"neighbor","company_id":"barrick","color":"#5ec8c5"},"geometry":{"type":"Polygon","coordinates":[[[-75.79167,49.65],[-75.78333,49.65],[-75.78333,49.65833],[-75.79167,49.65833],[-75.79167,49.65]]]}},{"type":"Feature","properties":{"claim_id":"2562904","claim_name":"Décision 32-22376 - PL 103","holder":"Exploration Midland inc.","status":"Active","recorded_date":"2020-04-22T00:00:00","anniversary_or_expiry":"2028-04-21T00:00:00","area_ha":55.73,"tenure_type":"Cell 30\" X 30\"","jurisdiction":"Quebec","source":"GESTIM active titles","as_of":"2026-09-16T00:00:00","role":"neighbor","company_id":"barrick","color":"#5ec8c5"},"geometry":{"type":"Polygon","coordinates":[[[-75.78333,49.65],[-75.775,49.65],[-75.775,49.65833],[-75.78333,49.65833],[-75.78333,49.65]]]}},{"type":"Feature","properties":{"claim_id":"2562905","claim_name":"Décision 32-22376 - PL 103","holder":"Exploration Midland inc.","status":"Active","recorded_date":"2020-04-22T00:00:00","anniversary_or_expiry":"2028-04-21T00:00:00","area_ha":55.73,"tenure_type":"Cell 30\" X 30\"","jurisdiction":"Quebec","source":"GESTIM active titles","as_of":"2026-09-16T00:00:00","role":"neighbor","company_id":"barrick","color":"#5ec8c5"},"geometry":{"type":"Polygon","coordinates":[[[-75.775,49.65],[-75.76667,49.65],[-75.76667,49.65833],[-75.775,49.65833],[-75.775,49.65]]]}},{"type":"Feature","properties":{"claim_id":"2562871","claim_name":"Décision 32-22376 - PL 103","holder":"Exploration Midland inc.","status":"Active","recorded_date":"2020-04-22T00:00:00","anniversary_or_expiry":"2028-04-21T00:00:00","area_ha":55.76,"tenure_type":"Cell 30\" X 30\"","jurisdiction":"Quebec","source":"GESTIM active titles","as_of":"2026-09-16T00:00:00","role":"neighbor","company_id":"barrick","color":"#5ec8c5"},"geometry":{"type":"Polygon","coordinates":[[[-75.70833,49.625],[-75.7,49.625],[-75.7,49.63333],[-75.70833,49.63333],[-75.70833,49.625]]]}},{"type":"Feature","properties":{"claim_id":"2885955","claim_name":"32G12 X 0009 0028 0","holder":"Michael Ferreira","status":"Active","recorded_date":"2026-09-01T00:00:00","anniversary_or_expiry":"2029-08-31T00:00:00","area_ha":55.83,"tenure_type":"Cell 30\" X 30\"","jurisdiction":"Quebec","source":"GESTIM active titles","as_of":"2026-09-16T00:00:00","role":"neighbor","company_id":"barrick","color":"#7cb342"},"geometry":{"type":"Polygon","coordinates":[[[-75.775,49.56667],[-75.76667,49.56667],[-75.76667,49.575],[-75.775,49.575],[-75.775,49.56667]]]}},{"type":"Feature","properties":{"claim_id":"2885966","claim_name":"32G12 X 0010 0025 0","holder":"Michael Ferreira","status":"Active","recorded_date":"2026-09-01T00:00:00","anniversary_or_expiry":"2029-08-31T00:00:00","area_ha":55.82,"tenure_type":"Cell 30\" X 30\"","jurisdiction":"Quebec","source":"GESTIM active titles","as_of":"2026-09-16T00:00:00","role":"neighbor","company_id":"barrick","color":"#7cb342"},"geometry":{"type":"Polygon","coordinates":[[[-75.8,49.575],[-75.79167,49.575],[-75.79167,49.58333],[-75.8,49.58333],[-75.8,49.575]]]}},{"type":"Feature","properties":{"claim_id":"2780725","claim_name":"32G12 X 0010 0037 0","holder":"Explorations Carat inc. (Les)","status":"Active","recorded_date":"2023-07-19T00:00:00","anniversary_or_expiry":"2026-07-18T00:00:00","area_ha":55.82,"tenure_type":"Cell 30\" X 30\"","jurisdiction":"Quebec","source":"GESTIM active titles","as_of":"2026-09-16T00:00:00","role":"neighbor","company_id":"barrick","color":"#ef6c00"},"geometry":{"type":"Polygon","coordinates":[[[-75.7,49.575],[-75.69167,49.575],[-75.69167,49.58333],[-75.7,49.58333],[-75.7,49.575]]]}},{"type":"Feature","properties":{"claim_id":"2562831","claim_name":"Décision 32-22376 - PL 103","holder":"Exploration Midland inc.","status":"Active","recorded_date":"2020-04-22T00:00:00","anniversary_or_expiry":"2028-04-21T00:00:00","area_ha":55.81,"tenure_type":"Cell 30\" X 30\"","jurisdiction":"Quebec","source":"GESTIM active titles","as_of":"2026-09-16T00:00:00","role":"neighbor","company_id":"barrick","color":"#5ec8c5"},"geometry":{"type":"Polygon","coordinates":[[[-75.775,49.58333],[-75.76667,49.58333],[-75.76667,49.59167],[-75.775,49.59167],[-75.775,49.58333]]]}},{"type":"Feature","properties":{"claim_id":"2562834","claim_name":"Décision 32-22376 - PL 103","holder":"Exploration Midland inc.","status":"Active","recorded_date":"2020-04-22T00:00:00","anniversary_or_expiry":"2028-04-21T00:00:00","area_ha":55.81,"tenure_type":"Cell 30\" X 30\"","jurisdiction":"Quebec","source":"GESTIM active titles","as_of":"2026-09-16T00:00:00","role":"neighbor","company_id":"barrick","color":"#5ec8c5"},"geometry":{"type":"Polygon","coordinates":[[[-75.74167,49.58333],[-75.73333,49.58333],[-75.73333,49.59167],[-75.74167,49.59167],[-75.74167,49.58333]]]}},{"type":"Feature","properties":{"claim_id":"2780737","claim_name":"32G12 X 0011 0038 0","holder":"Explorations Carat inc. (Les)","status":"Active","recorded_date":"2023-07-19T00:00:00","anniversary_or_expiry":"2026-07-18T00:00:00","area_ha":55.81,"tenure_type":"Cell 30\" X 30\"","jurisdiction":"Quebec","source":"GESTIM active titles","as_of":"2026-09-16T00:00:00","role":"neighbor","company_id":"barrick","color":"#ef6c00"},"geometry":{"type":"Polygon","coordinates":[[[-75.69167,49.58333],[-75.68333,49.58333],[-75.68333,49.59167],[-75.69167,49.59167],[-75.69167,49.58333]]]}},{"type":"Feature","properties":{"claim_id":"2516222","claim_name":"Décision 32-22376 - Période de validité suspendue du 9 avril 2020 au 9 avril 2021, Déc. minis. 2020-04-09, (32-22283)","holder":"Entreprises Minières Globex Inc","status":"Active","recorded_date":"2018-04-10T00:00:00","anniversary_or_expiry":"2028-04-09T00:00:00","area_ha":55.8,"tenure_type":"Cell 30\" X 30\"","jurisdiction":"Quebec","source":"GESTIM active titles","as_of":"2026-09-16T00:00:00","role":"neighbor","company_id":"barrick","color":"#c27ae0"},"geometry":{"type":"Polygon","coordinates":[[[-75.8,49.59167],[-75.79167,49.59167],[-75.79167,49.6],[-75.8,49.6],[-75.8,49.59167]]]}},{"type":"Feature","properties":{"claim_id":"2562844","claim_name":"Décision 32-22376 - PL 103","holder":"Exploration Midland inc.","status":"Active","recorded_date":"2020-04-22T00:00:00","anniversary_or_expiry":"2028-04-21T00:00:00","area_ha":55.8,"tenure_type":"Cell 30\" X 30\"","jurisdiction":"Quebec","source":"GESTIM active titles","as_of":"2026-09-16T00:00:00","role":"neighbor","company_id":"barrick","color":"#5ec8c5"},"geometry":{"type":"Polygon","coordinates":[[[-75.73333,49.59167],[-75.725,49.59167],[-75.725,49.6],[-75.73333,49.6],[-75.73333,49.59167]]]}},{"type":"Feature","properties":{"claim_id":"2562850","claim_name":"Décision 32-22376 - PL 103","holder":"Exploration Midland inc.","status":"Active","recorded_date":"2020-04-22T00:00:00","anniversary_or_expiry":"2028-04-21T00:00:00","area_ha":55.8,"tenure_type":"Cell 30\" X 30\"","jurisdiction":"Quebec","source":"GESTIM active titles","as_of":"2026-09-16T00:00:00","role":"neighbor","company_id":"barrick","color":"#5ec8c5"},"geometry":{"type":"Polygon","coordinates":[[[-75.68333,49.59167],[-75.675,49.59167],[-75.675,49.6],[-75.68333,49.6],[-75.68333,49.59167]]]}},{"type":"Feature","properties":{"claim_id":"2505960","claim_name":"Décision 32-22376 - Période de validité suspendue du 9 avril 2020 au 9 avril 2021, Déc. minis. 2020-04-09, (32-22283)","holder":"Entreprises Minières Globex Inc","status":"Active","recorded_date":"2017-11-22T00:00:00","anniversary_or_expiry":"2027-11-21T00:00:00","area_ha":55.79,"tenure_type":"Cell 30\" X 30\"","jurisdiction":"Quebec","source":"GESTIM active titles","as_of":"2026-09-16T00:00:00","role":"neighbor","company_id":"barrick","color":"#c27ae0"},"geometry":{"type":"Polygon","coordinates":[[[-75.79167,49.6],[-75.78333,49.6],[-75.78333,49.60833],[-75.79167,49.60833],[-75.79167,49.6]]]}},{"type":"Feature","properties":{"claim_id":"2515385","claim_name":"Décision 32-22376 - Période de validité suspendue du 9 avril 2020 au 9 avril 2021, Déc. minis. 2020-04-09, (32-22283)","holder":"Entreprises Minières Globex Inc","status":"Active","recorded_date":"2018-04-04T00:00:00","anniversary_or_expiry":"2028-04-03T00:00:00","area_ha":55.78,"tenure_type":"Cell 30\" X 30\"","jurisdiction":"Quebec","source":"GESTIM active titles","as_of":"2026-09-16T00:00:00","role":"neighbor","company_id":"barrick","color":"#c27ae0"},"geometry":{"type":"Polygon","coordinates":[[[-75.8,49.60833],[-75.79167,49.60833],[-75.79167,49.61667],[-75.8,49.61667],[-75.8,49.60833]]]}},{"type":"Feature","properties":{"claim_id":"2545034","claim_name":"Décision 32-22376 - PL 103 Période de validité suspendue du 9 avril 2020 au 9 avril 2021, Déc. minis. 2020-04-09, (32-22283)","holder":"Entreprises Minières Globex Inc","status":"Active","recorded_date":"2019-10-18T00:00:00","anniversary_or_expiry":"2026-10-17T00:00:00","area_ha":55.77,"tenure_type":"Cell 30\" X 30\"","jurisdiction":"Quebec","source":"GESTIM active titles","as_of":"2026-09-16T00:00:00","role":"neighbor","company_id":"barrick","color":"#c27ae0"},"geometry":{"type":"Polygon","coordinates":[[[-75.825,49.61667],[-75.81667,49.61667],[-75.81667,49.625],[-75.825,49.625],[-75.825,49.61667]]]}},{"type":"Feature","properties":{"claim_id":"2562746","claim_name":"Décision 32-22376 - PL 103","holder":"Exploration Midland inc.","status":"Active","recorded_date":"2020-04-22T00:00:00","anniversary_or_expiry":"2028-04-21T00:00:00","area_ha":55.77,"tenure_type":"Cell 30\" X 30\"","jurisdiction":"Quebec","source":"GESTIM active titles","as_of":"2026-09-16T00:00:00","role":"neighbor","company_id":"barrick","color":"#5ec8c5"},"geometry":{"type":"Polygon","coordinates":[[[-75.65833,49.61667],[-75.65,49.61667],[-75.65,49.625],[-75.65833,49.625],[-75.65833,49.61667]]]}},{"type":"Feature","properties":{"claim_id":"2562875","claim_name":"Décision 32-22376 - PL 103","holder":"Exploration Midland inc.","status":"Active","recorded_date":"2020-04-22T00:00:00","anniversary_or_expiry":"2028-04-21T00:00:00","area_ha":55.75,"tenure_type":"Cell 30\" X 30\"","jurisdiction":"Quebec","source":"GESTIM active titles","as_of":"2026-09-16T00:00:00","role":"neighbor","company_id":"barrick","color":"#5ec8c5"},"geometry":{"type":"Polygon","coordinates":[[[-75.775,49.63333],[-75.76667,49.63333],[-75.76667,49.64167],[-75.775,49.64167],[-75.775,49.63333]]]}},{"type":"Feature","properties":{"claim_id":"2562898","claim_name":"Décision 32-22376 - PL 103","holder":"Exploration Midland inc.","status":"Active","recorded_date":"2020-04-22T00:00:00","anniversary_or_expiry":"2028-04-21T00:00:00","area_ha":55.74,"tenure_type":"Cell 30\" X 30\"","jurisdiction":"Quebec","source":"GESTIM active titles","as_of":"2026-09-16T00:00:00","role":"neighbor","company_id":"barrick","color":"#5ec8c5"},"geometry":{"type":"Polygon","coordinates":[[[-75.70833,49.64167],[-75.7,49.64167],[-75.7,49.65],[-75.70833,49.65],[-75.70833,49.64167]]]}},{"type":"Feature","properties":{"claim_id":"2562893","claim_name":"Décision 32-22376 - PL 103","holder":"Exploration Midland inc.","status":"Active","recorded_date":"2020-04-22T00:00:00","anniversary_or_expiry":"2028-04-21T00:00:00","area_ha":55.74,"tenure_type":"Cell 30\" X 30\"","jurisdiction":"Quebec","source":"GESTIM active titles","as_of":"2026-09-16T00:00:00","role":"neighbor","company_id":"barrick","color":"#5ec8c5"},"geometry":{"type":"Polygon","coordinates":[[[-75.75,49.64167],[-75.74167,49.64167],[-75.74167,49.65],[-75.75,49.65],[-75.75,49.64167]]]}}]}