{"type": "FeatureCollection", "features": [{"type": "Feature", "geometry": {"type": "Polygon", "coordinates": [[[-65.3583333433687, 59.50833333999598], [-65.35833334163782, 59.516666676405], [-65.35000000913682, 59.5166666717594], [-65.35000000007365, 59.50833334176354], [-65.3583333433687, 59.50833333999598]]]}, "properties": {"company_id": "big-ridge-gold", "jurisdiction": "Quebec", "claim_id": "", "claim_name": null, "holder": "Eagle Ridge Mining Ltd.", "status": "Active", "recorded_date": null, "anniversary_or_expiry": null, "area_ha": null, "tenure_type": null, "source": "GESTIM active titles (MRNF digital data dump). Not legal title.", "as_of": "2026-09-20", "role": "focus", "color": "#e8b040"}}, {"type": "Feature", "geometry": {"type": "Polygon", "coordinates": [[[-65.35000000007365, 59.50833334176354], [-65.35000000913682, 59.5166666717594], [-65.34166666598381, 59.51666667507671], [-65.34166666314339, 59.5083333421185], [-65.35000000007365, 59.50833334176354]]]}, "properties": {"company_id": "big-ridge-gold", "jurisdiction": "Quebec", "claim_id": "", "claim_name": null, "holder": "Eagle Ridge Mining Ltd.", "status": "Active", "recorded_date": null, "anniversary_or_expiry": null, "area_ha": null, "tenure_type": null, "source": "GESTIM active titles (MRNF digital data dump). Not legal title.", "as_of": "2026-09-20", "role": "focus", "color": "#e8b040"}}, {"type": "Feature", "geometry": {"type": "Polygon", "coordinates": [[[-65.34166666314339, 59.5083333421185], [-65.34166666598381, 59.51666667507671], [-65.33333332912365, 59.5166666770708], [-65.33333333249334, 59.508333341065295], [-65.34166666314339, 59.5083333421185]]]}, "properties": {"company_id": "big-ridge-gold", "jurisdiction": "Quebec", "claim_id": "", "claim_name": null, "holder": "Eagle Ridge Mining Ltd.", "status": "Active", "recorded_date": null, "anniversary_or_expiry": null, "area_ha": null, "tenure_type": null, "source": "GESTIM active titles (MRNF digital data dump). Not legal title.", "as_of": "2026-09-20", "role": "focus", "color": "#e8b040"}}, {"type": "Feature", "geometry": {"type": "Polygon", "coordinates": [[[-65.33333333249334, 59.508333341065295], [-65.33333332912365, 59.5166666770708], [-65.32499999847168, 59.516666677745974], [-65.32500000803893, 59.50833333860832], [-65.33333333249334, 59.508333341065295]]]}, "properties": {"company_id": "big-ridge-gold", "jurisdiction": "Quebec", "claim_id": "", "claim_name": null, "holder": "Eagle Ridge Mining Ltd.", "status": "Active", "recorded_date": null, "anniversary_or_expiry": null, "area_ha": null, "tenure_type": null, "source": "GESTIM active titles (MRNF digital data dump). Not legal title.", "as_of": "2026-09-20", "role": "focus", "color": "#e8b040"}}, {"type": "Feature", "geometry": {"type": "Polygon", "coordinates": [[[-75.86666666967061, 49.63333333493965], [-75.86666666752622, 49.64166666936097], [-75.85833333223142, 49.641666668351], [-75.85833333017636, 49.63333333688225], [-75.86666666967061, 49.63333333493965]]]}, "properties": {"company_id": "big-ridge-gold", "jurisdiction": "Quebec", "claim_id": "", "claim_name": null, "holder": "Eagle Ridge Mining Ltd.", "status": "Active", "recorded_date": null, "anniversary_or_expiry": null, "area_ha": null, "tenure_type": null, "source": "GESTIM active titles (MRNF digital data dump). Not legal title.", "as_of": "2026-09-20", "role": "focus", "color": "#e8b040"}}, {"type": "Feature", "geometry": {"type": "Polygon", "coordinates": [[[-75.85833333017636, 49.63333333688225], [-75.85833333223142, 49.641666668351], [-75.84999999989454, 49.64166667008519], [-75.84999999347677, 49.633333332546584], [-75.85833333017636, 49.63333333688225]]]}, "properties": {"company_id": "big-ridge-gold", "jurisdiction": "Quebec", "claim_id": "", "claim_name": null, "holder": "Eagle Ridge Mining Ltd.", "status": "Active", "recorded_date": null, "anniversary_or_expiry": null, "area_ha": null, "tenure_type": null, "source": "GESTIM active titles (MRNF digital data dump). Not legal title.", "as_of": "2026-09-20", "role": "focus", "color": "#e8b040"}}, {"type": "Feature", "geometry": {"type": "Polygon", "coordinates": [[[-75.84999999347677, 49.633333332546584], [-75.84999999989454, 49.64166667008519], [-75.84166667033085, 49.64166666557279], [-75.84166667370366, 49.633333339822045], [-75.84999999347677, 49.633333332546584]]]}, "properties": {"company_id": "big-ridge-gold", "jurisdiction": "Quebec", "claim_id": "", "claim_name": null, "holder": "Eagle Ridge Mining Ltd.", "status": "Active", "recorded_date": null, "anniversary_or_expiry": null, "area_ha": null, "tenure_type": null, "source": "GESTIM active titles (MRNF digital data dump). Not legal title.", "as_of": "2026-09-20", "role": "focus", "color": "#e8b040"}}, {"type": "Feature", "geometry": {"type": "Polygon", "coordinates": [[[-75.84166667370366, 49.633333339822045], [-75.84166667033085, 49.64166666557279], [-75.83333332997303, 49.64166667290353], [-75.8333333289753, 49.63333334102619], [-75.84166667370366, 49.633333339822045]]]}, "properties": {"company_id": "big-ridge-gold", "jurisdiction": "Quebec", "claim_id": "", "claim_name": null, "holder": "Eagle Ridge Mining Ltd.", "status": "Active", "recorded_date": null, "anniversary_or_expiry": null, "area_ha": null, "tenure_type": null, "source": "GESTIM active titles (MRNF digital data dump). Not legal title.", "as_of": "2026-09-20", "role": "focus", "color": "#e8b040"}}, {"type": "Feature", "geometry": {"type": "Polygon", "coordinates": [[[-75.84999999989454, 49.64166667008519], [-75.84999999670025, 49.650000004894984], [-75.84166667132698, 49.650000006476745], [-75.84166667033085, 49.64166666557279], [-75.84999999989454, 49.64166667008519]]]}, "properties": {"company_id": "big-ridge-gold", "jurisdiction": "Quebec", "claim_id": "", "claim_name": null, "holder": "Eagle Ridge Mining Ltd.", "status": "Active", "recorded_date": null, "anniversary_or_expiry": null, "area_ha": null, "tenure_type": null, "source": "GESTIM active titles (MRNF digital data dump). Not legal title.", "as_of": "2026-09-20", "role": "focus", "color": "#e8b040"}}, {"type": "Feature", "geometry": {"type": "Polygon", "coordinates": [[[-75.84166667033085, 49.64166666557279], [-75.84166667132698, 49.650000006476745], [-75.8333333348537, 49.65000000194325], [-75.83333332997303, 49.64166667290353], [-75.84166667033085, 49.64166666557279]]]}, "properties": {"company_id": "big-ridge-gold", "jurisdiction": "Quebec", "claim_id": "", "claim_name": null, "holder": "Eagle Ridge Mining Ltd.", "status": "Active", "recorded_date": null, "anniversary_or_expiry": null, "area_ha": null, "tenure_type": null, "source": "GESTIM active titles (MRNF digital data dump). Not legal title.", "as_of": "2026-09-20", "role": "focus", "color": "#e8b040"}}, {"type": "Feature", "geometry": {"type": "Polygon", "coordinates": [[[-75.83333332997303, 49.64166667290353], [-75.8333333348537, 49.65000000194325], [-75.82500000125896, 49.65000000018912], [-75.82500000618143, 49.64166667389248], [-75.83333332997303, 49.64166667290353]]]}, "properties": {"company_id": "big-ridge-gold", "jurisdiction": "Quebec", "claim_id": "", "claim_name": null, "holder": "Eagle Ridge Mining Ltd.", "status": "Active", "recorded_date": null, "anniversary_or_expiry": null, "area_ha": null, "tenure_type": null, "source": "GESTIM active titles (MRNF digital data dump). Not legal title.", "as_of": "2026-09-20", "role": "focus", "color": "#e8b040"}}, {"type": "Feature", "geometry": {"type": "Polygon", "coordinates": [[[-75.82500000618143, 49.64166667389248], [-75.82500000125896, 49.65000000018912], [-75.81666667051297, 49.650000001217215], [-75.8166666712324, 49.64166666874076], [-75.82500000618143, 49.64166667389248]]]}, "properties": {"company_id": "big-ridge-gold", "jurisdiction": "Quebec", "claim_id": "", "claim_name": null, "holder": "Eagle Ridge Mining Ltd.", "status": "Active", "recorded_date": null, "anniversary_or_expiry": null, "area_ha": null, "tenure_type": null, "source": "GESTIM active titles (MRNF digital data dump). Not legal title.", "as_of": "2026-09-20", "role": "focus", "color": "#e8b040"}}, {"type": "Feature", "geometry": {"type": "Polygon", "coordinates": [[[-75.8166666712324, 49.64166666874076], [-75.81666667051297, 49.650000001217215], [-75.80833332873432, 49.65000000512693], [-75.80833333909911, 49.64166666634504], [-75.8166666712324, 49.64166666874076]]]}, "properties": {"company_id": "big-ridge-gold", "jurisdiction": "Quebec", "claim_id": "", "claim_name": null, "holder": "Eagle Ridge Mining Ltd.", "status": "Active", "recorded_date": null, "anniversary_or_expiry": null, "area_ha": null, "tenure_type": null, "source": "GESTIM active titles (MRNF digital data dump). Not legal title.", "as_of": "2026-09-20", "role": "focus", "color": "#e8b040"}}, {"type": "Feature", "geometry": {"type": "Polygon", "coordinates": [[[-75.82500000125896, 49.65000000018912], [-75.82500000018976, 49.65833333263894], [-75.81666667346938, 49.65833333984328], [-75.81666667051297, 49.650000001217215], [-75.82500000125896, 49.65000000018912]]]}, "properties": {"company_id": "big-ridge-gold", "jurisdiction": "Quebec", "claim_id": "", "claim_name": null, "holder": "Eagle Ridge Mining Ltd.", "status": "Active", "recorded_date": null, "anniversary_or_expiry": null, "area_ha": null, "tenure_type": null, "source": "GESTIM active titles (MRNF digital data dump). Not legal title.", "as_of": "2026-09-20", "role": "focus", "color": "#e8b040"}}, {"type": "Feature", "geometry": {"type": "Polygon", "coordinates": [[[-75.81666667051297, 49.650000001217215], [-75.81666667346938, 49.65833333984328], [-75.80833333556835, 49.658333340964546], [-75.80833332873432, 49.65000000512693], [-75.81666667051297, 49.650000001217215]]]}, "properties": {"company_id": "big-ridge-gold", "jurisdiction": "Quebec", "claim_id": "", "claim_name": null, "holder": "Eagle Ridge Mining Ltd.", "status": "Active", "recorded_date": null, "anniversary_or_expiry": null, "area_ha": null, "tenure_type": null, "source": "GESTIM active titles (MRNF digital data dump). Not legal title.", "as_of": "2026-09-20", "role": "focus", "color": "#e8b040"}}, {"type": "Feature", "geometry": {"type": "Polygon", "coordinates": [[[-78.09166666019361, 48.04166667057462], [-78.09166666577254, 48.05000000424252], [-78.08333332673517, 48.049999999136034], [-78.08333332641843, 48.04166666805924], [-78.09166666019361, 48.04166667057462]]]}, "properties": {"company_id": "big-ridge-gold", "jurisdiction": "Quebec", "claim_id": "", "claim_name": null, "holder": "Eagle Ridge Mining Ltd.", "status": "Active", "recorded_date": null, "anniversary_or_expiry": null, "area_ha": null, "tenure_type": null, "source": "GESTIM active titles (MRNF digital data dump). Not legal title.", "as_of": "2026-09-20", "role": "focus", "color": "#e8b040"}}, {"type": "Feature", "geometry": {"type": "Polygon", "coordinates": [[[-78.08333332641843, 48.04166666805924], [-78.08333332673517, 48.049999999136034], [-78.07499999420567, 48.05000000027241], [-78.07499999916718, 48.041666671768745], [-78.08333332641843, 48.04166666805924]]]}, "properties": {"company_id": "big-ridge-gold", "jurisdiction": "Quebec", "claim_id": "", "claim_name": null, "holder": "Eagle Ridge Mining Ltd.", "status": "Active", "recorded_date": null, "anniversary_or_expiry": null, "area_ha": null, "tenure_type": null, "source": "GESTIM active titles (MRNF digital data dump). Not legal title.", "as_of": "2026-09-20", "role": "focus", "color": "#e8b040"}}, {"type": "Feature", "geometry": {"type": "Polygon", "coordinates": [[[-78.03333333221764, 48.04166667217024], [-78.03333332637067, 48.050000006740945], [-78.02499999483254, 48.049999999218954], [-78.0249999926657, 48.041666666764336], [-78.03333333221764, 48.04166667217024]]]}, "properties": {"company_id": "big-ridge-gold", "jurisdiction": "Quebec", "claim_id": "", "claim_name": null, "holder": "Eagle Ridge Mining Ltd.", "status": "Active", "recorded_date": null, "anniversary_or_expiry": null, "area_ha": null, "tenure_type": null, "source": "GESTIM active titles (MRNF digital data dump). Not legal title.", "as_of": "2026-09-20", "role": "focus", "color": "#e8b040"}}, {"type": "Feature", "geometry": {"type": "Polygon", "coordinates": [[[-78.1083333247643, 48.05000000524127], [-78.1083333334721, 48.058333334893426], [-78.10000000174718, 48.05833333331231], [-78.09999999844318, 48.05000000627448], [-78.1083333247643, 48.05000000524127]]]}, "properties": {"company_id": "big-ridge-gold", "jurisdiction": "Quebec", "claim_id": "", "claim_name": null, "holder": "Eagle Ridge Mining Ltd.", "status": "Active", "recorded_date": null, "anniversary_or_expiry": null, "area_ha": null, "tenure_type": null, "source": "GESTIM active titles (MRNF digital data dump). Not legal title.", "as_of": "2026-09-20", "role": "focus", "color": "#e8b040"}}, {"type": "Feature", "geometry": {"type": "Polygon", "coordinates": [[[-78.12499999079198, 48.058333338272895], [-78.12499998936889, 48.06666667258082], [-78.11666666528066, 48.066666665442625], [-78.11666665884688, 48.058333333436664], [-78.12499999079198, 48.058333338272895]]]}, "properties": {"company_id": "big-ridge-gold", "jurisdiction": "Quebec", "claim_id": "", "claim_name": null, "holder": "Eagle Ridge Mining Ltd.", "status": "Active", "recorded_date": null, "anniversary_or_expiry": null, "area_ha": null, "tenure_type": null, "source": "GESTIM active titles (MRNF digital data dump). Not legal title.", "as_of": "2026-09-20", "role": "focus", "color": "#e8b040"}}, {"type": "Feature", "geometry": {"type": "Polygon", "coordinates": [[[-78.1083333334721, 48.058333334893426], [-78.10833333383717, 48.06666667326535], [-78.09999999652796, 48.06666666908263], [-78.10000000174718, 48.05833333331231], [-78.1083333334721, 48.058333334893426]]]}, "properties": {"company_id": "big-ridge-gold", "jurisdiction": "Quebec", "claim_id": "", "claim_name": null, "holder": "Eagle Ridge Mining Ltd.", "status": "Active", "recorded_date": null, "anniversary_or_expiry": null, "area_ha": null, "tenure_type": null, "source": "GESTIM active titles (MRNF digital data dump). Not legal title.", "as_of": "2026-09-20", "role": "focus", "color": "#e8b040"}}, {"type": "Feature", "geometry": {"type": "Polygon", "coordinates": [[[-78.07499999357687, 48.05833333788767], [-78.07499999831167, 48.06666666664434], [-78.0666666611407, 48.06666666894796], [-78.06666666256933, 48.05833333373355], [-78.07499999357687, 48.05833333788767]]]}, "properties": {"company_id": "big-ridge-gold", "jurisdiction": "Quebec", "claim_id": "", "claim_name": null, "holder": "Eagle Ridge Mining Ltd.", "status": "Active", "recorded_date": null, "anniversary_or_expiry": null, "area_ha": null, "tenure_type": null, "source": "GESTIM active titles (MRNF digital data dump). Not legal title.", "as_of": "2026-09-20", "role": "focus", "color": "#e8b040"}}, {"type": "Feature", "geometry": {"type": "Polygon", "coordinates": [[[-78.09166666573235, 48.06666667119583], [-78.09166666012916, 48.075000004482156], [-78.08333333053798, 48.07500000134746], [-78.0833333285309, 48.066666670272326], [-78.09166666573235, 48.06666667119583]]]}, "properties": {"company_id": "big-ridge-gold", "jurisdiction": "Quebec", "claim_id": "", "claim_name": null, "holder": "Eagle Ridge Mining Ltd.", "status": "Active", "recorded_date": null, "anniversary_or_expiry": null, "area_ha": null, "tenure_type": null, "source": "GESTIM active titles (MRNF digital data dump). Not legal title.", "as_of": "2026-09-20", "role": "focus", "color": "#e8b040"}}, {"type": "Feature", "geometry": {"type": "Polygon", "coordinates": [[[-78.0833333285309, 48.066666670272326], [-78.08333333053798, 48.07500000134746], [-78.07499999399563, 48.07500000417203], [-78.07499999831167, 48.06666666664434], [-78.0833333285309, 48.066666670272326]]]}, "properties": {"company_id": "big-ridge-gold", "jurisdiction": "Quebec", "claim_id": "", "claim_name": null, "holder": "Eagle Ridge Mining Ltd.", "status": "Active", "recorded_date": null, "anniversary_or_expiry": null, "area_ha": null, "tenure_type": null, "source": "GESTIM active titles (MRNF digital data dump). Not legal title.", "as_of": "2026-09-20", "role": "focus", "color": "#e8b040"}}, {"type": "Feature", "geometry": {"type": "Polygon", "coordinates": [[[-78.07499999831167, 48.06666666664434], [-78.07499999399563, 48.07500000417203], [-78.06666666439902, 48.07500000430343], [-78.0666666611407, 48.06666666894796], [-78.07499999831167, 48.06666666664434]]]}, "properties": {"company_id": "big-ridge-gold", "jurisdiction": "Quebec", "claim_id": "", "claim_name": null, "holder": "Eagle Ridge Mining Ltd.", "status": "Active", "recorded_date": null, "anniversary_or_expiry": null, "area_ha": null, "tenure_type": null, "source": "GESTIM active titles (MRNF digital data dump). Not legal title.", "as_of": "2026-09-20", "role": "focus", "color": "#e8b040"}}, {"type": "Feature", "geometry": {"type": "Polygon", "coordinates": [[[-78.09166666314832, 48.05833333766958], [-78.09166666573235, 48.06666667119583], [-78.0833333285309, 48.066666670272326], [-78.08333333156516, 48.05833333931068], [-78.09166666314832, 48.05833333766958]]]}, "properties": {"company_id": "big-ridge-gold", "jurisdiction": "Quebec", "claim_id": "", "claim_name": null, "holder": "Eagle Ridge Mining Ltd.", "status": "Active", "recorded_date": null, "anniversary_or_expiry": null, "area_ha": null, "tenure_type": null, "source": "GESTIM active titles (MRNF digital data dump). Not legal title.", "as_of": "2026-09-20", "role": "focus", "color": "#e8b040"}}, {"type": "Feature", "geometry": {"type": "Polygon", "coordinates": [[[-78.08333332673517, 48.049999999136034], [-78.08333333156516, 48.05833333931068], [-78.07499999357687, 48.05833333788767], [-78.07499999420567, 48.05000000027241], [-78.08333332673517, 48.049999999136034]]]}, "properties": {"company_id": "big-ridge-gold", "jurisdiction": "Quebec", "claim_id": "", "claim_name": null, "holder": "Eagle Ridge Mining Ltd.", "status": "Active", "recorded_date": null, "anniversary_or_expiry": null, "area_ha": null, "tenure_type": null, "source": "GESTIM active titles (MRNF digital data dump). Not legal title.", "as_of": "2026-09-20", "role": "focus", "color": "#e8b040"}}, {"type": "Feature", "geometry": {"type": "Polygon", "coordinates": [[[-78.09999999844318, 48.05000000627448], [-78.10000000174718, 48.05833333331231], [-78.09166666314832, 48.05833333766958], [-78.09166666577254, 48.05000000424252], [-78.09999999844318, 48.05000000627448]]]}, "properties": {"company_id": "big-ridge-gold", "jurisdiction": "Quebec", "claim_id": "", "claim_name": null, "holder": "Eagle Ridge Mining Ltd.", "status": "Active", "recorded_date": null, "anniversary_or_expiry": null, "area_ha": null, "tenure_type": null, "source": "GESTIM active titles (MRNF digital data dump). Not legal title.", "as_of": "2026-09-20", "role": "focus", "color": "#e8b040"}}, {"type": "Feature", "geometry": {"type": "Polygon", "coordinates": [[[-78.10000000174718, 48.05833333331231], [-78.09999999652796, 48.06666666908263], [-78.09166666573235, 48.06666667119583], [-78.09166666314832, 48.05833333766958], [-78.10000000174718, 48.05833333331231]]]}, "properties": {"company_id": "big-ridge-gold", "jurisdiction": "Quebec", "claim_id": "", "claim_name": null, "holder": "Eagle Ridge Mining Ltd.", "status": "Active", "recorded_date": null, "anniversary_or_expiry": null, "area_ha": null, "tenure_type": null, "source": "GESTIM active titles (MRNF digital data dump). Not legal title.", "as_of": "2026-09-20", "role": "focus", "color": "#e8b040"}}, {"type": "Feature", "geometry": {"type": "Polygon", "coordinates": [[[-78.09999999652796, 48.06666666908263], [-78.0999999967042, 48.07500000493885], [-78.09166666012916, 48.075000004482156], [-78.09166666573235, 48.06666667119583], [-78.09999999652796, 48.06666666908263]]]}, "properties": {"company_id": "big-ridge-gold", "jurisdiction": "Quebec", "claim_id": "", "claim_name": null, "holder": "Eagle Ridge Mining Ltd.", "status": "Active", "recorded_date": null, "anniversary_or_expiry": null, "area_ha": null, "tenure_type": null, "source": "GESTIM active titles (MRNF digital data dump). Not legal title.", "as_of": "2026-09-20", "role": "focus", "color": "#e8b040"}}, {"type": "Feature", "geometry": {"type": "Polygon", "coordinates": [[[-78.1733308815645, 48.37153818318805], [-78.17328308741699, 48.371538195659696], [-78.16976096358152, 48.371539522846646], [-78.16980525220451, 48.37153940753853], [-78.16978556404409, 48.35683573523441], [-78.17331028762085, 48.35683031042183], [-78.1733308815645, 48.37153818318805]]]}, "properties": {"company_id": "big-ridge-gold", "jurisdiction": "Quebec", "claim_id": "", "claim_name": null, "holder": "Eagle Ridge Mining Ltd.", "status": "Active", "recorded_date": null, "anniversary_or_expiry": null, "area_ha": null, "tenure_type": null, "source": "GESTIM active titles (MRNF digital data dump). Not legal title.", "as_of": "2026-09-20", "role": "focus", "color": "#e8b040"}}, {"type": "Feature", "geometry": {"type": "Polygon", "coordinates": [[[-78.16980525220451, 48.37153940753853], [-78.16976096358152, 48.371539522846646], [-78.16627948906711, 48.371540583300394], [-78.16626083898058, 48.35684115076298], [-78.16978556404409, 48.35683573523441], [-78.16980525220451, 48.37153940753853]]]}, "properties": {"company_id": "big-ridge-gold", "jurisdiction": "Quebec", "claim_id": "", "claim_name": null, "holder": "Eagle Ridge Mining Ltd.", "status": "Active", "recorded_date": null, "anniversary_or_expiry": null, "area_ha": null, "tenure_type": null, "source": "GESTIM active titles (MRNF digital data dump). Not legal title.", "as_of": "2026-09-20", "role": "focus", "color": "#e8b040"}}, {"type": "Feature", "geometry": {"type": "Polygon", "coordinates": [[[-78.09166666577254, 48.05000000424252], [-78.09166666314832, 48.05833333766958], [-78.08333333156516, 48.05833333931068], [-78.08333332673517, 48.049999999136034], [-78.09166666577254, 48.05000000424252]]]}, "properties": {"company_id": "big-ridge-gold", "jurisdiction": "Quebec", "claim_id": "", "claim_name": null, "holder": "Eagle Ridge Mining Ltd.", "status": "Active", "recorded_date": null, "anniversary_or_expiry": null, "area_ha": null, "tenure_type": null, "source": "GESTIM active titles (MRNF digital data dump). Not legal title.", "as_of": "2026-09-20", "role": "focus", "color": "#e8b040"}}, {"type": "Feature", "geometry": {"type": "Polygon", "coordinates": [[[-78.13333332982857, 48.05833334042274], [-78.13333333443835, 48.06666666840159], [-78.12499998936889, 48.06666667258082], [-78.12499999079198, 48.058333338272895], [-78.13333332982857, 48.05833334042274]]]}, "properties": {"company_id": "big-ridge-gold", "jurisdiction": "Quebec", "claim_id": "", "claim_name": null, "holder": "Eagle Ridge Mining Ltd.", "status": "Active", "recorded_date": null, "anniversary_or_expiry": null, "area_ha": null, "tenure_type": null, "source": "GESTIM active titles (MRNF digital data dump). Not legal title.", "as_of": "2026-09-20", "role": "focus", "color": "#e8b040"}}, {"type": "Feature", "geometry": {"type": "Polygon", "coordinates": [[[-78.08333333156516, 48.05833333931068], [-78.0833333285309, 48.066666670272326], [-78.07499999831167, 48.06666666664434], [-78.07499999357687, 48.05833333788767], [-78.08333333156516, 48.05833333931068]]]}, "properties": {"company_id": "big-ridge-gold", "jurisdiction": "Quebec", "claim_id": "", "claim_name": null, "holder": "Eagle Ridge Mining Ltd.", "status": "Active", "recorded_date": null, "anniversary_or_expiry": null, "area_ha": null, "tenure_type": null, "source": "GESTIM active titles (MRNF digital data dump). Not legal title.", "as_of": "2026-09-20", "role": "focus", "color": "#e8b040"}}, {"type": "Feature", "geometry": {"type": "Polygon", "coordinates": [[[-75.8333333289753, 49.63333334102619], [-75.83333332997303, 49.64166667290353], [-75.82500000618143, 49.64166667389248], [-75.82500000080734, 49.63333333585971], [-75.8333333289753, 49.63333334102619]]]}, "properties": {"company_id": "big-ridge-gold", "jurisdiction": "Quebec", "claim_id": "", "claim_name": null, "holder": "Eagle Ridge Mining Ltd.", "status": "Active", "recorded_date": null, "anniversary_or_expiry": null, "area_ha": null, "tenure_type": null, "source": "GESTIM active titles (MRNF digital data dump). Not legal title.", "as_of": "2026-09-20", "role": "focus", "color": "#e8b040"}}, {"type": "Feature", "geometry": {"type": "Polygon", "coordinates": [[[-72.69166667009955, 47.725000005023475], [-72.69166667054994, 47.73333333207223], [-72.68333333647091, 47.73333333242796], [-72.68333333381604, 47.72500000070642], [-72.69166667009955, 47.725000005023475]]]}, "properties": {"company_id": "big-ridge-gold", "jurisdiction": "Quebec", "claim_id": "", "claim_name": null, "holder": "Eagle Ridge Mining Ltd.", "status": "Active", "recorded_date": null, "anniversary_or_expiry": null, "area_ha": null, "tenure_type": null, "source": "GESTIM active titles (MRNF digital data dump). Not legal title.", "as_of": "2026-09-20", "role": "focus", "color": "#e8b040"}}, {"type": "Feature", "geometry": {"type": "Polygon", "coordinates": [[[-72.68333333381604, 47.72500000070642], [-72.68333333647091, 47.73333333242796], [-72.67499999748989, 47.73333333856812], [-72.67499999264707, 47.72500000215679], [-72.68333333381604, 47.72500000070642]]]}, "properties": {"company_id": "big-ridge-gold", "jurisdiction": "Quebec", "claim_id": "", "claim_name": null, "holder": "Eagle Ridge Mining Ltd.", "status": "Active", "recorded_date": null, "anniversary_or_expiry": null, "area_ha": null, "tenure_type": null, "source": "GESTIM active titles (MRNF digital data dump). Not legal title.", "as_of": "2026-09-20", "role": "focus", "color": "#e8b040"}}, {"type": "Feature", "geometry": {"type": "Polygon", "coordinates": [[[-76.11666666998816, 49.45000000547087], [-76.11666666849912, 49.458333336271885], [-76.10833333713177, 49.45833333463368], [-76.10833333072914, 49.45000000752921], [-76.11666666998816, 49.45000000547087]]]}, "properties": {"company_id": "big-ridge-gold", "jurisdiction": "Quebec", "claim_id": "", "claim_name": null, "holder": "Eagle Ridge Mining Ltd.", "status": "Active", "recorded_date": null, "anniversary_or_expiry": null, "area_ha": null, "tenure_type": null, "source": "GESTIM active titles (MRNF digital data dump). Not legal title.", "as_of": "2026-09-20", "role": "focus", "color": "#e8b040"}}, {"type": "Feature", "geometry": {"type": "Polygon", "coordinates": [[[-76.11666666849912, 49.458333336271885], [-76.11666666337759, 49.46666667348413], [-76.10833333972565, 49.466666668144], [-76.10833333713177, 49.45833333463368], [-76.11666666849912, 49.458333336271885]]]}, "properties": {"company_id": "big-ridge-gold", "jurisdiction": "Quebec", "claim_id": "", "claim_name": null, "holder": "Eagle Ridge Mining Ltd.", "status": "Active", "recorded_date": null, "anniversary_or_expiry": null, "area_ha": null, "tenure_type": null, "source": "GESTIM active titles (MRNF digital data dump). Not legal title.", "as_of": "2026-09-20", "role": "focus", "color": "#e8b040"}}, {"type": "Feature", "geometry": {"type": "Polygon", "coordinates": [[[-76.10833333713177, 49.45833333463368], [-76.10833333972565, 49.466666668144], [-76.10000000614208, 49.46666667400878], [-76.09999999562507, 49.45833333517882], [-76.10833333713177, 49.45833333463368]]]}, "properties": {"company_id": "big-ridge-gold", "jurisdiction": "Quebec", "claim_id": "", "claim_name": null, "holder": "Eagle Ridge Mining Ltd.", "status": "Active", "recorded_date": null, "anniversary_or_expiry": null, "area_ha": null, "tenure_type": null, "source": "GESTIM active titles (MRNF digital data dump). Not legal title.", "as_of": "2026-09-20", "role": "focus", "color": "#e8b040"}}, {"type": "Feature", "geometry": {"type": "Polygon", "coordinates": [[[-76.09999999562507, 49.45833333517882], [-76.10000000614208, 49.46666667400878], [-76.0916666621942, 49.46666667309264], [-76.0916666715437, 49.45833333764753], [-76.09999999562507, 49.45833333517882]]]}, "properties": {"company_id": "big-ridge-gold", "jurisdiction": "Quebec", "claim_id": "", "claim_name": null, "holder": "Eagle Ridge Mining Ltd.", "status": "Active", "recorded_date": null, "anniversary_or_expiry": null, "area_ha": null, "tenure_type": null, "source": "GESTIM active titles (MRNF digital data dump). Not legal title.", "as_of": "2026-09-20", "role": "focus", "color": "#e8b040"}}, {"type": "Feature", "geometry": {"type": "Polygon", "coordinates": [[[-76.12500000355176, 49.45833333995856], [-76.12500000431623, 49.46666667177364], [-76.11666666337759, 49.46666667348413], [-76.11666666849912, 49.458333336271885], [-76.12500000355176, 49.45833333995856]]]}, "properties": {"company_id": "big-ridge-gold", "jurisdiction": "Quebec", "claim_id": "", "claim_name": null, "holder": "Eagle Ridge Mining Ltd.", "status": "Active", "recorded_date": null, "anniversary_or_expiry": null, "area_ha": null, "tenure_type": null, "source": "GESTIM active titles (MRNF digital data dump). Not legal title.", "as_of": "2026-09-20", "role": "focus", "color": "#e8b040"}}, {"type": "Feature", "geometry": {"type": "Polygon", "coordinates": [[[-76.12499999912977, 49.450000005566906], [-76.12500000355176, 49.45833333995856], [-76.11666666849912, 49.458333336271885], [-76.11666666998816, 49.45000000547087], [-76.12499999912977, 49.450000005566906]]]}, "properties": {"company_id": "big-ridge-gold", "jurisdiction": "Quebec", "claim_id": "", "claim_name": null, "holder": "Eagle Ridge Mining Ltd.", "status": "Active", "recorded_date": null, "anniversary_or_expiry": null, "area_ha": null, "tenure_type": null, "source": "GESTIM active titles (MRNF digital data dump). Not legal title.", "as_of": "2026-09-20", "role": "focus", "color": "#e8b040"}}, {"type": "Feature", "geometry": {"type": "Polygon", "coordinates": [[[-74.95833388433117, 46.03333332447844], [-74.95833387595376, 46.04166665261511], [-74.95000053406962, 46.04166665919069], [-74.95000054157785, 46.0333333220204], [-74.95833388433117, 46.03333332447844]]]}, "properties": {"company_id": "big-ridge-gold", "jurisdiction": "Quebec", "claim_id": "", "claim_name": null, "holder": "Eagle Ridge Mining Ltd.", "status": "Active", "recorded_date": null, "anniversary_or_expiry": null, "area_ha": null, "tenure_type": null, "source": "GESTIM active titles (MRNF digital data dump). Not legal title.", "as_of": "2026-09-20", "role": "focus", "color": "#e8b040"}}, {"type": "Feature", "geometry": {"type": "Polygon", "coordinates": [[[-74.95000054157785, 46.0333333220204], [-74.95000053406962, 46.04166665919069], [-74.94166720513022, 46.04166665220555], [-74.94166719882918, 46.03333332398933], [-74.95000054157785, 46.0333333220204]]]}, "properties": {"company_id": "big-ridge-gold", "jurisdiction": "Quebec", "claim_id": "", "claim_name": null, "holder": "Eagle Ridge Mining Ltd.", "status": "Active", "recorded_date": null, "anniversary_or_expiry": null, "area_ha": null, "tenure_type": null, "source": "GESTIM active titles (MRNF digital data dump). Not legal title.", "as_of": "2026-09-20", "role": "focus", "color": "#e8b040"}}, {"type": "Feature", "geometry": {"type": "Polygon", "coordinates": [[[-74.80000045577054, 46.13333332303071], [-74.80000045161697, 46.14166665957483], [-74.79166711822991, 46.14166666224306], [-74.7916671107063, 46.133333325513156], [-74.80000045577054, 46.13333332303071]]]}, "properties": {"company_id": "big-ridge-gold", "jurisdiction": "Quebec", "claim_id": "", "claim_name": null, "holder": "Eagle Ridge Mining Ltd.", "status": "Active", "recorded_date": null, "anniversary_or_expiry": null, "area_ha": null, "tenure_type": null, "source": "GESTIM active titles (MRNF digital data dump). Not legal title.", "as_of": "2026-09-20", "role": "focus", "color": "#e8b040"}}, {"type": "Feature", "geometry": {"type": "Polygon", "coordinates": [[[-76.09166666202941, 49.47492941467276], [-76.09166666226957, 49.47500000581005], [-76.08333332949108, 49.47500000335437], [-76.08333333565434, 49.466666674130984], [-76.0916666621942, 49.46666667309264], [-76.09166666178925, 49.4748588235275], [-76.09166666202941, 49.47492941467276]]]}, "properties": {"company_id": "big-ridge-gold", "jurisdiction": "Quebec", "claim_id": "", "claim_name": null, "holder": "Eagle Ridge Mining Ltd.", "status": "Active", "recorded_date": null, "anniversary_or_expiry": null, "area_ha": null, "tenure_type": null, "source": "GESTIM active titles (MRNF digital data dump). Not legal title.", "as_of": "2026-09-20", "role": "focus", "color": "#e8b040"}}, {"type": "Feature", "geometry": {"type": "Polygon", "coordinates": [[[-76.0916666621942, 49.46666667309264], [-76.08333333565434, 49.466666674130984], [-76.08333333706831, 49.4583333333116], [-76.08358855691061, 49.45833334171173], [-76.09166667154372, 49.45833333764753], [-76.0916666621942, 49.46666667309264]]]}, "properties": {"company_id": "big-ridge-gold", "jurisdiction": "Quebec", "claim_id": "", "claim_name": null, "holder": "Eagle Ridge Mining Ltd.", "status": "Active", "recorded_date": null, "anniversary_or_expiry": null, "area_ha": null, "tenure_type": null, "source": "GESTIM active titles (MRNF digital data dump). Not legal title.", "as_of": "2026-09-20", "role": "focus", "color": "#e8b040"}}, {"type": "Feature", "geometry": {"type": "Polygon", "coordinates": [[[-76.08333333149552, 49.49166667172312], [-76.07500000330714, 49.491666673298795], [-76.07499999717207, 49.483333335027474], [-76.08333333277265, 49.48333333883954], [-76.08333333149552, 49.49166667172312]]]}, "properties": {"company_id": "big-ridge-gold", "jurisdiction": "Quebec", "claim_id": "", "claim_name": null, "holder": "Eagle Ridge Mining Ltd.", "status": "Active", "recorded_date": null, "anniversary_or_expiry": null, "area_ha": null, "tenure_type": null, "source": "GESTIM active titles (MRNF digital data dump). Not legal title.", "as_of": "2026-09-20", "role": "focus", "color": "#e8b040"}}, {"type": "Feature", "geometry": {"type": "Polygon", "coordinates": [[[-76.07500000330714, 49.491666673298795], [-76.06666666469182, 49.49166666818246], [-76.06666666514073, 49.483333333360974], [-76.07499999717207, 49.483333335027474], [-76.07500000330714, 49.491666673298795]]]}, "properties": {"company_id": "big-ridge-gold", "jurisdiction": "Quebec", "claim_id": "", "claim_name": null, "holder": "Eagle Ridge Mining Ltd.", "status": "Active", "recorded_date": null, "anniversary_or_expiry": null, "area_ha": null, "tenure_type": null, "source": "GESTIM active titles (MRNF digital data dump). Not legal title.", "as_of": "2026-09-20", "role": "focus", "color": "#e8b040"}}, {"type": "Feature", "geometry": {"type": "Polygon", "coordinates": [[[-76.06666666469182, 49.49166666818246], [-76.05833332981977, 49.49166667423488], [-76.05833333665046, 49.483333333843525], [-76.06666666514073, 49.483333333360974], [-76.06666666469182, 49.49166666818246]]]}, "properties": {"company_id": "big-ridge-gold", "jurisdiction": "Quebec", "claim_id": "", "claim_name": null, "holder": "Eagle Ridge Mining Ltd.", "status": "Active", "recorded_date": null, "anniversary_or_expiry": null, "area_ha": null, "tenure_type": null, "source": "GESTIM active titles (MRNF digital data dump). Not legal title.", "as_of": "2026-09-20", "role": "focus", "color": "#e8b040"}}, {"type": "Feature", "geometry": {"type": "Polygon", "coordinates": [[[-76.05833332981977, 49.49166667423488], [-76.04999999827285, 49.49166667347295], [-76.04999999786907, 49.48333333660399], [-76.05833333665046, 49.483333333843525], [-76.05833332981977, 49.49166667423488]]]}, "properties": {"company_id": "big-ridge-gold", "jurisdiction": "Quebec", "claim_id": "", "claim_name": null, "holder": "Eagle Ridge Mining Ltd.", "status": "Active", "recorded_date": null, "anniversary_or_expiry": null, "area_ha": null, "tenure_type": null, "source": "GESTIM active titles (MRNF digital data dump). Not legal title.", "as_of": "2026-09-20", "role": "focus", "color": "#e8b040"}}, {"type": "Feature", "geometry": {"type": "Polygon", "coordinates": [[[-73.24166667169307, 46.64166667025187], [-73.24166666169496, 46.6333333351702], [-73.24999999582448, 46.63333333632245], [-73.25000000589598, 46.64166666932202], [-73.24166667169307, 46.64166667025187]]]}, "properties": {"company_id": "big-ridge-gold", "jurisdiction": "Quebec", "claim_id": "", "claim_name": null, "holder": "Eagle Ridge Mining Ltd.", "status": "Active", "recorded_date": null, "anniversary_or_expiry": null, "area_ha": null, "tenure_type": null, "source": "GESTIM active titles (MRNF digital data dump). Not legal title.", "as_of": "2026-09-20", "role": "focus", "color": "#e8b040"}}, {"type": "Feature", "geometry": {"type": "Polygon", "coordinates": [[[-77.39999999694267, 48.71935976509478], [-77.40833333333332, 48.719361189297274], [-77.40833333333332, 48.725000000008755], [-77.4, 48.725000000008755], [-77.39999999694267, 48.71935976509478]]]}, "properties": {"company_id": "big-ridge-gold", "jurisdiction": "Quebec", "claim_id": "", "claim_name": null, "holder": "Big Ridge Gold Corp.", "status": "Active", "recorded_date": null, "anniversary_or_expiry": null, "area_ha": null, "tenure_type": null, "source": "GESTIM active titles (MRNF digital data dump). Not legal title.", "as_of": "2026-09-20", "role": "focus", "color": "#e8b040"}}, {"type": "Feature", "geometry": {"type": "Polygon", "coordinates": [[[-78.2, 48.37152521693643], [-78.20000000000002, 48.37500000000976], [-78.19166666666672, 48.37500000000976], [-78.1916666666667, 48.37152994878567], [-78.19441531221713, 48.37152833045527], [-78.19448577824146, 48.37152830067352], [-78.19793731254948, 48.371526425916606], [-78.1980114243787, 48.371526381861294], [-78.2, 48.37152521693643]]]}, "properties": {"company_id": "big-ridge-gold", "jurisdiction": "Quebec", "claim_id": "", "claim_name": null, "holder": "Eagle Ridge Mining Ltd.", "status": "Active", "recorded_date": null, "anniversary_or_expiry": null, "area_ha": null, "tenure_type": null, "source": "GESTIM active titles (MRNF digital data dump). Not legal title.", "as_of": "2026-09-20", "role": "focus", "color": "#e8b040"}}, {"type": "Feature", "geometry": {"type": "Polygon", "coordinates": [[[-78.20000000000002, 48.37500000000976], [-78.2, 48.383333333343025], [-78.19166666877254, 48.383333334924465], [-78.19166666666672, 48.37500000000976], [-78.20000000000002, 48.37500000000976]]]}, "properties": {"company_id": "big-ridge-gold", "jurisdiction": "Quebec", "claim_id": "", "claim_name": null, "holder": "Eagle Ridge Mining Ltd.", "status": "Active", "recorded_date": null, "anniversary_or_expiry": null, "area_ha": null, "tenure_type": null, "source": "GESTIM active titles (MRNF digital data dump). Not legal title.", "as_of": "2026-09-20", "role": "focus", "color": "#e8b040"}}, {"type": "Feature", "geometry": {"type": "Polygon", "coordinates": [[[-78.20833333333331, 48.37500000000976], [-78.20833333333331, 48.383296849175714], [-78.2083328061707, 48.38333333336347], [-78.2, 48.383333333343025], [-78.20000000000002, 48.37500000000976], [-78.20833333333331, 48.37500000000976]]]}, "properties": {"company_id": "big-ridge-gold", "jurisdiction": "Quebec", "claim_id": "", "claim_name": null, "holder": "Eagle Ridge Mining Ltd.", "status": "Active", "recorded_date": null, "anniversary_or_expiry": null, "area_ha": null, "tenure_type": null, "source": "GESTIM active titles (MRNF digital data dump). Not legal title.", "as_of": "2026-09-20", "role": "focus", "color": "#e8b040"}}, {"type": "Feature", "geometry": {"type": "Polygon", "coordinates": [[[-78.20833333333331, 48.37151992121646], [-78.20833333333331, 48.37500000000976], [-78.20000000000002, 48.37500000000976], [-78.2, 48.37152521693643], [-78.20145944787883, 48.37152433855249], [-78.20153719714209, 48.37152428079811], [-78.20498144597906, 48.37152212150423], [-78.2050629848466, 48.371522071718935], [-78.20833333333331, 48.37151992121646]]]}, "properties": {"company_id": "big-ridge-gold", "jurisdiction": "Quebec", "claim_id": "", "claim_name": null, "holder": "Eagle Ridge Mining Ltd.", "status": "Active", "recorded_date": null, "anniversary_or_expiry": null, "area_ha": null, "tenure_type": null, "source": "GESTIM active titles (MRNF digital data dump). Not legal title.", "as_of": "2026-09-20", "role": "focus", "color": "#e8b040"}}, {"type": "Feature", "geometry": {"type": "Polygon", "coordinates": [[[-77.4166666666667, 48.75000000000868], [-77.40833333333332, 48.75000000000868], [-77.4083333333333, 48.74166666667541], [-77.41666666666671, 48.74166666667542], [-77.4166666666667, 48.75000000000868]]]}, "properties": {"company_id": "big-ridge-gold", "jurisdiction": "Quebec", "claim_id": "", "claim_name": null, "holder": "Big Ridge Gold Corp.", "status": "Active", "recorded_date": null, "anniversary_or_expiry": null, "area_ha": null, "tenure_type": null, "source": "GESTIM active titles (MRNF digital data dump). Not legal title.", "as_of": "2026-09-20", "role": "focus", "color": "#e8b040"}}, {"type": "Feature", "geometry": {"type": "Polygon", "coordinates": [[[-77.3916666666667, 48.74166666667541], [-77.3916666666667, 48.733333333342046], [-77.40000000000002, 48.73333333334203], [-77.4, 48.74166666667541], [-77.3916666666667, 48.74166666667541]]]}, "properties": {"company_id": "big-ridge-gold", "jurisdiction": "Quebec", "claim_id": "", "claim_name": null, "holder": "Big Ridge Gold Corp.", "status": "Active", "recorded_date": null, "anniversary_or_expiry": null, "area_ha": null, "tenure_type": null, "source": "GESTIM active titles (MRNF digital data dump). Not legal title.", "as_of": "2026-09-20", "role": "focus", "color": "#e8b040"}}, {"type": "Feature", "geometry": {"type": "Polygon", "coordinates": [[[-77.39814641394125, 48.725000055531545], [-77.39814812826614, 48.724062197545926], [-77.3981522107654, 48.72170937976496], [-77.39815651067173, 48.719361055192515], [-77.39842883498558, 48.719359882301696], [-77.39999999694267, 48.71935976509478], [-77.4, 48.725000000008755], [-77.39814641394125, 48.725000055531545]]]}, "properties": {"company_id": "big-ridge-gold", "jurisdiction": "Quebec", "claim_id": "", "claim_name": null, "holder": "Big Ridge Gold Corp.", "status": "Active", "recorded_date": null, "anniversary_or_expiry": null, "area_ha": null, "tenure_type": null, "source": "GESTIM active titles (MRNF digital data dump). Not legal title.", "as_of": "2026-09-20", "role": "focus", "color": "#e8b040"}}, {"type": "Feature", "geometry": {"type": "Polygon", "coordinates": [[[-77.41666666666671, 48.725000000008755], [-77.40833333333332, 48.725000000008755], [-77.40833333333332, 48.719361189297274], [-77.41666666734537, 48.719364805812646], [-77.41666666666671, 48.725000000008755]]]}, "properties": {"company_id": "big-ridge-gold", "jurisdiction": "Quebec", "claim_id": "", "claim_name": null, "holder": "Big Ridge Gold Corp.", "status": "Active", "recorded_date": null, "anniversary_or_expiry": null, "area_ha": null, "tenure_type": null, "source": "GESTIM active titles (MRNF digital data dump). Not legal title.", "as_of": "2026-09-20", "role": "focus", "color": "#e8b040"}}, {"type": "Feature", "geometry": {"type": "Polygon", "coordinates": [[[-77.4083333333333, 48.74166666667541], [-77.4, 48.74166666667541], [-77.40000000000002, 48.73333333334203], [-77.4083333333333, 48.73333333334203], [-77.4083333333333, 48.74166666667541]]]}, "properties": {"company_id": "big-ridge-gold", "jurisdiction": "Quebec", "claim_id": "", "claim_name": null, "holder": "Big Ridge Gold Corp.", "status": "Active", "recorded_date": null, "anniversary_or_expiry": null, "area_ha": null, "tenure_type": null, "source": "GESTIM active titles (MRNF digital data dump). Not legal title.", "as_of": "2026-09-20", "role": "focus", "color": "#e8b040"}}, {"type": "Feature", "geometry": {"type": "Polygon", "coordinates": [[[-77.40833333333332, 48.75000000000868], [-77.4, 48.75000000000867], [-77.4, 48.74166666667541], [-77.4083333333333, 48.74166666667541], [-77.40833333333332, 48.75000000000868]]]}, "properties": {"company_id": "big-ridge-gold", "jurisdiction": "Quebec", "claim_id": "", "claim_name": null, "holder": "Big Ridge Gold Corp.", "status": "Active", "recorded_date": null, "anniversary_or_expiry": null, "area_ha": null, "tenure_type": null, "source": "GESTIM active titles (MRNF digital data dump). Not legal title.", "as_of": "2026-09-20", "role": "focus", "color": "#e8b040"}}, {"type": "Feature", "geometry": {"type": "Polygon", "coordinates": [[[-77.4166666666667, 48.73333333334203], [-77.4083333333333, 48.73333333334203], [-77.40833333333332, 48.725000000008755], [-77.41666666666671, 48.725000000008755], [-77.4166666666667, 48.73333333334203]]]}, "properties": {"company_id": "big-ridge-gold", "jurisdiction": "Quebec", "claim_id": "", "claim_name": null, "holder": "Big Ridge Gold Corp.", "status": "Active", "recorded_date": null, "anniversary_or_expiry": null, "area_ha": null, "tenure_type": null, "source": "GESTIM active titles (MRNF digital data dump). Not legal title.", "as_of": "2026-09-20", "role": "focus", "color": "#e8b040"}}, {"type": "Feature", "geometry": {"type": "Polygon", "coordinates": [[[-77.40000000000002, 48.75833333334195], [-77.39166666666671, 48.758333333341966], [-77.3916666666667, 48.75000000000868], [-77.4, 48.75000000000867], [-77.40000000000002, 48.75833333334195]]]}, "properties": {"company_id": "big-ridge-gold", "jurisdiction": "Quebec", "claim_id": "", "claim_name": null, "holder": "Big Ridge Gold Corp.", "status": "Active", "recorded_date": null, "anniversary_or_expiry": null, "area_ha": null, "tenure_type": null, "source": "GESTIM active titles (MRNF digital data dump). Not legal title.", "as_of": "2026-09-20", "role": "focus", "color": "#e8b040"}}, {"type": "Feature", "geometry": {"type": "Polygon", "coordinates": [[[-77.39166666774865, 48.76328562893271], [-77.39166666666671, 48.758333333341966], [-77.40000000000002, 48.75833333334195], [-77.40000000000002, 48.7632882557237], [-77.39166666774865, 48.76328562893271]]]}, "properties": {"company_id": "big-ridge-gold", "jurisdiction": "Quebec", "claim_id": "", "claim_name": null, "holder": "Big Ridge Gold Corp.", "status": "Active", "recorded_date": null, "anniversary_or_expiry": null, "area_ha": null, "tenure_type": null, "source": "GESTIM active titles (MRNF digital data dump). Not legal title.", "as_of": "2026-09-20", "role": "focus", "color": "#e8b040"}}, {"type": "Feature", "geometry": {"type": "Polygon", "coordinates": [[[-77.4083333333333, 48.75833333334195], [-77.40000000000002, 48.75833333334195], [-77.4, 48.75000000000867], [-77.40833333333332, 48.75000000000868], [-77.4083333333333, 48.75833333334195]]]}, "properties": {"company_id": "big-ridge-gold", "jurisdiction": "Quebec", "claim_id": "", "claim_name": null, "holder": "Big Ridge Gold Corp.", "status": "Active", "recorded_date": null, "anniversary_or_expiry": null, "area_ha": null, "tenure_type": null, "source": "GESTIM active titles (MRNF digital data dump). Not legal title.", "as_of": "2026-09-20", "role": "focus", "color": "#e8b040"}}, {"type": "Feature", "geometry": {"type": "Polygon", "coordinates": [[[-77.4, 48.75000000000867], [-77.3916666666667, 48.75000000000868], [-77.3916666666667, 48.74166666667541], [-77.4, 48.74166666667541], [-77.4, 48.75000000000867]]]}, "properties": {"company_id": "big-ridge-gold", "jurisdiction": "Quebec", "claim_id": "", "claim_name": null, "holder": "Big Ridge Gold Corp.", "status": "Active", "recorded_date": null, "anniversary_or_expiry": null, "area_ha": null, "tenure_type": null, "source": "GESTIM active titles (MRNF digital data dump). Not legal title.", "as_of": "2026-09-20", "role": "focus", "color": "#e8b040"}}, {"type": "Feature", "geometry": {"type": "Polygon", "coordinates": [[[-77.39814641394125, 48.725000055531545], [-77.4, 48.725000000008755], [-77.40000000000002, 48.73333333334203], [-77.39813143988162, 48.73333338917471], [-77.39813546139068, 48.731111657770946], [-77.39813974680293, 48.72876333668855], [-77.39814383560658, 48.726410520373335], [-77.39814641394125, 48.725000055531545]]]}, "properties": {"company_id": "big-ridge-gold", "jurisdiction": "Quebec", "claim_id": "", "claim_name": null, "holder": "Big Ridge Gold Corp.", "status": "Active", "recorded_date": null, "anniversary_or_expiry": null, "area_ha": null, "tenure_type": null, "source": "GESTIM active titles (MRNF digital data dump). Not legal title.", "as_of": "2026-09-20", "role": "focus", "color": "#e8b040"}}, {"type": "Feature", "geometry": {"type": "Polygon", "coordinates": [[[-77.40833333333332, 48.76327747720361], [-77.40000000000002, 48.7632882557237], [-77.40000000000002, 48.75833333334195], [-77.4083333333333, 48.75833333334195], [-77.40833333333332, 48.76327747720361]]]}, "properties": {"company_id": "big-ridge-gold", "jurisdiction": "Quebec", "claim_id": "", "claim_name": null, "holder": "Big Ridge Gold Corp.", "status": "Active", "recorded_date": null, "anniversary_or_expiry": null, "area_ha": null, "tenure_type": null, "source": "GESTIM active titles (MRNF digital data dump). Not legal title.", "as_of": "2026-09-20", "role": "focus", "color": "#e8b040"}}, {"type": "Feature", "geometry": {"type": "Polygon", "coordinates": [[[-77.4083333333333, 48.73333333334203], [-77.40000000000002, 48.73333333334203], [-77.4, 48.725000000008755], [-77.40833333333332, 48.725000000008755], [-77.4083333333333, 48.73333333334203]]]}, "properties": {"company_id": "big-ridge-gold", "jurisdiction": "Quebec", "claim_id": "", "claim_name": null, "holder": "Big Ridge Gold Corp.", "status": "Active", "recorded_date": null, "anniversary_or_expiry": null, "area_ha": null, "tenure_type": null, "source": "GESTIM active titles (MRNF digital data dump). Not legal title.", "as_of": "2026-09-20", "role": "focus", "color": "#e8b040"}}, {"type": "Feature", "geometry": {"type": "Polygon", "coordinates": [[[-77.3916666666667, 48.75000000000868], [-77.38333333904261, 48.74999999988503], [-77.3833333333333, 48.74166666667542], [-77.3916666666667, 48.74166666667541], [-77.3916666666667, 48.75000000000868]]]}, "properties": {"company_id": "big-ridge-gold", "jurisdiction": "Quebec", "claim_id": "", "claim_name": null, "holder": "Big Ridge Gold Corp.", "status": "Active", "recorded_date": null, "anniversary_or_expiry": null, "area_ha": null, "tenure_type": null, "source": "GESTIM active titles (MRNF digital data dump). Not legal title.", "as_of": "2026-09-20", "role": "focus", "color": "#e8b040"}}, {"type": "Feature", "geometry": {"type": "Polygon", "coordinates": [[[-77.3916666666667, 48.74166666667541], [-77.3833333333333, 48.74166666667542], [-77.3833333333333, 48.73333333334203], [-77.3916666666667, 48.733333333342046], [-77.3916666666667, 48.74166666667541]]]}, "properties": {"company_id": "big-ridge-gold", "jurisdiction": "Quebec", "claim_id": "", "claim_name": null, "holder": "Big Ridge Gold Corp.", "status": "Active", "recorded_date": null, "anniversary_or_expiry": null, "area_ha": null, "tenure_type": null, "source": "GESTIM active titles (MRNF digital data dump). Not legal title.", "as_of": "2026-09-20", "role": "focus", "color": "#e8b040"}}, {"type": "Feature", "geometry": {"type": "Polygon", "coordinates": [[[-74.97502437940024, 46.03911931614001], [-74.97500055890474, 46.03910977625008], [-74.97500055697114, 46.033333324672576], [-74.98333389979146, 46.03333332241263], [-74.98333389109078, 46.03991588729681], [-74.98047160984875, 46.03985761224206], [-74.97780383061838, 46.03952866294198], [-74.97502437940024, 46.03911931614001]]]}, "properties": {"company_id": "big-ridge-gold", "jurisdiction": "Quebec", "claim_id": "", "claim_name": null, "holder": "Eagle Ridge Mining Ltd.", "status": "Active", "recorded_date": null, "anniversary_or_expiry": null, "area_ha": null, "tenure_type": null, "source": "GESTIM active titles (MRNF digital data dump). Not legal title.", "as_of": "2026-09-20", "role": "focus", "color": "#e8b040"}}, {"type": "Feature", "geometry": {"type": "Polygon", "coordinates": [[[-74.9666672171721, 46.04014095801315], [-74.96666721418066, 46.03333332235956], [-74.97500055697114, 46.033333324672576], [-74.97500055890474, 46.03910977625008], [-74.97476319822296, 46.03901471498249], [-74.97450201802137, 46.03891011321436], [-74.97437214612762, 46.03888479589885], [-74.97432072380087, 46.03889445704919], [-74.9742432313865, 46.038895456832556], [-74.97425782162381, 46.0389582524028], [-74.97429776422052, 46.03900272550867], [-74.97445562088313, 46.03910866099473], [-74.97461323882659, 46.0392056016554], [-74.9723987057613, 46.03949509070481], [-74.97201937660331, 46.039320024097776], [-74.97169338366405, 46.03920725312153], [-74.97135471536093, 46.03910364210934], [-74.97086082423468, 46.03899303049969], [-74.97036693503246, 46.0388824167297], [-74.96996297841866, 46.038752648604515], [-74.9695719390355, 46.038622712929154], [-74.9692847010664, 46.03850943665999], [-74.96915387863162, 46.038448134889045], [-74.96908882515103, 46.038430975877674], [-74.96901085638909, 46.03841398286304], [-74.96895967190137, 46.03843263622932], [-74.96893479482813, 46.038468946769456], [-74.96897520963968, 46.03853141103832], [-74.96904097844346, 46.038575553976735], [-74.96941119348024, 46.038894710656976], [-74.96957047167002, 46.039054620721636], [-74.9697426662882, 46.039214364431274], [-74.96981082195245, 46.03934845307499], [-74.96981201467476, 46.03939342615914], [-74.96983951560883, 46.03945605621902], [-74.96984070835893, 46.03950102930193], [-74.9698545781387, 46.03953684163622], [-74.96985648656506, 46.0396087985668], [-74.96989738039282, 46.03968925170723], [-74.96997702123525, 46.039769206397736], [-74.96999065259722, 46.03979602409688], [-74.97006981654881, 46.039857989487054], [-74.97010904069543, 46.03987548023846], [-74.97014802626342, 46.03988397636129], [-74.97018748906274, 46.03991046169948], [-74.97021403623113, 46.0399371131983], [-74.97024058342502, 46.039963764690384], [-74.97024153790203, 46.03999974314676], [-74.97019082961366, 46.04003638630052], [-74.97011333545927, 46.04003738330284], [-74.97006191127788, 46.040047042556665], [-74.96993347002922, 46.04007568789835], [-74.96989520004843, 46.04009417554976], [-74.96977967431494, 46.0401226545819], [-74.96963903258508, 46.04017844956851], [-74.96951059080308, 46.04020709444045], [-74.96930536983268, 46.04026371947924], [-74.96911354107792, 46.04033816734052], [-74.96896045916297, 46.04041211679116], [-74.96882124621423, 46.04052187849967], [-74.96878321393609, 46.0405493604046], [-74.96874494323879, 46.04056784767786], [-74.96870691089129, 46.0405953295579], [-74.96866840176736, 46.040604822186786], [-74.96855358936708, 46.0406602838558], [-74.96850216432134, 46.04066994241674], [-74.96834717411939, 46.04067193409989], [-74.9682955107153, 46.040672597947754], [-74.96824313240687, 46.04064627790865], [-74.96815224491435, 46.0406294503012], [-74.96810058154507, 46.04063011406028], [-74.96806159574612, 46.04062161724251], [-74.96800993238216, 46.04062228096044], [-74.96791880674775, 46.04059645854334], [-74.96786642868679, 46.04057013832849], [-74.96776214915668, 46.040535487070834], [-74.96760501551547, 46.0404565261307], [-74.96755287592096, 46.040439200392136], [-74.96744859682815, 46.040404548842275], [-74.96740913495681, 46.04037806254874], [-74.96735699549578, 46.040360736718924], [-74.96730461792112, 46.04033441623939], [-74.9672527166699, 46.04032608498672], [-74.96716159186396, 46.040300261954165], [-74.96700517402222, 46.04024828404705], [-74.9669135732928, 46.04020447155978], [-74.9666672171721, 46.04014095801315]]]}, "properties": {"company_id": "big-ridge-gold", "jurisdiction": "Quebec", "claim_id": "", "claim_name": null, "holder": "Eagle Ridge Mining Ltd.", "status": "Active", "recorded_date": null, "anniversary_or_expiry": null, "area_ha": null, "tenure_type": null, "source": "GESTIM active titles (MRNF digital data dump). Not legal title.", "as_of": "2026-09-20", "role": "focus", "color": "#e8b040"}}, {"type": "Feature", "geometry": {"type": "Polygon", "coordinates": [[[-74.95703421395251, 46.03223344468203], [-74.95833388399784, 46.03282189352639], [-74.95833388433117, 46.03333332447844], [-74.95000054157785, 46.0333333220204], [-74.95000053804225, 46.02879012151379], [-74.95206616555961, 46.02998089874888], [-74.95473625124227, 46.031222751066736], [-74.95703421395251, 46.03223344468203]]]}, "properties": {"company_id": "big-ridge-gold", "jurisdiction": "Quebec", "claim_id": "", "claim_name": null, "holder": "Eagle Ridge Mining Ltd.", "status": "Active", "recorded_date": null, "anniversary_or_expiry": null, "area_ha": null, "tenure_type": null, "source": "GESTIM active titles (MRNF digital data dump). Not legal title.", "as_of": "2026-09-20", "role": "focus", "color": "#e8b040"}}, {"type": "Feature", "geometry": {"type": "Polygon", "coordinates": [[[-74.95000053804225, 46.02879012151379], [-74.95000054157785, 46.0333333220204], [-74.94166719882918, 46.03333332398933], [-74.94166720267222, 46.02738303730568], [-74.94176391445404, 46.02740839445312], [-74.94189682035059, 46.027440953794894], [-74.94203071444895, 46.027471485648505], [-74.94216553300943, 46.02749997547903], [-74.94230121185225, 46.02752640972412], [-74.94243768638755, 46.02755077579931], [-74.94257489164671, 46.027573062105134], [-74.94271276231264, 46.027593258031864], [-74.94285123275161, 46.02761135396508], [-74.94299023704379, 46.02762734129018], [-74.94312970901538, 46.027641212396155], [-74.94326958226964, 46.02765296067959], [-74.94340979021844, 46.027662580547506], [-74.94355026611463, 46.02767006742027], [-74.94369094308306, 46.02767541773387], [-74.94383175415281, 46.027678628941004], [-74.94397245512486, 46.027680375218154], [-74.94407143555703, 46.027707049226], [-74.94420434216937, 46.02773960856598], [-74.94433823698864, 46.02777014041799], [-74.94447305627527, 46.02779863024715], [-74.94460873584867, 46.027825064491076], [-74.94474521111907, 46.02784943056479], [-74.94488241711707, 46.027871716869434], [-74.94502028852546, 46.02789191279528], [-74.94515875971018, 46.02791000872755], [-74.94529776475093, 46.02792599605182], [-74.94543723747373, 46.02793986715695], [-74.94557711148124, 46.027951615439804], [-74.9457173201852, 46.02796123530728], [-74.94585779683787, 46.02796872217965], [-74.94599847456382, 46.02797407249297], [-74.94613928639197, 46.027977283699954], [-74.94628016528706, 46.02797835427219], [-74.94642104418199, 46.02797728369948], [-74.94656185601023, 46.027974072492036], [-74.94670253373617, 46.02796872217803], [-74.94684301038876, 46.02796123530504], [-74.94698321909264, 46.02795161543713], [-74.94712309310005, 46.02793986715389], [-74.94726256582263, 46.02792599604813], [-74.94740157086335, 46.02791000872335], [-74.94753690949321, 46.027892346297165], [-74.94755778098545, 46.02788930022292], [-74.94770111046762, 46.02790112380933], [-74.94794426784443, 46.02791471972006], [-74.94818798898, 46.02792190864658], [-74.94839427569647, 46.02792527591669], [-74.94849285977722, 46.027926360577766], [-74.94868128447115, 46.02792743082943], [-74.9487117414621, 46.027947887594], [-74.94876386353214, 46.02796522217546], [-74.94881669076771, 46.02800954088973], [-74.94885637001296, 46.02804502858786], [-74.94896131966254, 46.028106681745825], [-74.94905335649553, 46.02816849855525], [-74.94910571397068, 46.02819482769407], [-74.94914586373382, 46.02824830472153], [-74.94923837123942, 46.02832811080875], [-74.94930434742389, 46.02838126023014], [-74.9493437921154, 46.02840775303378], [-74.94938323684468, 46.02843424582339], [-74.95000053804225, 46.02879012151379]]]}, "properties": {"company_id": "big-ridge-gold", "jurisdiction": "Quebec", "claim_id": "", "claim_name": null, "holder": "Eagle Ridge Mining Ltd.", "status": "Active", "recorded_date": null, "anniversary_or_expiry": null, "area_ha": null, "tenure_type": null, "source": "GESTIM active titles (MRNF digital data dump). Not legal title.", "as_of": "2026-09-20", "role": "focus", "color": "#e8b040"}}, {"type": "Feature", "geometry": {"type": "Polygon", "coordinates": [[[-74.9666672160752, 46.031486128875265], [-74.96666721418066, 46.03333332235956], [-74.95833388433117, 46.03333332447844], [-74.95833388399784, 46.03282189352639], [-74.95855691533373, 46.03292287196532], [-74.96032593021759, 46.03290992064263], [-74.96266654870443, 46.03289279420013], [-74.96376154327523, 46.03288478206104], [-74.96555126063222, 46.03136849367846], [-74.96569684640339, 46.031209986543736], [-74.96578250572851, 46.031238915090334], [-74.96590350502561, 46.03127765292386], [-74.96602562549755, 46.03131464467667], [-74.96614881521211, 46.03134987461786], [-74.9662730217823, 46.031383327764686], [-74.96663380933431, 46.03147753284947], [-74.9666672160752, 46.031486128875265]]]}, "properties": {"company_id": "big-ridge-gold", "jurisdiction": "Quebec", "claim_id": "", "claim_name": null, "holder": "Eagle Ridge Mining Ltd.", "status": "Active", "recorded_date": null, "anniversary_or_expiry": null, "area_ha": null, "tenure_type": null, "source": "GESTIM active titles (MRNF digital data dump). Not legal title.", "as_of": "2026-09-20", "role": "focus", "color": "#e8b040"}}, {"type": "Feature", "geometry": {"type": "Polygon", "coordinates": [[[-74.97500055629756, 46.031642741200834], [-74.97500055697114, 46.033333324672576], [-74.96666721418066, 46.03333332235956], [-74.9666672160752, 46.031486128875265], [-74.96669176775768, 46.03149244636085], [-74.96690324474527, 46.031543191662294], [-74.96711711813332, 46.031588805466285], [-74.96733313133082, 46.031629233047575], [-74.96755102517773, 46.03166442590298], [-74.96771123830585, 46.031688273775906], [-74.96787261116516, 46.0317108004085], [-74.96804161816799, 46.03173283614773], [-74.96810836020974, 46.031741285693], [-74.968247374855, 46.03175727300686], [-74.9683868572144, 46.031771144102784], [-74.96852674088645, 46.03178289237768], [-74.968666959278, 46.03179251223872], [-74.96880744563686, 46.03179999910641], [-74.96894813308288, 46.03180534941606], [-74.96908895464034, 46.031808560621165], [-74.96909906443236, 46.031807906364534], [-74.96910583474639, 46.03180868888795], [-74.9693445949922, 46.03186210952932], [-74.96950739443008, 46.03189689188488], [-74.96967145405333, 46.03192867239979], [-74.96983665978227, 46.03195742897486], [-74.97000289673981, 46.03198314161366], [-74.9702384996378, 46.03201731930096], [-74.97043375009578, 46.03204346545275], [-74.97057276549849, 46.03205945276572], [-74.97071224861823, 46.032073323861034], [-74.97085213305262, 46.03208507213545], [-74.97099235220837, 46.03209469199588], [-74.97113283933278, 46.032102178862985], [-74.97127352754555, 46.03210752917225], [-74.9714143498704, 46.03211074037719], [-74.97155523926722, 46.032111810948635], [-74.97179824582167, 46.03210862530429], [-74.97224098365753, 46.03209701237142], [-74.97246166773155, 46.03208858734957], [-74.97268180860337, 46.03207490748406], [-74.97290114840382, 46.03205598879949], [-74.97311943020269, 46.032031853456694], [-74.97330205815653, 46.0320075292123], [-74.9734836049192, 46.03197955298292], [-74.9736639199793, 46.031947947962955], [-74.97384285384769, 46.031912740354805], [-74.97402572079912, 46.03187477043163], [-74.97420859772517, 46.03183473030434], [-74.97438968766664, 46.0317909271239], [-74.97454280950957, 46.03175056751098], [-74.9746944131351, 46.03170751727148], [-74.97476885488138, 46.031685632644034], [-74.97490534633599, 46.03166128949532], [-74.97500055629756, 46.031642741200834]]]}, "properties": {"company_id": "big-ridge-gold", "jurisdiction": "Quebec", "claim_id": "", "claim_name": null, "holder": "Eagle Ridge Mining Ltd.", "status": "Active", "recorded_date": null, "anniversary_or_expiry": null, "area_ha": null, "tenure_type": null, "source": "GESTIM active titles (MRNF digital data dump). Not legal title.", "as_of": "2026-09-20", "role": "focus", "color": "#e8b040"}}, {"type": "Feature", "geometry": {"type": "Polygon", "coordinates": [[[-74.98333389914887, 46.030969657280274], [-74.98333389979146, 46.03333332241263], [-74.97500055697114, 46.033333324672576], [-74.97500055629756, 46.031642741200834], [-74.97504103529587, 46.03163485526859], [-74.97517586390929, 46.031606365457776], [-74.97530976799163, 46.03157583362548], [-74.9754426837985, 46.031543274306664], [-74.97557454805647, 46.03150870300103], [-74.97570529799299, 46.031472136166805], [-74.97583487136663, 46.031433591211595], [-74.97596320649586, 46.03139308648442], [-74.97609024228964, 46.03135064126768], [-74.97621591827549, 46.031306275767776], [-74.97634017462875, 46.031260011104344], [-74.97646295220108, 46.031211869301885], [-74.97658419254859, 46.03116187327793], [-74.97670383795962, 46.031110046833064], [-74.97682183148207, 46.03105641463835], [-74.97693811695093, 46.03100100222543], [-74.97705263901477, 46.03094383597273], [-74.97716534316206, 46.03088494309364], [-74.97727617574698, 46.03082435162336], [-74.97738508401561, 46.0307620904055], [-74.97749201612997, 46.03069818907874], [-74.97757162726955, 46.030648614130925], [-74.97768252252428, 46.030588123769355], [-74.97779143032899, 46.03052586254907], [-74.97789836198794, 46.0304619612198], [-74.97800326660514, 46.0303964502005], [-74.9781060942498, 46.03032936067668], [-74.9782067959806, 46.03026072458474], [-74.97830532386858, 46.030190574597526], [-74.97840163101996, 46.03011894410835], [-74.97849567159912, 46.030045867214646], [-74.97858740084955, 46.02997137870308], [-74.97860533394443, 46.02995642488518], [-74.97931232823656, 46.02936427394311], [-74.97955442018674, 46.029179132001396], [-74.9796418747748, 46.02911086801935], [-74.97972731787422, 46.02904137917878], [-74.97981669064137, 46.02896551449504], [-74.97990366593024, 46.02888830976411], [-74.9799882023491, 46.02880980173665], [-74.9800702596677, 46.0287300277837], [-74.98014979883658, 46.0286490258786], [-74.98021949464413, 46.02857461496401], [-74.98026391588371, 46.029070150009794], [-74.98084109910525, 46.029551517356595], [-74.98086836701901, 46.02960515018727], [-74.98090854819934, 46.0296586156577], [-74.98108002432727, 46.02979135873408], [-74.98115942622394, 46.02986231115519], [-74.98123858800561, 46.02992426893262], [-74.98125414482197, 46.03002304197903], [-74.9812567883798, 46.03012198241566], [-74.98131036431519, 46.030193269505666], [-74.98138952674478, 46.0302552271671], [-74.98158539036727, 46.03033366710995], [-74.98178077371556, 46.03039411754416], [-74.98217009881827, 46.03046104990843], [-74.98236500221735, 46.03050351016867], [-74.98254723303516, 46.03055513221358], [-74.98279619649966, 46.03068686733692], [-74.98303272890782, 46.03083675865153], [-74.98330728112425, 46.030959162852255], [-74.98333389914887, 46.030969657280274]]]}, "properties": {"company_id": "big-ridge-gold", "jurisdiction": "Quebec", "claim_id": "", "claim_name": null, "holder": "Eagle Ridge Mining Ltd.", "status": "Active", "recorded_date": null, "anniversary_or_expiry": null, "area_ha": null, "tenure_type": null, "source": "GESTIM active titles (MRNF digital data dump). Not legal title.", "as_of": "2026-09-20", "role": "focus", "color": "#e8b040"}}, {"type": "Feature", "geometry": {"type": "Polygon", "coordinates": [[[-77.4666666666667, 48.72500000000876], [-77.46666666666671, 48.733333333342046], [-77.4583333333333, 48.73333333334203], [-77.4583333333333, 48.72500000000876], [-77.4666666666667, 48.72500000000876]]]}, "properties": {"company_id": "big-ridge-gold", "jurisdiction": "Quebec", "claim_id": "", "claim_name": null, "holder": "Big Ridge Gold Corp.", "status": "Active", "recorded_date": null, "anniversary_or_expiry": null, "area_ha": null, "tenure_type": null, "source": "GESTIM active titles (MRNF digital data dump). Not legal title.", "as_of": "2026-09-20", "role": "focus", "color": "#e8b040"}}, {"type": "Feature", "geometry": {"type": "Polygon", "coordinates": [[[-77.42500000000001, 48.72500000000876], [-77.42500000000001, 48.73333333334203], [-77.4166666666667, 48.73333333334203], [-77.41666666666671, 48.725000000008755], [-77.42500000000001, 48.72500000000876]]]}, "properties": {"company_id": "big-ridge-gold", "jurisdiction": "Quebec", "claim_id": "", "claim_name": null, "holder": "Big Ridge Gold Corp.", "status": "Active", "recorded_date": null, "anniversary_or_expiry": null, "area_ha": null, "tenure_type": null, "source": "GESTIM active titles (MRNF digital data dump). Not legal title.", "as_of": "2026-09-20", "role": "focus", "color": "#e8b040"}}, {"type": "Feature", "geometry": {"type": "Polygon", "coordinates": [[[-77.5083333333333, 48.75833333334197], [-77.5083333333333, 48.76313624968495], [-77.50484351455744, 48.76314167076763], [-77.50128241370146, 48.763147085389384], [-77.5, 48.76314901526364], [-77.5, 48.75833333334195], [-77.5083333333333, 48.75833333334197]]]}, "properties": {"company_id": "big-ridge-gold", "jurisdiction": "Quebec", "claim_id": "", "claim_name": null, "holder": "Big Ridge Gold Corp.", "status": "Active", "recorded_date": null, "anniversary_or_expiry": null, "area_ha": null, "tenure_type": null, "source": "GESTIM active titles (MRNF digital data dump). Not legal title.", "as_of": "2026-09-20", "role": "focus", "color": "#e8b040"}}, {"type": "Feature", "geometry": {"type": "Polygon", "coordinates": [[[-77.41666666666671, 48.758333333341966], [-77.4166666666667, 48.761344475250645], [-77.41434129831131, 48.761344813460056], [-77.41406798874755, 48.76154955638203], [-77.4138854139029, 48.76168747454811], [-77.41362910508111, 48.761814305718666], [-77.41318420634529, 48.762026060917826], [-77.41290157456068, 48.76218043302434], [-77.41287482937547, 48.76221698141165], [-77.41284764830397, 48.76222654784035], [-77.4126207068417, 48.762451728829], [-77.41208262440064, 48.76278689137472], [-77.41197519487503, 48.76287011430776], [-77.41182827086861, 48.76300814628987], [-77.41163896074363, 48.76327302390984], [-77.40833333333332, 48.76327747720361], [-77.4083333333333, 48.75833333334195], [-77.41666666666671, 48.758333333341966]]]}, "properties": {"company_id": "big-ridge-gold", "jurisdiction": "Quebec", "claim_id": "", "claim_name": null, "holder": "Big Ridge Gold Corp.", "status": "Active", "recorded_date": null, "anniversary_or_expiry": null, "area_ha": null, "tenure_type": null, "source": "GESTIM active titles (MRNF digital data dump). Not legal title.", "as_of": "2026-09-20", "role": "focus", "color": "#e8b040"}}, {"type": "Feature", "geometry": {"type": "Polygon", "coordinates": [[[-77.53333333333332, 48.74166666667542], [-77.53333333333332, 48.734058908018625], [-77.53656545480268, 48.734061384722644], [-77.5401204590599, 48.73406849780712], [-77.54166666666671, 48.73406959963338], [-77.5416666666667, 48.74166666667542], [-77.53333333333332, 48.74166666667542]]]}, "properties": {"company_id": "big-ridge-gold", "jurisdiction": "Quebec", "claim_id": "", "claim_name": null, "holder": "Big Ridge Gold Corp.", "status": "Active", "recorded_date": null, "anniversary_or_expiry": null, "area_ha": null, "tenure_type": null, "source": "GESTIM active titles (MRNF digital data dump). Not legal title.", "as_of": "2026-09-20", "role": "focus", "color": "#e8b040"}}, {"type": "Feature", "geometry": {"type": "Polygon", "coordinates": [[[-77.49166666666672, 48.733333333342046], [-77.49166666666672, 48.74166666667542], [-77.48333333333332, 48.74166666667541], [-77.48333333333332, 48.73333333334203], [-77.49166666666672, 48.733333333342046]]]}, "properties": {"company_id": "big-ridge-gold", "jurisdiction": "Quebec", "claim_id": "", "claim_name": null, "holder": "Big Ridge Gold Corp.", "status": "Active", "recorded_date": null, "anniversary_or_expiry": null, "area_ha": null, "tenure_type": null, "source": "GESTIM active titles (MRNF digital data dump). Not legal title.", "as_of": "2026-09-20", "role": "focus", "color": "#e8b040"}}, {"type": "Feature", "geometry": {"type": "Polygon", "coordinates": [[[-77.43333333333331, 48.73333333334203], [-77.43333333333331, 48.74166666667542], [-77.42500000000001, 48.74166666667541], [-77.42500000000001, 48.73333333334203], [-77.43333333333331, 48.73333333334203]]]}, "properties": {"company_id": "big-ridge-gold", "jurisdiction": "Quebec", "claim_id": "", "claim_name": null, "holder": "Big Ridge Gold Corp.", "status": "Active", "recorded_date": null, "anniversary_or_expiry": null, "area_ha": null, "tenure_type": null, "source": "GESTIM active titles (MRNF digital data dump). Not legal title.", "as_of": "2026-09-20", "role": "focus", "color": "#e8b040"}}, {"type": "Feature", "geometry": {"type": "Polygon", "coordinates": [[[-77.525, 48.75000000000867], [-77.525, 48.75833333334195], [-77.5166666666667, 48.75833333334195], [-77.5166666666667, 48.75000000000867], [-77.525, 48.75000000000867]]]}, "properties": {"company_id": "big-ridge-gold", "jurisdiction": "Quebec", "claim_id": "", "claim_name": null, "holder": "Big Ridge Gold Corp.", "status": "Active", "recorded_date": null, "anniversary_or_expiry": null, "area_ha": null, "tenure_type": null, "source": "GESTIM active titles (MRNF digital data dump). Not legal title.", "as_of": "2026-09-20", "role": "focus", "color": "#e8b040"}}, {"type": "Feature", "geometry": {"type": "Polygon", "coordinates": [[[-77.45, 48.75000000000867], [-77.45000000000002, 48.75833333334195], [-77.44166666666672, 48.75833333334195], [-77.4416666666667, 48.75000000000868], [-77.45, 48.75000000000867]]]}, "properties": {"company_id": "big-ridge-gold", "jurisdiction": "Quebec", "claim_id": "", "claim_name": null, "holder": "Big Ridge Gold Corp.", "status": "Active", "recorded_date": null, "anniversary_or_expiry": null, "area_ha": null, "tenure_type": null, "source": "GESTIM active titles (MRNF digital data dump). Not legal title.", "as_of": "2026-09-20", "role": "focus", "color": "#e8b040"}}, {"type": "Feature", "geometry": {"type": "Polygon", "coordinates": [[[-77.5166666666667, 48.75833333334195], [-77.50833333333331, 48.75833333334197], [-77.50833333333331, 48.75000000000868], [-77.5166666666667, 48.75000000000867], [-77.5166666666667, 48.75833333334195]]]}, "properties": {"company_id": "big-ridge-gold", "jurisdiction": "Quebec", "claim_id": "", "claim_name": null, "holder": "Big Ridge Gold Corp.", "status": "Active", "recorded_date": null, "anniversary_or_expiry": null, "area_ha": null, "tenure_type": null, "source": "GESTIM active titles (MRNF digital data dump). Not legal title.", "as_of": "2026-09-20", "role": "focus", "color": "#e8b040"}}, {"type": "Feature", "geometry": {"type": "Polygon", "coordinates": [[[-77.45, 48.725000000008755], [-77.45, 48.733333333342046], [-77.44166666666672, 48.733333333342046], [-77.4416666666667, 48.72500000000876], [-77.45, 48.725000000008755]]]}, "properties": {"company_id": "big-ridge-gold", "jurisdiction": "Quebec", "claim_id": "", "claim_name": null, "holder": "Big Ridge Gold Corp.", "status": "Active", "recorded_date": null, "anniversary_or_expiry": null, "area_ha": null, "tenure_type": null, "source": "GESTIM active titles (MRNF digital data dump). Not legal title.", "as_of": "2026-09-20", "role": "focus", "color": "#e8b040"}}, {"type": "Feature", "geometry": {"type": "Polygon", "coordinates": [[[-77.4583333333333, 48.75833333334195], [-77.4583333333333, 48.763208612770946], [-77.45496758016996, 48.763212381494974], [-77.45140556846768, 48.76321627182036], [-77.45, 48.76321782152024], [-77.45000000000002, 48.75833333334195], [-77.4583333333333, 48.75833333334195]]]}, "properties": {"company_id": "big-ridge-gold", "jurisdiction": "Quebec", "claim_id": "", "claim_name": null, "holder": "Big Ridge Gold Corp.", "status": "Active", "recorded_date": null, "anniversary_or_expiry": null, "area_ha": null, "tenure_type": null, "source": "GESTIM active titles (MRNF digital data dump). Not legal title.", "as_of": "2026-09-20", "role": "focus", "color": "#e8b040"}}, {"type": "Feature", "geometry": {"type": "Polygon", "coordinates": [[[-77.45000000000002, 48.75833333334195], [-77.45, 48.76321782152024], [-77.44783801888215, 48.763220169569614], [-77.44427665109423, 48.76322832404737], [-77.4416666666667, 48.76323094378221], [-77.44166666666672, 48.75833333334195], [-77.45000000000002, 48.75833333334195]]]}, "properties": {"company_id": "big-ridge-gold", "jurisdiction": "Quebec", "claim_id": "", "claim_name": null, "holder": "Big Ridge Gold Corp.", "status": "Active", "recorded_date": null, "anniversary_or_expiry": null, "area_ha": null, "tenure_type": null, "source": "GESTIM active titles (MRNF digital data dump). Not legal title.", "as_of": "2026-09-20", "role": "focus", "color": "#e8b040"}}, {"type": "Feature", "geometry": {"type": "Polygon", "coordinates": [[[-77.50000000000001, 48.75000000000868], [-77.5, 48.75833333334195], [-77.49166666666672, 48.758333333341966], [-77.4916666666667, 48.75000000000868], [-77.50000000000001, 48.75000000000868]]]}, "properties": {"company_id": "big-ridge-gold", "jurisdiction": "Quebec", "claim_id": "", "claim_name": null, "holder": "Big Ridge Gold Corp.", "status": "Active", "recorded_date": null, "anniversary_or_expiry": null, "area_ha": null, "tenure_type": null, "source": "GESTIM active titles (MRNF digital data dump). Not legal title.", "as_of": "2026-09-20", "role": "focus", "color": "#e8b040"}}, {"type": "Feature", "geometry": {"type": "Polygon", "coordinates": [[[-77.4666666666667, 48.75000000000868], [-77.4666666666667, 48.75833333334195], [-77.4583333333333, 48.75833333334195], [-77.4583333333333, 48.75000000000867], [-77.4666666666667, 48.75000000000868]]]}, "properties": {"company_id": "big-ridge-gold", "jurisdiction": "Quebec", "claim_id": "", "claim_name": null, "holder": "Big Ridge Gold Corp.", "status": "Active", "recorded_date": null, "anniversary_or_expiry": null, "area_ha": null, "tenure_type": null, "source": "GESTIM active titles (MRNF digital data dump). Not legal title.", "as_of": "2026-09-20", "role": "focus", "color": "#e8b040"}}, {"type": "Feature", "geometry": {"type": "Polygon", "coordinates": [[[-77.4416666666667, 48.75000000000868], [-77.44166666666672, 48.75833333334195], [-77.43333333333331, 48.75833333334195], [-77.43333333333331, 48.75000000000868], [-77.4416666666667, 48.75000000000868]]]}, "properties": {"company_id": "big-ridge-gold", "jurisdiction": "Quebec", "claim_id": "", "claim_name": null, "holder": "Big Ridge Gold Corp.", "status": "Active", "recorded_date": null, "anniversary_or_expiry": null, "area_ha": null, "tenure_type": null, "source": "GESTIM active titles (MRNF digital data dump). Not legal title.", "as_of": "2026-09-20", "role": "focus", "color": "#e8b040"}}, {"type": "Feature", "geometry": {"type": "Polygon", "coordinates": [[[-77.5083333333333, 48.72500000000876], [-77.50833333333331, 48.73333333334203], [-77.5, 48.73333333334203], [-77.5, 48.72500000000876], [-77.5083333333333, 48.72500000000876]]]}, "properties": {"company_id": "big-ridge-gold", "jurisdiction": "Quebec", "claim_id": "", "claim_name": null, "holder": "Big Ridge Gold Corp.", "status": "Active", "recorded_date": null, "anniversary_or_expiry": null, "area_ha": null, "tenure_type": null, "source": "GESTIM active titles (MRNF digital data dump). Not legal title.", "as_of": "2026-09-20", "role": "focus", "color": "#e8b040"}}, {"type": "Feature", "geometry": {"type": "Polygon", "coordinates": [[[-77.43333333333331, 48.725000000008755], [-77.43333333333331, 48.71936907262127], [-77.43356490368083, 48.719369173719], [-77.43357949724798, 48.719369180103186], [-77.43378304469977, 48.71936937694876], [-77.4341986292154, 48.71936959010501], [-77.43547252212763, 48.71936964659245], [-77.43712069380537, 48.719370660967456], [-77.43712550003583, 48.71937066389305], [-77.44067084673841, 48.71936755373714], [-77.44067103002153, 48.719367554495236], [-77.44166666666672, 48.71937167002941], [-77.4416666666667, 48.72500000000876], [-77.43333333333331, 48.725000000008755]]]}, "properties": {"company_id": "big-ridge-gold", "jurisdiction": "Quebec", "claim_id": "", "claim_name": null, "holder": "Big Ridge Gold Corp.", "status": "Active", "recorded_date": null, "anniversary_or_expiry": null, "area_ha": null, "tenure_type": null, "source": "GESTIM active titles (MRNF digital data dump). Not legal title.", "as_of": "2026-09-20", "role": "focus", "color": "#e8b040"}}, {"type": "Feature", "geometry": {"type": "Polygon", "coordinates": [[[-77.42500000000001, 48.72500000000876], [-77.42500000000001, 48.719367424795536], [-77.42646434852405, 48.71936589181923], [-77.42648834948564, 48.71936586655763], [-77.42974591552536, 48.71936915658596], [-77.43001728758574, 48.71936766913929], [-77.4300339252805, 48.71936757792505], [-77.43333333333331, 48.71936907262127], [-77.43333333333331, 48.725000000008755], [-77.42500000000001, 48.72500000000876]]]}, "properties": {"company_id": "big-ridge-gold", "jurisdiction": "Quebec", "claim_id": "", "claim_name": null, "holder": "Big Ridge Gold Corp.", "status": "Active", "recorded_date": null, "anniversary_or_expiry": null, "area_ha": null, "tenure_type": null, "source": "GESTIM active titles (MRNF digital data dump). Not legal title.", "as_of": "2026-09-20", "role": "focus", "color": "#e8b040"}}, {"type": "Feature", "geometry": {"type": "Polygon", "coordinates": [[[-77.52253760609884, 48.76311538450526], [-77.51910100002817, 48.76311862392568], [-77.5166666666667, 48.763122838047934], [-77.5166666666667, 48.75833333334195], [-77.525, 48.75833333334195], [-77.52500000000002, 48.763110490664715], [-77.52265400066248, 48.76311283520011], [-77.52253760609884, 48.76311538450526]]]}, "properties": {"company_id": "big-ridge-gold", "jurisdiction": "Quebec", "claim_id": "", "claim_name": null, "holder": "Big Ridge Gold Corp.", "status": "Active", "recorded_date": null, "anniversary_or_expiry": null, "area_ha": null, "tenure_type": null, "source": "GESTIM active titles (MRNF digital data dump). Not legal title.", "as_of": "2026-09-20", "role": "focus", "color": "#e8b040"}}, {"type": "Feature", "geometry": {"type": "Polygon", "coordinates": [[[-77.44166666666672, 48.733333333342046], [-77.44166666666672, 48.74166666667542], [-77.43333333333331, 48.74166666667542], [-77.43333333333331, 48.73333333334203], [-77.44166666666672, 48.733333333342046]]]}, "properties": {"company_id": "big-ridge-gold", "jurisdiction": "Quebec", "claim_id": "", "claim_name": null, "holder": "Big Ridge Gold Corp.", "status": "Active", "recorded_date": null, "anniversary_or_expiry": null, "area_ha": null, "tenure_type": null, "source": "GESTIM active titles (MRNF digital data dump). Not legal title.", "as_of": "2026-09-20", "role": "focus", "color": "#e8b040"}}, {"type": "Feature", "geometry": {"type": "Polygon", "coordinates": [[[-77.49166666666672, 48.72500000000876], [-77.49166666666672, 48.733333333342046], [-77.48333333333332, 48.73333333334203], [-77.48333333333332, 48.72500000000876], [-77.49166666666672, 48.72500000000876]]]}, "properties": {"company_id": "big-ridge-gold", "jurisdiction": "Quebec", "claim_id": "", "claim_name": null, "holder": "Big Ridge Gold Corp.", "status": "Active", "recorded_date": null, "anniversary_or_expiry": null, "area_ha": null, "tenure_type": null, "source": "GESTIM active titles (MRNF digital data dump). Not legal title.", "as_of": "2026-09-20", "role": "focus", "color": "#e8b040"}}, {"type": "Feature", "geometry": {"type": "Polygon", "coordinates": [[[-77.46666666666671, 48.733333333342046], [-77.4666666666667, 48.74166666667542], [-77.45833333333331, 48.74166666667542], [-77.4583333333333, 48.73333333334203], [-77.46666666666671, 48.733333333342046]]]}, "properties": {"company_id": "big-ridge-gold", "jurisdiction": "Quebec", "claim_id": "", "claim_name": null, "holder": "Big Ridge Gold Corp.", "status": "Active", "recorded_date": null, "anniversary_or_expiry": null, "area_ha": null, "tenure_type": null, "source": "GESTIM active titles (MRNF digital data dump). Not legal title.", "as_of": "2026-09-20", "role": "focus", "color": "#e8b040"}}, {"type": "Feature", "geometry": {"type": "Polygon", "coordinates": [[[-77.4666666666667, 48.74166666667542], [-77.4666666666667, 48.75000000000868], [-77.4583333333333, 48.75000000000867], [-77.45833333333331, 48.74166666667542], [-77.4666666666667, 48.74166666667542]]]}, "properties": {"company_id": "big-ridge-gold", "jurisdiction": "Quebec", "claim_id": "", "claim_name": null, "holder": "Big Ridge Gold Corp.", "status": "Active", "recorded_date": null, "anniversary_or_expiry": null, "area_ha": null, "tenure_type": null, "source": "GESTIM active titles (MRNF digital data dump). Not legal title.", "as_of": "2026-09-20", "role": "focus", "color": "#e8b040"}}, {"type": "Feature", "geometry": {"type": "Polygon", "coordinates": [[[-77.525, 48.72500000000876], [-77.525, 48.719352552740084], [-77.52499999784489, 48.71935196783211], [-77.5259527429845, 48.719350426671795], [-77.52728225140451, 48.71934834307023], [-77.52820619195982, 48.71934588694897], [-77.52878640000478, 48.719345961644656], [-77.52950636386171, 48.719344810995935], [-77.5329819821649, 48.71933912708691], [-77.53298198508631, 48.71933990160695], [-77.53299301506783, 48.725000012583415], [-77.525, 48.72500000000876]]]}, "properties": {"company_id": "big-ridge-gold", "jurisdiction": "Quebec", "claim_id": "", "claim_name": null, "holder": "Big Ridge Gold Corp.", "status": "Active", "recorded_date": null, "anniversary_or_expiry": null, "area_ha": null, "tenure_type": null, "source": "GESTIM active titles (MRNF digital data dump). Not legal title.", "as_of": "2026-09-20", "role": "focus", "color": "#e8b040"}}, {"type": "Feature", "geometry": {"type": "Polygon", "coordinates": [[[-77.48333333333332, 48.72500000000876], [-77.48333333333332, 48.71941015850813], [-77.48443245942993, 48.71940791364968], [-77.48682379280179, 48.71940578023927], [-77.48686569220816, 48.71940572431547], [-77.48992209952944, 48.71940180836765], [-77.49037799076319, 48.71940094703109], [-77.49041933944872, 48.71940089149902], [-77.49166666666672, 48.719399208883715], [-77.49166666666672, 48.72500000000876], [-77.48333333333332, 48.72500000000876]]]}, "properties": {"company_id": "big-ridge-gold", "jurisdiction": "Quebec", "claim_id": "", "claim_name": null, "holder": "Big Ridge Gold Corp.", "status": "Active", "recorded_date": null, "anniversary_or_expiry": null, "area_ha": null, "tenure_type": null, "source": "GESTIM active titles (MRNF digital data dump). Not legal title.", "as_of": "2026-09-20", "role": "focus", "color": "#e8b040"}}, {"type": "Feature", "geometry": {"type": "Polygon", "coordinates": [[[-77.44166666666672, 48.75833333334195], [-77.4416666666667, 48.76323094378221], [-77.44071462511558, 48.76323188371566], [-77.44071253015443, 48.76133804869545], [-77.43333333333331, 48.76134058900063], [-77.43333333333331, 48.75833333334195], [-77.44166666666672, 48.75833333334195]]]}, "properties": {"company_id": "big-ridge-gold", "jurisdiction": "Quebec", "claim_id": "", "claim_name": null, "holder": "Big Ridge Gold Corp.", "status": "Active", "recorded_date": null, "anniversary_or_expiry": null, "area_ha": null, "tenure_type": null, "source": "GESTIM active titles (MRNF digital data dump). Not legal title.", "as_of": "2026-09-20", "role": "focus", "color": "#e8b040"}}, {"type": "Feature", "geometry": {"type": "Polygon", "coordinates": [[[-77.525, 48.73333333334203], [-77.525, 48.74166666667541], [-77.5166666666667, 48.74166666667542], [-77.51666666666671, 48.73333333334203], [-77.525, 48.73333333334203]]]}, "properties": {"company_id": "big-ridge-gold", "jurisdiction": "Quebec", "claim_id": "", "claim_name": null, "holder": "Big Ridge Gold Corp.", "status": "Active", "recorded_date": null, "anniversary_or_expiry": null, "area_ha": null, "tenure_type": null, "source": "GESTIM active titles (MRNF digital data dump). Not legal title.", "as_of": "2026-09-20", "role": "focus", "color": "#e8b040"}}, {"type": "Feature", "geometry": {"type": "Polygon", "coordinates": [[[-77.51666666666671, 48.73333333334203], [-77.5166666666667, 48.74166666667542], [-77.5083333333333, 48.74166666667542], [-77.50833333333331, 48.73333333334203], [-77.51666666666671, 48.73333333334203]]]}, "properties": {"company_id": "big-ridge-gold", "jurisdiction": "Quebec", "claim_id": "", "claim_name": null, "holder": "Big Ridge Gold Corp.", "status": "Active", "recorded_date": null, "anniversary_or_expiry": null, "area_ha": null, "tenure_type": null, "source": "GESTIM active titles (MRNF digital data dump). Not legal title.", "as_of": "2026-09-20", "role": "focus", "color": "#e8b040"}}, {"type": "Feature", "geometry": {"type": "Polygon", "coordinates": [[[-77.5166666666667, 48.75833333334195], [-77.5166666666667, 48.763122838047934], [-77.51552548204498, 48.763124794726835], [-77.51196695196978, 48.763130483906956], [-77.50840501825893, 48.76313613715028], [-77.5083333333333, 48.76313624968495], [-77.5083333333333, 48.75833333334197], [-77.5166666666667, 48.75833333334195]]]}, "properties": {"company_id": "big-ridge-gold", "jurisdiction": "Quebec", "claim_id": "", "claim_name": null, "holder": "Big Ridge Gold Corp.", "status": "Active", "recorded_date": null, "anniversary_or_expiry": null, "area_ha": null, "tenure_type": null, "source": "GESTIM active titles (MRNF digital data dump). Not legal title.", "as_of": "2026-09-20", "role": "focus", "color": "#e8b040"}}, {"type": "Feature", "geometry": {"type": "Polygon", "coordinates": [[[-77.5083333333333, 48.72500000000876], [-77.5, 48.72500000000876], [-77.5, 48.71938863592065], [-77.50095354419284, 48.71938767893957], [-77.50096759268808, 48.719387373825484], [-77.5010184969388, 48.71938626823951], [-77.50108013627948, 48.71938625861194], [-77.50122712009309, 48.71938623551253], [-77.50456460721783, 48.719381172355625], [-77.50463106819217, 48.71938107679977], [-77.50811284506518, 48.719375920812965], [-77.50818470008082, 48.7193758111432], [-77.5083333333333, 48.71937558413799], [-77.5083333333333, 48.72500000000876]]]}, "properties": {"company_id": "big-ridge-gold", "jurisdiction": "Quebec", "claim_id": "", "claim_name": null, "holder": "Big Ridge Gold Corp.", "status": "Active", "recorded_date": null, "anniversary_or_expiry": null, "area_ha": null, "tenure_type": null, "source": "GESTIM active titles (MRNF digital data dump). Not legal title.", "as_of": "2026-09-20", "role": "focus", "color": "#e8b040"}}, {"type": "Feature", "geometry": {"type": "Polygon", "coordinates": [[[-77.49166666666672, 48.758333333341966], [-77.4916666666667, 48.76316130823307], [-77.49059145480977, 48.76316283348915], [-77.48703246856174, 48.763167761330756], [-77.48347072189522, 48.76317713714899], [-77.48333333333332, 48.76317732337884], [-77.48333333333332, 48.758333333341966], [-77.49166666666672, 48.758333333341966]]]}, "properties": {"company_id": "big-ridge-gold", "jurisdiction": "Quebec", "claim_id": "", "claim_name": null, "holder": "Big Ridge Gold Corp.", "status": "Active", "recorded_date": null, "anniversary_or_expiry": null, "area_ha": null, "tenure_type": null, "source": "GESTIM active titles (MRNF digital data dump). Not legal title.", "as_of": "2026-09-20", "role": "focus", "color": "#e8b040"}}, {"type": "Feature", "geometry": {"type": "Polygon", "coordinates": [[[-77.4416666666667, 48.72500000000876], [-77.44166666666672, 48.733333333342046], [-77.43333333333331, 48.73333333334203], [-77.43333333333331, 48.725000000008755], [-77.4416666666667, 48.72500000000876]]]}, "properties": {"company_id": "big-ridge-gold", "jurisdiction": "Quebec", "claim_id": "", "claim_name": null, "holder": "Big Ridge Gold Corp.", "status": "Active", "recorded_date": null, "anniversary_or_expiry": null, "area_ha": null, "tenure_type": null, "source": "GESTIM active titles (MRNF digital data dump). Not legal title.", "as_of": "2026-09-20", "role": "focus", "color": "#e8b040"}}, {"type": "Feature", "geometry": {"type": "Polygon", "coordinates": [[[-77.43333333333331, 48.725000000008755], [-77.43333333333331, 48.73333333334203], [-77.42500000000001, 48.73333333334203], [-77.42500000000001, 48.72500000000876], [-77.43333333333331, 48.725000000008755]]]}, "properties": {"company_id": "big-ridge-gold", "jurisdiction": "Quebec", "claim_id": "", "claim_name": null, "holder": "Big Ridge Gold Corp.", "status": "Active", "recorded_date": null, "anniversary_or_expiry": null, "area_ha": null, "tenure_type": null, "source": "GESTIM active titles (MRNF digital data dump). Not legal title.", "as_of": "2026-09-20", "role": "focus", "color": "#e8b040"}}, {"type": "Feature", "geometry": {"type": "Polygon", "coordinates": [[[-77.42500000000001, 48.75833333334195], [-77.42500000000001, 48.76134285291666], [-77.4166666666667, 48.761344475250645], [-77.41666666666671, 48.758333333341966], [-77.42500000000001, 48.75833333334195]]]}, "properties": {"company_id": "big-ridge-gold", "jurisdiction": "Quebec", "claim_id": "", "claim_name": null, "holder": "Big Ridge Gold Corp.", "status": "Active", "recorded_date": null, "anniversary_or_expiry": null, "area_ha": null, "tenure_type": null, "source": "GESTIM active titles (MRNF digital data dump). Not legal title.", "as_of": "2026-09-20", "role": "focus", "color": "#e8b040"}}, {"type": "Feature", "geometry": {"type": "Polygon", "coordinates": [[[-77.5416666666667, 48.74166666667542], [-77.54166666666671, 48.73406959963338], [-77.54367565438561, 48.734070998224986], [-77.54723065176714, 48.73407789174037], [-77.55, 48.73407853068208], [-77.55, 48.74166666667541], [-77.5416666666667, 48.74166666667542]]]}, "properties": {"company_id": "big-ridge-gold", "jurisdiction": "Quebec", "claim_id": "", "claim_name": null, "holder": "Big Ridge Gold Corp.", "status": "Active", "recorded_date": null, "anniversary_or_expiry": null, "area_ha": null, "tenure_type": null, "source": "GESTIM active titles (MRNF digital data dump). Not legal title.", "as_of": "2026-09-20", "role": "focus", "color": "#e8b040"}}, {"type": "Feature", "geometry": {"type": "Polygon", "coordinates": [[[-77.525, 48.74166666667541], [-77.525, 48.73333333334203], [-77.53300925908809, 48.73333334533882], [-77.53301067318586, 48.734058655469916], [-77.53333333333332, 48.734058908018625], [-77.53333333333332, 48.74166666667542], [-77.525, 48.74166666667541]]]}, "properties": {"company_id": "big-ridge-gold", "jurisdiction": "Quebec", "claim_id": "", "claim_name": null, "holder": "Big Ridge Gold Corp.", "status": "Active", "recorded_date": null, "anniversary_or_expiry": null, "area_ha": null, "tenure_type": null, "source": "GESTIM active titles (MRNF digital data dump). Not legal title.", "as_of": "2026-09-20", "role": "focus", "color": "#e8b040"}}, {"type": "Feature", "geometry": {"type": "Polygon", "coordinates": [[[-77.53333333333332, 48.74850437320555], [-77.53333333333332, 48.74166666667542], [-77.5416666666667, 48.74166666667542], [-77.5416666666667, 48.74849467596206], [-77.54028640943747, 48.74849629338641], [-77.54017576249394, 48.74849423535913], [-77.53672914066327, 48.74849822732276], [-77.53661956264612, 48.74850064090843], [-77.53333333333332, 48.74850437320555]]]}, "properties": {"company_id": "big-ridge-gold", "jurisdiction": "Quebec", "claim_id": "", "claim_name": null, "holder": "Big Ridge Gold Corp.", "status": "Active", "recorded_date": null, "anniversary_or_expiry": null, "area_ha": null, "tenure_type": null, "source": "GESTIM active titles (MRNF digital data dump). Not legal title.", "as_of": "2026-09-20", "role": "focus", "color": "#e8b040"}}, {"type": "Feature", "geometry": {"type": "Polygon", "coordinates": [[[-77.4916666666667, 48.75000000000868], [-77.49166666666672, 48.758333333341966], [-77.48333333333332, 48.758333333341966], [-77.48333333333332, 48.75000000000868], [-77.4916666666667, 48.75000000000868]]]}, "properties": {"company_id": "big-ridge-gold", "jurisdiction": "Quebec", "claim_id": "", "claim_name": null, "holder": "Big Ridge Gold Corp.", "status": "Active", "recorded_date": null, "anniversary_or_expiry": null, "area_ha": null, "tenure_type": null, "source": "GESTIM active titles (MRNF digital data dump). Not legal title.", "as_of": "2026-09-20", "role": "focus", "color": "#e8b040"}}, {"type": "Feature", "geometry": {"type": "Polygon", "coordinates": [[[-77.47500000000001, 48.75000000000868], [-77.47500000000001, 48.758333333341966], [-77.4666666666667, 48.75833333334195], [-77.4666666666667, 48.75000000000868], [-77.47500000000001, 48.75000000000868]]]}, "properties": {"company_id": "big-ridge-gold", "jurisdiction": "Quebec", "claim_id": "", "claim_name": null, "holder": "Big Ridge Gold Corp.", "status": "Active", "recorded_date": null, "anniversary_or_expiry": null, "area_ha": null, "tenure_type": null, "source": "GESTIM active titles (MRNF digital data dump). Not legal title.", "as_of": "2026-09-20", "role": "focus", "color": "#e8b040"}}, {"type": "Feature", "geometry": {"type": "Polygon", "coordinates": [[[-77.43333333333331, 48.75833333334195], [-77.43333333333331, 48.76134058900063], [-77.42500000000001, 48.76134285291666], [-77.42500000000001, 48.75833333334195], [-77.43333333333331, 48.75833333334195]]]}, "properties": {"company_id": "big-ridge-gold", "jurisdiction": "Quebec", "claim_id": "", "claim_name": null, "holder": "Big Ridge Gold Corp.", "status": "Active", "recorded_date": null, "anniversary_or_expiry": null, "area_ha": null, "tenure_type": null, "source": "GESTIM active titles (MRNF digital data dump). Not legal title.", "as_of": "2026-09-20", "role": "focus", "color": "#e8b040"}}, {"type": "Feature", "geometry": {"type": "Polygon", "coordinates": [[[-77.4166666666667, 48.75000000000868], [-77.41666666666671, 48.758333333341966], [-77.4083333333333, 48.75833333334195], [-77.40833333333332, 48.75000000000868], [-77.4166666666667, 48.75000000000868]]]}, "properties": {"company_id": "big-ridge-gold", "jurisdiction": "Quebec", "claim_id": "", "claim_name": null, "holder": "Big Ridge Gold Corp.", "status": "Active", "recorded_date": null, "anniversary_or_expiry": null, "area_ha": null, "tenure_type": null, "source": "GESTIM active titles (MRNF digital data dump). Not legal title.", "as_of": "2026-09-20", "role": "focus", "color": "#e8b040"}}, {"type": "Feature", "geometry": {"type": "Polygon", "coordinates": [[[-77.45, 48.733333333342046], [-77.45, 48.74166666667542], [-77.44166666666672, 48.74166666667542], [-77.44166666666672, 48.733333333342046], [-77.45, 48.733333333342046]]]}, "properties": {"company_id": "big-ridge-gold", "jurisdiction": "Quebec", "claim_id": "", "claim_name": null, "holder": "Big Ridge Gold Corp.", "status": "Active", "recorded_date": null, "anniversary_or_expiry": null, "area_ha": null, "tenure_type": null, "source": "GESTIM active titles (MRNF digital data dump). Not legal title.", "as_of": "2026-09-20", "role": "focus", "color": "#e8b040"}}, {"type": "Feature", "geometry": {"type": "Polygon", "coordinates": [[[-77.48333333333332, 48.758333333341966], [-77.48333333333332, 48.76317732337884], [-77.47990874834812, 48.76318190904802], [-77.47634676995862, 48.7631865707793], [-77.47500000000001, 48.763188347592674], [-77.47500000000001, 48.758333333341966], [-77.48333333333332, 48.758333333341966]]]}, "properties": {"company_id": "big-ridge-gold", "jurisdiction": "Quebec", "claim_id": "", "claim_name": null, "holder": "Big Ridge Gold Corp.", "status": "Active", "recorded_date": null, "anniversary_or_expiry": null, "area_ha": null, "tenure_type": null, "source": "GESTIM active titles (MRNF digital data dump). Not legal title.", "as_of": "2026-09-20", "role": "focus", "color": "#e8b040"}}, {"type": "Feature", "geometry": {"type": "Polygon", "coordinates": [[[-77.525, 48.75000000000867], [-77.525, 48.74166666667541], [-77.53333333333332, 48.74166666667542], [-77.53333333333332, 48.74850437320555], [-77.53317167207989, 48.748504554234984], [-77.53317587567062, 48.75000000595683], [-77.525, 48.75000000000867]]]}, "properties": {"company_id": "big-ridge-gold", "jurisdiction": "Quebec", "claim_id": "", "claim_name": null, "holder": "Big Ridge Gold Corp.", "status": "Active", "recorded_date": null, "anniversary_or_expiry": null, "area_ha": null, "tenure_type": null, "source": "GESTIM active titles (MRNF digital data dump). Not legal title.", "as_of": "2026-09-20", "role": "focus", "color": "#e8b040"}}, {"type": "Feature", "geometry": {"type": "Polygon", "coordinates": [[[-77.50833333333331, 48.75000000000868], [-77.50833333333331, 48.75833333334197], [-77.5, 48.75833333334195], [-77.5, 48.75000000000867], [-77.50833333333331, 48.75000000000868]]]}, "properties": {"company_id": "big-ridge-gold", "jurisdiction": "Quebec", "claim_id": "", "claim_name": null, "holder": "Big Ridge Gold Corp.", "status": "Active", "recorded_date": null, "anniversary_or_expiry": null, "area_ha": null, "tenure_type": null, "source": "GESTIM active titles (MRNF digital data dump). Not legal title.", "as_of": "2026-09-20", "role": "focus", "color": "#e8b040"}}, {"type": "Feature", "geometry": {"type": "Polygon", "coordinates": [[[-77.48333333333332, 48.72500000000876], [-77.48333333333332, 48.73333333334203], [-77.47500000000001, 48.733333333342024], [-77.47500000000001, 48.72500000000876], [-77.48333333333332, 48.72500000000876]]]}, "properties": {"company_id": "big-ridge-gold", "jurisdiction": "Quebec", "claim_id": "", "claim_name": null, "holder": "Big Ridge Gold Corp.", "status": "Active", "recorded_date": null, "anniversary_or_expiry": null, "area_ha": null, "tenure_type": null, "source": "GESTIM active titles (MRNF digital data dump). Not legal title.", "as_of": "2026-09-20", "role": "focus", "color": "#e8b040"}}, {"type": "Feature", "geometry": {"type": "Polygon", "coordinates": [[[-77.4666666666667, 48.75833333334195], [-77.4666666666667, 48.76319878677644], [-77.46565570785172, 48.76320000410008], [-77.46209668759245, 48.76320416135607], [-77.45852915214071, 48.76320839028582], [-77.4583333333333, 48.763208612770946], [-77.4583333333333, 48.75833333334195], [-77.4666666666667, 48.75833333334195]]]}, "properties": {"company_id": "big-ridge-gold", "jurisdiction": "Quebec", "claim_id": "", "claim_name": null, "holder": "Big Ridge Gold Corp.", "status": "Active", "recorded_date": null, "anniversary_or_expiry": null, "area_ha": null, "tenure_type": null, "source": "GESTIM active titles (MRNF digital data dump). Not legal title.", "as_of": "2026-09-20", "role": "focus", "color": "#e8b040"}}, {"type": "Feature", "geometry": {"type": "Polygon", "coordinates": [[[-77.42500000000001, 48.75000000000868], [-77.42500000000001, 48.75833333334195], [-77.41666666666671, 48.758333333341966], [-77.4166666666667, 48.75000000000868], [-77.42500000000001, 48.75000000000868]]]}, "properties": {"company_id": "big-ridge-gold", "jurisdiction": "Quebec", "claim_id": "", "claim_name": null, "holder": "Big Ridge Gold Corp.", "status": "Active", "recorded_date": null, "anniversary_or_expiry": null, "area_ha": null, "tenure_type": null, "source": "GESTIM active titles (MRNF digital data dump). Not legal title.", "as_of": "2026-09-20", "role": "focus", "color": "#e8b040"}}, {"type": "Feature", "geometry": {"type": "Polygon", "coordinates": [[[-77.48333333333332, 48.73333333334203], [-77.48333333333332, 48.74166666667541], [-77.47500000000001, 48.74166666667542], [-77.47500000000001, 48.733333333342024], [-77.48333333333332, 48.73333333334203]]]}, "properties": {"company_id": "big-ridge-gold", "jurisdiction": "Quebec", "claim_id": "", "claim_name": null, "holder": "Big Ridge Gold Corp.", "status": "Active", "recorded_date": null, "anniversary_or_expiry": null, "area_ha": null, "tenure_type": null, "source": "GESTIM active titles (MRNF digital data dump). Not legal title.", "as_of": "2026-09-20", "role": "focus", "color": "#e8b040"}}, {"type": "Feature", "geometry": {"type": "Polygon", "coordinates": [[[-77.42500000000001, 48.73333333334203], [-77.42500000000001, 48.74166666667541], [-77.41666666666671, 48.74166666667542], [-77.4166666666667, 48.73333333334203], [-77.42500000000001, 48.73333333334203]]]}, "properties": {"company_id": "big-ridge-gold", "jurisdiction": "Quebec", "claim_id": "", "claim_name": null, "holder": "Big Ridge Gold Corp.", "status": "Active", "recorded_date": null, "anniversary_or_expiry": null, "area_ha": null, "tenure_type": null, "source": "GESTIM active titles (MRNF digital data dump). Not legal title.", "as_of": "2026-09-20", "role": "focus", "color": "#e8b040"}}, {"type": "Feature", "geometry": {"type": "Polygon", "coordinates": [[[-77.47500000000001, 48.74166666667542], [-77.47500000000001, 48.75000000000868], [-77.4666666666667, 48.75000000000868], [-77.4666666666667, 48.74166666667542], [-77.47500000000001, 48.74166666667542]]]}, "properties": {"company_id": "big-ridge-gold", "jurisdiction": "Quebec", "claim_id": "", "claim_name": null, "holder": "Big Ridge Gold Corp.", "status": "Active", "recorded_date": null, "anniversary_or_expiry": null, "area_ha": null, "tenure_type": null, "source": "GESTIM active titles (MRNF digital data dump). Not legal title.", "as_of": "2026-09-20", "role": "focus", "color": "#e8b040"}}, {"type": "Feature", "geometry": {"type": "Polygon", "coordinates": [[[-77.42500000000001, 48.74166666667541], [-77.42500000000001, 48.75000000000868], [-77.4166666666667, 48.75000000000868], [-77.41666666666671, 48.74166666667542], [-77.42500000000001, 48.74166666667541]]]}, "properties": {"company_id": "big-ridge-gold", "jurisdiction": "Quebec", "claim_id": "", "claim_name": null, "holder": "Big Ridge Gold Corp.", "status": "Active", "recorded_date": null, "anniversary_or_expiry": null, "area_ha": null, "tenure_type": null, "source": "GESTIM active titles (MRNF digital data dump). Not legal title.", "as_of": "2026-09-20", "role": "focus", "color": "#e8b040"}}, {"type": "Feature", "geometry": {"type": "Polygon", "coordinates": [[[-77.525, 48.72500000000876], [-77.525, 48.73333333334203], [-77.51666666666671, 48.73333333334203], [-77.5166666666667, 48.72500000000876], [-77.525, 48.72500000000876]]]}, "properties": {"company_id": "big-ridge-gold", "jurisdiction": "Quebec", "claim_id": "", "claim_name": null, "holder": "Big Ridge Gold Corp.", "status": "Active", "recorded_date": null, "anniversary_or_expiry": null, "area_ha": null, "tenure_type": null, "source": "GESTIM active titles (MRNF digital data dump). Not legal title.", "as_of": "2026-09-20", "role": "focus", "color": "#e8b040"}}, {"type": "Feature", "geometry": {"type": "Polygon", "coordinates": [[[-77.49166666666672, 48.72500000000876], [-77.49166666666672, 48.719399208883715], [-77.49392666922373, 48.71939612354604], [-77.49397298272112, 48.71939610936209], [-77.49540154118402, 48.71939566211114], [-77.49747831745424, 48.71939112617632], [-77.49752649844798, 48.719391079146746], [-77.5, 48.71938863592065], [-77.5, 48.72500000000876], [-77.49166666666672, 48.72500000000876]]]}, "properties": {"company_id": "big-ridge-gold", "jurisdiction": "Quebec", "claim_id": "", "claim_name": null, "holder": "Big Ridge Gold Corp.", "status": "Active", "recorded_date": null, "anniversary_or_expiry": null, "area_ha": null, "tenure_type": null, "source": "GESTIM active titles (MRNF digital data dump). Not legal title.", "as_of": "2026-09-20", "role": "focus", "color": "#e8b040"}}, {"type": "Feature", "geometry": {"type": "Polygon", "coordinates": [[[-77.47500000000001, 48.72500000000876], [-77.47500000000001, 48.733333333342024], [-77.46666666666671, 48.733333333342046], [-77.4666666666667, 48.72500000000876], [-77.47500000000001, 48.72500000000876]]]}, "properties": {"company_id": "big-ridge-gold", "jurisdiction": "Quebec", "claim_id": "", "claim_name": null, "holder": "Big Ridge Gold Corp.", "status": "Active", "recorded_date": null, "anniversary_or_expiry": null, "area_ha": null, "tenure_type": null, "source": "GESTIM active titles (MRNF digital data dump). Not legal title.", "as_of": "2026-09-20", "role": "focus", "color": "#e8b040"}}, {"type": "Feature", "geometry": {"type": "Polygon", "coordinates": [[[-77.5166666666667, 48.72500000000876], [-77.51666666666671, 48.73333333334203], [-77.50833333333331, 48.73333333334203], [-77.5083333333333, 48.72500000000876], [-77.5166666666667, 48.72500000000876]]]}, "properties": {"company_id": "big-ridge-gold", "jurisdiction": "Quebec", "claim_id": "", "claim_name": null, "holder": "Big Ridge Gold Corp.", "status": "Active", "recorded_date": null, "anniversary_or_expiry": null, "area_ha": null, "tenure_type": null, "source": "GESTIM active titles (MRNF digital data dump). Not legal title.", "as_of": "2026-09-20", "role": "focus", "color": "#e8b040"}}, {"type": "Feature", "geometry": {"type": "Polygon", "coordinates": [[[-77.5083333333333, 48.74166666667542], [-77.50833333333331, 48.75000000000868], [-77.50000000000001, 48.75000000000868], [-77.50000000000001, 48.74166666667542], [-77.5083333333333, 48.74166666667542]]]}, "properties": {"company_id": "big-ridge-gold", "jurisdiction": "Quebec", "claim_id": "", "claim_name": null, "holder": "Big Ridge Gold Corp.", "status": "Active", "recorded_date": null, "anniversary_or_expiry": null, "area_ha": null, "tenure_type": null, "source": "GESTIM active titles (MRNF digital data dump). Not legal title.", "as_of": "2026-09-20", "role": "focus", "color": "#e8b040"}}, {"type": "Feature", "geometry": {"type": "Polygon", "coordinates": [[[-77.52965463138517, 48.763103242944865], [-77.5262157181829, 48.763111244120246], [-77.52609568627634, 48.76310937824294], [-77.52500000000002, 48.763110490664715], [-77.525, 48.75833333334195], [-77.53319930471487, 48.758333338418694], [-77.53321270133827, 48.76309701680255], [-77.52977720538883, 48.763105049273435], [-77.52965463138517, 48.763103242944865]]]}, "properties": {"company_id": "big-ridge-gold", "jurisdiction": "Quebec", "claim_id": "", "claim_name": null, "holder": "Big Ridge Gold Corp.", "status": "Active", "recorded_date": null, "anniversary_or_expiry": null, "area_ha": null, "tenure_type": null, "source": "GESTIM active titles (MRNF digital data dump). Not legal title.", "as_of": "2026-09-20", "role": "focus", "color": "#e8b040"}}, {"type": "Feature", "geometry": {"type": "Polygon", "coordinates": [[[-77.5, 48.73333333334203], [-77.50000000000001, 48.74166666667542], [-77.49166666666672, 48.74166666667542], [-77.49166666666672, 48.733333333342046], [-77.5, 48.73333333334203]]]}, "properties": {"company_id": "big-ridge-gold", "jurisdiction": "Quebec", "claim_id": "", "claim_name": null, "holder": "Big Ridge Gold Corp.", "status": "Active", "recorded_date": null, "anniversary_or_expiry": null, "area_ha": null, "tenure_type": null, "source": "GESTIM active titles (MRNF digital data dump). Not legal title.", "as_of": "2026-09-20", "role": "focus", "color": "#e8b040"}}, {"type": "Feature", "geometry": {"type": "Polygon", "coordinates": [[[-77.4583333333333, 48.73333333334203], [-77.45833333333331, 48.74166666667542], [-77.45, 48.74166666667542], [-77.45, 48.733333333342046], [-77.4583333333333, 48.73333333334203]]]}, "properties": {"company_id": "big-ridge-gold", "jurisdiction": "Quebec", "claim_id": "", "claim_name": null, "holder": "Big Ridge Gold Corp.", "status": "Active", "recorded_date": null, "anniversary_or_expiry": null, "area_ha": null, "tenure_type": null, "source": "GESTIM active titles (MRNF digital data dump). Not legal title.", "as_of": "2026-09-20", "role": "focus", "color": "#e8b040"}}, {"type": "Feature", "geometry": {"type": "Polygon", "coordinates": [[[-77.47500000000001, 48.758333333341966], [-77.47500000000001, 48.763188347592674], [-77.47277926723648, 48.76319124084209], [-77.46921770065325, 48.76319567303145], [-77.4666666666667, 48.76319878677644], [-77.4666666666667, 48.75833333334195], [-77.47500000000001, 48.758333333341966]]]}, "properties": {"company_id": "big-ridge-gold", "jurisdiction": "Quebec", "claim_id": "", "claim_name": null, "holder": "Big Ridge Gold Corp.", "status": "Active", "recorded_date": null, "anniversary_or_expiry": null, "area_ha": null, "tenure_type": null, "source": "GESTIM active titles (MRNF digital data dump). Not legal title.", "as_of": "2026-09-20", "role": "focus", "color": "#e8b040"}}, {"type": "Feature", "geometry": {"type": "Polygon", "coordinates": [[[-77.47500000000001, 48.72500000000876], [-77.47500000000001, 48.719420901634095], [-77.47617473934667, 48.71941932981624], [-77.47620759199818, 48.71941931267407], [-77.47896212672076, 48.719417839889985], [-77.47972343706232, 48.719414944074764], [-77.47976124076965, 48.7194148949728], [-77.4832806193438, 48.71941026589063], [-77.48331475742593, 48.71941019635164], [-77.48333333333332, 48.71941015850813], [-77.48333333333332, 48.72500000000876], [-77.47500000000001, 48.72500000000876]]]}, "properties": {"company_id": "big-ridge-gold", "jurisdiction": "Quebec", "claim_id": "", "claim_name": null, "holder": "Big Ridge Gold Corp.", "status": "Active", "recorded_date": null, "anniversary_or_expiry": null, "area_ha": null, "tenure_type": null, "source": "GESTIM active titles (MRNF digital data dump). Not legal title.", "as_of": "2026-09-20", "role": "focus", "color": "#e8b040"}}, {"type": "Feature", "geometry": {"type": "Polygon", "coordinates": [[[-77.45, 48.725000000008755], [-77.45000000000002, 48.7193911178843], [-77.45132261191678, 48.71939322142745], [-77.45133201050689, 48.719393322721814], [-77.45160320382996, 48.71939624522738], [-77.45487157404754, 48.71940309235782], [-77.45488563182433, 48.71940310881688], [-77.45707191077885, 48.71940564890035], [-77.4583333333333, 48.71940824150506], [-77.4583333333333, 48.72500000000876], [-77.45, 48.725000000008755]]]}, "properties": {"company_id": "big-ridge-gold", "jurisdiction": "Quebec", "claim_id": "", "claim_name": null, "holder": "Big Ridge Gold Corp.", "status": "Active", "recorded_date": null, "anniversary_or_expiry": null, "area_ha": null, "tenure_type": null, "source": "GESTIM active titles (MRNF digital data dump). Not legal title.", "as_of": "2026-09-20", "role": "focus", "color": "#e8b040"}}, {"type": "Feature", "geometry": {"type": "Polygon", "coordinates": [[[-77.5, 48.72500000000876], [-77.5, 48.73333333334203], [-77.49166666666672, 48.733333333342046], [-77.49166666666672, 48.72500000000876], [-77.5, 48.72500000000876]]]}, "properties": {"company_id": "big-ridge-gold", "jurisdiction": "Quebec", "claim_id": "", "claim_name": null, "holder": "Big Ridge Gold Corp.", "status": "Active", "recorded_date": null, "anniversary_or_expiry": null, "area_ha": null, "tenure_type": null, "source": "GESTIM active titles (MRNF digital data dump). Not legal title.", "as_of": "2026-09-20", "role": "focus", "color": "#e8b040"}}, {"type": "Feature", "geometry": {"type": "Polygon", "coordinates": [[[-77.48333333333332, 48.74166666667541], [-77.48333333333332, 48.75000000000868], [-77.47500000000001, 48.75000000000868], [-77.47500000000001, 48.74166666667542], [-77.48333333333332, 48.74166666667541]]]}, "properties": {"company_id": "big-ridge-gold", "jurisdiction": "Quebec", "claim_id": "", "claim_name": null, "holder": "Big Ridge Gold Corp.", "status": "Active", "recorded_date": null, "anniversary_or_expiry": null, "area_ha": null, "tenure_type": null, "source": "GESTIM active titles (MRNF digital data dump). Not legal title.", "as_of": "2026-09-20", "role": "focus", "color": "#e8b040"}}, {"type": "Feature", "geometry": {"type": "Polygon", "coordinates": [[[-77.44166666666672, 48.74166666667542], [-77.4416666666667, 48.75000000000868], [-77.43333333333331, 48.75000000000868], [-77.43333333333331, 48.74166666667542], [-77.44166666666672, 48.74166666667542]]]}, "properties": {"company_id": "big-ridge-gold", "jurisdiction": "Quebec", "claim_id": "", "claim_name": null, "holder": "Big Ridge Gold Corp.", "status": "Active", "recorded_date": null, "anniversary_or_expiry": null, "area_ha": null, "tenure_type": null, "source": "GESTIM active titles (MRNF digital data dump). Not legal title.", "as_of": "2026-09-20", "role": "focus", "color": "#e8b040"}}, {"type": "Feature", "geometry": {"type": "Polygon", "coordinates": [[[-77.43333333333331, 48.74166666667542], [-77.43333333333331, 48.75000000000868], [-77.42500000000001, 48.75000000000868], [-77.42500000000001, 48.74166666667541], [-77.43333333333331, 48.74166666667542]]]}, "properties": {"company_id": "big-ridge-gold", "jurisdiction": "Quebec", "claim_id": "", "claim_name": null, "holder": "Big Ridge Gold Corp.", "status": "Active", "recorded_date": null, "anniversary_or_expiry": null, "area_ha": null, "tenure_type": null, "source": "GESTIM active titles (MRNF digital data dump). Not legal title.", "as_of": "2026-09-20", "role": "focus", "color": "#e8b040"}}, {"type": "Feature", "geometry": {"type": "Polygon", "coordinates": [[[-77.4583333333333, 48.75000000000867], [-77.4583333333333, 48.75833333334195], [-77.45000000000002, 48.75833333334195], [-77.45, 48.75000000000867], [-77.4583333333333, 48.75000000000867]]]}, "properties": {"company_id": "big-ridge-gold", "jurisdiction": "Quebec", "claim_id": "", "claim_name": null, "holder": "Big Ridge Gold Corp.", "status": "Active", "recorded_date": null, "anniversary_or_expiry": null, "area_ha": null, "tenure_type": null, "source": "GESTIM active titles (MRNF digital data dump). Not legal title.", "as_of": "2026-09-20", "role": "focus", "color": "#e8b040"}}, {"type": "Feature", "geometry": {"type": "Polygon", "coordinates": [[[-77.49166666666672, 48.74166666667542], [-77.4916666666667, 48.75000000000868], [-77.48333333333332, 48.75000000000868], [-77.48333333333332, 48.74166666667541], [-77.49166666666672, 48.74166666667542]]]}, "properties": {"company_id": "big-ridge-gold", "jurisdiction": "Quebec", "claim_id": "", "claim_name": null, "holder": "Big Ridge Gold Corp.", "status": "Active", "recorded_date": null, "anniversary_or_expiry": null, "area_ha": null, "tenure_type": null, "source": "GESTIM active titles (MRNF digital data dump). Not legal title.", "as_of": "2026-09-20", "role": "focus", "color": "#e8b040"}}, {"type": "Feature", "geometry": {"type": "Polygon", "coordinates": [[[-77.525, 48.74166666667541], [-77.525, 48.75000000000868], [-77.5166666666667, 48.75000000000867], [-77.5166666666667, 48.74166666667542], [-77.525, 48.74166666667541]]]}, "properties": {"company_id": "big-ridge-gold", "jurisdiction": "Quebec", "claim_id": "", "claim_name": null, "holder": "Big Ridge Gold Corp.", "status": "Active", "recorded_date": null, "anniversary_or_expiry": null, "area_ha": null, "tenure_type": null, "source": "GESTIM active titles (MRNF digital data dump). Not legal title.", "as_of": "2026-09-20", "role": "focus", "color": "#e8b040"}}, {"type": "Feature", "geometry": {"type": "Polygon", "coordinates": [[[-77.51884548202685, 48.719361518028116], [-77.52232335129693, 48.71935623526063], [-77.52239924876888, 48.719356118728285], [-77.52240673235443, 48.71935610775407], [-77.52250799811051, 48.719353889467335], [-77.52445092427389, 48.719352852200316], [-77.52499999784489, 48.71935196783211], [-77.525, 48.719352552740084], [-77.525, 48.72500000000876], [-77.5166666666667, 48.72500000000876], [-77.5166666666667, 48.71936348209072], [-77.51694244613988, 48.719363209137896], [-77.5171103820255, 48.71936414900647], [-77.51727022021664, 48.71936392583521], [-77.51884548202685, 48.719361518028116]]]}, "properties": {"company_id": "big-ridge-gold", "jurisdiction": "Quebec", "claim_id": "", "claim_name": null, "holder": "Big Ridge Gold Corp.", "status": "Active", "recorded_date": null, "anniversary_or_expiry": null, "area_ha": null, "tenure_type": null, "source": "GESTIM active titles (MRNF digital data dump). Not legal title.", "as_of": "2026-09-20", "role": "focus", "color": "#e8b040"}}, {"type": "Feature", "geometry": {"type": "Polygon", "coordinates": [[[-77.4583333333333, 48.72500000000876], [-77.4583333333333, 48.73333333334203], [-77.45, 48.733333333342046], [-77.45, 48.725000000008755], [-77.4583333333333, 48.72500000000876]]]}, "properties": {"company_id": "big-ridge-gold", "jurisdiction": "Quebec", "claim_id": "", "claim_name": null, "holder": "Big Ridge Gold Corp.", "status": "Active", "recorded_date": null, "anniversary_or_expiry": null, "area_ha": null, "tenure_type": null, "source": "GESTIM active titles (MRNF digital data dump). Not legal title.", "as_of": "2026-09-20", "role": "focus", "color": "#e8b040"}}, {"type": "Feature", "geometry": {"type": "Polygon", "coordinates": [[[-77.5166666666667, 48.74166666667542], [-77.5166666666667, 48.75000000000867], [-77.50833333333331, 48.75000000000868], [-77.5083333333333, 48.74166666667542], [-77.5166666666667, 48.74166666667542]]]}, "properties": {"company_id": "big-ridge-gold", "jurisdiction": "Quebec", "claim_id": "", "claim_name": null, "holder": "Big Ridge Gold Corp.", "status": "Active", "recorded_date": null, "anniversary_or_expiry": null, "area_ha": null, "tenure_type": null, "source": "GESTIM active titles (MRNF digital data dump). Not legal title.", "as_of": "2026-09-20", "role": "focus", "color": "#e8b040"}}, {"type": "Feature", "geometry": {"type": "Polygon", "coordinates": [[[-77.4666666666667, 48.72500000000876], [-77.4666666666667, 48.719425777503425], [-77.46778561469941, 48.719428470738826], [-77.46907477605073, 48.719427827938176], [-77.46910026695036, 48.71942779756907], [-77.4726290115665, 48.71942354231298], [-77.47349707627468, 48.719422893961614], [-77.47500000000001, 48.719420901634095], [-77.47500000000001, 48.72500000000876], [-77.4666666666667, 48.72500000000876]]]}, "properties": {"company_id": "big-ridge-gold", "jurisdiction": "Quebec", "claim_id": "", "claim_name": null, "holder": "Big Ridge Gold Corp.", "status": "Active", "recorded_date": null, "anniversary_or_expiry": null, "area_ha": null, "tenure_type": null, "source": "GESTIM active titles (MRNF digital data dump). Not legal title.", "as_of": "2026-09-20", "role": "focus", "color": "#e8b040"}}, {"type": "Feature", "geometry": {"type": "Polygon", "coordinates": [[[-77.4416666666667, 48.72500000000876], [-77.44166666666672, 48.71937167002941], [-77.4442216690561, 48.71938218936406], [-77.44422257519778, 48.71938219308583], [-77.44777828394119, 48.71938754846888], [-77.44778235482255, 48.719387554541], [-77.45000000000002, 48.7193911178843], [-77.45, 48.725000000008755], [-77.4416666666667, 48.72500000000876]]]}, "properties": {"company_id": "big-ridge-gold", "jurisdiction": "Quebec", "claim_id": "", "claim_name": null, "holder": "Big Ridge Gold Corp.", "status": "Active", "recorded_date": null, "anniversary_or_expiry": null, "area_ha": null, "tenure_type": null, "source": "GESTIM active titles (MRNF digital data dump). Not legal title.", "as_of": "2026-09-20", "role": "focus", "color": "#e8b040"}}, {"type": "Feature", "geometry": {"type": "Polygon", "coordinates": [[[-77.48333333333332, 48.75000000000868], [-77.48333333333332, 48.758333333341966], [-77.47500000000001, 48.758333333341966], [-77.47500000000001, 48.75000000000868], [-77.48333333333332, 48.75000000000868]]]}, "properties": {"company_id": "big-ridge-gold", "jurisdiction": "Quebec", "claim_id": "", "claim_name": null, "holder": "Big Ridge Gold Corp.", "status": "Active", "recorded_date": null, "anniversary_or_expiry": null, "area_ha": null, "tenure_type": null, "source": "GESTIM active titles (MRNF digital data dump). Not legal title.", "as_of": "2026-09-20", "role": "focus", "color": "#e8b040"}}, {"type": "Feature", "geometry": {"type": "Polygon", "coordinates": [[[-77.50000000000001, 48.74166666667542], [-77.50000000000001, 48.75000000000868], [-77.4916666666667, 48.75000000000868], [-77.49166666666672, 48.74166666667542], [-77.50000000000001, 48.74166666667542]]]}, "properties": {"company_id": "big-ridge-gold", "jurisdiction": "Quebec", "claim_id": "", "claim_name": null, "holder": "Big Ridge Gold Corp.", "status": "Active", "recorded_date": null, "anniversary_or_expiry": null, "area_ha": null, "tenure_type": null, "source": "GESTIM active titles (MRNF digital data dump). Not legal title.", "as_of": "2026-09-20", "role": "focus", "color": "#e8b040"}}, {"type": "Feature", "geometry": {"type": "Polygon", "coordinates": [[[-77.4583333333333, 48.72500000000876], [-77.4583333333333, 48.71940824150506], [-77.45841776068248, 48.719408414503455], [-77.45843938046696, 48.71940847324227], [-77.46196925707939, 48.71941801238189], [-77.461992997687, 48.719418066604185], [-77.46253956623252, 48.71941931366555], [-77.46552053093436, 48.71942300682624], [-77.46554672949242, 48.719423070262785], [-77.4666666666667, 48.719425777503425], [-77.4666666666667, 48.72500000000876], [-77.4583333333333, 48.72500000000876]]]}, "properties": {"company_id": "big-ridge-gold", "jurisdiction": "Quebec", "claim_id": "", "claim_name": null, "holder": "Big Ridge Gold Corp.", "status": "Active", "recorded_date": null, "anniversary_or_expiry": null, "area_ha": null, "tenure_type": null, "source": "GESTIM active titles (MRNF digital data dump). Not legal title.", "as_of": "2026-09-20", "role": "focus", "color": "#e8b040"}}, {"type": "Feature", "geometry": {"type": "Polygon", "coordinates": [[[-77.4166666666667, 48.73333333334203], [-77.41666666666671, 48.74166666667542], [-77.4083333333333, 48.74166666667541], [-77.4083333333333, 48.73333333334203], [-77.4166666666667, 48.73333333334203]]]}, "properties": {"company_id": "big-ridge-gold", "jurisdiction": "Quebec", "claim_id": "", "claim_name": null, "holder": "Big Ridge Gold Corp.", "status": "Active", "recorded_date": null, "anniversary_or_expiry": null, "area_ha": null, "tenure_type": null, "source": "GESTIM active titles (MRNF digital data dump). Not legal title.", "as_of": "2026-09-20", "role": "focus", "color": "#e8b040"}}, {"type": "Feature", "geometry": {"type": "Polygon", "coordinates": [[[-77.45, 48.74166666667542], [-77.45, 48.75000000000867], [-77.4416666666667, 48.75000000000868], [-77.44166666666672, 48.74166666667542], [-77.45, 48.74166666667542]]]}, "properties": {"company_id": "big-ridge-gold", "jurisdiction": "Quebec", "claim_id": "", "claim_name": null, "holder": "Big Ridge Gold Corp.", "status": "Active", "recorded_date": null, "anniversary_or_expiry": null, "area_ha": null, "tenure_type": null, "source": "GESTIM active titles (MRNF digital data dump). Not legal title.", "as_of": "2026-09-20", "role": "focus", "color": "#e8b040"}}, {"type": "Feature", "geometry": {"type": "Polygon", "coordinates": [[[-77.5416666666667, 48.74849467596206], [-77.5416666666667, 48.74166666667542], [-77.55, 48.74166666667541], [-77.5500000080209, 48.74847920811479], [-77.54740088645256, 48.748483099701176], [-77.54728750414377, 48.748485607599505], [-77.54384409495786, 48.74849424024933], [-77.5437317492373, 48.748492223164874], [-77.5416666666667, 48.74849467596206]]]}, "properties": {"company_id": "big-ridge-gold", "jurisdiction": "Quebec", "claim_id": "", "claim_name": null, "holder": "Big Ridge Gold Corp.", "status": "Active", "recorded_date": null, "anniversary_or_expiry": null, "area_ha": null, "tenure_type": null, "source": "GESTIM active titles (MRNF digital data dump). Not legal title.", "as_of": "2026-09-20", "role": "focus", "color": "#e8b040"}}, {"type": "Feature", "geometry": {"type": "Polygon", "coordinates": [[[-77.5, 48.75833333334195], [-77.5, 48.76314901526364], [-77.49772046501388, 48.76315240817573], [-77.4941529919573, 48.76315774031909], [-77.4916666666667, 48.76316130823307], [-77.49166666666672, 48.758333333341966], [-77.5, 48.75833333334195]]]}, "properties": {"company_id": "big-ridge-gold", "jurisdiction": "Quebec", "claim_id": "", "claim_name": null, "holder": "Big Ridge Gold Corp.", "status": "Active", "recorded_date": null, "anniversary_or_expiry": null, "area_ha": null, "tenure_type": null, "source": "GESTIM active titles (MRNF digital data dump). Not legal title.", "as_of": "2026-09-20", "role": "focus", "color": "#e8b040"}}, {"type": "Feature", "geometry": {"type": "Polygon", "coordinates": [[[-77.41666666666671, 48.725000000008755], [-77.41666666734537, 48.719364805812646], [-77.41879611623237, 48.71936574577022], [-77.41935823293261, 48.719365411689125], [-77.41945726500175, 48.71936535256438], [-77.42291141930652, 48.71936405819479], [-77.42294276988468, 48.719364046000685], [-77.42424108920233, 48.7193682114576], [-77.42500000000001, 48.719367424795536], [-77.42500000000001, 48.72500000000876], [-77.41666666666671, 48.725000000008755]]]}, "properties": {"company_id": "big-ridge-gold", "jurisdiction": "Quebec", "claim_id": "", "claim_name": null, "holder": "Big Ridge Gold Corp.", "status": "Active", "recorded_date": null, "anniversary_or_expiry": null, "area_ha": null, "tenure_type": null, "source": "GESTIM active titles (MRNF digital data dump). Not legal title.", "as_of": "2026-09-20", "role": "focus", "color": "#e8b040"}}, {"type": "Feature", "geometry": {"type": "Polygon", "coordinates": [[[-77.47500000000001, 48.733333333342024], [-77.47500000000001, 48.74166666667542], [-77.4666666666667, 48.74166666667542], [-77.46666666666671, 48.733333333342046], [-77.47500000000001, 48.733333333342024]]]}, "properties": {"company_id": "big-ridge-gold", "jurisdiction": "Quebec", "claim_id": "", "claim_name": null, "holder": "Big Ridge Gold Corp.", "status": "Active", "recorded_date": null, "anniversary_or_expiry": null, "area_ha": null, "tenure_type": null, "source": "GESTIM active titles (MRNF digital data dump). Not legal title.", "as_of": "2026-09-20", "role": "focus", "color": "#e8b040"}}, {"type": "Feature", "geometry": {"type": "Polygon", "coordinates": [[[-77.45833333333331, 48.74166666667542], [-77.4583333333333, 48.75000000000867], [-77.45, 48.75000000000867], [-77.45, 48.74166666667542], [-77.45833333333331, 48.74166666667542]]]}, "properties": {"company_id": "big-ridge-gold", "jurisdiction": "Quebec", "claim_id": "", "claim_name": null, "holder": "Big Ridge Gold Corp.", "status": "Active", "recorded_date": null, "anniversary_or_expiry": null, "area_ha": null, "tenure_type": null, "source": "GESTIM active titles (MRNF digital data dump). Not legal title.", "as_of": "2026-09-20", "role": "focus", "color": "#e8b040"}}, {"type": "Feature", "geometry": {"type": "Polygon", "coordinates": [[[-77.5083333333333, 48.72500000000876], [-77.5083333333333, 48.71937558413799], [-77.51166659252121, 48.719370439645886], [-77.51173834372891, 48.7193715102315], [-77.51178906017041, 48.71937226693276], [-77.51521778145107, 48.719364904572465], [-77.5152918394701, 48.719364832334755], [-77.5166666666667, 48.71936348209072], [-77.5166666666667, 48.72500000000876], [-77.5083333333333, 48.72500000000876]]]}, "properties": {"company_id": "big-ridge-gold", "jurisdiction": "Quebec", "claim_id": "", "claim_name": null, "holder": "Big Ridge Gold Corp.", "status": "Active", "recorded_date": null, "anniversary_or_expiry": null, "area_ha": null, "tenure_type": null, "source": "GESTIM active titles (MRNF digital data dump). Not legal title.", "as_of": "2026-09-20", "role": "focus", "color": "#e8b040"}}, {"type": "Feature", "geometry": {"type": "Polygon", "coordinates": [[[-77.525, 48.75833333334195], [-77.525, 48.75000000000867], [-77.53317587567062, 48.75000000595683], [-77.53319930471487, 48.758333338418694], [-77.525, 48.75833333334195]]]}, "properties": {"company_id": "big-ridge-gold", "jurisdiction": "Quebec", "claim_id": "", "claim_name": null, "holder": "Big Ridge Gold Corp.", "status": "Active", "recorded_date": null, "anniversary_or_expiry": null, "area_ha": null, "tenure_type": null, "source": "GESTIM active titles (MRNF digital data dump). Not legal title.", "as_of": "2026-09-20", "role": "focus", "color": "#e8b040"}}, {"type": "Feature", "geometry": {"type": "Polygon", "coordinates": [[[-77.43333333333331, 48.75000000000868], [-77.43333333333331, 48.75833333334195], [-77.42500000000001, 48.75833333334195], [-77.42500000000001, 48.75000000000868], [-77.43333333333331, 48.75000000000868]]]}, "properties": {"company_id": "big-ridge-gold", "jurisdiction": "Quebec", "claim_id": "", "claim_name": null, "holder": "Big Ridge Gold Corp.", "status": "Active", "recorded_date": null, "anniversary_or_expiry": null, "area_ha": null, "tenure_type": null, "source": "GESTIM active titles (MRNF digital data dump). Not legal title.", "as_of": "2026-09-20", "role": "focus", "color": "#e8b040"}}, {"type": "Feature", "geometry": {"type": "Polygon", "coordinates": [[[-77.50833333333331, 48.73333333334203], [-77.5083333333333, 48.74166666667542], [-77.50000000000001, 48.74166666667542], [-77.5, 48.73333333334203], [-77.50833333333331, 48.73333333334203]]]}, "properties": {"company_id": "big-ridge-gold", "jurisdiction": "Quebec", "claim_id": "", "claim_name": null, "holder": "Big Ridge Gold Corp.", "status": "Active", "recorded_date": null, "anniversary_or_expiry": null, "area_ha": null, "tenure_type": null, "source": "GESTIM active titles (MRNF digital data dump). Not legal title.", "as_of": "2026-09-20", "role": "focus", "color": "#e8b040"}}, {"type": "Feature", "geometry": {"type": "Polygon", "coordinates": [[[-77.525, 48.73333333334203], [-77.525, 48.72500000000876], [-77.53299301506783, 48.725000012583415], [-77.53300925908809, 48.73333334533882], [-77.525, 48.73333333334203]]]}, "properties": {"company_id": "big-ridge-gold", "jurisdiction": "Quebec", "claim_id": "", "claim_name": null, "holder": "Big Ridge Gold Corp.", "status": "Active", "recorded_date": null, "anniversary_or_expiry": null, "area_ha": null, "tenure_type": null, "source": "GESTIM active titles (MRNF digital data dump). Not legal title.", "as_of": "2026-09-20", "role": "focus", "color": "#e8b040"}}, {"type": "Feature", "geometry": {"type": "Polygon", "coordinates": [[[-74.95833387595376, 46.04166665261511], [-74.95833388433117, 46.03333332447844], [-74.96666721418066, 46.03333332235956], [-74.96666721717206, 46.04014095801311], [-74.9666143687158, 46.04012733295361], [-74.96647062957541, 46.040066193904316], [-74.96588133302866, 46.0397678337471], [-74.96561873830849, 46.039609243731825], [-74.965368822847, 46.039441492831784], [-74.96514640449267, 46.03933637261714], [-74.96489863139867, 46.03924957237637], [-74.96466520083823, 46.03921657387103], [-74.96443224588492, 46.03920156416282], [-74.96414810417869, 46.03920520521444], [-74.96399359296868, 46.039225180226026], [-74.96385247233972, 46.039262978859554], [-74.96373813286463, 46.039336425009], [-74.96368860855637, 46.03941803853183], [-74.96370675034535, 46.03961575520245], [-74.96377679255926, 46.03982180472965], [-74.96391236431562, 46.040063005467864], [-74.96403525909868, 46.040313366137255], [-74.96424254200026, 46.040823578155205], [-74.96439840239674, 46.04134344643596], [-74.96152684403916, 46.04166673510487], [-74.95833387595376, 46.04166665261511]]]}, "properties": {"company_id": "big-ridge-gold", "jurisdiction": "Quebec", "claim_id": "", "claim_name": null, "holder": "Eagle Ridge Mining Ltd.", "status": "Active", "recorded_date": null, "anniversary_or_expiry": null, "area_ha": null, "tenure_type": null, "source": "GESTIM active titles (MRNF digital data dump). Not legal title.", "as_of": "2026-09-20", "role": "focus", "color": "#e8b040"}}, {"type": "Feature", "geometry": {"type": "Polygon", "coordinates": [[[-74.9337018498715, 46.04029610879915], [-74.9333338642456, 46.0402316331536], [-74.93333386900981, 46.03333332139234], [-74.94166719882918, 46.03333332398933], [-74.94166720513022, 46.04166665220555], [-74.94046735552878, 46.04166669477982], [-74.9337018498715, 46.04029610879915]]]}, "properties": {"company_id": "big-ridge-gold", "jurisdiction": "Quebec", "claim_id": "", "claim_name": null, "holder": "Eagle Ridge Mining Ltd.", "status": "Active", "recorded_date": null, "anniversary_or_expiry": null, "area_ha": null, "tenure_type": null, "source": "GESTIM active titles (MRNF digital data dump). Not legal title.", "as_of": "2026-09-20", "role": "focus", "color": "#e8b040"}}]}