{"type": "FeatureCollection", "features": [{"type": "Feature", "geometry": {"type": "Polygon", "coordinates": [[[-76.3666666628698, 49.30833334013353], [-76.36666666027422, 49.31666667104917], [-76.35833332775357, 49.31666667343696], [-76.35833333321591, 49.308333337788476], [-76.3666666628698, 49.30833334013353]]]}, "properties": {"company_id": "cartier-resources", "jurisdiction": "Quebec", "claim_id": "", "claim_name": null, "holder": "Ressources Cartier inc.", "status": "Active", "recorded_date": null, "anniversary_or_expiry": null, "area_ha": null, "tenure_type": null, "source": "GESTIM active titles (MRNF digital data dump). Not legal title.", "as_of": "2026-09-20", "role": "focus", "color": "#e8b040"}}, {"type": "Feature", "geometry": {"type": "Polygon", "coordinates": [[[-76.40833333345391, 49.31666667302262], [-76.40833333476071, 49.325000005419575], [-76.4000000046275, 49.32500000467015], [-76.40000000640372, 49.31666666767691], [-76.40833333345391, 49.31666667302262]]]}, "properties": {"company_id": "cartier-resources", "jurisdiction": "Quebec", "claim_id": "", "claim_name": null, "holder": "Ressources Cartier inc.", "status": "Active", "recorded_date": null, "anniversary_or_expiry": null, "area_ha": null, "tenure_type": null, "source": "GESTIM active titles (MRNF digital data dump). Not legal title.", "as_of": "2026-09-20", "role": "focus", "color": "#e8b040"}}, {"type": "Feature", "geometry": {"type": "Polygon", "coordinates": [[[-76.35833332775357, 49.31666667343696], [-76.35833333743194, 49.325000006499096], [-76.35000000595498, 49.32500000614076], [-76.34999999931428, 49.316666668324984], [-76.35833332775357, 49.31666667343696]]]}, "properties": {"company_id": "cartier-resources", "jurisdiction": "Quebec", "claim_id": "", "claim_name": null, "holder": "Ressources Cartier inc.", "status": "Active", "recorded_date": null, "anniversary_or_expiry": null, "area_ha": null, "tenure_type": null, "source": "GESTIM active titles (MRNF digital data dump). Not legal title.", "as_of": "2026-09-20", "role": "focus", "color": "#e8b040"}}, {"type": "Feature", "geometry": {"type": "Polygon", "coordinates": [[[-76.4000000046275, 49.32500000467015], [-76.40000000511759, 49.333333339270155], [-76.39166666218749, 49.33333333580989], [-76.39166666520694, 49.32500000558638], [-76.4000000046275, 49.32500000467015]]]}, "properties": {"company_id": "cartier-resources", "jurisdiction": "Quebec", "claim_id": "", "claim_name": null, "holder": "Ressources Cartier inc.", "status": "Active", "recorded_date": null, "anniversary_or_expiry": null, "area_ha": null, "tenure_type": null, "source": "GESTIM active titles (MRNF digital data dump). Not legal title.", "as_of": "2026-09-20", "role": "focus", "color": "#e8b040"}}, {"type": "Feature", "geometry": {"type": "Polygon", "coordinates": [[[-76.40833333119906, 49.34166667221308], [-76.40833334008317, 49.35000000644302], [-76.39999999911694, 49.350000001459236], [-76.39999999410796, 49.341666671644134], [-76.40833333119906, 49.34166667221308]]]}, "properties": {"company_id": "cartier-resources", "jurisdiction": "Quebec", "claim_id": "", "claim_name": null, "holder": "Ressources Cartier inc.", "status": "Active", "recorded_date": null, "anniversary_or_expiry": null, "area_ha": null, "tenure_type": null, "source": "GESTIM active titles (MRNF digital data dump). Not legal title.", "as_of": "2026-09-20", "role": "focus", "color": "#e8b040"}}, {"type": "Feature", "geometry": {"type": "Polygon", "coordinates": [[[-76.39999999911694, 49.350000001459236], [-76.40000000663615, 49.35833333787505], [-76.39166666637882, 49.3583333390663], [-76.39166666290406, 49.35000000704557], [-76.39999999911694, 49.350000001459236]]]}, "properties": {"company_id": "cartier-resources", "jurisdiction": "Quebec", "claim_id": "", "claim_name": null, "holder": "Ressources Cartier inc.", "status": "Active", "recorded_date": null, "anniversary_or_expiry": null, "area_ha": null, "tenure_type": null, "source": "GESTIM active titles (MRNF digital data dump). Not legal title.", "as_of": "2026-09-20", "role": "focus", "color": "#e8b040"}}, {"type": "Feature", "geometry": {"type": "Polygon", "coordinates": [[[-76.35000000556126, 49.35000000533038], [-76.35000000322546, 49.35833333358926], [-76.3416666616644, 49.35833333582331], [-76.34166666774439, 49.350000002810134], [-76.35000000556126, 49.35000000533038]]]}, "properties": {"company_id": "cartier-resources", "jurisdiction": "Quebec", "claim_id": "", "claim_name": null, "holder": "Ressources Cartier inc.", "status": "Active", "recorded_date": null, "anniversary_or_expiry": null, "area_ha": null, "tenure_type": null, "source": "GESTIM active titles (MRNF digital data dump). Not legal title.", "as_of": "2026-09-20", "role": "focus", "color": "#e8b040"}}, {"type": "Feature", "geometry": {"type": "Polygon", "coordinates": [[[-77.31666666690622, 48.0416666656574], [-77.3166666666559, 48.050000006562996], [-77.30833333302881, 48.04999999975873], [-77.30833333822986, 48.041666672919604], [-77.31666666690622, 48.0416666656574]]]}, "properties": {"company_id": "cartier-resources", "jurisdiction": "Quebec", "claim_id": "", "claim_name": null, "holder": "Ressources Cartier inc.", "status": "Active", "recorded_date": null, "anniversary_or_expiry": null, "area_ha": null, "tenure_type": null, "source": "GESTIM active titles (MRNF digital data dump). Not legal title.", "as_of": "2026-09-20", "role": "focus", "color": "#e8b040"}}, {"type": "Feature", "geometry": {"type": "Polygon", "coordinates": [[[-77.30000000078375, 48.0416666689163], [-77.30000000485798, 48.04999999941808], [-77.29166666871375, 48.050000005816145], [-77.29166666875821, 48.0416666713642], [-77.30000000078375, 48.0416666689163]]]}, "properties": {"company_id": "cartier-resources", "jurisdiction": "Quebec", "claim_id": "", "claim_name": null, "holder": "Ressources Cartier inc.", "status": "Active", "recorded_date": null, "anniversary_or_expiry": null, "area_ha": null, "tenure_type": null, "source": "GESTIM active titles (MRNF digital data dump). Not legal title.", "as_of": "2026-09-20", "role": "focus", "color": "#e8b040"}}, {"type": "Feature", "geometry": {"type": "Polygon", "coordinates": [[[-77.30000000485798, 48.04999999941808], [-77.30000000459319, 48.05833333780393], [-77.29166666375103, 48.05833333915142], [-77.29166666871375, 48.050000005816145], [-77.30000000485798, 48.04999999941808]]]}, "properties": {"company_id": "cartier-resources", "jurisdiction": "Quebec", "claim_id": "", "claim_name": null, "holder": "Ressources Cartier inc.", "status": "Active", "recorded_date": null, "anniversary_or_expiry": null, "area_ha": null, "tenure_type": null, "source": "GESTIM active titles (MRNF digital data dump). Not legal title.", "as_of": "2026-09-20", "role": "focus", "color": "#e8b040"}}, {"type": "Feature", "geometry": {"type": "Polygon", "coordinates": [[[-77.3166666698488, 48.01666667185111], [-77.31666666849515, 48.02499999830187], [-77.30833333457429, 48.02500000696524], [-77.30833333913695, 48.01666666757966], [-77.3166666698488, 48.01666667185111]]]}, "properties": {"company_id": "cartier-resources", "jurisdiction": "Quebec", "claim_id": "", "claim_name": null, "holder": "Ressources Cartier inc.", "status": "Active", "recorded_date": null, "anniversary_or_expiry": null, "area_ha": null, "tenure_type": null, "source": "GESTIM active titles (MRNF digital data dump). Not legal title.", "as_of": "2026-09-20", "role": "focus", "color": "#e8b040"}}, {"type": "Feature", "geometry": {"type": "Polygon", "coordinates": [[[-77.30833333913695, 48.01666666757966], [-77.30833333457429, 48.02500000696524], [-77.30000000525912, 48.025000004056736], [-77.30000000042104, 48.01666666996649], [-77.30833333913695, 48.01666666757966]]]}, "properties": {"company_id": "cartier-resources", "jurisdiction": "Quebec", "claim_id": "", "claim_name": null, "holder": "Ressources Cartier inc.", "status": "Active", "recorded_date": null, "anniversary_or_expiry": null, "area_ha": null, "tenure_type": null, "source": "GESTIM active titles (MRNF digital data dump). Not legal title.", "as_of": "2026-09-20", "role": "focus", "color": "#e8b040"}}, {"type": "Feature", "geometry": {"type": "Polygon", "coordinates": [[[-77.30000000042104, 48.01666666996649], [-77.30000000525912, 48.025000004056736], [-77.2916666675341, 48.024999998841004], [-77.29166666667996, 48.01666666975882], [-77.30000000042104, 48.01666666996649]]]}, "properties": {"company_id": "cartier-resources", "jurisdiction": "Quebec", "claim_id": "", "claim_name": null, "holder": "Ressources Cartier inc.", "status": "Active", "recorded_date": null, "anniversary_or_expiry": null, "area_ha": null, "tenure_type": null, "source": "GESTIM active titles (MRNF digital data dump). Not legal title.", "as_of": "2026-09-20", "role": "focus", "color": "#e8b040"}}, {"type": "Feature", "geometry": {"type": "Polygon", "coordinates": [[[-77.29166666667996, 48.01666666975882], [-77.2916666675341, 48.024999998841004], [-77.28333333518044, 48.025000000046134], [-77.28333333789654, 48.016666666964085], [-77.29166666667996, 48.01666666975882]]]}, "properties": {"company_id": "cartier-resources", "jurisdiction": "Quebec", "claim_id": "", "claim_name": null, "holder": "Ressources Cartier inc.", "status": "Active", "recorded_date": null, "anniversary_or_expiry": null, "area_ha": null, "tenure_type": null, "source": "GESTIM active titles (MRNF digital data dump). Not legal title.", "as_of": "2026-09-20", "role": "focus", "color": "#e8b040"}}, {"type": "Feature", "geometry": {"type": "Polygon", "coordinates": [[[-77.33333333924017, 48.025000000440684], [-77.33333332855156, 48.03333333624398], [-77.32500000674071, 48.03333333546783], [-77.32499999484702, 48.02500000529987], [-77.33333333924017, 48.025000000440684]]]}, "properties": {"company_id": "cartier-resources", "jurisdiction": "Quebec", "claim_id": "", "claim_name": null, "holder": "Ressources Cartier inc.", "status": "Active", "recorded_date": null, "anniversary_or_expiry": null, "area_ha": null, "tenure_type": null, "source": "GESTIM active titles (MRNF digital data dump). Not legal title.", "as_of": "2026-09-20", "role": "focus", "color": "#e8b040"}}, {"type": "Feature", "geometry": {"type": "Polygon", "coordinates": [[[-77.32499999484702, 48.02500000529987], [-77.32500000674071, 48.03333333546783], [-77.31666666318344, 48.03333333265722], [-77.31666666849515, 48.02499999830187], [-77.32499999484702, 48.02500000529987]]]}, "properties": {"company_id": "cartier-resources", "jurisdiction": "Quebec", "claim_id": "", "claim_name": null, "holder": "Ressources Cartier inc.", "status": "Active", "recorded_date": null, "anniversary_or_expiry": null, "area_ha": null, "tenure_type": null, "source": "GESTIM active titles (MRNF digital data dump). Not legal title.", "as_of": "2026-09-20", "role": "focus", "color": "#e8b040"}}, {"type": "Feature", "geometry": {"type": "Polygon", "coordinates": [[[-77.31666666849515, 48.02499999830187], [-77.31666666318344, 48.03333333265722], [-77.30833333847384, 48.033333335995394], [-77.30833333457429, 48.02500000696524], [-77.31666666849515, 48.02499999830187]]]}, "properties": {"company_id": "cartier-resources", "jurisdiction": "Quebec", "claim_id": "", "claim_name": null, "holder": "Ressources Cartier inc.", "status": "Active", "recorded_date": null, "anniversary_or_expiry": null, "area_ha": null, "tenure_type": null, "source": "GESTIM active titles (MRNF digital data dump). Not legal title.", "as_of": "2026-09-20", "role": "focus", "color": "#e8b040"}}, {"type": "Feature", "geometry": {"type": "Polygon", "coordinates": [[[-77.30833333457429, 48.02500000696524], [-77.30833333847384, 48.033333335995394], [-77.3000000053834, 48.033333337039835], [-77.30000000525912, 48.025000004056736], [-77.30833333457429, 48.02500000696524]]]}, "properties": {"company_id": "cartier-resources", "jurisdiction": "Quebec", "claim_id": "", "claim_name": null, "holder": "Ressources Cartier inc.", "status": "Active", "recorded_date": null, "anniversary_or_expiry": null, "area_ha": null, "tenure_type": null, "source": "GESTIM active titles (MRNF digital data dump). Not legal title.", "as_of": "2026-09-20", "role": "focus", "color": "#e8b040"}}, {"type": "Feature", "geometry": {"type": "Polygon", "coordinates": [[[-77.33333332855156, 48.03333333624398], [-77.33333334065564, 48.041666670439724], [-77.32500000144564, 48.04166667382304], [-77.32500000674071, 48.03333333546783], [-77.33333332855156, 48.03333333624398]]]}, "properties": {"company_id": "cartier-resources", "jurisdiction": "Quebec", "claim_id": "", "claim_name": null, "holder": "Ressources Cartier inc.", "status": "Active", "recorded_date": null, "anniversary_or_expiry": null, "area_ha": null, "tenure_type": null, "source": "GESTIM active titles (MRNF digital data dump). Not legal title.", "as_of": "2026-09-20", "role": "focus", "color": "#e8b040"}}, {"type": "Feature", "geometry": {"type": "Polygon", "coordinates": [[[-77.31666666318344, 48.03333333265722], [-77.31666666690622, 48.0416666656574], [-77.30833333822986, 48.041666672919604], [-77.30833333847384, 48.033333335995394], [-77.31666666318344, 48.03333333265722]]]}, "properties": {"company_id": "cartier-resources", "jurisdiction": "Quebec", "claim_id": "", "claim_name": null, "holder": "Ressources Cartier inc.", "status": "Active", "recorded_date": null, "anniversary_or_expiry": null, "area_ha": null, "tenure_type": null, "source": "GESTIM active titles (MRNF digital data dump). Not legal title.", "as_of": "2026-09-20", "role": "focus", "color": "#e8b040"}}, {"type": "Feature", "geometry": {"type": "Polygon", "coordinates": [[[-77.30833333847384, 48.033333335995394], [-77.30833333822986, 48.041666672919604], [-77.30000000078375, 48.0416666689163], [-77.3000000053834, 48.033333337039835], [-77.30833333847384, 48.033333335995394]]]}, "properties": {"company_id": "cartier-resources", "jurisdiction": "Quebec", "claim_id": "", "claim_name": null, "holder": "Ressources Cartier inc.", "status": "Active", "recorded_date": null, "anniversary_or_expiry": null, "area_ha": null, "tenure_type": null, "source": "GESTIM active titles (MRNF digital data dump). Not legal title.", "as_of": "2026-09-20", "role": "focus", "color": "#e8b040"}}, {"type": "Feature", "geometry": {"type": "Polygon", "coordinates": [[[-77.32500000110902, 48.000000006992046], [-77.32499999832088, 48.00833333193699], [-77.31666666644833, 48.00833333532484], [-77.316666672504, 48.00000000643194], [-77.32500000110902, 48.000000006992046]]]}, "properties": {"company_id": "cartier-resources", "jurisdiction": "Quebec", "claim_id": "", "claim_name": null, "holder": "Ressources Cartier inc.", "status": "Active", "recorded_date": null, "anniversary_or_expiry": null, "area_ha": null, "tenure_type": null, "source": "GESTIM active titles (MRNF digital data dump). Not legal title.", "as_of": "2026-09-20", "role": "focus", "color": "#e8b040"}}, {"type": "Feature", "geometry": {"type": "Polygon", "coordinates": [[[-77.316666672504, 48.00000000643194], [-77.31666666644833, 48.00833333532484], [-77.30833333957142, 48.00833333608733], [-77.3083333354861, 48.000000003497874], [-77.316666672504, 48.00000000643194]]]}, "properties": {"company_id": "cartier-resources", "jurisdiction": "Quebec", "claim_id": "", "claim_name": null, "holder": "Ressources Cartier inc.", "status": "Active", "recorded_date": null, "anniversary_or_expiry": null, "area_ha": null, "tenure_type": null, "source": "GESTIM active titles (MRNF digital data dump). Not legal title.", "as_of": "2026-09-20", "role": "focus", "color": "#e8b040"}}, {"type": "Feature", "geometry": {"type": "Polygon", "coordinates": [[[-77.3083333354861, 48.000000003497874], [-77.30833333957142, 48.00833333608733], [-77.30000000427604, 48.00833333450026], [-77.30000000383272, 48.00000000691596], [-77.3083333354861, 48.000000003497874]]]}, "properties": {"company_id": "cartier-resources", "jurisdiction": "Quebec", "claim_id": "", "claim_name": null, "holder": "Ressources Cartier inc.", "status": "Active", "recorded_date": null, "anniversary_or_expiry": null, "area_ha": null, "tenure_type": null, "source": "GESTIM active titles (MRNF digital data dump). Not legal title.", "as_of": "2026-09-20", "role": "focus", "color": "#e8b040"}}, {"type": "Feature", "geometry": {"type": "Polygon", "coordinates": [[[-77.30000000383272, 48.00000000691596], [-77.30000000427604, 48.00833333450026], [-77.29166667434036, 48.00833333929074], [-77.29166666333082, 47.99999999898115], [-77.30000000383272, 48.00000000691596]]]}, "properties": {"company_id": "cartier-resources", "jurisdiction": "Quebec", "claim_id": "", "claim_name": null, "holder": "Ressources Cartier inc.", "status": "Active", "recorded_date": null, "anniversary_or_expiry": null, "area_ha": null, "tenure_type": null, "source": "GESTIM active titles (MRNF digital data dump). Not legal title.", "as_of": "2026-09-20", "role": "focus", "color": "#e8b040"}}, {"type": "Feature", "geometry": {"type": "Polygon", "coordinates": [[[-77.29166666333082, 47.99999999898115], [-77.29166667434036, 48.00833333929074], [-77.28333333555175, 48.008333332752734], [-77.28333332855314, 48.000000006401535], [-77.29166666333082, 47.99999999898115]]]}, "properties": {"company_id": "cartier-resources", "jurisdiction": "Quebec", "claim_id": "", "claim_name": null, "holder": "Ressources Cartier inc.", "status": "Active", "recorded_date": null, "anniversary_or_expiry": null, "area_ha": null, "tenure_type": null, "source": "GESTIM active titles (MRNF digital data dump). Not legal title.", "as_of": "2026-09-20", "role": "focus", "color": "#e8b040"}}, {"type": "Feature", "geometry": {"type": "Polygon", "coordinates": [[[-77.31666666644833, 48.00833333532484], [-77.3166666698488, 48.01666667185111], [-77.30833333913695, 48.01666666757966], [-77.30833333957142, 48.00833333608733], [-77.31666666644833, 48.00833333532484]]]}, "properties": {"company_id": "cartier-resources", "jurisdiction": "Quebec", "claim_id": "", "claim_name": null, "holder": "Ressources Cartier inc.", "status": "Active", "recorded_date": null, "anniversary_or_expiry": null, "area_ha": null, "tenure_type": null, "source": "GESTIM active titles (MRNF digital data dump). Not legal title.", "as_of": "2026-09-20", "role": "focus", "color": "#e8b040"}}, {"type": "Feature", "geometry": {"type": "Polygon", "coordinates": [[[-77.30833333957142, 48.00833333608733], [-77.30833333913695, 48.01666666757966], [-77.30000000042104, 48.01666666996649], [-77.30000000427604, 48.00833333450026], [-77.30833333957142, 48.00833333608733]]]}, "properties": {"company_id": "cartier-resources", "jurisdiction": "Quebec", "claim_id": "", "claim_name": null, "holder": "Ressources Cartier inc.", "status": "Active", "recorded_date": null, "anniversary_or_expiry": null, "area_ha": null, "tenure_type": null, "source": "GESTIM active titles (MRNF digital data dump). Not legal title.", "as_of": "2026-09-20", "role": "focus", "color": "#e8b040"}}, {"type": "Feature", "geometry": {"type": "Polygon", "coordinates": [[[-77.30000000427604, 48.00833333450026], [-77.30000000042104, 48.01666666996649], [-77.29166666667996, 48.01666666975882], [-77.29166667434036, 48.00833333929074], [-77.30000000427604, 48.00833333450026]]]}, "properties": {"company_id": "cartier-resources", "jurisdiction": "Quebec", "claim_id": "", "claim_name": null, "holder": "Ressources Cartier inc.", "status": "Active", "recorded_date": null, "anniversary_or_expiry": null, "area_ha": null, "tenure_type": null, "source": "GESTIM active titles (MRNF digital data dump). Not legal title.", "as_of": "2026-09-20", "role": "focus", "color": "#e8b040"}}, {"type": "Feature", "geometry": {"type": "Polygon", "coordinates": [[[-77.29166667434036, 48.00833333929074], [-77.29166666667996, 48.01666666975882], [-77.28333333789654, 48.016666666964085], [-77.28333333555175, 48.008333332752734], [-77.29166667434036, 48.00833333929074]]]}, "properties": {"company_id": "cartier-resources", "jurisdiction": "Quebec", "claim_id": "", "claim_name": null, "holder": "Ressources Cartier inc.", "status": "Active", "recorded_date": null, "anniversary_or_expiry": null, "area_ha": null, "tenure_type": null, "source": "GESTIM active titles (MRNF digital data dump). Not legal title.", "as_of": "2026-09-20", "role": "focus", "color": "#e8b040"}}, {"type": "Feature", "geometry": {"type": "Polygon", "coordinates": [[[-77.00833333922434, 48.050000002090094], [-77.00833333733422, 48.05833333368225], [-77.00000000413192, 48.058333335457995], [-76.99999999647076, 48.04999999951669], [-77.00833333922434, 48.050000002090094]]]}, "properties": {"company_id": "cartier-resources", "jurisdiction": "Quebec", "claim_id": "", "claim_name": null, "holder": "Ressources Cartier inc.", "status": "Active", "recorded_date": null, "anniversary_or_expiry": null, "area_ha": null, "tenure_type": null, "source": "GESTIM active titles (MRNF digital data dump). Not legal title.", "as_of": "2026-09-20", "role": "focus", "color": "#e8b040"}}, {"type": "Feature", "geometry": {"type": "Polygon", "coordinates": [[[-77.00833333016887, 48.04166666902564], [-77.00833333922434, 48.050000002090094], [-76.99999999647076, 48.04999999951669], [-77.00000000485457, 48.04166667061766], [-77.00833333016887, 48.04166666902564]]]}, "properties": {"company_id": "cartier-resources", "jurisdiction": "Quebec", "claim_id": "", "claim_name": null, "holder": "Ressources Cartier inc.", "status": "Active", "recorded_date": null, "anniversary_or_expiry": null, "area_ha": null, "tenure_type": null, "source": "GESTIM active titles (MRNF digital data dump). Not legal title.", "as_of": "2026-09-20", "role": "focus", "color": "#e8b040"}}, {"type": "Feature", "geometry": {"type": "Polygon", "coordinates": [[[-77.008333336992, 48.03333333401945], [-77.00833333016887, 48.04166666902564], [-77.00000000485457, 48.04166667061766], [-77.00000000212191, 48.033333340235835], [-77.008333336992, 48.03333333401945]]]}, "properties": {"company_id": "cartier-resources", "jurisdiction": "Quebec", "claim_id": "", "claim_name": null, "holder": "Ressources Cartier inc.", "status": "Active", "recorded_date": null, "anniversary_or_expiry": null, "area_ha": null, "tenure_type": null, "source": "GESTIM active titles (MRNF digital data dump). Not legal title.", "as_of": "2026-09-20", "role": "focus", "color": "#e8b040"}}, {"type": "Feature", "geometry": {"type": "Polygon", "coordinates": [[[-77.00833333323448, 48.02500000653172], [-77.008333336992, 48.03333333401945], [-77.00000000212191, 48.033333340235835], [-77.00000000134084, 48.02499999914574], [-77.00833333323448, 48.02500000653172]]]}, "properties": {"company_id": "cartier-resources", "jurisdiction": "Quebec", "claim_id": "", "claim_name": null, "holder": "Ressources Cartier inc.", "status": "Active", "recorded_date": null, "anniversary_or_expiry": null, "area_ha": null, "tenure_type": null, "source": "GESTIM active titles (MRNF digital data dump). Not legal title.", "as_of": "2026-09-20", "role": "focus", "color": "#e8b040"}}, {"type": "Feature", "geometry": {"type": "Polygon", "coordinates": [[[-77.25000000606929, 48.03333333692734], [-77.25000000365104, 48.0416666653391], [-77.24166666193206, 48.04166667146976], [-77.24166666821179, 48.03333333898787], [-77.25000000606929, 48.03333333692734]]]}, "properties": {"company_id": "cartier-resources", "jurisdiction": "Quebec", "claim_id": "", "claim_name": null, "holder": "Ressources Cartier inc.", "status": "Active", "recorded_date": null, "anniversary_or_expiry": null, "area_ha": null, "tenure_type": null, "source": "GESTIM active titles (MRNF digital data dump). Not legal title.", "as_of": "2026-09-20", "role": "focus", "color": "#e8b040"}}, {"type": "Feature", "geometry": {"type": "Polygon", "coordinates": [[[-77.00833333161107, 48.01666666834432], [-77.00833333323448, 48.02500000653172], [-77.00000000134084, 48.02499999914574], [-77.00000000321307, 48.016666665330156], [-77.00833333161107, 48.01666666834432]]]}, "properties": {"company_id": "cartier-resources", "jurisdiction": "Quebec", "claim_id": "", "claim_name": null, "holder": "Ressources Cartier inc.", "status": "Active", "recorded_date": null, "anniversary_or_expiry": null, "area_ha": null, "tenure_type": null, "source": "GESTIM active titles (MRNF digital data dump). Not legal title.", "as_of": "2026-09-20", "role": "focus", "color": "#e8b040"}}, {"type": "Feature", "geometry": {"type": "Polygon", "coordinates": [[[-77.25000000230906, 48.02499999835372], [-77.25000000606929, 48.03333333692734], [-77.24166666821179, 48.03333333898787], [-77.24166666852601, 48.025000005323555], [-77.25000000230906, 48.02499999835372]]]}, "properties": {"company_id": "cartier-resources", "jurisdiction": "Quebec", "claim_id": "", "claim_name": null, "holder": "Ressources Cartier inc.", "status": "Active", "recorded_date": null, "anniversary_or_expiry": null, "area_ha": null, "tenure_type": null, "source": "GESTIM active titles (MRNF digital data dump). Not legal title.", "as_of": "2026-09-20", "role": "focus", "color": "#e8b040"}}, {"type": "Feature", "geometry": {"type": "Polygon", "coordinates": [[[-77.24166666852601, 48.025000005323555], [-77.24166666821179, 48.03333333898787], [-77.23333333523203, 48.03333333853742], [-77.23333333921606, 48.025000000774185], [-77.24166666852601, 48.025000005323555]]]}, "properties": {"company_id": "cartier-resources", "jurisdiction": "Quebec", "claim_id": "", "claim_name": null, "holder": "Ressources Cartier inc.", "status": "Active", "recorded_date": null, "anniversary_or_expiry": null, "area_ha": null, "tenure_type": null, "source": "GESTIM active titles (MRNF digital data dump). Not legal title.", "as_of": "2026-09-20", "role": "focus", "color": "#e8b040"}}, {"type": "Feature", "geometry": {"type": "Polygon", "coordinates": [[[-77.23333333921606, 48.025000000774185], [-77.23333333523203, 48.03333333853742], [-77.22500000711271, 48.03333333558318], [-77.22500000173852, 48.02500000295311], [-77.23333333921606, 48.025000000774185]]]}, "properties": {"company_id": "cartier-resources", "jurisdiction": "Quebec", "claim_id": "", "claim_name": null, "holder": "Ressources Cartier inc.", "status": "Active", "recorded_date": null, "anniversary_or_expiry": null, "area_ha": null, "tenure_type": null, "source": "GESTIM active titles (MRNF digital data dump). Not legal title.", "as_of": "2026-09-20", "role": "focus", "color": "#e8b040"}}, {"type": "Feature", "geometry": {"type": "Polygon", "coordinates": [[[-77.2250000034563, 48.016666668859024], [-77.22500000173852, 48.02500000295311], [-77.21666666908799, 48.02500000261564], [-77.21666666125716, 48.016666673625124], [-77.2250000034563, 48.016666668859024]]]}, "properties": {"company_id": "cartier-resources", "jurisdiction": "Quebec", "claim_id": "", "claim_name": null, "holder": "Ressources Cartier inc.", "status": "Active", "recorded_date": null, "anniversary_or_expiry": null, "area_ha": null, "tenure_type": null, "source": "GESTIM active titles (MRNF digital data dump). Not legal title.", "as_of": "2026-09-20", "role": "focus", "color": "#e8b040"}}, {"type": "Feature", "geometry": {"type": "Polygon", "coordinates": [[[-77.21666666125716, 48.016666673625124], [-77.21666666908799, 48.02500000261564], [-77.20833332784504, 48.02500000002665], [-77.20833333686758, 48.01666666661393], [-77.21666666125716, 48.016666673625124]]]}, "properties": {"company_id": "cartier-resources", "jurisdiction": "Quebec", "claim_id": "", "claim_name": null, "holder": "Ressources Cartier inc.", "status": "Active", "recorded_date": null, "anniversary_or_expiry": null, "area_ha": null, "tenure_type": null, "source": "GESTIM active titles (MRNF digital data dump). Not legal title.", "as_of": "2026-09-20", "role": "focus", "color": "#e8b040"}}, {"type": "Feature", "geometry": {"type": "Polygon", "coordinates": [[[-77.10833333731657, 48.00000000227291], [-77.10833332996951, 48.00833333531695], [-77.10000000425835, 48.00833333782757], [-77.10000000114051, 48.00000000060881], [-77.10833333731657, 48.00000000227291]]]}, "properties": {"company_id": "cartier-resources", "jurisdiction": "Quebec", "claim_id": "", "claim_name": null, "holder": "Ressources Cartier inc.", "status": "Active", "recorded_date": null, "anniversary_or_expiry": null, "area_ha": null, "tenure_type": null, "source": "GESTIM active titles (MRNF digital data dump). Not legal title.", "as_of": "2026-09-20", "role": "focus", "color": "#e8b040"}}, {"type": "Feature", "geometry": {"type": "Polygon", "coordinates": [[[-77.10000000114051, 48.00000000060881], [-77.10000000425764, 48.00833333782757], [-77.09166666967602, 48.008333338125404], [-77.09166666984416, 48.00000000545913], [-77.10000000114051, 48.00000000060881]]]}, "properties": {"company_id": "cartier-resources", "jurisdiction": "Quebec", "claim_id": "", "claim_name": null, "holder": "Ressources Cartier inc.", "status": "Active", "recorded_date": null, "anniversary_or_expiry": null, "area_ha": null, "tenure_type": null, "source": "GESTIM active titles (MRNF digital data dump). Not legal title.", "as_of": "2026-09-20", "role": "focus", "color": "#e8b040"}}, {"type": "Feature", "geometry": {"type": "Polygon", "coordinates": [[[-77.09166666984416, 48.00000000545913], [-77.09166666967535, 48.00833333812539], [-77.08333333960408, 48.00833333597105], [-77.08333332928493, 47.999999999091294], [-77.09166666984416, 48.00000000545913]]]}, "properties": {"company_id": "cartier-resources", "jurisdiction": "Quebec", "claim_id": "", "claim_name": null, "holder": "Ressources Cartier inc.", "status": "Active", "recorded_date": null, "anniversary_or_expiry": null, "area_ha": null, "tenure_type": null, "source": "GESTIM active titles (MRNF digital data dump). Not legal title.", "as_of": "2026-09-20", "role": "focus", "color": "#e8b040"}}, {"type": "Feature", "geometry": {"type": "Polygon", "coordinates": [[[-77.08333332928156, 47.999999999091315], [-77.08333333960341, 48.00833333597105], [-77.07500000062443, 48.00833333161339], [-77.07500000696425, 47.999999999007386], [-77.08333332928156, 47.999999999091315]]]}, "properties": {"company_id": "cartier-resources", "jurisdiction": "Quebec", "claim_id": "", "claim_name": null, "holder": "Ressources Cartier inc.", "status": "Active", "recorded_date": null, "anniversary_or_expiry": null, "area_ha": null, "tenure_type": null, "source": "GESTIM active titles (MRNF digital data dump). Not legal title.", "as_of": "2026-09-20", "role": "focus", "color": "#e8b040"}}, {"type": "Feature", "geometry": {"type": "Polygon", "coordinates": [[[-77.22499999887245, 48.00833333356012], [-77.2250000034563, 48.016666668859024], [-77.21666666125716, 48.016666673625124], [-77.21666667336048, 48.008333333911345], [-77.22499999887245, 48.00833333356012]]]}, "properties": {"company_id": "cartier-resources", "jurisdiction": "Quebec", "claim_id": "", "claim_name": null, "holder": "Ressources Cartier inc.", "status": "Active", "recorded_date": null, "anniversary_or_expiry": null, "area_ha": null, "tenure_type": null, "source": "GESTIM active titles (MRNF digital data dump). Not legal title.", "as_of": "2026-09-20", "role": "focus", "color": "#e8b040"}}, {"type": "Feature", "geometry": {"type": "Polygon", "coordinates": [[[-77.175, 48.00833333334412], [-77.175, 48.016666666677494], [-77.16666666666671, 48.016666666677494], [-77.16666666666671, 48.00833333334412], [-77.175, 48.00833333334412]]]}, "properties": {"company_id": "cartier-resources", "jurisdiction": "Quebec", "claim_id": "", "claim_name": null, "holder": "Ressources Cartier inc.", "status": "Active", "recorded_date": null, "anniversary_or_expiry": null, "area_ha": null, "tenure_type": null, "source": "GESTIM active titles (MRNF digital data dump). Not legal title.", "as_of": "2026-09-20", "role": "focus", "color": "#e8b040"}}, {"type": "Feature", "geometry": {"type": "Polygon", "coordinates": [[[-77.16666666666671, 48.00833333334412], [-77.16666666666671, 48.016666666677494], [-77.15833333362254, 48.01666667379376], [-77.1583333333333, 48.008333333344105], [-77.16666666666671, 48.00833333334412]]]}, "properties": {"company_id": "cartier-resources", "jurisdiction": "Quebec", "claim_id": "", "claim_name": null, "holder": "Ressources Cartier inc.", "status": "Active", "recorded_date": null, "anniversary_or_expiry": null, "area_ha": null, "tenure_type": null, "source": "GESTIM active titles (MRNF digital data dump). Not legal title.", "as_of": "2026-09-20", "role": "focus", "color": "#e8b040"}}, {"type": "Feature", "geometry": {"type": "Polygon", "coordinates": [[[-77.1583333333333, 48.008333333344105], [-77.15833333362254, 48.01666667379376], [-77.15000000000002, 48.016666666677494], [-77.15, 48.00833333334412], [-77.1583333333333, 48.008333333344105]]]}, "properties": {"company_id": "cartier-resources", "jurisdiction": "Quebec", "claim_id": "", "claim_name": null, "holder": "Ressources Cartier inc.", "status": "Active", "recorded_date": null, "anniversary_or_expiry": null, "area_ha": null, "tenure_type": null, "source": "GESTIM active titles (MRNF digital data dump). Not legal title.", "as_of": "2026-09-20", "role": "focus", "color": "#e8b040"}}, {"type": "Feature", "geometry": {"type": "Polygon", "coordinates": [[[-77.1416666666667, 48.016666666677494], [-77.13333333333331, 48.016666666677494], [-77.1333333333333, 48.00833333334412], [-77.1416666666667, 48.00833333334412], [-77.1416666666667, 48.016666666677494]]]}, "properties": {"company_id": "cartier-resources", "jurisdiction": "Quebec", "claim_id": "", "claim_name": null, "holder": "Ressources Cartier inc.", "status": "Active", "recorded_date": null, "anniversary_or_expiry": null, "area_ha": null, "tenure_type": null, "source": "GESTIM active titles (MRNF digital data dump). Not legal title.", "as_of": "2026-09-20", "role": "focus", "color": "#e8b040"}}, {"type": "Feature", "geometry": {"type": "Polygon", "coordinates": [[[-77.12500000000001, 48.00833333334412], [-77.1333333333333, 48.00833333334412], [-77.13333333333331, 48.016666666677494], [-77.125, 48.016666666677494], [-77.12500000000001, 48.00833333334412]]]}, "properties": {"company_id": "cartier-resources", "jurisdiction": "Quebec", "claim_id": "", "claim_name": null, "holder": "Ressources Cartier inc.", "status": "Active", "recorded_date": null, "anniversary_or_expiry": null, "area_ha": null, "tenure_type": null, "source": "GESTIM active titles (MRNF digital data dump). Not legal title.", "as_of": "2026-09-20", "role": "focus", "color": "#e8b040"}}, {"type": "Feature", "geometry": {"type": "Polygon", "coordinates": [[[-77.26666666666672, 48.00000000001084], [-77.26666667392037, 48.00833333885568], [-77.25833333685189, 48.00833333378397], [-77.25833333332739, 48.00000000001076], [-77.26666666666672, 48.00000000001084]]]}, "properties": {"company_id": "cartier-resources", "jurisdiction": "Quebec", "claim_id": "", "claim_name": null, "holder": "Ressources Cartier inc.", "status": "Active", "recorded_date": null, "anniversary_or_expiry": null, "area_ha": null, "tenure_type": null, "source": "GESTIM active titles (MRNF digital data dump). Not legal title.", "as_of": "2026-09-20", "role": "focus", "color": "#e8b040"}}, {"type": "Feature", "geometry": {"type": "Polygon", "coordinates": [[[-77.2583333333333, 48.00000000001084], [-77.25833333685189, 48.00833333378397], [-77.25000000504708, 48.00833333513385], [-77.25, 48.00000000001084], [-77.2583333333333, 48.00000000001084]]]}, "properties": {"company_id": "cartier-resources", "jurisdiction": "Quebec", "claim_id": "", "claim_name": null, "holder": "Ressources Cartier inc.", "status": "Active", "recorded_date": null, "anniversary_or_expiry": null, "area_ha": null, "tenure_type": null, "source": "GESTIM active titles (MRNF digital data dump). Not legal title.", "as_of": "2026-09-20", "role": "focus", "color": "#e8b040"}}, {"type": "Feature", "geometry": {"type": "Polygon", "coordinates": [[[-77.22500000177979, 48.000000005786745], [-77.22499999887245, 48.00833333356012], [-77.21666667336048, 48.008333333911345], [-77.21666666597983, 48.00000000223072], [-77.22500000177979, 48.000000005786745]]]}, "properties": {"company_id": "cartier-resources", "jurisdiction": "Quebec", "claim_id": "", "claim_name": null, "holder": "Ressources Cartier inc.", "status": "Active", "recorded_date": null, "anniversary_or_expiry": null, "area_ha": null, "tenure_type": null, "source": "GESTIM active titles (MRNF digital data dump). Not legal title.", "as_of": "2026-09-20", "role": "focus", "color": "#e8b040"}}, {"type": "Feature", "geometry": {"type": "Polygon", "coordinates": [[[-77.14166666666671, 48.00000000001084], [-77.1416666666667, 48.00833333334412], [-77.1333333333333, 48.00833333334412], [-77.1333333333333, 48.00000000001084], [-77.14166666666671, 48.00000000001084]]]}, "properties": {"company_id": "cartier-resources", "jurisdiction": "Quebec", "claim_id": "", "claim_name": null, "holder": "Ressources Cartier inc.", "status": "Active", "recorded_date": null, "anniversary_or_expiry": null, "area_ha": null, "tenure_type": null, "source": "GESTIM active titles (MRNF digital data dump). Not legal title.", "as_of": "2026-09-20", "role": "focus", "color": "#e8b040"}}, {"type": "Feature", "geometry": {"type": "Polygon", "coordinates": [[[-77.29166666871375, 48.050000005816145], [-77.29166666375103, 48.05833333915142], [-77.28333332794023, 48.058333338003735], [-77.28333333718686, 48.05000000071106], [-77.29166666871375, 48.050000005816145]]]}, "properties": {"company_id": "cartier-resources", "jurisdiction": "Quebec", "claim_id": "", "claim_name": null, "holder": "Ressources Cartier inc.", "status": "Active", "recorded_date": null, "anniversary_or_expiry": null, "area_ha": null, "tenure_type": null, "source": "GESTIM active titles (MRNF digital data dump). Not legal title.", "as_of": "2026-09-20", "role": "focus", "color": "#e8b040"}}, {"type": "Feature", "geometry": {"type": "Polygon", "coordinates": [[[-77.28333332855314, 48.000000006401535], [-77.28333333555175, 48.008333332752734], [-77.27500000208559, 48.008333332605204], [-77.2749999982876, 48.000000002214556], [-77.28333332855314, 48.000000006401535]]]}, "properties": {"company_id": "cartier-resources", "jurisdiction": "Quebec", "claim_id": "", "claim_name": null, "holder": "Ressources Cartier inc.", "status": "Active", "recorded_date": null, "anniversary_or_expiry": null, "area_ha": null, "tenure_type": null, "source": "GESTIM active titles (MRNF digital data dump). Not legal title.", "as_of": "2026-09-20", "role": "focus", "color": "#e8b040"}}, {"type": "Feature", "geometry": {"type": "Polygon", "coordinates": [[[-77.2749999982876, 48.000000002214556], [-77.27500000208559, 48.008333332605204], [-77.26666667392037, 48.00833333885568], [-77.26666666666672, 48.00000000001086], [-77.2749999982876, 48.000000002214556]]]}, "properties": {"company_id": "cartier-resources", "jurisdiction": "Quebec", "claim_id": "", "claim_name": null, "holder": "Ressources Cartier inc.", "status": "Active", "recorded_date": null, "anniversary_or_expiry": null, "area_ha": null, "tenure_type": null, "source": "GESTIM active titles (MRNF digital data dump). Not legal title.", "as_of": "2026-09-20", "role": "focus", "color": "#e8b040"}}, {"type": "Feature", "geometry": {"type": "Polygon", "coordinates": [[[-77.28333333555175, 48.008333332752734], [-77.28333333789654, 48.016666666964085], [-77.27500000104996, 48.01666667084525], [-77.27500000208559, 48.008333332605204], [-77.28333333555175, 48.008333332752734]]]}, "properties": {"company_id": "cartier-resources", "jurisdiction": "Quebec", "claim_id": "", "claim_name": null, "holder": "Ressources Cartier inc.", "status": "Active", "recorded_date": null, "anniversary_or_expiry": null, "area_ha": null, "tenure_type": null, "source": "GESTIM active titles (MRNF digital data dump). Not legal title.", "as_of": "2026-09-20", "role": "focus", "color": "#e8b040"}}, {"type": "Feature", "geometry": {"type": "Polygon", "coordinates": [[[-77.28333333789654, 48.016666666964085], [-77.28333333518044, 48.025000000046134], [-77.27499999437924, 48.02499999895504], [-77.27500000104996, 48.01666667084525], [-77.28333333789654, 48.016666666964085]]]}, "properties": {"company_id": "cartier-resources", "jurisdiction": "Quebec", "claim_id": "", "claim_name": null, "holder": "Ressources Cartier inc.", "status": "Active", "recorded_date": null, "anniversary_or_expiry": null, "area_ha": null, "tenure_type": null, "source": "GESTIM active titles (MRNF digital data dump). Not legal title.", "as_of": "2026-09-20", "role": "focus", "color": "#e8b040"}}, {"type": "Feature", "geometry": {"type": "Polygon", "coordinates": [[[-77.27500000104996, 48.01666667084525], [-77.27499999437924, 48.02499999895504], [-77.26666667231056, 48.02500000403321], [-77.26666666912361, 48.016666672152226], [-77.27500000104996, 48.01666667084525]]]}, "properties": {"company_id": "cartier-resources", "jurisdiction": "Quebec", "claim_id": "", "claim_name": null, "holder": "Ressources Cartier inc.", "status": "Active", "recorded_date": null, "anniversary_or_expiry": null, "area_ha": null, "tenure_type": null, "source": "GESTIM active titles (MRNF digital data dump). Not legal title.", "as_of": "2026-09-20", "role": "focus", "color": "#e8b040"}}, {"type": "Feature", "geometry": {"type": "Polygon", "coordinates": [[[-77.26666666912361, 48.016666672152226], [-77.26666667231056, 48.02500000403321], [-77.25833332835515, 48.02500000709162], [-77.25833332870081, 48.01666667115589], [-77.26666666912361, 48.016666672152226]]]}, "properties": {"company_id": "cartier-resources", "jurisdiction": "Quebec", "claim_id": "", "claim_name": null, "holder": "Ressources Cartier inc.", "status": "Active", "recorded_date": null, "anniversary_or_expiry": null, "area_ha": null, "tenure_type": null, "source": "GESTIM active titles (MRNF digital data dump). Not legal title.", "as_of": "2026-09-20", "role": "focus", "color": "#e8b040"}}, {"type": "Feature", "geometry": {"type": "Polygon", "coordinates": [[[-77.28333333518044, 48.025000000046134], [-77.28333332739331, 48.033333331999266], [-77.27499999625843, 48.03333333464962], [-77.27499999437924, 48.02499999895504], [-77.28333333518044, 48.025000000046134]]]}, "properties": {"company_id": "cartier-resources", "jurisdiction": "Quebec", "claim_id": "", "claim_name": null, "holder": "Ressources Cartier inc.", "status": "Active", "recorded_date": null, "anniversary_or_expiry": null, "area_ha": null, "tenure_type": null, "source": "GESTIM active titles (MRNF digital data dump). Not legal title.", "as_of": "2026-09-20", "role": "focus", "color": "#e8b040"}}, {"type": "Feature", "geometry": {"type": "Polygon", "coordinates": [[[-77.27499999437924, 48.02499999895504], [-77.27499999625843, 48.03333333464962], [-77.2666666700737, 48.03333333476364], [-77.26666667231056, 48.02500000403321], [-77.27499999437924, 48.02499999895504]]]}, "properties": {"company_id": "cartier-resources", "jurisdiction": "Quebec", "claim_id": "", "claim_name": null, "holder": "Ressources Cartier inc.", "status": "Active", "recorded_date": null, "anniversary_or_expiry": null, "area_ha": null, "tenure_type": null, "source": "GESTIM active titles (MRNF digital data dump). Not legal title.", "as_of": "2026-09-20", "role": "focus", "color": "#e8b040"}}, {"type": "Feature", "geometry": {"type": "Polygon", "coordinates": [[[-77.26666667231056, 48.02500000403321], [-77.2666666700737, 48.03333333476364], [-77.25833333541799, 48.033333332612216], [-77.25833332835515, 48.02500000709162], [-77.26666667231056, 48.02500000403321]]]}, "properties": {"company_id": "cartier-resources", "jurisdiction": "Quebec", "claim_id": "", "claim_name": null, "holder": "Ressources Cartier inc.", "status": "Active", "recorded_date": null, "anniversary_or_expiry": null, "area_ha": null, "tenure_type": null, "source": "GESTIM active titles (MRNF digital data dump). Not legal title.", "as_of": "2026-09-20", "role": "focus", "color": "#e8b040"}}, {"type": "Feature", "geometry": {"type": "Polygon", "coordinates": [[[-77.25833332835515, 48.02500000709162], [-77.25833333541799, 48.033333332612216], [-77.25000000606929, 48.03333333692734], [-77.25000000230906, 48.02499999835372], [-77.25833332835515, 48.02500000709162]]]}, "properties": {"company_id": "cartier-resources", "jurisdiction": "Quebec", "claim_id": "", "claim_name": null, "holder": "Ressources Cartier inc.", "status": "Active", "recorded_date": null, "anniversary_or_expiry": null, "area_ha": null, "tenure_type": null, "source": "GESTIM active titles (MRNF digital data dump). Not legal title.", "as_of": "2026-09-20", "role": "focus", "color": "#e8b040"}}, {"type": "Feature", "geometry": {"type": "Polygon", "coordinates": [[[-77.29166666389452, 48.033333335795156], [-77.29166666875821, 48.0416666713642], [-77.28333332832831, 48.04166667154743], [-77.28333332739331, 48.033333331999266], [-77.29166666389452, 48.033333335795156]]]}, "properties": {"company_id": "cartier-resources", "jurisdiction": "Quebec", "claim_id": "", "claim_name": null, "holder": "Ressources Cartier inc.", "status": "Active", "recorded_date": null, "anniversary_or_expiry": null, "area_ha": null, "tenure_type": null, "source": "GESTIM active titles (MRNF digital data dump). Not legal title.", "as_of": "2026-09-20", "role": "focus", "color": "#e8b040"}}, {"type": "Feature", "geometry": {"type": "Polygon", "coordinates": [[[-77.28333332739331, 48.033333331999266], [-77.28333332832831, 48.04166667154743], [-77.2750000062881, 48.041666668939335], [-77.27499999625843, 48.03333333464962], [-77.28333332739331, 48.033333331999266]]]}, "properties": {"company_id": "cartier-resources", "jurisdiction": "Quebec", "claim_id": "", "claim_name": null, "holder": "Ressources Cartier inc.", "status": "Active", "recorded_date": null, "anniversary_or_expiry": null, "area_ha": null, "tenure_type": null, "source": "GESTIM active titles (MRNF digital data dump). Not legal title.", "as_of": "2026-09-20", "role": "focus", "color": "#e8b040"}}, {"type": "Feature", "geometry": {"type": "Polygon", "coordinates": [[[-77.27499999625843, 48.03333333464962], [-77.2750000062881, 48.041666668939335], [-77.26666666279732, 48.04166667333402], [-77.2666666700737, 48.03333333476364], [-77.27499999625843, 48.03333333464962]]]}, "properties": {"company_id": "cartier-resources", "jurisdiction": "Quebec", "claim_id": "", "claim_name": null, "holder": "Ressources Cartier inc.", "status": "Active", "recorded_date": null, "anniversary_or_expiry": null, "area_ha": null, "tenure_type": null, "source": "GESTIM active titles (MRNF digital data dump). Not legal title.", "as_of": "2026-09-20", "role": "focus", "color": "#e8b040"}}, {"type": "Feature", "geometry": {"type": "Polygon", "coordinates": [[[-77.2666666700737, 48.03333333476364], [-77.26666666279732, 48.04166667333402], [-77.25833333726548, 48.04166666596204], [-77.25833333541799, 48.033333332612216], [-77.2666666700737, 48.03333333476364]]]}, "properties": {"company_id": "cartier-resources", "jurisdiction": "Quebec", "claim_id": "", "claim_name": null, "holder": "Ressources Cartier inc.", "status": "Active", "recorded_date": null, "anniversary_or_expiry": null, "area_ha": null, "tenure_type": null, "source": "GESTIM active titles (MRNF digital data dump). Not legal title.", "as_of": "2026-09-20", "role": "focus", "color": "#e8b040"}}, {"type": "Feature", "geometry": {"type": "Polygon", "coordinates": [[[-77.25833333541799, 48.033333332612216], [-77.25833333726548, 48.04166666596204], [-77.25000000365104, 48.0416666653391], [-77.25000000606929, 48.03333333692734], [-77.25833333541799, 48.033333332612216]]]}, "properties": {"company_id": "cartier-resources", "jurisdiction": "Quebec", "claim_id": "", "claim_name": null, "holder": "Ressources Cartier inc.", "status": "Active", "recorded_date": null, "anniversary_or_expiry": null, "area_ha": null, "tenure_type": null, "source": "GESTIM active titles (MRNF digital data dump). Not legal title.", "as_of": "2026-09-20", "role": "focus", "color": "#e8b040"}}, {"type": "Feature", "geometry": {"type": "Polygon", "coordinates": [[[-77.29166666875821, 48.0416666713642], [-77.29166666871375, 48.050000005816145], [-77.28333333718686, 48.05000000071106], [-77.28333332832831, 48.04166667154743], [-77.29166666875821, 48.0416666713642]]]}, "properties": {"company_id": "cartier-resources", "jurisdiction": "Quebec", "claim_id": "", "claim_name": null, "holder": "Ressources Cartier inc.", "status": "Active", "recorded_date": null, "anniversary_or_expiry": null, "area_ha": null, "tenure_type": null, "source": "GESTIM active titles (MRNF digital data dump). Not legal title.", "as_of": "2026-09-20", "role": "focus", "color": "#e8b040"}}, {"type": "Feature", "geometry": {"type": "Polygon", "coordinates": [[[-77.28333332832831, 48.04166667154743], [-77.28333333718686, 48.05000000071106], [-77.27499999764855, 48.05000000235575], [-77.2750000062881, 48.041666668939335], [-77.28333332832831, 48.04166667154743]]]}, "properties": {"company_id": "cartier-resources", "jurisdiction": "Quebec", "claim_id": "", "claim_name": null, "holder": "Ressources Cartier inc.", "status": "Active", "recorded_date": null, "anniversary_or_expiry": null, "area_ha": null, "tenure_type": null, "source": "GESTIM active titles (MRNF digital data dump). Not legal title.", "as_of": "2026-09-20", "role": "focus", "color": "#e8b040"}}, {"type": "Feature", "geometry": {"type": "Polygon", "coordinates": [[[-68.18333358092997, 52.00000000790051], [-68.18333357452978, 52.0083333411222], [-68.17500024542319, 52.00833333898026], [-68.17500024095528, 52.00000000149458], [-68.18333358092997, 52.00000000790051]]]}, "properties": {"company_id": "cartier-resources", "jurisdiction": "Quebec", "claim_id": "", "claim_name": null, "holder": "Cartier Silver Corporation", "status": "Active", "recorded_date": null, "anniversary_or_expiry": null, "area_ha": null, "tenure_type": null, "source": "GESTIM active titles (MRNF digital data dump). Not legal title.", "as_of": "2026-09-20", "role": "focus", "color": "#e8b040"}}, {"type": "Feature", "geometry": {"type": "Polygon", "coordinates": [[[-68.17500024095528, 52.00000000149458], [-68.17500024542319, 52.00833333898026], [-68.16666691206089, 52.00833334065787], [-68.16666691113035, 52.00000000795718], [-68.17500024095528, 52.00000000149458]]]}, "properties": {"company_id": "cartier-resources", "jurisdiction": "Quebec", "claim_id": "", "claim_name": null, "holder": "Cartier Silver Corporation", "status": "Active", "recorded_date": null, "anniversary_or_expiry": null, "area_ha": null, "tenure_type": null, "source": "GESTIM active titles (MRNF digital data dump). Not legal title.", "as_of": "2026-09-20", "role": "focus", "color": "#e8b040"}}, {"type": "Feature", "geometry": {"type": "Polygon", "coordinates": [[[-68.16666691113035, 52.00000000795718], [-68.16666691206089, 52.00833334065787], [-68.15833357456678, 52.00833333716222], [-68.1583335771775, 52.00000000920452], [-68.16666691113035, 52.00000000795718]]]}, "properties": {"company_id": "cartier-resources", "jurisdiction": "Quebec", "claim_id": "", "claim_name": null, "holder": "Cartier Silver Corporation", "status": "Active", "recorded_date": null, "anniversary_or_expiry": null, "area_ha": null, "tenure_type": null, "source": "GESTIM active titles (MRNF digital data dump). Not legal title.", "as_of": "2026-09-20", "role": "focus", "color": "#e8b040"}}, {"type": "Feature", "geometry": {"type": "Polygon", "coordinates": [[[-68.1333335622471, 52.0750000027282], [-68.13333355691137, 52.08333333838249], [-68.1250002340807, 52.08333333664776], [-68.12500022999235, 52.075000005424336], [-68.1333335622471, 52.0750000027282]]]}, "properties": {"company_id": "cartier-resources", "jurisdiction": "Quebec", "claim_id": "", "claim_name": null, "holder": "Cartier Silver Corporation", "status": "Active", "recorded_date": null, "anniversary_or_expiry": null, "area_ha": null, "tenure_type": null, "source": "GESTIM active titles (MRNF digital data dump). Not legal title.", "as_of": "2026-09-20", "role": "focus", "color": "#e8b040"}}, {"type": "Feature", "geometry": {"type": "Polygon", "coordinates": [[[-68.12500022999235, 52.075000005424336], [-68.1250002340807, 52.08333333664776], [-68.11666689208667, 52.08333333899545], [-68.116666893348, 52.07500000327818], [-68.12500022999235, 52.075000005424336]]]}, "properties": {"company_id": "cartier-resources", "jurisdiction": "Quebec", "claim_id": "", "claim_name": null, "holder": "Cartier Silver Corporation", "status": "Active", "recorded_date": null, "anniversary_or_expiry": null, "area_ha": null, "tenure_type": null, "source": "GESTIM active titles (MRNF digital data dump). Not legal title.", "as_of": "2026-09-20", "role": "focus", "color": "#e8b040"}}, {"type": "Feature", "geometry": {"type": "Polygon", "coordinates": [[[-68.1083335520945, 52.07500000527659], [-68.10833356024675, 52.083333336650554], [-68.10000022374754, 52.08333333849154], [-68.10000022095635, 52.07500000253825], [-68.1083335520945, 52.07500000527659]]]}, "properties": {"company_id": "cartier-resources", "jurisdiction": "Quebec", "claim_id": "", "claim_name": null, "holder": "Cartier Silver Corporation", "status": "Active", "recorded_date": null, "anniversary_or_expiry": null, "area_ha": null, "tenure_type": null, "source": "GESTIM active titles (MRNF digital data dump). Not legal title.", "as_of": "2026-09-20", "role": "focus", "color": "#e8b040"}}, {"type": "Feature", "geometry": {"type": "Polygon", "coordinates": [[[-68.10000022095635, 52.07500000253825], [-68.10000022374754, 52.08333333849154], [-68.09166688272614, 52.08333333552561], [-68.09166688512141, 52.075000003940495], [-68.10000022095635, 52.07500000253825]]]}, "properties": {"company_id": "cartier-resources", "jurisdiction": "Quebec", "claim_id": "", "claim_name": null, "holder": "Cartier Silver Corporation", "status": "Active", "recorded_date": null, "anniversary_or_expiry": null, "area_ha": null, "tenure_type": null, "source": "GESTIM active titles (MRNF digital data dump). Not legal title.", "as_of": "2026-09-20", "role": "focus", "color": "#e8b040"}}, {"type": "Feature", "geometry": {"type": "Polygon", "coordinates": [[[-68.09166688512141, 52.075000003940495], [-68.09166688272614, 52.08333333552561], [-68.08333355154957, 52.08333333685301], [-68.08333354454423, 52.075000009480334], [-68.09166688512141, 52.075000003940495]]]}, "properties": {"company_id": "cartier-resources", "jurisdiction": "Quebec", "claim_id": "", "claim_name": null, "holder": "Cartier Silver Corporation", "status": "Active", "recorded_date": null, "anniversary_or_expiry": null, "area_ha": null, "tenure_type": null, "source": "GESTIM active titles (MRNF digital data dump). Not legal title.", "as_of": "2026-09-20", "role": "focus", "color": "#e8b040"}}, {"type": "Feature", "geometry": {"type": "Polygon", "coordinates": [[[-68.14166690457252, 52.08333333553472], [-68.14166690071193, 52.091666673149156], [-68.13333356229971, 52.091666671526376], [-68.13333355691137, 52.08333333838249], [-68.14166690457252, 52.08333333553472]]]}, "properties": {"company_id": "cartier-resources", "jurisdiction": "Quebec", "claim_id": "", "claim_name": null, "holder": "Cartier Silver Corporation", "status": "Active", "recorded_date": null, "anniversary_or_expiry": null, "area_ha": null, "tenure_type": null, "source": "GESTIM active titles (MRNF digital data dump). Not legal title.", "as_of": "2026-09-20", "role": "focus", "color": "#e8b040"}}, {"type": "Feature", "geometry": {"type": "Polygon", "coordinates": [[[-68.13333355691137, 52.08333333838249], [-68.13333356229971, 52.091666671526376], [-68.12500023394861, 52.091666674246866], [-68.1250002340807, 52.08333333664776], [-68.13333355691137, 52.08333333838249]]]}, "properties": {"company_id": "cartier-resources", "jurisdiction": "Quebec", "claim_id": "", "claim_name": null, "holder": "Cartier Silver Corporation", "status": "Active", "recorded_date": null, "anniversary_or_expiry": null, "area_ha": null, "tenure_type": null, "source": "GESTIM active titles (MRNF digital data dump). Not legal title.", "as_of": "2026-09-20", "role": "focus", "color": "#e8b040"}}, {"type": "Feature", "geometry": {"type": "Polygon", "coordinates": [[[-68.1250002340807, 52.08333333664776], [-68.12500023394861, 52.091666674246866], [-68.1166668866012, 52.09166667210226], [-68.11666689208667, 52.08333333899545], [-68.1250002340807, 52.08333333664776]]]}, "properties": {"company_id": "cartier-resources", "jurisdiction": "Quebec", "claim_id": "", "claim_name": null, "holder": "Cartier Silver Corporation", "status": "Active", "recorded_date": null, "anniversary_or_expiry": null, "area_ha": null, "tenure_type": null, "source": "GESTIM active titles (MRNF digital data dump). Not legal title.", "as_of": "2026-09-20", "role": "focus", "color": "#e8b040"}}, {"type": "Feature", "geometry": {"type": "Polygon", "coordinates": [[[-68.11666689208667, 52.08333333899545], [-68.1166668866012, 52.09166667210226], [-68.10833354922693, 52.09166667429705], [-68.10833356024675, 52.083333336650554], [-68.11666689208667, 52.08333333899545]]]}, "properties": {"company_id": "cartier-resources", "jurisdiction": "Quebec", "claim_id": "", "claim_name": null, "holder": "Cartier Silver Corporation", "status": "Active", "recorded_date": null, "anniversary_or_expiry": null, "area_ha": null, "tenure_type": null, "source": "GESTIM active titles (MRNF digital data dump). Not legal title.", "as_of": "2026-09-20", "role": "focus", "color": "#e8b040"}}, {"type": "Feature", "geometry": {"type": "Polygon", "coordinates": [[[-68.10833356024675, 52.083333336650554], [-68.10833354922693, 52.09166667429705], [-68.100000221961, 52.09166667184172], [-68.10000022374754, 52.08333333849154], [-68.10833356024675, 52.083333336650554]]]}, "properties": {"company_id": "cartier-resources", "jurisdiction": "Quebec", "claim_id": "", "claim_name": null, "holder": "Cartier Silver Corporation", "status": "Active", "recorded_date": null, "anniversary_or_expiry": null, "area_ha": null, "tenure_type": null, "source": "GESTIM active titles (MRNF digital data dump). Not legal title.", "as_of": "2026-09-20", "role": "focus", "color": "#e8b040"}}, {"type": "Feature", "geometry": {"type": "Polygon", "coordinates": [[[-68.10000022374754, 52.08333333849154], [-68.100000221961, 52.09166667184172], [-68.09166688998566, 52.091666673613496], [-68.09166688272614, 52.08333333552561], [-68.10000022374754, 52.08333333849154]]]}, "properties": {"company_id": "cartier-resources", "jurisdiction": "Quebec", "claim_id": "", "claim_name": null, "holder": "Cartier Silver Corporation", "status": "Active", "recorded_date": null, "anniversary_or_expiry": null, "area_ha": null, "tenure_type": null, "source": "GESTIM active titles (MRNF digital data dump). Not legal title.", "as_of": "2026-09-20", "role": "focus", "color": "#e8b040"}}, {"type": "Feature", "geometry": {"type": "Polygon", "coordinates": [[[-68.09166688272614, 52.08333333552561], [-68.09166688998566, 52.091666673613496], [-68.08333355343946, 52.0916666706197], [-68.08333355154957, 52.08333333685301], [-68.09166688272614, 52.08333333552561]]]}, "properties": {"company_id": "cartier-resources", "jurisdiction": "Quebec", "claim_id": "", "claim_name": null, "holder": "Cartier Silver Corporation", "status": "Active", "recorded_date": null, "anniversary_or_expiry": null, "area_ha": null, "tenure_type": null, "source": "GESTIM active titles (MRNF digital data dump). Not legal title.", "as_of": "2026-09-20", "role": "focus", "color": "#e8b040"}}, {"type": "Feature", "geometry": {"type": "Polygon", "coordinates": [[[-68.08333355154957, 52.08333333685301], [-68.08333355343946, 52.0916666706197], [-68.07500021209601, 52.09166667184695], [-68.0750002155805, 52.08333334235914], [-68.08333355154957, 52.08333333685301]]]}, "properties": {"company_id": "cartier-resources", "jurisdiction": "Quebec", "claim_id": "", "claim_name": null, "holder": "Cartier Silver Corporation", "status": "Active", "recorded_date": null, "anniversary_or_expiry": null, "area_ha": null, "tenure_type": null, "source": "GESTIM active titles (MRNF digital data dump). Not legal title.", "as_of": "2026-09-20", "role": "focus", "color": "#e8b040"}}, {"type": "Feature", "geometry": {"type": "Polygon", "coordinates": [[[-68.0750002155805, 52.08333334235914], [-68.07500021209601, 52.09166667184695], [-68.06666688050409, 52.09166667740767], [-68.06666687496089, 52.0833333430513], [-68.0750002155805, 52.08333334235914]]]}, "properties": {"company_id": "cartier-resources", "jurisdiction": "Quebec", "claim_id": "", "claim_name": null, "holder": "Cartier Silver Corporation", "status": "Active", "recorded_date": null, "anniversary_or_expiry": null, "area_ha": null, "tenure_type": null, "source": "GESTIM active titles (MRNF digital data dump). Not legal title.", "as_of": "2026-09-20", "role": "focus", "color": "#e8b040"}}, {"type": "Feature", "geometry": {"type": "Polygon", "coordinates": [[[-68.06666687496089, 52.0833333430513], [-68.06666688050409, 52.09166667740767], [-68.05833354440207, 52.09166666920601], [-68.05833354424193, 52.083333339042966], [-68.06666687496089, 52.0833333430513]]]}, "properties": {"company_id": "cartier-resources", "jurisdiction": "Quebec", "claim_id": "", "claim_name": null, "holder": "Cartier Silver Corporation", "status": "Active", "recorded_date": null, "anniversary_or_expiry": null, "area_ha": null, "tenure_type": null, "source": "GESTIM active titles (MRNF digital data dump). Not legal title.", "as_of": "2026-09-20", "role": "focus", "color": "#e8b040"}}, {"type": "Feature", "geometry": {"type": "Polygon", "coordinates": [[[-68.14166690071193, 52.091666673149156], [-68.14166689316143, 52.1000000081431], [-68.13333356382412, 52.10000000205334], [-68.13333356229971, 52.091666671526376], [-68.14166690071193, 52.091666673149156]]]}, "properties": {"company_id": "cartier-resources", "jurisdiction": "Quebec", "claim_id": "", "claim_name": null, "holder": "Cartier Silver Corporation", "status": "Active", "recorded_date": null, "anniversary_or_expiry": null, "area_ha": null, "tenure_type": null, "source": "GESTIM active titles (MRNF digital data dump). Not legal title.", "as_of": "2026-09-20", "role": "focus", "color": "#e8b040"}}, {"type": "Feature", "geometry": {"type": "Polygon", "coordinates": [[[-68.13333356229971, 52.091666671526376], [-68.13333356382412, 52.10000000205334], [-68.12500022977298, 52.100000009232666], [-68.12500023394861, 52.091666674246866], [-68.13333356229971, 52.091666671526376]]]}, "properties": {"company_id": "cartier-resources", "jurisdiction": "Quebec", "claim_id": "", "claim_name": null, "holder": "Cartier Silver Corporation", "status": "Active", "recorded_date": null, "anniversary_or_expiry": null, "area_ha": null, "tenure_type": null, "source": "GESTIM active titles (MRNF digital data dump). Not legal title.", "as_of": "2026-09-20", "role": "focus", "color": "#e8b040"}}, {"type": "Feature", "geometry": {"type": "Polygon", "coordinates": [[[-68.12500023394861, 52.091666674246866], [-68.12500022977298, 52.100000009232666], [-68.11666689149, 52.10000000270876], [-68.1166668866012, 52.09166667210226], [-68.12500023394861, 52.091666674246866]]]}, "properties": {"company_id": "cartier-resources", "jurisdiction": "Quebec", "claim_id": "", "claim_name": null, "holder": "Cartier Silver Corporation", "status": "Active", "recorded_date": null, "anniversary_or_expiry": null, "area_ha": null, "tenure_type": null, "source": "GESTIM active titles (MRNF digital data dump). Not legal title.", "as_of": "2026-09-20", "role": "focus", "color": "#e8b040"}}, {"type": "Feature", "geometry": {"type": "Polygon", "coordinates": [[[-68.1166668866012, 52.09166667210226], [-68.11666689149, 52.10000000270876], [-68.10833354840179, 52.100000009448], [-68.10833354922693, 52.09166667429705], [-68.1166668866012, 52.09166667210226]]]}, "properties": {"company_id": "cartier-resources", "jurisdiction": "Quebec", "claim_id": "", "claim_name": null, "holder": "Cartier Silver Corporation", "status": "Active", "recorded_date": null, "anniversary_or_expiry": null, "area_ha": null, "tenure_type": null, "source": "GESTIM active titles (MRNF digital data dump). Not legal title.", "as_of": "2026-09-20", "role": "focus", "color": "#e8b040"}}, {"type": "Feature", "geometry": {"type": "Polygon", "coordinates": [[[-68.10833354922693, 52.09166667429705], [-68.10833354840179, 52.100000009448], [-68.10000021559773, 52.10000000258962], [-68.100000221961, 52.09166667184172], [-68.10833354922693, 52.09166667429705]]]}, "properties": {"company_id": "cartier-resources", "jurisdiction": "Quebec", "claim_id": "", "claim_name": null, "holder": "Cartier Silver Corporation", "status": "Active", "recorded_date": null, "anniversary_or_expiry": null, "area_ha": null, "tenure_type": null, "source": "GESTIM active titles (MRNF digital data dump). Not legal title.", "as_of": "2026-09-20", "role": "focus", "color": "#e8b040"}}, {"type": "Feature", "geometry": {"type": "Polygon", "coordinates": [[[-68.100000221961, 52.09166667184172], [-68.10000021559773, 52.10000000258962], [-68.09166687789696, 52.10000000899035], [-68.09166688998566, 52.091666673613496], [-68.100000221961, 52.09166667184172]]]}, "properties": {"company_id": "cartier-resources", "jurisdiction": "Quebec", "claim_id": "", "claim_name": null, "holder": "Cartier Silver Corporation", "status": "Active", "recorded_date": null, "anniversary_or_expiry": null, "area_ha": null, "tenure_type": null, "source": "GESTIM active titles (MRNF digital data dump). Not legal title.", "as_of": "2026-09-20", "role": "focus", "color": "#e8b040"}}, {"type": "Feature", "geometry": {"type": "Polygon", "coordinates": [[[-68.09166688998566, 52.091666673613496], [-68.09166687789696, 52.10000000899035], [-68.08333355021462, 52.10000001078127], [-68.08333355343946, 52.0916666706197], [-68.09166688998566, 52.091666673613496]]]}, "properties": {"company_id": "cartier-resources", "jurisdiction": "Quebec", "claim_id": "", "claim_name": null, "holder": "Cartier Silver Corporation", "status": "Active", "recorded_date": null, "anniversary_or_expiry": null, "area_ha": null, "tenure_type": null, "source": "GESTIM active titles (MRNF digital data dump). Not legal title.", "as_of": "2026-09-20", "role": "focus", "color": "#e8b040"}}, {"type": "Feature", "geometry": {"type": "Polygon", "coordinates": [[[-68.08333355343946, 52.0916666706197], [-68.08333355021462, 52.10000001078127], [-68.07500021791274, 52.10000000784792], [-68.07500021209601, 52.09166667184695], [-68.08333355343946, 52.0916666706197]]]}, "properties": {"company_id": "cartier-resources", "jurisdiction": "Quebec", "claim_id": "", "claim_name": null, "holder": "Cartier Silver Corporation", "status": "Active", "recorded_date": null, "anniversary_or_expiry": null, "area_ha": null, "tenure_type": null, "source": "GESTIM active titles (MRNF digital data dump). Not legal title.", "as_of": "2026-09-20", "role": "focus", "color": "#e8b040"}}, {"type": "Feature", "geometry": {"type": "Polygon", "coordinates": [[[-68.07500021209601, 52.09166667184695], [-68.07500021791274, 52.10000000784792], [-68.06666688076308, 52.10000000917684], [-68.06666688050409, 52.09166667740767], [-68.07500021209601, 52.09166667184695]]]}, "properties": {"company_id": "cartier-resources", "jurisdiction": "Quebec", "claim_id": "", "claim_name": null, "holder": "Cartier Silver Corporation", "status": "Active", "recorded_date": null, "anniversary_or_expiry": null, "area_ha": null, "tenure_type": null, "source": "GESTIM active titles (MRNF digital data dump). Not legal title.", "as_of": "2026-09-20", "role": "focus", "color": "#e8b040"}}, {"type": "Feature", "geometry": {"type": "Polygon", "coordinates": [[[-68.06666688050409, 52.09166667740767], [-68.06666688076308, 52.10000000917684], [-68.05833353890922, 52.10000000577529], [-68.05833354440207, 52.09166666920601], [-68.06666688050409, 52.09166667740767]]]}, "properties": {"company_id": "cartier-resources", "jurisdiction": "Quebec", "claim_id": "", "claim_name": null, "holder": "Cartier Silver Corporation", "status": "Active", "recorded_date": null, "anniversary_or_expiry": null, "area_ha": null, "tenure_type": null, "source": "GESTIM active titles (MRNF digital data dump). Not legal title.", "as_of": "2026-09-20", "role": "focus", "color": "#e8b040"}}, {"type": "Feature", "geometry": {"type": "Polygon", "coordinates": [[[-68.14166689316143, 52.1000000081431], [-68.14166689652255, 52.10833334062365], [-68.13333356131156, 52.10833333895404], [-68.13333356382412, 52.10000000205334], [-68.14166689316143, 52.1000000081431]]]}, "properties": {"company_id": "cartier-resources", "jurisdiction": "Quebec", "claim_id": "", "claim_name": null, "holder": "Cartier Silver Corporation", "status": "Active", "recorded_date": null, "anniversary_or_expiry": null, "area_ha": null, "tenure_type": null, "source": "GESTIM active titles (MRNF digital data dump). Not legal title.", "as_of": "2026-09-20", "role": "focus", "color": "#e8b040"}}, {"type": "Feature", "geometry": {"type": "Polygon", "coordinates": [[[-68.12500022977298, 52.100000009232666], [-68.12500022155493, 52.10833334160599], [-68.11666689198461, 52.10833333969625], [-68.11666689149, 52.10000000270876], [-68.12500022977298, 52.100000009232666]]]}, "properties": {"company_id": "cartier-resources", "jurisdiction": "Quebec", "claim_id": "", "claim_name": null, "holder": "Cartier Silver Corporation", "status": "Active", "recorded_date": null, "anniversary_or_expiry": null, "area_ha": null, "tenure_type": null, "source": "GESTIM active titles (MRNF digital data dump). Not legal title.", "as_of": "2026-09-20", "role": "focus", "color": "#e8b040"}}, {"type": "Feature", "geometry": {"type": "Polygon", "coordinates": [[[-68.11666689149, 52.10000000270876], [-68.11666689198461, 52.10833333969625], [-68.10833355778045, 52.10833334210421], [-68.10833354840179, 52.100000009448], [-68.11666689149, 52.10000000270876]]]}, "properties": {"company_id": "cartier-resources", "jurisdiction": "Quebec", "claim_id": "", "claim_name": null, "holder": "Cartier Silver Corporation", "status": "Active", "recorded_date": null, "anniversary_or_expiry": null, "area_ha": null, "tenure_type": null, "source": "GESTIM active titles (MRNF digital data dump). Not legal title.", "as_of": "2026-09-20", "role": "focus", "color": "#e8b040"}}, {"type": "Feature", "geometry": {"type": "Polygon", "coordinates": [[[-68.10833354840179, 52.100000009448], [-68.10833355778045, 52.10833334210421], [-68.10000021907761, 52.10833333983723], [-68.10000021559773, 52.10000000258962], [-68.10833354840179, 52.100000009448]]]}, "properties": {"company_id": "cartier-resources", "jurisdiction": "Quebec", "claim_id": "", "claim_name": null, "holder": "Cartier Silver Corporation", "status": "Active", "recorded_date": null, "anniversary_or_expiry": null, "area_ha": null, "tenure_type": null, "source": "GESTIM active titles (MRNF digital data dump). Not legal title.", "as_of": "2026-09-20", "role": "focus", "color": "#e8b040"}}, {"type": "Feature", "geometry": {"type": "Polygon", "coordinates": [[[-68.10000021559773, 52.10000000258962], [-68.10000021907761, 52.10833333983723], [-68.09166689025271, 52.10833334199445], [-68.09166687789696, 52.10000000899035], [-68.10000021559773, 52.10000000258962]]]}, "properties": {"company_id": "cartier-resources", "jurisdiction": "Quebec", "claim_id": "", "claim_name": null, "holder": "Cartier Silver Corporation", "status": "Active", "recorded_date": null, "anniversary_or_expiry": null, "area_ha": null, "tenure_type": null, "source": "GESTIM active titles (MRNF digital data dump). Not legal title.", "as_of": "2026-09-20", "role": "focus", "color": "#e8b040"}}, {"type": "Feature", "geometry": {"type": "Polygon", "coordinates": [[[-68.09166687789696, 52.10000000899035], [-68.09166689025271, 52.10833334199445], [-68.08333354224436, 52.10833333935924], [-68.08333355021462, 52.10000001078127], [-68.09166687789696, 52.10000000899035]]]}, "properties": {"company_id": "cartier-resources", "jurisdiction": "Quebec", "claim_id": "", "claim_name": null, "holder": "Cartier Silver Corporation", "status": "Active", "recorded_date": null, "anniversary_or_expiry": null, "area_ha": null, "tenure_type": null, "source": "GESTIM active titles (MRNF digital data dump). Not legal title.", "as_of": "2026-09-20", "role": "focus", "color": "#e8b040"}}, {"type": "Feature", "geometry": {"type": "Polygon", "coordinates": [[[-68.08333355021462, 52.10000001078127], [-68.08333354224436, 52.10833333935924], [-68.07500021862559, 52.10833334125871], [-68.07500021791274, 52.10000000784792], [-68.08333355021462, 52.10000001078127]]]}, "properties": {"company_id": "cartier-resources", "jurisdiction": "Quebec", "claim_id": "", "claim_name": null, "holder": "Cartier Silver Corporation", "status": "Active", "recorded_date": null, "anniversary_or_expiry": null, "area_ha": null, "tenure_type": null, "source": "GESTIM active titles (MRNF digital data dump). Not legal title.", "as_of": "2026-09-20", "role": "focus", "color": "#e8b040"}}, {"type": "Feature", "geometry": {"type": "Polygon", "coordinates": [[[-68.07500021791274, 52.10000000784792], [-68.07500021862559, 52.10833334125871], [-68.06666687573858, 52.10833333835965], [-68.06666688076308, 52.10000000917684], [-68.07500021791274, 52.10000000784792]]]}, "properties": {"company_id": "cartier-resources", "jurisdiction": "Quebec", "claim_id": "", "claim_name": null, "holder": "Cartier Silver Corporation", "status": "Active", "recorded_date": null, "anniversary_or_expiry": null, "area_ha": null, "tenure_type": null, "source": "GESTIM active titles (MRNF digital data dump). Not legal title.", "as_of": "2026-09-20", "role": "focus", "color": "#e8b040"}}, {"type": "Feature", "geometry": {"type": "Polygon", "coordinates": [[[-68.06666688076308, 52.10000000917684], [-68.06666687573858, 52.10833333835965], [-68.05833354255297, 52.1083333398786], [-68.05833353890922, 52.10000000577529], [-68.06666688076308, 52.10000000917684]]]}, "properties": {"company_id": "cartier-resources", "jurisdiction": "Quebec", "claim_id": "", "claim_name": null, "holder": "Cartier Silver Corporation", "status": "Active", "recorded_date": null, "anniversary_or_expiry": null, "area_ha": null, "tenure_type": null, "source": "GESTIM active titles (MRNF digital data dump). Not legal title.", "as_of": "2026-09-20", "role": "focus", "color": "#e8b040"}}, {"type": "Feature", "geometry": {"type": "Polygon", "coordinates": [[[-68.14166689652255, 52.10833334062365], [-68.14166689620184, 52.11666667048542], [-68.13333356954023, 52.11666667334688], [-68.13333356131156, 52.10833333895404], [-68.14166689652255, 52.10833334062365]]]}, "properties": {"company_id": "cartier-resources", "jurisdiction": "Quebec", "claim_id": "", "claim_name": null, "holder": "Cartier Silver Corporation", "status": "Active", "recorded_date": null, "anniversary_or_expiry": null, "area_ha": null, "tenure_type": null, "source": "GESTIM active titles (MRNF digital data dump). Not legal title.", "as_of": "2026-09-20", "role": "focus", "color": "#e8b040"}}, {"type": "Feature", "geometry": {"type": "Polygon", "coordinates": [[[-68.13333356131156, 52.10833333895404], [-68.13333356954023, 52.11666667334688], [-68.12500022389848, 52.11666667147615], [-68.12500022155493, 52.10833334160599], [-68.13333356131156, 52.10833333895404]]]}, "properties": {"company_id": "cartier-resources", "jurisdiction": "Quebec", "claim_id": "", "claim_name": null, "holder": "Cartier Silver Corporation", "status": "Active", "recorded_date": null, "anniversary_or_expiry": null, "area_ha": null, "tenure_type": null, "source": "GESTIM active titles (MRNF digital data dump). Not legal title.", "as_of": "2026-09-20", "role": "focus", "color": "#e8b040"}}, {"type": "Feature", "geometry": {"type": "Polygon", "coordinates": [[[-68.12500022155493, 52.10833334160599], [-68.12500022389848, 52.11666667147615], [-68.11666688826372, 52.11666667407582], [-68.11666689198461, 52.10833333969625], [-68.12500022155493, 52.10833334160599]]]}, "properties": {"company_id": "cartier-resources", "jurisdiction": "Quebec", "claim_id": "", "claim_name": null, "holder": "Cartier Silver Corporation", "status": "Active", "recorded_date": null, "anniversary_or_expiry": null, "area_ha": null, "tenure_type": null, "source": "GESTIM active titles (MRNF digital data dump). Not legal title.", "as_of": "2026-09-20", "role": "focus", "color": "#e8b040"}}, {"type": "Feature", "geometry": {"type": "Polygon", "coordinates": [[[-68.11666689198461, 52.10833333969625], [-68.11666688826372, 52.11666667407582], [-68.10833356276933, 52.11666667215622], [-68.10833355778045, 52.10833334210421], [-68.11666689198461, 52.10833333969625]]]}, "properties": {"company_id": "cartier-resources", "jurisdiction": "Quebec", "claim_id": "", "claim_name": null, "holder": "Cartier Silver Corporation", "status": "Active", "recorded_date": null, "anniversary_or_expiry": null, "area_ha": null, "tenure_type": null, "source": "GESTIM active titles (MRNF digital data dump). Not legal title.", "as_of": "2026-09-20", "role": "focus", "color": "#e8b040"}}, {"type": "Feature", "geometry": {"type": "Polygon", "coordinates": [[[-68.10833355778045, 52.10833334210421], [-68.10833356276933, 52.11666667215622], [-68.100000217988, 52.116666674484314], [-68.10000021907761, 52.10833333983723], [-68.10833355778045, 52.10833334210421]]]}, "properties": {"company_id": "cartier-resources", "jurisdiction": "Quebec", "claim_id": "", "claim_name": null, "holder": "Cartier Silver Corporation", "status": "Active", "recorded_date": null, "anniversary_or_expiry": null, "area_ha": null, "tenure_type": null, "source": "GESTIM active titles (MRNF digital data dump). Not legal title.", "as_of": "2026-09-20", "role": "focus", "color": "#e8b040"}}, {"type": "Feature", "geometry": {"type": "Polygon", "coordinates": [[[-68.10000021907761, 52.10833333983723], [-68.100000217988, 52.116666674484314], [-68.09166688326204, 52.11666667228924], [-68.09166689025271, 52.10833334199445], [-68.10000021907761, 52.10833333983723]]]}, "properties": {"company_id": "cartier-resources", "jurisdiction": "Quebec", "claim_id": "", "claim_name": null, "holder": "Cartier Silver Corporation", "status": "Active", "recorded_date": null, "anniversary_or_expiry": null, "area_ha": null, "tenure_type": null, "source": "GESTIM active titles (MRNF digital data dump). Not legal title.", "as_of": "2026-09-20", "role": "focus", "color": "#e8b040"}}, {"type": "Feature", "geometry": {"type": "Polygon", "coordinates": [[[-68.09166689025271, 52.10833334199445], [-68.09166688326204, 52.11666667228924], [-68.08333354376349, 52.11666667444726], [-68.08333354224436, 52.10833333935924], [-68.09166689025271, 52.10833334199445]]]}, "properties": {"company_id": "cartier-resources", "jurisdiction": "Quebec", "claim_id": "", "claim_name": null, "holder": "Cartier Silver Corporation", "status": "Active", "recorded_date": null, "anniversary_or_expiry": null, "area_ha": null, "tenure_type": null, "source": "GESTIM active titles (MRNF digital data dump). Not legal title.", "as_of": "2026-09-20", "role": "focus", "color": "#e8b040"}}, {"type": "Feature", "geometry": {"type": "Polygon", "coordinates": [[[-68.08333354224436, 52.10833333935924], [-68.08333354376349, 52.11666667444726], [-68.07500021423529, 52.11666667208017], [-68.07500021862559, 52.10833334125871], [-68.08333354224436, 52.10833333935924]]]}, "properties": {"company_id": "cartier-resources", "jurisdiction": "Quebec", "claim_id": "", "claim_name": null, "holder": "Cartier Silver Corporation", "status": "Active", "recorded_date": null, "anniversary_or_expiry": null, "area_ha": null, "tenure_type": null, "source": "GESTIM active titles (MRNF digital data dump). Not legal title.", "as_of": "2026-09-20", "role": "focus", "color": "#e8b040"}}, {"type": "Feature", "geometry": {"type": "Polygon", "coordinates": [[[-68.07500021862559, 52.10833334125871], [-68.07500021423529, 52.11666667208017], [-68.06666687984611, 52.11666667406206], [-68.06666687573858, 52.10833333835965], [-68.07500021862559, 52.10833334125871]]]}, "properties": {"company_id": "cartier-resources", "jurisdiction": "Quebec", "claim_id": "", "claim_name": null, "holder": "Cartier Silver Corporation", "status": "Active", "recorded_date": null, "anniversary_or_expiry": null, "area_ha": null, "tenure_type": null, "source": "GESTIM active titles (MRNF digital data dump). Not legal title.", "as_of": "2026-09-20", "role": "focus", "color": "#e8b040"}}, {"type": "Feature", "geometry": {"type": "Polygon", "coordinates": [[[-68.06666687573858, 52.10833333835965], [-68.06666687984611, 52.11666667406206], [-68.05833354073958, 52.11666667140022], [-68.05833354255297, 52.1083333398786], [-68.06666687573858, 52.10833333835965]]]}, "properties": {"company_id": "cartier-resources", "jurisdiction": "Quebec", "claim_id": "", "claim_name": null, "holder": "Cartier Silver Corporation", "status": "Active", "recorded_date": null, "anniversary_or_expiry": null, "area_ha": null, "tenure_type": null, "source": "GESTIM active titles (MRNF digital data dump). Not legal title.", "as_of": "2026-09-20", "role": "focus", "color": "#e8b040"}}, {"type": "Feature", "geometry": {"type": "Polygon", "coordinates": [[[-68.14166689620184, 52.11666667048542], [-68.14166689202783, 52.125000006719006], [-68.13333355930844, 52.125000005018], [-68.13333356954023, 52.11666667334688], [-68.14166689620184, 52.11666667048542]]]}, "properties": {"company_id": "cartier-resources", "jurisdiction": "Quebec", "claim_id": "", "claim_name": null, "holder": "Cartier Silver Corporation", "status": "Active", "recorded_date": null, "anniversary_or_expiry": null, "area_ha": null, "tenure_type": null, "source": "GESTIM active titles (MRNF digital data dump). Not legal title.", "as_of": "2026-09-20", "role": "focus", "color": "#e8b040"}}, {"type": "Feature", "geometry": {"type": "Polygon", "coordinates": [[[-68.13333356954023, 52.11666667334688], [-68.13333355930844, 52.125000005018], [-68.12500022203132, 52.12500000772533], [-68.12500022389848, 52.11666667147615], [-68.13333356954023, 52.11666667334688]]]}, "properties": {"company_id": "cartier-resources", "jurisdiction": "Quebec", "claim_id": "", "claim_name": null, "holder": "Cartier Silver Corporation", "status": "Active", "recorded_date": null, "anniversary_or_expiry": null, "area_ha": null, "tenure_type": null, "source": "GESTIM active titles (MRNF digital data dump). Not legal title.", "as_of": "2026-09-20", "role": "focus", "color": "#e8b040"}}, {"type": "Feature", "geometry": {"type": "Polygon", "coordinates": [[[-68.12500022389848, 52.11666667147615], [-68.12500022203132, 52.12500000772533], [-68.11666689493383, 52.12500000595768], [-68.11666688826372, 52.11666667407582], [-68.12500022389848, 52.11666667147615]]]}, "properties": {"company_id": "cartier-resources", "jurisdiction": "Quebec", "claim_id": "", "claim_name": null, "holder": "Cartier Silver Corporation", "status": "Active", "recorded_date": null, "anniversary_or_expiry": null, "area_ha": null, "tenure_type": null, "source": "GESTIM active titles (MRNF digital data dump). Not legal title.", "as_of": "2026-09-20", "role": "focus", "color": "#e8b040"}}, {"type": "Feature", "geometry": {"type": "Polygon", "coordinates": [[[-68.10833356276933, 52.11666667215622], [-68.10833354858458, 52.12500000848406], [-68.10000022693525, 52.125000006643106], [-68.100000217988, 52.116666674484314], [-68.10833356276933, 52.11666667215622]]]}, "properties": {"company_id": "cartier-resources", "jurisdiction": "Quebec", "claim_id": "", "claim_name": null, "holder": "Cartier Silver Corporation", "status": "Active", "recorded_date": null, "anniversary_or_expiry": null, "area_ha": null, "tenure_type": null, "source": "GESTIM active titles (MRNF digital data dump). Not legal title.", "as_of": "2026-09-20", "role": "focus", "color": "#e8b040"}}, {"type": "Feature", "geometry": {"type": "Polygon", "coordinates": [[[-68.100000217988, 52.116666674484314], [-68.10000022693525, 52.125000006643106], [-68.0916668859457, 52.12500000909019], [-68.09166688326204, 52.11666667228924], [-68.100000217988, 52.116666674484314]]]}, "properties": {"company_id": "cartier-resources", "jurisdiction": "Quebec", "claim_id": "", "claim_name": null, "holder": "Cartier Silver Corporation", "status": "Active", "recorded_date": null, "anniversary_or_expiry": null, "area_ha": null, "tenure_type": null, "source": "GESTIM active titles (MRNF digital data dump). Not legal title.", "as_of": "2026-09-20", "role": "focus", "color": "#e8b040"}}, {"type": "Feature", "geometry": {"type": "Polygon", "coordinates": [[[-68.09166688326204, 52.11666667228924], [-68.0916668859457, 52.12500000909019], [-68.08333355496538, 52.125000007056556], [-68.08333354376349, 52.11666667444726], [-68.09166688326204, 52.11666667228924]]]}, "properties": {"company_id": "cartier-resources", "jurisdiction": "Quebec", "claim_id": "", "claim_name": null, "holder": "Cartier Silver Corporation", "status": "Active", "recorded_date": null, "anniversary_or_expiry": null, "area_ha": null, "tenure_type": null, "source": "GESTIM active titles (MRNF digital data dump). Not legal title.", "as_of": "2026-09-20", "role": "focus", "color": "#e8b040"}}, {"type": "Feature", "geometry": {"type": "Polygon", "coordinates": [[[-68.08333354376349, 52.11666667444726], [-68.08333355496538, 52.125000007056556], [-68.07500021916178, 52.12500000941734], [-68.07500021423529, 52.11666667208017], [-68.08333354376349, 52.11666667444726]]]}, "properties": {"company_id": "cartier-resources", "jurisdiction": "Quebec", "claim_id": "", "claim_name": null, "holder": "Cartier Silver Corporation", "status": "Active", "recorded_date": null, "anniversary_or_expiry": null, "area_ha": null, "tenure_type": null, "source": "GESTIM active titles (MRNF digital data dump). Not legal title.", "as_of": "2026-09-20", "role": "focus", "color": "#e8b040"}}, {"type": "Feature", "geometry": {"type": "Polygon", "coordinates": [[[-68.07500021423529, 52.11666667208017], [-68.07500021916178, 52.12500000941734], [-68.06666687867683, 52.125000007179835], [-68.06666687984611, 52.11666667406206], [-68.07500021423529, 52.11666667208017]]]}, "properties": {"company_id": "cartier-resources", "jurisdiction": "Quebec", "claim_id": "", "claim_name": null, "holder": "Cartier Silver Corporation", "status": "Active", "recorded_date": null, "anniversary_or_expiry": null, "area_ha": null, "tenure_type": null, "source": "GESTIM active titles (MRNF digital data dump). Not legal title.", "as_of": "2026-09-20", "role": "focus", "color": "#e8b040"}}, {"type": "Feature", "geometry": {"type": "Polygon", "coordinates": [[[-68.10000021340576, 52.066666672970754], [-68.10000022095635, 52.07500000253825], [-68.09166688512141, 52.075000003940495], [-68.09166688275864, 52.0666666697552], [-68.10000021340576, 52.066666672970754]]]}, "properties": {"company_id": "cartier-resources", "jurisdiction": "Quebec", "claim_id": "", "claim_name": null, "holder": "Cartier Silver Corporation", "status": "Active", "recorded_date": null, "anniversary_or_expiry": null, "area_ha": null, "tenure_type": null, "source": "GESTIM active titles (MRNF digital data dump). Not legal title.", "as_of": "2026-09-20", "role": "focus", "color": "#e8b040"}}, {"type": "Feature", "geometry": {"type": "Polygon", "coordinates": [[[-68.09166688275864, 52.0666666697552], [-68.09166688512141, 52.075000003940495], [-68.08333354454423, 52.075000009480334], [-68.08333354737734, 52.066666670635016], [-68.09166688275864, 52.0666666697552]]]}, "properties": {"company_id": "cartier-resources", "jurisdiction": "Quebec", "claim_id": "", "claim_name": null, "holder": "Cartier Silver Corporation", "status": "Active", "recorded_date": null, "anniversary_or_expiry": null, "area_ha": null, "tenure_type": null, "source": "GESTIM active titles (MRNF digital data dump). Not legal title.", "as_of": "2026-09-20", "role": "focus", "color": "#e8b040"}}, {"type": "Feature", "geometry": {"type": "Polygon", "coordinates": [[[-68.14166689202783, 52.125000006719006], [-68.1416668987828, 52.13333334044182], [-68.13333355965132, 52.133333343172744], [-68.13333355930844, 52.125000005018], [-68.14166689202783, 52.125000006719006]]]}, "properties": {"company_id": "cartier-resources", "jurisdiction": "Quebec", "claim_id": "", "claim_name": null, "holder": "Cartier Silver Corporation", "status": "Active", "recorded_date": null, "anniversary_or_expiry": null, "area_ha": null, "tenure_type": null, "source": "GESTIM active titles (MRNF digital data dump). Not legal title.", "as_of": "2026-09-20", "role": "focus", "color": "#e8b040"}}, {"type": "Feature", "geometry": {"type": "Polygon", "coordinates": [[[-68.13333355930844, 52.125000005018], [-68.13333355965132, 52.133333343172744], [-68.12500023073883, 52.13333334147295], [-68.12500022203132, 52.12500000772533], [-68.13333355930844, 52.125000005018]]]}, "properties": {"company_id": "cartier-resources", "jurisdiction": "Quebec", "claim_id": "", "claim_name": null, "holder": "Cartier Silver Corporation", "status": "Active", "recorded_date": null, "anniversary_or_expiry": null, "area_ha": null, "tenure_type": null, "source": "GESTIM active titles (MRNF digital data dump). Not legal title.", "as_of": "2026-09-20", "role": "focus", "color": "#e8b040"}}, {"type": "Feature", "geometry": {"type": "Polygon", "coordinates": [[[-68.12500022203132, 52.12500000772533], [-68.12500023073883, 52.13333334147295], [-68.11666689721822, 52.13333334422302], [-68.11666689493383, 52.12500000595768], [-68.12500022203132, 52.12500000772533]]]}, "properties": {"company_id": "cartier-resources", "jurisdiction": "Quebec", "claim_id": "", "claim_name": null, "holder": "Cartier Silver Corporation", "status": "Active", "recorded_date": null, "anniversary_or_expiry": null, "area_ha": null, "tenure_type": null, "source": "GESTIM active titles (MRNF digital data dump). Not legal title.", "as_of": "2026-09-20", "role": "focus", "color": "#e8b040"}}, {"type": "Feature", "geometry": {"type": "Polygon", "coordinates": [[[-68.11666689493383, 52.12500000595768], [-68.11666689721822, 52.13333334422302], [-68.10833355922298, 52.13333334243023], [-68.10833354858458, 52.12500000848406], [-68.11666689493383, 52.12500000595768]]]}, "properties": {"company_id": "cartier-resources", "jurisdiction": "Quebec", "claim_id": "", "claim_name": null, "holder": "Cartier Silver Corporation", "status": "Active", "recorded_date": null, "anniversary_or_expiry": null, "area_ha": null, "tenure_type": null, "source": "GESTIM active titles (MRNF digital data dump). Not legal title.", "as_of": "2026-09-20", "role": "focus", "color": "#e8b040"}}, {"type": "Feature", "geometry": {"type": "Polygon", "coordinates": [[[-68.10833354858458, 52.12500000848406], [-68.10833355922298, 52.13333334243023], [-68.10000021671217, 52.13333333609161], [-68.10000022693525, 52.125000006643106], [-68.10833354858458, 52.12500000848406]]]}, "properties": {"company_id": "cartier-resources", "jurisdiction": "Quebec", "claim_id": "", "claim_name": null, "holder": "Cartier Silver Corporation", "status": "Active", "recorded_date": null, "anniversary_or_expiry": null, "area_ha": null, "tenure_type": null, "source": "GESTIM active titles (MRNF digital data dump). Not legal title.", "as_of": "2026-09-20", "role": "focus", "color": "#e8b040"}}, {"type": "Feature", "geometry": {"type": "Polygon", "coordinates": [[[-68.10000022693525, 52.125000006643106], [-68.10000021671217, 52.13333333609161], [-68.09166688388731, 52.13333334329601], [-68.0916668859457, 52.12500000909019], [-68.10000022693525, 52.125000006643106]]]}, "properties": {"company_id": "cartier-resources", "jurisdiction": "Quebec", "claim_id": "", "claim_name": null, "holder": "Cartier Silver Corporation", "status": "Active", "recorded_date": null, "anniversary_or_expiry": null, "area_ha": null, "tenure_type": null, "source": "GESTIM active titles (MRNF digital data dump). Not legal title.", "as_of": "2026-09-20", "role": "focus", "color": "#e8b040"}}, {"type": "Feature", "geometry": {"type": "Polygon", "coordinates": [[[-68.0916668859457, 52.12500000909019], [-68.09166688388731, 52.13333334329601], [-68.08333354664273, 52.13333333696097], [-68.08333355496538, 52.125000007056556], [-68.0916668859457, 52.12500000909019]]]}, "properties": {"company_id": "cartier-resources", "jurisdiction": "Quebec", "claim_id": "", "claim_name": null, "holder": "Cartier Silver Corporation", "status": "Active", "recorded_date": null, "anniversary_or_expiry": null, "area_ha": null, "tenure_type": null, "source": "GESTIM active titles (MRNF digital data dump). Not legal title.", "as_of": "2026-09-20", "role": "focus", "color": "#e8b040"}}, {"type": "Feature", "geometry": {"type": "Polygon", "coordinates": [[[-68.08333355496538, 52.125000007056556], [-68.08333354664273, 52.13333333696097], [-68.07500021899196, 52.133333344166914], [-68.07500021916178, 52.12500000941734], [-68.08333355496538, 52.125000007056556]]]}, "properties": {"company_id": "cartier-resources", "jurisdiction": "Quebec", "claim_id": "", "claim_name": null, "holder": "Cartier Silver Corporation", "status": "Active", "recorded_date": null, "anniversary_or_expiry": null, "area_ha": null, "tenure_type": null, "source": "GESTIM active titles (MRNF digital data dump). Not legal title.", "as_of": "2026-09-20", "role": "focus", "color": "#e8b040"}}, {"type": "Feature", "geometry": {"type": "Polygon", "coordinates": [[[-68.12500023073883, 52.13333334147295], [-68.12500022080839, 52.141666672503256], [-68.11666689547356, 52.14166667089331], [-68.11666689721822, 52.13333334422302], [-68.12500023073883, 52.13333334147295]]]}, "properties": {"company_id": "cartier-resources", "jurisdiction": "Quebec", "claim_id": "", "claim_name": null, "holder": "Cartier Silver Corporation", "status": "Active", "recorded_date": null, "anniversary_or_expiry": null, "area_ha": null, "tenure_type": null, "source": "GESTIM active titles (MRNF digital data dump). Not legal title.", "as_of": "2026-09-20", "role": "focus", "color": "#e8b040"}}, {"type": "Feature", "geometry": {"type": "Polygon", "coordinates": [[[-68.11666689721822, 52.13333334422302], [-68.11666689547356, 52.14166667089331], [-68.10833355086913, 52.14166667366425], [-68.10833355922298, 52.13333334243023], [-68.11666689721822, 52.13333334422302]]]}, "properties": {"company_id": "cartier-resources", "jurisdiction": "Quebec", "claim_id": "", "claim_name": null, "holder": "Cartier Silver Corporation", "status": "Active", "recorded_date": null, "anniversary_or_expiry": null, "area_ha": null, "tenure_type": null, "source": "GESTIM active titles (MRNF digital data dump). Not legal title.", "as_of": "2026-09-20", "role": "focus", "color": "#e8b040"}}, {"type": "Feature", "geometry": {"type": "Polygon", "coordinates": [[[-68.10833355922298, 52.13333334243023], [-68.10833355086913, 52.14166667366425], [-68.10000021635216, 52.14166667204322], [-68.10000021671217, 52.13333333609161], [-68.10833355922298, 52.13333334243023]]]}, "properties": {"company_id": "cartier-resources", "jurisdiction": "Quebec", "claim_id": "", "claim_name": null, "holder": "Cartier Silver Corporation", "status": "Active", "recorded_date": null, "anniversary_or_expiry": null, "area_ha": null, "tenure_type": null, "source": "GESTIM active titles (MRNF digital data dump). Not legal title.", "as_of": "2026-09-20", "role": "focus", "color": "#e8b040"}}, {"type": "Feature", "geometry": {"type": "Polygon", "coordinates": [[[-68.12500022080839, 52.141666672503256], [-68.1250002212842, 52.15000001002344], [-68.11666688934525, 52.150000003948776], [-68.11666689547356, 52.14166667089331], [-68.12500022080839, 52.141666672503256]]]}, "properties": {"company_id": "cartier-resources", "jurisdiction": "Quebec", "claim_id": "", "claim_name": null, "holder": "Cartier Silver Corporation", "status": "Active", "recorded_date": null, "anniversary_or_expiry": null, "area_ha": null, "tenure_type": null, "source": "GESTIM active titles (MRNF digital data dump). Not legal title.", "as_of": "2026-09-20", "role": "focus", "color": "#e8b040"}}, {"type": "Feature", "geometry": {"type": "Polygon", "coordinates": [[[-68.11666689547356, 52.14166667089331], [-68.11666688934525, 52.150000003948776], [-68.10833355274316, 52.150000002407864], [-68.10833355086913, 52.14166667366425], [-68.11666689547356, 52.14166667089331]]]}, "properties": {"company_id": "cartier-resources", "jurisdiction": "Quebec", "claim_id": "", "claim_name": null, "holder": "Cartier Silver Corporation", "status": "Active", "recorded_date": null, "anniversary_or_expiry": null, "area_ha": null, "tenure_type": null, "source": "GESTIM active titles (MRNF digital data dump). Not legal title.", "as_of": "2026-09-20", "role": "focus", "color": "#e8b040"}}, {"type": "Feature", "geometry": {"type": "Polygon", "coordinates": [[[-68.10833355086913, 52.14166667366425], [-68.10833355274316, 52.150000002407864], [-68.10000022604544, 52.15000000550917], [-68.10000021635216, 52.14166667204322], [-68.10833355086913, 52.14166667366425]]]}, "properties": {"company_id": "cartier-resources", "jurisdiction": "Quebec", "claim_id": "", "claim_name": null, "holder": "Cartier Silver Corporation", "status": "Active", "recorded_date": null, "anniversary_or_expiry": null, "area_ha": null, "tenure_type": null, "source": "GESTIM active titles (MRNF digital data dump). Not legal title.", "as_of": "2026-09-20", "role": "focus", "color": "#e8b040"}}, {"type": "Feature", "geometry": {"type": "Polygon", "coordinates": [[[-68.1750002478799, 51.991666670457015], [-68.17500024095528, 52.00000000149458], [-68.16666691113035, 52.00000000795718], [-68.16666690701643, 51.99166667261611], [-68.1750002478799, 51.991666670457015]]]}, "properties": {"company_id": "cartier-resources", "jurisdiction": "Quebec", "claim_id": "", "claim_name": null, "holder": "Cartier Silver Corporation", "status": "Active", "recorded_date": null, "anniversary_or_expiry": null, "area_ha": null, "tenure_type": null, "source": "GESTIM active titles (MRNF digital data dump). Not legal title.", "as_of": "2026-09-20", "role": "focus", "color": "#e8b040"}}, {"type": "Feature", "geometry": {"type": "Polygon", "coordinates": [[[-68.16666690701643, 51.99166667261611], [-68.16666691113035, 52.00000000795718], [-68.1583335771775, 52.00000000920452], [-68.1583335765947, 51.99166666961992], [-68.16666690701643, 51.99166667261611]]]}, "properties": {"company_id": "cartier-resources", "jurisdiction": "Quebec", "claim_id": "", "claim_name": null, "holder": "Cartier Silver Corporation", "status": "Active", "recorded_date": null, "anniversary_or_expiry": null, "area_ha": null, "tenure_type": null, "source": "GESTIM active titles (MRNF digital data dump). Not legal title.", "as_of": "2026-09-20", "role": "focus", "color": "#e8b040"}}, {"type": "Feature", "geometry": {"type": "Polygon", "coordinates": [[[-75.38333332866658, 49.50000000304635], [-75.38333333763528, 49.50833333486967], [-75.37500000413158, 49.50833333733091], [-75.37500000170363, 49.50000000673225], [-75.38333332866658, 49.50000000304635]]]}, "properties": {"company_id": "cartier-resources", "jurisdiction": "Quebec", "claim_id": "", "claim_name": null, "holder": "Ressources Cartier inc.", "status": "Active", "recorded_date": null, "anniversary_or_expiry": null, "area_ha": null, "tenure_type": null, "source": "GESTIM active titles (MRNF digital data dump). Not legal title.", "as_of": "2026-09-20", "role": "focus", "color": "#e8b040"}}, {"type": "Feature", "geometry": {"type": "Polygon", "coordinates": [[[-75.37500000170363, 49.50000000673225], [-75.37500000413158, 49.50833333733091], [-75.36666667181169, 49.50833333319751], [-75.36666666211114, 49.500000003840796], [-75.37500000170363, 49.50000000673225]]]}, "properties": {"company_id": "cartier-resources", "jurisdiction": "Quebec", "claim_id": "", "claim_name": null, "holder": "Ressources Cartier inc.", "status": "Active", "recorded_date": null, "anniversary_or_expiry": null, "area_ha": null, "tenure_type": null, "source": "GESTIM active titles (MRNF digital data dump). Not legal title.", "as_of": "2026-09-20", "role": "focus", "color": "#e8b040"}}, {"type": "Feature", "geometry": {"type": "Polygon", "coordinates": [[[-75.36666666211114, 49.500000003840796], [-75.36666667181169, 49.50833333319751], [-75.35833332697013, 49.508333340502766], [-75.35833333755167, 49.50000000327934], [-75.36666666211114, 49.500000003840796]]]}, "properties": {"company_id": "cartier-resources", "jurisdiction": "Quebec", "claim_id": "", "claim_name": null, "holder": "Ressources Cartier inc.", "status": "Active", "recorded_date": null, "anniversary_or_expiry": null, "area_ha": null, "tenure_type": null, "source": "GESTIM active titles (MRNF digital data dump). Not legal title.", "as_of": "2026-09-20", "role": "focus", "color": "#e8b040"}}, {"type": "Feature", "geometry": {"type": "Polygon", "coordinates": [[[-75.35833333755167, 49.50000000327934], [-75.35833332697013, 49.508333340502766], [-75.34999999707091, 49.508333341172005], [-75.35000000037574, 49.500000005135625], [-75.35833333755167, 49.50000000327934]]]}, "properties": {"company_id": "cartier-resources", "jurisdiction": "Quebec", "claim_id": "", "claim_name": null, "holder": "Ressources Cartier inc.", "status": "Active", "recorded_date": null, "anniversary_or_expiry": null, "area_ha": null, "tenure_type": null, "source": "GESTIM active titles (MRNF digital data dump). Not legal title.", "as_of": "2026-09-20", "role": "focus", "color": "#e8b040"}}, {"type": "Feature", "geometry": {"type": "Polygon", "coordinates": [[[-75.35833332697013, 49.508333340502766], [-75.35833333776002, 49.51666666563993], [-75.35000000121322, 49.51666667415845], [-75.34999999707091, 49.508333341172005], [-75.35833332697013, 49.508333340502766]]]}, "properties": {"company_id": "cartier-resources", "jurisdiction": "Quebec", "claim_id": "", "claim_name": null, "holder": "Ressources Cartier inc.", "status": "Active", "recorded_date": null, "anniversary_or_expiry": null, "area_ha": null, "tenure_type": null, "source": "GESTIM active titles (MRNF digital data dump). Not legal title.", "as_of": "2026-09-20", "role": "focus", "color": "#e8b040"}}, {"type": "Feature", "geometry": {"type": "Polygon", "coordinates": [[[-75.38333332720478, 49.51666667273363], [-75.38333333874581, 49.52500000750684], [-75.37500000543625, 49.52500000746766], [-75.37500000079432, 49.51666667392235], [-75.38333332720478, 49.51666667273363]]]}, "properties": {"company_id": "cartier-resources", "jurisdiction": "Quebec", "claim_id": "", "claim_name": null, "holder": "Ressources Cartier inc.", "status": "Active", "recorded_date": null, "anniversary_or_expiry": null, "area_ha": null, "tenure_type": null, "source": "GESTIM active titles (MRNF digital data dump). Not legal title.", "as_of": "2026-09-20", "role": "focus", "color": "#e8b040"}}, {"type": "Feature", "geometry": {"type": "Polygon", "coordinates": [[[-75.35833333776002, 49.51666666563993], [-75.35833332867571, 49.52500000580358], [-75.34999999898773, 49.525000004137304], [-75.35000000121322, 49.51666667415845], [-75.35833333776002, 49.51666666563993]]]}, "properties": {"company_id": "cartier-resources", "jurisdiction": "Quebec", "claim_id": "", "claim_name": null, "holder": "Ressources Cartier inc.", "status": "Active", "recorded_date": null, "anniversary_or_expiry": null, "area_ha": null, "tenure_type": null, "source": "GESTIM active titles (MRNF digital data dump). Not legal title.", "as_of": "2026-09-20", "role": "focus", "color": "#e8b040"}}, {"type": "Feature", "geometry": {"type": "Polygon", "coordinates": [[[-76.41666666296489, 49.30833334063746], [-76.41666666473574, 49.316666670845336], [-76.40833333345391, 49.31666667302262], [-76.4083333345955, 49.30833333823811], [-76.41666666296489, 49.30833334063746]]]}, "properties": {"company_id": "cartier-resources", "jurisdiction": "Quebec", "claim_id": "", "claim_name": null, "holder": "Ressources Cartier inc.", "status": "Active", "recorded_date": null, "anniversary_or_expiry": null, "area_ha": null, "tenure_type": null, "source": "GESTIM active titles (MRNF digital data dump). Not legal title.", "as_of": "2026-09-20", "role": "focus", "color": "#e8b040"}}, {"type": "Feature", "geometry": {"type": "Polygon", "coordinates": [[[-76.4083333345955, 49.30833333823811], [-76.40833333345391, 49.31666667302262], [-76.40000000640372, 49.31666666767691], [-76.39999999695193, 49.30833333744897], [-76.4083333345955, 49.30833333823811]]]}, "properties": {"company_id": "cartier-resources", "jurisdiction": "Quebec", "claim_id": "", "claim_name": null, "holder": "Ressources Cartier inc.", "status": "Active", "recorded_date": null, "anniversary_or_expiry": null, "area_ha": null, "tenure_type": null, "source": "GESTIM active titles (MRNF digital data dump). Not legal title.", "as_of": "2026-09-20", "role": "focus", "color": "#e8b040"}}, {"type": "Feature", "geometry": {"type": "Polygon", "coordinates": [[[-76.39999999695193, 49.30833333744897], [-76.40000000640372, 49.31666666767691], [-76.39166667031417, 49.31666667296338], [-76.39166666376006, 49.30833333810606], [-76.39999999695193, 49.30833333744897]]]}, "properties": {"company_id": "cartier-resources", "jurisdiction": "Quebec", "claim_id": "", "claim_name": null, "holder": "Ressources Cartier inc.", "status": "Active", "recorded_date": null, "anniversary_or_expiry": null, "area_ha": null, "tenure_type": null, "source": "GESTIM active titles (MRNF digital data dump). Not legal title.", "as_of": "2026-09-20", "role": "focus", "color": "#e8b040"}}, {"type": "Feature", "geometry": {"type": "Polygon", "coordinates": [[[-76.39166666376006, 49.30833333810606], [-76.39166667031417, 49.31666667296338], [-76.38333333840511, 49.31666667073409], [-76.3833333349929, 49.30833334021403], [-76.39166666376006, 49.30833333810606]]]}, "properties": {"company_id": "cartier-resources", "jurisdiction": "Quebec", "claim_id": "", "claim_name": null, "holder": "Ressources Cartier inc.", "status": "Active", "recorded_date": null, "anniversary_or_expiry": null, "area_ha": null, "tenure_type": null, "source": "GESTIM active titles (MRNF digital data dump). Not legal title.", "as_of": "2026-09-20", "role": "focus", "color": "#e8b040"}}, {"type": "Feature", "geometry": {"type": "Polygon", "coordinates": [[[-76.3833333349929, 49.30833334021403], [-76.38333333840511, 49.31666667073409], [-76.37499999714903, 49.316666670149715], [-76.37499999662009, 49.30833333494851], [-76.3833333349929, 49.30833334021403]]]}, "properties": {"company_id": "cartier-resources", "jurisdiction": "Quebec", "claim_id": "", "claim_name": null, "holder": "Ressources Cartier inc.", "status": "Active", "recorded_date": null, "anniversary_or_expiry": null, "area_ha": null, "tenure_type": null, "source": "GESTIM active titles (MRNF digital data dump). Not legal title.", "as_of": "2026-09-20", "role": "focus", "color": "#e8b040"}}, {"type": "Feature", "geometry": {"type": "Polygon", "coordinates": [[[-76.37499999662009, 49.30833333494851], [-76.37499999714903, 49.316666670149715], [-76.36666666027422, 49.31666667104917], [-76.3666666628698, 49.30833334013353], [-76.37499999662009, 49.30833333494851]]]}, "properties": {"company_id": "cartier-resources", "jurisdiction": "Quebec", "claim_id": "", "claim_name": null, "holder": "Ressources Cartier inc.", "status": "Active", "recorded_date": null, "anniversary_or_expiry": null, "area_ha": null, "tenure_type": null, "source": "GESTIM active titles (MRNF digital data dump). Not legal title.", "as_of": "2026-09-20", "role": "focus", "color": "#e8b040"}}, {"type": "Feature", "geometry": {"type": "Polygon", "coordinates": [[[-76.35833333321591, 49.308333337788476], [-76.35833332775357, 49.31666667343696], [-76.34999999931428, 49.316666668324984], [-76.34999999412852, 49.30833333707104], [-76.35833333321591, 49.308333337788476]]]}, "properties": {"company_id": "cartier-resources", "jurisdiction": "Quebec", "claim_id": "", "claim_name": null, "holder": "Ressources Cartier inc.", "status": "Active", "recorded_date": null, "anniversary_or_expiry": null, "area_ha": null, "tenure_type": null, "source": "GESTIM active titles (MRNF digital data dump). Not legal title.", "as_of": "2026-09-20", "role": "focus", "color": "#e8b040"}}, {"type": "Feature", "geometry": {"type": "Polygon", "coordinates": [[[-76.4250000005312, 49.31666667013286], [-76.42499999452946, 49.32500000257696], [-76.41666666939135, 49.325000007664265], [-76.41666666473574, 49.316666670845336], [-76.4250000005312, 49.31666667013286]]]}, "properties": {"company_id": "cartier-resources", "jurisdiction": "Quebec", "claim_id": "", "claim_name": null, "holder": "Ressources Cartier inc.", "status": "Active", "recorded_date": null, "anniversary_or_expiry": null, "area_ha": null, "tenure_type": null, "source": "GESTIM active titles (MRNF digital data dump). Not legal title.", "as_of": "2026-09-20", "role": "focus", "color": "#e8b040"}}, {"type": "Feature", "geometry": {"type": "Polygon", "coordinates": [[[-76.41666666473574, 49.316666670845336], [-76.41666666939135, 49.325000007664265], [-76.40833333476071, 49.325000005419575], [-76.40833333345391, 49.31666667302262], [-76.41666666473574, 49.316666670845336]]]}, "properties": {"company_id": "cartier-resources", "jurisdiction": "Quebec", "claim_id": "", "claim_name": null, "holder": "Ressources Cartier inc.", "status": "Active", "recorded_date": null, "anniversary_or_expiry": null, "area_ha": null, "tenure_type": null, "source": "GESTIM active titles (MRNF digital data dump). Not legal title.", "as_of": "2026-09-20", "role": "focus", "color": "#e8b040"}}, {"type": "Feature", "geometry": {"type": "Polygon", "coordinates": [[[-76.40000000640372, 49.31666666767691], [-76.4000000046275, 49.32500000467015], [-76.39166666520694, 49.32500000558638], [-76.39166667031417, 49.31666667296338], [-76.40000000640372, 49.31666666767691]]]}, "properties": {"company_id": "cartier-resources", "jurisdiction": "Quebec", "claim_id": "", "claim_name": null, "holder": "Ressources Cartier inc.", "status": "Active", "recorded_date": null, "anniversary_or_expiry": null, "area_ha": null, "tenure_type": null, "source": "GESTIM active titles (MRNF digital data dump). Not legal title.", "as_of": "2026-09-20", "role": "focus", "color": "#e8b040"}}, {"type": "Feature", "geometry": {"type": "Polygon", "coordinates": [[[-76.39166667031417, 49.31666667296338], [-76.39166666520694, 49.32500000558638], [-76.38333332997749, 49.324999999012675], [-76.38333333840511, 49.31666667073409], [-76.39166667031417, 49.31666667296338]]]}, "properties": {"company_id": "cartier-resources", "jurisdiction": "Quebec", "claim_id": "", "claim_name": null, "holder": "Ressources Cartier inc.", "status": "Active", "recorded_date": null, "anniversary_or_expiry": null, "area_ha": null, "tenure_type": null, "source": "GESTIM active titles (MRNF digital data dump). Not legal title.", "as_of": "2026-09-20", "role": "focus", "color": "#e8b040"}}, {"type": "Feature", "geometry": {"type": "Polygon", "coordinates": [[[-76.38333333840511, 49.31666667073409], [-76.38333332997749, 49.324999999012675], [-76.37499999941754, 49.325000002938566], [-76.37499999714903, 49.316666670149715], [-76.38333333840511, 49.31666667073409]]]}, "properties": {"company_id": "cartier-resources", "jurisdiction": "Quebec", "claim_id": "", "claim_name": null, "holder": "Ressources Cartier inc.", "status": "Active", "recorded_date": null, "anniversary_or_expiry": null, "area_ha": null, "tenure_type": null, "source": "GESTIM active titles (MRNF digital data dump). Not legal title.", "as_of": "2026-09-20", "role": "focus", "color": "#e8b040"}}, {"type": "Feature", "geometry": {"type": "Polygon", "coordinates": [[[-76.37499999714903, 49.316666670149715], [-76.37499999941754, 49.325000002938566], [-76.36666667299755, 49.32499999938361], [-76.36666666027422, 49.31666667104917], [-76.37499999714903, 49.316666670149715]]]}, "properties": {"company_id": "cartier-resources", "jurisdiction": "Quebec", "claim_id": "", "claim_name": null, "holder": "Ressources Cartier inc.", "status": "Active", "recorded_date": null, "anniversary_or_expiry": null, "area_ha": null, "tenure_type": null, "source": "GESTIM active titles (MRNF digital data dump). Not legal title.", "as_of": "2026-09-20", "role": "focus", "color": "#e8b040"}}, {"type": "Feature", "geometry": {"type": "Polygon", "coordinates": [[[-76.36666666027422, 49.31666667104917], [-76.36666667299755, 49.32499999938361], [-76.35833333743194, 49.325000006499096], [-76.35833332775357, 49.31666667343696], [-76.36666666027422, 49.31666667104917]]]}, "properties": {"company_id": "cartier-resources", "jurisdiction": "Quebec", "claim_id": "", "claim_name": null, "holder": "Ressources Cartier inc.", "status": "Active", "recorded_date": null, "anniversary_or_expiry": null, "area_ha": null, "tenure_type": null, "source": "GESTIM active titles (MRNF digital data dump). Not legal title.", "as_of": "2026-09-20", "role": "focus", "color": "#e8b040"}}, {"type": "Feature", "geometry": {"type": "Polygon", "coordinates": [[[-76.42499999452946, 49.32500000257696], [-76.42500000508441, 49.333333332476954], [-76.41666666265218, 49.33333333327882], [-76.41666666939135, 49.325000007664265], [-76.42499999452946, 49.32500000257696]]]}, "properties": {"company_id": "cartier-resources", "jurisdiction": "Quebec", "claim_id": "", "claim_name": null, "holder": "Ressources Cartier inc.", "status": "Active", "recorded_date": null, "anniversary_or_expiry": null, "area_ha": null, "tenure_type": null, "source": "GESTIM active titles (MRNF digital data dump). Not legal title.", "as_of": "2026-09-20", "role": "focus", "color": "#e8b040"}}, {"type": "Feature", "geometry": {"type": "Polygon", "coordinates": [[[-76.41666666939135, 49.325000007664265], [-76.41666666265218, 49.33333333327882], [-76.4083333385122, 49.333333335429536], [-76.40833333476071, 49.325000005419575], [-76.41666666939135, 49.325000007664265]]]}, "properties": {"company_id": "cartier-resources", "jurisdiction": "Quebec", "claim_id": "", "claim_name": null, "holder": "Ressources Cartier inc.", "status": "Active", "recorded_date": null, "anniversary_or_expiry": null, "area_ha": null, "tenure_type": null, "source": "GESTIM active titles (MRNF digital data dump). Not legal title.", "as_of": "2026-09-20", "role": "focus", "color": "#e8b040"}}, {"type": "Feature", "geometry": {"type": "Polygon", "coordinates": [[[-76.40833333476071, 49.325000005419575], [-76.4083333385122, 49.333333335429536], [-76.40000000511759, 49.333333339270155], [-76.4000000046275, 49.32500000467015], [-76.40833333476071, 49.325000005419575]]]}, "properties": {"company_id": "cartier-resources", "jurisdiction": "Quebec", "claim_id": "", "claim_name": null, "holder": "Ressources Cartier inc.", "status": "Active", "recorded_date": null, "anniversary_or_expiry": null, "area_ha": null, "tenure_type": null, "source": "GESTIM active titles (MRNF digital data dump). Not legal title.", "as_of": "2026-09-20", "role": "focus", "color": "#e8b040"}}, {"type": "Feature", "geometry": {"type": "Polygon", "coordinates": [[[-76.39166666520694, 49.32500000558638], [-76.39166666218749, 49.33333333580989], [-76.38333333747123, 49.33333333371337], [-76.38333332997749, 49.324999999012675], [-76.39166666520694, 49.32500000558638]]]}, "properties": {"company_id": "cartier-resources", "jurisdiction": "Quebec", "claim_id": "", "claim_name": null, "holder": "Ressources Cartier inc.", "status": "Active", "recorded_date": null, "anniversary_or_expiry": null, "area_ha": null, "tenure_type": null, "source": "GESTIM active titles (MRNF digital data dump). Not legal title.", "as_of": "2026-09-20", "role": "focus", "color": "#e8b040"}}, {"type": "Feature", "geometry": {"type": "Polygon", "coordinates": [[[-76.42500000508441, 49.333333332476954], [-76.42500000493487, 49.34166666916505], [-76.41666667280623, 49.341666674329154], [-76.41666666265218, 49.33333333327882], [-76.42500000508441, 49.333333332476954]]]}, "properties": {"company_id": "cartier-resources", "jurisdiction": "Quebec", "claim_id": "", "claim_name": null, "holder": "Ressources Cartier inc.", "status": "Active", "recorded_date": null, "anniversary_or_expiry": null, "area_ha": null, "tenure_type": null, "source": "GESTIM active titles (MRNF digital data dump). Not legal title.", "as_of": "2026-09-20", "role": "focus", "color": "#e8b040"}}, {"type": "Feature", "geometry": {"type": "Polygon", "coordinates": [[[-76.41666666265218, 49.33333333327882], [-76.41666667280623, 49.341666674329154], [-76.40833333119906, 49.34166667221308], [-76.4083333385122, 49.333333335429536], [-76.41666666265218, 49.33333333327882]]]}, "properties": {"company_id": "cartier-resources", "jurisdiction": "Quebec", "claim_id": "", "claim_name": null, "holder": "Ressources Cartier inc.", "status": "Active", "recorded_date": null, "anniversary_or_expiry": null, "area_ha": null, "tenure_type": null, "source": "GESTIM active titles (MRNF digital data dump). Not legal title.", "as_of": "2026-09-20", "role": "focus", "color": "#e8b040"}}, {"type": "Feature", "geometry": {"type": "Polygon", "coordinates": [[[-76.4083333385122, 49.333333335429536], [-76.40833333119906, 49.34166667221308], [-76.39999999410796, 49.341666671644134], [-76.40000000511759, 49.333333339270155], [-76.4083333385122, 49.333333335429536]]]}, "properties": {"company_id": "cartier-resources", "jurisdiction": "Quebec", "claim_id": "", "claim_name": null, "holder": "Ressources Cartier inc.", "status": "Active", "recorded_date": null, "anniversary_or_expiry": null, "area_ha": null, "tenure_type": null, "source": "GESTIM active titles (MRNF digital data dump). Not legal title.", "as_of": "2026-09-20", "role": "focus", "color": "#e8b040"}}, {"type": "Feature", "geometry": {"type": "Polygon", "coordinates": [[[-76.40000000511759, 49.333333339270155], [-76.39999999410796, 49.341666671644134], [-76.39166666150565, 49.34166667262694], [-76.39166666218749, 49.33333333580989], [-76.40000000511759, 49.333333339270155]]]}, "properties": {"company_id": "cartier-resources", "jurisdiction": "Quebec", "claim_id": "", "claim_name": null, "holder": "Ressources Cartier inc.", "status": "Active", "recorded_date": null, "anniversary_or_expiry": null, "area_ha": null, "tenure_type": null, "source": "GESTIM active titles (MRNF digital data dump). Not legal title.", "as_of": "2026-09-20", "role": "focus", "color": "#e8b040"}}, {"type": "Feature", "geometry": {"type": "Polygon", "coordinates": [[[-76.39166666218749, 49.33333333580989], [-76.39166666150565, 49.34166667262694], [-76.38333333311284, 49.34166666617361], [-76.38333333747123, 49.33333333371337], [-76.39166666218749, 49.33333333580989]]]}, "properties": {"company_id": "cartier-resources", "jurisdiction": "Quebec", "claim_id": "", "claim_name": null, "holder": "Ressources Cartier inc.", "status": "Active", "recorded_date": null, "anniversary_or_expiry": null, "area_ha": null, "tenure_type": null, "source": "GESTIM active titles (MRNF digital data dump). Not legal title.", "as_of": "2026-09-20", "role": "focus", "color": "#e8b040"}}, {"type": "Feature", "geometry": {"type": "Polygon", "coordinates": [[[-76.39999999410796, 49.341666671644134], [-76.39999999911694, 49.350000001459236], [-76.39166666290406, 49.35000000704557], [-76.39166666150565, 49.34166667262694], [-76.39999999410796, 49.341666671644134]]]}, "properties": {"company_id": "cartier-resources", "jurisdiction": "Quebec", "claim_id": "", "claim_name": null, "holder": "Ressources Cartier inc.", "status": "Active", "recorded_date": null, "anniversary_or_expiry": null, "area_ha": null, "tenure_type": null, "source": "GESTIM active titles (MRNF digital data dump). Not legal title.", "as_of": "2026-09-20", "role": "focus", "color": "#e8b040"}}, {"type": "Feature", "geometry": {"type": "Polygon", "coordinates": [[[-76.39166666150565, 49.34166667262694], [-76.39166666290406, 49.35000000704557], [-76.38333333090823, 49.35000000522176], [-76.38333333311284, 49.34166666617361], [-76.39166666150565, 49.34166667262694]]]}, "properties": {"company_id": "cartier-resources", "jurisdiction": "Quebec", "claim_id": "", "claim_name": null, "holder": "Ressources Cartier inc.", "status": "Active", "recorded_date": null, "anniversary_or_expiry": null, "area_ha": null, "tenure_type": null, "source": "GESTIM active titles (MRNF digital data dump). Not legal title.", "as_of": "2026-09-20", "role": "focus", "color": "#e8b040"}}, {"type": "Feature", "geometry": {"type": "Polygon", "coordinates": [[[-76.34166666107124, 49.341666667522084], [-76.34166666774439, 49.350000002810134], [-76.33333333423886, 49.3500000018952], [-76.33333333136704, 49.34166667081248], [-76.34166666107124, 49.341666667522084]]]}, "properties": {"company_id": "cartier-resources", "jurisdiction": "Quebec", "claim_id": "", "claim_name": null, "holder": "Ressources Cartier inc.", "status": "Active", "recorded_date": null, "anniversary_or_expiry": null, "area_ha": null, "tenure_type": null, "source": "GESTIM active titles (MRNF digital data dump). Not legal title.", "as_of": "2026-09-20", "role": "focus", "color": "#e8b040"}}, {"type": "Feature", "geometry": {"type": "Polygon", "coordinates": [[[-76.40833334008317, 49.35000000644302], [-76.40833333763402, 49.358333338455246], [-76.40000000663615, 49.35833333787505], [-76.39999999911694, 49.350000001459236], [-76.40833334008317, 49.35000000644302]]]}, "properties": {"company_id": "cartier-resources", "jurisdiction": "Quebec", "claim_id": "", "claim_name": null, "holder": "Ressources Cartier inc.", "status": "Active", "recorded_date": null, "anniversary_or_expiry": null, "area_ha": null, "tenure_type": null, "source": "GESTIM active titles (MRNF digital data dump). Not legal title.", "as_of": "2026-09-20", "role": "focus", "color": "#e8b040"}}, {"type": "Feature", "geometry": {"type": "Polygon", "coordinates": [[[-76.39166666290406, 49.35000000704557], [-76.39166666637882, 49.3583333390663], [-76.38333333034919, 49.358333332873414], [-76.38333333090823, 49.35000000522176], [-76.39166666290406, 49.35000000704557]]]}, "properties": {"company_id": "cartier-resources", "jurisdiction": "Quebec", "claim_id": "", "claim_name": null, "holder": "Ressources Cartier inc.", "status": "Active", "recorded_date": null, "anniversary_or_expiry": null, "area_ha": null, "tenure_type": null, "source": "GESTIM active titles (MRNF digital data dump). Not legal title.", "as_of": "2026-09-20", "role": "focus", "color": "#e8b040"}}, {"type": "Feature", "geometry": {"type": "Polygon", "coordinates": [[[-76.38333333090823, 49.35000000522176], [-76.38333333034919, 49.358333332873414], [-76.37499999902599, 49.358333337285735], [-76.3750000033574, 49.350000004984814], [-76.38333333090823, 49.35000000522176]]]}, "properties": {"company_id": "cartier-resources", "jurisdiction": "Quebec", "claim_id": "", "claim_name": null, "holder": "Ressources Cartier inc.", "status": "Active", "recorded_date": null, "anniversary_or_expiry": null, "area_ha": null, "tenure_type": null, "source": "GESTIM active titles (MRNF digital data dump). Not legal title.", "as_of": "2026-09-20", "role": "focus", "color": "#e8b040"}}, {"type": "Feature", "geometry": {"type": "Polygon", "coordinates": [[[-76.3750000033574, 49.350000004984814], [-76.37499999902599, 49.358333337285735], [-76.36666667187879, 49.358333334322985], [-76.36666666645952, 49.350000006502086], [-76.3750000033574, 49.350000004984814]]]}, "properties": {"company_id": "cartier-resources", "jurisdiction": "Quebec", "claim_id": "", "claim_name": null, "holder": "Ressources Cartier inc.", "status": "Active", "recorded_date": null, "anniversary_or_expiry": null, "area_ha": null, "tenure_type": null, "source": "GESTIM active titles (MRNF digital data dump). Not legal title.", "as_of": "2026-09-20", "role": "focus", "color": "#e8b040"}}, {"type": "Feature", "geometry": {"type": "Polygon", "coordinates": [[[-76.34166666774439, 49.350000002810134], [-76.3416666616644, 49.35833333582331], [-76.33333333818925, 49.35833333952984], [-76.33333333423886, 49.3500000018952], [-76.34166666774439, 49.350000002810134]]]}, "properties": {"company_id": "cartier-resources", "jurisdiction": "Quebec", "claim_id": "", "claim_name": null, "holder": "Ressources Cartier inc.", "status": "Active", "recorded_date": null, "anniversary_or_expiry": null, "area_ha": null, "tenure_type": null, "source": "GESTIM active titles (MRNF digital data dump). Not legal title.", "as_of": "2026-09-20", "role": "focus", "color": "#e8b040"}}, {"type": "Feature", "geometry": {"type": "Polygon", "coordinates": [[[-76.7999999986002, 49.02500000183682], [-76.79999999699308, 49.033333333487874], [-76.79166667066771, 49.03333333917219], [-76.79166666956473, 49.02500000386544], [-76.7999999986002, 49.02500000183682]]]}, "properties": {"company_id": "cartier-resources", "jurisdiction": "Quebec", "claim_id": "", "claim_name": null, "holder": "Ressources Cartier inc.", "status": "Active", "recorded_date": null, "anniversary_or_expiry": null, "area_ha": null, "tenure_type": null, "source": "GESTIM active titles (MRNF digital data dump). Not legal title.", "as_of": "2026-09-20", "role": "focus", "color": "#e8b040"}}, {"type": "Feature", "geometry": {"type": "Polygon", "coordinates": [[[-76.79166666956473, 49.02500000386544], [-76.79166667066771, 49.03333333917219], [-76.78333333565007, 49.03333333647169], [-76.78333333215019, 49.025000006475395], [-76.79166666956473, 49.02500000386544]]]}, "properties": {"company_id": "cartier-resources", "jurisdiction": "Quebec", "claim_id": "", "claim_name": null, "holder": "Ressources Cartier inc.", "status": "Active", "recorded_date": null, "anniversary_or_expiry": null, "area_ha": null, "tenure_type": null, "source": "GESTIM active titles (MRNF digital data dump). Not legal title.", "as_of": "2026-09-20", "role": "focus", "color": "#e8b040"}}, {"type": "Feature", "geometry": {"type": "Polygon", "coordinates": [[[-76.77499999968398, 49.025000000468026], [-76.77500000591426, 49.03333333416996], [-76.76666666776086, 49.0333333324824], [-76.76666667278266, 49.02500000383166], [-76.77499999968398, 49.025000000468026]]]}, "properties": {"company_id": "cartier-resources", "jurisdiction": "Quebec", "claim_id": "", "claim_name": null, "holder": "Ressources Cartier inc.", "status": "Active", "recorded_date": null, "anniversary_or_expiry": null, "area_ha": null, "tenure_type": null, "source": "GESTIM active titles (MRNF digital data dump). Not legal title.", "as_of": "2026-09-20", "role": "focus", "color": "#e8b040"}}, {"type": "Feature", "geometry": {"type": "Polygon", "coordinates": [[[-76.76666667278266, 49.02500000383166], [-76.76666666776086, 49.0333333324824], [-76.75833333515651, 49.033333340194666], [-76.75833333711084, 49.024999998797895], [-76.76666667278266, 49.02500000383166]]]}, "properties": {"company_id": "cartier-resources", "jurisdiction": "Quebec", "claim_id": "", "claim_name": null, "holder": "Ressources Cartier inc.", "status": "Active", "recorded_date": null, "anniversary_or_expiry": null, "area_ha": null, "tenure_type": null, "source": "GESTIM active titles (MRNF digital data dump). Not legal title.", "as_of": "2026-09-20", "role": "focus", "color": "#e8b040"}}, {"type": "Feature", "geometry": {"type": "Polygon", "coordinates": [[[-76.75833333711084, 49.024999998797895], [-76.75833333515651, 49.033333340194666], [-76.74999999376625, 49.033333339537364], [-76.75000000695132, 49.025000003144825], [-76.75833333711084, 49.024999998797895]]]}, "properties": {"company_id": "cartier-resources", "jurisdiction": "Quebec", "claim_id": "", "claim_name": null, "holder": "Ressources Cartier inc.", "status": "Active", "recorded_date": null, "anniversary_or_expiry": null, "area_ha": null, "tenure_type": null, "source": "GESTIM active titles (MRNF digital data dump). Not legal title.", "as_of": "2026-09-20", "role": "focus", "color": "#e8b040"}}, {"type": "Feature", "geometry": {"type": "Polygon", "coordinates": [[[-76.80833332897295, 49.033333337183784], [-76.80833333610425, 49.04166667211972], [-76.8000000066458, 49.041666672047086], [-76.79999999699308, 49.033333333487874], [-76.80833332897295, 49.033333337183784]]]}, "properties": {"company_id": "cartier-resources", "jurisdiction": "Quebec", "claim_id": "", "claim_name": null, "holder": "Ressources Cartier inc.", "status": "Active", "recorded_date": null, "anniversary_or_expiry": null, "area_ha": null, "tenure_type": null, "source": "GESTIM active titles (MRNF digital data dump). Not legal title.", "as_of": "2026-09-20", "role": "focus", "color": "#e8b040"}}, {"type": "Feature", "geometry": {"type": "Polygon", "coordinates": [[[-76.77500000591426, 49.03333333416996], [-76.77499999519694, 49.04166666618756], [-76.76666667328249, 49.04166666801188], [-76.76666666776086, 49.0333333324824], [-76.77500000591426, 49.03333333416996]]]}, "properties": {"company_id": "cartier-resources", "jurisdiction": "Quebec", "claim_id": "", "claim_name": null, "holder": "Ressources Cartier inc.", "status": "Active", "recorded_date": null, "anniversary_or_expiry": null, "area_ha": null, "tenure_type": null, "source": "GESTIM active titles (MRNF digital data dump). Not legal title.", "as_of": "2026-09-20", "role": "focus", "color": "#e8b040"}}, {"type": "Feature", "geometry": {"type": "Polygon", "coordinates": [[[-76.76666666776086, 49.0333333324824], [-76.76666667328249, 49.04166666801188], [-76.75833332925687, 49.04166667068861], [-76.75833333515651, 49.033333340194666], [-76.76666666776086, 49.0333333324824]]]}, "properties": {"company_id": "cartier-resources", "jurisdiction": "Quebec", "claim_id": "", "claim_name": null, "holder": "Ressources Cartier inc.", "status": "Active", "recorded_date": null, "anniversary_or_expiry": null, "area_ha": null, "tenure_type": null, "source": "GESTIM active titles (MRNF digital data dump). Not legal title.", "as_of": "2026-09-20", "role": "focus", "color": "#e8b040"}}, {"type": "Feature", "geometry": {"type": "Polygon", "coordinates": [[[-76.75833333515651, 49.033333340194666], [-76.75833332925687, 49.04166667068861], [-76.75000000412572, 49.04166667359525], [-76.74999999376625, 49.033333339537364], [-76.75833333515651, 49.033333340194666]]]}, "properties": {"company_id": "cartier-resources", "jurisdiction": "Quebec", "claim_id": "", "claim_name": null, "holder": "Ressources Cartier inc.", "status": "Active", "recorded_date": null, "anniversary_or_expiry": null, "area_ha": null, "tenure_type": null, "source": "GESTIM active titles (MRNF digital data dump). Not legal title.", "as_of": "2026-09-20", "role": "focus", "color": "#e8b040"}}, {"type": "Feature", "geometry": {"type": "Polygon", "coordinates": [[[-76.77499999519694, 49.04166666618756], [-76.77499999519564, 49.050000005091675], [-76.76666666166987, 49.05000000184823], [-76.76666667328249, 49.04166666801188], [-76.77499999519694, 49.04166666618756]]]}, "properties": {"company_id": "cartier-resources", "jurisdiction": "Quebec", "claim_id": "", "claim_name": null, "holder": "Ressources Cartier inc.", "status": "Active", "recorded_date": null, "anniversary_or_expiry": null, "area_ha": null, "tenure_type": null, "source": "GESTIM active titles (MRNF digital data dump). Not legal title.", "as_of": "2026-09-20", "role": "focus", "color": "#e8b040"}}, {"type": "Feature", "geometry": {"type": "Polygon", "coordinates": [[[-76.7999999995507, 49.049999999959475], [-76.80000000370488, 49.058333334781054], [-76.79166667012025, 49.058333333614], [-76.79166666411258, 49.05000000415214], [-76.7999999995507, 49.049999999959475]]]}, "properties": {"company_id": "cartier-resources", "jurisdiction": "Quebec", "claim_id": "", "claim_name": null, "holder": "Ressources Cartier inc.", "status": "Active", "recorded_date": null, "anniversary_or_expiry": null, "area_ha": null, "tenure_type": null, "source": "GESTIM active titles (MRNF digital data dump). Not legal title.", "as_of": "2026-09-20", "role": "focus", "color": "#e8b040"}}, {"type": "Feature", "geometry": {"type": "Polygon", "coordinates": [[[-76.79166666411258, 49.05000000415214], [-76.79166667012025, 49.058333333614], [-76.78333332819584, 49.0583333331265], [-76.7833333336806, 49.04999999979669], [-76.79166666411258, 49.05000000415214]]]}, "properties": {"company_id": "cartier-resources", "jurisdiction": "Quebec", "claim_id": "", "claim_name": null, "holder": "Ressources Cartier inc.", "status": "Active", "recorded_date": null, "anniversary_or_expiry": null, "area_ha": null, "tenure_type": null, "source": "GESTIM active titles (MRNF digital data dump). Not legal title.", "as_of": "2026-09-20", "role": "focus", "color": "#e8b040"}}, {"type": "Feature", "geometry": {"type": "Polygon", "coordinates": [[[-76.77499999519564, 49.050000005091675], [-76.77500000526912, 49.05833333290038], [-76.76666666027104, 49.058333333572996], [-76.76666666166987, 49.05000000184823], [-76.77499999519564, 49.050000005091675]]]}, "properties": {"company_id": "cartier-resources", "jurisdiction": "Quebec", "claim_id": "", "claim_name": null, "holder": "Ressources Cartier inc.", "status": "Active", "recorded_date": null, "anniversary_or_expiry": null, "area_ha": null, "tenure_type": null, "source": "GESTIM active titles (MRNF digital data dump). Not legal title.", "as_of": "2026-09-20", "role": "focus", "color": "#e8b040"}}, {"type": "Feature", "geometry": {"type": "Polygon", "coordinates": [[[-76.76666666166987, 49.05000000184823], [-76.76666666027104, 49.058333333572996], [-76.75833333422077, 49.05833333451869], [-76.75833333340005, 49.049999999063225], [-76.76666666166987, 49.05000000184823]]]}, "properties": {"company_id": "cartier-resources", "jurisdiction": "Quebec", "claim_id": "", "claim_name": null, "holder": "Ressources Cartier inc.", "status": "Active", "recorded_date": null, "anniversary_or_expiry": null, "area_ha": null, "tenure_type": null, "source": "GESTIM active titles (MRNF digital data dump). Not legal title.", "as_of": "2026-09-20", "role": "focus", "color": "#e8b040"}}, {"type": "Feature", "geometry": {"type": "Polygon", "coordinates": [[[-76.74999999376625, 49.033333339537364], [-76.75000000412572, 49.04166667359525], [-76.74166667019625, 49.041666668162094], [-76.74166667123309, 49.03333333909174], [-76.74999999376625, 49.033333339537364]]]}, "properties": {"company_id": "cartier-resources", "jurisdiction": "Quebec", "claim_id": "", "claim_name": null, "holder": "Ressources Cartier inc.", "status": "Active", "recorded_date": null, "anniversary_or_expiry": null, "area_ha": null, "tenure_type": null, "source": "GESTIM active titles (MRNF digital data dump). Not legal title.", "as_of": "2026-09-20", "role": "focus", "color": "#e8b040"}}, {"type": "Feature", "geometry": {"type": "Polygon", "coordinates": [[[-76.74166667123309, 49.03333333909174], [-76.74166667019625, 49.041666668162094], [-76.73333332807306, 49.041666672374575], [-76.73333334018278, 49.03333333927736], [-76.74166667123309, 49.03333333909174]]]}, "properties": {"company_id": "cartier-resources", "jurisdiction": "Quebec", "claim_id": "", "claim_name": null, "holder": "Ressources Cartier inc.", "status": "Active", "recorded_date": null, "anniversary_or_expiry": null, "area_ha": null, "tenure_type": null, "source": "GESTIM active titles (MRNF digital data dump). Not legal title.", "as_of": "2026-09-20", "role": "focus", "color": "#e8b040"}}, {"type": "Feature", "geometry": {"type": "Polygon", "coordinates": [[[-76.75000000412572, 49.04166667359525], [-76.74999999699769, 49.05000000594138], [-76.74166666548408, 49.050000004296336], [-76.74166667019625, 49.041666668162094], [-76.75000000412572, 49.04166667359525]]]}, "properties": {"company_id": "cartier-resources", "jurisdiction": "Quebec", "claim_id": "", "claim_name": null, "holder": "Ressources Cartier inc.", "status": "Active", "recorded_date": null, "anniversary_or_expiry": null, "area_ha": null, "tenure_type": null, "source": "GESTIM active titles (MRNF digital data dump). Not legal title.", "as_of": "2026-09-20", "role": "focus", "color": "#e8b040"}}, {"type": "Feature", "geometry": {"type": "Polygon", "coordinates": [[[-76.74166667019625, 49.041666668162094], [-76.74166666548408, 49.050000004296336], [-76.73333333915156, 49.050000003125106], [-76.73333332807306, 49.041666672374575], [-76.74166667019625, 49.041666668162094]]]}, "properties": {"company_id": "cartier-resources", "jurisdiction": "Quebec", "claim_id": "", "claim_name": null, "holder": "Ressources Cartier inc.", "status": "Active", "recorded_date": null, "anniversary_or_expiry": null, "area_ha": null, "tenure_type": null, "source": "GESTIM active titles (MRNF digital data dump). Not legal title.", "as_of": "2026-09-20", "role": "focus", "color": "#e8b040"}}, {"type": "Feature", "geometry": {"type": "Polygon", "coordinates": [[[-76.74999999699769, 49.05000000594138], [-76.74999999973029, 49.05833333616131], [-76.74166667045614, 49.058333338297075], [-76.74166666548408, 49.050000004296336], [-76.74999999699769, 49.05000000594138]]]}, "properties": {"company_id": "cartier-resources", "jurisdiction": "Quebec", "claim_id": "", "claim_name": null, "holder": "Ressources Cartier inc.", "status": "Active", "recorded_date": null, "anniversary_or_expiry": null, "area_ha": null, "tenure_type": null, "source": "GESTIM active titles (MRNF digital data dump). Not legal title.", "as_of": "2026-09-20", "role": "focus", "color": "#e8b040"}}, {"type": "Feature", "geometry": {"type": "Polygon", "coordinates": [[[-76.99999999647076, 48.04999999951669], [-77.00000000413192, 48.058333335457995], [-76.99166666190762, 48.05833333519119], [-76.99166667185352, 48.0500000034072], [-76.99999999647076, 48.04999999951669]]]}, "properties": {"company_id": "cartier-resources", "jurisdiction": "Quebec", "claim_id": "", "claim_name": null, "holder": "Ressources Cartier inc.", "status": "Active", "recorded_date": null, "anniversary_or_expiry": null, "area_ha": null, "tenure_type": null, "source": "GESTIM active titles (MRNF digital data dump). Not legal title.", "as_of": "2026-09-20", "role": "focus", "color": "#e8b040"}}, {"type": "Feature", "geometry": {"type": "Polygon", "coordinates": [[[-76.99166667185352, 48.0500000034072], [-76.99166666190762, 48.05833333519119], [-76.98333333746892, 48.058333332422094], [-76.98333333818448, 48.05000000524259], [-76.99166667185352, 48.0500000034072]]]}, "properties": {"company_id": "cartier-resources", "jurisdiction": "Quebec", "claim_id": "", "claim_name": null, "holder": "Ressources Cartier inc.", "status": "Active", "recorded_date": null, "anniversary_or_expiry": null, "area_ha": null, "tenure_type": null, "source": "GESTIM active titles (MRNF digital data dump). Not legal title.", "as_of": "2026-09-20", "role": "focus", "color": "#e8b040"}}, {"type": "Feature", "geometry": {"type": "Polygon", "coordinates": [[[-76.98333333818448, 48.05000000524259], [-76.98333333746892, 48.058333332422094], [-76.97500000431702, 48.05833333661311], [-76.97499999544597, 48.05000000502627], [-76.98333333818448, 48.05000000524259]]]}, "properties": {"company_id": "cartier-resources", "jurisdiction": "Quebec", "claim_id": "", "claim_name": null, "holder": "Ressources Cartier inc.", "status": "Active", "recorded_date": null, "anniversary_or_expiry": null, "area_ha": null, "tenure_type": null, "source": "GESTIM active titles (MRNF digital data dump). Not legal title.", "as_of": "2026-09-20", "role": "focus", "color": "#e8b040"}}, {"type": "Feature", "geometry": {"type": "Polygon", "coordinates": [[[-76.99166666190762, 48.05833333519119], [-76.9916666674764, 48.066666665018175], [-76.98333333902448, 48.066666666859916], [-76.98333333746892, 48.058333332422094], [-76.99166666190762, 48.05833333519119]]]}, "properties": {"company_id": "cartier-resources", "jurisdiction": "Quebec", "claim_id": "", "claim_name": null, "holder": "Ressources Cartier inc.", "status": "Active", "recorded_date": null, "anniversary_or_expiry": null, "area_ha": null, "tenure_type": null, "source": "GESTIM active titles (MRNF digital data dump). Not legal title.", "as_of": "2026-09-20", "role": "focus", "color": "#e8b040"}}, {"type": "Feature", "geometry": {"type": "Polygon", "coordinates": [[[-76.98333333746892, 48.058333332422094], [-76.98333333902448, 48.066666666859916], [-76.97500000152449, 48.066666666688214], [-76.97500000431702, 48.05833333661311], [-76.98333333746892, 48.058333332422094]]]}, "properties": {"company_id": "cartier-resources", "jurisdiction": "Quebec", "claim_id": "", "claim_name": null, "holder": "Ressources Cartier inc.", "status": "Active", "recorded_date": null, "anniversary_or_expiry": null, "area_ha": null, "tenure_type": null, "source": "GESTIM active titles (MRNF digital data dump). Not legal title.", "as_of": "2026-09-20", "role": "focus", "color": "#e8b040"}}, {"type": "Feature", "geometry": {"type": "Polygon", "coordinates": [[[-76.98333332964509, 48.000000006666234], [-76.98333333030203, 48.00833333503181], [-76.97500000505065, 48.00833333846397], [-76.97500000714837, 48.00000000540581], [-76.98333332964509, 48.000000006666234]]]}, "properties": {"company_id": "cartier-resources", "jurisdiction": "Quebec", "claim_id": "", "claim_name": null, "holder": "Ressources Cartier inc.", "status": "Active", "recorded_date": null, "anniversary_or_expiry": null, "area_ha": null, "tenure_type": null, "source": "GESTIM active titles (MRNF digital data dump). Not legal title.", "as_of": "2026-09-20", "role": "focus", "color": "#e8b040"}}, {"type": "Feature", "geometry": {"type": "Polygon", "coordinates": [[[-76.97500000714837, 48.00000000540581], [-76.97500000505065, 48.00833333846397], [-76.96666667065773, 48.008333339757954], [-76.96666666210331, 48.00000000221867], [-76.97500000714837, 48.00000000540581]]]}, "properties": {"company_id": "cartier-resources", "jurisdiction": "Quebec", "claim_id": "", "claim_name": null, "holder": "Ressources Cartier inc.", "status": "Active", "recorded_date": null, "anniversary_or_expiry": null, "area_ha": null, "tenure_type": null, "source": "GESTIM active titles (MRNF digital data dump). Not legal title.", "as_of": "2026-09-20", "role": "focus", "color": "#e8b040"}}, {"type": "Feature", "geometry": {"type": "Polygon", "coordinates": [[[-76.96666666210331, 48.00000000221867], [-76.96666667065773, 48.008333339757954], [-76.9583333405059, 48.00833333868862], [-76.95833333502615, 48.00000000541176], [-76.96666666210331, 48.00000000221867]]]}, "properties": {"company_id": "cartier-resources", "jurisdiction": "Quebec", "claim_id": "", "claim_name": null, "holder": "Ressources Cartier inc.", "status": "Active", "recorded_date": null, "anniversary_or_expiry": null, "area_ha": null, "tenure_type": null, "source": "GESTIM active titles (MRNF digital data dump). Not legal title.", "as_of": "2026-09-20", "role": "focus", "color": "#e8b040"}}, {"type": "Feature", "geometry": {"type": "Polygon", "coordinates": [[[-76.95833333502615, 48.00000000541176], [-76.9583333405059, 48.00833333868862], [-76.95000000117788, 48.00833333548991], [-76.94999999876099, 48.000000006457576], [-76.95833333502615, 48.00000000541176]]]}, "properties": {"company_id": "cartier-resources", "jurisdiction": "Quebec", "claim_id": "", "claim_name": null, "holder": "Ressources Cartier inc.", "status": "Active", "recorded_date": null, "anniversary_or_expiry": null, "area_ha": null, "tenure_type": null, "source": "GESTIM active titles (MRNF digital data dump). Not legal title.", "as_of": "2026-09-20", "role": "focus", "color": "#e8b040"}}, {"type": "Feature", "geometry": {"type": "Polygon", "coordinates": [[[-76.94999999876099, 48.000000006457576], [-76.95000000117788, 48.00833333548991], [-76.94166666639404, 48.008333338930605], [-76.94166666668832, 48.000000005132925], [-76.94999999876099, 48.000000006457576]]]}, "properties": {"company_id": "cartier-resources", "jurisdiction": "Quebec", "claim_id": "", "claim_name": null, "holder": "Ressources Cartier inc.", "status": "Active", "recorded_date": null, "anniversary_or_expiry": null, "area_ha": null, "tenure_type": null, "source": "GESTIM active titles (MRNF digital data dump). Not legal title.", "as_of": "2026-09-20", "role": "focus", "color": "#e8b040"}}, {"type": "Feature", "geometry": {"type": "Polygon", "coordinates": [[[-76.98333333030203, 48.00833333503181], [-76.98333333326804, 48.0166666706532], [-76.97500000473883, 48.01666666977725], [-76.97500000505065, 48.00833333846397], [-76.98333333030203, 48.00833333503181]]]}, "properties": {"company_id": "cartier-resources", "jurisdiction": "Quebec", "claim_id": "", "claim_name": null, "holder": "Ressources Cartier inc.", "status": "Active", "recorded_date": null, "anniversary_or_expiry": null, "area_ha": null, "tenure_type": null, "source": "GESTIM active titles (MRNF digital data dump). Not legal title.", "as_of": "2026-09-20", "role": "focus", "color": "#e8b040"}}, {"type": "Feature", "geometry": {"type": "Polygon", "coordinates": [[[-76.97500000505065, 48.00833333846397], [-76.97500000473883, 48.01666666977725], [-76.96666666708018, 48.01666666678097], [-76.96666667065773, 48.008333339757954], [-76.97500000505065, 48.00833333846397]]]}, "properties": {"company_id": "cartier-resources", "jurisdiction": "Quebec", "claim_id": "", "claim_name": null, "holder": "Ressources Cartier inc.", "status": "Active", "recorded_date": null, "anniversary_or_expiry": null, "area_ha": null, "tenure_type": null, "source": "GESTIM active titles (MRNF digital data dump). Not legal title.", "as_of": "2026-09-20", "role": "focus", "color": "#e8b040"}}, {"type": "Feature", "geometry": {"type": "Polygon", "coordinates": [[[-76.96666667065773, 48.008333339757954], [-76.96666666708018, 48.01666666678097], [-76.9583333340173, 48.01666667043125], [-76.9583333405059, 48.00833333868862], [-76.96666667065773, 48.008333339757954]]]}, "properties": {"company_id": "cartier-resources", "jurisdiction": "Quebec", "claim_id": "", "claim_name": null, "holder": "Ressources Cartier inc.", "status": "Active", "recorded_date": null, "anniversary_or_expiry": null, "area_ha": null, "tenure_type": null, "source": "GESTIM active titles (MRNF digital data dump). Not legal title.", "as_of": "2026-09-20", "role": "focus", "color": "#e8b040"}}, {"type": "Feature", "geometry": {"type": "Polygon", "coordinates": [[[-76.9583333405059, 48.00833333868862], [-76.9583333340173, 48.01666667043125], [-76.95000000518944, 48.01666667174254], [-76.95000000117788, 48.00833333548991], [-76.9583333405059, 48.00833333868862]]]}, "properties": {"company_id": "cartier-resources", "jurisdiction": "Quebec", "claim_id": "", "claim_name": null, "holder": "Ressources Cartier inc.", "status": "Active", "recorded_date": null, "anniversary_or_expiry": null, "area_ha": null, "tenure_type": null, "source": "GESTIM active titles (MRNF digital data dump). Not legal title.", "as_of": "2026-09-20", "role": "focus", "color": "#e8b040"}}, {"type": "Feature", "geometry": {"type": "Polygon", "coordinates": [[[-76.95000000117788, 48.00833333548991], [-76.95000000518944, 48.01666667174254], [-76.9416666671771, 48.01666667094778], [-76.94166666639404, 48.008333338930605], [-76.95000000117788, 48.00833333548991]]]}, "properties": {"company_id": "cartier-resources", "jurisdiction": "Quebec", "claim_id": "", "claim_name": null, "holder": "Ressources Cartier inc.", "status": "Active", "recorded_date": null, "anniversary_or_expiry": null, "area_ha": null, "tenure_type": null, "source": "GESTIM active titles (MRNF digital data dump). Not legal title.", "as_of": "2026-09-20", "role": "focus", "color": "#e8b040"}}, {"type": "Feature", "geometry": {"type": "Polygon", "coordinates": [[[-77.00000000321307, 48.016666665330156], [-77.00000000134084, 48.02499999914574], [-76.99166666073145, 48.02499999863466], [-76.99166666608701, 48.016666669172984], [-77.00000000321307, 48.016666665330156]]]}, "properties": {"company_id": "cartier-resources", "jurisdiction": "Quebec", "claim_id": "", "claim_name": null, "holder": "Ressources Cartier inc.", "status": "Active", "recorded_date": null, "anniversary_or_expiry": null, "area_ha": null, "tenure_type": null, "source": "GESTIM active titles (MRNF digital data dump). Not legal title.", "as_of": "2026-09-20", "role": "focus", "color": "#e8b040"}}, {"type": "Feature", "geometry": {"type": "Polygon", "coordinates": [[[-76.99166666608701, 48.016666669172984], [-76.99166666073145, 48.02499999863466], [-76.98333333819258, 48.0250000045391], [-76.98333333326804, 48.0166666706532], [-76.99166666608701, 48.016666669172984]]]}, "properties": {"company_id": "cartier-resources", "jurisdiction": "Quebec", "claim_id": "", "claim_name": null, "holder": "Ressources Cartier inc.", "status": "Active", "recorded_date": null, "anniversary_or_expiry": null, "area_ha": null, "tenure_type": null, "source": "GESTIM active titles (MRNF digital data dump). Not legal title.", "as_of": "2026-09-20", "role": "focus", "color": "#e8b040"}}, {"type": "Feature", "geometry": {"type": "Polygon", "coordinates": [[[-76.98333333326804, 48.0166666706532], [-76.98333333819258, 48.0250000045391], [-76.97500000620721, 48.024999999346065], [-76.97500000473883, 48.01666666977725], [-76.98333333326804, 48.0166666706532]]]}, "properties": {"company_id": "cartier-resources", "jurisdiction": "Quebec", "claim_id": "", "claim_name": null, "holder": "Ressources Cartier inc.", "status": "Active", "recorded_date": null, "anniversary_or_expiry": null, "area_ha": null, "tenure_type": null, "source": "GESTIM active titles (MRNF digital data dump). Not legal title.", "as_of": "2026-09-20", "role": "focus", "color": "#e8b040"}}, {"type": "Feature", "geometry": {"type": "Polygon", "coordinates": [[[-76.97500000473883, 48.01666666977725], [-76.97500000620721, 48.024999999346065], [-76.96666666544657, 48.02500000104253], [-76.96666666708018, 48.01666666678097], [-76.97500000473883, 48.01666666977725]]]}, "properties": {"company_id": "cartier-resources", "jurisdiction": "Quebec", "claim_id": "", "claim_name": null, "holder": "Ressources Cartier inc.", "status": "Active", "recorded_date": null, "anniversary_or_expiry": null, "area_ha": null, "tenure_type": null, "source": "GESTIM active titles (MRNF digital data dump). Not legal title.", "as_of": "2026-09-20", "role": "focus", "color": "#e8b040"}}, {"type": "Feature", "geometry": {"type": "Polygon", "coordinates": [[[-76.9583333340173, 48.01666667043125], [-76.95833332895229, 48.025000000411595], [-76.94999999704642, 48.02500000645157], [-76.95000000518944, 48.01666667174254], [-76.9583333340173, 48.01666667043125]]]}, "properties": {"company_id": "cartier-resources", "jurisdiction": "Quebec", "claim_id": "", "claim_name": null, "holder": "Ressources Cartier inc.", "status": "Active", "recorded_date": null, "anniversary_or_expiry": null, "area_ha": null, "tenure_type": null, "source": "GESTIM active titles (MRNF digital data dump). Not legal title.", "as_of": "2026-09-20", "role": "focus", "color": "#e8b040"}}, {"type": "Feature", "geometry": {"type": "Polygon", "coordinates": [[[-76.95000000518944, 48.01666667174254], [-76.94999999704642, 48.02500000645157], [-76.94166666903153, 48.0250000011849], [-76.9416666671771, 48.01666667094778], [-76.95000000518944, 48.01666667174254]]]}, "properties": {"company_id": "cartier-resources", "jurisdiction": "Quebec", "claim_id": "", "claim_name": null, "holder": "Ressources Cartier inc.", "status": "Active", "recorded_date": null, "anniversary_or_expiry": null, "area_ha": null, "tenure_type": null, "source": "GESTIM active titles (MRNF digital data dump). Not legal title.", "as_of": "2026-09-20", "role": "focus", "color": "#e8b040"}}, {"type": "Feature", "geometry": {"type": "Polygon", "coordinates": [[[-77.00000000134084, 48.02499999914574], [-77.00000000212191, 48.033333340235835], [-76.99166667125543, 48.03333333512941], [-76.99166666073145, 48.02499999863466], [-77.00000000134084, 48.02499999914574]]]}, "properties": {"company_id": "cartier-resources", "jurisdiction": "Quebec", "claim_id": "", "claim_name": null, "holder": "Ressources Cartier inc.", "status": "Active", "recorded_date": null, "anniversary_or_expiry": null, "area_ha": null, "tenure_type": null, "source": "GESTIM active titles (MRNF digital data dump). Not legal title.", "as_of": "2026-09-20", "role": "focus", "color": "#e8b040"}}, {"type": "Feature", "geometry": {"type": "Polygon", "coordinates": [[[-76.99166666073145, 48.02499999863466], [-76.99166667125543, 48.03333333512941], [-76.98333333166373, 48.0333333369214], [-76.98333333819258, 48.0250000045391], [-76.99166666073145, 48.02499999863466]]]}, "properties": {"company_id": "cartier-resources", "jurisdiction": "Quebec", "claim_id": "", "claim_name": null, "holder": "Ressources Cartier inc.", "status": "Active", "recorded_date": null, "anniversary_or_expiry": null, "area_ha": null, "tenure_type": null, "source": "GESTIM active titles (MRNF digital data dump). Not legal title.", "as_of": "2026-09-20", "role": "focus", "color": "#e8b040"}}, {"type": "Feature", "geometry": {"type": "Polygon", "coordinates": [[[-76.98333333819258, 48.0250000045391], [-76.98333333166373, 48.0333333369214], [-76.9749999963874, 48.03333333639316], [-76.97500000620721, 48.024999999346065], [-76.98333333819258, 48.0250000045391]]]}, "properties": {"company_id": "cartier-resources", "jurisdiction": "Quebec", "claim_id": "", "claim_name": null, "holder": "Ressources Cartier inc.", "status": "Active", "recorded_date": null, "anniversary_or_expiry": null, "area_ha": null, "tenure_type": null, "source": "GESTIM active titles (MRNF digital data dump). Not legal title.", "as_of": "2026-09-20", "role": "focus", "color": "#e8b040"}}, {"type": "Feature", "geometry": {"type": "Polygon", "coordinates": [[[-76.97500000620721, 48.024999999346065], [-76.9749999963874, 48.03333333639316], [-76.96666666540911, 48.03333333355103], [-76.96666666544657, 48.02500000104253], [-76.97500000620721, 48.024999999346065]]]}, "properties": {"company_id": "cartier-resources", "jurisdiction": "Quebec", "claim_id": "", "claim_name": null, "holder": "Ressources Cartier inc.", "status": "Active", "recorded_date": null, "anniversary_or_expiry": null, "area_ha": null, "tenure_type": null, "source": "GESTIM active titles (MRNF digital data dump). Not legal title.", "as_of": "2026-09-20", "role": "focus", "color": "#e8b040"}}, {"type": "Feature", "geometry": {"type": "Polygon", "coordinates": [[[-76.96666666544657, 48.02500000104253], [-76.96666666540911, 48.03333333355103], [-76.95833333905227, 48.0333333373933], [-76.95833332895229, 48.025000000411595], [-76.96666666544657, 48.02500000104253]]]}, "properties": {"company_id": "cartier-resources", "jurisdiction": "Quebec", "claim_id": "", "claim_name": null, "holder": "Ressources Cartier inc.", "status": "Active", "recorded_date": null, "anniversary_or_expiry": null, "area_ha": null, "tenure_type": null, "source": "GESTIM active titles (MRNF digital data dump). Not legal title.", "as_of": "2026-09-20", "role": "focus", "color": "#e8b040"}}, {"type": "Feature", "geometry": {"type": "Polygon", "coordinates": [[[-76.99166667125543, 48.03333333512941], [-76.9916666704967, 48.04166667013095], [-76.98333332707764, 48.04166666756906], [-76.98333333166373, 48.0333333369214], [-76.99166667125543, 48.03333333512941]]]}, "properties": {"company_id": "cartier-resources", "jurisdiction": "Quebec", "claim_id": "", "claim_name": null, "holder": "Ressources Cartier inc.", "status": "Active", "recorded_date": null, "anniversary_or_expiry": null, "area_ha": null, "tenure_type": null, "source": "GESTIM active titles (MRNF digital data dump). Not legal title.", "as_of": "2026-09-20", "role": "focus", "color": "#e8b040"}}, {"type": "Feature", "geometry": {"type": "Polygon", "coordinates": [[[-76.98333333166373, 48.0333333369214], [-76.98333332707764, 48.04166666756906], [-76.9750000017405, 48.041666671466075], [-76.9749999963874, 48.03333333639316], [-76.98333333166373, 48.0333333369214]]]}, "properties": {"company_id": "cartier-resources", "jurisdiction": "Quebec", "claim_id": "", "claim_name": null, "holder": "Ressources Cartier inc.", "status": "Active", "recorded_date": null, "anniversary_or_expiry": null, "area_ha": null, "tenure_type": null, "source": "GESTIM active titles (MRNF digital data dump). Not legal title.", "as_of": "2026-09-20", "role": "focus", "color": "#e8b040"}}, {"type": "Feature", "geometry": {"type": "Polygon", "coordinates": [[[-76.9749999963874, 48.03333333639316], [-76.9750000017405, 48.041666671466075], [-76.96666666730428, 48.04166667329879], [-76.96666666540911, 48.03333333355103], [-76.9749999963874, 48.03333333639316]]]}, "properties": {"company_id": "cartier-resources", "jurisdiction": "Quebec", "claim_id": "", "claim_name": null, "holder": "Ressources Cartier inc.", "status": "Active", "recorded_date": null, "anniversary_or_expiry": null, "area_ha": null, "tenure_type": null, "source": "GESTIM active titles (MRNF digital data dump). Not legal title.", "as_of": "2026-09-20", "role": "focus", "color": "#e8b040"}}, {"type": "Feature", "geometry": {"type": "Polygon", "coordinates": [[[-76.96666666540911, 48.03333333355103], [-76.96666666730428, 48.04166667329879], [-76.95833333715993, 48.041666672842126], [-76.95833333905227, 48.0333333373933], [-76.96666666540911, 48.03333333355103]]]}, "properties": {"company_id": "cartier-resources", "jurisdiction": "Quebec", "claim_id": "", "claim_name": null, "holder": "Ressources Cartier inc.", "status": "Active", "recorded_date": null, "anniversary_or_expiry": null, "area_ha": null, "tenure_type": null, "source": "GESTIM active titles (MRNF digital data dump). Not legal title.", "as_of": "2026-09-20", "role": "focus", "color": "#e8b040"}}, {"type": "Feature", "geometry": {"type": "Polygon", "coordinates": [[[-77.00000000485457, 48.04166667061766], [-76.99999999647076, 48.04999999951669], [-76.99166667185352, 48.0500000034072], [-76.9916666704967, 48.04166667013095], [-77.00000000485457, 48.04166667061766]]]}, "properties": {"company_id": "cartier-resources", "jurisdiction": "Quebec", "claim_id": "", "claim_name": null, "holder": "Ressources Cartier inc.", "status": "Active", "recorded_date": null, "anniversary_or_expiry": null, "area_ha": null, "tenure_type": null, "source": "GESTIM active titles (MRNF digital data dump). Not legal title.", "as_of": "2026-09-20", "role": "focus", "color": "#e8b040"}}, {"type": "Feature", "geometry": {"type": "Polygon", "coordinates": [[[-76.9916666704967, 48.04166667013095], [-76.99166667185352, 48.0500000034072], [-76.98333333818448, 48.05000000524259], [-76.98333332707764, 48.04166666756906], [-76.9916666704967, 48.04166667013095]]]}, "properties": {"company_id": "cartier-resources", "jurisdiction": "Quebec", "claim_id": "", "claim_name": null, "holder": "Ressources Cartier inc.", "status": "Active", "recorded_date": null, "anniversary_or_expiry": null, "area_ha": null, "tenure_type": null, "source": "GESTIM active titles (MRNF digital data dump). Not legal title.", "as_of": "2026-09-20", "role": "focus", "color": "#e8b040"}}, {"type": "Feature", "geometry": {"type": "Polygon", "coordinates": [[[-76.98333332707764, 48.04166666756906], [-76.98333333818448, 48.05000000524259], [-76.97499999544597, 48.05000000502627], [-76.9750000017405, 48.041666671466075], [-76.98333332707764, 48.04166666756906]]]}, "properties": {"company_id": "cartier-resources", "jurisdiction": "Quebec", "claim_id": "", "claim_name": null, "holder": "Ressources Cartier inc.", "status": "Active", "recorded_date": null, "anniversary_or_expiry": null, "area_ha": null, "tenure_type": null, "source": "GESTIM active titles (MRNF digital data dump). Not legal title.", "as_of": "2026-09-20", "role": "focus", "color": "#e8b040"}}, {"type": "Feature", "geometry": {"type": "Polygon", "coordinates": [[[-76.9750000017405, 48.041666671466075], [-76.97499999544597, 48.05000000502627], [-76.96666667044158, 48.05000000230255], [-76.96666666730428, 48.04166667329879], [-76.9750000017405, 48.041666671466075]]]}, "properties": {"company_id": "cartier-resources", "jurisdiction": "Quebec", "claim_id": "", "claim_name": null, "holder": "Ressources Cartier inc.", "status": "Active", "recorded_date": null, "anniversary_or_expiry": null, "area_ha": null, "tenure_type": null, "source": "GESTIM active titles (MRNF digital data dump). Not legal title.", "as_of": "2026-09-20", "role": "focus", "color": "#e8b040"}}, {"type": "Feature", "geometry": {"type": "Polygon", "coordinates": [[[-76.96666666730428, 48.04166667329879], [-76.96666667044158, 48.05000000230255], [-76.95833333667366, 48.05000000652985], [-76.95833333715993, 48.041666672842126], [-76.96666666730428, 48.04166667329879]]]}, "properties": {"company_id": "cartier-resources", "jurisdiction": "Quebec", "claim_id": "", "claim_name": null, "holder": "Ressources Cartier inc.", "status": "Active", "recorded_date": null, "anniversary_or_expiry": null, "area_ha": null, "tenure_type": null, "source": "GESTIM active titles (MRNF digital data dump). Not legal title.", "as_of": "2026-09-20", "role": "focus", "color": "#e8b040"}}, {"type": "Feature", "geometry": {"type": "Polygon", "coordinates": [[[-78.57742499325917, 48.43876934677433], [-78.57740094334704, 48.438759842738136], [-78.57716397247128, 48.43864238278722], [-78.57693631884291, 48.4384891288189], [-78.57687050957243, 48.438415762695854], [-78.57663283449546, 48.43810034278341], [-78.5765151992709, 48.43787292768701], [-78.5763424216765, 48.437720828819565], [-78.57614069400837, 48.43764459794346], [-78.57589821001757, 48.43759000133309], [-78.57537203522229, 48.43754741879437], [-78.57514218123289, 48.43754707158556], [-78.57492626354873, 48.43753802031527], [-78.57461493217362, 48.437544951483964], [-78.57419550538995, 48.43760358666757], [-78.57370297443994, 48.43775965016552], [-78.57367831376496, 48.43025974466985], [-78.57739723573775, 48.43025716568575], [-78.57742499325917, 48.43876934677433]]]}, "properties": {"company_id": "cartier-resources", "jurisdiction": "Quebec", "claim_id": "", "claim_name": null, "holder": "Ressources Cartier inc.", "status": "Active", "recorded_date": null, "anniversary_or_expiry": null, "area_ha": null, "tenure_type": null, "source": "GESTIM active titles (MRNF digital data dump). Not legal title.", "as_of": "2026-09-20", "role": "focus", "color": "#e8b040"}}, {"type": "Feature", "geometry": {"type": "Polygon", "coordinates": [[[-78.57370297443994, 48.43775965016552], [-78.57368418642326, 48.43776375253745], [-78.57366539840368, 48.43776785490628], [-78.57333791848154, 48.437918401272356], [-78.57288336882898, 48.43839467240752], [-78.57226735675705, 48.43883604251896], [-78.57137854252673, 48.43937961859748], [-78.57008408775944, 48.44011706119523], [-78.57008725340576, 48.439838206880744], [-78.57005625096478, 48.43026874855683], [-78.57367831376496, 48.43025974466985], [-78.57370297443994, 48.43775965016552]]]}, "properties": {"company_id": "cartier-resources", "jurisdiction": "Quebec", "claim_id": "", "claim_name": null, "holder": "Ressources Cartier inc.", "status": "Active", "recorded_date": null, "anniversary_or_expiry": null, "area_ha": null, "tenure_type": null, "source": "GESTIM active titles (MRNF digital data dump). Not legal title.", "as_of": "2026-09-20", "role": "focus", "color": "#e8b040"}}, {"type": "Feature", "geometry": {"type": "Polygon", "coordinates": [[[-78.57008408775944, 48.44011706119523], [-78.56969827696713, 48.44033834451729], [-78.56937030505367, 48.4405518514552], [-78.56926091821275, 48.440612521864914], [-78.56891682339992, 48.4409336562571], [-78.56884750519632, 48.44104016051016], [-78.5684083694191, 48.44140427164491], [-78.56806249674139, 48.441815340475536], [-78.567897937439, 48.44196931626636], [-78.5676516767906, 48.44213506017927], [-78.56709206225965, 48.44242013992162], [-78.5668861320103, 48.44257323913273], [-78.56678935865406, 48.44268815878617], [-78.56662500744709, 48.44283763843864], [-78.5665701100294, 48.442854471856464], [-78.56653437475522, 48.44266476916955], [-78.56649561331528, 48.43026544180129], [-78.5684905508621, 48.430267147959164], [-78.57005625096478, 48.43026874855683], [-78.57008725340576, 48.439838206880744], [-78.57008408775944, 48.44011706119523]]]}, "properties": {"company_id": "cartier-resources", "jurisdiction": "Quebec", "claim_id": "", "claim_name": null, "holder": "Ressources Cartier inc.", "status": "Active", "recorded_date": null, "anniversary_or_expiry": null, "area_ha": null, "tenure_type": null, "source": "GESTIM active titles (MRNF digital data dump). Not legal title.", "as_of": "2026-09-20", "role": "focus", "color": "#e8b040"}}, {"type": "Feature", "geometry": {"type": "Polygon", "coordinates": [[[-78.52428900851812, 48.44219054675399], [-78.52400222172301, 48.44214388432287], [-78.52331698187832, 48.441931185282044], [-78.52294172055406, 48.441774644986026], [-78.52261870005287, 48.44169120870946], [-78.52252459947518, 48.44166218921181], [-78.52233525769796, 48.44166260912343], [-78.52226858855636, 48.441643177861756], [-78.52221640141754, 48.441552078608055], [-78.52210882990495, 48.441504773558655], [-78.52202755870414, 48.441507521289644], [-78.52179697371135, 48.441556537911325], [-78.52146932127668, 48.441706933447115], [-78.52114111916974, 48.441938293660314], [-78.52093458049096, 48.44211829051248], [-78.52075420716483, 48.442298851037435], [-78.52071403173316, 48.430331306892924], [-78.52429721887934, 48.430323021661], [-78.52432510205384, 48.44219582244194], [-78.52428900851812, 48.44219054675399]]]}, "properties": {"company_id": "cartier-resources", "jurisdiction": "Quebec", "claim_id": "", "claim_name": null, "holder": "Ressources Cartier inc.", "status": "Active", "recorded_date": null, "anniversary_or_expiry": null, "area_ha": null, "tenure_type": null, "source": "GESTIM active titles (MRNF digital data dump). Not legal title.", "as_of": "2026-09-20", "role": "focus", "color": "#e8b040"}}, {"type": "Feature", "geometry": {"type": "Polygon", "coordinates": [[[-78.53137773092001, 48.44229343328596], [-78.53134310477314, 48.430299030898176], [-78.53487205940984, 48.430293750469446], [-78.53490259301296, 48.44247700743311], [-78.53452850517671, 48.442365517744456], [-78.53409759228207, 48.44227530219153], [-78.53330195033803, 48.44217726307162], [-78.53276115337198, 48.442174660547046], [-78.53241010270479, 48.44218062543079], [-78.53185512292374, 48.442209205545005], [-78.53139420196862, 48.4422847893371], [-78.53137773092001, 48.44229343328596]]]}, "properties": {"company_id": "cartier-resources", "jurisdiction": "Quebec", "claim_id": "", "claim_name": null, "holder": "Ressources Cartier inc.", "status": "Active", "recorded_date": null, "anniversary_or_expiry": null, "area_ha": null, "tenure_type": null, "source": "GESTIM active titles (MRNF digital data dump). Not legal title.", "as_of": "2026-09-20", "role": "focus", "color": "#e8b040"}}, {"type": "Feature", "geometry": {"type": "Polygon", "coordinates": [[[-78.61972584182524, 48.441690484168205], [-78.61964796118122, 48.44171136592745], [-78.61936257944126, 48.44179543351429], [-78.6188467099291, 48.44192871337692], [-78.6185345162254, 48.44200772512048], [-78.61846612611937, 48.44202430387984], [-78.6183985870909, 48.44204090022174], [-78.61816787514175, 48.44209460591321], [-78.61787003388066, 48.442137923408595], [-78.61712614601257, 48.442158503771715], [-78.61661130398183, 48.44221531686486], [-78.6162229003322, 48.442243257277376], [-78.61616135553372, 48.44224704725172], [-78.61611214953348, 48.4302024050824], [-78.61894981251976, 48.43019820620658], [-78.6196772800002, 48.43019976850772], [-78.61972584182524, 48.441690484168205]]]}, "properties": {"company_id": "cartier-resources", "jurisdiction": "Quebec", "claim_id": "", "claim_name": null, "holder": "Ressources Cartier inc.", "status": "Active", "recorded_date": null, "anniversary_or_expiry": null, "area_ha": null, "tenure_type": null, "source": "GESTIM active titles (MRNF digital data dump). Not legal title.", "as_of": "2026-09-20", "role": "focus", "color": "#e8b040"}}, {"type": "Feature", "geometry": {"type": "Polygon", "coordinates": [[[-78.51010461233399, 48.443580367423586], [-78.51006496398826, 48.44356151405409], [-78.50959499133465, 48.44338938330705], [-78.50943471085867, 48.4433139324999], [-78.50902791762388, 48.442679796125695], [-78.50876175990284, 48.44245359232013], [-78.5082424206912, 48.442064446480266], [-78.50731646746583, 48.44171147363194], [-78.50667090960131, 48.441535525028385], [-78.50661455568209, 48.44152980454226], [-78.50659490831528, 48.43034996708908], [-78.51013059261082, 48.430345592523565], [-78.51014995794331, 48.44360384286969], [-78.51010461233399, 48.443580367423586]]]}, "properties": {"company_id": "cartier-resources", "jurisdiction": "Quebec", "claim_id": "", "claim_name": null, "holder": "Ressources Cartier inc.", "status": "Active", "recorded_date": null, "anniversary_or_expiry": null, "area_ha": null, "tenure_type": null, "source": "GESTIM active titles (MRNF digital data dump). Not legal title.", "as_of": "2026-09-20", "role": "focus", "color": "#e8b040"}}, {"type": "Feature", "geometry": {"type": "Polygon", "coordinates": [[[-78.52779987810705, 48.44292288455518], [-78.5277593505648, 48.442922013395645], [-78.52707137112127, 48.44281724786768], [-78.52648017762546, 48.44265157737833], [-78.52600990084706, 48.44250200115661], [-78.52535119231055, 48.442316877503245], [-78.52500070932211, 48.44224185454995], [-78.52493403835369, 48.44222242480536], [-78.52473120829124, 48.44220456341872], [-78.5244742966052, 48.44222152758188], [-78.52432510205384, 48.44219582244194], [-78.52429721887934, 48.430323021661], [-78.52478807860959, 48.430324589834505], [-78.52752925736858, 48.430307075924645], [-78.52779030020385, 48.430308188995554], [-78.52782055651177, 48.4429323265303], [-78.52779987810705, 48.44292288455518]]]}, "properties": {"company_id": "cartier-resources", "jurisdiction": "Quebec", "claim_id": "", "claim_name": null, "holder": "Ressources Cartier inc.", "status": "Active", "recorded_date": null, "anniversary_or_expiry": null, "area_ha": null, "tenure_type": null, "source": "GESTIM active titles (MRNF digital data dump). Not legal title.", "as_of": "2026-09-20", "role": "focus", "color": "#e8b040"}}, {"type": "Feature", "geometry": {"type": "Polygon", "coordinates": [[[-78.61616135553372, 48.44224704725172], [-78.6162229003322, 48.442243257277376], [-78.61573127293913, 48.442273555314095], [-78.61474275312386, 48.44239251912357], [-78.61436426038968, 48.442407162670754], [-78.61327990159694, 48.442551118267296], [-78.6126839922335, 48.44260623152142], [-78.61264974170372, 48.44260731108468], [-78.61259937458922, 48.430206017861664], [-78.61460890884398, 48.43020272755933], [-78.61611214953348, 48.4302024050824], [-78.61616135553372, 48.44224704725172]]]}, "properties": {"company_id": "cartier-resources", "jurisdiction": "Quebec", "claim_id": "", "claim_name": null, "holder": "Ressources Cartier inc.", "status": "Active", "recorded_date": null, "anniversary_or_expiry": null, "area_ha": null, "tenure_type": null, "source": "GESTIM active titles (MRNF digital data dump). Not legal title.", "as_of": "2026-09-20", "role": "focus", "color": "#e8b040"}}, {"type": "Feature", "geometry": {"type": "Polygon", "coordinates": [[[-78.60919084109526, 48.443235472106686], [-78.60919632907607, 48.44319059906952], [-78.60914378181491, 48.430215210705846], [-78.60917164598834, 48.43021578995268], [-78.61259937458922, 48.430206017861664], [-78.61264974170372, 48.44260731108468], [-78.6126839922335, 48.44260623152142], [-78.61262974170663, 48.44260960417235], [-78.61189894464073, 48.44269340440775], [-78.60977029296578, 48.443063068416606], [-78.60948468359554, 48.44313361069511], [-78.60919084109526, 48.443235472106686]]]}, "properties": {"company_id": "cartier-resources", "jurisdiction": "Quebec", "claim_id": "", "claim_name": null, "holder": "Ressources Cartier inc.", "status": "Active", "recorded_date": null, "anniversary_or_expiry": null, "area_ha": null, "tenure_type": null, "source": "GESTIM active titles (MRNF digital data dump). Not legal title.", "as_of": "2026-09-20", "role": "focus", "color": "#e8b040"}}, {"type": "Feature", "geometry": {"type": "Polygon", "coordinates": [[[-78.52782055651177, 48.4429323265303], [-78.52779030020385, 48.430308188995554], [-78.5289187271815, 48.43030094950296], [-78.53134310477314, 48.430299030898176], [-78.53137773092001, 48.44229343328596], [-78.53059144333078, 48.44255997436271], [-78.52928636031588, 48.44292783488118], [-78.52917825190039, 48.44294350737861], [-78.52911026968174, 48.442951044362026], [-78.52904270229381, 48.44296758770481], [-78.52867686308306, 48.44298222097027], [-78.52839428228243, 48.44293565992338], [-78.52813738950628, 48.442934637717826], [-78.52782055651177, 48.4429323265303]]]}, "properties": {"company_id": "cartier-resources", "jurisdiction": "Quebec", "claim_id": "", "claim_name": null, "holder": "Ressources Cartier inc.", "status": "Active", "recorded_date": null, "anniversary_or_expiry": null, "area_ha": null, "tenure_type": null, "source": "GESTIM active titles (MRNF digital data dump). Not legal title.", "as_of": "2026-09-20", "role": "focus", "color": "#e8b040"}}, {"type": "Feature", "geometry": {"type": "Polygon", "coordinates": [[[-78.58090287590657, 48.44380014481354], [-78.58061219847541, 48.44379852936137], [-78.58036858904843, 48.44382039699388], [-78.58005764665046, 48.44381835381104], [-78.57961009224812, 48.443862920925646], [-78.57931285257968, 48.44389265515014], [-78.57897272806517, 48.443988966743035], [-78.57867441862335, 48.4440411704167], [-78.57836476170874, 48.44399416249006], [-78.57805514055087, 48.443911164692935], [-78.57798845011074, 48.443873770537174], [-78.5778679732853, 48.443776760242685], [-78.57752394430518, 48.44335113338536], [-78.57743416866982, 48.44310631136483], [-78.57753528384045, 48.442757540650625], [-78.57801860374575, 48.44217388789944], [-78.57854264642148, 48.44162258156049], [-78.57856575491924, 48.44108322111103], [-78.5785396126725, 48.44102868602184], [-78.57847293907217, 48.44099129247105], [-78.57792212494412, 48.44079074764506], [-78.57785631138073, 48.440717382040184], [-78.57784325157407, 48.440672119748704], [-78.57787508153265, 48.440393869096795], [-78.57778400026467, 48.44022999679776], [-78.57778573646934, 48.44014005884728], [-78.57807402117851, 48.439871707611914], [-78.57806882509342, 48.43939473323377], [-78.57801806124068, 48.43921821391158], [-78.57785944223913, 48.43903492446781], [-78.57772653709355, 48.43891515853216], [-78.57742499325917, 48.43876934677433], [-78.57739723573775, 48.43025716568575], [-78.58085111305623, 48.43024889151496], [-78.58089720829814, 48.44374154221775], [-78.58090287590657, 48.44380014481354]]]}, "properties": {"company_id": "cartier-resources", "jurisdiction": "Quebec", "claim_id": "", "claim_name": null, "holder": "Ressources Cartier inc.", "status": "Active", "recorded_date": null, "anniversary_or_expiry": null, "area_ha": null, "tenure_type": null, "source": "GESTIM active titles (MRNF digital data dump). Not legal title.", "as_of": "2026-09-20", "role": "focus", "color": "#e8b040"}}, {"type": "Feature", "geometry": {"type": "Polygon", "coordinates": [[[-78.5665701100294, 48.442854471856464], [-78.5664617889691, 48.442892668525595], [-78.56632538267408, 48.44293476954337], [-78.56590634091476, 48.442966390440525], [-78.56585208773625, 48.442969740964905], [-78.5657706224264, 48.44295901934229], [-78.56521692286162, 48.44296079527431], [-78.56508075249556, 48.44298040616888], [-78.56495916634289, 48.44297783203243], [-78.56476935645713, 48.443023299274444], [-78.56444447271161, 48.44304791100228], [-78.56364388026282, 48.443192908889216], [-78.56322439556966, 48.443251503016036], [-78.56304432681, 48.4432521865054], [-78.56305062966858, 48.44304987721506], [-78.56301178993498, 48.43026365241185], [-78.56649561331528, 48.43026544180129], [-78.56653437475522, 48.44266476916955], [-78.5665701100294, 48.442854471856464]]]}, "properties": {"company_id": "cartier-resources", "jurisdiction": "Quebec", "claim_id": "", "claim_name": null, "holder": "Ressources Cartier inc.", "status": "Active", "recorded_date": null, "anniversary_or_expiry": null, "area_ha": null, "tenure_type": null, "source": "GESTIM active titles (MRNF digital data dump). Not legal title.", "as_of": "2026-09-20", "role": "focus", "color": "#e8b040"}}, {"type": "Feature", "geometry": {"type": "Polygon", "coordinates": [[[-78.53843378106397, 48.443456885635044], [-78.53797169949596, 48.44331203272554], [-78.53744625688485, 48.44318381627675], [-78.53712450662415, 48.44307345570589], [-78.53642386431368, 48.442950480152675], [-78.53626220680036, 48.4429200248527], [-78.53544207988884, 48.44266402017809], [-78.53521423532626, 48.4425691626887], [-78.53492263912305, 48.44248193583165], [-78.53490259301296, 48.44247700743311], [-78.53487205940984, 48.430293750469446], [-78.53840439391966, 48.43028843399051], [-78.53840358198734, 48.43610979394972], [-78.53840428099156, 48.43682960793699], [-78.53840412649087, 48.44046908732467], [-78.53840707712686, 48.44108997675609], [-78.53841910897815, 48.44169756427597], [-78.53843625791069, 48.44258418314474], [-78.53843590981919, 48.44267864923351], [-78.53843679774776, 48.442800134214345], [-78.53843378106397, 48.443456885635044]]]}, "properties": {"company_id": "cartier-resources", "jurisdiction": "Quebec", "claim_id": "", "claim_name": null, "holder": "Ressources Cartier inc.", "status": "Active", "recorded_date": null, "anniversary_or_expiry": null, "area_ha": null, "tenure_type": null, "source": "GESTIM active titles (MRNF digital data dump). Not legal title.", "as_of": "2026-09-20", "role": "focus", "color": "#e8b040"}}, {"type": "Feature", "geometry": {"type": "Polygon", "coordinates": [[[-78.55954087588543, 48.44321838888642], [-78.55925172336268, 48.44316726569122], [-78.55887237821521, 48.44318170845148], [-78.55814239524068, 48.44321119971039], [-78.55773601921776, 48.44324305974929], [-78.55738408739458, 48.4432850721016], [-78.55699076366724, 48.4433441991019], [-78.5564603027744, 48.443530874489305], [-78.55620138837774, 48.44364234040166], [-78.55606135518951, 48.44372484080229], [-78.55603853900129, 48.44374235090264], [-78.5559992215097, 48.430263300833964], [-78.55949590719354, 48.43026107707022], [-78.55953459727401, 48.443155273424914], [-78.55954087588543, 48.44321838888642]]]}, "properties": {"company_id": "cartier-resources", "jurisdiction": "Quebec", "claim_id": "", "claim_name": null, "holder": "Ressources Cartier inc.", "status": "Active", "recorded_date": null, "anniversary_or_expiry": null, "area_ha": null, "tenure_type": null, "source": "GESTIM active titles (MRNF digital data dump). Not legal title.", "as_of": "2026-09-20", "role": "focus", "color": "#e8b040"}}, {"type": "Feature", "geometry": {"type": "Polygon", "coordinates": [[[-78.5172466264042, 48.4437032737555], [-78.51721263403972, 48.443707038701156], [-78.51718423885886, 48.43033613435385], [-78.52071403173316, 48.430331306892924], [-78.52075420716483, 48.442298851037435], [-78.5207544017042, 48.44231235147302], [-78.52062978949247, 48.442476118826484], [-78.52053381323161, 48.44255502720215], [-78.51937187193134, 48.44322727735089], [-78.51890884058871, 48.443415234337856], [-78.51843391892591, 48.44351745671347], [-78.51779578869171, 48.44363864856376], [-78.5172466264042, 48.4437032737555]]]}, "properties": {"company_id": "cartier-resources", "jurisdiction": "Quebec", "claim_id": "", "claim_name": null, "holder": "Ressources Cartier inc.", "status": "Active", "recorded_date": null, "anniversary_or_expiry": null, "area_ha": null, "tenure_type": null, "source": "GESTIM active titles (MRNF digital data dump). Not legal title.", "as_of": "2026-09-20", "role": "focus", "color": "#e8b040"}}, {"type": "Feature", "geometry": {"type": "Polygon", "coordinates": [[[-78.56304432681, 48.4432521865054], [-78.56302153607278, 48.44325170360234], [-78.56285856005408, 48.44326624516092], [-78.56280452154796, 48.44326510006768], [-78.56229156313636, 48.44326322650827], [-78.5622227238938, 48.44328875981835], [-78.56211506759436, 48.443295475386115], [-78.56200677537355, 48.44329767864313], [-78.56184510010547, 48.44326725903748], [-78.56165618072811, 48.44325875526747], [-78.56142565629676, 48.44327186271202], [-78.56086999590653, 48.4433500545561], [-78.56046446799182, 48.44336394730537], [-78.56031607744724, 48.44335630097924], [-78.55954087588543, 48.44321838888642], [-78.55953459727401, 48.443155273424914], [-78.55949590719354, 48.43026107707022], [-78.56016869928831, 48.43025735716177], [-78.56301178993498, 48.43026365241185], [-78.56305062966858, 48.44304987721506], [-78.56304432681, 48.4432521865054]]]}, "properties": {"company_id": "cartier-resources", "jurisdiction": "Quebec", "claim_id": "", "claim_name": null, "holder": "Ressources Cartier inc.", "status": "Active", "recorded_date": null, "anniversary_or_expiry": null, "area_ha": null, "tenure_type": null, "source": "GESTIM active titles (MRNF digital data dump). Not legal title.", "as_of": "2026-09-20", "role": "focus", "color": "#e8b040"}}, {"type": "Feature", "geometry": {"type": "Polygon", "coordinates": [[[-78.51014995794331, 48.44360384286969], [-78.51013059261082, 48.430345592523565], [-78.51362745158575, 48.43034026975449], [-78.51365179494258, 48.44401700662271], [-78.51328723575047, 48.44402262111099], [-78.51316609088798, 48.444011004207816], [-78.51289615118189, 48.443982673341395], [-78.51232970686792, 48.44391643760879], [-78.51181846786714, 48.443792909671195], [-78.51103686881594, 48.44365003260083], [-78.51090111763924, 48.44366059095578], [-78.51080648403232, 48.44369453282564], [-78.51079165643453, 48.44372120441107], [-78.51087121379489, 48.44383989377859], [-78.51097794173631, 48.44388719110303], [-78.51150191997148, 48.444078479674545], [-78.51152805993767, 48.444097040264225], [-78.5115136443359, 48.44413271835428], [-78.51147307521259, 48.44414983555312], [-78.51129679474785, 48.444159517427494], [-78.51119007944678, 48.44411222067862], [-78.51014995794331, 48.44360384286969]]]}, "properties": {"company_id": "cartier-resources", "jurisdiction": "Quebec", "claim_id": "", "claim_name": null, "holder": "Ressources Cartier inc.", "status": "Active", "recorded_date": null, "anniversary_or_expiry": null, "area_ha": null, "tenure_type": null, "source": "GESTIM active titles (MRNF digital data dump). Not legal title.", "as_of": "2026-09-20", "role": "focus", "color": "#e8b040"}}, {"type": "Feature", "geometry": {"type": "Polygon", "coordinates": [[[-78.54546676205595, 48.4437556533275], [-78.5453840002588, 48.443771881987374], [-78.5445968114037, 48.44395302339329], [-78.54444733848737, 48.443967827146054], [-78.54402895764787, 48.44396789130306], [-78.54385291509237, 48.44395513449254], [-78.54365048768169, 48.44394631264435], [-78.54327248169126, 48.44389775022514], [-78.54308419846107, 48.443893728241285], [-78.54250241838318, 48.4438992936333], [-78.54220496025536, 48.44391543107894], [-78.54197762006531, 48.44391507137238], [-78.54194095918388, 48.43028309933639], [-78.54542750110194, 48.43028108692806], [-78.54546676205595, 48.4437556533275]]]}, "properties": {"company_id": "cartier-resources", "jurisdiction": "Quebec", "claim_id": "", "claim_name": null, "holder": "Ressources Cartier inc.", "status": "Active", "recorded_date": null, "anniversary_or_expiry": null, "area_ha": null, "tenure_type": null, "source": "GESTIM active titles (MRNF digital data dump). Not legal title.", "as_of": "2026-09-20", "role": "focus", "color": "#e8b040"}}, {"type": "Feature", "geometry": {"type": "Polygon", "coordinates": [[[-78.54902787013063, 48.44378660994397], [-78.54868345956146, 48.443707290126035], [-78.54861591155881, 48.44370585042567], [-78.5482535904293, 48.44359465641753], [-78.54788974099417, 48.44353291476517], [-78.54782219326285, 48.4435314746028], [-78.5477145781461, 48.443502187681304], [-78.54762002621432, 48.44348217667312], [-78.54749865693846, 48.44347508995003], [-78.54724197595426, 48.4434696162548], [-78.54654942231672, 48.443616799258244], [-78.54610269641204, 48.44366125365424], [-78.54552629981072, 48.44374792646077], [-78.54546676205595, 48.4437556533275], [-78.54542750110194, 48.43028108692806], [-78.5490231487354, 48.430276795254365], [-78.54906038254315, 48.44360285465853], [-78.54902787013063, 48.44378660994397]]]}, "properties": {"company_id": "cartier-resources", "jurisdiction": "Quebec", "claim_id": "", "claim_name": null, "holder": "Ressources Cartier inc.", "status": "Active", "recorded_date": null, "anniversary_or_expiry": null, "area_ha": null, "tenure_type": null, "source": "GESTIM active titles (MRNF digital data dump). Not legal title.", "as_of": "2026-09-20", "role": "focus", "color": "#e8b040"}}, {"type": "Feature", "geometry": {"type": "Polygon", "coordinates": [[[-78.54197762006531, 48.44391507137238], [-78.54194215739676, 48.443914313465854], [-78.54182647480481, 48.4439118410266], [-78.540717604016, 48.44391062933987], [-78.54046117012412, 48.44388265209509], [-78.5398289242202, 48.44374316509138], [-78.53918091972308, 48.443702309675295], [-78.53900577992671, 48.44365357483096], [-78.5388574421684, 48.4436099119967], [-78.53876417941872, 48.443580923794904], [-78.53861609087807, 48.443514772283336], [-78.53843378106397, 48.443456885635044], [-78.53843679774776, 48.442800134214345], [-78.53843590981919, 48.44267864923351], [-78.53843625791069, 48.44258418314474], [-78.53841910897815, 48.44169756427597], [-78.53840707712686, 48.44108997675609], [-78.53840412649087, 48.44046908732467], [-78.53840428099156, 48.43682960793699], [-78.53840358198734, 48.43610979394972], [-78.53840439391966, 48.43028843399051], [-78.54086424481814, 48.43028707374538], [-78.54194095918388, 48.43028309933639], [-78.54197762006531, 48.44391507137238]]]}, "properties": {"company_id": "cartier-resources", "jurisdiction": "Quebec", "claim_id": "", "claim_name": null, "holder": "Ressources Cartier inc.", "status": "Active", "recorded_date": null, "anniversary_or_expiry": null, "area_ha": null, "tenure_type": null, "source": "GESTIM active titles (MRNF digital data dump). Not legal title.", "as_of": "2026-09-20", "role": "focus", "color": "#e8b040"}}, {"type": "Feature", "geometry": {"type": "Polygon", "coordinates": [[[-78.51721263403972, 48.443707038701156], [-78.51679352304951, 48.44375647413822], [-78.5167120288969, 48.443763712060395], [-78.5160085774721, 48.443820501119696], [-78.51546641144074, 48.44386277518191], [-78.51499198415851, 48.44392000656817], [-78.51492397246582, 48.4439455295299], [-78.51463955211538, 48.443988869853435], [-78.51431462989626, 48.444013339135445], [-78.51365179494258, 48.44401700662271], [-78.51362745158575, 48.43034026975449], [-78.51664335225325, 48.430337952197995], [-78.51718423885886, 48.43033613435385], [-78.51721263403972, 48.443707038701156]]]}, "properties": {"company_id": "cartier-resources", "jurisdiction": "Quebec", "claim_id": "", "claim_name": null, "holder": "Ressources Cartier inc.", "status": "Active", "recorded_date": null, "anniversary_or_expiry": null, "area_ha": null, "tenure_type": null, "source": "GESTIM active titles (MRNF digital data dump). Not legal title.", "as_of": "2026-09-20", "role": "focus", "color": "#e8b040"}}, {"type": "Feature", "geometry": {"type": "Polygon", "coordinates": [[[-78.5525329852999, 48.44482398089222], [-78.55235376259239, 48.44482466565687], [-78.55163846546343, 48.44472396498131], [-78.5514227528839, 48.44469238037], [-78.5513565003958, 48.44466397746757], [-78.5507224830266, 48.44456050275935], [-78.5505078802608, 48.44448845145314], [-78.55041421764794, 48.4444324718291], [-78.55036063827242, 48.44440433826251], [-78.55021359952072, 48.44431573047477], [-78.54943638307499, 48.44392127937933], [-78.54920830301144, 48.44383094351948], [-78.54902787013063, 48.44378660994397], [-78.54906038254315, 48.44360285465853], [-78.5490231487354, 48.430276795254365], [-78.55249134315527, 48.43026967872406], [-78.5525329852999, 48.44482398089222]]]}, "properties": {"company_id": "cartier-resources", "jurisdiction": "Quebec", "claim_id": "", "claim_name": null, "holder": "Ressources Cartier inc.", "status": "Active", "recorded_date": null, "anniversary_or_expiry": null, "area_ha": null, "tenure_type": null, "source": "GESTIM active titles (MRNF digital data dump). Not legal title.", "as_of": "2026-09-20", "role": "focus", "color": "#e8b040"}}, {"type": "Feature", "geometry": {"type": "Polygon", "coordinates": [[[-78.59850353844988, 48.444321946541116], [-78.59839356284193, 48.44428815922575], [-78.59808347068687, 48.44423219801115], [-78.59792176903196, 48.44420182873108], [-78.59767837294848, 48.44420124391567], [-78.5976382664285, 48.44419140877727], [-78.59651585808571, 48.44419045285339], [-78.59638011946495, 48.44420111238862], [-78.59540588026687, 48.44428421888725], [-78.59502883899845, 48.44435731248456], [-78.595032662399, 48.44429441040358], [-78.59498001183934, 48.4302348067072], [-78.59522755495422, 48.43023548424933], [-78.59613587825477, 48.43023647833633], [-78.59849699756148, 48.430231820512645], [-78.598550217043, 48.44419245843326], [-78.59850353844988, 48.444321946541116]]]}, "properties": {"company_id": "cartier-resources", "jurisdiction": "Quebec", "claim_id": "", "claim_name": null, "holder": "Ressources Cartier inc.", "status": "Active", "recorded_date": null, "anniversary_or_expiry": null, "area_ha": null, "tenure_type": null, "source": "GESTIM active titles (MRNF digital data dump). Not legal title.", "as_of": "2026-09-20", "role": "focus", "color": "#e8b040"}}, {"type": "Feature", "geometry": {"type": "Polygon", "coordinates": [[[-78.58441307824097, 48.44447674967428], [-78.58429022451205, 48.44446517195166], [-78.58406119360329, 48.44442887024886], [-78.58375046026819, 48.444422342747586], [-78.58333077467185, 48.44446750982763], [-78.58306057170606, 48.4444618320688], [-78.58282983234389, 48.444479476658216], [-78.58264047443214, 48.444497990538245], [-78.58239771857706, 48.44448389065255], [-78.58227677015003, 48.44444985721819], [-78.58182504626193, 48.4440129821194], [-78.58171784188451, 48.44393874855823], [-78.58150278504361, 48.4438577483309], [-78.58126110314892, 48.44380318011188], [-78.58090287590657, 48.44380014481354], [-78.58089720829814, 48.44374154221775], [-78.58085111305623, 48.43024889151496], [-78.58436639613186, 48.43024630203679], [-78.58441524680391, 48.4443418336063], [-78.58441307824097, 48.44447674967428]]]}, "properties": {"company_id": "cartier-resources", "jurisdiction": "Quebec", "claim_id": "", "claim_name": null, "holder": "Ressources Cartier inc.", "status": "Active", "recorded_date": null, "anniversary_or_expiry": null, "area_ha": null, "tenure_type": null, "source": "GESTIM active titles (MRNF digital data dump). Not legal title.", "as_of": "2026-09-20", "role": "focus", "color": "#e8b040"}}, {"type": "Feature", "geometry": {"type": "Polygon", "coordinates": [[[-78.60919084109526, 48.443235472106686], [-78.60885857834138, 48.4433995159939], [-78.60874922414527, 48.44344222962147], [-78.60864157205339, 48.44344898884285], [-78.60847839481565, 48.44350407927231], [-78.60839606039518, 48.44354735438304], [-78.608095668659, 48.44371655749905], [-78.6078915364854, 48.44381578249857], [-78.6077007096818, 48.44390178775107], [-78.6069901343252, 48.44432787956134], [-78.60683793122323, 48.444527154770064], [-78.60667410732317, 48.44461372017825], [-78.60606275750982, 48.44479894056105], [-78.60594031023282, 48.44483238158897], [-78.60570999603569, 48.44487707321539], [-78.60561036190549, 48.44489299394332], [-78.60560402941412, 48.44488386469114], [-78.60554722330704, 48.430221364856706], [-78.60914378181491, 48.430215210705846], [-78.60919632907607, 48.44319059906952], [-78.60919084109526, 48.443235472106686]]]}, "properties": {"company_id": "cartier-resources", "jurisdiction": "Quebec", "claim_id": "", "claim_name": null, "holder": "Ressources Cartier inc.", "status": "Active", "recorded_date": null, "anniversary_or_expiry": null, "area_ha": null, "tenure_type": null, "source": "GESTIM active titles (MRNF digital data dump). Not legal title.", "as_of": "2026-09-20", "role": "focus", "color": "#e8b040"}}, {"type": "Feature", "geometry": {"type": "Polygon", "coordinates": [[[-78.5525811076936, 48.44482500491837], [-78.5525329852999, 48.44482398089222], [-78.55249134315527, 48.43026967872406], [-78.5559992215097, 48.430263300833964], [-78.55603853900129, 48.44374235090264], [-78.55587290798749, 48.44386479572292], [-78.55567999146297, 48.44404514394118], [-78.5555840909094, 48.444106088023965], [-78.55528215510343, 48.44437409314542], [-78.55503562663337, 48.444544303239006], [-78.55488482136583, 48.444622074488834], [-78.55454594370974, 48.444691348109124], [-78.55424807777993, 48.44469851059975], [-78.5541268942913, 48.444704931044534], [-78.55396455932953, 48.44470597745275], [-78.5536536152859, 48.444703862800125], [-78.55330126478202, 48.44473685632849], [-78.55305675083838, 48.4447946367446], [-78.552975448767, 48.44481540065574], [-78.55290746703021, 48.444822951723154], [-78.5525811076936, 48.44482500491837]]]}, "properties": {"company_id": "cartier-resources", "jurisdiction": "Quebec", "claim_id": "", "claim_name": null, "holder": "Ressources Cartier inc.", "status": "Active", "recorded_date": null, "anniversary_or_expiry": null, "area_ha": null, "tenure_type": null, "source": "GESTIM active titles (MRNF digital data dump). Not legal title.", "as_of": "2026-09-20", "role": "focus", "color": "#e8b040"}}, {"type": "Feature", "geometry": {"type": "Polygon", "coordinates": [[[-78.60559693843871, 48.45939204735179], [-78.60208806532779, 48.45939542893513], [-78.60209738019418, 48.4451662086186], [-78.60209717786424, 48.44509872370558], [-78.60237941686512, 48.44513609856649], [-78.60269016343148, 48.44516057078582], [-78.60300111719938, 48.44516255291853], [-78.60317654251455, 48.445170707444184], [-78.60351494061082, 48.44516426266883], [-78.60362301994603, 48.44514851970988], [-78.60369099570255, 48.4451409385443], [-78.60451789356203, 48.445027700898926], [-78.60459854189925, 48.445020383132395], [-78.60468002786676, 48.44501308275373], [-78.60531670997426, 48.44493636621481], [-78.60543831232862, 48.44492090310559], [-78.60550649893337, 48.44490882654623], [-78.60561036190549, 48.44489299394332], [-78.60559693843871, 48.45939204735179]]]}, "properties": {"company_id": "cartier-resources", "jurisdiction": "Quebec", "claim_id": "", "claim_name": null, "holder": "Ressources Cartier inc.", "status": "Active", "recorded_date": null, "anniversary_or_expiry": null, "area_ha": null, "tenure_type": null, "source": "GESTIM active titles (MRNF digital data dump). Not legal title.", "as_of": "2026-09-20", "role": "focus", "color": "#e8b040"}}, {"type": "Feature", "geometry": {"type": "Polygon", "coordinates": [[[-78.5879347845511, 48.45941441126636], [-78.58791620257854, 48.459414021594824], [-78.58793484789136, 48.44494654834627], [-78.58795216107964, 48.444955908868316], [-78.58809207460244, 48.445053316068666], [-78.58814439813698, 48.445126392791316], [-78.58825182793515, 48.44517813142542], [-78.58842703679106, 48.44520879753219], [-78.58880683210387, 48.445149279426786], [-78.58921062641826, 48.44526121438901], [-78.5896142232733, 48.44534165276], [-78.58991101417627, 48.44537486452589], [-78.59016836442505, 48.44534876583533], [-78.59031804279925, 48.445311413366184], [-78.59052200178819, 48.44523470938803], [-78.59067167958149, 48.44519735644809], [-78.59112032583025, 48.44505829605095], [-78.5912292712771, 48.44498859826485], [-78.59132449466088, 48.44495910146376], [-78.59135194064845, 48.44495067880342], [-78.59150667124995, 48.44494942033429], [-78.59150577842996, 48.44573667711683], [-78.59148946698026, 48.45940792236752], [-78.59147236150535, 48.45941206289604], [-78.5879347845511, 48.45941441126636]]]}, "properties": {"company_id": "cartier-resources", "jurisdiction": "Quebec", "claim_id": "", "claim_name": null, "holder": "Ressources Cartier inc.", "status": "Active", "recorded_date": null, "anniversary_or_expiry": null, "area_ha": null, "tenure_type": null, "source": "GESTIM active titles (MRNF digital data dump). Not legal title.", "as_of": "2026-09-20", "role": "focus", "color": "#e8b040"}}, {"type": "Feature", "geometry": {"type": "Polygon", "coordinates": [[[-78.59502883899845, 48.44435731248456], [-78.59501259004088, 48.44436147143486], [-78.59483652066555, 48.444384781972204], [-78.59462014446648, 48.444384755708725], [-78.59441643079676, 48.44442098361061], [-78.59396780030653, 48.444578052020816], [-78.59275915541336, 48.44489916302779], [-78.59235170676457, 48.44495361658383], [-78.59228500607519, 48.44495222030597], [-78.59221702912394, 48.44495979470559], [-78.5919060772846, 48.44493978855364], [-78.59150667124995, 48.44494942033429], [-78.591444245816, 48.430241790672355], [-78.5932408297058, 48.4302389129109], [-78.59498001183934, 48.4302348067072], [-78.595032662399, 48.44429441040358], [-78.59502883899845, 48.44435731248456]]]}, "properties": {"company_id": "cartier-resources", "jurisdiction": "Quebec", "claim_id": "", "claim_name": null, "holder": "Ressources Cartier inc.", "status": "Active", "recorded_date": null, "anniversary_or_expiry": null, "area_ha": null, "tenure_type": null, "source": "GESTIM active titles (MRNF digital data dump). Not legal title.", "as_of": "2026-09-20", "role": "focus", "color": "#e8b040"}}, {"type": "Feature", "geometry": {"type": "Polygon", "coordinates": [[[-78.58791620257854, 48.459414021594824], [-78.58439614658644, 48.45942112716064], [-78.58441307824097, 48.44447674967428], [-78.58446605451954, 48.444482361008326], [-78.58481493985813, 48.44461115317141], [-78.5850698932676, 48.44474247077197], [-78.58567093630909, 48.44511498662712], [-78.58592783121233, 48.44513387506473], [-78.5860629495156, 48.44511871611912], [-78.58621305619555, 48.44507238053626], [-78.5862671134245, 48.445037525247805], [-78.58643053156979, 48.44497797258015], [-78.58663341395183, 48.44495973623801], [-78.58721694400352, 48.44484601481752], [-78.58764991225112, 48.44484160060994], [-78.58775755453925, 48.44487085057604], [-78.58790551435068, 48.44492343957643], [-78.58793484789136, 48.44494654834627], [-78.58791620257854, 48.459414021594824]]]}, "properties": {"company_id": "cartier-resources", "jurisdiction": "Quebec", "claim_id": "", "claim_name": null, "holder": "Ressources Cartier inc.", "status": "Active", "recorded_date": null, "anniversary_or_expiry": null, "area_ha": null, "tenure_type": null, "source": "GESTIM active titles (MRNF digital data dump). Not legal title.", "as_of": "2026-09-20", "role": "focus", "color": "#e8b040"}}, {"type": "Feature", "geometry": {"type": "Polygon", "coordinates": [[[-78.60209717786424, 48.44509872370558], [-78.60189389003487, 48.445071991744335], [-78.60163782584775, 48.445053156349715], [-78.60136804483201, 48.44500254333055], [-78.59959064641886, 48.44460556532158], [-78.59932086997273, 48.44455494756844], [-78.59850353844988, 48.444321946541116], [-78.598550217043, 48.44419245843326], [-78.59849699756148, 48.430231820512645], [-78.6020327699607, 48.430224619651824], [-78.60209717786424, 48.44509872370558]]]}, "properties": {"company_id": "cartier-resources", "jurisdiction": "Quebec", "claim_id": "", "claim_name": null, "holder": "Ressources Cartier inc.", "status": "Active", "recorded_date": null, "anniversary_or_expiry": null, "area_ha": null, "tenure_type": null, "source": "GESTIM active titles (MRNF digital data dump). Not legal title.", "as_of": "2026-09-20", "role": "focus", "color": "#e8b040"}}, {"type": "Feature", "geometry": {"type": "Polygon", "coordinates": [[[-78.59501184387045, 48.45940514675518], [-78.59148946698026, 48.45940792236752], [-78.59150577842996, 48.44573667711683], [-78.59150667124995, 48.44494942033429], [-78.5919060772846, 48.44493978855364], [-78.59221702912394, 48.44495979470559], [-78.59228500607519, 48.44495222030597], [-78.59235170676457, 48.44495361658383], [-78.59275915541336, 48.44489916302779], [-78.59396780030653, 48.444578052020816], [-78.59441643079676, 48.44442098361061], [-78.59462014446648, 48.444384755708725], [-78.59483652066555, 48.444384781972204], [-78.59501259004088, 48.44436147143486], [-78.59502883899845, 48.44435731248456], [-78.59501184387045, 48.45940514675518]]]}, "properties": {"company_id": "cartier-resources", "jurisdiction": "Quebec", "claim_id": "", "claim_name": null, "holder": "Ressources Cartier inc.", "status": "Active", "recorded_date": null, "anniversary_or_expiry": null, "area_ha": null, "tenure_type": null, "source": "GESTIM active titles (MRNF digital data dump). Not legal title.", "as_of": "2026-09-20", "role": "focus", "color": "#e8b040"}}, {"type": "Feature", "geometry": {"type": "Polygon", "coordinates": [[[-78.58795216107964, 48.444955908868316], [-78.58793484789136, 48.44494654834627], [-78.58790551435068, 48.44492343957643], [-78.58775755453925, 48.44487085057604], [-78.58764991225112, 48.44484160060994], [-78.58721694400352, 48.44484601481752], [-78.58663341395183, 48.44495973623801], [-78.58643053156979, 48.44497797258015], [-78.5862671134245, 48.445037525247805], [-78.58621305619555, 48.44507238053626], [-78.5860629495156, 48.44511871611912], [-78.58592783121233, 48.44513387506473], [-78.58567093630909, 48.44511498662712], [-78.5850698932676, 48.44474247077197], [-78.58481493985813, 48.44461115317141], [-78.58446605451954, 48.444482361008326], [-78.58441307824097, 48.44447674967428], [-78.58441524680391, 48.4443418336063], [-78.58436639613186, 48.43024630203679], [-78.58789961611355, 48.430239482477525], [-78.58795216107964, 48.444955908868316]]]}, "properties": {"company_id": "cartier-resources", "jurisdiction": "Quebec", "claim_id": "", "claim_name": null, "holder": "Ressources Cartier inc.", "status": "Active", "recorded_date": null, "anniversary_or_expiry": null, "area_ha": null, "tenure_type": null, "source": "GESTIM active titles (MRNF digital data dump). Not legal title.", "as_of": "2026-09-20", "role": "focus", "color": "#e8b040"}}, {"type": "Feature", "geometry": {"type": "Polygon", "coordinates": [[[-78.55603064111911, 48.45945173813998], [-78.55255222402221, 48.4594542542547], [-78.5525811076936, 48.44482500491837], [-78.55290746703021, 48.444822951723154], [-78.552975448767, 48.44481540065574], [-78.55305675083838, 48.4447946367446], [-78.55330126478202, 48.44473685632849], [-78.5536536152859, 48.444703862800125], [-78.55396455932953, 48.44470597745275], [-78.5541268942913, 48.444704931044534], [-78.55424807777993, 48.44469851059975], [-78.55454594370974, 48.444691348109124], [-78.55488482136583, 48.444622074488834], [-78.55503562663337, 48.444544303239006], [-78.55528215510343, 48.44437409314542], [-78.5555840909094, 48.444106088023965], [-78.55567999146297, 48.44404514394118], [-78.55587290798749, 48.44386479572292], [-78.55603853900129, 48.44374235090264], [-78.55606135518951, 48.44372484080229], [-78.55603064111911, 48.45945173813998]]]}, "properties": {"company_id": "cartier-resources", "jurisdiction": "Quebec", "claim_id": "", "claim_name": null, "holder": "Ressources Cartier inc.", "status": "Active", "recorded_date": null, "anniversary_or_expiry": null, "area_ha": null, "tenure_type": null, "source": "GESTIM active titles (MRNF digital data dump). Not legal title.", "as_of": "2026-09-20", "role": "focus", "color": "#e8b040"}}, {"type": "Feature", "geometry": {"type": "Polygon", "coordinates": [[[-78.59503173727916, 48.47406233306944], [-78.59499118291373, 48.47406148518339], [-78.59501184387045, 48.45940514675518], [-78.59848776233787, 48.4594012932023], [-78.5985496400291, 48.45939808639209], [-78.59853042595235, 48.47406344849997], [-78.59503173727916, 48.47406233306944]]]}, "properties": {"company_id": "cartier-resources", "jurisdiction": "Quebec", "claim_id": "", "claim_name": null, "holder": "Ressources Cartier inc.", "status": "Active", "recorded_date": null, "anniversary_or_expiry": null, "area_ha": null, "tenure_type": null, "source": "GESTIM active titles (MRNF digital data dump). Not legal title.", "as_of": "2026-09-20", "role": "focus", "color": "#e8b040"}}, {"type": "Feature", "geometry": {"type": "Polygon", "coordinates": [[[-78.5914897577373, 48.47406470340204], [-78.59145174487584, 48.474063907480755], [-78.59147236150535, 48.45941206289604], [-78.59148946698026, 48.45940792236752], [-78.59501184387045, 48.45940514675518], [-78.59499118291373, 48.47406148518339], [-78.5914897577373, 48.47406470340204]]]}, "properties": {"company_id": "cartier-resources", "jurisdiction": "Quebec", "claim_id": "", "claim_name": null, "holder": "Ressources Cartier inc.", "status": "Active", "recorded_date": null, "anniversary_or_expiry": null, "area_ha": null, "tenure_type": null, "source": "GESTIM active titles (MRNF digital data dump). Not legal title.", "as_of": "2026-09-20", "role": "focus", "color": "#e8b040"}}, {"type": "Feature", "geometry": {"type": "Polygon", "coordinates": [[[-78.60561036190549, 48.44489299394332], [-78.60550649893337, 48.44490882654623], [-78.60543831232862, 48.44492090310559], [-78.60531670997426, 48.44493636621481], [-78.60468002786676, 48.44501308275373], [-78.60459854189925, 48.445020383132395], [-78.60451789356203, 48.445027700898926], [-78.60369099570255, 48.4451409385443], [-78.60362301994603, 48.44514851970988], [-78.60351494061082, 48.44516426266883], [-78.60317654251455, 48.445170707444184], [-78.60300111719938, 48.44516255291853], [-78.60269016343148, 48.44516057078582], [-78.60237941686512, 48.44513609856649], [-78.60209717786424, 48.44509872370558], [-78.6020327699607, 48.430224619651824], [-78.60373460130582, 48.43022410087975], [-78.60554722330704, 48.430221364856706], [-78.60560402941412, 48.44488386469114], [-78.60561036190549, 48.44489299394332]]]}, "properties": {"company_id": "cartier-resources", "jurisdiction": "Quebec", "claim_id": "", "claim_name": null, "holder": "Ressources Cartier inc.", "status": "Active", "recorded_date": null, "anniversary_or_expiry": null, "area_ha": null, "tenure_type": null, "source": "GESTIM active titles (MRNF digital data dump). Not legal title.", "as_of": "2026-09-20", "role": "focus", "color": "#e8b040"}}, {"type": "Feature", "geometry": {"type": "Polygon", "coordinates": [[[-78.5985496400291, 48.45939808639209], [-78.59848776233787, 48.4594012932023], [-78.59850353844988, 48.444321946541116], [-78.59932086997273, 48.44455494756844], [-78.59959064641886, 48.44460556532158], [-78.60136804483201, 48.44500254333055], [-78.60163782584775, 48.445053156349715], [-78.60189389003487, 48.445071991744335], [-78.60209717786424, 48.44509872370558], [-78.60209738019418, 48.4451662086186], [-78.60208806532779, 48.45939542893513], [-78.5985496400291, 48.45939808639209]]]}, "properties": {"company_id": "cartier-resources", "jurisdiction": "Quebec", "claim_id": "", "claim_name": null, "holder": "Ressources Cartier inc.", "status": "Active", "recorded_date": null, "anniversary_or_expiry": null, "area_ha": null, "tenure_type": null, "source": "GESTIM active titles (MRNF digital data dump). Not legal title.", "as_of": "2026-09-20", "role": "focus", "color": "#e8b040"}}, {"type": "Feature", "geometry": {"type": "Polygon", "coordinates": [[[-78.59848776233787, 48.4594012932023], [-78.59501184387045, 48.45940514675518], [-78.59502883899845, 48.44435731248456], [-78.59540588026687, 48.44428421888725], [-78.59638011946495, 48.44420111238862], [-78.59651585808571, 48.44419045285339], [-78.5976382664285, 48.44419140877727], [-78.59767837294848, 48.44420124391567], [-78.59792176903196, 48.44420182873108], [-78.59808347068687, 48.44423219801115], [-78.59839356284193, 48.44428815922575], [-78.59850353844988, 48.444321946541116], [-78.59848776233787, 48.4594012932023]]]}, "properties": {"company_id": "cartier-resources", "jurisdiction": "Quebec", "claim_id": "", "claim_name": null, "holder": "Ressources Cartier inc.", "status": "Active", "recorded_date": null, "anniversary_or_expiry": null, "area_ha": null, "tenure_type": null, "source": "GESTIM active titles (MRNF digital data dump). Not legal title.", "as_of": "2026-09-20", "role": "focus", "color": "#e8b040"}}, {"type": "Feature", "geometry": {"type": "Polygon", "coordinates": [[[-78.59150667124995, 48.44494942033429], [-78.59135194064845, 48.44495067880342], [-78.59132449466088, 48.44495910146376], [-78.5912292712771, 48.44498859826485], [-78.59112032583025, 48.44505829605095], [-78.59067167958149, 48.44519735644809], [-78.59052200178819, 48.44523470938803], [-78.59031804279925, 48.445311413366184], [-78.59016836442505, 48.44534876583533], [-78.58991101417627, 48.44537486452589], [-78.5896142232733, 48.44534165276], [-78.58921062641826, 48.44526121438901], [-78.58880683210387, 48.445149279426786], [-78.58842703679106, 48.44520879753219], [-78.58825182793515, 48.44517813142542], [-78.58814439813698, 48.445126392791316], [-78.58809207460244, 48.445053316068666], [-78.58795216107964, 48.444955908868316], [-78.58789961611355, 48.430239482477525], [-78.58807795166175, 48.43023872389295], [-78.58964956374831, 48.43024018147333], [-78.591444245816, 48.430241790672355], [-78.59150667124995, 48.44494942033429]]]}, "properties": {"company_id": "cartier-resources", "jurisdiction": "Quebec", "claim_id": "", "claim_name": null, "holder": "Ressources Cartier inc.", "status": "Active", "recorded_date": null, "anniversary_or_expiry": null, "area_ha": null, "tenure_type": null, "source": "GESTIM active titles (MRNF digital data dump). Not legal title.", "as_of": "2026-09-20", "role": "focus", "color": "#e8b040"}}, {"type": "Feature", "geometry": {"type": "Polygon", "coordinates": [[[-78.58439614658644, 48.45942112716064], [-78.58088053721569, 48.45942371970878], [-78.58090287590657, 48.44380014481354], [-78.58126110314892, 48.44380318011188], [-78.58150278504361, 48.4438577483309], [-78.58171784188451, 48.44393874855823], [-78.58182504626193, 48.4440129821194], [-78.58227677015003, 48.44444985721819], [-78.58239771857706, 48.44448389065255], [-78.58264047443214, 48.444497990538245], [-78.58282983234389, 48.444479476658216], [-78.58306057170606, 48.4444618320688], [-78.58333077467185, 48.44446750982763], [-78.58375046026819, 48.444422342747586], [-78.58406119360329, 48.44442887024886], [-78.58429022451205, 48.44446517195166], [-78.58441307824097, 48.44447674967428], [-78.58439614658644, 48.45942112716064]]]}, "properties": {"company_id": "cartier-resources", "jurisdiction": "Quebec", "claim_id": "", "claim_name": null, "holder": "Ressources Cartier inc.", "status": "Active", "recorded_date": null, "anniversary_or_expiry": null, "area_ha": null, "tenure_type": null, "source": "GESTIM active titles (MRNF digital data dump). Not legal title.", "as_of": "2026-09-20", "role": "focus", "color": "#e8b040"}}, {"type": "Feature", "geometry": {"type": "Polygon", "coordinates": [[[-78.54901194420827, 48.45945984557352], [-78.54899588983338, 48.45945950346772], [-78.54902787013063, 48.44378660994397], [-78.54920830301144, 48.44383094351948], [-78.54943638307499, 48.44392127937933], [-78.55021359952072, 48.44431573047477], [-78.55036063827242, 48.44440433826251], [-78.55041421764794, 48.4444324718291], [-78.5505078802608, 48.44448845145314], [-78.5507224830266, 48.44456050275935], [-78.5513565003958, 48.44466397746757], [-78.5514227528839, 48.44469238037], [-78.55163846546343, 48.44472396498131], [-78.55235376259239, 48.44482466565687], [-78.5525329852999, 48.44482398089222], [-78.5525811076936, 48.44482500491837], [-78.55255222402221, 48.4594542542547], [-78.54901194420827, 48.45945984557352]]]}, "properties": {"company_id": "cartier-resources", "jurisdiction": "Quebec", "claim_id": "", "claim_name": null, "holder": "Ressources Cartier inc.", "status": "Active", "recorded_date": null, "anniversary_or_expiry": null, "area_ha": null, "tenure_type": null, "source": "GESTIM active titles (MRNF digital data dump). Not legal title.", "as_of": "2026-09-20", "role": "focus", "color": "#e8b040"}}, {"type": "Feature", "geometry": {"type": "Polygon", "coordinates": [[[-78.60562671927667, 48.45938816858118], [-78.60559693843871, 48.45939204735179], [-78.60561036190549, 48.44489299394332], [-78.60570999603569, 48.44487707321539], [-78.60594031023282, 48.44483238158897], [-78.60606275750982, 48.44479894056105], [-78.60667410732317, 48.44461372017825], [-78.60683793122323, 48.444527154770064], [-78.6069901343252, 48.44432787956134], [-78.6077007096818, 48.44390178775107], [-78.6078915364854, 48.44381578249857], [-78.608095668659, 48.44371655749905], [-78.60839606039518, 48.44354735438304], [-78.60847839481565, 48.44350407927231], [-78.60864157205339, 48.44344898884285], [-78.60874922414527, 48.44344222962147], [-78.60885857834138, 48.4433995159939], [-78.60919084109526, 48.443235472106686], [-78.60916515155168, 48.45938529335551], [-78.60562671927667, 48.45938816858118]]]}, "properties": {"company_id": "cartier-resources", "jurisdiction": "Quebec", "claim_id": "", "claim_name": null, "holder": "Ressources Cartier inc.", "status": "Active", "recorded_date": null, "anniversary_or_expiry": null, "area_ha": null, "tenure_type": null, "source": "GESTIM active titles (MRNF digital data dump). Not legal title.", "as_of": "2026-09-20", "role": "focus", "color": "#e8b040"}}, {"type": "Feature", "geometry": {"type": "Polygon", "coordinates": [[[-78.54190794925792, 48.45946570142707], [-78.5383963829994, 48.45947157931538], [-78.53840314318728, 48.455679294285744], [-78.53840778149244, 48.45339853626633], [-78.53841281781047, 48.45144169490294], [-78.53842342823955, 48.4472895889981], [-78.53842987028465, 48.444918892093256], [-78.53843284376613, 48.444595046555236], [-78.53843378106397, 48.443456885635044], [-78.53861609087807, 48.443514772283336], [-78.53876417941872, 48.443580923794904], [-78.5388574421684, 48.4436099119967], [-78.53900577992671, 48.44365357483096], [-78.53918091972308, 48.443702309675295], [-78.5398289242202, 48.44374316509138], [-78.54046117012412, 48.44388265209509], [-78.540717604016, 48.44391062933987], [-78.54182647480481, 48.4439118410266], [-78.54194215739676, 48.443914313465854], [-78.54190794925792, 48.45946570142707]]]}, "properties": {"company_id": "cartier-resources", "jurisdiction": "Quebec", "claim_id": "", "claim_name": null, "holder": "Ressources Cartier inc.", "status": "Active", "recorded_date": null, "anniversary_or_expiry": null, "area_ha": null, "tenure_type": null, "source": "GESTIM active titles (MRNF digital data dump). Not legal title.", "as_of": "2026-09-20", "role": "focus", "color": "#e8b040"}}, {"type": "Feature", "geometry": {"type": "Polygon", "coordinates": [[[-78.5136128644695, 48.45950534122556], [-78.51007177168071, 48.459509715209734], [-78.51010461233399, 48.443580367423586], [-78.51014995794331, 48.44360384286969], [-78.51119007944678, 48.44411222067862], [-78.51129679474785, 48.444159517427494], [-78.51147307521259, 48.44414983555312], [-78.5115136443359, 48.44413271835428], [-78.51152805993767, 48.444097040264225], [-78.51150191997148, 48.444078479674545], [-78.51097794173631, 48.44388719110303], [-78.51087121379489, 48.44383989377859], [-78.51079165643453, 48.44372120441107], [-78.51080648403232, 48.44369453282564], [-78.51090111763924, 48.44366059095578], [-78.51103686881594, 48.44365003260083], [-78.51181846786714, 48.443792909671195], [-78.51232970686792, 48.44391643760879], [-78.51289615118189, 48.443982673341395], [-78.51316609088798, 48.444011004207816], [-78.51328723575047, 48.44402262111099], [-78.51365179494258, 48.44401700662271], [-78.5136128644695, 48.45950534122556]]]}, "properties": {"company_id": "cartier-resources", "jurisdiction": "Quebec", "claim_id": "", "claim_name": null, "holder": "Ressources Cartier inc.", "status": "Active", "recorded_date": null, "anniversary_or_expiry": null, "area_ha": null, "tenure_type": null, "source": "GESTIM active titles (MRNF digital data dump). Not legal title.", "as_of": "2026-09-20", "role": "focus", "color": "#e8b040"}}, {"type": "Feature", "geometry": {"type": "Polygon", "coordinates": [[[-78.54899588983338, 48.45945950346772], [-78.54549299301564, 48.459461284241385], [-78.54552629981072, 48.44374792646077], [-78.54610269641204, 48.44366125365424], [-78.54654942231672, 48.443616799258244], [-78.54724197595426, 48.4434696162548], [-78.54749865693846, 48.44347508995003], [-78.54762002621432, 48.44348217667312], [-78.5477145781461, 48.443502187681304], [-78.54782219326285, 48.4435314746028], [-78.54788974099417, 48.44353291476517], [-78.5482535904293, 48.44359465641753], [-78.54861591155881, 48.44370585042567], [-78.54868345956146, 48.443707290126035], [-78.54902787013063, 48.44378660994397], [-78.54899588983338, 48.45945950346772]]]}, "properties": {"company_id": "cartier-resources", "jurisdiction": "Quebec", "claim_id": "", "claim_name": null, "holder": "Ressources Cartier inc.", "status": "Active", "recorded_date": null, "anniversary_or_expiry": null, "area_ha": null, "tenure_type": null, "source": "GESTIM active titles (MRNF digital data dump). Not legal title.", "as_of": "2026-09-20", "role": "focus", "color": "#e8b040"}}, {"type": "Feature", "geometry": {"type": "Polygon", "coordinates": [[[-78.54193497668504, 48.459466279026046], [-78.54190794925792, 48.45946570142707], [-78.54194215739676, 48.443914313465854], [-78.54197762006531, 48.44391507137238], [-78.54220496025536, 48.44391543107894], [-78.54250241838318, 48.4438992936333], [-78.54308419846107, 48.443893728241285], [-78.54327248169126, 48.44389775022514], [-78.54365048768169, 48.44394631264435], [-78.54385291509237, 48.44395513449254], [-78.54402895764787, 48.44396789130306], [-78.54444733848737, 48.443967827146054], [-78.5445968114037, 48.44395302339329], [-78.5453840002588, 48.443771881987374], [-78.54546676205595, 48.4437556533275], [-78.54552629981072, 48.44374792646077], [-78.54549299301564, 48.459461284241385], [-78.54547334345419, 48.45946536364911], [-78.54193497668504, 48.459466279026046]]]}, "properties": {"company_id": "cartier-resources", "jurisdiction": "Quebec", "claim_id": "", "claim_name": null, "holder": "Ressources Cartier inc.", "status": "Active", "recorded_date": null, "anniversary_or_expiry": null, "area_ha": null, "tenure_type": null, "source": "GESTIM active titles (MRNF digital data dump). Not legal title.", "as_of": "2026-09-20", "role": "focus", "color": "#e8b040"}}, {"type": "Feature", "geometry": {"type": "Polygon", "coordinates": [[[-78.51715310948015, 48.45950083981069], [-78.5136128644695, 48.45950534122556], [-78.51365179494258, 48.44401700662271], [-78.51431462989626, 48.444013339135445], [-78.51463955211538, 48.443988869853435], [-78.51492397246582, 48.4439455295299], [-78.51499198415851, 48.44392000656817], [-78.51546641144074, 48.44386277518191], [-78.5160085774721, 48.443820501119696], [-78.5167120288969, 48.443763712060395], [-78.51679352304951, 48.44375647413822], [-78.51721263403972, 48.443707038701156], [-78.5172466264042, 48.4437032737555], [-78.5172046363445, 48.45950195208128], [-78.51715310948015, 48.45950083981069]]]}, "properties": {"company_id": "cartier-resources", "jurisdiction": "Quebec", "claim_id": "", "claim_name": null, "holder": "Ressources Cartier inc.", "status": "Active", "recorded_date": null, "anniversary_or_expiry": null, "area_ha": null, "tenure_type": null, "source": "GESTIM active titles (MRNF digital data dump). Not legal title.", "as_of": "2026-09-20", "role": "focus", "color": "#e8b040"}}, {"type": "Feature", "geometry": {"type": "Polygon", "coordinates": [[[-78.55608892636656, 48.45945297657191], [-78.55603064111911, 48.45945173813998], [-78.55606135518951, 48.44372484080229], [-78.55620138837774, 48.44364234040166], [-78.5564603027744, 48.443530874489305], [-78.55699076366724, 48.4433441991019], [-78.55738408739458, 48.4432850721016], [-78.55773601921776, 48.44324305974929], [-78.55814239524068, 48.44321119971039], [-78.55887237821521, 48.44318170845148], [-78.55925172336268, 48.44316726569122], [-78.55954087588543, 48.44321838888642], [-78.55951075107188, 48.459449152647394], [-78.55608892636656, 48.45945297657191]]]}, "properties": {"company_id": "cartier-resources", "jurisdiction": "Quebec", "claim_id": "", "claim_name": null, "holder": "Ressources Cartier inc.", "status": "Active", "recorded_date": null, "anniversary_or_expiry": null, "area_ha": null, "tenure_type": null, "source": "GESTIM active titles (MRNF digital data dump). Not legal title.", "as_of": "2026-09-20", "role": "focus", "color": "#e8b040"}}, {"type": "Feature", "geometry": {"type": "Polygon", "coordinates": [[[-78.55962752389507, 48.45944713152252], [-78.55951075107188, 48.459449152647394], [-78.55954087588543, 48.44321838888642], [-78.56031607744724, 48.44335630097924], [-78.56046446799182, 48.44336394730537], [-78.56086999590653, 48.4433500545561], [-78.56142565629676, 48.44327186271202], [-78.56165618072811, 48.44325875526747], [-78.56184510010547, 48.44326725903748], [-78.56200677537355, 48.44329767864313], [-78.56211506759436, 48.443295475386115], [-78.5622227238938, 48.44328875981835], [-78.56229156313636, 48.44326322650827], [-78.56280452154796, 48.44326510006768], [-78.56285856005408, 48.44326624516092], [-78.56302153607278, 48.44325170360234], [-78.56304432681, 48.4432521865054], [-78.56301536537241, 48.459446980938246], [-78.55962752389507, 48.45944713152252]]]}, "properties": {"company_id": "cartier-resources", "jurisdiction": "Quebec", "claim_id": "", "claim_name": null, "holder": "Ressources Cartier inc.", "status": "Active", "recorded_date": null, "anniversary_or_expiry": null, "area_ha": null, "tenure_type": null, "source": "GESTIM active titles (MRNF digital data dump). Not legal title.", "as_of": "2026-09-20", "role": "focus", "color": "#e8b040"}}, {"type": "Feature", "geometry": {"type": "Polygon", "coordinates": [[[-78.52069337154919, 48.45949622968625], [-78.5172046363445, 48.45950195208128], [-78.5172466264042, 48.4437032737555], [-78.51779578869171, 48.44363864856376], [-78.51843391892591, 48.44351745671347], [-78.51890884058871, 48.443415234337856], [-78.51937187193134, 48.44322727735089], [-78.52053381323161, 48.44255502720215], [-78.52062978949247, 48.442476118826484], [-78.5207544017042, 48.44231235147302], [-78.52070941208031, 48.45949657544892], [-78.52069337154919, 48.45949622968625]]]}, "properties": {"company_id": "cartier-resources", "jurisdiction": "Quebec", "claim_id": "", "claim_name": null, "holder": "Ressources Cartier inc.", "status": "Active", "recorded_date": null, "anniversary_or_expiry": null, "area_ha": null, "tenure_type": null, "source": "GESTIM active titles (MRNF digital data dump). Not legal title.", "as_of": "2026-09-20", "role": "focus", "color": "#e8b040"}}, {"type": "Feature", "geometry": {"type": "Polygon", "coordinates": [[[-78.58085773893913, 48.45942324021938], [-78.57736999928188, 48.45942631151625], [-78.57740094334704, 48.438759842738136], [-78.57742499325917, 48.43876934677433], [-78.57772653709355, 48.43891515853216], [-78.57785944223913, 48.43903492446781], [-78.57801806124068, 48.43921821391158], [-78.57806882509342, 48.43939473323377], [-78.57807402117851, 48.439871707611914], [-78.57778573646934, 48.44014005884728], [-78.57778400026467, 48.44022999679776], [-78.57787508153265, 48.440393869096795], [-78.57784325157407, 48.440672119748704], [-78.57785631138073, 48.440717382040184], [-78.57792212494412, 48.44079074764506], [-78.57847293907217, 48.44099129247105], [-78.5785396126725, 48.44102868602184], [-78.57856575491924, 48.44108322111103], [-78.57854264642148, 48.44162258156049], [-78.57801860374575, 48.44217388789944], [-78.57753528384045, 48.442757540650625], [-78.57743416866982, 48.44310631136483], [-78.57752394430518, 48.44335113338536], [-78.5778679732853, 48.443776760242685], [-78.57798845011074, 48.443873770537174], [-78.57805514055087, 48.443911164692935], [-78.57836476170874, 48.44399416249006], [-78.57867441862335, 48.4440411704167], [-78.57897272806517, 48.443988966743035], [-78.57931285257968, 48.44389265515014], [-78.57961009224812, 48.443862920925646], [-78.58005764665046, 48.44381835381104], [-78.58036858904843, 48.44382039699388], [-78.58061219847541, 48.44379852936137], [-78.58090287590657, 48.44380014481354], [-78.58088053721569, 48.45942371970878], [-78.58085773893913, 48.45942324021938]]]}, "properties": {"company_id": "cartier-resources", "jurisdiction": "Quebec", "claim_id": "", "claim_name": null, "holder": "Ressources Cartier inc.", "status": "Active", "recorded_date": null, "anniversary_or_expiry": null, "area_ha": null, "tenure_type": null, "source": "GESTIM active titles (MRNF digital data dump). Not legal title.", "as_of": "2026-09-20", "role": "focus", "color": "#e8b040"}}, {"type": "Feature", "geometry": {"type": "Polygon", "coordinates": [[[-78.61267086370964, 48.459377131374495], [-78.60916515155168, 48.45938529335551], [-78.60919084109526, 48.443235472106686], [-78.60948468359554, 48.44313361069511], [-78.60977029296578, 48.443063068416606], [-78.61189894464073, 48.44269340440775], [-78.61262974170663, 48.44260960417235], [-78.6126839922335, 48.44260623152142], [-78.61267086370964, 48.459377131374495]]]}, "properties": {"company_id": "cartier-resources", "jurisdiction": "Quebec", "claim_id": "", "claim_name": null, "holder": "Ressources Cartier inc.", "status": "Active", "recorded_date": null, "anniversary_or_expiry": null, "area_ha": null, "tenure_type": null, "source": "GESTIM active titles (MRNF digital data dump). Not legal title.", "as_of": "2026-09-20", "role": "focus", "color": "#e8b040"}}, {"type": "Feature", "geometry": {"type": "Polygon", "coordinates": [[[-78.56316592299116, 48.45944567201948], [-78.56301536537241, 48.459446980938246], [-78.56304432681, 48.4432521865054], [-78.56322439556966, 48.443251503016036], [-78.56364388026282, 48.443192908889216], [-78.56444447271161, 48.44304791100228], [-78.56476935645713, 48.443023299274444], [-78.56495916634289, 48.44297783203243], [-78.56508075249556, 48.44298040616888], [-78.56521692286162, 48.44296079527431], [-78.5657706224264, 48.44295901934229], [-78.56585208773625, 48.442969740964905], [-78.56590634091476, 48.442966390440525], [-78.56632538267408, 48.44293476954337], [-78.5664617889691, 48.442892668525595], [-78.5665701100294, 48.442854471856464], [-78.56654214498248, 48.45944067256671], [-78.56316592299116, 48.45944567201948]]]}, "properties": {"company_id": "cartier-resources", "jurisdiction": "Quebec", "claim_id": "", "claim_name": null, "holder": "Ressources Cartier inc.", "status": "Active", "recorded_date": null, "anniversary_or_expiry": null, "area_ha": null, "tenure_type": null, "source": "GESTIM active titles (MRNF digital data dump). Not legal title.", "as_of": "2026-09-20", "role": "focus", "color": "#e8b040"}}, {"type": "Feature", "geometry": {"type": "Polygon", "coordinates": [[[-78.5383963829994, 48.45947157931538], [-78.53488314432127, 48.45947731404682], [-78.53492263912305, 48.44248193583165], [-78.53521423532626, 48.4425691626887], [-78.53544207988884, 48.44266402017809], [-78.53626220680036, 48.4429200248527], [-78.53642386431368, 48.442950480152675], [-78.53712450662415, 48.44307345570589], [-78.53744625688485, 48.44318381627675], [-78.53797169949596, 48.44331203272554], [-78.53843378106397, 48.443456885635044], [-78.53843284376613, 48.444595046555236], [-78.53842987028465, 48.444918892093256], [-78.53842342823955, 48.4472895889981], [-78.53841281781047, 48.45144169490294], [-78.53840778149244, 48.45339853626633], [-78.53840314318728, 48.455679294285744], [-78.5383963829994, 48.45947157931538]]]}, "properties": {"company_id": "cartier-resources", "jurisdiction": "Quebec", "claim_id": "", "claim_name": null, "holder": "Ressources Cartier inc.", "status": "Active", "recorded_date": null, "anniversary_or_expiry": null, "area_ha": null, "tenure_type": null, "source": "GESTIM active titles (MRNF digital data dump). Not legal title.", "as_of": "2026-09-20", "role": "focus", "color": "#e8b040"}}, {"type": "Feature", "geometry": {"type": "Polygon", "coordinates": [[[-78.5277586899523, 48.45948635537163], [-78.52424461013699, 48.45949174675103], [-78.52428900851812, 48.44219054675399], [-78.52432510205384, 48.44219582244194], [-78.5244742966052, 48.44222152758188], [-78.52473120829124, 48.44220456341872], [-78.52493403835369, 48.44222242480536], [-78.52500070932211, 48.44224185454995], [-78.52535119231055, 48.442316877503245], [-78.52600990084706, 48.44250200115661], [-78.52648017762546, 48.44265157737833], [-78.52707137112127, 48.44281724786768], [-78.5277593505648, 48.442922013395645], [-78.52779987810705, 48.44292288455518], [-78.5277586899523, 48.45948635537163]]]}, "properties": {"company_id": "cartier-resources", "jurisdiction": "Quebec", "claim_id": "", "claim_name": null, "holder": "Ressources Cartier inc.", "status": "Active", "recorded_date": null, "anniversary_or_expiry": null, "area_ha": null, "tenure_type": null, "source": "GESTIM active titles (MRNF digital data dump). Not legal title.", "as_of": "2026-09-20", "role": "focus", "color": "#e8b040"}}, {"type": "Feature", "geometry": {"type": "Polygon", "coordinates": [[[-78.52777473056595, 48.459486700149526], [-78.5277586899523, 48.45948635537163], [-78.52779987810705, 48.44292288455518], [-78.52782055651177, 48.4429323265303], [-78.52813738950628, 48.442934637717826], [-78.52839428228243, 48.44293565992338], [-78.52867686308306, 48.44298222097027], [-78.52904270229381, 48.44296758770481], [-78.52911026968174, 48.442951044362026], [-78.52917825190039, 48.44294350737861], [-78.52928636031588, 48.44292783488118], [-78.53059144333078, 48.44255997436271], [-78.53137773092001, 48.44229343328596], [-78.53133696276196, 48.45948223431432], [-78.53131584098928, 48.45948178097617], [-78.52777473056595, 48.459486700149526]]]}, "properties": {"company_id": "cartier-resources", "jurisdiction": "Quebec", "claim_id": "", "claim_name": null, "holder": "Ressources Cartier inc.", "status": "Active", "recorded_date": null, "anniversary_or_expiry": null, "area_ha": null, "tenure_type": null, "source": "GESTIM active titles (MRNF digital data dump). Not legal title.", "as_of": "2026-09-20", "role": "focus", "color": "#e8b040"}}, {"type": "Feature", "geometry": {"type": "Polygon", "coordinates": [[[-78.61270381180996, 48.45937781520837], [-78.61267086370964, 48.459377131374495], [-78.6126839922335, 48.44260623152142], [-78.61327990159694, 48.442551118267296], [-78.61436426038968, 48.442407162670754], [-78.61474275312386, 48.44239251912357], [-78.61573127293913, 48.442273555314095], [-78.6162229003322, 48.442243257277376], [-78.61621100561204, 48.45937407468191], [-78.61270381180996, 48.45937781520837]]]}, "properties": {"company_id": "cartier-resources", "jurisdiction": "Quebec", "claim_id": "", "claim_name": null, "holder": "Ressources Cartier inc.", "status": "Active", "recorded_date": null, "anniversary_or_expiry": null, "area_ha": null, "tenure_type": null, "source": "GESTIM active titles (MRNF digital data dump). Not legal title.", "as_of": "2026-09-20", "role": "focus", "color": "#e8b040"}}, {"type": "Feature", "geometry": {"type": "Polygon", "coordinates": [[[-78.51007177168071, 48.459509715209734], [-78.50654334450657, 48.45951425463936], [-78.50659536391598, 48.44152488971186], [-78.50661455568209, 48.44152980454226], [-78.50667090960131, 48.441535525028385], [-78.50731646746583, 48.44171147363194], [-78.5082424206912, 48.442064446480266], [-78.50876175990284, 48.44245359232013], [-78.50902791762388, 48.442679796125695], [-78.50943471085867, 48.4433139324999], [-78.50959499133465, 48.44338938330705], [-78.51006496398826, 48.44356151405409], [-78.51010461233399, 48.443580367423586], [-78.51007177168071, 48.459509715209734]]]}, "properties": {"company_id": "cartier-resources", "jurisdiction": "Quebec", "claim_id": "", "claim_name": null, "holder": "Ressources Cartier inc.", "status": "Active", "recorded_date": null, "anniversary_or_expiry": null, "area_ha": null, "tenure_type": null, "source": "GESTIM active titles (MRNF digital data dump). Not legal title.", "as_of": "2026-09-20", "role": "focus", "color": "#e8b040"}}, {"type": "Feature", "geometry": {"type": "Polygon", "coordinates": [[[-78.61624141308218, 48.459374704848685], [-78.61621100561204, 48.45937407468191], [-78.6162229003322, 48.442243257277376], [-78.61661130398183, 48.44221531686486], [-78.61712614601257, 48.442158503771715], [-78.61787003388066, 48.442137923408595], [-78.61816787514175, 48.44209460591321], [-78.6183985870909, 48.44204090022174], [-78.61846612611937, 48.44202430387984], [-78.6185345162254, 48.44200772512048], [-78.6188467099291, 48.44192871337692], [-78.61936257944126, 48.44179543351429], [-78.61964796118122, 48.44171136592745], [-78.61972584182524, 48.441690484168205], [-78.61972606262357, 48.4417039848626], [-78.61970721556945, 48.45936999982178], [-78.61624141308218, 48.459374704848685]]]}, "properties": {"company_id": "cartier-resources", "jurisdiction": "Quebec", "claim_id": "", "claim_name": null, "holder": "Ressources Cartier inc.", "status": "Active", "recorded_date": null, "anniversary_or_expiry": null, "area_ha": null, "tenure_type": null, "source": "GESTIM active titles (MRNF digital data dump). Not legal title.", "as_of": "2026-09-20", "role": "focus", "color": "#e8b040"}}, {"type": "Feature", "geometry": {"type": "Polygon", "coordinates": [[[-78.53485611703147, 48.459476734791735], [-78.53133696276196, 48.45948223431432], [-78.53137773092001, 48.44229343328596], [-78.53139420196862, 48.4422847893371], [-78.53185512292374, 48.442209205545005], [-78.53241010270479, 48.44218062543079], [-78.53276115337198, 48.442174660547046], [-78.53330195033803, 48.44217726307162], [-78.53409759228207, 48.44227530219153], [-78.53452850517671, 48.442365517744456], [-78.53490259301296, 48.44247700743311], [-78.53492263912305, 48.44248193583165], [-78.53488314432127, 48.45947731404682], [-78.53485611703147, 48.459476734791735]]]}, "properties": {"company_id": "cartier-resources", "jurisdiction": "Quebec", "claim_id": "", "claim_name": null, "holder": "Ressources Cartier inc.", "status": "Active", "recorded_date": null, "anniversary_or_expiry": null, "area_ha": null, "tenure_type": null, "source": "GESTIM active titles (MRNF digital data dump). Not legal title.", "as_of": "2026-09-20", "role": "focus", "color": "#e8b040"}}, {"type": "Feature", "geometry": {"type": "Polygon", "coordinates": [[[-78.52424461013699, 48.45949174675103], [-78.52070941208031, 48.45949657544892], [-78.5207544017042, 48.44231235147302], [-78.52075420716483, 48.442298851037435], [-78.52093458049096, 48.44211829051248], [-78.52114111916974, 48.441938293660314], [-78.52146932127668, 48.441706933447115], [-78.52179697371135, 48.441556537911325], [-78.52202755870414, 48.441507521289644], [-78.52210882990495, 48.441504773558655], [-78.52221640141754, 48.441552078608055], [-78.52226858855636, 48.441643177861756], [-78.52233525769796, 48.44166260912343], [-78.52252459947518, 48.44166218921181], [-78.52261870005287, 48.44169120870946], [-78.52294172055406, 48.441774644986026], [-78.52331698187832, 48.441931185282044], [-78.52400222172301, 48.44214388432287], [-78.52428900851812, 48.44219054675399], [-78.52424461013699, 48.45949174675103]]]}, "properties": {"company_id": "cartier-resources", "jurisdiction": "Quebec", "claim_id": "", "claim_name": null, "holder": "Ressources Cartier inc.", "status": "Active", "recorded_date": null, "anniversary_or_expiry": null, "area_ha": null, "tenure_type": null, "source": "GESTIM active titles (MRNF digital data dump). Not legal title.", "as_of": "2026-09-20", "role": "focus", "color": "#e8b040"}}, {"type": "Feature", "geometry": {"type": "Polygon", "coordinates": [[[-78.50297186839403, 48.45951775619587], [-78.49945021850726, 48.459522224945474], [-78.49950439105301, 48.441987272810444], [-78.4995246540182, 48.441987713360824], [-78.49976895831345, 48.441952535853616], [-78.49999959625723, 48.44188556946537], [-78.50025829096849, 48.441832708706954], [-78.5007460009332, 48.44178032555965], [-78.50146571291977, 48.44161601310721], [-78.501885215476, 48.441575639598085], [-78.5025070810381, 48.44156215295692], [-78.50300708779861, 48.44158650609967], [-78.50302481104674, 48.44158689089277], [-78.50297186839403, 48.45951775619587]]]}, "properties": {"company_id": "cartier-resources", "jurisdiction": "Quebec", "claim_id": "", "claim_name": null, "holder": "Ressources Cartier inc.", "status": "Active", "recorded_date": null, "anniversary_or_expiry": null, "area_ha": null, "tenure_type": null, "source": "GESTIM active titles (MRNF digital data dump). Not legal title.", "as_of": "2026-09-20", "role": "focus", "color": "#e8b040"}}, {"type": "Feature", "geometry": {"type": "Polygon", "coordinates": [[[-78.50297186839403, 48.45951775619587], [-78.49945021850726, 48.459522224945474], [-78.49950439105301, 48.441987272810444], [-78.4995246540182, 48.441987713360824], [-78.49976895831345, 48.441952535853616], [-78.49999959625723, 48.44188556946537], [-78.50025829096849, 48.441832708706954], [-78.5007460009332, 48.44178032555965], [-78.50146571291977, 48.44161601310721], [-78.501885215476, 48.441575639598085], [-78.5025070810381, 48.44156215295692], [-78.50300708779861, 48.44158650609967], [-78.50302481104674, 48.44158689089277], [-78.50297186839403, 48.45951775619587]]]}, "properties": {"company_id": "cartier-resources", "jurisdiction": "Quebec", "claim_id": "", "claim_name": null, "holder": "Ressources Cartier inc.", "status": "Active", "recorded_date": null, "anniversary_or_expiry": null, "area_ha": null, "tenure_type": null, "source": "GESTIM active titles (MRNF digital data dump). Not legal title.", "as_of": "2026-09-20", "role": "focus", "color": "#e8b040"}}, {"type": "Feature", "geometry": {"type": "Polygon", "coordinates": [[[-78.56670368951191, 48.45943959145754], [-78.56654214498248, 48.45944067256671], [-78.5665701100294, 48.442854471856464], [-78.56662500744709, 48.44283763843864], [-78.56678935865406, 48.44268815878617], [-78.5668861320103, 48.44257323913273], [-78.56709206225965, 48.44242013992162], [-78.5676516767906, 48.44213506017927], [-78.567897937439, 48.44196931626636], [-78.56806249674139, 48.441815340475536], [-78.5684083694191, 48.44140427164491], [-78.56884750519632, 48.44104016051016], [-78.56891682339992, 48.4409336562571], [-78.56926091821275, 48.440612521864914], [-78.56937030505367, 48.4405518514552], [-78.56969827696713, 48.44033834451729], [-78.57008408775944, 48.44011706119523], [-78.5700526720492, 48.459438411320995], [-78.56670368951191, 48.45943959145754]]]}, "properties": {"company_id": "cartier-resources", "jurisdiction": "Quebec", "claim_id": "", "claim_name": null, "holder": "Ressources Cartier inc.", "status": "Active", "recorded_date": null, "anniversary_or_expiry": null, "area_ha": null, "tenure_type": null, "source": "GESTIM active titles (MRNF digital data dump). Not legal title.", "as_of": "2026-09-20", "role": "focus", "color": "#e8b040"}}, {"type": "Feature", "geometry": {"type": "Polygon", "coordinates": [[[-78.61978006604905, 48.45936700865375], [-78.61970721556945, 48.45936999982178], [-78.61972606262357, 48.4417039848626], [-78.61972584182524, 48.441690484168205], [-78.62002768943972, 48.44161575382235], [-78.62027315657151, 48.441517362621546], [-78.62061319323915, 48.44140293251338], [-78.62081730267987, 48.44132167939384], [-78.62104904960344, 48.44120950660638], [-78.6215252102477, 48.441003416414745], [-78.62167548400129, 48.440952539422135], [-78.6218922599267, 48.44088954115608], [-78.62202818383433, 48.44085636183194], [-78.62300648755726, 48.44057517091678], [-78.6231795745832, 48.44054275827103], [-78.62316901465768, 48.45936060885043], [-78.61978006604905, 48.45936700865375]]]}, "properties": {"company_id": "cartier-resources", "jurisdiction": "Quebec", "claim_id": "", "claim_name": null, "holder": "Ressources Cartier inc.", "status": "Active", "recorded_date": null, "anniversary_or_expiry": null, "area_ha": null, "tenure_type": null, "source": "GESTIM active titles (MRNF digital data dump). Not legal title.", "as_of": "2026-09-20", "role": "focus", "color": "#e8b040"}}, {"type": "Feature", "geometry": {"type": "Polygon", "coordinates": [[[-78.5029904347255, 48.45951815420879], [-78.50297185389753, 48.45951775082234], [-78.50302479655717, 48.44158688552687], [-78.50306025656211, 48.4415876553982], [-78.50329053300845, 48.44159715341308], [-78.50412850589633, 48.441606344245876], [-78.50433186932061, 48.44156127106203], [-78.50437283562205, 48.44155316250441], [-78.50471172482501, 48.44150203188944], [-78.505711579604, 48.44151922208401], [-78.50591489833873, 48.44149214015194], [-78.50644151293348, 48.44150805785068], [-78.50654999250311, 48.441519407294734], [-78.50659536391598, 48.44152488971186], [-78.50654334450657, 48.45951425463936], [-78.5029904347255, 48.45951815420879]]]}, "properties": {"company_id": "cartier-resources", "jurisdiction": "Quebec", "claim_id": "", "claim_name": null, "holder": "Ressources Cartier inc.", "status": "Active", "recorded_date": null, "anniversary_or_expiry": null, "area_ha": null, "tenure_type": null, "source": "GESTIM active titles (MRNF digital data dump). Not legal title.", "as_of": "2026-09-20", "role": "focus", "color": "#e8b040"}}, {"type": "Feature", "geometry": {"type": "Polygon", "coordinates": [[[-78.62331852553602, 48.45936369819372], [-78.62316901465768, 48.45936060885043], [-78.6231795745832, 48.44054275827103], [-78.62319667125374, 48.440538612868956], [-78.62357638300901, 48.44046098357774], [-78.62380645297478, 48.4404207499315], [-78.62387441982412, 48.4404131566779], [-78.62430839072375, 48.44033214720615], [-78.6252850065713, 48.440140876250396], [-78.62585508973038, 48.43998619315878], [-78.62595049418043, 48.43995217280236], [-78.62600430920449, 48.43993978747431], [-78.62624914152475, 48.43987286141583], [-78.62663770664265, 48.43976841252259], [-78.6266583896009, 48.439759841904255], [-78.62664749982011, 48.4593559565848], [-78.62331852553602, 48.45936369819372]]]}, "properties": {"company_id": "cartier-resources", "jurisdiction": "Quebec", "claim_id": "", "claim_name": null, "holder": "Ressources Cartier inc.", "status": "Active", "recorded_date": null, "anniversary_or_expiry": null, "area_ha": null, "tenure_type": null, "source": "GESTIM active titles (MRNF digital data dump). Not legal title.", "as_of": "2026-09-20", "role": "focus", "color": "#e8b040"}}, {"type": "Feature", "geometry": {"type": "Polygon", "coordinates": [[[-78.64454929602596, 48.45932355296714], [-78.64430561542603, 48.45932756009734], [-78.64430951463827, 48.437050104563234], [-78.64430990995216, 48.43671271001479], [-78.64460697934618, 48.436556840833596], [-78.64594499965727, 48.43576547075388], [-78.6463528934133, 48.43562536143617], [-78.64684119880734, 48.435500392012045], [-78.64725397356408, 48.4354008676903], [-78.64725421568367, 48.43545035836243], [-78.64725426367824, 48.43550434376483], [-78.6472498730817, 48.43722725648693], [-78.6472490474237, 48.43751965512855], [-78.64724039206838, 48.44140185541524], [-78.64723108798535, 48.44473070070033], [-78.6472313229309, 48.44476219637596], [-78.64722879960597, 48.44560340079671], [-78.64721396553428, 48.45113649012384], [-78.64720338271107, 48.454748721977545], [-78.64719497568683, 48.45931921666327], [-78.64454929602596, 48.45932355296714]]]}, "properties": {"company_id": "cartier-resources", "jurisdiction": "Quebec", "claim_id": "", "claim_name": null, "holder": "Ressources Cartier inc.", "status": "Active", "recorded_date": null, "anniversary_or_expiry": null, "area_ha": null, "tenure_type": null, "source": "GESTIM active titles (MRNF digital data dump). Not legal title.", "as_of": "2026-09-20", "role": "focus", "color": "#e8b040"}}, {"type": "Feature", "geometry": {"type": "Polygon", "coordinates": [[[-78.62685718464355, 48.459355784205016], [-78.62664749982011, 48.4593559565848], [-78.6266583896009, 48.439759841904255], [-78.62791884938288, 48.43942594810083], [-78.62831206914223, 48.43936657663169], [-78.62886925398098, 48.43921611138056], [-78.6290182733097, 48.439192191204455], [-78.62914005134444, 48.43917220800714], [-78.6293574392191, 48.43911370703607], [-78.62956110821652, 48.43905942161874], [-78.62962865408164, 48.43906081370774], [-78.62985934091648, 48.4390070845777], [-78.62988677681003, 48.43898065771568], [-78.63019934010174, 48.4388926254563], [-78.63023269368902, 48.43888431526635], [-78.63022334017712, 48.45934870611423], [-78.62685718464355, 48.459355784205016]]]}, "properties": {"company_id": "cartier-resources", "jurisdiction": "Quebec", "claim_id": "", "claim_name": null, "holder": "Ressources Cartier inc.", "status": "Active", "recorded_date": null, "anniversary_or_expiry": null, "area_ha": null, "tenure_type": null, "source": "GESTIM active titles (MRNF digital data dump). Not legal title.", "as_of": "2026-09-20", "role": "focus", "color": "#e8b040"}}, {"type": "Feature", "geometry": {"type": "Polygon", "coordinates": [[[-78.6303956508539, 48.459352255973094], [-78.63022334017712, 48.45934870611423], [-78.63023269368902, 48.43888431526635], [-78.63059337315529, 48.43876128366717], [-78.6306609040804, 48.43874468001934], [-78.6311902358874, 48.43862961942331], [-78.63173286393939, 48.43850133406366], [-78.63189600251171, 48.43846420477924], [-78.63275283470601, 48.43815793658838], [-78.63349951681295, 48.43794836720201], [-78.63372258925024, 48.43789447367601], [-78.63371365694418, 48.45934408372238], [-78.6303956508539, 48.459352255973094]]]}, "properties": {"company_id": "cartier-resources", "jurisdiction": "Quebec", "claim_id": "", "claim_name": null, "holder": "Ressources Cartier inc.", "status": "Active", "recorded_date": null, "anniversary_or_expiry": null, "area_ha": null, "tenure_type": null, "source": "GESTIM active titles (MRNF digital data dump). Not legal title.", "as_of": "2026-09-20", "role": "focus", "color": "#e8b040"}}, {"type": "Feature", "geometry": {"type": "Polygon", "coordinates": [[[-78.57024208253202, 48.45943791392971], [-78.5700526720492, 48.459438411320995], [-78.57008408775944, 48.44011706119523], [-78.57137854252673, 48.43937961859748], [-78.57226735675705, 48.43883604251896], [-78.57288336882898, 48.43839467240752], [-78.57333791848154, 48.437918401272356], [-78.57366539840368, 48.43776785490628], [-78.57368418642326, 48.43776375253745], [-78.57365042041509, 48.45943338404927], [-78.57024208253202, 48.45943791392971]]]}, "properties": {"company_id": "cartier-resources", "jurisdiction": "Quebec", "claim_id": "", "claim_name": null, "holder": "Ressources Cartier inc.", "status": "Active", "recorded_date": null, "anniversary_or_expiry": null, "area_ha": null, "tenure_type": null, "source": "GESTIM active titles (MRNF digital data dump). Not legal title.", "as_of": "2026-09-20", "role": "focus", "color": "#e8b040"}}, {"type": "Feature", "geometry": {"type": "Polygon", "coordinates": [[[-78.63747193744545, 48.45934036069786], [-78.63732412794842, 48.459337324719264], [-78.63733093799532, 48.43757276816699], [-78.63752068749102, 48.43756316979495], [-78.63816952583502, 48.437549503320255], [-78.63923776788224, 48.43754894122215], [-78.63957568016937, 48.43753338310672], [-78.63992753562309, 48.43752710751575], [-78.64019833334551, 48.43750117297187], [-78.64084354417996, 48.43743793124564], [-78.64084340470147, 48.43755039595645], [-78.6408381017936, 48.45933297187265], [-78.63747193744545, 48.45934036069786]]]}, "properties": {"company_id": "cartier-resources", "jurisdiction": "Quebec", "claim_id": "", "claim_name": null, "holder": "Ressources Cartier inc.", "status": "Active", "recorded_date": null, "anniversary_or_expiry": null, "area_ha": null, "tenure_type": null, "source": "GESTIM active titles (MRNF digital data dump). Not legal title.", "as_of": "2026-09-20", "role": "focus", "color": "#e8b040"}}, {"type": "Feature", "geometry": {"type": "Polygon", "coordinates": [[[-78.64101062209397, 48.45933201142296], [-78.6408381017936, 48.45933297187265], [-78.64084340470147, 48.43755039595645], [-78.64084354417996, 48.43743793124564], [-78.64133530351945, 48.4373850352082], [-78.64145771574653, 48.43736955069994], [-78.64175633861358, 48.437290198650246], [-78.64179684653172, 48.43727303440025], [-78.64199968693549, 48.437272694453696], [-78.64210735996333, 48.43730189410049], [-78.64247230648306, 48.43730487650644], [-78.64290602107566, 48.437246285263654], [-78.64312276174974, 48.437201241182365], [-78.64324515399576, 48.43716775955573], [-78.64344879559421, 48.43709545423656], [-78.64385668740249, 48.43693735888234], [-78.64403456316846, 48.43685552729514], [-78.64423878731546, 48.43673374679346], [-78.64430990995216, 48.43671271001479], [-78.64430951463827, 48.437050104563234], [-78.64430561542603, 48.45932756009734], [-78.64101062209397, 48.45933201142296]]]}, "properties": {"company_id": "cartier-resources", "jurisdiction": "Quebec", "claim_id": "", "claim_name": null, "holder": "Ressources Cartier inc.", "status": "Active", "recorded_date": null, "anniversary_or_expiry": null, "area_ha": null, "tenure_type": null, "source": "GESTIM active titles (MRNF digital data dump). Not legal title.", "as_of": "2026-09-20", "role": "focus", "color": "#e8b040"}}, {"type": "Feature", "geometry": {"type": "Polygon", "coordinates": [[[-78.63393347811278, 48.45934410695424], [-78.63371365694418, 48.45934408372238], [-78.63372258925024, 48.43789447367601], [-78.63375763025275, 48.43788619718343], [-78.63420528513927, 48.43781892810895], [-78.63455712416865, 48.437776678972725], [-78.63484141828769, 48.43773303978871], [-78.635329580861, 48.437648604517875], [-78.63611495288997, 48.4375882709033], [-78.63710130439077, 48.4375860455449], [-78.63729570273462, 48.43758554045973], [-78.63733093799532, 48.43757276816699], [-78.63732412794842, 48.459337324719264], [-78.63393347811278, 48.45934410695424]]]}, "properties": {"company_id": "cartier-resources", "jurisdiction": "Quebec", "claim_id": "", "claim_name": null, "holder": "Ressources Cartier inc.", "status": "Active", "recorded_date": null, "anniversary_or_expiry": null, "area_ha": null, "tenure_type": null, "source": "GESTIM active titles (MRNF digital data dump). Not legal title.", "as_of": "2026-09-20", "role": "focus", "color": "#e8b040"}}, {"type": "Feature", "geometry": {"type": "Polygon", "coordinates": [[[-78.57378070720316, 48.45943163361589], [-78.57365042041509, 48.45943338404927], [-78.57368418642326, 48.43776375253745], [-78.57370297443994, 48.43775965016552], [-78.57419550538995, 48.43760358666757], [-78.57461493217362, 48.437544951483964], [-78.57492626354873, 48.43753802031527], [-78.57514218123289, 48.43754707158556], [-78.57537203522229, 48.43754741879437], [-78.57589821001757, 48.43759000133309], [-78.57614069400837, 48.43764459794346], [-78.5763424216765, 48.437720828819565], [-78.5765151992709, 48.43787292768701], [-78.57663283449546, 48.43810034278341], [-78.57687050957243, 48.438415762695854], [-78.57693631884291, 48.4384891288189], [-78.57716397247128, 48.43864238278722], [-78.57740094334704, 48.438759842738136], [-78.57736999928188, 48.45942631151625], [-78.57731910757904, 48.45942973832303], [-78.57378070720316, 48.45943163361589]]]}, "properties": {"company_id": "cartier-resources", "jurisdiction": "Quebec", "claim_id": "", "claim_name": null, "holder": "Ressources Cartier inc.", "status": "Active", "recorded_date": null, "anniversary_or_expiry": null, "area_ha": null, "tenure_type": null, "source": "GESTIM active titles (MRNF digital data dump). Not legal title.", "as_of": "2026-09-20", "role": "focus", "color": "#e8b040"}}, {"type": "Feature", "geometry": {"type": "Polygon", "coordinates": [[[-78.64430990995216, 48.43671271001479], [-78.64427107319328, 48.43015280383789], [-78.64726429421638, 48.430146593141814], [-78.6472548618175, 48.43490602864809], [-78.6472550764453, 48.434919529144835], [-78.64725397356408, 48.4354008676903], [-78.64684119880734, 48.435500392012045], [-78.6463528934133, 48.43562536143617], [-78.64594499965727, 48.43576547075388], [-78.64460697934618, 48.436556840833596], [-78.64430990995216, 48.43671271001479]]]}, "properties": {"company_id": "cartier-resources", "jurisdiction": "Quebec", "claim_id": "", "claim_name": null, "holder": "Ressources Cartier inc.", "status": "Active", "recorded_date": null, "anniversary_or_expiry": null, "area_ha": null, "tenure_type": null, "source": "GESTIM active titles (MRNF digital data dump). Not legal title.", "as_of": "2026-09-20", "role": "focus", "color": "#e8b040"}}, {"type": "Feature", "geometry": {"type": "Polygon", "coordinates": [[[-78.64084354417996, 48.43743793124564], [-78.64081736511962, 48.430158489097195], [-78.64181369065945, 48.430156428507644], [-78.64317238607036, 48.43015728687877], [-78.64427107319328, 48.43015280383789], [-78.64430990995216, 48.43671271001479], [-78.64423878731546, 48.43673374679346], [-78.64403456316846, 48.43685552729514], [-78.64385668740249, 48.43693735888234], [-78.64344879559421, 48.43709545423656], [-78.64324515399576, 48.43716775955573], [-78.64312276174974, 48.437201241182365], [-78.64290602107566, 48.437246285263654], [-78.64247230648306, 48.43730487650644], [-78.64210735996333, 48.43730189410049], [-78.64199968693549, 48.437272694453696], [-78.64179684653172, 48.43727303440025], [-78.64175633861358, 48.437290198650246], [-78.64145771574653, 48.43736955069994], [-78.64133530351945, 48.4373850352082], [-78.64084354417996, 48.43743793124564]]]}, "properties": {"company_id": "cartier-resources", "jurisdiction": "Quebec", "claim_id": "", "claim_name": null, "holder": "Ressources Cartier inc.", "status": "Active", "recorded_date": null, "anniversary_or_expiry": null, "area_ha": null, "tenure_type": null, "source": "GESTIM active titles (MRNF digital data dump). Not legal title.", "as_of": "2026-09-20", "role": "focus", "color": "#e8b040"}}, {"type": "Feature", "geometry": {"type": "Polygon", "coordinates": [[[-78.63729570273462, 48.43758554045973], [-78.63726213641023, 48.4301664837062], [-78.64081736511962, 48.430158489097195], [-78.64084354417996, 48.43743793124564], [-78.64019833334551, 48.43750117297187], [-78.63992753562309, 48.43752710751575], [-78.63957568016937, 48.43753338310672], [-78.63923776788224, 48.43754894122215], [-78.63816952583502, 48.437549503320255], [-78.63752068749102, 48.43756316979495], [-78.63733093799532, 48.43757276816699], [-78.63729570273462, 48.43758554045973]]]}, "properties": {"company_id": "cartier-resources", "jurisdiction": "Quebec", "claim_id": "", "claim_name": null, "holder": "Ressources Cartier inc.", "status": "Active", "recorded_date": null, "anniversary_or_expiry": null, "area_ha": null, "tenure_type": null, "source": "GESTIM active titles (MRNF digital data dump). Not legal title.", "as_of": "2026-09-20", "role": "focus", "color": "#e8b040"}}, {"type": "Feature", "geometry": {"type": "Polygon", "coordinates": [[[-78.63729570273462, 48.43758554045973], [-78.63710130439077, 48.4375860455449], [-78.63611495288997, 48.4375882709033], [-78.635329580861, 48.437648604517875], [-78.63484141828769, 48.43773303978871], [-78.63455712416865, 48.437776678972725], [-78.63420528513927, 48.43781892810895], [-78.63375763025275, 48.43788619718343], [-78.63372258925024, 48.43789447367601], [-78.63375589015462, 48.437796187276014], [-78.63372211932969, 48.430174681288776], [-78.63726213641023, 48.4301664837062], [-78.63729570273462, 48.43758554045973]]]}, "properties": {"company_id": "cartier-resources", "jurisdiction": "Quebec", "claim_id": "", "claim_name": null, "holder": "Ressources Cartier inc.", "status": "Active", "recorded_date": null, "anniversary_or_expiry": null, "area_ha": null, "tenure_type": null, "source": "GESTIM active titles (MRNF digital data dump). Not legal title.", "as_of": "2026-09-20", "role": "focus", "color": "#e8b040"}}, {"type": "Feature", "geometry": {"type": "Polygon", "coordinates": [[[-78.63019934010174, 48.4388926254563], [-78.63016014300611, 48.4301823173356], [-78.63372211932969, 48.430174681288776], [-78.63375589015462, 48.437796187276014], [-78.63372258925024, 48.43789447367601], [-78.63349951681295, 48.43794836720201], [-78.63275283470601, 48.43815793658838], [-78.63189600251171, 48.43846420477924], [-78.63173286393939, 48.43850133406366], [-78.6311902358874, 48.43862961942331], [-78.6306609040804, 48.43874468001934], [-78.63059337315529, 48.43876128366717], [-78.63023269368902, 48.43888431526635], [-78.63019934010174, 48.4388926254563]]]}, "properties": {"company_id": "cartier-resources", "jurisdiction": "Quebec", "claim_id": "", "claim_name": null, "holder": "Ressources Cartier inc.", "status": "Active", "recorded_date": null, "anniversary_or_expiry": null, "area_ha": null, "tenure_type": null, "source": "GESTIM active titles (MRNF digital data dump). Not legal title.", "as_of": "2026-09-20", "role": "focus", "color": "#e8b040"}}, {"type": "Feature", "geometry": {"type": "Polygon", "coordinates": [[[-78.6266583896009, 48.439759841904255], [-78.62663770664265, 48.43976841252259], [-78.62659670423768, 48.43018531407288], [-78.62986532305663, 48.43018074078394], [-78.63016014300611, 48.4301823173356], [-78.63019934010174, 48.4388926254563], [-78.62988677681003, 48.43898065771568], [-78.62985934091648, 48.4390070845777], [-78.62962865408164, 48.43906081370774], [-78.62956110821652, 48.43905942161874], [-78.6293574392191, 48.43911370703607], [-78.62914005134444, 48.43917220800714], [-78.6290182733097, 48.439192191204455], [-78.62886925398098, 48.43921611138056], [-78.62831206914223, 48.43936657663169], [-78.62791884938288, 48.43942594810083], [-78.6266583896009, 48.439759841904255]]]}, "properties": {"company_id": "cartier-resources", "jurisdiction": "Quebec", "claim_id": "", "claim_name": null, "holder": "Ressources Cartier inc.", "status": "Active", "recorded_date": null, "anniversary_or_expiry": null, "area_ha": null, "tenure_type": null, "source": "GESTIM active titles (MRNF digital data dump). Not legal title.", "as_of": "2026-09-20", "role": "focus", "color": "#e8b040"}}, {"type": "Feature", "geometry": {"type": "Polygon", "coordinates": [[[-78.6231795745832, 48.44054275827103], [-78.62300648755726, 48.44057517091678], [-78.62202818383433, 48.44085636183194], [-78.6218922599267, 48.44088954115608], [-78.62167548400129, 48.440952539422135], [-78.6215252102477, 48.441003416414745], [-78.62104904960344, 48.44120950660638], [-78.62081730267987, 48.44132167939384], [-78.62061319323915, 48.44140293251338], [-78.62027315657151, 48.441517362621546], [-78.62002768943972, 48.44161575382235], [-78.61972584182524, 48.441690484168205], [-78.6196772800002, 48.43019976850772], [-78.62004575837925, 48.43019839675626], [-78.62315650476978, 48.43019074727476], [-78.62320003669396, 48.440520687585156], [-78.6231795745832, 48.44054275827103]]]}, "properties": {"company_id": "cartier-resources", "jurisdiction": "Quebec", "claim_id": "", "claim_name": null, "holder": "Ressources Cartier inc.", "status": "Active", "recorded_date": null, "anniversary_or_expiry": null, "area_ha": null, "tenure_type": null, "source": "GESTIM active titles (MRNF digital data dump). Not legal title.", "as_of": "2026-09-20", "role": "focus", "color": "#e8b040"}}, {"type": "Feature", "geometry": {"type": "Polygon", "coordinates": [[[-78.62663770664265, 48.43976841252259], [-78.62624914152475, 48.43987286141583], [-78.62600430920449, 48.43993978747431], [-78.62595049418043, 48.43995217280236], [-78.62585508973038, 48.43998619315878], [-78.6252850065713, 48.440140876250396], [-78.62430839072375, 48.44033214720615], [-78.62387441982412, 48.4404131566779], [-78.62380645297478, 48.4404207499315], [-78.62357638300901, 48.44046098357774], [-78.62319667125374, 48.440538612868956], [-78.6231795745832, 48.44054275827103], [-78.62320003669396, 48.440520687585156], [-78.62315650476978, 48.43019074727476], [-78.62551490454099, 48.4301899767799], [-78.62659670423768, 48.43018531407288], [-78.62663770664265, 48.43976841252259]]]}, "properties": {"company_id": "cartier-resources", "jurisdiction": "Quebec", "claim_id": "", "claim_name": null, "holder": "Ressources Cartier inc.", "status": "Active", "recorded_date": null, "anniversary_or_expiry": null, "area_ha": null, "tenure_type": null, "source": "GESTIM active titles (MRNF digital data dump). Not legal title.", "as_of": "2026-09-20", "role": "focus", "color": "#e8b040"}}, {"type": "Feature", "geometry": {"type": "Polygon", "coordinates": [[[-78.48526881350823, 48.45954144653], [-78.48174610779387, 48.45954984831879], [-78.48180224364326, 48.444183322789335], [-78.48190845664709, 48.444172152056886], [-78.48207078741872, 48.44417120736806], [-78.48226039646877, 48.44414836581048], [-78.48427462873079, 48.44414745543221], [-78.48446357067341, 48.44413809193413], [-78.48463963253026, 48.44413294518753], [-78.48472113095407, 48.44412573008494], [-78.48485605004512, 48.44411518443646], [-78.48491097434065, 48.44409839052321], [-78.48500601869401, 48.44407347640529], [-78.48506010533664, 48.44405666410349], [-78.48516884366768, 48.44404554558326], [-78.48523683285093, 48.44403803471714], [-78.485320463645, 48.444021868294826], [-78.48526881350823, 48.45954144653]]]}, "properties": {"company_id": "cartier-resources", "jurisdiction": "Quebec", "claim_id": "", "claim_name": null, "holder": "Ressources Cartier inc.", "status": "Active", "recorded_date": null, "anniversary_or_expiry": null, "area_ha": null, "tenure_type": null, "source": "GESTIM active titles (MRNF digital data dump). Not legal title.", "as_of": "2026-09-20", "role": "focus", "color": "#e8b040"}}, {"type": "Feature", "geometry": {"type": "Polygon", "coordinates": [[[-78.48528654276514, 48.459541834161335], [-78.48526881350823, 48.45954144653], [-78.485320463645, 48.444021868294826], [-78.48571137686778, 48.44394493850972], [-78.48573843161161, 48.44392753492516], [-78.48605033529745, 48.44387586926799], [-78.48654096226676, 48.4436796497078], [-78.4877525434891, 48.44326074450114], [-78.48809292390436, 48.443128717680445], [-78.48842063132857, 48.442996413103174], [-78.4888697298858, 48.4428532618644], [-78.4889221254156, 48.44283641082936], [-78.48886814995397, 48.45953910856904], [-78.4888276103859, 48.45953822347458], [-78.48528654276514, 48.459541834161335]]]}, "properties": {"company_id": "cartier-resources", "jurisdiction": "Quebec", "claim_id": "", "claim_name": null, "holder": "Ressources Cartier inc.", "status": "Active", "recorded_date": null, "anniversary_or_expiry": null, "area_ha": null, "tenure_type": null, "source": "GESTIM active titles (MRNF digital data dump). Not legal title.", "as_of": "2026-09-20", "role": "focus", "color": "#e8b040"}}, {"type": "Feature", "geometry": {"type": "Polygon", "coordinates": [[[-78.49236868172561, 48.4595345037362], [-78.48886814995397, 48.45953910856904], [-78.4889221254156, 48.44283641082936], [-78.48904592068237, 48.442794126083], [-78.48937224496174, 48.442706776207906], [-78.48962984603928, 48.44267640924233], [-78.48969764653181, 48.442655395348424], [-78.48986024305287, 48.44263195167831], [-78.48992826495866, 48.442606443721694], [-78.48999603006126, 48.442603423918925], [-78.4901730211631, 48.442562298921956], [-78.4902405646628, 48.44256377289888], [-78.4903085862943, 48.442538264712155], [-78.49037635129207, 48.442535244683285], [-78.49044394329509, 48.44251872456093], [-78.49051148675103, 48.442520198377906], [-78.49059301687966, 48.4424949847779], [-78.49066056031184, 48.44249645850683], [-78.49078285137189, 48.442467635355996], [-78.49085128069957, 48.44245113326329], [-78.49119018796144, 48.442400042842515], [-78.49125776602892, 48.44238352193915], [-78.49133926088574, 48.44237630207963], [-78.49139312229488, 48.4423639806568], [-78.4914746171048, 48.44235676070049], [-78.49150166906544, 48.44233935570722], [-78.4916777724889, 48.44231620407574], [-78.49174553714059, 48.44231318323342], [-78.49184054047724, 48.44230625762824], [-78.49188110093311, 48.44228914714458], [-78.49228754936976, 48.44223952641914], [-78.4924104551467, 48.44221521370455], [-78.49245502220815, 48.442202689136074], [-78.49245498790364, 48.4422206834239], [-78.49239908648174, 48.45953516662287], [-78.49236868172561, 48.4595345037362]]]}, "properties": {"company_id": "cartier-resources", "jurisdiction": "Quebec", "claim_id": "", "claim_name": null, "holder": "Ressources Cartier inc.", "status": "Active", "recorded_date": null, "anniversary_or_expiry": null, "area_ha": null, "tenure_type": null, "source": "GESTIM active titles (MRNF digital data dump). Not legal title.", "as_of": "2026-09-20", "role": "focus", "color": "#e8b040"}}, {"type": "Feature", "geometry": {"type": "Polygon", "coordinates": [[[-78.49590914010781, 48.4595261627741], [-78.49239908648174, 48.45953516662287], [-78.49245498790364, 48.4422206834239], [-78.49245502220815, 48.442202689136074], [-78.49250528469345, 48.442194787484844], [-78.49261335370893, 48.442197143625556], [-78.49278966399685, 48.44216949604508], [-78.49315510826811, 48.442145970904576], [-78.49348045537816, 48.44211257320852], [-78.49352098122219, 48.44211345642867], [-78.49403461094404, 48.44208416040884], [-78.49540030837872, 48.44208691740294], [-78.49541293270546, 48.44210518735924], [-78.49549486877568, 48.44208897664942], [-78.49597273665906, 48.4420993820111], [-78.49597270359953, 48.44211737632157], [-78.49590914010781, 48.4595261627741]]]}, "properties": {"company_id": "cartier-resources", "jurisdiction": "Quebec", "claim_id": "", "claim_name": null, "holder": "Ressources Cartier inc.", "status": "Active", "recorded_date": null, "anniversary_or_expiry": null, "area_ha": null, "tenure_type": null, "source": "GESTIM active titles (MRNF digital data dump). Not legal title.", "as_of": "2026-09-20", "role": "focus", "color": "#e8b040"}}, {"type": "Feature", "geometry": {"type": "Polygon", "coordinates": [[[-78.49945021850726, 48.459522224945474], [-78.49590914010781, 48.4595261627741], [-78.49597270359953, 48.44211737632157], [-78.49597273665906, 48.4420993820111], [-78.49610275729636, 48.442102212808805], [-78.49623811117065, 48.442082665777576], [-78.49657604808364, 48.442085523466346], [-78.49680657878939, 48.44207254621991], [-78.4979280497203, 48.442074456021274], [-78.49799537212658, 48.442080419387906], [-78.49817098462664, 48.44208423968065], [-78.4982119199822, 48.442094127667346], [-78.49825244595812, 48.44209500922106], [-78.49837424471153, 48.44209315984307], [-78.49841436126695, 48.44208503492097], [-78.49846880533494, 48.4420952166461], [-78.49863072061385, 48.44208524204067], [-78.49867168817096, 48.442077135537644], [-78.49907721424714, 48.4420634608192], [-78.49913124888529, 48.44206463581415], [-78.49944401176721, 48.441994957556226], [-78.49950439105301, 48.441987272810444], [-78.49945021850726, 48.459522224945474]]]}, "properties": {"company_id": "cartier-resources", "jurisdiction": "Quebec", "claim_id": "", "claim_name": null, "holder": "Ressources Cartier inc.", "status": "Active", "recorded_date": null, "anniversary_or_expiry": null, "area_ha": null, "tenure_type": null, "source": "GESTIM active titles (MRNF digital data dump). Not legal title.", "as_of": "2026-09-20", "role": "focus", "color": "#e8b040"}}, {"type": "Feature", "geometry": {"type": "Polygon", "coordinates": [[[-77.09166666961642, 47.98333333551781], [-77.09166666089334, 47.99166667141943], [-77.08333333682349, 47.99166666933295], [-77.08333333506852, 47.983333338190384], [-77.09166666961642, 47.98333333551781]]]}, "properties": {"company_id": "cartier-resources", "jurisdiction": "Quebec", "claim_id": "", "claim_name": null, "holder": "Ressources Cartier inc.", "status": "Active", "recorded_date": null, "anniversary_or_expiry": null, "area_ha": null, "tenure_type": null, "source": "GESTIM active titles (MRNF digital data dump). Not legal title.", "as_of": "2026-09-20", "role": "focus", "color": "#e8b040"}}, {"type": "Feature", "geometry": {"type": "Polygon", "coordinates": [[[-77.08333333506852, 47.983333338190384], [-77.08333333682349, 47.99166666933295], [-77.07500000382586, 47.99166666500734], [-77.07500000497252, 47.98333333836212], [-77.08333333506852, 47.983333338190384]]]}, "properties": {"company_id": "cartier-resources", "jurisdiction": "Quebec", "claim_id": "", "claim_name": null, "holder": "Ressources Cartier inc.", "status": "Active", "recorded_date": null, "anniversary_or_expiry": null, "area_ha": null, "tenure_type": null, "source": "GESTIM active titles (MRNF digital data dump). Not legal title.", "as_of": "2026-09-20", "role": "focus", "color": "#e8b040"}}, {"type": "Feature", "geometry": {"type": "Polygon", "coordinates": [[[-77.07500000497252, 47.98333333836212], [-77.07500000382586, 47.99166666500734], [-77.06666666224241, 47.99166666743777], [-77.06666666591875, 47.98333333628069], [-77.07500000497252, 47.98333333836212]]]}, "properties": {"company_id": "cartier-resources", "jurisdiction": "Quebec", "claim_id": "", "claim_name": null, "holder": "Ressources Cartier inc.", "status": "Active", "recorded_date": null, "anniversary_or_expiry": null, "area_ha": null, "tenure_type": null, "source": "GESTIM active titles (MRNF digital data dump). Not legal title.", "as_of": "2026-09-20", "role": "focus", "color": "#e8b040"}}, {"type": "Feature", "geometry": {"type": "Polygon", "coordinates": [[[-77.1333333333333, 47.99166666667757], [-77.1333333333333, 48.00000000001084], [-77.12500000000001, 48.00000000001084], [-77.125, 47.99166666667757], [-77.1333333333333, 47.99166666667757]]]}, "properties": {"company_id": "cartier-resources", "jurisdiction": "Quebec", "claim_id": "", "claim_name": null, "holder": "Ressources Cartier inc.", "status": "Active", "recorded_date": null, "anniversary_or_expiry": null, "area_ha": null, "tenure_type": null, "source": "GESTIM active titles (MRNF digital data dump). Not legal title.", "as_of": "2026-09-20", "role": "focus", "color": "#e8b040"}}, {"type": "Feature", "geometry": {"type": "Polygon", "coordinates": [[[-77.11666666666672, 47.99166666667757], [-77.125, 47.99166666667757], [-77.12500000000001, 48.00000000001084], [-77.11666666666672, 48.00000000001084], [-77.11666666666672, 47.99166666667757]]]}, "properties": {"company_id": "cartier-resources", "jurisdiction": "Quebec", "claim_id": "", "claim_name": null, "holder": "Ressources Cartier inc.", "status": "Active", "recorded_date": null, "anniversary_or_expiry": null, "area_ha": null, "tenure_type": null, "source": "GESTIM active titles (MRNF digital data dump). Not legal title.", "as_of": "2026-09-20", "role": "focus", "color": "#e8b040"}}, {"type": "Feature", "geometry": {"type": "Polygon", "coordinates": [[[-77.09166666089334, 47.99166667141943], [-77.0916666698455, 48.00000000545913], [-77.08333332928626, 47.9999999990913], [-77.08333333682349, 47.99166666933295], [-77.09166666089334, 47.99166667141943]]]}, "properties": {"company_id": "cartier-resources", "jurisdiction": "Quebec", "claim_id": "", "claim_name": null, "holder": "Ressources Cartier inc.", "status": "Active", "recorded_date": null, "anniversary_or_expiry": null, "area_ha": null, "tenure_type": null, "source": "GESTIM active titles (MRNF digital data dump). Not legal title.", "as_of": "2026-09-20", "role": "focus", "color": "#e8b040"}}, {"type": "Feature", "geometry": {"type": "Polygon", "coordinates": [[[-77.08333333682349, 47.99166666933295], [-77.08333332928626, 47.9999999990913], [-77.07500000696626, 47.99999999900737], [-77.07500000382586, 47.99166666500734], [-77.08333333682349, 47.99166666933295]]]}, "properties": {"company_id": "cartier-resources", "jurisdiction": "Quebec", "claim_id": "", "claim_name": null, "holder": "Ressources Cartier inc.", "status": "Active", "recorded_date": null, "anniversary_or_expiry": null, "area_ha": null, "tenure_type": null, "source": "GESTIM active titles (MRNF digital data dump). Not legal title.", "as_of": "2026-09-20", "role": "focus", "color": "#e8b040"}}, {"type": "Feature", "geometry": {"type": "Polygon", "coordinates": [[[-77.07500000382586, 47.99166666500734], [-77.07500000696626, 47.99999999900737], [-77.0666666626736, 48.000000005940464], [-77.06666666224241, 47.99166666743777], [-77.07500000382586, 47.99166666500734]]]}, "properties": {"company_id": "cartier-resources", "jurisdiction": "Quebec", "claim_id": "", "claim_name": null, "holder": "Ressources Cartier inc.", "status": "Active", "recorded_date": null, "anniversary_or_expiry": null, "area_ha": null, "tenure_type": null, "source": "GESTIM active titles (MRNF digital data dump). Not legal title.", "as_of": "2026-09-20", "role": "focus", "color": "#e8b040"}}, {"type": "Feature", "geometry": {"type": "Polygon", "coordinates": [[[-77.1499999953571, 47.95833333341782], [-77.14166666279306, 47.95833334017011], [-77.14166666325947, 47.95000000676098], [-77.15000000727959, 47.95000000414686], [-77.1499999953571, 47.95833333341782]]]}, "properties": {"company_id": "cartier-resources", "jurisdiction": "Quebec", "claim_id": "", "claim_name": null, "holder": "Ressources Cartier inc.", "status": "Active", "recorded_date": null, "anniversary_or_expiry": null, "area_ha": null, "tenure_type": null, "source": "GESTIM active titles (MRNF digital data dump). Not legal title.", "as_of": "2026-09-20", "role": "focus", "color": "#e8b040"}}, {"type": "Feature", "geometry": {"type": "Polygon", "coordinates": [[[-77.15000000273919, 47.96666666987524], [-77.14166666769675, 47.96666667201598], [-77.14166666279303, 47.958333340170086], [-77.14999999535709, 47.958333333417826], [-77.15000000273919, 47.96666666987524]]]}, "properties": {"company_id": "cartier-resources", "jurisdiction": "Quebec", "claim_id": "", "claim_name": null, "holder": "Ressources Cartier inc.", "status": "Active", "recorded_date": null, "anniversary_or_expiry": null, "area_ha": null, "tenure_type": null, "source": "GESTIM active titles (MRNF digital data dump). Not legal title.", "as_of": "2026-09-20", "role": "focus", "color": "#e8b040"}}, {"type": "Feature", "geometry": {"type": "Polygon", "coordinates": [[[-77.15000000227528, 47.975000005029976], [-77.14166666457622, 47.97500000254874], [-77.14166666769675, 47.96666667201598], [-77.15000000273919, 47.96666666987524], [-77.15000000227528, 47.975000005029976]]]}, "properties": {"company_id": "cartier-resources", "jurisdiction": "Quebec", "claim_id": "", "claim_name": null, "holder": "Ressources Cartier inc.", "status": "Active", "recorded_date": null, "anniversary_or_expiry": null, "area_ha": null, "tenure_type": null, "source": "GESTIM active titles (MRNF digital data dump). Not legal title.", "as_of": "2026-09-20", "role": "focus", "color": "#e8b040"}}, {"type": "Feature", "geometry": {"type": "Polygon", "coordinates": [[[-77.2416666666667, 47.991666666677574], [-77.25000000000001, 47.99166666667757], [-77.25, 48.00000000001084], [-77.24166666666672, 48.00000000001086], [-77.2416666666667, 47.991666666677574]]]}, "properties": {"company_id": "cartier-resources", "jurisdiction": "Quebec", "claim_id": "", "claim_name": null, "holder": "Ressources Cartier inc.", "status": "Active", "recorded_date": null, "anniversary_or_expiry": null, "area_ha": null, "tenure_type": null, "source": "GESTIM active titles (MRNF digital data dump). Not legal title.", "as_of": "2026-09-20", "role": "focus", "color": "#e8b040"}}, {"type": "Feature", "geometry": {"type": "Polygon", "coordinates": [[[-77.2249999971989, 47.99166666228562], [-77.23333333482141, 47.99166666742869], [-77.23333332896905, 48.00000000703121], [-77.22500000177979, 48.000000005786745], [-77.2249999971989, 47.99166666228562]]]}, "properties": {"company_id": "cartier-resources", "jurisdiction": "Quebec", "claim_id": "", "claim_name": null, "holder": "Ressources Cartier inc.", "status": "Active", "recorded_date": null, "anniversary_or_expiry": null, "area_ha": null, "tenure_type": null, "source": "GESTIM active titles (MRNF digital data dump). Not legal title.", "as_of": "2026-09-20", "role": "focus", "color": "#e8b040"}}, {"type": "Feature", "geometry": {"type": "Polygon", "coordinates": [[[-77.20833333701844, 47.99166666221761], [-77.21666666473295, 47.99166666354299], [-77.21666666597983, 48.00000000223072], [-77.20833333533142, 48.00000000510021], [-77.20833333701844, 47.99166666221761]]]}, "properties": {"company_id": "cartier-resources", "jurisdiction": "Quebec", "claim_id": "", "claim_name": null, "holder": "Ressources Cartier inc.", "status": "Active", "recorded_date": null, "anniversary_or_expiry": null, "area_ha": null, "tenure_type": null, "source": "GESTIM active titles (MRNF digital data dump). Not legal title.", "as_of": "2026-09-20", "role": "focus", "color": "#e8b040"}}, {"type": "Feature", "geometry": {"type": "Polygon", "coordinates": [[[-77.19166666936928, 47.99166666134899], [-77.20000000102712, 47.99166666756378], [-77.19999999603495, 48.00000000566863], [-77.19166666146893, 48.00000000368447], [-77.19166666936928, 47.99166666134899]]]}, "properties": {"company_id": "cartier-resources", "jurisdiction": "Quebec", "claim_id": "", "claim_name": null, "holder": "Ressources Cartier inc.", "status": "Active", "recorded_date": null, "anniversary_or_expiry": null, "area_ha": null, "tenure_type": null, "source": "GESTIM active titles (MRNF digital data dump). Not legal title.", "as_of": "2026-09-20", "role": "focus", "color": "#e8b040"}}, {"type": "Feature", "geometry": {"type": "Polygon", "coordinates": [[[-77.15833333824483, 47.99166666587821], [-77.1666666638536, 47.9916666640737], [-77.16666667334015, 48.00000000072161], [-77.15833333148035, 48.00000000708212], [-77.15833333824483, 47.99166666587821]]]}, "properties": {"company_id": "cartier-resources", "jurisdiction": "Quebec", "claim_id": "", "claim_name": null, "holder": "Ressources Cartier inc.", "status": "Active", "recorded_date": null, "anniversary_or_expiry": null, "area_ha": null, "tenure_type": null, "source": "GESTIM active titles (MRNF digital data dump). Not legal title.", "as_of": "2026-09-20", "role": "focus", "color": "#e8b040"}}, {"type": "Feature", "geometry": {"type": "Polygon", "coordinates": [[[-77.3249999993356, 47.99166667198171], [-77.32500000110902, 48.000000006992046], [-77.316666672504, 48.00000000643194], [-77.31666667382119, 47.99166666746265], [-77.3249999993356, 47.99166667198171]]]}, "properties": {"company_id": "cartier-resources", "jurisdiction": "Quebec", "claim_id": "", "claim_name": null, "holder": "Ressources Cartier inc.", "status": "Active", "recorded_date": null, "anniversary_or_expiry": null, "area_ha": null, "tenure_type": null, "source": "GESTIM active titles (MRNF digital data dump). Not legal title.", "as_of": "2026-09-20", "role": "focus", "color": "#e8b040"}}, {"type": "Feature", "geometry": {"type": "Polygon", "coordinates": [[[-77.29166666029386, 47.99166666074704], [-77.29999999830132, 47.99166666923321], [-77.30000000383272, 48.00000000691596], [-77.29166666333082, 47.99999999898115], [-77.29166666029386, 47.99166666074704]]]}, "properties": {"company_id": "cartier-resources", "jurisdiction": "Quebec", "claim_id": "", "claim_name": null, "holder": "Ressources Cartier inc.", "status": "Active", "recorded_date": null, "anniversary_or_expiry": null, "area_ha": null, "tenure_type": null, "source": "GESTIM active titles (MRNF digital data dump). Not legal title.", "as_of": "2026-09-20", "role": "focus", "color": "#e8b040"}}, {"type": "Feature", "geometry": {"type": "Polygon", "coordinates": [[[-77.2583333333333, 47.99166666667757], [-77.26666666666672, 47.99166666667757], [-77.26666666666672, 48.00000000001084], [-77.2583333333333, 48.00000000001084], [-77.2583333333333, 47.99166666667757]]]}, "properties": {"company_id": "cartier-resources", "jurisdiction": "Quebec", "claim_id": "", "claim_name": null, "holder": "Ressources Cartier inc.", "status": "Active", "recorded_date": null, "anniversary_or_expiry": null, "area_ha": null, "tenure_type": null, "source": "GESTIM active titles (MRNF digital data dump). Not legal title.", "as_of": "2026-09-20", "role": "focus", "color": "#e8b040"}}, {"type": "Feature", "geometry": {"type": "Polygon", "coordinates": [[[-77.30833333548536, 48.000000003497874], [-77.30833334028279, 47.99166666954158], [-77.31666667382044, 47.99166666746264], [-77.31666667250325, 48.000000006431954], [-77.30833333548536, 48.000000003497874]]]}, "properties": {"company_id": "cartier-resources", "jurisdiction": "Quebec", "claim_id": "", "claim_name": null, "holder": "Ressources Cartier inc.", "status": "Active", "recorded_date": null, "anniversary_or_expiry": null, "area_ha": null, "tenure_type": null, "source": "GESTIM active titles (MRNF digital data dump). Not legal title.", "as_of": "2026-09-20", "role": "focus", "color": "#e8b040"}}, {"type": "Feature", "geometry": {"type": "Polygon", "coordinates": [[[-77.14166666325947, 47.95000000676098], [-77.14166666279303, 47.958333340170086], [-77.13333333439232, 47.95833333533316], [-77.13333333714387, 47.95000000650842], [-77.14166666325947, 47.95000000676098]]]}, "properties": {"company_id": "cartier-resources", "jurisdiction": "Quebec", "claim_id": "", "claim_name": null, "holder": "Ressources Cartier inc.", "status": "Active", "recorded_date": null, "anniversary_or_expiry": null, "area_ha": null, "tenure_type": null, "source": "GESTIM active titles (MRNF digital data dump). Not legal title.", "as_of": "2026-09-20", "role": "focus", "color": "#e8b040"}}, {"type": "Feature", "geometry": {"type": "Polygon", "coordinates": [[[-77.13333333714387, 47.95000000650842], [-77.13333333439232, 47.95833333533316], [-77.12499999749457, 47.95833333714359], [-77.12500000214925, 47.95000000389449], [-77.13333333714387, 47.95000000650842]]]}, "properties": {"company_id": "cartier-resources", "jurisdiction": "Quebec", "claim_id": "", "claim_name": null, "holder": "Ressources Cartier inc.", "status": "Active", "recorded_date": null, "anniversary_or_expiry": null, "area_ha": null, "tenure_type": null, "source": "GESTIM active titles (MRNF digital data dump). Not legal title.", "as_of": "2026-09-20", "role": "focus", "color": "#e8b040"}}, {"type": "Feature", "geometry": {"type": "Polygon", "coordinates": [[[-77.13333333439232, 47.95833333533316], [-77.13333333720328, 47.96666667157616], [-77.12499999785418, 47.966666668810596], [-77.12499999749457, 47.95833333714359], [-77.13333333439232, 47.95833333533316]]]}, "properties": {"company_id": "cartier-resources", "jurisdiction": "Quebec", "claim_id": "", "claim_name": null, "holder": "Ressources Cartier inc.", "status": "Active", "recorded_date": null, "anniversary_or_expiry": null, "area_ha": null, "tenure_type": null, "source": "GESTIM active titles (MRNF digital data dump). Not legal title.", "as_of": "2026-09-20", "role": "focus", "color": "#e8b040"}}, {"type": "Feature", "geometry": {"type": "Polygon", "coordinates": [[[-77.12499999749457, 47.95833333714359], [-77.12499999785418, 47.966666668810596], [-77.11666666338773, 47.96666667246741], [-77.11666666509676, 47.95833333636764], [-77.12499999749457, 47.95833333714359]]]}, "properties": {"company_id": "cartier-resources", "jurisdiction": "Quebec", "claim_id": "", "claim_name": null, "holder": "Ressources Cartier inc.", "status": "Active", "recorded_date": null, "anniversary_or_expiry": null, "area_ha": null, "tenure_type": null, "source": "GESTIM active titles (MRNF digital data dump). Not legal title.", "as_of": "2026-09-20", "role": "focus", "color": "#e8b040"}}, {"type": "Feature", "geometry": {"type": "Polygon", "coordinates": [[[-77.11666666509676, 47.95833333636764], [-77.11666666338773, 47.96666667246741], [-77.10833333341665, 47.96666667356248], [-77.10833333718207, 47.95833333301209], [-77.11666666509676, 47.95833333636764]]]}, "properties": {"company_id": "cartier-resources", "jurisdiction": "Quebec", "claim_id": "", "claim_name": null, "holder": "Ressources Cartier inc.", "status": "Active", "recorded_date": null, "anniversary_or_expiry": null, "area_ha": null, "tenure_type": null, "source": "GESTIM active titles (MRNF digital data dump). Not legal title.", "as_of": "2026-09-20", "role": "focus", "color": "#e8b040"}}, {"type": "Feature", "geometry": {"type": "Polygon", "coordinates": [[[-77.10833333718207, 47.95833333301209], [-77.10833333341665, 47.96666667356248], [-77.09999999453612, 47.96666667234744], [-77.10000000071236, 47.95833333631983], [-77.10833333718207, 47.95833333301209]]]}, "properties": {"company_id": "cartier-resources", "jurisdiction": "Quebec", "claim_id": "", "claim_name": null, "holder": "Ressources Cartier inc.", "status": "Active", "recorded_date": null, "anniversary_or_expiry": null, "area_ha": null, "tenure_type": null, "source": "GESTIM active titles (MRNF digital data dump). Not legal title.", "as_of": "2026-09-20", "role": "focus", "color": "#e8b040"}}, {"type": "Feature", "geometry": {"type": "Polygon", "coordinates": [[[-77.10000000071236, 47.95833333631983], [-77.09999999453612, 47.96666667234744], [-77.09166667350513, 47.966666668338405], [-77.09166666868909, 47.95833333705977], [-77.10000000071236, 47.95833333631983]]]}, "properties": {"company_id": "cartier-resources", "jurisdiction": "Quebec", "claim_id": "", "claim_name": null, "holder": "Ressources Cartier inc.", "status": "Active", "recorded_date": null, "anniversary_or_expiry": null, "area_ha": null, "tenure_type": null, "source": "GESTIM active titles (MRNF digital data dump). Not legal title.", "as_of": "2026-09-20", "role": "focus", "color": "#e8b040"}}, {"type": "Feature", "geometry": {"type": "Polygon", "coordinates": [[[-77.09166666868909, 47.95833333705977], [-77.09166667350513, 47.966666668338405], [-77.08333333050437, 47.96666667126514], [-77.08333332770952, 47.95833333548152], [-77.09166666868909, 47.95833333705977]]]}, "properties": {"company_id": "cartier-resources", "jurisdiction": "Quebec", "claim_id": "", "claim_name": null, "holder": "Ressources Cartier inc.", "status": "Active", "recorded_date": null, "anniversary_or_expiry": null, "area_ha": null, "tenure_type": null, "source": "GESTIM active titles (MRNF digital data dump). Not legal title.", "as_of": "2026-09-20", "role": "focus", "color": "#e8b040"}}, {"type": "Feature", "geometry": {"type": "Polygon", "coordinates": [[[-77.14166666769675, 47.96666667201598], [-77.14166666457622, 47.97500000254874], [-77.13333333181205, 47.97500000649572], [-77.13333333720328, 47.96666667157616], [-77.14166666769675, 47.96666667201598]]]}, "properties": {"company_id": "cartier-resources", "jurisdiction": "Quebec", "claim_id": "", "claim_name": null, "holder": "Ressources Cartier inc.", "status": "Active", "recorded_date": null, "anniversary_or_expiry": null, "area_ha": null, "tenure_type": null, "source": "GESTIM active titles (MRNF digital data dump). Not legal title.", "as_of": "2026-09-20", "role": "focus", "color": "#e8b040"}}, {"type": "Feature", "geometry": {"type": "Polygon", "coordinates": [[[-77.13333333720328, 47.96666667157616], [-77.13333333181205, 47.97500000649572], [-77.1250000032233, 47.97499999889591], [-77.12499999785418, 47.966666668810596], [-77.13333333720328, 47.96666667157616]]]}, "properties": {"company_id": "cartier-resources", "jurisdiction": "Quebec", "claim_id": "", "claim_name": null, "holder": "Ressources Cartier inc.", "status": "Active", "recorded_date": null, "anniversary_or_expiry": null, "area_ha": null, "tenure_type": null, "source": "GESTIM active titles (MRNF digital data dump). Not legal title.", "as_of": "2026-09-20", "role": "focus", "color": "#e8b040"}}, {"type": "Feature", "geometry": {"type": "Polygon", "coordinates": [[[-77.09166667350513, 47.966666668338405], [-77.09166666923278, 47.974999998241856], [-77.08333333742321, 47.97500000542029], [-77.08333333050437, 47.96666667126514], [-77.09166667350513, 47.966666668338405]]]}, "properties": {"company_id": "cartier-resources", "jurisdiction": "Quebec", "claim_id": "", "claim_name": null, "holder": "Ressources Cartier inc.", "status": "Active", "recorded_date": null, "anniversary_or_expiry": null, "area_ha": null, "tenure_type": null, "source": "GESTIM active titles (MRNF digital data dump). Not legal title.", "as_of": "2026-09-20", "role": "focus", "color": "#e8b040"}}, {"type": "Feature", "geometry": {"type": "Polygon", "coordinates": [[[-77.08333333050437, 47.96666667126514], [-77.08333333742321, 47.97500000542029], [-77.07499999629981, 47.97500000133074], [-77.0750000053166, 47.966666671411446], [-77.08333333050437, 47.96666667126514]]]}, "properties": {"company_id": "cartier-resources", "jurisdiction": "Quebec", "claim_id": "", "claim_name": null, "holder": "Ressources Cartier inc.", "status": "Active", "recorded_date": null, "anniversary_or_expiry": null, "area_ha": null, "tenure_type": null, "source": "GESTIM active titles (MRNF digital data dump). Not legal title.", "as_of": "2026-09-20", "role": "focus", "color": "#e8b040"}}, {"type": "Feature", "geometry": {"type": "Polygon", "coordinates": [[[-77.08333333742321, 47.97500000542029], [-77.08333333506852, 47.983333338190384], [-77.07500000497252, 47.98333333836212], [-77.07499999629981, 47.97500000133074], [-77.08333333742321, 47.97500000542029]]]}, "properties": {"company_id": "cartier-resources", "jurisdiction": "Quebec", "claim_id": "", "claim_name": null, "holder": "Ressources Cartier inc.", "status": "Active", "recorded_date": null, "anniversary_or_expiry": null, "area_ha": null, "tenure_type": null, "source": "GESTIM active titles (MRNF digital data dump). Not legal title.", "as_of": "2026-09-20", "role": "focus", "color": "#e8b040"}}, {"type": "Feature", "geometry": {"type": "Polygon", "coordinates": [[[-77.07499999629981, 47.97500000133074], [-77.07500000497252, 47.98333333836212], [-77.06666666591875, 47.98333333628069], [-77.0666666733485, 47.975000003477525], [-77.07499999629981, 47.97500000133074]]]}, "properties": {"company_id": "cartier-resources", "jurisdiction": "Quebec", "claim_id": "", "claim_name": null, "holder": "Ressources Cartier inc.", "status": "Active", "recorded_date": null, "anniversary_or_expiry": null, "area_ha": null, "tenure_type": null, "source": "GESTIM active titles (MRNF digital data dump). Not legal title.", "as_of": "2026-09-20", "role": "focus", "color": "#e8b040"}}, {"type": "Feature", "geometry": {"type": "Polygon", "coordinates": [[[-77.125, 47.9833333333442], [-77.125, 47.99166666667757], [-77.11666666666672, 47.99166666667757], [-77.11666666666673, 47.98333333334419], [-77.125, 47.9833333333442]]]}, "properties": {"company_id": "cartier-resources", "jurisdiction": "Quebec", "claim_id": "", "claim_name": null, "holder": "Ressources Cartier inc.", "status": "Active", "recorded_date": null, "anniversary_or_expiry": null, "area_ha": null, "tenure_type": null, "source": "GESTIM active titles (MRNF digital data dump). Not legal title.", "as_of": "2026-09-20", "role": "focus", "color": "#e8b040"}}, {"type": "Feature", "geometry": {"type": "Polygon", "coordinates": [[[-68.116666893348, 52.07500000327818], [-68.11666689208667, 52.08333333899545], [-68.10833356024675, 52.083333336650554], [-68.1083335520945, 52.07500000527659], [-68.116666893348, 52.07500000327818]]]}, "properties": {"company_id": "cartier-resources", "jurisdiction": "Quebec", "claim_id": "", "claim_name": null, "holder": "Cartier Silver Corporation", "status": "Active", "recorded_date": null, "anniversary_or_expiry": null, "area_ha": null, "tenure_type": null, "source": "GESTIM active titles (MRNF digital data dump). Not legal title.", "as_of": "2026-09-20", "role": "focus", "color": "#e8b040"}}, {"type": "Feature", "geometry": {"type": "Polygon", "coordinates": [[[-68.13333356382412, 52.10000000205334], [-68.13333356131156, 52.10833333895404], [-68.12500022155493, 52.10833334160599], [-68.12500022977298, 52.100000009232666], [-68.13333356382412, 52.10000000205334]]]}, "properties": {"company_id": "cartier-resources", "jurisdiction": "Quebec", "claim_id": "", "claim_name": null, "holder": "Cartier Silver Corporation", "status": "Active", "recorded_date": null, "anniversary_or_expiry": null, "area_ha": null, "tenure_type": null, "source": "GESTIM active titles (MRNF digital data dump). Not legal title.", "as_of": "2026-09-20", "role": "focus", "color": "#e8b040"}}, {"type": "Feature", "geometry": {"type": "Polygon", "coordinates": [[[-68.11666688826372, 52.11666667407582], [-68.11666689493383, 52.12500000595768], [-68.10833354858458, 52.12500000848406], [-68.10833356276933, 52.11666667215622], [-68.11666688826372, 52.11666667407582]]]}, "properties": {"company_id": "cartier-resources", "jurisdiction": "Quebec", "claim_id": "", "claim_name": null, "holder": "Cartier Silver Corporation", "status": "Active", "recorded_date": null, "anniversary_or_expiry": null, "area_ha": null, "tenure_type": null, "source": "GESTIM active titles (MRNF digital data dump). Not legal title.", "as_of": "2026-09-20", "role": "focus", "color": "#e8b040"}}, {"type": "Feature", "geometry": {"type": "Polygon", "coordinates": [[[-68.06666687984611, 52.11666667406206], [-68.06666687867683, 52.125000007179835], [-68.05833354788548, 52.125000009447106], [-68.05833354073958, 52.11666667140022], [-68.06666687984611, 52.11666667406206]]]}, "properties": {"company_id": "cartier-resources", "jurisdiction": "Quebec", "claim_id": "", "claim_name": null, "holder": "Cartier Silver Corporation", "status": "Active", "recorded_date": null, "anniversary_or_expiry": null, "area_ha": null, "tenure_type": null, "source": "GESTIM active titles (MRNF digital data dump). Not legal title.", "as_of": "2026-09-20", "role": "focus", "color": "#e8b040"}}, {"type": "Feature", "geometry": {"type": "Polygon", "coordinates": [[[-68.1583335765947, 51.99166666961992], [-68.1583335771775, 52.00000000920452], [-68.150000239057, 52.00000000523376], [-68.15000022728019, 51.99166667024859], [-68.1583335765947, 51.99166666961992]]]}, "properties": {"company_id": "cartier-resources", "jurisdiction": "Quebec", "claim_id": "", "claim_name": null, "holder": "Cartier Silver Corporation", "status": "Active", "recorded_date": null, "anniversary_or_expiry": null, "area_ha": null, "tenure_type": null, "source": "GESTIM active titles (MRNF digital data dump). Not legal title.", "as_of": "2026-09-20", "role": "focus", "color": "#e8b040"}}, {"type": "Feature", "geometry": {"type": "Polygon", "coordinates": [[[-76.75833332925687, 49.04166667068861], [-76.75833333340005, 49.049999999063225], [-76.74999999699769, 49.05000000594138], [-76.75000000412572, 49.04166667359525], [-76.75833332925687, 49.04166667068861]]]}, "properties": {"company_id": "cartier-resources", "jurisdiction": "Quebec", "claim_id": "", "claim_name": null, "holder": "Ressources Cartier inc.", "status": "Active", "recorded_date": null, "anniversary_or_expiry": null, "area_ha": null, "tenure_type": null, "source": "GESTIM active titles (MRNF digital data dump). Not legal title.", "as_of": "2026-09-20", "role": "focus", "color": "#e8b040"}}, {"type": "Feature", "geometry": {"type": "Polygon", "coordinates": [[[-76.75000000695132, 49.025000003144825], [-76.74999999376625, 49.033333339537364], [-76.7416666712331, 49.03333333909174], [-76.74166666797461, 49.02499999910191], [-76.75000000695132, 49.025000003144825]]]}, "properties": {"company_id": "cartier-resources", "jurisdiction": "Quebec", "claim_id": "", "claim_name": null, "holder": "Ressources Cartier inc.", "status": "Active", "recorded_date": null, "anniversary_or_expiry": null, "area_ha": null, "tenure_type": null, "source": "GESTIM active titles (MRNF digital data dump). Not legal title.", "as_of": "2026-09-20", "role": "focus", "color": "#e8b040"}}, {"type": "Feature", "geometry": {"type": "Polygon", "coordinates": [[[-76.76666667328249, 49.04166666801188], [-76.76666666166987, 49.05000000184823], [-76.75833333340005, 49.049999999063225], [-76.75833332925687, 49.04166667068861], [-76.76666667328249, 49.04166666801188]]]}, "properties": {"company_id": "cartier-resources", "jurisdiction": "Quebec", "claim_id": "", "claim_name": null, "holder": "Ressources Cartier inc.", "status": "Active", "recorded_date": null, "anniversary_or_expiry": null, "area_ha": null, "tenure_type": null, "source": "GESTIM active titles (MRNF digital data dump). Not legal title.", "as_of": "2026-09-20", "role": "focus", "color": "#e8b040"}}, {"type": "Feature", "geometry": {"type": "Polygon", "coordinates": [[[-76.75833333340005, 49.049999999063225], [-76.75833333422077, 49.05833333451869], [-76.74999999973029, 49.05833333616131], [-76.74999999699769, 49.05000000594138], [-76.75833333340005, 49.049999999063225]]]}, "properties": {"company_id": "cartier-resources", "jurisdiction": "Quebec", "claim_id": "", "claim_name": null, "holder": "Ressources Cartier inc.", "status": "Active", "recorded_date": null, "anniversary_or_expiry": null, "area_ha": null, "tenure_type": null, "source": "GESTIM active titles (MRNF digital data dump). Not legal title.", "as_of": "2026-09-20", "role": "focus", "color": "#e8b040"}}, {"type": "Feature", "geometry": {"type": "Polygon", "coordinates": [[[-76.96666666708018, 48.01666666678097], [-76.96666666544657, 48.02500000104253], [-76.95833332895229, 48.025000000411595], [-76.9583333340173, 48.01666667043125], [-76.96666666708018, 48.01666666678097]]]}, "properties": {"company_id": "cartier-resources", "jurisdiction": "Quebec", "claim_id": "", "claim_name": null, "holder": "Ressources Cartier inc.", "status": "Active", "recorded_date": null, "anniversary_or_expiry": null, "area_ha": null, "tenure_type": null, "source": "GESTIM active titles (MRNF digital data dump). Not legal title.", "as_of": "2026-09-20", "role": "focus", "color": "#e8b040"}}, {"type": "Feature", "geometry": {"type": "Polygon", "coordinates": [[[-76.95833332895229, 48.025000000411595], [-76.95833333905227, 48.0333333373933], [-76.9500000035493, 48.03333333916216], [-76.94999999704642, 48.02500000645157], [-76.95833332895229, 48.025000000411595]]]}, "properties": {"company_id": "cartier-resources", "jurisdiction": "Quebec", "claim_id": "", "claim_name": null, "holder": "Ressources Cartier inc.", "status": "Active", "recorded_date": null, "anniversary_or_expiry": null, "area_ha": null, "tenure_type": null, "source": "GESTIM active titles (MRNF digital data dump). Not legal title.", "as_of": "2026-09-20", "role": "focus", "color": "#e8b040"}}, {"type": "Feature", "geometry": {"type": "Polygon", "coordinates": [[[-77.00000000212191, 48.033333340235835], [-77.00000000485457, 48.04166667061766], [-76.9916666704967, 48.04166667013095], [-76.99166667125543, 48.03333333512941], [-77.00000000212191, 48.033333340235835]]]}, "properties": {"company_id": "cartier-resources", "jurisdiction": "Quebec", "claim_id": "", "claim_name": null, "holder": "Ressources Cartier inc.", "status": "Active", "recorded_date": null, "anniversary_or_expiry": null, "area_ha": null, "tenure_type": null, "source": "GESTIM active titles (MRNF digital data dump). Not legal title.", "as_of": "2026-09-20", "role": "focus", "color": "#e8b040"}}, {"type": "Feature", "geometry": {"type": "Polygon", "coordinates": [[[-76.9916666674764, 48.066666665018175], [-76.99166666207383, 48.075000002345384], [-76.98333332908294, 48.0749999997964], [-76.98333333902448, 48.066666666859916], [-76.9916666674764, 48.066666665018175]]]}, "properties": {"company_id": "cartier-resources", "jurisdiction": "Quebec", "claim_id": "", "claim_name": null, "holder": "Ressources Cartier inc.", "status": "Active", "recorded_date": null, "anniversary_or_expiry": null, "area_ha": null, "tenure_type": null, "source": "GESTIM active titles (MRNF digital data dump). Not legal title.", "as_of": "2026-09-20", "role": "focus", "color": "#e8b040"}}, {"type": "Feature", "geometry": {"type": "Polygon", "coordinates": [[[-77.23333333523203, 48.03333333853742], [-77.23333333812148, 48.04166666585646], [-77.22500000616853, 48.04166666700935], [-77.22500000711271, 48.03333333558318], [-77.23333333523203, 48.03333333853742]]]}, "properties": {"company_id": "cartier-resources", "jurisdiction": "Quebec", "claim_id": "", "claim_name": null, "holder": "Ressources Cartier inc.", "status": "Active", "recorded_date": null, "anniversary_or_expiry": null, "area_ha": null, "tenure_type": null, "source": "GESTIM active titles (MRNF digital data dump). Not legal title.", "as_of": "2026-09-20", "role": "focus", "color": "#e8b040"}}, {"type": "Feature", "geometry": {"type": "Polygon", "coordinates": [[[-77.30833333822986, 48.041666672919604], [-77.30833333302881, 48.04999999975873], [-77.30000000485798, 48.04999999941808], [-77.30000000078375, 48.0416666689163], [-77.30833333822986, 48.041666672919604]]]}, "properties": {"company_id": "cartier-resources", "jurisdiction": "Quebec", "claim_id": "", "claim_name": null, "holder": "Ressources Cartier inc.", "status": "Active", "recorded_date": null, "anniversary_or_expiry": null, "area_ha": null, "tenure_type": null, "source": "GESTIM active titles (MRNF digital data dump). Not legal title.", "as_of": "2026-09-20", "role": "focus", "color": "#e8b040"}}, {"type": "Feature", "geometry": {"type": "Polygon", "coordinates": [[[-77.14166666279303, 47.958333340170086], [-77.14166666769675, 47.96666667201598], [-77.13333333720328, 47.96666667157616], [-77.13333333439232, 47.95833333533316], [-77.14166666279303, 47.958333340170086]]]}, "properties": {"company_id": "cartier-resources", "jurisdiction": "Quebec", "claim_id": "", "claim_name": null, "holder": "Ressources Cartier inc.", "status": "Active", "recorded_date": null, "anniversary_or_expiry": null, "area_ha": null, "tenure_type": null, "source": "GESTIM active titles (MRNF digital data dump). Not legal title.", "as_of": "2026-09-20", "role": "focus", "color": "#e8b040"}}, {"type": "Feature", "geometry": {"type": "Polygon", "coordinates": [[[-77.08333332770952, 47.95833333548152], [-77.08333333050437, 47.96666667126514], [-77.0750000053166, 47.966666671411446], [-77.07500000488888, 47.95833334009637], [-77.08333332770952, 47.95833333548152]]]}, "properties": {"company_id": "cartier-resources", "jurisdiction": "Quebec", "claim_id": "", "claim_name": null, "holder": "Ressources Cartier inc.", "status": "Active", "recorded_date": null, "anniversary_or_expiry": null, "area_ha": null, "tenure_type": null, "source": "GESTIM active titles (MRNF digital data dump). Not legal title.", "as_of": "2026-09-20", "role": "focus", "color": "#e8b040"}}, {"type": "Feature", "geometry": {"type": "Polygon", "coordinates": [[[-77.12499999785418, 47.966666668810596], [-77.1250000032233, 47.97499999889591], [-77.11666666651033, 47.97500000697607], [-77.11666666338773, 47.96666667246741], [-77.12499999785418, 47.966666668810596]]]}, "properties": {"company_id": "cartier-resources", "jurisdiction": "Quebec", "claim_id": "", "claim_name": null, "holder": "Ressources Cartier inc.", "status": "Active", "recorded_date": null, "anniversary_or_expiry": null, "area_ha": null, "tenure_type": null, "source": "GESTIM active titles (MRNF digital data dump). Not legal title.", "as_of": "2026-09-20", "role": "focus", "color": "#e8b040"}}, {"type": "Feature", "geometry": {"type": "Polygon", "coordinates": [[[-77.0750000053166, 47.966666671411446], [-77.07499999629981, 47.97500000133074], [-77.0666666733485, 47.975000003477525], [-77.06666667114848, 47.96666666926887], [-77.0750000053166, 47.966666671411446]]]}, "properties": {"company_id": "cartier-resources", "jurisdiction": "Quebec", "claim_id": "", "claim_name": null, "holder": "Ressources Cartier inc.", "status": "Active", "recorded_date": null, "anniversary_or_expiry": null, "area_ha": null, "tenure_type": null, "source": "GESTIM active titles (MRNF digital data dump). Not legal title.", "as_of": "2026-09-20", "role": "focus", "color": "#e8b040"}}, {"type": "Feature", "geometry": {"type": "Polygon", "coordinates": [[[-77.27500000174426, 47.99166666488862], [-77.2833333285722, 47.99166666413543], [-77.28333332855314, 48.000000006401535], [-77.2749999982876, 48.000000002214556], [-77.27500000174426, 47.99166666488862]]]}, "properties": {"company_id": "cartier-resources", "jurisdiction": "Quebec", "claim_id": "", "claim_name": null, "holder": "Ressources Cartier inc.", "status": "Active", "recorded_date": null, "anniversary_or_expiry": null, "area_ha": null, "tenure_type": null, "source": "GESTIM active titles (MRNF digital data dump). Not legal title.", "as_of": "2026-09-20", "role": "focus", "color": "#e8b040"}}, {"type": "Feature", "geometry": {"type": "Polygon", "coordinates": [[[-77.15000000727959, 47.95000000414686], [-77.14166666325947, 47.95000000676098], [-77.14166666910073, 47.941666671788205], [-77.14999999798812, 47.94166667382302], [-77.15000000727959, 47.95000000414686]]]}, "properties": {"company_id": "cartier-resources", "jurisdiction": "Quebec", "claim_id": "", "claim_name": null, "holder": "Ressources Cartier inc.", "status": "Active", "recorded_date": null, "anniversary_or_expiry": null, "area_ha": null, "tenure_type": null, "source": "GESTIM active titles (MRNF digital data dump). Not legal title.", "as_of": "2026-09-20", "role": "focus", "color": "#e8b040"}}, {"type": "Feature", "geometry": {"type": "Polygon", "coordinates": [[[-77.14166666910073, 47.941666671788205], [-77.14166666325947, 47.95000000676098], [-77.13333333714387, 47.95000000650842], [-77.13333333134086, 47.94166666736826], [-77.14166666910073, 47.941666671788205]]]}, "properties": {"company_id": "cartier-resources", "jurisdiction": "Quebec", "claim_id": "", "claim_name": null, "holder": "Ressources Cartier inc.", "status": "Active", "recorded_date": null, "anniversary_or_expiry": null, "area_ha": null, "tenure_type": null, "source": "GESTIM active titles (MRNF digital data dump). Not legal title.", "as_of": "2026-09-20", "role": "focus", "color": "#e8b040"}}, {"type": "Feature", "geometry": {"type": "Polygon", "coordinates": [[[-77.14166666457622, 47.97500000254874], [-77.14166666718442, 47.98333334051006], [-77.13333333159947, 47.98333333984342], [-77.13333333181205, 47.97500000649572], [-77.14166666457622, 47.97500000254874]]]}, "properties": {"company_id": "cartier-resources", "jurisdiction": "Quebec", "claim_id": "", "claim_name": null, "holder": "Ressources Cartier inc.", "status": "Active", "recorded_date": null, "anniversary_or_expiry": null, "area_ha": null, "tenure_type": null, "source": "GESTIM active titles (MRNF digital data dump). Not legal title.", "as_of": "2026-09-20", "role": "focus", "color": "#e8b040"}}, {"type": "Feature", "geometry": {"type": "Polygon", "coordinates": [[[-77.23691260155775, 48.006377500885165], [-77.2333333294249, 48.00631437199741], [-77.23333332896905, 48.00000000703121], [-77.2416666609603, 48.00000000569828], [-77.24166665476525, 48.006403223811276], [-77.24017349746606, 48.006403473225554], [-77.24022118765487, 48.00654699491], [-77.24081481574774, 48.0083333646129], [-77.23797009434671, 48.008333414554706], [-77.2375492872268, 48.00641012073664], [-77.23691260155775, 48.006377500885165]]]}, "properties": {"company_id": "cartier-resources", "jurisdiction": "Quebec", "claim_id": "", "claim_name": null, "holder": "Ressources Cartier inc.", "status": "Active", "recorded_date": null, "anniversary_or_expiry": null, "area_ha": null, "tenure_type": null, "source": "GESTIM active titles (MRNF digital data dump). Not legal title.", "as_of": "2026-09-20", "role": "focus", "color": "#e8b040"}}, {"type": "Feature", "geometry": {"type": "Polygon", "coordinates": [[[-68.10000021585937, 52.0583333409099], [-68.10000021340576, 52.066666672970754], [-68.09166688275864, 52.0666666697552], [-68.09166689003827, 52.05833334207093], [-68.10000021585937, 52.0583333409099]]]}, "properties": {"company_id": "cartier-resources", "jurisdiction": "Quebec", "claim_id": "", "claim_name": null, "holder": "Cartier Silver Corporation", "status": "Active", "recorded_date": null, "anniversary_or_expiry": null, "area_ha": null, "tenure_type": null, "source": "GESTIM active titles (MRNF digital data dump). Not legal title.", "as_of": "2026-09-20", "role": "focus", "color": "#e8b040"}}, {"type": "Feature", "geometry": {"type": "Polygon", "coordinates": [[[-68.09166689003827, 52.05833334207093], [-68.09166688275864, 52.0666666697552], [-68.08333354737734, 52.066666670635016], [-68.08333354508802, 52.05833333818204], [-68.09166689003827, 52.05833334207093]]]}, "properties": {"company_id": "cartier-resources", "jurisdiction": "Quebec", "claim_id": "", "claim_name": null, "holder": "Cartier Silver Corporation", "status": "Active", "recorded_date": null, "anniversary_or_expiry": null, "area_ha": null, "tenure_type": null, "source": "GESTIM active titles (MRNF digital data dump). Not legal title.", "as_of": "2026-09-20", "role": "focus", "color": "#e8b040"}}, {"type": "Feature", "geometry": {"type": "Polygon", "coordinates": [[[-75.37500000203698, 49.513563830844895], [-75.37500000079427, 49.51666667392234], [-75.37050517103428, 49.516666740361984], [-75.37056405632141, 49.51342129040562], [-75.37500000203698, 49.513563830844895]]]}, "properties": {"company_id": "cartier-resources", "jurisdiction": "Quebec", "claim_id": "", "claim_name": null, "holder": "Ressources Cartier inc.", "status": "Active", "recorded_date": null, "anniversary_or_expiry": null, "area_ha": null, "tenure_type": null, "source": "GESTIM active titles (MRNF digital data dump). Not legal title.", "as_of": "2026-09-20", "role": "focus", "color": "#e8b040"}}, {"type": "Feature", "geometry": {"type": "Polygon", "coordinates": [[[-75.37500000079427, 49.51666667392234], [-75.3750000054363, 49.525000007467675], [-75.36666667331625, 49.52500000088885], [-75.36666667226335, 49.52424110646877], [-75.37029662111301, 49.52425896051577], [-75.37037161576629, 49.52062139184843], [-75.3704975934731, 49.51708434578765], [-75.37050517103428, 49.516666740361984], [-75.37500000079427, 49.51666667392234]]]}, "properties": {"company_id": "cartier-resources", "jurisdiction": "Quebec", "claim_id": "", "claim_name": null, "holder": "Ressources Cartier inc.", "status": "Active", "recorded_date": null, "anniversary_or_expiry": null, "area_ha": null, "tenure_type": null, "source": "GESTIM active titles (MRNF digital data dump). Not legal title.", "as_of": "2026-09-20", "role": "focus", "color": "#e8b040"}}, {"type": "Feature", "geometry": {"type": "Polygon", "coordinates": [[[-75.37584464908535, 49.513590953914445], [-75.37500000203698, 49.513563830844895], [-75.37500000348825, 49.50993982632066], [-75.37582406730267, 49.50994907971035], [-75.37584464908535, 49.513590953914445]]]}, "properties": {"company_id": "cartier-resources", "jurisdiction": "Quebec", "claim_id": "", "claim_name": null, "holder": "Ressources Cartier inc.", "status": "Active", "recorded_date": null, "anniversary_or_expiry": null, "area_ha": null, "tenure_type": null, "source": "GESTIM active titles (MRNF digital data dump). Not legal title.", "as_of": "2026-09-20", "role": "focus", "color": "#e8b040"}}, {"type": "Feature", "geometry": {"type": "Polygon", "coordinates": [[[-75.37050517103428, 49.516666740361984], [-75.36666666175549, 49.516666668588684], [-75.36666666991037, 49.50990906872304], [-75.37050476670137, 49.50989363478669], [-75.37079072604462, 49.50989247527779], [-75.37500000348825, 49.50993982632066], [-75.37500000203698, 49.513563830844895], [-75.37056405632141, 49.51342129040562], [-75.37050517103428, 49.516666740361984]]]}, "properties": {"company_id": "cartier-resources", "jurisdiction": "Quebec", "claim_id": "", "claim_name": null, "holder": "Ressources Cartier inc.", "status": "Active", "recorded_date": null, "anniversary_or_expiry": null, "area_ha": null, "tenure_type": null, "source": "GESTIM active titles (MRNF digital data dump). Not legal title.", "as_of": "2026-09-20", "role": "focus", "color": "#e8b040"}}, {"type": "Feature", "geometry": {"type": "Polygon", "coordinates": [[[-75.37500000348825, 49.50993982632066], [-75.37079072604462, 49.50989247527779], [-75.37050476670137, 49.50989363478669], [-75.36666666991037, 49.50990906872304], [-75.36666667181163, 49.50833333319751], [-75.37500000413165, 49.50833333733091], [-75.37500000348825, 49.50993982632066]]]}, "properties": {"company_id": "cartier-resources", "jurisdiction": "Quebec", "claim_id": "", "claim_name": null, "holder": "Ressources Cartier inc.", "status": "Active", "recorded_date": null, "anniversary_or_expiry": null, "area_ha": null, "tenure_type": null, "source": "GESTIM active titles (MRNF digital data dump). Not legal title.", "as_of": "2026-09-20", "role": "focus", "color": "#e8b040"}}, {"type": "Feature", "geometry": {"type": "Polygon", "coordinates": [[[-77.29166666674755, 47.98333332665693], [-77.29166666029386, 47.99166666074704], [-77.2833333285722, 47.99166666413543], [-77.28333333788497, 47.98333332600396], [-77.29166666674755, 47.98333332665693]]]}, "properties": {"company_id": "cartier-resources", "jurisdiction": "Quebec", "claim_id": "", "claim_name": null, "holder": "Ressources Cartier inc.", "status": "Active", "recorded_date": null, "anniversary_or_expiry": null, "area_ha": null, "tenure_type": null, "source": "GESTIM active titles (MRNF digital data dump). Not legal title.", "as_of": "2026-09-20", "role": "focus", "color": "#e8b040"}}, {"type": "Feature", "geometry": {"type": "Polygon", "coordinates": [[[-77.28333333788497, 47.98333332600396], [-77.2833333285722, 47.99166666413543], [-77.27500000174426, 47.99166666488862], [-77.2750000009071, 47.983333331953354], [-77.28333333788497, 47.98333332600396]]]}, "properties": {"company_id": "cartier-resources", "jurisdiction": "Quebec", "claim_id": "", "claim_name": null, "holder": "Ressources Cartier inc.", "status": "Active", "recorded_date": null, "anniversary_or_expiry": null, "area_ha": null, "tenure_type": null, "source": "GESTIM active titles (MRNF digital data dump). Not legal title.", "as_of": "2026-09-20", "role": "focus", "color": "#e8b040"}}, {"type": "Feature", "geometry": {"type": "Polygon", "coordinates": [[[-77.2750000009071, 47.983333331953354], [-77.27500000174426, 47.99166666488862], [-77.26666666640006, 47.99166666327842], [-77.26666666839571, 47.98333332626504], [-77.2750000009071, 47.983333331953354]]]}, "properties": {"company_id": "cartier-resources", "jurisdiction": "Quebec", "claim_id": "", "claim_name": null, "holder": "Ressources Cartier inc.", "status": "Active", "recorded_date": null, "anniversary_or_expiry": null, "area_ha": null, "tenure_type": null, "source": "GESTIM active titles (MRNF digital data dump). Not legal title.", "as_of": "2026-09-20", "role": "focus", "color": "#e8b040"}}, {"type": "Feature", "geometry": {"type": "Polygon", "coordinates": [[[-77.26666666839571, 47.98333332626504], [-77.26666666640006, 47.99166666327842], [-77.25833333630786, 47.99166666803591], [-77.25833332773198, 47.983333327189996], [-77.26666666839571, 47.98333332626504]]]}, "properties": {"company_id": "cartier-resources", "jurisdiction": "Quebec", "claim_id": "", "claim_name": null, "holder": "Ressources Cartier inc.", "status": "Active", "recorded_date": null, "anniversary_or_expiry": null, "area_ha": null, "tenure_type": null, "source": "GESTIM active titles (MRNF digital data dump). Not legal title.", "as_of": "2026-09-20", "role": "focus", "color": "#e8b040"}}, {"type": "Feature", "geometry": {"type": "Polygon", "coordinates": [[[-77.25833332773198, 47.983333327189996], [-77.25833333630786, 47.99166666803591], [-77.24999999727119, 47.99166666145058], [-77.2500000056763, 47.98333333420791], [-77.25833332773198, 47.983333327189996]]]}, "properties": {"company_id": "cartier-resources", "jurisdiction": "Quebec", "claim_id": "", "claim_name": null, "holder": "Ressources Cartier inc.", "status": "Active", "recorded_date": null, "anniversary_or_expiry": null, "area_ha": null, "tenure_type": null, "source": "GESTIM active titles (MRNF digital data dump). Not legal title.", "as_of": "2026-09-20", "role": "focus", "color": "#e8b040"}}, {"type": "Feature", "geometry": {"type": "Polygon", "coordinates": [[[-77.2500000056763, 47.98333333420791], [-77.24999999727119, 47.99166666145058], [-77.24166666344948, 47.99166666124571], [-77.24166666125564, 47.98333333013287], [-77.2500000056763, 47.98333333420791]]]}, "properties": {"company_id": "cartier-resources", "jurisdiction": "Quebec", "claim_id": "", "claim_name": null, "holder": "Ressources Cartier inc.", "status": "Active", "recorded_date": null, "anniversary_or_expiry": null, "area_ha": null, "tenure_type": null, "source": "GESTIM active titles (MRNF digital data dump). Not legal title.", "as_of": "2026-09-20", "role": "focus", "color": "#e8b040"}}, {"type": "Feature", "geometry": {"type": "Polygon", "coordinates": [[[-77.24166666125564, 47.98333333013287], [-77.24166666344948, 47.99166666124571], [-77.23333333482141, 47.99166666742869], [-77.23333333540626, 47.983333332165344], [-77.24166666125564, 47.98333333013287]]]}, "properties": {"company_id": "cartier-resources", "jurisdiction": "Quebec", "claim_id": "", "claim_name": null, "holder": "Ressources Cartier inc.", "status": "Active", "recorded_date": null, "anniversary_or_expiry": null, "area_ha": null, "tenure_type": null, "source": "GESTIM active titles (MRNF digital data dump). Not legal title.", "as_of": "2026-09-20", "role": "focus", "color": "#e8b040"}}, {"type": "Feature", "geometry": {"type": "Polygon", "coordinates": [[[-77.23333333540626, 47.983333332165344], [-77.23333333482141, 47.99166666742869], [-77.2249999971989, 47.99166666228562], [-77.2250000009382, 47.98333333184429], [-77.23333333540626, 47.983333332165344]]]}, "properties": {"company_id": "cartier-resources", "jurisdiction": "Quebec", "claim_id": "", "claim_name": null, "holder": "Ressources Cartier inc.", "status": "Active", "recorded_date": null, "anniversary_or_expiry": null, "area_ha": null, "tenure_type": null, "source": "GESTIM active titles (MRNF digital data dump). Not legal title.", "as_of": "2026-09-20", "role": "focus", "color": "#e8b040"}}, {"type": "Feature", "geometry": {"type": "Polygon", "coordinates": [[[-77.2250000009382, 47.98333333184429], [-77.2249999971989, 47.99166666228562], [-77.21666666473295, 47.99166666354299], [-77.21666667122552, 47.98333332891542], [-77.2250000009382, 47.98333333184429]]]}, "properties": {"company_id": "cartier-resources", "jurisdiction": "Quebec", "claim_id": "", "claim_name": null, "holder": "Ressources Cartier inc.", "status": "Active", "recorded_date": null, "anniversary_or_expiry": null, "area_ha": null, "tenure_type": null, "source": "GESTIM active titles (MRNF digital data dump). Not legal title.", "as_of": "2026-09-20", "role": "focus", "color": "#e8b040"}}, {"type": "Feature", "geometry": {"type": "Polygon", "coordinates": [[[-77.21666667122552, 47.98333332891542], [-77.21666666473295, 47.99166666354299], [-77.20833333701844, 47.99166666221761], [-77.20833333324356, 47.98333333263401], [-77.21666667122552, 47.98333332891542]]]}, "properties": {"company_id": "cartier-resources", "jurisdiction": "Quebec", "claim_id": "", "claim_name": null, "holder": "Ressources Cartier inc.", "status": "Active", "recorded_date": null, "anniversary_or_expiry": null, "area_ha": null, "tenure_type": null, "source": "GESTIM active titles (MRNF digital data dump). Not legal title.", "as_of": "2026-09-20", "role": "focus", "color": "#e8b040"}}, {"type": "Feature", "geometry": {"type": "Polygon", "coordinates": [[[-77.20833333324356, 47.98333333263401], [-77.20833333701844, 47.99166666221761], [-77.20000000102712, 47.99166666756378], [-77.19999999998008, 47.983333333757244], [-77.20833333324356, 47.98333333263401]]]}, "properties": {"company_id": "cartier-resources", "jurisdiction": "Quebec", "claim_id": "", "claim_name": null, "holder": "Ressources Cartier inc.", "status": "Active", "recorded_date": null, "anniversary_or_expiry": null, "area_ha": null, "tenure_type": null, "source": "GESTIM active titles (MRNF digital data dump). Not legal title.", "as_of": "2026-09-20", "role": "focus", "color": "#e8b040"}}, {"type": "Feature", "geometry": {"type": "Polygon", "coordinates": [[[-77.19999999998008, 47.983333333757244], [-77.20000000102712, 47.99166666756378], [-77.19166666936928, 47.99166666134899], [-77.19166667141809, 47.9833333322922], [-77.19999999998008, 47.983333333757244]]]}, "properties": {"company_id": "cartier-resources", "jurisdiction": "Quebec", "claim_id": "", "claim_name": null, "holder": "Ressources Cartier inc.", "status": "Active", "recorded_date": null, "anniversary_or_expiry": null, "area_ha": null, "tenure_type": null, "source": "GESTIM active titles (MRNF digital data dump). Not legal title.", "as_of": "2026-09-20", "role": "focus", "color": "#e8b040"}}, {"type": "Feature", "geometry": {"type": "Polygon", "coordinates": [[[-77.19166667141809, 47.9833333322922], [-77.19166666936928, 47.99166666134899], [-77.18333332939736, 47.99166666181614], [-77.18333333414903, 47.98333332850065], [-77.19166667141809, 47.9833333322922]]]}, "properties": {"company_id": "cartier-resources", "jurisdiction": "Quebec", "claim_id": "", "claim_name": null, "holder": "Ressources Cartier inc.", "status": "Active", "recorded_date": null, "anniversary_or_expiry": null, "area_ha": null, "tenure_type": null, "source": "GESTIM active titles (MRNF digital data dump). Not legal title.", "as_of": "2026-09-20", "role": "focus", "color": "#e8b040"}}, {"type": "Feature", "geometry": {"type": "Polygon", "coordinates": [[[-77.18333333414903, 47.98333332850065], [-77.18333332939736, 47.99166666181614], [-77.17499999410563, 47.991666659725105], [-77.17500000192528, 47.98333333112377], [-77.18333333414903, 47.98333332850065]]]}, "properties": {"company_id": "cartier-resources", "jurisdiction": "Quebec", "claim_id": "", "claim_name": null, "holder": "Ressources Cartier inc.", "status": "Active", "recorded_date": null, "anniversary_or_expiry": null, "area_ha": null, "tenure_type": null, "source": "GESTIM active titles (MRNF digital data dump). Not legal title.", "as_of": "2026-09-20", "role": "focus", "color": "#e8b040"}}, {"type": "Feature", "geometry": {"type": "Polygon", "coordinates": [[[-77.17500000241142, 47.97500000125222], [-77.17500000192528, 47.98333333112377], [-77.16666666095738, 47.98333333143064], [-77.16666666394342, 47.974999997254145], [-77.17500000241142, 47.97500000125222]]]}, "properties": {"company_id": "cartier-resources", "jurisdiction": "Quebec", "claim_id": "", "claim_name": null, "holder": "Ressources Cartier inc.", "status": "Active", "recorded_date": null, "anniversary_or_expiry": null, "area_ha": null, "tenure_type": null, "source": "GESTIM active titles (MRNF digital data dump). Not legal title.", "as_of": "2026-09-20", "role": "focus", "color": "#e8b040"}}, {"type": "Feature", "geometry": {"type": "Polygon", "coordinates": [[[-77.17500000192528, 47.98333333112377], [-77.17499999410563, 47.991666659725105], [-77.1666666638536, 47.9916666640737], [-77.16666666095738, 47.98333333143064], [-77.17500000192528, 47.98333333112377]]]}, "properties": {"company_id": "cartier-resources", "jurisdiction": "Quebec", "claim_id": "", "claim_name": null, "holder": "Ressources Cartier inc.", "status": "Active", "recorded_date": null, "anniversary_or_expiry": null, "area_ha": null, "tenure_type": null, "source": "GESTIM active titles (MRNF digital data dump). Not legal title.", "as_of": "2026-09-20", "role": "focus", "color": "#e8b040"}}, {"type": "Feature", "geometry": {"type": "Polygon", "coordinates": [[[-77.16666666394342, 47.974999997254145], [-77.16666666095738, 47.98333333143064], [-77.15833333801173, 47.98333332892192], [-77.15833333046808, 47.97499999966514], [-77.16666666394342, 47.974999997254145]]]}, "properties": {"company_id": "cartier-resources", "jurisdiction": "Quebec", "claim_id": "", "claim_name": null, "holder": "Ressources Cartier inc.", "status": "Active", "recorded_date": null, "anniversary_or_expiry": null, "area_ha": null, "tenure_type": null, "source": "GESTIM active titles (MRNF digital data dump). Not legal title.", "as_of": "2026-09-20", "role": "focus", "color": "#e8b040"}}, {"type": "Feature", "geometry": {"type": "Polygon", "coordinates": [[[-77.16666666095738, 47.98333333143064], [-77.1666666638536, 47.9916666640737], [-77.15833333824483, 47.99166666587821], [-77.15833333801173, 47.98333332892192], [-77.16666666095738, 47.98333333143064]]]}, "properties": {"company_id": "cartier-resources", "jurisdiction": "Quebec", "claim_id": "", "claim_name": null, "holder": "Ressources Cartier inc.", "status": "Active", "recorded_date": null, "anniversary_or_expiry": null, "area_ha": null, "tenure_type": null, "source": "GESTIM active titles (MRNF digital data dump). Not legal title.", "as_of": "2026-09-20", "role": "focus", "color": "#e8b040"}}, {"type": "Feature", "geometry": {"type": "Polygon", "coordinates": [[[-77.30833334057672, 47.983333334487284], [-77.30833334028351, 47.99166666954158], [-77.29999999830132, 47.99166666923321], [-77.30000000188184, 47.983333339163174], [-77.30833334057672, 47.983333334487284]]]}, "properties": {"company_id": "cartier-resources", "jurisdiction": "Quebec", "claim_id": "", "claim_name": null, "holder": "Ressources Cartier inc.", "status": "Active", "recorded_date": null, "anniversary_or_expiry": null, "area_ha": null, "tenure_type": null, "source": "GESTIM active titles (MRNF digital data dump). Not legal title.", "as_of": "2026-09-20", "role": "focus", "color": "#e8b040"}}, {"type": "Feature", "geometry": {"type": "Polygon", "coordinates": [[[-77.30000000188184, 47.983333339163174], [-77.29999999830132, 47.99166666923321], [-77.29166666029386, 47.99166666074704], [-77.29166666674755, 47.98333332665693], [-77.30000000188184, 47.983333339163174]]]}, "properties": {"company_id": "cartier-resources", "jurisdiction": "Quebec", "claim_id": "", "claim_name": null, "holder": "Ressources Cartier inc.", "status": "Active", "recorded_date": null, "anniversary_or_expiry": null, "area_ha": null, "tenure_type": null, "source": "GESTIM active titles (MRNF digital data dump). Not legal title.", "as_of": "2026-09-20", "role": "focus", "color": "#e8b040"}}, {"type": "Feature", "geometry": {"type": "Polygon", "coordinates": [[[-77.15833333214906, 47.95833332752995], [-77.15833332826249, 47.96666665987407], [-77.15000000273919, 47.96666666987524], [-77.1499999953571, 47.95833333341782], [-77.15833333214906, 47.95833332752995]]]}, "properties": {"company_id": "cartier-resources", "jurisdiction": "Quebec", "claim_id": "", "claim_name": null, "holder": "Ressources Cartier inc.", "status": "Active", "recorded_date": null, "anniversary_or_expiry": null, "area_ha": null, "tenure_type": null, "source": "GESTIM active titles (MRNF digital data dump). Not legal title.", "as_of": "2026-09-20", "role": "focus", "color": "#e8b040"}}, {"type": "Feature", "geometry": {"type": "Polygon", "coordinates": [[[-77.15833332826249, 47.96666665987407], [-77.15833333046808, 47.97499999966514], [-77.15000000227528, 47.975000005029976], [-77.15000000273919, 47.96666666987524], [-77.15833332826249, 47.96666665987407]]]}, "properties": {"company_id": "cartier-resources", "jurisdiction": "Quebec", "claim_id": "", "claim_name": null, "holder": "Ressources Cartier inc.", "status": "Active", "recorded_date": null, "anniversary_or_expiry": null, "area_ha": null, "tenure_type": null, "source": "GESTIM active titles (MRNF digital data dump). Not legal title.", "as_of": "2026-09-20", "role": "focus", "color": "#e8b040"}}, {"type": "Feature", "geometry": {"type": "Polygon", "coordinates": [[[-77.15833333046808, 47.97499999966514], [-77.15833333801173, 47.98333332892192], [-77.15000000734618, 47.98333333863177], [-77.15000000227528, 47.975000005029976], [-77.15833333046808, 47.97499999966514]]]}, "properties": {"company_id": "cartier-resources", "jurisdiction": "Quebec", "claim_id": "", "claim_name": null, "holder": "Ressources Cartier inc.", "status": "Active", "recorded_date": null, "anniversary_or_expiry": null, "area_ha": null, "tenure_type": null, "source": "GESTIM active titles (MRNF digital data dump). Not legal title.", "as_of": "2026-09-20", "role": "focus", "color": "#e8b040"}}, {"type": "Feature", "geometry": {"type": "Polygon", "coordinates": [[[-77.15833333801173, 47.98333332892192], [-77.15833333824483, 47.99166666587821], [-77.15000000455336, 47.99166667093183], [-77.15000000734618, 47.98333333863177], [-77.15833333801173, 47.98333332892192]]]}, "properties": {"company_id": "cartier-resources", "jurisdiction": "Quebec", "claim_id": "", "claim_name": null, "holder": "Ressources Cartier inc.", "status": "Active", "recorded_date": null, "anniversary_or_expiry": null, "area_ha": null, "tenure_type": null, "source": "GESTIM active titles (MRNF digital data dump). Not legal title.", "as_of": "2026-09-20", "role": "focus", "color": "#e8b040"}}, {"type": "Feature", "geometry": {"type": "Polygon", "coordinates": [[[-77.15000000227528, 47.975000005029976], [-77.15000000734618, 47.98333333863177], [-77.14166666718442, 47.98333334051006], [-77.14166666457622, 47.97500000254874], [-77.15000000227528, 47.975000005029976]]]}, "properties": {"company_id": "cartier-resources", "jurisdiction": "Quebec", "claim_id": "", "claim_name": null, "holder": "Ressources Cartier inc.", "status": "Active", "recorded_date": null, "anniversary_or_expiry": null, "area_ha": null, "tenure_type": null, "source": "GESTIM active titles (MRNF digital data dump). Not legal title.", "as_of": "2026-09-20", "role": "focus", "color": "#e8b040"}}, {"type": "Feature", "geometry": {"type": "Polygon", "coordinates": [[[-77.15000000734618, 47.98333333863177], [-77.15000000455336, 47.99166667093183], [-77.14657140261514, 47.99166673945034], [-77.14658404411024, 47.983333408990546], [-77.15000000734618, 47.98333333863177]]]}, "properties": {"company_id": "cartier-resources", "jurisdiction": "Quebec", "claim_id": "", "claim_name": null, "holder": "Ressources Cartier inc.", "status": "Active", "recorded_date": null, "anniversary_or_expiry": null, "area_ha": null, "tenure_type": null, "source": "GESTIM active titles (MRNF digital data dump). Not legal title.", "as_of": "2026-09-20", "role": "focus", "color": "#e8b040"}}, {"type": "Feature", "geometry": {"type": "Polygon", "coordinates": [[[-76.79999999699308, 49.033333333487874], [-76.8000000066458, 49.041666672047086], [-76.79542130422531, 49.041666742090705], [-76.79533577656142, 49.04004671121661], [-76.79527530891868, 49.03680049272532], [-76.79528696241867, 49.03333340593124], [-76.79999999699308, 49.033333333487874]]]}, "properties": {"company_id": "cartier-resources", "jurisdiction": "Quebec", "claim_id": "", "claim_name": null, "holder": "Ressources Cartier inc.", "status": "Active", "recorded_date": null, "anniversary_or_expiry": null, "area_ha": null, "tenure_type": null, "source": "GESTIM active titles (MRNF digital data dump). Not legal title.", "as_of": "2026-09-20", "role": "focus", "color": "#e8b040"}}, {"type": "Feature", "geometry": {"type": "Polygon", "coordinates": [[[-76.79174496263305, 49.047662405711705], [-76.79166666544191, 49.047663340784], [-76.79166666634036, 49.04608396797081], [-76.79174496263305, 49.047662405711705]]]}, "properties": {"company_id": "cartier-resources", "jurisdiction": "Quebec", "claim_id": "", "claim_name": null, "holder": "Ressources Cartier inc.", "status": "Active", "recorded_date": null, "anniversary_or_expiry": null, "area_ha": null, "tenure_type": null, "source": "GESTIM active titles (MRNF digital data dump). Not legal title.", "as_of": "2026-09-20", "role": "focus", "color": "#e8b040"}}, {"type": "Feature", "geometry": {"type": "Polygon", "coordinates": [[[-76.38333332997749, 49.324999999012675], [-76.38333333747123, 49.33333333371337], [-76.3785258694007, 49.333333401839596], [-76.37852587519053, 49.33323365732224], [-76.37500000338547, 49.33325801132719], [-76.37499999941754, 49.325000002938566], [-76.38333332997749, 49.324999999012675]]]}, "properties": {"company_id": "cartier-resources", "jurisdiction": "Quebec", "claim_id": "", "claim_name": null, "holder": "Ressources Cartier inc.", "status": "Active", "recorded_date": null, "anniversary_or_expiry": null, "area_ha": null, "tenure_type": null, "source": "GESTIM active titles (MRNF digital data dump). Not legal title.", "as_of": "2026-09-20", "role": "focus", "color": "#e8b040"}}, {"type": "Feature", "geometry": {"type": "Polygon", "coordinates": [[[-76.37499999941754, 49.325000002938566], [-76.37500000338547, 49.33325801132719], [-76.37277717956833, 49.333273313338104], [-76.36771246970194, 49.33333336518902], [-76.36666666001143, 49.333333334618004], [-76.36666667299755, 49.32499999938361], [-76.37499999941754, 49.325000002938566]]]}, "properties": {"company_id": "cartier-resources", "jurisdiction": "Quebec", "claim_id": "", "claim_name": null, "holder": "Ressources Cartier inc.", "status": "Active", "recorded_date": null, "anniversary_or_expiry": null, "area_ha": null, "tenure_type": null, "source": "GESTIM active titles (MRNF digital data dump). Not legal title.", "as_of": "2026-09-20", "role": "focus", "color": "#e8b040"}}, {"type": "Feature", "geometry": {"type": "Polygon", "coordinates": [[[-76.36666667299755, 49.32499999938361], [-76.36666666001143, 49.333333334618004], [-76.36132808537585, 49.33333340080858], [-76.36057551710168, 49.33333175224231], [-76.35833333473552, 49.333327353769036], [-76.35833333743194, 49.325000006499096], [-76.36666667299755, 49.32499999938361]]]}, "properties": {"company_id": "cartier-resources", "jurisdiction": "Quebec", "claim_id": "", "claim_name": null, "holder": "Ressources Cartier inc.", "status": "Active", "recorded_date": null, "anniversary_or_expiry": null, "area_ha": null, "tenure_type": null, "source": "GESTIM active titles (MRNF digital data dump). Not legal title.", "as_of": "2026-09-20", "role": "focus", "color": "#e8b040"}}, {"type": "Feature", "geometry": {"type": "Polygon", "coordinates": [[[-76.35833333743194, 49.325000006499096], [-76.35833333473552, 49.333327353769036], [-76.35425181326985, 49.333319242990726], [-76.34999999980413, 49.3333205092695], [-76.35000000595498, 49.32500000614076], [-76.35833333743194, 49.325000006499096]]]}, "properties": {"company_id": "cartier-resources", "jurisdiction": "Quebec", "claim_id": "", "claim_name": null, "holder": "Ressources Cartier inc.", "status": "Active", "recorded_date": null, "anniversary_or_expiry": null, "area_ha": null, "tenure_type": null, "source": "GESTIM active titles (MRNF digital data dump). Not legal title.", "as_of": "2026-09-20", "role": "focus", "color": "#e8b040"}}, {"type": "Feature", "geometry": {"type": "Polygon", "coordinates": [[[-76.35000000595498, 49.32500000614076], [-76.34999999980413, 49.3333205092695], [-76.34920432332797, 49.33332073004265], [-76.34920518948053, 49.33333335742322], [-76.34166666942104, 49.333333338631654], [-76.34166666503063, 49.32500000746527], [-76.35000000595498, 49.32500000614076]]]}, "properties": {"company_id": "cartier-resources", "jurisdiction": "Quebec", "claim_id": "", "claim_name": null, "holder": "Ressources Cartier inc.", "status": "Active", "recorded_date": null, "anniversary_or_expiry": null, "area_ha": null, "tenure_type": null, "source": "GESTIM active titles (MRNF digital data dump). Not legal title.", "as_of": "2026-09-20", "role": "focus", "color": "#e8b040"}}, {"type": "Feature", "geometry": {"type": "Polygon", "coordinates": [[[-76.38333333747123, 49.33333333371337], [-76.38333333311284, 49.34166666617361], [-76.37988139327294, 49.34166673587997], [-76.3795134301504, 49.33980823720122], [-76.37896449998699, 49.33636501390906], [-76.37852569311077, 49.33637024913581], [-76.3785258694007, 49.333333401839596], [-76.38333333747123, 49.33333333371337]]]}, "properties": {"company_id": "cartier-resources", "jurisdiction": "Quebec", "claim_id": "", "claim_name": null, "holder": "Ressources Cartier inc.", "status": "Active", "recorded_date": null, "anniversary_or_expiry": null, "area_ha": null, "tenure_type": null, "source": "GESTIM active titles (MRNF digital data dump). Not legal title.", "as_of": "2026-09-20", "role": "focus", "color": "#e8b040"}}, {"type": "Feature", "geometry": {"type": "Polygon", "coordinates": [[[-76.34166666942104, 49.333333338631654], [-76.34920518948053, 49.33333335742322], [-76.34942325716572, 49.336512301661216], [-76.34944433106783, 49.339878013050985], [-76.3499999960661, 49.33991890072991], [-76.34999999507642, 49.34166666581107], [-76.34166666107124, 49.341666667522084], [-76.34166666942104, 49.333333338631654]]]}, "properties": {"company_id": "cartier-resources", "jurisdiction": "Quebec", "claim_id": "", "claim_name": null, "holder": "Ressources Cartier inc.", "status": "Active", "recorded_date": null, "anniversary_or_expiry": null, "area_ha": null, "tenure_type": null, "source": "GESTIM active titles (MRNF digital data dump). Not legal title.", "as_of": "2026-09-20", "role": "focus", "color": "#e8b040"}}, {"type": "Feature", "geometry": {"type": "Polygon", "coordinates": [[[-76.34999999507642, 49.34166666581107], [-76.3499999960661, 49.33991890072991], [-76.35044734856935, 49.33995181655817], [-76.3504345346659, 49.34166667964313], [-76.34999999507642, 49.34166666581107]]]}, "properties": {"company_id": "cartier-resources", "jurisdiction": "Quebec", "claim_id": "", "claim_name": null, "holder": "Ressources Cartier inc.", "status": "Active", "recorded_date": null, "anniversary_or_expiry": null, "area_ha": null, "tenure_type": null, "source": "GESTIM active titles (MRNF digital data dump). Not legal title.", "as_of": "2026-09-20", "role": "focus", "color": "#e8b040"}}, {"type": "Feature", "geometry": {"type": "Polygon", "coordinates": [[[-76.38333333311284, 49.34166666617361], [-76.38333333090823, 49.35000000522176], [-76.3750000033574, 49.350000004984814], [-76.3750000018828, 49.34840675446136], [-76.37614157459649, 49.34842961855682], [-76.38036650336001, 49.34852178501126], [-76.38036696160016, 49.346982295837094], [-76.38017229518032, 49.34313591885026], [-76.37988139327294, 49.34166673587997], [-76.38333333311284, 49.34166666617361]]]}, "properties": {"company_id": "cartier-resources", "jurisdiction": "Quebec", "claim_id": "", "claim_name": null, "holder": "Ressources Cartier inc.", "status": "Active", "recorded_date": null, "anniversary_or_expiry": null, "area_ha": null, "tenure_type": null, "source": "GESTIM active titles (MRNF digital data dump). Not legal title.", "as_of": "2026-09-20", "role": "focus", "color": "#e8b040"}}, {"type": "Feature", "geometry": {"type": "Polygon", "coordinates": [[[-76.3750000018828, 49.34840675446136], [-76.3750000033574, 49.350000004984814], [-76.36666666645952, 49.350000006502086], [-76.36666666597228, 49.34901536434268], [-76.37056848401245, 49.34838180902394], [-76.37257018001125, 49.348358053494934], [-76.3750000018828, 49.34840675446136]]]}, "properties": {"company_id": "cartier-resources", "jurisdiction": "Quebec", "claim_id": "", "claim_name": null, "holder": "Ressources Cartier inc.", "status": "Active", "recorded_date": null, "anniversary_or_expiry": null, "area_ha": null, "tenure_type": null, "source": "GESTIM active titles (MRNF digital data dump). Not legal title.", "as_of": "2026-09-20", "role": "focus", "color": "#e8b040"}}, {"type": "Feature", "geometry": {"type": "Polygon", "coordinates": [[[-76.36666666645952, 49.350000006502086], [-76.35967177586991, 49.3500000393074], [-76.36367794275127, 49.34948963688379], [-76.36545501221809, 49.3492120776905], [-76.36666666597228, 49.34901536434268], [-76.36666666645952, 49.350000006502086]]]}, "properties": {"company_id": "cartier-resources", "jurisdiction": "Quebec", "claim_id": "", "claim_name": null, "holder": "Ressources Cartier inc.", "status": "Active", "recorded_date": null, "anniversary_or_expiry": null, "area_ha": null, "tenure_type": null, "source": "GESTIM active titles (MRNF digital data dump). Not legal title.", "as_of": "2026-09-20", "role": "focus", "color": "#e8b040"}}, {"type": "Feature", "geometry": {"type": "Polygon", "coordinates": [[[-76.3504345346659, 49.34166667964313], [-76.3504281894335, 49.34251580858203], [-76.34999999628519, 49.34262753614264], [-76.34999999507642, 49.34166666581107], [-76.3504345346659, 49.34166667964313]]]}, "properties": {"company_id": "cartier-resources", "jurisdiction": "Quebec", "claim_id": "", "claim_name": null, "holder": "Ressources Cartier inc.", "status": "Active", "recorded_date": null, "anniversary_or_expiry": null, "area_ha": null, "tenure_type": null, "source": "GESTIM active titles (MRNF digital data dump). Not legal title.", "as_of": "2026-09-20", "role": "focus", "color": "#e8b040"}}, {"type": "Feature", "geometry": {"type": "Polygon", "coordinates": [[[-76.35000000556126, 49.35000000533038], [-76.35000000526608, 49.349765426618475], [-76.35028073526199, 49.34984818405108], [-76.35030071207855, 49.35000001489786], [-76.35000000556126, 49.35000000533038]]]}, "properties": {"company_id": "cartier-resources", "jurisdiction": "Quebec", "claim_id": "", "claim_name": null, "holder": "Ressources Cartier inc.", "status": "Active", "recorded_date": null, "anniversary_or_expiry": null, "area_ha": null, "tenure_type": null, "source": "GESTIM active titles (MRNF digital data dump). Not legal title.", "as_of": "2026-09-20", "role": "focus", "color": "#e8b040"}}, {"type": "Feature", "geometry": {"type": "Polygon", "coordinates": [[[-76.34999999507642, 49.34166666581107], [-76.34999999628519, 49.34262753614264], [-76.34619376417848, 49.34362060192859], [-76.34706860349668, 49.34537888667471], [-76.34704845427255, 49.34623484051725], [-76.34720943243669, 49.348942734144394], [-76.35000000526608, 49.349765426618475], [-76.35000000556126, 49.35000000533038], [-76.34166666774439, 49.350000002810134], [-76.34166666107124, 49.341666667522084], [-76.34999999507642, 49.34166666581107]]]}, "properties": {"company_id": "cartier-resources", "jurisdiction": "Quebec", "claim_id": "", "claim_name": null, "holder": "Ressources Cartier inc.", "status": "Active", "recorded_date": null, "anniversary_or_expiry": null, "area_ha": null, "tenure_type": null, "source": "GESTIM active titles (MRNF digital data dump). Not legal title.", "as_of": "2026-09-20", "role": "focus", "color": "#e8b040"}}, {"type": "Feature", "geometry": {"type": "Polygon", "coordinates": [[[-76.35833333536537, 49.35833333314394], [-76.35833333374784, 49.35021838620639], [-76.35899311574565, 49.350086489614945], [-76.35967177586991, 49.3500000393074], [-76.36666666645952, 49.350000006502086], [-76.36666667187879, 49.358333334322985], [-76.35833333536537, 49.35833333314394]]]}, "properties": {"company_id": "cartier-resources", "jurisdiction": "Quebec", "claim_id": "", "claim_name": null, "holder": "Ressources Cartier inc.", "status": "Active", "recorded_date": null, "anniversary_or_expiry": null, "area_ha": null, "tenure_type": null, "source": "GESTIM active titles (MRNF digital data dump). Not legal title.", "as_of": "2026-09-20", "role": "focus", "color": "#e8b040"}}, {"type": "Feature", "geometry": {"type": "Polygon", "coordinates": [[[-76.35000000322545, 49.35833333358926], [-76.35000000556126, 49.35000000533038], [-76.35030071207855, 49.35000001489786], [-76.35044561629674, 49.35110131079087], [-76.35543492856324, 49.350498886965475], [-76.35808397736442, 49.35026823378729], [-76.35833333374784, 49.35021838620639], [-76.35833333536537, 49.35833333314394], [-76.35000000322545, 49.35833333358926]]]}, "properties": {"company_id": "cartier-resources", "jurisdiction": "Quebec", "claim_id": "", "claim_name": null, "holder": "Ressources Cartier inc.", "status": "Active", "recorded_date": null, "anniversary_or_expiry": null, "area_ha": null, "tenure_type": null, "source": "GESTIM active titles (MRNF digital data dump). Not legal title.", "as_of": "2026-09-20", "role": "focus", "color": "#e8b040"}}, {"type": "Feature", "geometry": {"type": "Polygon", "coordinates": [[[-76.36771246970194, 49.33333336518902], [-76.36672214012947, 49.33334508324744], [-76.36666666001469, 49.33334496428309], [-76.36666666001143, 49.333333334618004], [-76.36771246970194, 49.33333336518902]]]}, "properties": {"company_id": "cartier-resources", "jurisdiction": "Quebec", "claim_id": "", "claim_name": null, "holder": "Ressources Cartier inc.", "status": "Active", "recorded_date": null, "anniversary_or_expiry": null, "area_ha": null, "tenure_type": null, "source": "GESTIM active titles (MRNF digital data dump). Not legal title.", "as_of": "2026-09-20", "role": "focus", "color": "#e8b040"}}, {"type": "Feature", "geometry": {"type": "Polygon", "coordinates": [[[-76.36666666001469, 49.33334496428309], [-76.36132808537585, 49.33333340080858], [-76.36666666001143, 49.333333334618004], [-76.36666666001469, 49.33334496428309]]]}, "properties": {"company_id": "cartier-resources", "jurisdiction": "Quebec", "claim_id": "", "claim_name": null, "holder": "Ressources Cartier inc.", "status": "Active", "recorded_date": null, "anniversary_or_expiry": null, "area_ha": null, "tenure_type": null, "source": "GESTIM active titles (MRNF digital data dump). Not legal title.", "as_of": "2026-09-20", "role": "focus", "color": "#e8b040"}}, {"type": "Feature", "geometry": {"type": "Polygon", "coordinates": [[[-75.36494266032632, 49.516666713756514], [-75.35833333776006, 49.516666665639946], [-75.3583333269701, 49.508333340502766], [-75.36666667181163, 49.50833333319751], [-75.36666666991037, 49.50990906872304], [-75.3646575602551, 49.50991710064267], [-75.35924270643781, 49.509917076503086], [-75.35947990835781, 49.5135206453675], [-75.36477648327566, 49.513454352954845], [-75.36499743543627, 49.51345100789309], [-75.36494405688546, 49.51658473081911], [-75.36494266032632, 49.516666713756514]]]}, "properties": {"company_id": "cartier-resources", "jurisdiction": "Quebec", "claim_id": "", "claim_name": null, "holder": "Ressources Cartier inc.", "status": "Active", "recorded_date": null, "anniversary_or_expiry": null, "area_ha": null, "tenure_type": null, "source": "GESTIM active titles (MRNF digital data dump). Not legal title.", "as_of": "2026-09-20", "role": "focus", "color": "#e8b040"}}, {"type": "Feature", "geometry": {"type": "Polygon", "coordinates": [[[-75.36666667331625, 49.52500000088885], [-75.35833332867567, 49.52500000580358], [-75.35833333776006, 49.516666665639946], [-75.36494266032632, 49.516666713756514], [-75.36493732379671, 49.516979984382075], [-75.36490448990065, 49.52021060931475], [-75.36490112758989, 49.52054141381313], [-75.36478752389337, 49.5237502630925], [-75.36477047634351, 49.5242317378572], [-75.36666667226335, 49.52424110646877], [-75.36666667331625, 49.52500000088885]]]}, "properties": {"company_id": "cartier-resources", "jurisdiction": "Quebec", "claim_id": "", "claim_name": null, "holder": "Ressources Cartier inc.", "status": "Active", "recorded_date": null, "anniversary_or_expiry": null, "area_ha": null, "tenure_type": null, "source": "GESTIM active titles (MRNF digital data dump). Not legal title.", "as_of": "2026-09-20", "role": "focus", "color": "#e8b040"}}, {"type": "Feature", "geometry": {"type": "Polygon", "coordinates": [[[-75.36666666175549, 49.516666668588684], [-75.36494266032632, 49.516666713756514], [-75.36494405688546, 49.51658473081911], [-75.36499743543627, 49.51345100789309], [-75.36477648327566, 49.513454352954845], [-75.35947990835781, 49.5135206453675], [-75.35924270643781, 49.509917076503086], [-75.3646575602551, 49.50991710064267], [-75.36666666991037, 49.50990906872304], [-75.36666666175549, 49.516666668588684]]]}, "properties": {"company_id": "cartier-resources", "jurisdiction": "Quebec", "claim_id": "", "claim_name": null, "holder": "Ressources Cartier inc.", "status": "Active", "recorded_date": null, "anniversary_or_expiry": null, "area_ha": null, "tenure_type": null, "source": "GESTIM active titles (MRNF digital data dump). Not legal title.", "as_of": "2026-09-20", "role": "focus", "color": "#e8b040"}}, {"type": "Feature", "geometry": {"type": "Polygon", "coordinates": [[[-75.36666666175549, 49.516666668588684], [-75.37050517103428, 49.516666740361984], [-75.3704975934731, 49.51708434578765], [-75.37037161576629, 49.52062139184843], [-75.37029662111301, 49.52425896051577], [-75.36666667226335, 49.52424110646877], [-75.36666666175549, 49.516666668588684]]]}, "properties": {"company_id": "cartier-resources", "jurisdiction": "Quebec", "claim_id": "", "claim_name": null, "holder": "Ressources Cartier inc.", "status": "Active", "recorded_date": null, "anniversary_or_expiry": null, "area_ha": null, "tenure_type": null, "source": "GESTIM active titles (MRNF digital data dump). Not legal title.", "as_of": "2026-09-20", "role": "focus", "color": "#e8b040"}}, {"type": "Feature", "geometry": {"type": "Polygon", "coordinates": [[[-75.36666667226335, 49.52424110646877], [-75.36477047634351, 49.5242317378572], [-75.36478752393967, 49.52375026931308], [-75.36478752389337, 49.5237502630925], [-75.36490112758989, 49.52054141381313], [-75.36490448990065, 49.52021060931475], [-75.36493732379671, 49.516979984382075], [-75.36494266032632, 49.516666713756514], [-75.36666666175549, 49.516666668588684], [-75.36666667226335, 49.52424110646877]]]}, "properties": {"company_id": "cartier-resources", "jurisdiction": "Quebec", "claim_id": "", "claim_name": null, "holder": "Ressources Cartier inc.", "status": "Active", "recorded_date": null, "anniversary_or_expiry": null, "area_ha": null, "tenure_type": null, "source": "GESTIM active titles (MRNF digital data dump). Not legal title.", "as_of": "2026-09-20", "role": "focus", "color": "#e8b040"}}, {"type": "Feature", "geometry": {"type": "Polygon", "coordinates": [[[-75.38333333763529, 49.50833333486967], [-75.3833333272048, 49.51666667273363], [-75.37500000079426, 49.516666673922366], [-75.37500000203698, 49.513563830844895], [-75.37584464908535, 49.513590953914445], [-75.37582406730267, 49.50994907971035], [-75.37500000348825, 49.50993982632066], [-75.37500000413165, 49.50833333733091], [-75.38333333763529, 49.50833333486967]]]}, "properties": {"company_id": "cartier-resources", "jurisdiction": "Quebec", "claim_id": "", "claim_name": null, "holder": "Ressources Cartier inc.", "status": "Active", "recorded_date": null, "anniversary_or_expiry": null, "area_ha": null, "tenure_type": null, "source": "GESTIM active titles (MRNF digital data dump). Not legal title.", "as_of": "2026-09-20", "role": "focus", "color": "#e8b040"}}, {"type": "Feature", "geometry": {"type": "Polygon", "coordinates": [[[-76.8000000066458, 49.041666672047086], [-76.7999999995507, 49.049999999959475], [-76.79166666411258, 49.05000000415214], [-76.79166666544191, 49.047663340784], [-76.79174496263305, 49.047662405711705], [-76.79532343770951, 49.04767264628004], [-76.79554460004067, 49.04400198200977], [-76.79542130422531, 49.041666742090705], [-76.8000000066458, 49.041666672047086]]]}, "properties": {"company_id": "cartier-resources", "jurisdiction": "Quebec", "claim_id": "", "claim_name": null, "holder": "Ressources Cartier inc.", "status": "Active", "recorded_date": null, "anniversary_or_expiry": null, "area_ha": null, "tenure_type": null, "source": "GESTIM active titles (MRNF digital data dump). Not legal title.", "as_of": "2026-09-20", "role": "focus", "color": "#e8b040"}}, {"type": "Feature", "geometry": {"type": "Polygon", "coordinates": [[[-76.79149572520213, 49.033333344778086], [-76.79154831663475, 49.036809967657234], [-76.79150626073742, 49.04012833620299], [-76.79152965609737, 49.041666677172515], [-76.78333333637717, 49.04166667357273], [-76.78333333565007, 49.03333333647169], [-76.79149572520213, 49.033333344778086]]]}, "properties": {"company_id": "cartier-resources", "jurisdiction": "Quebec", "claim_id": "", "claim_name": null, "holder": "Ressources Cartier inc.", "status": "Active", "recorded_date": null, "anniversary_or_expiry": null, "area_ha": null, "tenure_type": null, "source": "GESTIM active titles (MRNF digital data dump). Not legal title.", "as_of": "2026-09-20", "role": "focus", "color": "#e8b040"}}, {"type": "Feature", "geometry": {"type": "Polygon", "coordinates": [[[-76.79152965609737, 49.041666677172515], [-76.79156595956216, 49.04405359633315], [-76.79166666634036, 49.04608396797081], [-76.79166666544191, 49.047663340784], [-76.79166666411258, 49.05000000415214], [-76.7833333336806, 49.04999999979669], [-76.78333333637717, 49.04166667357273], [-76.79152965609737, 49.041666677172515]]]}, "properties": {"company_id": "cartier-resources", "jurisdiction": "Quebec", "claim_id": "", "claim_name": null, "holder": "Ressources Cartier inc.", "status": "Active", "recorded_date": null, "anniversary_or_expiry": null, "area_ha": null, "tenure_type": null, "source": "GESTIM active titles (MRNF digital data dump). Not legal title.", "as_of": "2026-09-20", "role": "focus", "color": "#e8b040"}}, {"type": "Feature", "geometry": {"type": "Polygon", "coordinates": [[[-76.78333333565007, 49.03333333647169], [-76.78333333637717, 49.04166667357273], [-76.78181607777526, 49.04166671418102], [-76.7818140317715, 49.04020402765935], [-76.78178702872154, 49.03681089406149], [-76.78183232585882, 49.03333337766659], [-76.78333333565007, 49.03333333647169]]]}, "properties": {"company_id": "cartier-resources", "jurisdiction": "Quebec", "claim_id": "", "claim_name": null, "holder": "Ressources Cartier inc.", "status": "Active", "recorded_date": null, "anniversary_or_expiry": null, "area_ha": null, "tenure_type": null, "source": "GESTIM active titles (MRNF digital data dump). Not legal title.", "as_of": "2026-09-20", "role": "focus", "color": "#e8b040"}}, {"type": "Feature", "geometry": {"type": "Polygon", "coordinates": [[[-76.78333333637717, 49.04166667357273], [-76.7833333336806, 49.04999999979669], [-76.78190478275127, 49.05000004071178], [-76.78187634672325, 49.04774914835098], [-76.781819463386, 49.044086901464986], [-76.78181607777526, 49.04166671418102], [-76.78333333637717, 49.04166667357273]]]}, "properties": {"company_id": "cartier-resources", "jurisdiction": "Quebec", "claim_id": "", "claim_name": null, "holder": "Ressources Cartier inc.", "status": "Active", "recorded_date": null, "anniversary_or_expiry": null, "area_ha": null, "tenure_type": null, "source": "GESTIM active titles (MRNF digital data dump). Not legal title.", "as_of": "2026-09-20", "role": "focus", "color": "#e8b040"}}, {"type": "Feature", "geometry": {"type": "Polygon", "coordinates": [[[-76.78190478275127, 49.05000004071178], [-76.78192085757644, 49.05127237786884], [-76.77888010361575, 49.051282722451525], [-76.77638480924934, 49.05124723798585], [-76.77631544350098, 49.050127287689236], [-76.77631303837641, 49.05000004164506], [-76.78190478275127, 49.05000004071178]]]}, "properties": {"company_id": "cartier-resources", "jurisdiction": "Quebec", "claim_id": "", "claim_name": null, "holder": "Ressources Cartier inc.", "status": "Active", "recorded_date": null, "anniversary_or_expiry": null, "area_ha": null, "tenure_type": null, "source": "GESTIM active titles (MRNF digital data dump). Not legal title.", "as_of": "2026-09-20", "role": "focus", "color": "#e8b040"}}, {"type": "Feature", "geometry": {"type": "Polygon", "coordinates": [[[-76.77637536352162, 49.03333337337735], [-76.7763707098688, 49.03302298274688], [-76.77903263754358, 49.033016581400474], [-76.78183654088416, 49.033009761059], [-76.78183232585882, 49.03333337766659], [-76.77637536352162, 49.03333337337735]]]}, "properties": {"company_id": "cartier-resources", "jurisdiction": "Quebec", "claim_id": "", "claim_name": null, "holder": "Ressources Cartier inc.", "status": "Active", "recorded_date": null, "anniversary_or_expiry": null, "area_ha": null, "tenure_type": null, "source": "GESTIM active titles (MRNF digital data dump). Not legal title.", "as_of": "2026-09-20", "role": "focus", "color": "#e8b040"}}, {"type": "Feature", "geometry": {"type": "Polygon", "coordinates": [[[-76.77635925916567, 49.04166670584764], [-76.7763989465754, 49.04028219885929], [-76.77642700056244, 49.0367772230269], [-76.77637536352162, 49.03333337337735], [-76.78183232585882, 49.03333337766659], [-76.78178702872154, 49.03681089406149], [-76.7818140317715, 49.04020402765935], [-76.78181607777526, 49.04166671418102], [-76.77635925916567, 49.04166670584764]]]}, "properties": {"company_id": "cartier-resources", "jurisdiction": "Quebec", "claim_id": "", "claim_name": null, "holder": "Ressources Cartier inc.", "status": "Active", "recorded_date": null, "anniversary_or_expiry": null, "area_ha": null, "tenure_type": null, "source": "GESTIM active titles (MRNF digital data dump). Not legal title.", "as_of": "2026-09-20", "role": "focus", "color": "#e8b040"}}, {"type": "Feature", "geometry": {"type": "Polygon", "coordinates": [[[-76.77631303837641, 49.05000004164506], [-76.77627075185231, 49.04776271842052], [-76.77632936503683, 49.04409109039209], [-76.77634360102014, 49.042212924303655], [-76.77635925916567, 49.04166670584764], [-76.78181607777526, 49.04166671418102], [-76.781819463386, 49.044086901464986], [-76.78187634672325, 49.04774914835098], [-76.78190478275127, 49.05000004071178], [-76.77631303837641, 49.05000004164506]]]}, "properties": {"company_id": "cartier-resources", "jurisdiction": "Quebec", "claim_id": "", "claim_name": null, "holder": "Ressources Cartier inc.", "status": "Active", "recorded_date": null, "anniversary_or_expiry": null, "area_ha": null, "tenure_type": null, "source": "GESTIM active titles (MRNF digital data dump). Not legal title.", "as_of": "2026-09-20", "role": "focus", "color": "#e8b040"}}, {"type": "Feature", "geometry": {"type": "Polygon", "coordinates": [[[-76.37500000342166, 49.33333333331553], [-76.37500000338547, 49.33325801132719], [-76.37852587519053, 49.33323365732224], [-76.3785258694007, 49.333333401839596], [-76.37500000342166, 49.33333333331553]]]}, "properties": {"company_id": "cartier-resources", "jurisdiction": "Quebec", "claim_id": "", "claim_name": null, "holder": "Ressources Cartier inc.", "status": "Active", "recorded_date": null, "anniversary_or_expiry": null, "area_ha": null, "tenure_type": null, "source": "GESTIM active titles (MRNF digital data dump). Not legal title.", "as_of": "2026-09-20", "role": "focus", "color": "#e8b040"}}, {"type": "Feature", "geometry": {"type": "Polygon", "coordinates": [[[-76.3749999956456, 49.341666670437434], [-76.37500000342166, 49.33333333331553], [-76.3785258694007, 49.333333401839596], [-76.37852569311077, 49.33637024913581], [-76.37896449998699, 49.33636501390906], [-76.3795134301504, 49.33980823720122], [-76.37988139327294, 49.34166673587997], [-76.3749999956456, 49.341666670437434]]]}, "properties": {"company_id": "cartier-resources", "jurisdiction": "Quebec", "claim_id": "", "claim_name": null, "holder": "Ressources Cartier inc.", "status": "Active", "recorded_date": null, "anniversary_or_expiry": null, "area_ha": null, "tenure_type": null, "source": "GESTIM active titles (MRNF digital data dump). Not legal title.", "as_of": "2026-09-20", "role": "focus", "color": "#e8b040"}}, {"type": "Feature", "geometry": {"type": "Polygon", "coordinates": [[[-76.3749999956456, 49.341666670437434], [-76.37988139327294, 49.34166673587997], [-76.38017229518032, 49.34313591885026], [-76.38036696160016, 49.346982295837094], [-76.38036650336001, 49.34852178501126], [-76.37614157459649, 49.34842961855682], [-76.3750000018828, 49.34840675446136], [-76.3749999956456, 49.341666670437434]]]}, "properties": {"company_id": "cartier-resources", "jurisdiction": "Quebec", "claim_id": "", "claim_name": null, "holder": "Ressources Cartier inc.", "status": "Active", "recorded_date": null, "anniversary_or_expiry": null, "area_ha": null, "tenure_type": null, "source": "GESTIM active titles (MRNF digital data dump). Not legal title.", "as_of": "2026-09-20", "role": "focus", "color": "#e8b040"}}, {"type": "Feature", "geometry": {"type": "Polygon", "coordinates": [[[-76.37500000342166, 49.33333333331553], [-76.36771246970193, 49.33333336518902], [-76.37277717956833, 49.333273313338104], [-76.37500000338547, 49.33325801132719], [-76.37500000342166, 49.33333333331553]]]}, "properties": {"company_id": "cartier-resources", "jurisdiction": "Quebec", "claim_id": "", "claim_name": null, "holder": "Ressources Cartier inc.", "status": "Active", "recorded_date": null, "anniversary_or_expiry": null, "area_ha": null, "tenure_type": null, "source": "GESTIM active titles (MRNF digital data dump). Not legal title.", "as_of": "2026-09-20", "role": "focus", "color": "#e8b040"}}, {"type": "Feature", "geometry": {"type": "Polygon", "coordinates": [[[-76.36666666233631, 49.34166666727224], [-76.36666666001469, 49.33334496428309], [-76.36672214012947, 49.33334508324744], [-76.36771246970194, 49.33333336518902], [-76.37500000342166, 49.33333333331553], [-76.3749999956456, 49.341666670437434], [-76.36666666233631, 49.34166666727224]]]}, "properties": {"company_id": "cartier-resources", "jurisdiction": "Quebec", "claim_id": "", "claim_name": null, "holder": "Ressources Cartier inc.", "status": "Active", "recorded_date": null, "anniversary_or_expiry": null, "area_ha": null, "tenure_type": null, "source": "GESTIM active titles (MRNF digital data dump). Not legal title.", "as_of": "2026-09-20", "role": "focus", "color": "#e8b040"}}, {"type": "Feature", "geometry": {"type": "Polygon", "coordinates": [[[-76.36666666233631, 49.34166666727224], [-76.3749999956456, 49.341666670437434], [-76.3750000018828, 49.34840675446136], [-76.37257018001125, 49.348358053494934], [-76.37056848401245, 49.34838180902394], [-76.36666666597228, 49.34901536434268], [-76.36666666233631, 49.34166666727224]]]}, "properties": {"company_id": "cartier-resources", "jurisdiction": "Quebec", "claim_id": "", "claim_name": null, "holder": "Ressources Cartier inc.", "status": "Active", "recorded_date": null, "anniversary_or_expiry": null, "area_ha": null, "tenure_type": null, "source": "GESTIM active titles (MRNF digital data dump). Not legal title.", "as_of": "2026-09-20", "role": "focus", "color": "#e8b040"}}, {"type": "Feature", "geometry": {"type": "Polygon", "coordinates": [[[-76.35833333473552, 49.333327353769036], [-76.36057551710168, 49.33333175224231], [-76.36132808537585, 49.33333340080858], [-76.35833333473357, 49.33333333729884], [-76.35833333473552, 49.333327353769036]]]}, "properties": {"company_id": "cartier-resources", "jurisdiction": "Quebec", "claim_id": "", "claim_name": null, "holder": "Ressources Cartier inc.", "status": "Active", "recorded_date": null, "anniversary_or_expiry": null, "area_ha": null, "tenure_type": null, "source": "GESTIM active titles (MRNF digital data dump). Not legal title.", "as_of": "2026-09-20", "role": "focus", "color": "#e8b040"}}, {"type": "Feature", "geometry": {"type": "Polygon", "coordinates": [[[-76.35833333340985, 49.341666665675035], [-76.35833333473357, 49.33333333729884], [-76.36132808537585, 49.33333340080858], [-76.36666666001469, 49.33334496428309], [-76.36666666233631, 49.34166666727224], [-76.35833333340985, 49.341666665675035]]]}, "properties": {"company_id": "cartier-resources", "jurisdiction": "Quebec", "claim_id": "", "claim_name": null, "holder": "Ressources Cartier inc.", "status": "Active", "recorded_date": null, "anniversary_or_expiry": null, "area_ha": null, "tenure_type": null, "source": "GESTIM active titles (MRNF digital data dump). Not legal title.", "as_of": "2026-09-20", "role": "focus", "color": "#e8b040"}}, {"type": "Feature", "geometry": {"type": "Polygon", "coordinates": [[[-76.35833333370431, 49.35000000062076], [-76.35833333340985, 49.341666665675035], [-76.36666666233631, 49.34166666727224], [-76.36666666597228, 49.34901536434268], [-76.36545501221809, 49.3492120776905], [-76.36367794275127, 49.34948963688379], [-76.35967177586991, 49.3500000393074], [-76.35833333370431, 49.35000000062076]]]}, "properties": {"company_id": "cartier-resources", "jurisdiction": "Quebec", "claim_id": "", "claim_name": null, "holder": "Ressources Cartier inc.", "status": "Active", "recorded_date": null, "anniversary_or_expiry": null, "area_ha": null, "tenure_type": null, "source": "GESTIM active titles (MRNF digital data dump). Not legal title.", "as_of": "2026-09-20", "role": "focus", "color": "#e8b040"}}, {"type": "Feature", "geometry": {"type": "Polygon", "coordinates": [[[-76.35833333370431, 49.35000000062076], [-76.35967177586991, 49.3500000393074], [-76.35899311574565, 49.350086489614945], [-76.35833333374784, 49.35021838620639], [-76.35833333370431, 49.35000000062076]]]}, "properties": {"company_id": "cartier-resources", "jurisdiction": "Quebec", "claim_id": "", "claim_name": null, "holder": "Ressources Cartier inc.", "status": "Active", "recorded_date": null, "anniversary_or_expiry": null, "area_ha": null, "tenure_type": null, "source": "GESTIM active titles (MRNF digital data dump). Not legal title.", "as_of": "2026-09-20", "role": "focus", "color": "#e8b040"}}, {"type": "Feature", "geometry": {"type": "Polygon", "coordinates": [[[-76.34999999979465, 49.33333333269441], [-76.34999999980413, 49.3333205092695], [-76.35425181326985, 49.333319242990726], [-76.35833333473552, 49.333327353769036], [-76.35833333473357, 49.33333333729884], [-76.34999999979465, 49.33333333269441]]]}, "properties": {"company_id": "cartier-resources", "jurisdiction": "Quebec", "claim_id": "", "claim_name": null, "holder": "Ressources Cartier inc.", "status": "Active", "recorded_date": null, "anniversary_or_expiry": null, "area_ha": null, "tenure_type": null, "source": "GESTIM active titles (MRNF digital data dump). Not legal title.", "as_of": "2026-09-20", "role": "focus", "color": "#e8b040"}}, {"type": "Feature", "geometry": {"type": "Polygon", "coordinates": [[[-76.3504345346659, 49.34166667964313], [-76.35044734856935, 49.33995181655817], [-76.3499999960661, 49.33991890072991], [-76.34999999979465, 49.33333333269441], [-76.35833333473357, 49.33333333729884], [-76.35833333340985, 49.341666665675035], [-76.3504345346659, 49.34166667964313]]]}, "properties": {"company_id": "cartier-resources", "jurisdiction": "Quebec", "claim_id": "", "claim_name": null, "holder": "Ressources Cartier inc.", "status": "Active", "recorded_date": null, "anniversary_or_expiry": null, "area_ha": null, "tenure_type": null, "source": "GESTIM active titles (MRNF digital data dump). Not legal title.", "as_of": "2026-09-20", "role": "focus", "color": "#e8b040"}}, {"type": "Feature", "geometry": {"type": "Polygon", "coordinates": [[[-76.35833333370431, 49.35000000062076], [-76.35833333374784, 49.35021838620639], [-76.35808397736442, 49.35026823378729], [-76.35543492856324, 49.350498886965475], [-76.35044561629674, 49.35110131079087], [-76.35030071207855, 49.35000001489786], [-76.35833333370431, 49.35000000062076]]]}, "properties": {"company_id": "cartier-resources", "jurisdiction": "Quebec", "claim_id": "", "claim_name": null, "holder": "Ressources Cartier inc.", "status": "Active", "recorded_date": null, "anniversary_or_expiry": null, "area_ha": null, "tenure_type": null, "source": "GESTIM active titles (MRNF digital data dump). Not legal title.", "as_of": "2026-09-20", "role": "focus", "color": "#e8b040"}}, {"type": "Feature", "geometry": {"type": "Polygon", "coordinates": [[[-76.35030071207855, 49.35000001489786], [-76.35028073526199, 49.34984818405108], [-76.35000000526608, 49.349765426618475], [-76.34999999628519, 49.34262753614264], [-76.3504281894335, 49.34251580858203], [-76.3504345346659, 49.34166667964313], [-76.35833333340985, 49.341666665675035], [-76.35833333370431, 49.35000000062076], [-76.35030071207855, 49.35000001489786]]]}, "properties": {"company_id": "cartier-resources", "jurisdiction": "Quebec", "claim_id": "", "claim_name": null, "holder": "Ressources Cartier inc.", "status": "Active", "recorded_date": null, "anniversary_or_expiry": null, "area_ha": null, "tenure_type": null, "source": "GESTIM active titles (MRNF digital data dump). Not legal title.", "as_of": "2026-09-20", "role": "focus", "color": "#e8b040"}}, {"type": "Feature", "geometry": {"type": "Polygon", "coordinates": [[[-76.34920518948053, 49.33333335742322], [-76.34920432332797, 49.33332073004265], [-76.34999999980413, 49.3333205092695], [-76.34999999979465, 49.33333333269441], [-76.34920518948053, 49.33333335742322]]]}, "properties": {"company_id": "cartier-resources", "jurisdiction": "Quebec", "claim_id": "", "claim_name": null, "holder": "Ressources Cartier inc.", "status": "Active", "recorded_date": null, "anniversary_or_expiry": null, "area_ha": null, "tenure_type": null, "source": "GESTIM active titles (MRNF digital data dump). Not legal title.", "as_of": "2026-09-20", "role": "focus", "color": "#e8b040"}}, {"type": "Feature", "geometry": {"type": "Polygon", "coordinates": [[[-76.3499999960661, 49.33991890072991], [-76.34944433106783, 49.339878013050985], [-76.34942325716572, 49.336512301661216], [-76.34920518948053, 49.33333335742322], [-76.34999999979465, 49.33333333269441], [-76.3499999960661, 49.33991890072991]]]}, "properties": {"company_id": "cartier-resources", "jurisdiction": "Quebec", "claim_id": "", "claim_name": null, "holder": "Ressources Cartier inc.", "status": "Active", "recorded_date": null, "anniversary_or_expiry": null, "area_ha": null, "tenure_type": null, "source": "GESTIM active titles (MRNF digital data dump). Not legal title.", "as_of": "2026-09-20", "role": "focus", "color": "#e8b040"}}, {"type": "Feature", "geometry": {"type": "Polygon", "coordinates": [[[-76.35000000526608, 49.349765426618475], [-76.34720943243669, 49.348942734144394], [-76.34704845427255, 49.34623484051725], [-76.34706860349668, 49.34537888667471], [-76.34619376417848, 49.34362060192859], [-76.34999999628519, 49.34262753614264], [-76.35000000526608, 49.349765426618475]]]}, "properties": {"company_id": "cartier-resources", "jurisdiction": "Quebec", "claim_id": "", "claim_name": null, "holder": "Ressources Cartier inc.", "status": "Active", "recorded_date": null, "anniversary_or_expiry": null, "area_ha": null, "tenure_type": null, "source": "GESTIM active titles (MRNF digital data dump). Not legal title.", "as_of": "2026-09-20", "role": "focus", "color": "#e8b040"}}, {"type": "Feature", "geometry": {"type": "Polygon", "coordinates": [[[-76.79166666885288, 49.041666672600925], [-76.79166667066771, 49.03333333917219], [-76.79528696241867, 49.03333340593124], [-76.79527530891868, 49.03680049272532], [-76.79533577656142, 49.04004671121661], [-76.79542130422531, 49.041666742090705], [-76.79166666885288, 49.041666672600925]]]}, "properties": {"company_id": "cartier-resources", "jurisdiction": "Quebec", "claim_id": "", "claim_name": null, "holder": "Ressources Cartier inc.", "status": "Active", "recorded_date": null, "anniversary_or_expiry": null, "area_ha": null, "tenure_type": null, "source": "GESTIM active titles (MRNF digital data dump). Not legal title.", "as_of": "2026-09-20", "role": "focus", "color": "#e8b040"}}, {"type": "Feature", "geometry": {"type": "Polygon", "coordinates": [[[-76.79166666885288, 49.041666672600925], [-76.79542130422531, 49.041666742090705], [-76.79554460004067, 49.04400198200977], [-76.79532343770951, 49.04767264628004], [-76.79174496263305, 49.047662405711705], [-76.79166666634036, 49.04608396797081], [-76.79166666885288, 49.041666672600925]]]}, "properties": {"company_id": "cartier-resources", "jurisdiction": "Quebec", "claim_id": "", "claim_name": null, "holder": "Ressources Cartier inc.", "status": "Active", "recorded_date": null, "anniversary_or_expiry": null, "area_ha": null, "tenure_type": null, "source": "GESTIM active titles (MRNF digital data dump). Not legal title.", "as_of": "2026-09-20", "role": "focus", "color": "#e8b040"}}, {"type": "Feature", "geometry": {"type": "Polygon", "coordinates": [[[-76.79166666885288, 49.041666672600925], [-76.79152965609737, 49.041666677172515], [-76.79150626073742, 49.04012833620299], [-76.79154831663475, 49.036809967657234], [-76.79149572520213, 49.033333344778086], [-76.79166667066771, 49.03333333917219], [-76.79166666885288, 49.041666672600925]]]}, "properties": {"company_id": "cartier-resources", "jurisdiction": "Quebec", "claim_id": "", "claim_name": null, "holder": "Ressources Cartier inc.", "status": "Active", "recorded_date": null, "anniversary_or_expiry": null, "area_ha": null, "tenure_type": null, "source": "GESTIM active titles (MRNF digital data dump). Not legal title.", "as_of": "2026-09-20", "role": "focus", "color": "#e8b040"}}, {"type": "Feature", "geometry": {"type": "Polygon", "coordinates": [[[-76.79166666885288, 49.041666672600925], [-76.79166666634036, 49.04608396797081], [-76.79156595956216, 49.04405359633315], [-76.79152965609737, 49.041666677172515], [-76.79166666885288, 49.041666672600925]]]}, "properties": {"company_id": "cartier-resources", "jurisdiction": "Quebec", "claim_id": "", "claim_name": null, "holder": "Ressources Cartier inc.", "status": "Active", "recorded_date": null, "anniversary_or_expiry": null, "area_ha": null, "tenure_type": null, "source": "GESTIM active titles (MRNF digital data dump). Not legal title.", "as_of": "2026-09-20", "role": "focus", "color": "#e8b040"}}, {"type": "Feature", "geometry": {"type": "Polygon", "coordinates": [[[-76.77499999519694, 49.04166666618756], [-76.77500000591426, 49.03333333416996], [-76.77637536352162, 49.03333337337735], [-76.77642700056244, 49.0367772230269], [-76.7763989465754, 49.04028219885929], [-76.77635925916567, 49.04166670584764], [-76.77499999519694, 49.04166666618756]]]}, "properties": {"company_id": "cartier-resources", "jurisdiction": "Quebec", "claim_id": "", "claim_name": null, "holder": "Ressources Cartier inc.", "status": "Active", "recorded_date": null, "anniversary_or_expiry": null, "area_ha": null, "tenure_type": null, "source": "GESTIM active titles (MRNF digital data dump). Not legal title.", "as_of": "2026-09-20", "role": "focus", "color": "#e8b040"}}, {"type": "Feature", "geometry": {"type": "Polygon", "coordinates": [[[-76.77499999519564, 49.050000005091675], [-76.77499999519694, 49.04166666618756], [-76.77635925916567, 49.04166670584764], [-76.77634360102014, 49.042212924303655], [-76.77632936503683, 49.04409109039209], [-76.77627075185231, 49.04776271842052], [-76.77631303837641, 49.05000004164506], [-76.77499999519564, 49.050000005091675]]]}, "properties": {"company_id": "cartier-resources", "jurisdiction": "Quebec", "claim_id": "", "claim_name": null, "holder": "Ressources Cartier inc.", "status": "Active", "recorded_date": null, "anniversary_or_expiry": null, "area_ha": null, "tenure_type": null, "source": "GESTIM active titles (MRNF digital data dump). Not legal title.", "as_of": "2026-09-20", "role": "focus", "color": "#e8b040"}}, {"type": "Feature", "geometry": {"type": "Polygon", "coordinates": [[[-76.7833333336806, 49.04999999979669], [-76.78333332819584, 49.0583333331265], [-76.77500000526912, 49.05833333290038], [-76.77499999519564, 49.050000005091675], [-76.77631303837641, 49.05000004164506], [-76.77631544350098, 49.050127287689236], [-76.77638480924934, 49.05124723798585], [-76.77888010361575, 49.051282722451525], [-76.78192085757644, 49.05127237786884], [-76.78190478275127, 49.05000004071178], [-76.7833333336806, 49.04999999979669]]]}, "properties": {"company_id": "cartier-resources", "jurisdiction": "Quebec", "claim_id": "", "claim_name": null, "holder": "Ressources Cartier inc.", "status": "Active", "recorded_date": null, "anniversary_or_expiry": null, "area_ha": null, "tenure_type": null, "source": "GESTIM active titles (MRNF digital data dump). Not legal title.", "as_of": "2026-09-20", "role": "focus", "color": "#e8b040"}}, {"type": "Feature", "geometry": {"type": "Polygon", "coordinates": [[[-77.3083333354861, 48.000000003497874], [-77.30000000383272, 48.00000000691596], [-77.29999999830132, 47.99166666923321], [-77.30833334028351, 47.99166666954158], [-77.3083333354861, 48.000000003497874]]]}, "properties": {"company_id": "cartier-resources", "jurisdiction": "Quebec", "claim_id": "", "claim_name": null, "holder": "Ressources Cartier inc.", "status": "Active", "recorded_date": null, "anniversary_or_expiry": null, "area_ha": null, "tenure_type": null, "source": "GESTIM active titles (MRNF digital data dump). Not legal title.", "as_of": "2026-09-20", "role": "focus", "color": "#e8b040"}}, {"type": "Feature", "geometry": {"type": "Polygon", "coordinates": [[[-77.29166666333082, 47.99999999898115], [-77.28333332855314, 48.000000006401535], [-77.28333332950966, 47.991666669663694], [-77.29166666029386, 47.99166666074704], [-77.29166666333082, 47.99999999898115]]]}, "properties": {"company_id": "cartier-resources", "jurisdiction": "Quebec", "claim_id": "", "claim_name": null, "holder": "Ressources Cartier inc.", "status": "Active", "recorded_date": null, "anniversary_or_expiry": null, "area_ha": null, "tenure_type": null, "source": "GESTIM active titles (MRNF digital data dump). Not legal title.", "as_of": "2026-09-20", "role": "focus", "color": "#e8b040"}}, {"type": "Feature", "geometry": {"type": "Polygon", "coordinates": [[[-77.2749999982876, 48.000000002214556], [-77.26666667330943, 48.00000000440766], [-77.26666666640006, 47.99166666327842], [-77.27500000174426, 47.99166666488862], [-77.2749999982876, 48.000000002214556]]]}, "properties": {"company_id": "cartier-resources", "jurisdiction": "Quebec", "claim_id": "", "claim_name": null, "holder": "Ressources Cartier inc.", "status": "Active", "recorded_date": null, "anniversary_or_expiry": null, "area_ha": null, "tenure_type": null, "source": "GESTIM active titles (MRNF digital data dump). Not legal title.", "as_of": "2026-09-20", "role": "focus", "color": "#e8b040"}}, {"type": "Feature", "geometry": {"type": "Polygon", "coordinates": [[[-77.25833333333331, 48.00000000001084], [-77.25, 48.00000000001084], [-77.25000000000003, 47.99166666667757], [-77.2583333333333, 47.99166666667757], [-77.25833333333331, 48.00000000001084]]]}, "properties": {"company_id": "cartier-resources", "jurisdiction": "Quebec", "claim_id": "", "claim_name": null, "holder": "Ressources Cartier inc.", "status": "Active", "recorded_date": null, "anniversary_or_expiry": null, "area_ha": null, "tenure_type": null, "source": "GESTIM active titles (MRNF digital data dump). Not legal title.", "as_of": "2026-09-20", "role": "focus", "color": "#e8b040"}}, {"type": "Feature", "geometry": {"type": "Polygon", "coordinates": [[[-77.2416666609603, 48.00000000569828], [-77.23333332896905, 48.00000000703121], [-77.23333333482141, 47.99166666742869], [-77.24166666344948, 47.99166666124571], [-77.2416666609603, 48.00000000569828]]]}, "properties": {"company_id": "cartier-resources", "jurisdiction": "Quebec", "claim_id": "", "claim_name": null, "holder": "Ressources Cartier inc.", "status": "Active", "recorded_date": null, "anniversary_or_expiry": null, "area_ha": null, "tenure_type": null, "source": "GESTIM active titles (MRNF digital data dump). Not legal title.", "as_of": "2026-09-20", "role": "focus", "color": "#e8b040"}}, {"type": "Feature", "geometry": {"type": "Polygon", "coordinates": [[[-77.22500000177979, 48.000000005786745], [-77.21666666597983, 48.00000000223072], [-77.21666666473295, 47.99166666354299], [-77.2249999971989, 47.99166666228562], [-77.22500000177979, 48.000000005786745]]]}, "properties": {"company_id": "cartier-resources", "jurisdiction": "Quebec", "claim_id": "", "claim_name": null, "holder": "Ressources Cartier inc.", "status": "Active", "recorded_date": null, "anniversary_or_expiry": null, "area_ha": null, "tenure_type": null, "source": "GESTIM active titles (MRNF digital data dump). Not legal title.", "as_of": "2026-09-20", "role": "focus", "color": "#e8b040"}}, {"type": "Feature", "geometry": {"type": "Polygon", "coordinates": [[[-77.20833333533142, 48.00000000510021], [-77.19999999603495, 48.00000000566863], [-77.20000000102712, 47.99166666756378], [-77.20833333701844, 47.99166666221761], [-77.20833333533142, 48.00000000510021]]]}, "properties": {"company_id": "cartier-resources", "jurisdiction": "Quebec", "claim_id": "", "claim_name": null, "holder": "Ressources Cartier inc.", "status": "Active", "recorded_date": null, "anniversary_or_expiry": null, "area_ha": null, "tenure_type": null, "source": "GESTIM active titles (MRNF digital data dump). Not legal title.", "as_of": "2026-09-20", "role": "focus", "color": "#e8b040"}}, {"type": "Feature", "geometry": {"type": "Polygon", "coordinates": [[[-77.19166666146893, 48.00000000368447], [-77.18333333161631, 47.99999999915485], [-77.18333332939736, 47.99166666181614], [-77.19166666936928, 47.99166666134899], [-77.19166666146893, 48.00000000368447]]]}, "properties": {"company_id": "cartier-resources", "jurisdiction": "Quebec", "claim_id": "", "claim_name": null, "holder": "Ressources Cartier inc.", "status": "Active", "recorded_date": null, "anniversary_or_expiry": null, "area_ha": null, "tenure_type": null, "source": "GESTIM active titles (MRNF digital data dump). Not legal title.", "as_of": "2026-09-20", "role": "focus", "color": "#e8b040"}}, {"type": "Feature", "geometry": {"type": "Polygon", "coordinates": [[[-77.15833333148035, 48.00000000708212], [-77.15000000728193, 48.000000001679766], [-77.15000000455336, 47.99166667093183], [-77.15833333824483, 47.99166666587821], [-77.15833333148035, 48.00000000708212]]]}, "properties": {"company_id": "cartier-resources", "jurisdiction": "Quebec", "claim_id": "", "claim_name": null, "holder": "Ressources Cartier inc.", "status": "Active", "recorded_date": null, "anniversary_or_expiry": null, "area_ha": null, "tenure_type": null, "source": "GESTIM active titles (MRNF digital data dump). Not legal title.", "as_of": "2026-09-20", "role": "focus", "color": "#e8b040"}}, {"type": "Feature", "geometry": {"type": "Polygon", "coordinates": [[[-76.78333333215019, 49.025000006475395], [-76.78333333565007, 49.03333333647169], [-76.78183232585882, 49.03333337766659], [-76.78183654088416, 49.033009761059], [-76.77903263754358, 49.033016581400474], [-76.7763707098688, 49.03302298274688], [-76.77637536352162, 49.03333337337735], [-76.77500000591426, 49.03333333416996], [-76.77499999968398, 49.025000000468026], [-76.78333333215019, 49.025000006475395]]]}, "properties": {"company_id": "cartier-resources", "jurisdiction": "Quebec", "claim_id": "", "claim_name": null, "holder": "Ressources Cartier inc.", "status": "Active", "recorded_date": null, "anniversary_or_expiry": null, "area_ha": null, "tenure_type": null, "source": "GESTIM active titles (MRNF digital data dump). Not legal title.", "as_of": "2026-09-20", "role": "focus", "color": "#e8b040"}}, {"type": "Feature", "geometry": {"type": "Polygon", "coordinates": [[[-77.25000000656334, 48.01666666732469], [-77.25000000629694, 48.01718859614202], [-77.24926950310008, 48.01730894991909], [-77.24926988046562, 48.016666692255804], [-77.25000000656334, 48.01666666732469]]]}, "properties": {"company_id": "cartier-resources", "jurisdiction": "Quebec", "claim_id": "", "claim_name": null, "holder": "Ressources Cartier inc.", "status": "Active", "recorded_date": null, "anniversary_or_expiry": null, "area_ha": null, "tenure_type": null, "source": "GESTIM active titles (MRNF digital data dump). Not legal title.", "as_of": "2026-09-20", "role": "focus", "color": "#e8b040"}}, {"type": "Feature", "geometry": {"type": "Polygon", "coordinates": [[[-77.25316705579148, 48.016666745479164], [-77.25000000629694, 48.01718859614202], [-77.25000000656334, 48.01666666732469], [-77.25316705579148, 48.016666745479164]]]}, "properties": {"company_id": "cartier-resources", "jurisdiction": "Quebec", "claim_id": "", "claim_name": null, "holder": "Ressources Cartier inc.", "status": "Active", "recorded_date": null, "anniversary_or_expiry": null, "area_ha": null, "tenure_type": null, "source": "GESTIM active titles (MRNF digital data dump). Not legal title.", "as_of": "2026-09-20", "role": "focus", "color": "#e8b040"}}, {"type": "Feature", "geometry": {"type": "Polygon", "coordinates": [[[-77.29166666389449, 48.0333333357844], [-77.2916666646684, 48.031561629326184], [-77.2923682226618, 48.03157088042946], [-77.29235825382327, 48.03333336065493], [-77.29166666389449, 48.0333333357844]]]}, "properties": {"company_id": "cartier-resources", "jurisdiction": "Quebec", "claim_id": "", "claim_name": null, "holder": "Ressources Cartier inc.", "status": "Active", "recorded_date": null, "anniversary_or_expiry": null, "area_ha": null, "tenure_type": null, "source": "GESTIM active titles (MRNF digital data dump). Not legal title.", "as_of": "2026-09-20", "role": "focus", "color": "#e8b040"}}, {"type": "Feature", "geometry": {"type": "Polygon", "coordinates": [[[-77.25833333388763, 48.05000000714148], [-77.26008279212394, 48.05000005991814], [-77.26008252217326, 48.05036196853402], [-77.25833333407124, 48.05038159001961], [-77.25833333388763, 48.05000000714148]]]}, "properties": {"company_id": "cartier-resources", "jurisdiction": "Quebec", "claim_id": "", "claim_name": null, "holder": "Ressources Cartier inc.", "status": "Active", "recorded_date": null, "anniversary_or_expiry": null, "area_ha": null, "tenure_type": null, "source": "GESTIM active titles (MRNF digital data dump). Not legal title.", "as_of": "2026-09-20", "role": "focus", "color": "#e8b040"}}, {"type": "Feature", "geometry": {"type": "Polygon", "coordinates": [[[-77.25833333388763, 48.05000000714148], [-77.25833333407124, 48.05038159001961], [-77.25509017049386, 48.050417894255034], [-77.25509296491252, 48.0500000822894], [-77.25833333388763, 48.05000000714148]]]}, "properties": {"company_id": "cartier-resources", "jurisdiction": "Quebec", "claim_id": "", "claim_name": null, "holder": "Ressources Cartier inc.", "status": "Active", "recorded_date": null, "anniversary_or_expiry": null, "area_ha": null, "tenure_type": null, "source": "GESTIM active titles (MRNF digital data dump). Not legal title.", "as_of": "2026-09-20", "role": "focus", "color": "#e8b040"}}, {"type": "Feature", "geometry": {"type": "Polygon", "coordinates": [[[-77.25833333524614, 48.046648835725414], [-77.260085312574, 48.04662077039359], [-77.26008279212394, 48.05000005991814], [-77.25833333388763, 48.05000000714148], [-77.25833333524614, 48.046648835725414]]]}, "properties": {"company_id": "cartier-resources", "jurisdiction": "Quebec", "claim_id": "", "claim_name": null, "holder": "Ressources Cartier inc.", "status": "Active", "recorded_date": null, "anniversary_or_expiry": null, "area_ha": null, "tenure_type": null, "source": "GESTIM active titles (MRNF digital data dump). Not legal title.", "as_of": "2026-09-20", "role": "focus", "color": "#e8b040"}}, {"type": "Feature", "geometry": {"type": "Polygon", "coordinates": [[[-77.25511503282544, 48.04670031543386], [-77.25833333524614, 48.046648835725414], [-77.25833333388763, 48.05000000714148], [-77.25509296491252, 48.0500000822894], [-77.25511503282544, 48.04670031543386]]]}, "properties": {"company_id": "cartier-resources", "jurisdiction": "Quebec", "claim_id": "", "claim_name": null, "holder": "Ressources Cartier inc.", "status": "Active", "recorded_date": null, "anniversary_or_expiry": null, "area_ha": null, "tenure_type": null, "source": "GESTIM active titles (MRNF digital data dump). Not legal title.", "as_of": "2026-09-20", "role": "focus", "color": "#e8b040"}}, {"type": "Feature", "geometry": {"type": "Polygon", "coordinates": [[[-77.2916666675341, 48.024999998841004], [-77.29166666466841, 48.031561629326184], [-77.2874439644686, 48.031505849113756], [-77.28739085871123, 48.03150621308376], [-77.28741663356901, 48.0250000807968], [-77.2916666675341, 48.024999998841004]]]}, "properties": {"company_id": "cartier-resources", "jurisdiction": "Quebec", "claim_id": "", "claim_name": null, "holder": "Ressources Cartier inc.", "status": "Active", "recorded_date": null, "anniversary_or_expiry": null, "area_ha": null, "tenure_type": null, "source": "GESTIM active titles (MRNF digital data dump). Not legal title.", "as_of": "2026-09-20", "role": "focus", "color": "#e8b040"}}, {"type": "Feature", "geometry": {"type": "MultiPolygon", "coordinates": [[[[-77.1750000004678, 48.006075403206346], [-77.1730777920606, 48.00607604379219], [-77.16759550206643, 48.00602271777931], [-77.16767821100228, 48.00260937926207], [-77.17317528344374, 48.002609287955856], [-77.17500000410637, 48.002605445569564], [-77.1750000004678, 48.006075403206346]]], [[[-77.16766989134042, 48.00000003523818], [-77.16767821100228, 48.00260937926207], [-77.16666666964618, 48.002615255682386], [-77.16666667334015, 48.00000000072161], [-77.16766989134042, 48.00000003523818]]]]}, "properties": {"company_id": "cartier-resources", "jurisdiction": "Quebec", "claim_id": "", "claim_name": null, "holder": "Ressources Cartier inc.", "status": "Active", "recorded_date": null, "anniversary_or_expiry": null, "area_ha": null, "tenure_type": null, "source": "GESTIM active titles (MRNF digital data dump). Not legal title.", "as_of": "2026-09-20", "role": "focus", "color": "#e8b040"}}, {"type": "Feature", "geometry": {"type": "Polygon", "coordinates": [[[-77.16666667334012, 48.00000000071076], [-77.16666666964618, 48.002615255682386], [-77.16219738553852, 48.00264110453797], [-77.1583333307941, 48.002663315853944], [-77.15833333148032, 48.000000007071264], [-77.16666667334012, 48.00000000071076]]]}, "properties": {"company_id": "cartier-resources", "jurisdiction": "Quebec", "claim_id": "", "claim_name": null, "holder": "Ressources Cartier inc.", "status": "Active", "recorded_date": null, "anniversary_or_expiry": null, "area_ha": null, "tenure_type": null, "source": "GESTIM active titles (MRNF digital data dump). Not legal title.", "as_of": "2026-09-20", "role": "focus", "color": "#e8b040"}}, {"type": "Feature", "geometry": {"type": "Polygon", "coordinates": [[[-77.1833333397001, 48.00833333842606], [-77.18333333981245, 48.010115606979674], [-77.18002101565038, 48.010114538500396], [-77.17948161855195, 48.01011431352276], [-77.17901914060828, 48.010114173978764], [-77.17869305063596, 48.010114090187535], [-77.17876679581002, 48.00833341767565], [-77.1833333397001, 48.00833333842606]]]}, "properties": {"company_id": "cartier-resources", "jurisdiction": "Quebec", "claim_id": "", "claim_name": null, "holder": "Ressources Cartier inc.", "status": "Active", "recorded_date": null, "anniversary_or_expiry": null, "area_ha": null, "tenure_type": null, "source": "GESTIM active titles (MRNF digital data dump). Not legal title.", "as_of": "2026-09-20", "role": "focus", "color": "#e8b040"}}, {"type": "Feature", "geometry": {"type": "Polygon", "coordinates": [[[-77.33333334065563, 48.04166667042901], [-77.33333333163705, 48.035457875042304], [-77.33422615110929, 48.03546251572482], [-77.33447397792808, 48.035463803275256], [-77.33500707527296, 48.03545992843739], [-77.33498806654309, 48.03899208486014], [-77.33498658237718, 48.03926784780292], [-77.33498546928998, 48.03932483620453], [-77.33493978379178, 48.04166672171274], [-77.33333334065563, 48.04166667042901]]]}, "properties": {"company_id": "cartier-resources", "jurisdiction": "Quebec", "claim_id": "", "claim_name": null, "holder": "Ressources Cartier inc.", "status": "Active", "recorded_date": null, "anniversary_or_expiry": null, "area_ha": null, "tenure_type": null, "source": "GESTIM active titles (MRNF digital data dump). Not legal title.", "as_of": "2026-09-20", "role": "focus", "color": "#e8b040"}}, {"type": "Feature", "geometry": {"type": "Polygon", "coordinates": [[[-77.24166666852601, 48.02500000532355], [-77.23333333921603, 48.02500000076343], [-77.23333333828143, 48.02057761036014], [-77.23686889011631, 48.02059553307269], [-77.23841071839792, 48.02060383875056], [-77.2416666655618, 48.020621303803516], [-77.24166666852601, 48.02500000532355]]]}, "properties": {"company_id": "cartier-resources", "jurisdiction": "Quebec", "claim_id": "", "claim_name": null, "holder": "Ressources Cartier inc.", "status": "Active", "recorded_date": null, "anniversary_or_expiry": null, "area_ha": null, "tenure_type": null, "source": "GESTIM active titles (MRNF digital data dump). Not legal title.", "as_of": "2026-09-20", "role": "focus", "color": "#e8b040"}}, {"type": "Feature", "geometry": {"type": "Polygon", "coordinates": [[[-77.22499999887245, 48.00833333356012], [-77.22500000085094, 48.00266261740808], [-77.22748136890816, 48.0026621572452], [-77.22779787706072, 48.002638821614426], [-77.22781839502092, 48.00635015938605], [-77.22784805805847, 48.00833340888835], [-77.22499999887245, 48.00833333356012]]]}, "properties": {"company_id": "cartier-resources", "jurisdiction": "Quebec", "claim_id": "", "claim_name": null, "holder": "Ressources Cartier inc.", "status": "Active", "recorded_date": null, "anniversary_or_expiry": null, "area_ha": null, "tenure_type": null, "source": "GESTIM active titles (MRNF digital data dump). Not legal title.", "as_of": "2026-09-20", "role": "focus", "color": "#e8b040"}}, {"type": "Feature", "geometry": {"type": "Polygon", "coordinates": [[[-77.23333333921606, 48.02500000077418], [-77.2250000017385, 48.025000002942356], [-77.22500000345627, 48.016666668848224], [-77.233333337455, 48.016666670796845], [-77.23333333754711, 48.01710247785503], [-77.232297877474, 48.01710244442611], [-77.2321151992182, 48.02057140812169], [-77.23333333828143, 48.02057761036014], [-77.23333333921606, 48.02500000077418]]]}, "properties": {"company_id": "cartier-resources", "jurisdiction": "Quebec", "claim_id": "", "claim_name": null, "holder": "Ressources Cartier inc.", "status": "Active", "recorded_date": null, "anniversary_or_expiry": null, "area_ha": null, "tenure_type": null, "source": "GESTIM active titles (MRNF digital data dump). Not legal title.", "as_of": "2026-09-20", "role": "focus", "color": "#e8b040"}}, {"type": "Feature", "geometry": {"type": "Polygon", "coordinates": [[[-77.19166666146891, 48.000000003673605], [-77.19166666495995, 48.002611244873506], [-77.18953973944288, 48.002608204407615], [-77.18412202638659, 48.002619267481165], [-77.18333333415366, 48.0026159915354], [-77.18333333161631, 47.99999999914401], [-77.19166666146891, 48.000000003673605]]]}, "properties": {"company_id": "cartier-resources", "jurisdiction": "Quebec", "claim_id": "", "claim_name": null, "holder": "Ressources Cartier inc.", "status": "Active", "recorded_date": null, "anniversary_or_expiry": null, "area_ha": null, "tenure_type": null, "source": "GESTIM active titles (MRNF digital data dump). Not legal title.", "as_of": "2026-09-20", "role": "focus", "color": "#e8b040"}}, {"type": "Feature", "geometry": {"type": "Polygon", "coordinates": [[[-77.24166666288515, 48.0166666704655], [-77.24166666412528, 48.01096370048688], [-77.24217438109818, 48.01253964175263], [-77.24223914017156, 48.012740658599874], [-77.24927161855304, 48.013708337757436], [-77.24926988537393, 48.01666669362364], [-77.24166666288515, 48.0166666704655]]]}, "properties": {"company_id": "cartier-resources", "jurisdiction": "Quebec", "claim_id": "", "claim_name": null, "holder": "Ressources Cartier inc.", "status": "Active", "recorded_date": null, "anniversary_or_expiry": null, "area_ha": null, "tenure_type": null, "source": "GESTIM active titles (MRNF digital data dump). Not legal title.", "as_of": "2026-09-20", "role": "focus", "color": "#e8b040"}}, {"type": "Feature", "geometry": {"type": "Polygon", "coordinates": [[[-77.1500000072819, 48.000000001668916], [-77.1500000057414, 48.002686489781695], [-77.1465636824405, 48.00267660850714], [-77.14656445004339, 48.00000008122574], [-77.1500000072819, 48.000000001668916]]]}, "properties": {"company_id": "cartier-resources", "jurisdiction": "Quebec", "claim_id": "", "claim_name": null, "holder": "Ressources Cartier inc.", "status": "Active", "recorded_date": null, "anniversary_or_expiry": null, "area_ha": null, "tenure_type": null, "source": "GESTIM active titles (MRNF digital data dump). Not legal title.", "as_of": "2026-09-20", "role": "focus", "color": "#e8b040"}}, {"type": "Feature", "geometry": {"type": "Polygon", "coordinates": [[[-77.15000000728193, 48.000000001679744], [-77.14656445004339, 48.00000008122576], [-77.14656468940005, 47.999165417924274], [-77.14656471104962, 47.9990974568161], [-77.14656552883461, 47.995537867120476], [-77.14657096944424, 47.99194543486786], [-77.14657140260083, 47.991666748655874], [-77.15000000455335, 47.99166667092098], [-77.15000000582091, 47.99553822605982], [-77.15000000728193, 48.000000001679744]]]}, "properties": {"company_id": "cartier-resources", "jurisdiction": "Quebec", "claim_id": "", "claim_name": null, "holder": "Ressources Cartier inc.", "status": "Active", "recorded_date": null, "anniversary_or_expiry": null, "area_ha": null, "tenure_type": null, "source": "GESTIM active titles (MRNF digital data dump). Not legal title.", "as_of": "2026-09-20", "role": "focus", "color": "#e8b040"}}, {"type": "Feature", "geometry": {"type": "Polygon", "coordinates": [[[-77.1833333397001, 48.00833333842606], [-77.18405489364311, 48.00833336420269], [-77.18402716817496, 48.01011581776063], [-77.18333333981245, 48.010115606979674], [-77.1833333397001, 48.00833333842606]]]}, "properties": {"company_id": "cartier-resources", "jurisdiction": "Quebec", "claim_id": "", "claim_name": null, "holder": "Ressources Cartier inc.", "status": "Active", "recorded_date": null, "anniversary_or_expiry": null, "area_ha": null, "tenure_type": null, "source": "GESTIM active titles (MRNF digital data dump). Not legal title.", "as_of": "2026-09-20", "role": "focus", "color": "#e8b040"}}, {"type": "Feature", "geometry": {"type": "Polygon", "coordinates": [[[-77.19999999629312, 48.00263777874844], [-77.19527454455684, 48.002616305359034], [-77.19166666495995, 48.002611244873506], [-77.19166666146891, 48.000000003673605], [-77.19999999603492, 48.000000005657775], [-77.19999999629312, 48.00263777874844]]]}, "properties": {"company_id": "cartier-resources", "jurisdiction": "Quebec", "claim_id": "", "claim_name": null, "holder": "Ressources Cartier inc.", "status": "Active", "recorded_date": null, "anniversary_or_expiry": null, "area_ha": null, "tenure_type": null, "source": "GESTIM active titles (MRNF digital data dump). Not legal title.", "as_of": "2026-09-20", "role": "focus", "color": "#e8b040"}}, {"type": "Feature", "geometry": {"type": "MultiPolygon", "coordinates": [[[[-77.17876679581002, 48.008333417675665], [-77.17886035971947, 48.00607401205322], [-77.18333333755325, 48.00612048459146], [-77.18333333970011, 48.008333338426056], [-77.17876679581002, 48.008333417675665]]], [[[-77.17884645780538, 48.00259724364896], [-77.17886035971947, 48.00607401205322], [-77.1750000004678, 48.006075403206346], [-77.17500000410637, 48.002605445569564], [-77.17884645780538, 48.00259724364896]]], [[[-77.18333333161631, 47.99999999915485], [-77.18333333415367, 48.00261599153538], [-77.17884645780538, 48.00259724364896], [-77.17886819682471, 48.00000008116973], [-77.18333333161631, 47.99999999915485]]]]}, "properties": {"company_id": "cartier-resources", "jurisdiction": "Quebec", "claim_id": "", "claim_name": null, "holder": "Ressources Cartier inc.", "status": "Active", "recorded_date": null, "anniversary_or_expiry": null, "area_ha": null, "tenure_type": null, "source": "GESTIM active titles (MRNF digital data dump). Not legal title.", "as_of": "2026-09-20", "role": "focus", "color": "#e8b040"}}, {"type": "Feature", "geometry": {"type": "Polygon", "coordinates": [[[-77.20833333533139, 48.00000000508934], [-77.20833333655547, 48.00261579504053], [-77.20609454092617, 48.002624964975126], [-77.20029665571373, 48.00263911984083], [-77.19999999629312, 48.00263777874844], [-77.19999999603492, 48.000000005657775], [-77.20833333533139, 48.00000000508934]]]}, "properties": {"company_id": "cartier-resources", "jurisdiction": "Quebec", "claim_id": "", "claim_name": null, "holder": "Ressources Cartier inc.", "status": "Active", "recorded_date": null, "anniversary_or_expiry": null, "area_ha": null, "tenure_type": null, "source": "GESTIM active titles (MRNF digital data dump). Not legal title.", "as_of": "2026-09-20", "role": "focus", "color": "#e8b040"}}, {"type": "Feature", "geometry": {"type": "Polygon", "coordinates": [[[-77.2666666691236, 48.016666672141426], [-77.26666667289778, 48.01011008679869], [-77.27074534280447, 48.010107937340656], [-77.27080544227859, 48.0101079094948], [-77.27500000186535, 48.01010566999123], [-77.27500000104993, 48.016666670834454], [-77.2666666691236, 48.016666672141426]]]}, "properties": {"company_id": "cartier-resources", "jurisdiction": "Quebec", "claim_id": "", "claim_name": null, "holder": "Ressources Cartier inc.", "status": "Active", "recorded_date": null, "anniversary_or_expiry": null, "area_ha": null, "tenure_type": null, "source": "GESTIM active titles (MRNF digital data dump). Not legal title.", "as_of": "2026-09-20", "role": "focus", "color": "#e8b040"}}, {"type": "Feature", "geometry": {"type": "Polygon", "coordinates": [[[-77.23333333745501, 48.01666667080764], [-77.23333333126143, 48.01012058200072], [-77.2369066149604, 48.01012037842559], [-77.23836107887124, 48.010120269384124], [-77.2379700943467, 48.008333414554706], [-77.24081481445543, 48.00833336072425], [-77.24096013198488, 48.00877062939059], [-77.24134870058106, 48.00997670717139], [-77.24139485820821, 48.0101199792975], [-77.24166666412528, 48.01096370048688], [-77.24166666288517, 48.0166666704763], [-77.23333333745501, 48.01666667080764]]]}, "properties": {"company_id": "cartier-resources", "jurisdiction": "Quebec", "claim_id": "", "claim_name": null, "holder": "Ressources Cartier inc.", "status": "Active", "recorded_date": null, "anniversary_or_expiry": null, "area_ha": null, "tenure_type": null, "source": "GESTIM active titles (MRNF digital data dump). Not legal title.", "as_of": "2026-09-20", "role": "focus", "color": "#e8b040"}}, {"type": "Feature", "geometry": {"type": "Polygon", "coordinates": [[[-77.30000000525912, 48.02500000405674], [-77.30000000535674, 48.03154519859003], [-77.29815244118696, 48.03153379584247], [-77.29792774460671, 48.03153240754563], [-77.29288303263915, 48.03156732860392], [-77.2923682226618, 48.03157088042948], [-77.29166666466841, 48.031561629326184], [-77.2916666675341, 48.024999998841004], [-77.30000000525912, 48.02500000405674]]]}, "properties": {"company_id": "cartier-resources", "jurisdiction": "Quebec", "claim_id": "", "claim_name": null, "holder": "Ressources Cartier inc.", "status": "Active", "recorded_date": null, "anniversary_or_expiry": null, "area_ha": null, "tenure_type": null, "source": "GESTIM active titles (MRNF digital data dump). Not legal title.", "as_of": "2026-09-20", "role": "focus", "color": "#e8b040"}}, {"type": "Feature", "geometry": {"type": "Polygon", "coordinates": [[[-77.2250000034563, 48.01666666885901], [-77.22499999887245, 48.00833333356012], [-77.22784805805847, 48.00833340888835], [-77.22787479595641, 48.01012094971031], [-77.23227843982431, 48.010120614126876], [-77.23240889908809, 48.01012061517298], [-77.23333333126143, 48.01012058200072], [-77.23333333745501, 48.01666667080764], [-77.2250000034563, 48.01666666885901]]]}, "properties": {"company_id": "cartier-resources", "jurisdiction": "Quebec", "claim_id": "", "claim_name": null, "holder": "Ressources Cartier inc.", "status": "Active", "recorded_date": null, "anniversary_or_expiry": null, "area_ha": null, "tenure_type": null, "source": "GESTIM active titles (MRNF digital data dump). Not legal title.", "as_of": "2026-09-20", "role": "focus", "color": "#e8b040"}}, {"type": "Feature", "geometry": {"type": "Polygon", "coordinates": [[[-77.25833332835515, 48.02500000709162], [-77.25000000230906, 48.0249999983429], [-77.25000000629694, 48.01718859614202], [-77.25316705579147, 48.01666674547915], [-77.2583333287008, 48.01666667114508], [-77.25833332835515, 48.02500000709162]]]}, "properties": {"company_id": "cartier-resources", "jurisdiction": "Quebec", "claim_id": "", "claim_name": null, "holder": "Ressources Cartier inc.", "status": "Active", "recorded_date": null, "anniversary_or_expiry": null, "area_ha": null, "tenure_type": null, "source": "GESTIM active titles (MRNF digital data dump). Not legal title.", "as_of": "2026-09-20", "role": "focus", "color": "#e8b040"}}, {"type": "Feature", "geometry": {"type": "Polygon", "coordinates": [[[-77.16666666666671, 48.00000000001084], [-77.16666666666673, 47.99166666667759], [-77.17500000000001, 47.991666666677574], [-77.17500000546259, 47.999045458025016], [-77.1731145488112, 47.999053224879944], [-77.16766690983475, 47.9990648614157], [-77.16766989134042, 48.00000003523818], [-77.16666666666671, 48.00000000001084]]]}, "properties": {"company_id": "cartier-resources", "jurisdiction": "Quebec", "claim_id": "", "claim_name": null, "holder": "Ressources Cartier inc.", "status": "Active", "recorded_date": null, "anniversary_or_expiry": null, "area_ha": null, "tenure_type": null, "source": "GESTIM active titles (MRNF digital data dump). Not legal title.", "as_of": "2026-09-20", "role": "focus", "color": "#e8b040"}}, {"type": "Feature", "geometry": {"type": "Polygon", "coordinates": [[[-77.15833333148032, 48.000000007071264], [-77.1583333307941, 48.002663315853944], [-77.15674824521504, 48.002672386717244], [-77.15159990481044, 48.00269105256648], [-77.1500000057414, 48.00268648978168], [-77.1500000072819, 48.000000001668916], [-77.15833333148032, 48.000000007071264]]]}, "properties": {"company_id": "cartier-resources", "jurisdiction": "Quebec", "claim_id": "", "claim_name": null, "holder": "Ressources Cartier inc.", "status": "Active", "recorded_date": null, "anniversary_or_expiry": null, "area_ha": null, "tenure_type": null, "source": "GESTIM active titles (MRNF digital data dump). Not legal title.", "as_of": "2026-09-20", "role": "focus", "color": "#e8b040"}}, {"type": "Feature", "geometry": {"type": "Polygon", "coordinates": [[[-77.24166666288517, 48.0166666704763], [-77.24166666322127, 48.01716329368266], [-77.23686415548525, 48.01710251626368], [-77.23333333754711, 48.01710247785503], [-77.23333333745501, 48.01666667080764], [-77.24166666288517, 48.0166666704763]]]}, "properties": {"company_id": "cartier-resources", "jurisdiction": "Quebec", "claim_id": "", "claim_name": null, "holder": "Ressources Cartier inc.", "status": "Active", "recorded_date": null, "anniversary_or_expiry": null, "area_ha": null, "tenure_type": null, "source": "GESTIM active titles (MRNF digital data dump). Not legal title.", "as_of": "2026-09-20", "role": "focus", "color": "#e8b040"}}, {"type": "Feature", "geometry": {"type": "Polygon", "coordinates": [[[-77.31666666318264, 48.03333333264646], [-77.32359788372615, 48.033333377309695], [-77.32363270258472, 48.03450084035916], [-77.32366106006903, 48.03545140262733], [-77.32366936167429, 48.03572967162739], [-77.32460759588707, 48.03572987421991], [-77.3246081543933, 48.03932739639487], [-77.31924379661315, 48.03932611910448], [-77.31666666093956, 48.03933330059867], [-77.31666666318264, 48.03333333264646]]]}, "properties": {"company_id": "cartier-resources", "jurisdiction": "Quebec", "claim_id": "", "claim_name": null, "holder": "Ressources Cartier inc.", "status": "Active", "recorded_date": null, "anniversary_or_expiry": null, "area_ha": null, "tenure_type": null, "source": "GESTIM active titles (MRNF digital data dump). Not legal title.", "as_of": "2026-09-20", "role": "focus", "color": "#e8b040"}}, {"type": "Feature", "geometry": {"type": "Polygon", "coordinates": [[[-77.2583333287008, 48.01666667114508], [-77.25833333053586, 48.0158152691742], [-77.2606778774138, 48.01542877554937], [-77.25940719875717, 48.01139700521572], [-77.25906813198112, 48.01011356882999], [-77.25890714301973, 48.0095044724724], [-77.2602693962721, 48.01011305034506], [-77.26531081960617, 48.010110756032496], [-77.26555352391519, 48.01011064633186], [-77.26666667289778, 48.01011008679869], [-77.2666666691236, 48.016666672141426], [-77.2583333287008, 48.01666667114508]]]}, "properties": {"company_id": "cartier-resources", "jurisdiction": "Quebec", "claim_id": "", "claim_name": null, "holder": "Ressources Cartier inc.", "status": "Active", "recorded_date": null, "anniversary_or_expiry": null, "area_ha": null, "tenure_type": null, "source": "GESTIM active titles (MRNF digital data dump). Not legal title.", "as_of": "2026-09-20", "role": "focus", "color": "#e8b040"}}, {"type": "Feature", "geometry": {"type": "Polygon", "coordinates": [[[-77.2583333287008, 48.01666667114508], [-77.25316705579147, 48.01666674547915], [-77.25613610875178, 48.01617742431552], [-77.25833333053586, 48.0158152691742], [-77.2583333287008, 48.01666667114508]]]}, "properties": {"company_id": "cartier-resources", "jurisdiction": "Quebec", "claim_id": "", "claim_name": null, "holder": "Ressources Cartier inc.", "status": "Active", "recorded_date": null, "anniversary_or_expiry": null, "area_ha": null, "tenure_type": null, "source": "GESTIM active titles (MRNF digital data dump). Not legal title.", "as_of": "2026-09-20", "role": "focus", "color": "#e8b040"}}, {"type": "Feature", "geometry": {"type": "Polygon", "coordinates": [[[-77.25000000230905, 48.02499999834291], [-77.24166666852598, 48.02500000531279], [-77.2416666655618, 48.020621303803516], [-77.24302712177304, 48.0206285735853], [-77.24300828712968, 48.01846170814866], [-77.24299714795974, 48.01718009315497], [-77.24166666322127, 48.01716329368266], [-77.24166666288515, 48.0166666704655], [-77.24926988537393, 48.01666669362364], [-77.2492695031001, 48.01730894991911], [-77.25000000629694, 48.01718859614202], [-77.25000000230905, 48.02499999834291]]]}, "properties": {"company_id": "cartier-resources", "jurisdiction": "Quebec", "claim_id": "", "claim_name": null, "holder": "Ressources Cartier inc.", "status": "Active", "recorded_date": null, "anniversary_or_expiry": null, "area_ha": null, "tenure_type": null, "source": "GESTIM active titles (MRNF digital data dump). Not legal title.", "as_of": "2026-09-20", "role": "focus", "color": "#e8b040"}}, {"type": "Feature", "geometry": {"type": "Polygon", "coordinates": [[[-77.20833333686755, 48.016666666603115], [-77.20833332784504, 48.02500000002665], [-77.20000000517942, 48.02500000365656], [-77.20000000509093, 48.02421520666446], [-77.20065228315218, 48.02421535397177], [-77.20061603256256, 48.02056356528634], [-77.20058985239254, 48.017077384371404], [-77.20057946729885, 48.01666668741273], [-77.20833333686755, 48.016666666603115]]]}, "properties": {"company_id": "cartier-resources", "jurisdiction": "Quebec", "claim_id": "", "claim_name": null, "holder": "Ressources Cartier inc.", "status": "Active", "recorded_date": null, "anniversary_or_expiry": null, "area_ha": null, "tenure_type": null, "source": "GESTIM active titles (MRNF digital data dump). Not legal title.", "as_of": "2026-09-20", "role": "focus", "color": "#e8b040"}}, {"type": "Feature", "geometry": {"type": "Polygon", "coordinates": [[[-77.20833333686755, 48.016666666603115], [-77.20057946729885, 48.01666668741273], [-77.2005004478846, 48.0135415015541], [-77.20618142466608, 48.013606875212915], [-77.20833333773942, 48.01359362634525], [-77.20833333686755, 48.016666666603115]]]}, "properties": {"company_id": "cartier-resources", "jurisdiction": "Quebec", "claim_id": "", "claim_name": null, "holder": "Ressources Cartier inc.", "status": "Active", "recorded_date": null, "anniversary_or_expiry": null, "area_ha": null, "tenure_type": null, "source": "GESTIM active titles (MRNF digital data dump). Not legal title.", "as_of": "2026-09-20", "role": "focus", "color": "#e8b040"}}, {"type": "Feature", "geometry": {"type": "Polygon", "coordinates": [[[-77.18333333970011, 48.008333338426056], [-77.18333333755325, 48.00612048459146], [-77.18408918962372, 48.00612831906695], [-77.18405489364311, 48.008333364202706], [-77.18333333970011, 48.008333338426056]]]}, "properties": {"company_id": "cartier-resources", "jurisdiction": "Quebec", "claim_id": "", "claim_name": null, "holder": "Ressources Cartier inc.", "status": "Active", "recorded_date": null, "anniversary_or_expiry": null, "area_ha": null, "tenure_type": null, "source": "GESTIM active titles (MRNF digital data dump). Not legal title.", "as_of": "2026-09-20", "role": "focus", "color": "#e8b040"}}, {"type": "Feature", "geometry": {"type": "Polygon", "coordinates": [[[-77.21666666125714, 48.01666667361431], [-77.20833333686755, 48.016666666603115], [-77.20833333773942, 48.01359362634525], [-77.21106426396787, 48.013576750092184], [-77.2111417434766, 48.010120950601426], [-77.21643361525489, 48.010121265179244], [-77.2164817338722, 48.008333340933966], [-77.21666667336046, 48.0083333339005], [-77.21666666125714, 48.01666667361431]]]}, "properties": {"company_id": "cartier-resources", "jurisdiction": "Quebec", "claim_id": "", "claim_name": null, "holder": "Ressources Cartier inc.", "status": "Active", "recorded_date": null, "anniversary_or_expiry": null, "area_ha": null, "tenure_type": null, "source": "GESTIM active titles (MRNF digital data dump). Not legal title.", "as_of": "2026-09-20", "role": "focus", "color": "#e8b040"}}, {"type": "Feature", "geometry": {"type": "Polygon", "coordinates": [[[-77.33333334065564, 48.0416666704397], [-77.33333333998074, 48.042723469311156], [-77.33012013312289, 48.04273570516512], [-77.32981053567146, 48.042737937947926], [-77.32560769867254, 48.04267431601979], [-77.32500000188628, 48.04271426911529], [-77.32500000144564, 48.04166667381229], [-77.33333334065564, 48.0416666704397]]]}, "properties": {"company_id": "cartier-resources", "jurisdiction": "Quebec", "claim_id": "", "claim_name": null, "holder": "Ressources Cartier inc.", "status": "Active", "recorded_date": null, "anniversary_or_expiry": null, "area_ha": null, "tenure_type": null, "source": "GESTIM active titles (MRNF digital data dump). Not legal title.", "as_of": "2026-09-20", "role": "focus", "color": "#e8b040"}}, {"type": "Feature", "geometry": {"type": "Polygon", "coordinates": [[[-77.24166666383154, 48.006403224314624], [-77.24166666216436, 48.00268541443373], [-77.24257883103968, 48.00268287659624], [-77.24924652154029, 48.00256491465032], [-77.24919379120253, 48.005487511785084], [-77.24545327807182, 48.00640249475944], [-77.2438783325811, 48.00640281720961], [-77.24166666383154, 48.006403224314624]]]}, "properties": {"company_id": "cartier-resources", "jurisdiction": "Quebec", "claim_id": "", "claim_name": null, "holder": "Ressources Cartier inc.", "status": "Active", "recorded_date": null, "anniversary_or_expiry": null, "area_ha": null, "tenure_type": null, "source": "GESTIM active titles (MRNF digital data dump). Not legal title.", "as_of": "2026-09-20", "role": "focus", "color": "#e8b040"}}, {"type": "Feature", "geometry": {"type": "Polygon", "coordinates": [[[-77.18333333333331, 47.991666666677595], [-77.1833333333333, 48.00000000001084], [-77.1788681968247, 48.00000008116967], [-77.1788763212516, 47.99902938538016], [-77.17500000546259, 47.999045458025016], [-77.17500000000001, 47.991666666677574], [-77.18333333333331, 47.991666666677595]]]}, "properties": {"company_id": "cartier-resources", "jurisdiction": "Quebec", "claim_id": "", "claim_name": null, "holder": "Ressources Cartier inc.", "status": "Active", "recorded_date": null, "anniversary_or_expiry": null, "area_ha": null, "tenure_type": null, "source": "GESTIM active titles (MRNF digital data dump). Not legal title.", "as_of": "2026-09-20", "role": "focus", "color": "#e8b040"}}, {"type": "Feature", "geometry": {"type": "Polygon", "coordinates": [[[-77.19166666495781, 48.00261124487351], [-77.19166667260912, 48.00833333871614], [-77.18405489364095, 48.008333364202684], [-77.18408918962159, 48.00612831906694], [-77.18333333755326, 48.00612048459146], [-77.18333333415154, 48.00261599153535], [-77.18412202638443, 48.00261926748114], [-77.18953973944072, 48.00260820440761], [-77.19166666495781, 48.00261124487351]]]}, "properties": {"company_id": "cartier-resources", "jurisdiction": "Quebec", "claim_id": "", "claim_name": null, "holder": "Ressources Cartier inc.", "status": "Active", "recorded_date": null, "anniversary_or_expiry": null, "area_ha": null, "tenure_type": null, "source": "GESTIM active titles (MRNF digital data dump). Not legal title.", "as_of": "2026-09-20", "role": "focus", "color": "#e8b040"}}, {"type": "Feature", "geometry": {"type": "Polygon", "coordinates": [[[-77.2083333392315, 48.00833333196427], [-77.19999999685074, 48.0083333367354], [-77.19999999629312, 48.00263777874844], [-77.20029665571373, 48.00263911984083], [-77.20609454092617, 48.002624964975126], [-77.20833333655547, 48.00261579504053], [-77.2083333392315, 48.00833333196427]]]}, "properties": {"company_id": "cartier-resources", "jurisdiction": "Quebec", "claim_id": "", "claim_name": null, "holder": "Ressources Cartier inc.", "status": "Active", "recorded_date": null, "anniversary_or_expiry": null, "area_ha": null, "tenure_type": null, "source": "GESTIM active titles (MRNF digital data dump). Not legal title.", "as_of": "2026-09-20", "role": "focus", "color": "#e8b040"}}, {"type": "Feature", "geometry": {"type": "Polygon", "coordinates": [[[-77.16766989134042, 48.00000003523818], [-77.17500000683809, 48.00000000106664], [-77.17500000410637, 48.002605445569564], [-77.17317528344374, 48.002609287955856], [-77.16767821100228, 48.00260937926207], [-77.16766989134042, 48.00000003523818]]]}, "properties": {"company_id": "cartier-resources", "jurisdiction": "Quebec", "claim_id": "", "claim_name": null, "holder": "Ressources Cartier inc.", "status": "Active", "recorded_date": null, "anniversary_or_expiry": null, "area_ha": null, "tenure_type": null, "source": "GESTIM active titles (MRNF digital data dump). Not legal title.", "as_of": "2026-09-20", "role": "focus", "color": "#e8b040"}}, {"type": "Feature", "geometry": {"type": "Polygon", "coordinates": [[[-77.17500000683809, 48.00000000106664], [-77.17500000546259, 47.99904545802498], [-77.1788763212516, 47.99902938538016], [-77.17886819682471, 48.00000008116971], [-77.17500000683809, 48.00000000106664]]]}, "properties": {"company_id": "cartier-resources", "jurisdiction": "Quebec", "claim_id": "", "claim_name": null, "holder": "Ressources Cartier inc.", "status": "Active", "recorded_date": null, "anniversary_or_expiry": null, "area_ha": null, "tenure_type": null, "source": "GESTIM active titles (MRNF digital data dump). Not legal title.", "as_of": "2026-09-20", "role": "focus", "color": "#e8b040"}}, {"type": "Feature", "geometry": {"type": "Polygon", "coordinates": [[[-77.2164817338725, 48.00833334092315], [-77.21643361525489, 48.010121265179244], [-77.2111417434766, 48.010120950601426], [-77.21106426396787, 48.013576750092184], [-77.20833333773938, 48.01359362634526], [-77.2083333392315, 48.00833333196427], [-77.2164817338725, 48.00833334092315]]]}, "properties": {"company_id": "cartier-resources", "jurisdiction": "Quebec", "claim_id": "", "claim_name": null, "holder": "Ressources Cartier inc.", "status": "Active", "recorded_date": null, "anniversary_or_expiry": null, "area_ha": null, "tenure_type": null, "source": "GESTIM active titles (MRNF digital data dump). Not legal title.", "as_of": "2026-09-20", "role": "focus", "color": "#e8b040"}}, {"type": "Feature", "geometry": {"type": "Polygon", "coordinates": [[[-77.2083333392315, 48.00833333196427], [-77.20833333773938, 48.01359362634526], [-77.20618142466608, 48.013606875212915], [-77.2005004478846, 48.0135415015541], [-77.20022654168588, 48.01353834282995], [-77.20000000147016, 48.0135431937375], [-77.19999999685074, 48.0083333367354], [-77.2083333392315, 48.00833333196427]]]}, "properties": {"company_id": "cartier-resources", "jurisdiction": "Quebec", "claim_id": "", "claim_name": null, "holder": "Ressources Cartier inc.", "status": "Active", "recorded_date": null, "anniversary_or_expiry": null, "area_ha": null, "tenure_type": null, "source": "GESTIM active titles (MRNF digital data dump). Not legal title.", "as_of": "2026-09-20", "role": "focus", "color": "#e8b040"}}, {"type": "Feature", "geometry": {"type": "MultiPolygon", "coordinates": [[[[-77.17500000683525, 48.0000000010666], [-77.17886819682184, 48.00000008116972], [-77.17884645780252, 48.00259724364896], [-77.17500000410358, 48.002605445569586], [-77.17500000683525, 48.0000000010666]]], [[[-77.18333333415082, 48.00261599153538], [-77.18333333755325, 48.00612048459146], [-77.17886035971662, 48.006074012053254], [-77.17884645780252, 48.00259724364896], [-77.18333333415082, 48.00261599153538]]]]}, "properties": {"company_id": "cartier-resources", "jurisdiction": "Quebec", "claim_id": "", "claim_name": null, "holder": "Ressources Cartier inc.", "status": "Active", "recorded_date": null, "anniversary_or_expiry": null, "area_ha": null, "tenure_type": null, "source": "GESTIM active titles (MRNF digital data dump). Not legal title.", "as_of": "2026-09-20", "role": "focus", "color": "#e8b040"}}, {"type": "Feature", "geometry": {"type": "Polygon", "coordinates": [[[-77.19166667260984, 48.008333338716156], [-77.19166667062882, 48.01011796516374], [-77.18947084997784, 48.01011742169103], [-77.18907310062525, 48.010117317825944], [-77.18719624942324, 48.010116807704314], [-77.18452032704809, 48.01011596527552], [-77.18428072704634, 48.01011588948398], [-77.18402716817354, 48.010115817760614], [-77.18405489364167, 48.00833336420269], [-77.19166667260984, 48.008333338716156]]]}, "properties": {"company_id": "cartier-resources", "jurisdiction": "Quebec", "claim_id": "", "claim_name": null, "holder": "Ressources Cartier inc.", "status": "Active", "recorded_date": null, "anniversary_or_expiry": null, "area_ha": null, "tenure_type": null, "source": "GESTIM active titles (MRNF digital data dump). Not legal title.", "as_of": "2026-09-20", "role": "focus", "color": "#e8b040"}}, {"type": "Feature", "geometry": {"type": "Polygon", "coordinates": [[[-77.19999999684931, 48.00833333673541], [-77.20000000146874, 48.01354319373748], [-77.19534168526015, 48.013642835411495], [-77.19491614451587, 48.01364674151059], [-77.19508194967943, 48.010118725188235], [-77.19477065035414, 48.01011865628085], [-77.19166667062882, 48.01011796516374], [-77.19166667260984, 48.008333338716156], [-77.19999999684931, 48.00833333673541]]]}, "properties": {"company_id": "cartier-resources", "jurisdiction": "Quebec", "claim_id": "", "claim_name": null, "holder": "Ressources Cartier inc.", "status": "Active", "recorded_date": null, "anniversary_or_expiry": null, "area_ha": null, "tenure_type": null, "source": "GESTIM active titles (MRNF digital data dump). Not legal title.", "as_of": "2026-09-20", "role": "focus", "color": "#e8b040"}}, {"type": "Feature", "geometry": {"type": "Polygon", "coordinates": [[[-77.17500000683809, 48.00000000106664], [-77.16766989134042, 48.00000003523818], [-77.16766690983475, 47.9990648614157], [-77.1731145488112, 47.999053224879944], [-77.17500000546259, 47.99904545802496], [-77.17500000683809, 48.00000000106664]]]}, "properties": {"company_id": "cartier-resources", "jurisdiction": "Quebec", "claim_id": "", "claim_name": null, "holder": "Ressources Cartier inc.", "status": "Active", "recorded_date": null, "anniversary_or_expiry": null, "area_ha": null, "tenure_type": null, "source": "GESTIM active titles (MRNF digital data dump). Not legal title.", "as_of": "2026-09-20", "role": "focus", "color": "#e8b040"}}, {"type": "Feature", "geometry": {"type": "Polygon", "coordinates": [[[-77.20833333923078, 48.00833333196426], [-77.20833333655477, 48.00261579504052], [-77.21127448411055, 48.002603676881805], [-77.2166293937878, 48.00263438414783], [-77.21648173387176, 48.00833334092315], [-77.20833333923078, 48.00833333196426]]]}, "properties": {"company_id": "cartier-resources", "jurisdiction": "Quebec", "claim_id": "", "claim_name": null, "holder": "Ressources Cartier inc.", "status": "Active", "recorded_date": null, "anniversary_or_expiry": null, "area_ha": null, "tenure_type": null, "source": "GESTIM active titles (MRNF digital data dump). Not legal title.", "as_of": "2026-09-20", "role": "focus", "color": "#e8b040"}}, {"type": "Feature", "geometry": {"type": "Polygon", "coordinates": [[[-77.19999999685074, 48.0083333367354], [-77.19166667261126, 48.00833333871614], [-77.19166666495994, 48.0026112448735], [-77.19527454455684, 48.002616305359034], [-77.19999999629312, 48.00263777874844], [-77.19999999685074, 48.0083333367354]]]}, "properties": {"company_id": "cartier-resources", "jurisdiction": "Quebec", "claim_id": "", "claim_name": null, "holder": "Ressources Cartier inc.", "status": "Active", "recorded_date": null, "anniversary_or_expiry": null, "area_ha": null, "tenure_type": null, "source": "GESTIM active titles (MRNF digital data dump). Not legal title.", "as_of": "2026-09-20", "role": "focus", "color": "#e8b040"}}, {"type": "Feature", "geometry": {"type": "Polygon", "coordinates": [[[-77.1833333333333, 48.016666666677494], [-77.175, 48.016666666677494], [-77.175, 48.00833333334412], [-77.17876679581003, 48.008333417675665], [-77.17869305063596, 48.01011409018756], [-77.17901914060828, 48.01011417397875], [-77.17948161855195, 48.01011431352276], [-77.18002101565038, 48.0101145385004], [-77.18333333981244, 48.010115606979674], [-77.1833333333333, 48.016666666677494]]]}, "properties": {"company_id": "cartier-resources", "jurisdiction": "Quebec", "claim_id": "", "claim_name": null, "holder": "Ressources Cartier inc.", "status": "Active", "recorded_date": null, "anniversary_or_expiry": null, "area_ha": null, "tenure_type": null, "source": "GESTIM active titles (MRNF digital data dump). Not legal title.", "as_of": "2026-09-20", "role": "focus", "color": "#e8b040"}}, {"type": "Feature", "geometry": {"type": "Polygon", "coordinates": [[[-77.175, 48.00833333334412], [-77.16666666666671, 48.00833333334412], [-77.16666666964618, 48.002615255682386], [-77.16767821100228, 48.00260937926207], [-77.16759550206643, 48.0060227177793], [-77.1730777920606, 48.00607604379222], [-77.1750000004678, 48.00607540320637], [-77.175, 48.00833333334412]]]}, "properties": {"company_id": "cartier-resources", "jurisdiction": "Quebec", "claim_id": "", "claim_name": null, "holder": "Ressources Cartier inc.", "status": "Active", "recorded_date": null, "anniversary_or_expiry": null, "area_ha": null, "tenure_type": null, "source": "GESTIM active titles (MRNF digital data dump). Not legal title.", "as_of": "2026-09-20", "role": "focus", "color": "#e8b040"}}, {"type": "Feature", "geometry": {"type": "Polygon", "coordinates": [[[-77.1833333333333, 48.016666666677494], [-77.18333333997357, 48.017000663255565], [-77.17912847539586, 48.016987863807394], [-77.17499999552527, 48.01697871541618], [-77.175, 48.016666666677494], [-77.1833333333333, 48.016666666677494]]]}, "properties": {"company_id": "cartier-resources", "jurisdiction": "Quebec", "claim_id": "", "claim_name": null, "holder": "Ressources Cartier inc.", "status": "Active", "recorded_date": null, "anniversary_or_expiry": null, "area_ha": null, "tenure_type": null, "source": "GESTIM active titles (MRNF digital data dump). Not legal title.", "as_of": "2026-09-20", "role": "focus", "color": "#e8b040"}}, {"type": "Feature", "geometry": {"type": "Polygon", "coordinates": [[[-77.16666666666671, 48.00833333334412], [-77.1583333333333, 48.008333333344105], [-77.15833333079411, 48.00266331585395], [-77.16219738553852, 48.00264110453797], [-77.16666666964618, 48.002615255682386], [-77.16666666666671, 48.00833333334412]]]}, "properties": {"company_id": "cartier-resources", "jurisdiction": "Quebec", "claim_id": "", "claim_name": null, "holder": "Ressources Cartier inc.", "status": "Active", "recorded_date": null, "anniversary_or_expiry": null, "area_ha": null, "tenure_type": null, "source": "GESTIM active titles (MRNF digital data dump). Not legal title.", "as_of": "2026-09-20", "role": "focus", "color": "#e8b040"}}, {"type": "Feature", "geometry": {"type": "Polygon", "coordinates": [[[-77.175, 48.00833333334412], [-77.1750000004678, 48.00607540320637], [-77.17886035971947, 48.00607401205324], [-77.17876679581003, 48.008333417675665], [-77.175, 48.00833333334412]]]}, "properties": {"company_id": "cartier-resources", "jurisdiction": "Quebec", "claim_id": "", "claim_name": null, "holder": "Ressources Cartier inc.", "status": "Active", "recorded_date": null, "anniversary_or_expiry": null, "area_ha": null, "tenure_type": null, "source": "GESTIM active titles (MRNF digital data dump). Not legal title.", "as_of": "2026-09-20", "role": "focus", "color": "#e8b040"}}, {"type": "Feature", "geometry": {"type": "Polygon", "coordinates": [[[-77.15, 48.00833333334412], [-77.15000000257801, 48.01009691524512], [-77.14656127797325, 48.01009411702972], [-77.1465613549974, 48.009970980319004], [-77.14656138866044, 48.00986854255119], [-77.14656189311776, 48.0083334176423], [-77.15, 48.00833333334412]]]}, "properties": {"company_id": "cartier-resources", "jurisdiction": "Quebec", "claim_id": "", "claim_name": null, "holder": "Ressources Cartier inc.", "status": "Active", "recorded_date": null, "anniversary_or_expiry": null, "area_ha": null, "tenure_type": null, "source": "GESTIM active titles (MRNF digital data dump). Not legal title.", "as_of": "2026-09-20", "role": "focus", "color": "#e8b040"}}, {"type": "Feature", "geometry": {"type": "Polygon", "coordinates": [[[-77.1583333333333, 48.008333333344105], [-77.15, 48.00833333334412], [-77.15000000388831, 48.005917762804316], [-77.15170411732747, 48.00593265856486], [-77.15159990481045, 48.0026910525665], [-77.15674824521504, 48.00267238671726], [-77.15833333079411, 48.00266331585395], [-77.1583333333333, 48.008333333344105]]]}, "properties": {"company_id": "cartier-resources", "jurisdiction": "Quebec", "claim_id": "", "claim_name": null, "holder": "Ressources Cartier inc.", "status": "Active", "recorded_date": null, "anniversary_or_expiry": null, "area_ha": null, "tenure_type": null, "source": "GESTIM active titles (MRNF digital data dump). Not legal title.", "as_of": "2026-09-20", "role": "focus", "color": "#e8b040"}}, {"type": "Feature", "geometry": {"type": "Polygon", "coordinates": [[[-77.175, 48.016666666677494], [-77.17499999552527, 48.01697871541618], [-77.17338197614502, 48.016975086422285], [-77.16833674879764, 48.017004551313356], [-77.1675322266326, 48.01700922934965], [-77.16755163726707, 48.01742362397124], [-77.16756000970236, 48.01760236378227], [-77.16770299473622, 48.020654841273036], [-77.1677050578861, 48.021223015032916], [-77.16666666666671, 48.02122418670268], [-77.16666666666671, 48.016666666677494], [-77.175, 48.016666666677494]]]}, "properties": {"company_id": "cartier-resources", "jurisdiction": "Quebec", "claim_id": "", "claim_name": null, "holder": "Ressources Cartier inc.", "status": "Active", "recorded_date": null, "anniversary_or_expiry": null, "area_ha": null, "tenure_type": null, "source": "GESTIM active titles (MRNF digital data dump). Not legal title.", "as_of": "2026-09-20", "role": "focus", "color": "#e8b040"}}, {"type": "Feature", "geometry": {"type": "Polygon", "coordinates": [[[-77.15, 48.00833333334412], [-77.14656189311776, 48.0083334176423], [-77.14656247759217, 48.00655467223528], [-77.1465625211877, 48.006301202479115], [-77.1465625157435, 48.006192544752786], [-77.14656260950446, 48.00588763343264], [-77.15000000388831, 48.005917762804316], [-77.15, 48.00833333334412]]]}, "properties": {"company_id": "cartier-resources", "jurisdiction": "Quebec", "claim_id": "", "claim_name": null, "holder": "Ressources Cartier inc.", "status": "Active", "recorded_date": null, "anniversary_or_expiry": null, "area_ha": null, "tenure_type": null, "source": "GESTIM active titles (MRNF digital data dump). Not legal title.", "as_of": "2026-09-20", "role": "focus", "color": "#e8b040"}}, {"type": "Feature", "geometry": {"type": "Polygon", "coordinates": [[[-77.1833333333333, 48.016666666677494], [-77.1895103345384, 48.01666673383419], [-77.18951385936278, 48.01701919382721], [-77.18432117652996, 48.017003646145014], [-77.18333333997357, 48.017000663255565], [-77.1833333333333, 48.016666666677494]]]}, "properties": {"company_id": "cartier-resources", "jurisdiction": "Quebec", "claim_id": "", "claim_name": null, "holder": "Ressources Cartier inc.", "status": "Active", "recorded_date": null, "anniversary_or_expiry": null, "area_ha": null, "tenure_type": null, "source": "GESTIM active titles (MRNF digital data dump). Not legal title.", "as_of": "2026-09-20", "role": "focus", "color": "#e8b040"}}, {"type": "Feature", "geometry": {"type": "Polygon", "coordinates": [[[-77.1833333333333, 48.016666666677494], [-77.18333333981244, 48.010115606979674], [-77.18402716817496, 48.01011581776063], [-77.18428072704775, 48.01011588948403], [-77.18452032704953, 48.01011596527557], [-77.18719624942466, 48.01011680770435], [-77.18907310062525, 48.01011731782594], [-77.18947084997927, 48.01011742169105], [-77.18948063184541, 48.01369645460007], [-77.1895103345384, 48.01666673383419], [-77.1833333333333, 48.016666666677494]]]}, "properties": {"company_id": "cartier-resources", "jurisdiction": "Quebec", "claim_id": "", "claim_name": null, "holder": "Ressources Cartier inc.", "status": "Active", "recorded_date": null, "anniversary_or_expiry": null, "area_ha": null, "tenure_type": null, "source": "GESTIM active titles (MRNF digital data dump). Not legal title.", "as_of": "2026-09-20", "role": "focus", "color": "#e8b040"}}, {"type": "Feature", "geometry": {"type": "Polygon", "coordinates": [[[-77.23333333754707, 48.01710247785505], [-77.23333333828141, 48.02057761036014], [-77.2321151992182, 48.02057140812169], [-77.232297877474, 48.01710244442611], [-77.23333333754707, 48.01710247785505]]]}, "properties": {"company_id": "cartier-resources", "jurisdiction": "Quebec", "claim_id": "", "claim_name": null, "holder": "Ressources Cartier inc.", "status": "Active", "recorded_date": null, "anniversary_or_expiry": null, "area_ha": null, "tenure_type": null, "source": "GESTIM active titles (MRNF digital data dump). Not legal title.", "as_of": "2026-09-20", "role": "focus", "color": "#e8b040"}}, {"type": "Feature", "geometry": {"type": "Polygon", "coordinates": [[[-77.2416666655618, 48.020621304984374], [-77.2384107326842, 48.0206038388274], [-77.23686889011631, 48.02059553307269], [-77.23333333828141, 48.02057761036014], [-77.23333333754707, 48.01710247785505], [-77.23686415548525, 48.01710251626368], [-77.24166666322127, 48.01716329368266], [-77.2416666655618, 48.020621304984374]]]}, "properties": {"company_id": "cartier-resources", "jurisdiction": "Quebec", "claim_id": "", "claim_name": null, "holder": "Ressources Cartier inc.", "status": "Active", "recorded_date": null, "anniversary_or_expiry": null, "area_ha": null, "tenure_type": null, "source": "GESTIM active titles (MRNF digital data dump). Not legal title.", "as_of": "2026-09-20", "role": "focus", "color": "#e8b040"}}, {"type": "Feature", "geometry": {"type": "Polygon", "coordinates": [[[-77.2416666655618, 48.020621304984374], [-77.24166666322127, 48.01716329368266], [-77.24299714795974, 48.01718009315497], [-77.24300828712968, 48.01846170814866], [-77.24302712177304, 48.0206285735853], [-77.2416666655618, 48.020621304984374]]]}, "properties": {"company_id": "cartier-resources", "jurisdiction": "Quebec", "claim_id": "", "claim_name": null, "holder": "Ressources Cartier inc.", "status": "Active", "recorded_date": null, "anniversary_or_expiry": null, "area_ha": null, "tenure_type": null, "source": "GESTIM active titles (MRNF digital data dump). Not legal title.", "as_of": "2026-09-20", "role": "focus", "color": "#e8b040"}}, {"type": "Feature", "geometry": {"type": "Polygon", "coordinates": [[[-77.24166666666672, 48.00833333334412], [-77.24081481705352, 48.00833336322538], [-77.24022118765487, 48.00654699491], [-77.24017349746606, 48.006403473225554], [-77.24166666666672, 48.00640322431414], [-77.24166666666672, 48.00833333334412]]]}, "properties": {"company_id": "cartier-resources", "jurisdiction": "Quebec", "claim_id": "", "claim_name": null, "holder": "Ressources Cartier inc.", "status": "Active", "recorded_date": null, "anniversary_or_expiry": null, "area_ha": null, "tenure_type": null, "source": "GESTIM active titles (MRNF digital data dump). Not legal title.", "as_of": "2026-09-20", "role": "focus", "color": "#e8b040"}}, {"type": "Feature", "geometry": {"type": "Polygon", "coordinates": [[[-77.24166666666672, 48.00833333334412], [-77.2416666666667, 48.01096370837571], [-77.24139485820821, 48.010119979297485], [-77.24134870058106, 48.00997670717139], [-77.24096013198488, 48.008770629390575], [-77.24081481705352, 48.00833336322538], [-77.24166666666672, 48.00833333334412]]]}, "properties": {"company_id": "cartier-resources", "jurisdiction": "Quebec", "claim_id": "", "claim_name": null, "holder": "Ressources Cartier inc.", "status": "Active", "recorded_date": null, "anniversary_or_expiry": null, "area_ha": null, "tenure_type": null, "source": "GESTIM active titles (MRNF digital data dump). Not legal title.", "as_of": "2026-09-20", "role": "focus", "color": "#e8b040"}}, {"type": "Feature", "geometry": {"type": "Polygon", "coordinates": [[[-77.27500000208559, 48.008333332605204], [-77.27500000000002, 48.01010566999228], [-77.27080544227859, 48.01010790949482], [-77.27074534280447, 48.010107937340656], [-77.26666666666672, 48.01011008680187], [-77.26666667392038, 48.00833333885568], [-77.27500000208559, 48.008333332605204]]]}, "properties": {"company_id": "cartier-resources", "jurisdiction": "Quebec", "claim_id": "", "claim_name": null, "holder": "Ressources Cartier inc.", "status": "Active", "recorded_date": null, "anniversary_or_expiry": null, "area_ha": null, "tenure_type": null, "source": "GESTIM active titles (MRNF digital data dump). Not legal title.", "as_of": "2026-09-20", "role": "focus", "color": "#e8b040"}}, {"type": "Feature", "geometry": {"type": "Polygon", "coordinates": [[[-77.25, 48.00000000001084], [-77.25, 48.00833333334412], [-77.24166666666672, 48.00833333334412], [-77.24166666666672, 48.00640322431414], [-77.2438783325811, 48.006402817209626], [-77.24545327807182, 48.006402494759435], [-77.24919379120254, 48.005487511785105], [-77.24924652154029, 48.00256491465032], [-77.24257883103968, 48.002682876596275], [-77.2416666666667, 48.00268541442123], [-77.2416666666667, 48.00000000001084], [-77.25, 48.00000000001084]]]}, "properties": {"company_id": "cartier-resources", "jurisdiction": "Quebec", "claim_id": "", "claim_name": null, "holder": "Ressources Cartier inc.", "status": "Active", "recorded_date": null, "anniversary_or_expiry": null, "area_ha": null, "tenure_type": null, "source": "GESTIM active titles (MRNF digital data dump). Not legal title.", "as_of": "2026-09-20", "role": "focus", "color": "#e8b040"}}, {"type": "Feature", "geometry": {"type": "Polygon", "coordinates": [[[-77.1333333333333, 47.99166666667757], [-77.125, 47.99166666667757], [-77.125, 47.9833333333442], [-77.12516365178848, 47.983333339615896], [-77.12516092996987, 47.98476027004934], [-77.12515407886143, 47.98835270770314], [-77.13050558258644, 47.98835313819838], [-77.1333333333333, 47.98835327377612], [-77.1333333333333, 47.99166666667757]]]}, "properties": {"company_id": "cartier-resources", "jurisdiction": "Quebec", "claim_id": "", "claim_name": null, "holder": "Ressources Cartier inc.", "status": "Active", "recorded_date": null, "anniversary_or_expiry": null, "area_ha": null, "tenure_type": null, "source": "GESTIM active titles (MRNF digital data dump). Not legal title.", "as_of": "2026-09-20", "role": "focus", "color": "#e8b040"}}, {"type": "Feature", "geometry": {"type": "Polygon", "coordinates": [[[-77.1333333333333, 47.99166666667757], [-77.1333333333333, 47.98835327377612], [-77.13585708781244, 47.98835333142952], [-77.13585673320713, 47.99166673543926], [-77.1333333333333, 47.99166666667757]]]}, "properties": {"company_id": "cartier-resources", "jurisdiction": "Quebec", "claim_id": "", "claim_name": null, "holder": "Ressources Cartier inc.", "status": "Active", "recorded_date": null, "anniversary_or_expiry": null, "area_ha": null, "tenure_type": null, "source": "GESTIM active titles (MRNF digital data dump). Not legal title.", "as_of": "2026-09-20", "role": "focus", "color": "#e8b040"}}, {"type": "Feature", "geometry": {"type": "Polygon", "coordinates": [[[-77.1416666666667, 48.00833333334412], [-77.14166666666671, 48.00000000001084], [-77.14656445004405, 48.00000007891768], [-77.1465636824405, 48.00267660850716], [-77.15, 48.002686489765296], [-77.15, 48.0059177627703], [-77.14656260950446, 48.00588763343264], [-77.1465625157435, 48.006192544752786], [-77.1465625211877, 48.006301202479115], [-77.14656247759217, 48.00655467223528], [-77.14656189311954, 48.00833341225563], [-77.1416666666667, 48.00833333334412]]]}, "properties": {"company_id": "cartier-resources", "jurisdiction": "Quebec", "claim_id": "", "claim_name": null, "holder": "Ressources Cartier inc.", "status": "Active", "recorded_date": null, "anniversary_or_expiry": null, "area_ha": null, "tenure_type": null, "source": "GESTIM active titles (MRNF digital data dump). Not legal title.", "as_of": "2026-09-20", "role": "focus", "color": "#e8b040"}}, {"type": "Feature", "geometry": {"type": "Polygon", "coordinates": [[[-77.1333333333333, 48.00000000001084], [-77.1333333333333, 48.00833333334412], [-77.12514800643756, 48.0083333265627], [-77.12514863132581, 48.00627651655004], [-77.125, 48.006276501494334], [-77.12500000000001, 48.00000000001084], [-77.1333333333333, 48.00000000001084]]]}, "properties": {"company_id": "cartier-resources", "jurisdiction": "Quebec", "claim_id": "", "claim_name": null, "holder": "Ressources Cartier inc.", "status": "Active", "recorded_date": null, "anniversary_or_expiry": null, "area_ha": null, "tenure_type": null, "source": "GESTIM active titles (MRNF digital data dump). Not legal title.", "as_of": "2026-09-20", "role": "focus", "color": "#e8b040"}}, {"type": "Feature", "geometry": {"type": "Polygon", "coordinates": [[[-77.14166666666671, 48.00000000001084], [-77.1416666666667, 47.991945713521105], [-77.14657096944424, 47.99194543486786], [-77.14656552883463, 47.99553786712048], [-77.14656471104962, 47.9990974568161], [-77.14656468940005, 47.999165417924274], [-77.14656445004405, 48.00000007891768], [-77.14166666666671, 48.00000000001084]]]}, "properties": {"company_id": "cartier-resources", "jurisdiction": "Quebec", "claim_id": "", "claim_name": null, "holder": "Ressources Cartier inc.", "status": "Active", "recorded_date": null, "anniversary_or_expiry": null, "area_ha": null, "tenure_type": null, "source": "GESTIM active titles (MRNF digital data dump). Not legal title.", "as_of": "2026-09-20", "role": "focus", "color": "#e8b040"}}, {"type": "Feature", "geometry": {"type": "Polygon", "coordinates": [[[-77.125, 47.9833333333442], [-77.125, 47.981167784812286], [-77.12516778217577, 47.98116780147782], [-77.12516365178848, 47.983333339615896], [-77.125, 47.9833333333442]]]}, "properties": {"company_id": "cartier-resources", "jurisdiction": "Quebec", "claim_id": "", "claim_name": null, "holder": "Ressources Cartier inc.", "status": "Active", "recorded_date": null, "anniversary_or_expiry": null, "area_ha": null, "tenure_type": null, "source": "GESTIM active titles (MRNF digital data dump). Not legal title.", "as_of": "2026-09-20", "role": "focus", "color": "#e8b040"}}, {"type": "Feature", "geometry": {"type": "Polygon", "coordinates": [[[-77.11666666666672, 47.99166666667757], [-77.11027440467682, 47.99166672487254], [-77.11026912317163, 47.98914311600386], [-77.11038802358404, 47.98914235232296], [-77.11561759096391, 47.98910782935127], [-77.11566264895727, 47.987897752665184], [-77.11567365801993, 47.98558348519439], [-77.1156799583005, 47.98439645465193], [-77.11562199280522, 47.98333336906229], [-77.11666666666673, 47.98333333334419], [-77.11666666666672, 47.99166666667757]]]}, "properties": {"company_id": "cartier-resources", "jurisdiction": "Quebec", "claim_id": "", "claim_name": null, "holder": "Ressources Cartier inc.", "status": "Active", "recorded_date": null, "anniversary_or_expiry": null, "area_ha": null, "tenure_type": null, "source": "GESTIM active titles (MRNF digital data dump). Not legal title.", "as_of": "2026-09-20", "role": "focus", "color": "#e8b040"}}, {"type": "Feature", "geometry": {"type": "Polygon", "coordinates": [[[-77.14166666666671, 48.00000000001084], [-77.1333333333333, 48.00000000001084], [-77.1333333333333, 47.99166666667757], [-77.13585673320713, 47.99166673543926], [-77.13585670334209, 47.991945772050876], [-77.14120856066909, 47.99194572802822], [-77.1416666666667, 47.991945713521105], [-77.14166666666671, 48.00000000001084]]]}, "properties": {"company_id": "cartier-resources", "jurisdiction": "Quebec", "claim_id": "", "claim_name": null, "holder": "Ressources Cartier inc.", "status": "Active", "recorded_date": null, "anniversary_or_expiry": null, "area_ha": null, "tenure_type": null, "source": "GESTIM active titles (MRNF digital data dump). Not legal title.", "as_of": "2026-09-20", "role": "focus", "color": "#e8b040"}}, {"type": "Feature", "geometry": {"type": "Polygon", "coordinates": [[[-77.15, 48.0059177627703], [-77.15, 48.002686489765296], [-77.15159990481045, 48.0026910525665], [-77.15170411732747, 48.00593265856486], [-77.15, 48.0059177627703]]]}, "properties": {"company_id": "cartier-resources", "jurisdiction": "Quebec", "claim_id": "", "claim_name": null, "holder": "Ressources Cartier inc.", "status": "Active", "recorded_date": null, "anniversary_or_expiry": null, "area_ha": null, "tenure_type": null, "source": "GESTIM active titles (MRNF digital data dump). Not legal title.", "as_of": "2026-09-20", "role": "focus", "color": "#e8b040"}}, {"type": "Feature", "geometry": {"type": "Polygon", "coordinates": [[[-77.12500000000001, 48.00000000001084], [-77.125, 48.006276501494334], [-77.12145706159778, 48.00627608128493], [-77.11979536287676, 48.00627584852178], [-77.11666666666672, 48.00627535201869], [-77.11666666666672, 48.00000000001084], [-77.12500000000001, 48.00000000001084]]]}, "properties": {"company_id": "cartier-resources", "jurisdiction": "Quebec", "claim_id": "", "claim_name": null, "holder": "Ressources Cartier inc.", "status": "Active", "recorded_date": null, "anniversary_or_expiry": null, "area_ha": null, "tenure_type": null, "source": "GESTIM active titles (MRNF digital data dump). Not legal title.", "as_of": "2026-09-20", "role": "focus", "color": "#e8b040"}}, {"type": "Feature", "geometry": {"type": "Polygon", "coordinates": [[[-77.125, 47.9833333333442], [-77.11666666666673, 47.98333333334419], [-77.11666666666672, 47.98116663403669], [-77.11980545874943, 47.98116713817606], [-77.125, 47.981167784812286], [-77.125, 47.9833333333442]]]}, "properties": {"company_id": "cartier-resources", "jurisdiction": "Quebec", "claim_id": "", "claim_name": null, "holder": "Ressources Cartier inc.", "status": "Active", "recorded_date": null, "anniversary_or_expiry": null, "area_ha": null, "tenure_type": null, "source": "GESTIM active titles (MRNF digital data dump). Not legal title.", "as_of": "2026-09-20", "role": "focus", "color": "#e8b040"}}, {"type": "Feature", "geometry": {"type": "Polygon", "coordinates": [[[-77.11666666666672, 47.99166666667757], [-77.11666666666672, 48.00000000001084], [-77.11444523539308, 48.00000006367985], [-77.11444565412312, 47.99916356305597], [-77.11444573213065, 47.99749257383143], [-77.11043261955818, 47.99749174490403], [-77.11037954103713, 47.99610603991943], [-77.11035885039004, 47.99556583888677], [-77.11027623401021, 47.99254075712859], [-77.11027440467682, 47.99166672487254], [-77.11666666666672, 47.99166666667757]]]}, "properties": {"company_id": "cartier-resources", "jurisdiction": "Quebec", "claim_id": "", "claim_name": null, "holder": "Ressources Cartier inc.", "status": "Active", "recorded_date": null, "anniversary_or_expiry": null, "area_ha": null, "tenure_type": null, "source": "GESTIM active titles (MRNF digital data dump). Not legal title.", "as_of": "2026-09-20", "role": "focus", "color": "#e8b040"}}, {"type": "Feature", "geometry": {"type": "Polygon", "coordinates": [[[-77.11666666666672, 48.00627535201869], [-77.11444209391983, 48.00627494315574], [-77.11444389642782, 48.00267473673654], [-77.11444523539308, 48.00000006367985], [-77.11666666666672, 48.00000000001084], [-77.11666666666672, 48.00627535201869]]]}, "properties": {"company_id": "cartier-resources", "jurisdiction": "Quebec", "claim_id": "", "claim_name": null, "holder": "Ressources Cartier inc.", "status": "Active", "recorded_date": null, "anniversary_or_expiry": null, "area_ha": null, "tenure_type": null, "source": "GESTIM active titles (MRNF digital data dump). Not legal title.", "as_of": "2026-09-20", "role": "focus", "color": "#e8b040"}}, {"type": "Feature", "geometry": {"type": "Polygon", "coordinates": [[[-77.11666666666673, 47.98333333334419], [-77.11562199280522, 47.98333336906229], [-77.11554879848086, 47.98199092204589], [-77.11552603388067, 47.9811664279345], [-77.11666666666672, 47.98116663403669], [-77.11666666666673, 47.98333333334419]]]}, "properties": {"company_id": "cartier-resources", "jurisdiction": "Quebec", "claim_id": "", "claim_name": null, "holder": "Ressources Cartier inc.", "status": "Active", "recorded_date": null, "anniversary_or_expiry": null, "area_ha": null, "tenure_type": null, "source": "GESTIM active titles (MRNF digital data dump). Not legal title.", "as_of": "2026-09-20", "role": "focus", "color": "#e8b040"}}, {"type": "Feature", "geometry": {"type": "Polygon", "coordinates": [[[-77.2333333333333, 48.008333333344126], [-77.23797009416147, 48.00833341370823], [-77.23836107887125, 48.010120269384146], [-77.2369066149604, 48.01012037842561], [-77.23333333333332, 48.01012058200064], [-77.2333333333333, 48.008333333344126]]]}, "properties": {"company_id": "cartier-resources", "jurisdiction": "Quebec", "claim_id": "", "claim_name": null, "holder": "Ressources Cartier inc.", "status": "Active", "recorded_date": null, "anniversary_or_expiry": null, "area_ha": null, "tenure_type": null, "source": "GESTIM active titles (MRNF digital data dump). Not legal title.", "as_of": "2026-09-20", "role": "focus", "color": "#e8b040"}}, {"type": "Feature", "geometry": {"type": "Polygon", "coordinates": [[[-77.2333333333333, 48.008333333344126], [-77.23333333333332, 48.01012058200064], [-77.23240889908809, 48.01012061517299], [-77.23227843982431, 48.01012061412689], [-77.22787479595641, 48.01012094971031], [-77.22784805802412, 48.00833340659207], [-77.2333333333333, 48.008333333344126]]]}, "properties": {"company_id": "cartier-resources", "jurisdiction": "Quebec", "claim_id": "", "claim_name": null, "holder": "Ressources Cartier inc.", "status": "Active", "recorded_date": null, "anniversary_or_expiry": null, "area_ha": null, "tenure_type": null, "source": "GESTIM active titles (MRNF digital data dump). Not legal title.", "as_of": "2026-09-20", "role": "focus", "color": "#e8b040"}}, {"type": "Feature", "geometry": {"type": "Polygon", "coordinates": [[[-77.2333333333333, 48.008333333344126], [-77.22784805802412, 48.00833340659207], [-77.22781839502093, 48.00635015938605], [-77.22779787706072, 48.002638821614426], [-77.23240876199299, 48.00270551382362], [-77.23247548450198, 48.00629922401201], [-77.2333333333333, 48.00631437206641], [-77.2333333333333, 48.008333333344126]]]}, "properties": {"company_id": "cartier-resources", "jurisdiction": "Quebec", "claim_id": "", "claim_name": null, "holder": "Ressources Cartier inc.", "status": "Active", "recorded_date": null, "anniversary_or_expiry": null, "area_ha": null, "tenure_type": null, "source": "GESTIM active titles (MRNF digital data dump). Not legal title.", "as_of": "2026-09-20", "role": "focus", "color": "#e8b040"}}, {"type": "Feature", "geometry": {"type": "Polygon", "coordinates": [[[-77.2333333333333, 48.008333333344126], [-77.2333333333333, 48.00631437206641], [-77.23691260155775, 48.00637750088518], [-77.2375492872268, 48.006410120736646], [-77.23797009416147, 48.00833341370823], [-77.2333333333333, 48.008333333344126]]]}, "properties": {"company_id": "cartier-resources", "jurisdiction": "Quebec", "claim_id": "", "claim_name": null, "holder": "Ressources Cartier inc.", "status": "Active", "recorded_date": null, "anniversary_or_expiry": null, "area_ha": null, "tenure_type": null, "source": "GESTIM active titles (MRNF digital data dump). Not legal title.", "as_of": "2026-09-20", "role": "focus", "color": "#e8b040"}}, {"type": "Feature", "geometry": {"type": "Polygon", "coordinates": [[[-77.1083333333333, 47.97397922623957], [-77.10635045968135, 47.973996235489125], [-77.10082623093128, 47.97404347360196], [-77.1, 47.97405579537553], [-77.09999999453612, 47.96666667234744], [-77.10833333341665, 47.96666667356248], [-77.1083333333333, 47.97397922623957]]]}, "properties": {"company_id": "cartier-resources", "jurisdiction": "Quebec", "claim_id": "", "claim_name": null, "holder": "Ressources Cartier inc.", "status": "Active", "recorded_date": null, "anniversary_or_expiry": null, "area_ha": null, "tenure_type": null, "source": "GESTIM active titles (MRNF digital data dump). Not legal title.", "as_of": "2026-09-20", "role": "focus", "color": "#e8b040"}}, {"type": "Feature", "geometry": {"type": "Polygon", "coordinates": [[[-77.09999999453612, 47.96666667234744], [-77.1, 47.97405579537553], [-77.09551390586665, 47.974122585618716], [-77.09550116720774, 47.97500008094643], [-77.09166666923278, 47.974999998241856], [-77.09166667350513, 47.966666668338405], [-77.09999999453612, 47.96666667234744]]]}, "properties": {"company_id": "cartier-resources", "jurisdiction": "Quebec", "claim_id": "", "claim_name": null, "holder": "Ressources Cartier inc.", "status": "Active", "recorded_date": null, "anniversary_or_expiry": null, "area_ha": null, "tenure_type": null, "source": "GESTIM active titles (MRNF digital data dump). Not legal title.", "as_of": "2026-09-20", "role": "focus", "color": "#e8b040"}}, {"type": "Feature", "geometry": {"type": "Polygon", "coordinates": [[[-77.1333333333333, 47.98333333334419], [-77.12516365178848, 47.983333339615896], [-77.12516778217577, 47.98116780147782], [-77.125, 47.981167784812286], [-77.1250000032233, 47.97499999889591], [-77.13333333181204, 47.97500000649572], [-77.1333333333333, 47.98333333334419]]]}, "properties": {"company_id": "cartier-resources", "jurisdiction": "Quebec", "claim_id": "", "claim_name": null, "holder": "Ressources Cartier inc.", "status": "Active", "recorded_date": null, "anniversary_or_expiry": null, "area_ha": null, "tenure_type": null, "source": "GESTIM active titles (MRNF digital data dump). Not legal title.", "as_of": "2026-09-20", "role": "focus", "color": "#e8b040"}}, {"type": "Feature", "geometry": {"type": "Polygon", "coordinates": [[[-77.1250000032233, 47.97499999889591], [-77.125, 47.981167784812286], [-77.11980545874943, 47.98116713817606], [-77.11666666666672, 47.98116663403669], [-77.11666666651033, 47.97500000697607], [-77.1250000032233, 47.97499999889591]]]}, "properties": {"company_id": "cartier-resources", "jurisdiction": "Quebec", "claim_id": "", "claim_name": null, "holder": "Ressources Cartier inc.", "status": "Active", "recorded_date": null, "anniversary_or_expiry": null, "area_ha": null, "tenure_type": null, "source": "GESTIM active titles (MRNF digital data dump). Not legal title.", "as_of": "2026-09-20", "role": "focus", "color": "#e8b040"}}, {"type": "Feature", "geometry": {"type": "Polygon", "coordinates": [[[-77.11666666651033, 47.97500000697607], [-77.11666666666672, 47.98116663403669], [-77.11552603388067, 47.9811664279345], [-77.11544826091783, 47.97834950929654], [-77.11532130345685, 47.97500005052667], [-77.11666666651033, 47.97500000697607]]]}, "properties": {"company_id": "cartier-resources", "jurisdiction": "Quebec", "claim_id": "", "claim_name": null, "holder": "Ressources Cartier inc.", "status": "Active", "recorded_date": null, "anniversary_or_expiry": null, "area_ha": null, "tenure_type": null, "source": "GESTIM active titles (MRNF digital data dump). Not legal title.", "as_of": "2026-09-20", "role": "focus", "color": "#e8b040"}}, {"type": "Feature", "geometry": {"type": "Polygon", "coordinates": [[[-77.09166666961642, 47.98333333551781], [-77.0916666666667, 47.98224958715894], [-77.09436196179975, 47.982219905672125], [-77.09436196593171, 47.982220227068765], [-77.09436696691718, 47.983333404697525], [-77.09166666961642, 47.98333333551781]]]}, "properties": {"company_id": "cartier-resources", "jurisdiction": "Quebec", "claim_id": "", "claim_name": null, "holder": "Ressources Cartier inc.", "status": "Active", "recorded_date": null, "anniversary_or_expiry": null, "area_ha": null, "tenure_type": null, "source": "GESTIM active titles (MRNF digital data dump). Not legal title.", "as_of": "2026-09-20", "role": "focus", "color": "#e8b040"}}, {"type": "Feature", "geometry": {"type": "Polygon", "coordinates": [[[-77.09166666923278, 47.974999998241856], [-77.09550116720774, 47.97500008094643], [-77.09546199618728, 47.97769816018829], [-77.09536027154486, 47.977703804786515], [-77.09540353819179, 47.978125103861885], [-77.09166666666671, 47.978086727091], [-77.09166666923278, 47.974999998241856]]]}, "properties": {"company_id": "cartier-resources", "jurisdiction": "Quebec", "claim_id": "", "claim_name": null, "holder": "Ressources Cartier inc.", "status": "Active", "recorded_date": null, "anniversary_or_expiry": null, "area_ha": null, "tenure_type": null, "source": "GESTIM active titles (MRNF digital data dump). Not legal title.", "as_of": "2026-09-20", "role": "focus", "color": "#e8b040"}}, {"type": "Feature", "geometry": {"type": "Polygon", "coordinates": [[[-77.08333333506852, 47.983333338190384], [-77.08333333742321, 47.97500000542029], [-77.09166666923278, 47.974999998241856], [-77.09166666666671, 47.978086727091], [-77.09035125025049, 47.97807318688842], [-77.09041969552477, 47.98137930006563], [-77.09043590190777, 47.98226311807083], [-77.0916666666667, 47.98224958715894], [-77.09166666961642, 47.98333333551781], [-77.08333333506852, 47.983333338190384]]]}, "properties": {"company_id": "cartier-resources", "jurisdiction": "Quebec", "claim_id": "", "claim_name": null, "holder": "Ressources Cartier inc.", "status": "Active", "recorded_date": null, "anniversary_or_expiry": null, "area_ha": null, "tenure_type": null, "source": "GESTIM active titles (MRNF digital data dump). Not legal title.", "as_of": "2026-09-20", "role": "focus", "color": "#e8b040"}}, {"type": "Feature", "geometry": {"type": "Polygon", "coordinates": [[[-77.14166666666671, 47.99166666667757], [-77.14166666718442, 47.98333334051006], [-77.14658404411024, 47.983333408990546], [-77.14658187942462, 47.98476056613251], [-77.14657642996184, 47.988353004877425], [-77.14657140261514, 47.99166673945034], [-77.14166666666671, 47.99166666667757]]]}, "properties": {"company_id": "cartier-resources", "jurisdiction": "Quebec", "claim_id": "", "claim_name": null, "holder": "Ressources Cartier inc.", "status": "Active", "recorded_date": null, "anniversary_or_expiry": null, "area_ha": null, "tenure_type": null, "source": "GESTIM active titles (MRNF digital data dump). Not legal title.", "as_of": "2026-09-20", "role": "focus", "color": "#e8b040"}}, {"type": "Feature", "geometry": {"type": "Polygon", "coordinates": [[[-77.14166666666671, 47.99166666667757], [-77.13585673320713, 47.99166673543926], [-77.13585708781244, 47.98835333142952], [-77.1333333333333, 47.98835327377612], [-77.1333333333333, 47.98333333334419], [-77.14166666718442, 47.98333334051006], [-77.14166666666671, 47.99166666667757]]]}, "properties": {"company_id": "cartier-resources", "jurisdiction": "Quebec", "claim_id": "", "claim_name": null, "holder": "Ressources Cartier inc.", "status": "Active", "recorded_date": null, "anniversary_or_expiry": null, "area_ha": null, "tenure_type": null, "source": "GESTIM active titles (MRNF digital data dump). Not legal title.", "as_of": "2026-09-20", "role": "focus", "color": "#e8b040"}}, {"type": "Feature", "geometry": {"type": "Polygon", "coordinates": [[[-77.1333333333333, 47.98835327377612], [-77.13050558258644, 47.98835313819838], [-77.12515407886143, 47.98835270770314], [-77.12516092996987, 47.98476027004934], [-77.12516365178848, 47.983333339615896], [-77.1333333333333, 47.98333333334419], [-77.1333333333333, 47.98835327377612]]]}, "properties": {"company_id": "cartier-resources", "jurisdiction": "Quebec", "claim_id": "", "claim_name": null, "holder": "Ressources Cartier inc.", "status": "Active", "recorded_date": null, "anniversary_or_expiry": null, "area_ha": null, "tenure_type": null, "source": "GESTIM active titles (MRNF digital data dump). Not legal title.", "as_of": "2026-09-20", "role": "focus", "color": "#e8b040"}}, {"type": "Feature", "geometry": {"type": "Polygon", "coordinates": [[[-77.09166666961642, 47.98333333551781], [-77.09436696691718, 47.983333404697525], [-77.09437410986308, 47.984923278236224], [-77.0943773277409, 47.98564126435039], [-77.09438998206053, 47.98845873015625], [-77.09439382539786, 47.98931397528615], [-77.09440440148708, 47.99166673852766], [-77.09166666089334, 47.99166667141943], [-77.09166666961642, 47.98333333551781]]]}, "properties": {"company_id": "cartier-resources", "jurisdiction": "Quebec", "claim_id": "", "claim_name": null, "holder": "Ressources Cartier inc.", "status": "Active", "recorded_date": null, "anniversary_or_expiry": null, "area_ha": null, "tenure_type": null, "source": "GESTIM active titles (MRNF digital data dump). Not legal title.", "as_of": "2026-09-20", "role": "focus", "color": "#e8b040"}}, {"type": "Feature", "geometry": {"type": "Polygon", "coordinates": [[[-77.14166666666671, 47.99166666667757], [-77.14657140261514, 47.99166673945034], [-77.14657096944424, 47.99194543486786], [-77.1416666666667, 47.991945713521105], [-77.14166666666671, 47.99166666667757]]]}, "properties": {"company_id": "cartier-resources", "jurisdiction": "Quebec", "claim_id": "", "claim_name": null, "holder": "Ressources Cartier inc.", "status": "Active", "recorded_date": null, "anniversary_or_expiry": null, "area_ha": null, "tenure_type": null, "source": "GESTIM active titles (MRNF digital data dump). Not legal title.", "as_of": "2026-09-20", "role": "focus", "color": "#e8b040"}}, {"type": "Feature", "geometry": {"type": "Polygon", "coordinates": [[[-77.14166666666671, 47.99166666667757], [-77.1416666666667, 47.991945713521105], [-77.14120856066909, 47.99194572802822], [-77.13585670334209, 47.991945772050876], [-77.13585673320713, 47.99166673543926], [-77.14166666666671, 47.99166666667757]]]}, "properties": {"company_id": "cartier-resources", "jurisdiction": "Quebec", "claim_id": "", "claim_name": null, "holder": "Ressources Cartier inc.", "status": "Active", "recorded_date": null, "anniversary_or_expiry": null, "area_ha": null, "tenure_type": null, "source": "GESTIM active titles (MRNF digital data dump). Not legal title.", "as_of": "2026-09-20", "role": "focus", "color": "#e8b040"}}, {"type": "Feature", "geometry": {"type": "Polygon", "coordinates": [[[-77.10833333731793, 48.0000000022729], [-77.10833333665425, 47.99610984324784], [-77.11037954103713, 47.99610603991943], [-77.11043261955818, 47.99749174490403], [-77.11444573213065, 47.99749257383143], [-77.11444565412312, 47.99916356305597], [-77.11444523539308, 48.00000006367985], [-77.10833333731793, 48.0000000022729]]]}, "properties": {"company_id": "cartier-resources", "jurisdiction": "Quebec", "claim_id": "", "claim_name": null, "holder": "Ressources Cartier inc.", "status": "Active", "recorded_date": null, "anniversary_or_expiry": null, "area_ha": null, "tenure_type": null, "source": "GESTIM active titles (MRNF digital data dump). Not legal title.", "as_of": "2026-09-20", "role": "focus", "color": "#e8b040"}}, {"type": "Feature", "geometry": {"type": "Polygon", "coordinates": [[[-77.10000000114188, 48.00000000060882], [-77.10000000193403, 47.996116639181], [-77.10490565701176, 47.99611613290458], [-77.10833333665425, 47.99610984324784], [-77.10833333731793, 48.0000000022729], [-77.10000000114188, 48.00000000060882]]]}, "properties": {"company_id": "cartier-resources", "jurisdiction": "Quebec", "claim_id": "", "claim_name": null, "holder": "Ressources Cartier inc.", "status": "Active", "recorded_date": null, "anniversary_or_expiry": null, "area_ha": null, "tenure_type": null, "source": "GESTIM active titles (MRNF digital data dump). Not legal title.", "as_of": "2026-09-20", "role": "focus", "color": "#e8b040"}}, {"type": "Feature", "geometry": {"type": "Polygon", "coordinates": [[[-77.09166666089334, 47.99166667141943], [-77.09440440148708, 47.99166673852766], [-77.09440848849582, 47.992575877204295], [-77.09444343333607, 47.99561670516875], [-77.0944541350453, 47.99617121600617], [-77.10000000193403, 47.996116639181], [-77.10000000114188, 48.00000000060882], [-77.0916666698455, 48.00000000545913], [-77.09166666089334, 47.99166667141943]]]}, "properties": {"company_id": "cartier-resources", "jurisdiction": "Quebec", "claim_id": "", "claim_name": null, "holder": "Ressources Cartier inc.", "status": "Active", "recorded_date": null, "anniversary_or_expiry": null, "area_ha": null, "tenure_type": null, "source": "GESTIM active titles (MRNF digital data dump). Not legal title.", "as_of": "2026-09-20", "role": "focus", "color": "#e8b040"}}, {"type": "Feature", "geometry": {"type": "Polygon", "coordinates": [[[-77.125, 48.006276501494334], [-77.12514863132581, 48.00627651655004], [-77.12514800643756, 48.0083333265627], [-77.12499999541782, 48.008333331888586], [-77.125, 48.006276501494334]]]}, "properties": {"company_id": "cartier-resources", "jurisdiction": "Quebec", "claim_id": "", "claim_name": null, "holder": "Ressources Cartier inc.", "status": "Active", "recorded_date": null, "anniversary_or_expiry": null, "area_ha": null, "tenure_type": null, "source": "GESTIM active titles (MRNF digital data dump). Not legal title.", "as_of": "2026-09-20", "role": "focus", "color": "#e8b040"}}, {"type": "Feature", "geometry": {"type": "Polygon", "coordinates": [[[-77.12499999541782, 48.008333331888586], [-77.11666667399493, 48.008333339086576], [-77.11666666666672, 48.00627535201869], [-77.11979536287676, 48.00627584852178], [-77.12145706159778, 48.00627608128493], [-77.125, 48.006276501494334], [-77.12499999541782, 48.008333331888586]]]}, "properties": {"company_id": "cartier-resources", "jurisdiction": "Quebec", "claim_id": "", "claim_name": null, "holder": "Ressources Cartier inc.", "status": "Active", "recorded_date": null, "anniversary_or_expiry": null, "area_ha": null, "tenure_type": null, "source": "GESTIM active titles (MRNF digital data dump). Not legal title.", "as_of": "2026-09-20", "role": "focus", "color": "#e8b040"}}, {"type": "Feature", "geometry": {"type": "Polygon", "coordinates": [[[-77.11666667399493, 48.008333339086576], [-77.10833332997086, 48.00833333531695], [-77.10833333731793, 48.0000000022729], [-77.11444523539308, 48.00000006367985], [-77.11444389642782, 48.00267473673654], [-77.11444209391983, 48.00627494315574], [-77.11666666666672, 48.00627535201869], [-77.11666667399493, 48.008333339086576]]]}, "properties": {"company_id": "cartier-resources", "jurisdiction": "Quebec", "claim_id": "", "claim_name": null, "holder": "Ressources Cartier inc.", "status": "Active", "recorded_date": null, "anniversary_or_expiry": null, "area_ha": null, "tenure_type": null, "source": "GESTIM active titles (MRNF digital data dump). Not legal title.", "as_of": "2026-09-20", "role": "focus", "color": "#e8b040"}}, {"type": "Feature", "geometry": {"type": "Polygon", "coordinates": [[[-77.26666667392038, 48.00833333885568], [-77.26666666666672, 48.01011008680187], [-77.26555352391519, 48.01011064633185], [-77.26531081960617, 48.010110756032496], [-77.26026939627208, 48.01011305034508], [-77.25890714301836, 48.00950447246725], [-77.25906813198112, 48.01011356883], [-77.25940719875717, 48.01139700521569], [-77.2606778774138, 48.01542877554939], [-77.25833333053586, 48.01581526917418], [-77.25833333685189, 48.00833333378397], [-77.26666667392038, 48.00833333885568]]]}, "properties": {"company_id": "cartier-resources", "jurisdiction": "Quebec", "claim_id": "", "claim_name": null, "holder": "Ressources Cartier inc.", "status": "Active", "recorded_date": null, "anniversary_or_expiry": null, "area_ha": null, "tenure_type": null, "source": "GESTIM active titles (MRNF digital data dump). Not legal title.", "as_of": "2026-09-20", "role": "focus", "color": "#e8b040"}}, {"type": "Feature", "geometry": {"type": "Polygon", "coordinates": [[[-77.25000000000003, 48.00833333334412], [-77.25833333685189, 48.00833333378397], [-77.25833333053586, 48.01581526917418], [-77.25613610875178, 48.016177424315515], [-77.25316705579148, 48.016666745479164], [-77.25000000656334, 48.016666667324685], [-77.25000000000003, 48.00833333334412]]]}, "properties": {"company_id": "cartier-resources", "jurisdiction": "Quebec", "claim_id": "", "claim_name": null, "holder": "Ressources Cartier inc.", "status": "Active", "recorded_date": null, "anniversary_or_expiry": null, "area_ha": null, "tenure_type": null, "source": "GESTIM active titles (MRNF digital data dump). Not legal title.", "as_of": "2026-09-20", "role": "focus", "color": "#e8b040"}}, {"type": "Feature", "geometry": {"type": "Polygon", "coordinates": [[[-77.25000000656334, 48.01666666732468], [-77.24926988537392, 48.0166666936236], [-77.24927161855305, 48.013708337757436], [-77.24223914017158, 48.01274065859988], [-77.24217438109818, 48.01253964175263], [-77.24166666666669, 48.01096370837571], [-77.24166666666672, 48.00833333334412], [-77.25000000000001, 48.00833333334412], [-77.25000000656334, 48.01666666732468]]]}, "properties": {"company_id": "cartier-resources", "jurisdiction": "Quebec", "claim_id": "", "claim_name": null, "holder": "Ressources Cartier inc.", "status": "Active", "recorded_date": null, "anniversary_or_expiry": null, "area_ha": null, "tenure_type": null, "source": "GESTIM active titles (MRNF digital data dump). Not legal title.", "as_of": "2026-09-20", "role": "focus", "color": "#e8b040"}}, {"type": "Feature", "geometry": {"type": "Polygon", "coordinates": [[[-77.11666666651033, 47.97500000697607], [-77.11532130345685, 47.97500005052667], [-77.11531193572257, 47.97475288834667], [-77.11033299956364, 47.97483786283436], [-77.11031521802518, 47.97396217659113], [-77.1083333333333, 47.97397922623957], [-77.10833333341665, 47.96666667356248], [-77.11666666338773, 47.96666667246741], [-77.11666666651033, 47.97500000697607]]]}, "properties": {"company_id": "cartier-resources", "jurisdiction": "Quebec", "claim_id": "", "claim_name": null, "holder": "Ressources Cartier inc.", "status": "Active", "recorded_date": null, "anniversary_or_expiry": null, "area_ha": null, "tenure_type": null, "source": "GESTIM active titles (MRNF digital data dump). Not legal title.", "as_of": "2026-09-20", "role": "focus", "color": "#e8b040"}}, {"type": "Feature", "geometry": {"type": "Polygon", "coordinates": [[[-77.2333333333333, 48.00631437206641], [-77.23247548450198, 48.00629922401201], [-77.23240876199299, 48.00270551382362], [-77.22779787706072, 48.002638821614426], [-77.22748136890816, 48.0026621572452], [-77.22500000085094, 48.00266261740808], [-77.22500000177979, 48.000000005786745], [-77.23333332896905, 48.00000000703121], [-77.2333333333333, 48.00631437206641]]]}, "properties": {"company_id": "cartier-resources", "jurisdiction": "Quebec", "claim_id": "", "claim_name": null, "holder": "Ressources Cartier inc.", "status": "Active", "recorded_date": null, "anniversary_or_expiry": null, "area_ha": null, "tenure_type": null, "source": "GESTIM active titles (MRNF digital data dump). Not legal title.", "as_of": "2026-09-20", "role": "focus", "color": "#e8b040"}}, {"type": "Feature", "geometry": {"type": "Polygon", "coordinates": [[[-77.20833333533142, 48.00000000510021], [-77.21666666597983, 48.00000000223072], [-77.21666667336048, 48.008333333911345], [-77.21648173387176, 48.00833334092315], [-77.2166293937878, 48.00263438414783], [-77.21127448411055, 48.002603676881805], [-77.20833333655547, 48.00261579504053], [-77.20833333533142, 48.00000000510021]]]}, "properties": {"company_id": "cartier-resources", "jurisdiction": "Quebec", "claim_id": "", "claim_name": null, "holder": "Ressources Cartier inc.", "status": "Active", "recorded_date": null, "anniversary_or_expiry": null, "area_ha": null, "tenure_type": null, "source": "GESTIM active titles (MRNF digital data dump). Not legal title.", "as_of": "2026-09-20", "role": "focus", "color": "#e8b040"}}, {"type": "Feature", "geometry": {"type": "Polygon", "coordinates": [[[-77.15000000285659, 48.01666666801351], [-77.14166666371682, 48.01666666899763], [-77.1416666666653, 48.00833333334412], [-77.14656189311815, 48.0083334122556], [-77.14656135678437, 48.00986854255366], [-77.14656132073866, 48.00997171161705], [-77.14656127797184, 48.01009411702971], [-77.15000000257662, 48.01009691524512], [-77.15000000285659, 48.01666666801351]]]}, "properties": {"company_id": "cartier-resources", "jurisdiction": "Quebec", "claim_id": "", "claim_name": null, "holder": "Ressources Cartier inc.", "status": "Active", "recorded_date": null, "anniversary_or_expiry": null, "area_ha": null, "tenure_type": null, "source": "GESTIM active titles (MRNF digital data dump). Not legal title.", "as_of": "2026-09-20", "role": "focus", "color": "#e8b040"}}, {"type": "Feature", "geometry": {"type": "Polygon", "coordinates": [[[-77.2833333273933, 48.03333333198851], [-77.28333333518044, 48.025000000046134], [-77.28741663356901, 48.0250000807968], [-77.28739085871123, 48.03150621308376], [-77.2874439644686, 48.031505849113756], [-77.29166666466841, 48.031561629326184], [-77.29166666389449, 48.0333333357844], [-77.2833333273933, 48.03333333198851]]]}, "properties": {"company_id": "cartier-resources", "jurisdiction": "Quebec", "claim_id": "", "claim_name": null, "holder": "Ressources Cartier inc.", "status": "Active", "recorded_date": null, "anniversary_or_expiry": null, "area_ha": null, "tenure_type": null, "source": "GESTIM active titles (MRNF digital data dump). Not legal title.", "as_of": "2026-09-20", "role": "focus", "color": "#e8b040"}}, {"type": "Feature", "geometry": {"type": "Polygon", "coordinates": [[[-77.32500000674071, 48.03333333546783], [-77.32500000144564, 48.04166667382304], [-77.31666666690622, 48.0416666656574], [-77.31666666093956, 48.03933330059867], [-77.31924379661315, 48.03932611910448], [-77.3246081543933, 48.03932739639487], [-77.32460759588707, 48.03572987421991], [-77.32366936167429, 48.03572967162739], [-77.32366106006903, 48.03545140262733], [-77.32363270258472, 48.03450084035916], [-77.32359788382246, 48.033333380539034], [-77.32500000674071, 48.03333333546783]]]}, "properties": {"company_id": "cartier-resources", "jurisdiction": "Quebec", "claim_id": "", "claim_name": null, "holder": "Ressources Cartier inc.", "status": "Active", "recorded_date": null, "anniversary_or_expiry": null, "area_ha": null, "tenure_type": null, "source": "GESTIM active titles (MRNF digital data dump). Not legal title.", "as_of": "2026-09-20", "role": "focus", "color": "#e8b040"}}, {"type": "Feature", "geometry": {"type": "Polygon", "coordinates": [[[-77.3166666666559, 48.050000006562996], [-77.31666666690622, 48.0416666656574], [-77.32500000144564, 48.04166667382304], [-77.32500000188628, 48.04271426911529], [-77.32466529327897, 48.0427362730659], [-77.32443856818519, 48.042737488571014], [-77.32443742606789, 48.04633872035514], [-77.32443626473948, 48.05000002267213], [-77.3166666666559, 48.050000006562996]]]}, "properties": {"company_id": "cartier-resources", "jurisdiction": "Quebec", "claim_id": "", "claim_name": null, "holder": "Ressources Cartier inc.", "status": "Active", "recorded_date": null, "anniversary_or_expiry": null, "area_ha": null, "tenure_type": null, "source": "GESTIM active titles (MRNF digital data dump). Not legal title.", "as_of": "2026-09-20", "role": "focus", "color": "#e8b040"}}, {"type": "Feature", "geometry": {"type": "Polygon", "coordinates": [[[-77.31666666849515, 48.02499999830187], [-77.3166666698488, 48.01666667185111], [-77.31950986992445, 48.0166667455839], [-77.3195133646368, 48.01704922614496], [-77.32467377861062, 48.01704919446867], [-77.32467430991606, 48.0207123746289], [-77.32467430991625, 48.02071237591951], [-77.3234349816327, 48.0207107727159], [-77.3234862973511, 48.02461617406241], [-77.3234800370331, 48.025000052563534], [-77.31666666849515, 48.02499999830187]]]}, "properties": {"company_id": "cartier-resources", "jurisdiction": "Quebec", "claim_id": "", "claim_name": null, "holder": "Ressources Cartier inc.", "status": "Active", "recorded_date": null, "anniversary_or_expiry": null, "area_ha": null, "tenure_type": null, "source": "GESTIM active titles (MRNF digital data dump). Not legal title.", "as_of": "2026-09-20", "role": "focus", "color": "#e8b040"}}, {"type": "Feature", "geometry": {"type": "Polygon", "coordinates": [[[-77.20000000000002, 48.01354319376894], [-77.20022654168588, 48.01353834282995], [-77.2005004478846, 48.0135415015541], [-77.20057946729885, 48.01666668741273], [-77.2, 48.0166666666775], [-77.20000000000002, 48.01354319376894]]]}, "properties": {"company_id": "cartier-resources", "jurisdiction": "Quebec", "claim_id": "", "claim_name": null, "holder": "Ressources Cartier inc.", "status": "Active", "recorded_date": null, "anniversary_or_expiry": null, "area_ha": null, "tenure_type": null, "source": "GESTIM active titles (MRNF digital data dump). Not legal title.", "as_of": "2026-09-20", "role": "focus", "color": "#e8b040"}}, {"type": "Feature", "geometry": {"type": "Polygon", "coordinates": [[[-77.20000000000002, 48.01354319376894], [-77.2, 48.0166666666775], [-77.1916666666667, 48.0166666666775], [-77.1916666666667, 48.01011796516279], [-77.19477065035414, 48.01011865628085], [-77.19508194967943, 48.010118725188235], [-77.19491614451587, 48.01364674151059], [-77.19534168526015, 48.013642835411495], [-77.20000000000002, 48.01354319376894]]]}, "properties": {"company_id": "cartier-resources", "jurisdiction": "Quebec", "claim_id": "", "claim_name": null, "holder": "Ressources Cartier inc.", "status": "Active", "recorded_date": null, "anniversary_or_expiry": null, "area_ha": null, "tenure_type": null, "source": "GESTIM active titles (MRNF digital data dump). Not legal title.", "as_of": "2026-09-20", "role": "focus", "color": "#e8b040"}}, {"type": "Feature", "geometry": {"type": "Polygon", "coordinates": [[[-77.1916666666667, 48.01011796516279], [-77.1916666666667, 48.0166666666775], [-77.18951033449126, 48.016666729118654], [-77.18948063184541, 48.01369645460007], [-77.18947084997784, 48.01011742169103], [-77.1916666666667, 48.01011796516279]]]}, "properties": {"company_id": "cartier-resources", "jurisdiction": "Quebec", "claim_id": "", "claim_name": null, "holder": "Ressources Cartier inc.", "status": "Active", "recorded_date": null, "anniversary_or_expiry": null, "area_ha": null, "tenure_type": null, "source": "GESTIM active titles (MRNF digital data dump). Not legal title.", "as_of": "2026-09-20", "role": "focus", "color": "#e8b040"}}, {"type": "Feature", "geometry": {"type": "Polygon", "coordinates": [[[-77.20065228315218, 48.02421535397177], [-77.20000000509093, 48.02421520666446], [-77.2, 48.0166666666775], [-77.20057946729885, 48.01666668741273], [-77.20058985239254, 48.017077384371404], [-77.20061603256256, 48.02056356528634], [-77.20065228315218, 48.02421535397177]]]}, "properties": {"company_id": "cartier-resources", "jurisdiction": "Quebec", "claim_id": "", "claim_name": null, "holder": "Ressources Cartier inc.", "status": "Active", "recorded_date": null, "anniversary_or_expiry": null, "area_ha": null, "tenure_type": null, "source": "GESTIM active titles (MRNF digital data dump). Not legal title.", "as_of": "2026-09-20", "role": "focus", "color": "#e8b040"}}, {"type": "Feature", "geometry": {"type": "Polygon", "coordinates": [[[-77.2, 48.02421520666329], [-77.19522513232, 48.02421400686635], [-77.1952306235919, 48.0247455580825], [-77.1916666666667, 48.024744512036854], [-77.1916666666667, 48.0166666666775], [-77.2, 48.0166666666775], [-77.2, 48.02421520666329]]]}, "properties": {"company_id": "cartier-resources", "jurisdiction": "Quebec", "claim_id": "", "claim_name": null, "holder": "Ressources Cartier inc.", "status": "Active", "recorded_date": null, "anniversary_or_expiry": null, "area_ha": null, "tenure_type": null, "source": "GESTIM active titles (MRNF digital data dump). Not legal title.", "as_of": "2026-09-20", "role": "focus", "color": "#e8b040"}}, {"type": "Feature", "geometry": {"type": "Polygon", "coordinates": [[[-77.1916666666667, 48.024744512036854], [-77.19004495918801, 48.02474399663747], [-77.1896058660188, 48.024741706885685], [-77.18476427698532, 48.024739618394065], [-77.18477247545648, 48.02500004651516], [-77.1833333333333, 48.02500000001078], [-77.1833333333333, 48.017000663235486], [-77.18432117652996, 48.017003646145014], [-77.18951385936278, 48.01701919382721], [-77.18951033449126, 48.016666729118654], [-77.1916666666667, 48.0166666666775], [-77.1916666666667, 48.024744512036854]]]}, "properties": {"company_id": "cartier-resources", "jurisdiction": "Quebec", "claim_id": "", "claim_name": null, "holder": "Ressources Cartier inc.", "status": "Active", "recorded_date": null, "anniversary_or_expiry": null, "area_ha": null, "tenure_type": null, "source": "GESTIM active titles (MRNF digital data dump). Not legal title.", "as_of": "2026-09-20", "role": "focus", "color": "#e8b040"}}, {"type": "Feature", "geometry": {"type": "Polygon", "coordinates": [[[-77.1833333333333, 48.02500000001078], [-77.17998147145627, 48.02500007827273], [-77.17998347457036, 48.02473744932186], [-77.17957485114896, 48.02473726091466], [-77.17843152569543, 48.024736713673306], [-77.175, 48.02473494672764], [-77.17499999552527, 48.01697871541618], [-77.17912847539586, 48.016987863807394], [-77.18333333997357, 48.017000663255565], [-77.1833333333333, 48.02500000001078]]]}, "properties": {"company_id": "cartier-resources", "jurisdiction": "Quebec", "claim_id": "", "claim_name": null, "holder": "Ressources Cartier inc.", "status": "Active", "recorded_date": null, "anniversary_or_expiry": null, "area_ha": null, "tenure_type": null, "source": "GESTIM active titles (MRNF digital data dump). Not legal title.", "as_of": "2026-09-20", "role": "focus", "color": "#e8b040"}}, {"type": "Feature", "geometry": {"type": "Polygon", "coordinates": [[[-77.175, 48.02473494672764], [-77.1742373590306, 48.02473453903945], [-77.17362682362977, 48.02473422025327], [-77.17341792359957, 48.02473409828073], [-77.17115395002334, 48.024732872834136], [-77.17061426076629, 48.02473251217105], [-77.16887650654948, 48.024731560200436], [-77.16880911767586, 48.02473151930054], [-77.16765593114407, 48.02473070393142], [-77.16666666862866, 48.02472999429468], [-77.16666666666671, 48.02122418670268], [-77.1677050578861, 48.021223015032916], [-77.16770299473622, 48.020654841273036], [-77.16756000970236, 48.01760236378227], [-77.16755163726707, 48.01742362397124], [-77.1675322266326, 48.01700922934965], [-77.16833674879764, 48.017004551313356], [-77.17338197614502, 48.016975086422285], [-77.17499999552527, 48.01697871541618], [-77.175, 48.02473494672764]]]}, "properties": {"company_id": "cartier-resources", "jurisdiction": "Quebec", "claim_id": "", "claim_name": null, "holder": "Ressources Cartier inc.", "status": "Active", "recorded_date": null, "anniversary_or_expiry": null, "area_ha": null, "tenure_type": null, "source": "GESTIM active titles (MRNF digital data dump). Not legal title.", "as_of": "2026-09-20", "role": "focus", "color": "#e8b040"}}, {"type": "Feature", "geometry": {"type": "Polygon", "coordinates": [[[-77.16666666862866, 48.02472999429468], [-77.16311570957173, 48.02472737148552], [-77.16293737764873, 48.02472723946818], [-77.16275114337977, 48.02472705805494], [-77.16251887454457, 48.02472685248771], [-77.1583333333333, 48.02472327410888], [-77.15833333362254, 48.01666667379376], [-77.16666666666671, 48.016666666677494], [-77.16666666862866, 48.02472999429468]]]}, "properties": {"company_id": "cartier-resources", "jurisdiction": "Quebec", "claim_id": "", "claim_name": null, "holder": "Ressources Cartier inc.", "status": "Active", "recorded_date": null, "anniversary_or_expiry": null, "area_ha": null, "tenure_type": null, "source": "GESTIM active titles (MRNF digital data dump). Not legal title.", "as_of": "2026-09-20", "role": "focus", "color": "#e8b040"}}, {"type": "Feature", "geometry": {"type": "Polygon", "coordinates": [[[-77.1583333333333, 48.02472327410888], [-77.15813359274215, 48.02472309923744], [-77.15639235457412, 48.02472153778855], [-77.15630598478089, 48.0212353362075], [-77.1563714757957, 48.021235268721675], [-77.1583333333333, 48.021233231677684], [-77.1583333333333, 48.02472327410888]]]}, "properties": {"company_id": "cartier-resources", "jurisdiction": "Quebec", "claim_id": "", "claim_name": null, "holder": "Ressources Cartier inc.", "status": "Active", "recorded_date": null, "anniversary_or_expiry": null, "area_ha": null, "tenure_type": null, "source": "GESTIM active titles (MRNF digital data dump). Not legal title.", "as_of": "2026-09-20", "role": "focus", "color": "#e8b040"}}, {"type": "Feature", "geometry": {"type": "Polygon", "coordinates": [[[-77.1833333333333, 48.032563000598685], [-77.17989396513552, 48.03259873804401], [-77.17995320528853, 48.02870576819352], [-77.17998147145627, 48.02500007827273], [-77.1833333333333, 48.02500000001078], [-77.1833333333333, 48.032563000598685]]]}, "properties": {"company_id": "cartier-resources", "jurisdiction": "Quebec", "claim_id": "", "claim_name": null, "holder": "Ressources Cartier inc.", "status": "Active", "recorded_date": null, "anniversary_or_expiry": null, "area_ha": null, "tenure_type": null, "source": "GESTIM active titles (MRNF digital data dump). Not legal title.", "as_of": "2026-09-20", "role": "focus", "color": "#e8b040"}}, {"type": "Feature", "geometry": {"type": "Polygon", "coordinates": [[[-77.33333333924017, 48.025000000440684], [-77.34166666229935, 48.02500000251318], [-77.3416666666667, 48.032110866648885], [-77.33958186419571, 48.032110838342234], [-77.33958181101148, 48.03333339439417], [-77.33333332855156, 48.03333333624398], [-77.33333333924017, 48.025000000440684]]]}, "properties": {"company_id": "cartier-resources", "jurisdiction": "Quebec", "claim_id": "", "claim_name": null, "holder": "Ressources Cartier inc.", "status": "Active", "recorded_date": null, "anniversary_or_expiry": null, "area_ha": null, "tenure_type": null, "source": "GESTIM active titles (MRNF digital data dump). Not legal title.", "as_of": "2026-09-20", "role": "focus", "color": "#e8b040"}}, {"type": "Feature", "geometry": {"type": "Polygon", "coordinates": [[[-77.34522041558634, 48.03562023219142], [-77.34522065182648, 48.03931460349124], [-77.34166667108005, 48.039315891085906], [-77.34166666666059, 48.03556455754933], [-77.34522041558634, 48.03562023219142]]]}, "properties": {"company_id": "cartier-resources", "jurisdiction": "Quebec", "claim_id": "", "claim_name": null, "holder": "Ressources Cartier inc.", "status": "Active", "recorded_date": null, "anniversary_or_expiry": null, "area_ha": null, "tenure_type": null, "source": "GESTIM active titles (MRNF digital data dump). Not legal title.", "as_of": "2026-09-20", "role": "focus", "color": "#e8b040"}}, {"type": "Feature", "geometry": {"type": "Polygon", "coordinates": [[[-77.33333332855156, 48.03333333624398], [-77.33958181101148, 48.03333339439417], [-77.33958171536712, 48.035531838606126], [-77.3416666666667, 48.03556455754936], [-77.34166667108005, 48.039315891085906], [-77.33958155281711, 48.0393165893985], [-77.33958144881183, 48.041666733960334], [-77.33493978387763, 48.04166671731197], [-77.33498546928998, 48.03932483620453], [-77.33498658237718, 48.03926784780292], [-77.33498806654309, 48.03899208486014], [-77.33500707527296, 48.03545992843739], [-77.33447397792808, 48.035463803275256], [-77.33422615110929, 48.03546251572482], [-77.33333333163705, 48.035457875042304], [-77.33333332855156, 48.03333333624398]]]}, "properties": {"company_id": "cartier-resources", "jurisdiction": "Quebec", "claim_id": "", "claim_name": null, "holder": "Ressources Cartier inc.", "status": "Active", "recorded_date": null, "anniversary_or_expiry": null, "area_ha": null, "tenure_type": null, "source": "GESTIM active titles (MRNF digital data dump). Not legal title.", "as_of": "2026-09-20", "role": "focus", "color": "#e8b040"}}, {"type": "Feature", "geometry": {"type": "Polygon", "coordinates": [[[-77.3000000053834, 48.033333337039835], [-77.30000000078375, 48.0416666689163], [-77.29166666875821, 48.0416666713642], [-77.29166666741101, 48.03935871816091], [-77.29166666389449, 48.0333333357844], [-77.29235825382327, 48.03333336065494], [-77.29234613730623, 48.035475379414876], [-77.29228393269285, 48.03565869341443], [-77.29784338113365, 48.03558725951234], [-77.29789027575792, 48.03333339487651], [-77.3000000053834, 48.033333337039835]]]}, "properties": {"company_id": "cartier-resources", "jurisdiction": "Quebec", "claim_id": "", "claim_name": null, "holder": "Ressources Cartier inc.", "status": "Active", "recorded_date": null, "anniversary_or_expiry": null, "area_ha": null, "tenure_type": null, "source": "GESTIM active titles (MRNF digital data dump). Not legal title.", "as_of": "2026-09-20", "role": "focus", "color": "#e8b040"}}, {"type": "Feature", "geometry": {"type": "Polygon", "coordinates": [[[-77.29784338113365, 48.03558725951234], [-77.29228393269285, 48.03565869341443], [-77.29234613730621, 48.035475379414876], [-77.29235825382327, 48.03333336065493], [-77.29789027575792, 48.03333339487651], [-77.29784338113365, 48.03558725951234]]]}, "properties": {"company_id": "cartier-resources", "jurisdiction": "Quebec", "claim_id": "", "claim_name": null, "holder": "Ressources Cartier inc.", "status": "Active", "recorded_date": null, "anniversary_or_expiry": null, "area_ha": null, "tenure_type": null, "source": "GESTIM active titles (MRNF digital data dump). Not legal title.", "as_of": "2026-09-20", "role": "focus", "color": "#e8b040"}}, {"type": "Feature", "geometry": {"type": "Polygon", "coordinates": [[[-77.3000000053834, 48.033333337039835], [-77.29235825382327, 48.03333336065493], [-77.2923682226618, 48.03157088042946], [-77.29288303263915, 48.03156732860392], [-77.29792774460671, 48.03153240754563], [-77.29815244118696, 48.03153379584247], [-77.30000000535674, 48.03154519859003], [-77.3000000053834, 48.033333337039835]]]}, "properties": {"company_id": "cartier-resources", "jurisdiction": "Quebec", "claim_id": "", "claim_name": null, "holder": "Ressources Cartier inc.", "status": "Active", "recorded_date": null, "anniversary_or_expiry": null, "area_ha": null, "tenure_type": null, "source": "GESTIM active titles (MRNF digital data dump). Not legal title.", "as_of": "2026-09-20", "role": "focus", "color": "#e8b040"}}, {"type": "Feature", "geometry": {"type": "Polygon", "coordinates": [[[-77.33333333998074, 48.042723469311156], [-77.33333334065563, 48.04166667042901], [-77.33958144881183, 48.041666733960334], [-77.3395814023328, 48.042716920799535], [-77.33499694678676, 48.0427173879857], [-77.33491928521121, 48.04271739782702], [-77.33333333998074, 48.042723469311156]]]}, "properties": {"company_id": "cartier-resources", "jurisdiction": "Quebec", "claim_id": "", "claim_name": null, "holder": "Ressources Cartier inc.", "status": "Active", "recorded_date": null, "anniversary_or_expiry": null, "area_ha": null, "tenure_type": null, "source": "GESTIM active titles (MRNF digital data dump). Not legal title.", "as_of": "2026-09-20", "role": "focus", "color": "#e8b040"}}]}