{"type": "FeatureCollection", "features": [{"type": "Feature", "geometry": {"type": "Polygon", "coordinates": [[[-130.4176, 56.5882], [-130.385, 56.5882], [-130.385, 56.6061], [-130.4176, 56.6061], [-130.4176, 56.5882]]]}, "properties": {"company_id": "eskay-mining", "jurisdiction": "British Columbia", "claim_id": 251374, "claim_name": "UNUK 13", "holder": "ESKAY MINING CORP.", "status": "Mineral", "recorded_date": "5099328000", "anniversary_or_expiry": "2034-12-31", "area_ha": 400, "tenure_type": "Mineral", "source": "BC MTA Mineral, Placer and Coal Tenure Spatial View (BCGW). Open Government Licence - British Columbia. Not legal title.", "as_of": "2026-09-20", "role": "focus", "color": "#e8b040"}}, {"type": "Feature", "geometry": {"type": "Polygon", "coordinates": [[[-130.3523, 56.6], [-130.3548, 56.6], [-130.3548, 56.6057], [-130.3849, 56.6057], [-130.3849, 56.5882], [-130.3542, 56.5877], [-130.3542, 56.5897], [-130.3523, 56.5897], [-130.3523, 56.6]]]}, "properties": {"company_id": "eskay-mining", "jurisdiction": "British Columbia", "claim_id": 251375, "claim_name": "UNUK 14", "holder": "ESKAY MINING CORP.", "status": "Mineral", "recorded_date": "5099328000", "anniversary_or_expiry": "2034-12-31", "area_ha": 400, "tenure_type": "Mineral", "source": "BC MTA Mineral, Placer and Coal Tenure Spatial View (BCGW). Open Government Licence - British Columbia. Not legal title.", "as_of": "2026-09-20", "role": "focus", "color": "#e8b040"}}, {"type": "Feature", "geometry": {"type": "Polygon", "coordinates": [[[-130.3742, 56.5267], [-130.3742, 56.5444], [-130.4067, 56.5444], [-130.4067, 56.5219], [-130.3742, 56.5219], [-130.3742, 56.5267]]]}, "properties": {"company_id": "eskay-mining", "jurisdiction": "British Columbia", "claim_id": 251379, "claim_name": "UNUK 22", "holder": "ESKAY MINING CORP.", "status": "Mineral", "recorded_date": "5099328000", "anniversary_or_expiry": "2034-12-31", "area_ha": 500, "tenure_type": "Mineral", "source": "BC MTA Mineral, Placer and Coal Tenure Spatial View (BCGW). Open Government Licence - British Columbia. Not legal title.", "as_of": "2026-09-20", "role": "focus", "color": "#e8b040"}}, {"type": "Feature", "geometry": {"type": "Polygon", "coordinates": [[[-130.3231, 56.6315], [-130.372, 56.6315], [-130.372, 56.6181], [-130.3231, 56.6181], [-130.3231, 56.6315]]]}, "properties": {"company_id": "eskay-mining", "jurisdiction": "British Columbia", "claim_id": 251844, "claim_name": "LANCE 3", "holder": "ESKAY MINING CORP.", "status": "Mineral", "recorded_date": "5465664000", "anniversary_or_expiry": "2034-12-31", "area_ha": 450, "tenure_type": "Mineral", "source": "BC MTA Mineral, Placer and Coal Tenure Spatial View (BCGW). Open Government Licence - British Columbia. Not legal title.", "as_of": "2026-09-20", "role": "focus", "color": "#e8b040"}}, {"type": "Feature", "geometry": {"type": "Polygon", "coordinates": [[[-130.3701, 56.645], [-130.372, 56.645], [-130.372, 56.6315], [-130.3231, 56.6315], [-130.3231, 56.645], [-130.3701, 56.645]]]}, "properties": {"company_id": "eskay-mining", "jurisdiction": "British Columbia", "claim_id": 251845, "claim_name": "LANCE 4", "holder": "ESKAY MINING CORP.", "status": "Mineral", "recorded_date": "5465664000", "anniversary_or_expiry": "2034-12-31", "area_ha": 450, "tenure_type": "Mineral", "source": "BC MTA Mineral, Placer and Coal Tenure Spatial View (BCGW). Open Government Licence - British Columbia. Not legal title.", "as_of": "2026-09-20", "role": "focus", "color": "#e8b040"}}, {"type": "Feature", "geometry": {"type": "Polygon", "coordinates": [[[-130.5184, 56.4931], [-130.5184, 56.5019], [-130.5671, 56.5019], [-130.5671, 56.4884], [-130.5184, 56.4884], [-130.5184, 56.4931]]]}, "properties": {"company_id": "eskay-mining", "jurisdiction": "British Columbia", "claim_id": 252107, "claim_name": "JOJO M", "holder": "ESKAY MINING CORP.", "status": "Mineral", "recorded_date": "5794848000", "anniversary_or_expiry": "2034-12-31", "area_ha": 450, "tenure_type": "Mineral", "source": "BC MTA Mineral, Placer and Coal Tenure Spatial View (BCGW). Open Government Licence - British Columbia. Not legal title.", "as_of": "2026-09-20", "role": "focus", "color": "#e8b040"}}, {"type": "Feature", "geometry": {"type": "Polygon", "coordinates": [[[-130.5046, 56.5107], [-130.5046, 56.5196], [-130.5434, 56.5196], [-130.5434, 56.5019], [-130.5046, 56.5021], [-130.5046, 56.5107]]]}, "properties": {"company_id": "eskay-mining", "jurisdiction": "British Columbia", "claim_id": 252108, "claim_name": "CARL J", "holder": "ESKAY MINING CORP.", "status": "Mineral", "recorded_date": "5794848000", "anniversary_or_expiry": "2034-12-31", "area_ha": 500, "tenure_type": "Mineral", "source": "BC MTA Mineral, Placer and Coal Tenure Spatial View (BCGW). Open Government Licence - British Columbia. Not legal title.", "as_of": "2026-09-20", "role": "focus", "color": "#e8b040"}}, {"type": "Feature", "geometry": {"type": "Polygon", "coordinates": [[[-130.5109, 56.5196], [-130.5109, 56.5376], [-130.5434, 56.5376], [-130.5434, 56.5196], [-130.5109, 56.5196]]]}, "properties": {"company_id": "eskay-mining", "jurisdiction": "British Columbia", "claim_id": 252111, "claim_name": "DWAYNE 1", "holder": "ESKAY MINING CORP.", "status": "Mineral", "recorded_date": "5794848000", "anniversary_or_expiry": "2034-12-31", "area_ha": 400, "tenure_type": "Mineral", "source": "BC MTA Mineral, Placer and Coal Tenure Spatial View (BCGW). Open Government Licence - British Columbia. Not legal title.", "as_of": "2026-09-20", "role": "focus", "color": "#e8b040"}}, {"type": "Feature", "geometry": {"type": "Polygon", "coordinates": [[[-130.3645, 56.4064], [-130.3969, 56.4064], [-130.3969, 56.3839], [-130.3645, 56.3839], [-130.3645, 56.4064]]]}, "properties": {"company_id": "eskay-mining", "jurisdiction": "British Columbia", "claim_id": 251446, "claim_name": "COREY 1", "holder": "ESKAY MINING CORP.", "status": "Mineral", "recorded_date": "5200416000", "anniversary_or_expiry": "2034-12-31", "area_ha": 500, "tenure_type": "Mineral", "source": "BC MTA Mineral, Placer and Coal Tenure Spatial View (BCGW). Open Government Licence - British Columbia. Not legal title.", "as_of": "2026-09-20", "role": "focus", "color": "#e8b040"}}, {"type": "Feature", "geometry": {"type": "Polygon", "coordinates": [[[-130.3969, 56.4064], [-130.4293, 56.4064], [-130.4293, 56.3839], [-130.3969, 56.3839], [-130.3969, 56.4064]]]}, "properties": {"company_id": "eskay-mining", "jurisdiction": "British Columbia", "claim_id": 251447, "claim_name": "COREY 2", "holder": "ESKAY MINING CORP.", "status": "Mineral", "recorded_date": "5200416000", "anniversary_or_expiry": "2034-12-31", "area_ha": 500, "tenure_type": "Mineral", "source": "BC MTA Mineral, Placer and Coal Tenure Spatial View (BCGW). Open Government Licence - British Columbia. Not legal title.", "as_of": "2026-09-20", "role": "focus", "color": "#e8b040"}}, {"type": "Feature", "geometry": {"type": "Polygon", "coordinates": [[[-130.3645, 56.4289], [-130.3969, 56.4289], [-130.3969, 56.4064], [-130.3645, 56.4064], [-130.3645, 56.4289]]]}, "properties": {"company_id": "eskay-mining", "jurisdiction": "British Columbia", "claim_id": 251448, "claim_name": "COREY 3", "holder": "ESKAY MINING CORP.", "status": "Mineral", "recorded_date": "5200416000", "anniversary_or_expiry": "2034-12-31", "area_ha": 500, "tenure_type": "Mineral", "source": "BC MTA Mineral, Placer and Coal Tenure Spatial View (BCGW). Open Government Licence - British Columbia. Not legal title.", "as_of": "2026-09-20", "role": "focus", "color": "#e8b040"}}, {"type": "Feature", "geometry": {"type": "Polygon", "coordinates": [[[-130.4, 56.4289], [-130.4293, 56.4289], [-130.4293, 56.4064], [-130.3969, 56.4064], [-130.3969, 56.4289], [-130.4, 56.4289]]]}, "properties": {"company_id": "eskay-mining", "jurisdiction": "British Columbia", "claim_id": 251449, "claim_name": "COREY 4", "holder": "ESKAY MINING CORP.", "status": "Mineral", "recorded_date": "5200416000", "anniversary_or_expiry": "2034-12-31", "area_ha": 500, "tenure_type": "Mineral", "source": "BC MTA Mineral, Placer and Coal Tenure Spatial View (BCGW). Open Government Licence - British Columbia. Not legal title.", "as_of": "2026-09-20", "role": "focus", "color": "#e8b040"}}, {"type": "Feature", "geometry": {"type": "Polygon", "coordinates": [[[-130.3644, 56.4513], [-130.3969, 56.4513], [-130.3969, 56.4289], [-130.3645, 56.4289], [-130.3644, 56.4513]]]}, "properties": {"company_id": "eskay-mining", "jurisdiction": "British Columbia", "claim_id": 251450, "claim_name": "COREY 5", "holder": "ESKAY MINING CORP.", "status": "Mineral", "recorded_date": "5200416000", "anniversary_or_expiry": "2034-12-31", "area_ha": 500, "tenure_type": "Mineral", "source": "BC MTA Mineral, Placer and Coal Tenure Spatial View (BCGW). Open Government Licence - British Columbia. Not legal title.", "as_of": "2026-09-20", "role": "focus", "color": "#e8b040"}}, {"type": "Feature", "geometry": {"type": "Polygon", "coordinates": [[[-130.3969, 56.4513], [-130.4293, 56.4513], [-130.4293, 56.4289], [-130.3969, 56.4289], [-130.3969, 56.4513]]]}, "properties": {"company_id": "eskay-mining", "jurisdiction": "British Columbia", "claim_id": 251451, "claim_name": "COREY 6", "holder": "ESKAY MINING CORP.", "status": "Mineral", "recorded_date": "5200416000", "anniversary_or_expiry": "2034-12-31", "area_ha": 500, "tenure_type": "Mineral", "source": "BC MTA Mineral, Placer and Coal Tenure Spatial View (BCGW). Open Government Licence - British Columbia. Not legal title.", "as_of": "2026-09-20", "role": "focus", "color": "#e8b040"}}, {"type": "Feature", "geometry": {"type": "Polygon", "coordinates": [[[-130.3644, 56.4515], [-130.3644, 56.4738], [-130.3969, 56.4738], [-130.3969, 56.4513], [-130.3644, 56.4515]]]}, "properties": {"company_id": "eskay-mining", "jurisdiction": "British Columbia", "claim_id": 251452, "claim_name": "COREY 7", "holder": "ESKAY MINING CORP.", "status": "Mineral", "recorded_date": "5200416000", "anniversary_or_expiry": "2034-12-31", "area_ha": 500, "tenure_type": "Mineral", "source": "BC MTA Mineral, Placer and Coal Tenure Spatial View (BCGW). Open Government Licence - British Columbia. Not legal title.", "as_of": "2026-09-20", "role": "focus", "color": "#e8b040"}}, {"type": "Feature", "geometry": {"type": "Polygon", "coordinates": [[[-130.4255, 56.4738], [-130.4293, 56.4738], [-130.4293, 56.4513], [-130.3969, 56.4513], [-130.3969, 56.4738], [-130.4255, 56.4738]]]}, "properties": {"company_id": "eskay-mining", "jurisdiction": "British Columbia", "claim_id": 251453, "claim_name": "COREY 8", "holder": "ESKAY MINING CORP.", "status": "Mineral", "recorded_date": "5200416000", "anniversary_or_expiry": "2034-12-31", "area_ha": 500, "tenure_type": "Mineral", "source": "BC MTA Mineral, Placer and Coal Tenure Spatial View (BCGW). Open Government Licence - British Columbia. Not legal title.", "as_of": "2026-09-20", "role": "focus", "color": "#e8b040"}}, {"type": "Feature", "geometry": {"type": "Polygon", "coordinates": [[[-130.4965, 56.5286], [-130.5109, 56.5286], [-130.5109, 56.5196], [-130.4965, 56.5196], [-130.4965, 56.5286]]]}, "properties": {"company_id": "eskay-mining", "jurisdiction": "British Columbia", "claim_id": 251723, "claim_name": "COREY 21", "holder": "ESKAY MINING CORP.", "status": "Mineral", "recorded_date": "5400000000", "anniversary_or_expiry": "2034-12-31", "area_ha": 100, "tenure_type": "Mineral", "source": "BC MTA Mineral, Placer and Coal Tenure Spatial View (BCGW). Open Government Licence - British Columbia. Not legal title.", "as_of": "2026-09-20", "role": "focus", "color": "#e8b040"}}, {"type": "Feature", "geometry": {"type": "Polygon", "coordinates": [[[-130.4234, 56.5106], [-130.4884, 56.5107], [-130.4884, 56.5017], [-130.4234, 56.5017], [-130.4234, 56.5106]]]}, "properties": {"company_id": "eskay-mining", "jurisdiction": "British Columbia", "claim_id": 251726, "claim_name": "COREY 24", "holder": "ESKAY MINING CORP.", "status": "Mineral", "recorded_date": "5400000000", "anniversary_or_expiry": "2034-12-31", "area_ha": 400, "tenure_type": "Mineral", "source": "BC MTA Mineral, Placer and Coal Tenure Spatial View (BCGW). Open Government Licence - British Columbia. Not legal title.", "as_of": "2026-09-20", "role": "focus", "color": "#e8b040"}}, {"type": "Feature", "geometry": {"type": "Polygon", "coordinates": [[[-130.4884, 56.5107], [-130.5046, 56.5107], [-130.5046, 56.5017], [-130.4884, 56.5017], [-130.4884, 56.5107]]]}, "properties": {"company_id": "eskay-mining", "jurisdiction": "British Columbia", "claim_id": 251727, "claim_name": "COREY 25", "holder": "ESKAY MINING CORP.", "status": "Mineral", "recorded_date": "5400000000", "anniversary_or_expiry": "2034-12-31", "area_ha": 100, "tenure_type": "Mineral", "source": "BC MTA Mineral, Placer and Coal Tenure Spatial View (BCGW). Open Government Licence - British Columbia. Not legal title.", "as_of": "2026-09-20", "role": "focus", "color": "#e8b040"}}, {"type": "Feature", "geometry": {"type": "Polygon", "coordinates": [[[-130.4884, 56.5196], [-130.5046, 56.5196], [-130.5046, 56.5107], [-130.4884, 56.5107], [-130.4884, 56.5196]]]}, "properties": {"company_id": "eskay-mining", "jurisdiction": "British Columbia", "claim_id": 251728, "claim_name": "COREY 26", "holder": "ESKAY MINING CORP.", "status": "Mineral", "recorded_date": "5400000000", "anniversary_or_expiry": "2034-12-31", "area_ha": 100, "tenure_type": "Mineral", "source": "BC MTA Mineral, Placer and Coal Tenure Spatial View (BCGW). Open Government Licence - British Columbia. Not legal title.", "as_of": "2026-09-20", "role": "focus", "color": "#e8b040"}}, {"type": "Feature", "geometry": {"type": "Polygon", "coordinates": [[[-130.4234, 56.5196], [-130.4884, 56.5196], [-130.4884, 56.5107], [-130.4234, 56.5106], [-130.4234, 56.5196]]]}, "properties": {"company_id": "eskay-mining", "jurisdiction": "British Columbia", "claim_id": 251729, "claim_name": "COREY 27", "holder": "ESKAY MINING CORP.", "status": "Mineral", "recorded_date": "5400000000", "anniversary_or_expiry": "2034-12-31", "area_ha": 400, "tenure_type": "Mineral", "source": "BC MTA Mineral, Placer and Coal Tenure Spatial View (BCGW). Open Government Licence - British Columbia. Not legal title.", "as_of": "2026-09-20", "role": "focus", "color": "#e8b040"}}, {"type": "Feature", "geometry": {"type": "Polygon", "coordinates": [[[-130.4255, 56.4931], [-130.4859, 56.4931], [-130.4859, 56.4841], [-130.4255, 56.4841], [-130.4255, 56.4931]]]}, "properties": {"company_id": "eskay-mining", "jurisdiction": "British Columbia", "claim_id": 251730, "claim_name": "COREY 28", "holder": "ESKAY MINING CORP.", "status": "Mineral", "recorded_date": "5400000000", "anniversary_or_expiry": "2034-12-31", "area_ha": 400, "tenure_type": "Mineral", "source": "BC MTA Mineral, Placer and Coal Tenure Spatial View (BCGW). Open Government Licence - British Columbia. Not legal title.", "as_of": "2026-09-20", "role": "focus", "color": "#e8b040"}}, {"type": "Feature", "geometry": {"type": "Polygon", "coordinates": [[[-130.4859, 56.4931], [-130.5184, 56.4931], [-130.5184, 56.4841], [-130.4859, 56.4841], [-130.4859, 56.4931]]]}, "properties": {"company_id": "eskay-mining", "jurisdiction": "British Columbia", "claim_id": 251731, "claim_name": "COREY 29", "holder": "ESKAY MINING CORP.", "status": "Mineral", "recorded_date": "5400000000", "anniversary_or_expiry": "2034-12-31", "area_ha": 200, "tenure_type": "Mineral", "source": "BC MTA Mineral, Placer and Coal Tenure Spatial View (BCGW). Open Government Licence - British Columbia. Not legal title.", "as_of": "2026-09-20", "role": "focus", "color": "#e8b040"}}, {"type": "Feature", "geometry": {"type": "Polygon", "coordinates": [[[-130.4859, 56.5], [-130.4859, 56.5017], [-130.5184, 56.5021], [-130.5184, 56.4931], [-130.4859, 56.4931], [-130.4859, 56.5]]]}, "properties": {"company_id": "eskay-mining", "jurisdiction": "British Columbia", "claim_id": 251732, "claim_name": "COREY 30", "holder": "ESKAY MINING CORP.", "status": "Mineral", "recorded_date": "5400000000", "anniversary_or_expiry": "2034-12-31", "area_ha": 200, "tenure_type": "Mineral", "source": "BC MTA Mineral, Placer and Coal Tenure Spatial View (BCGW). Open Government Licence - British Columbia. Not legal title.", "as_of": "2026-09-20", "role": "focus", "color": "#e8b040"}}, {"type": "Feature", "geometry": {"type": "Polygon", "coordinates": [[[-130.4255, 56.4944], [-130.4255, 56.5017], [-130.4859, 56.5017], [-130.4859, 56.4931], [-130.4255, 56.4931], [-130.4255, 56.4944]]]}, "properties": {"company_id": "eskay-mining", "jurisdiction": "British Columbia", "claim_id": 251733, "claim_name": "COREY 31", "holder": "ESKAY MINING CORP.", "status": "Mineral", "recorded_date": "5400000000", "anniversary_or_expiry": "2034-12-31", "area_ha": 400, "tenure_type": "Mineral", "source": "BC MTA Mineral, Placer and Coal Tenure Spatial View (BCGW). Open Government Licence - British Columbia. Not legal title.", "as_of": "2026-09-20", "role": "focus", "color": "#e8b040"}}, {"type": "Feature", "geometry": {"type": "Polygon", "coordinates": [[[-130.4293, 56.4655], [-130.4604, 56.4655], [-130.4604, 56.4476], [-130.4293, 56.4476], [-130.4293, 56.4655]]]}, "properties": {"company_id": "eskay-mining", "jurisdiction": "British Columbia", "claim_id": 251734, "claim_name": "COREY 32", "holder": "ESKAY MINING CORP.", "status": "Mineral", "recorded_date": "5400000000", "anniversary_or_expiry": "2034-12-31", "area_ha": 500, "tenure_type": "Mineral", "source": "BC MTA Mineral, Placer and Coal Tenure Spatial View (BCGW). Open Government Licence - British Columbia. Not legal title.", "as_of": "2026-09-20", "role": "focus", "color": "#e8b040"}}, {"type": "Feature", "geometry": {"type": "Polygon", "coordinates": [[[-130.4604, 56.4655], [-130.501, 56.4655], [-130.501, 56.4476], [-130.4604, 56.4476], [-130.4604, 56.4655]]]}, "properties": {"company_id": "eskay-mining", "jurisdiction": "British Columbia", "claim_id": 251735, "claim_name": "COREY 33", "holder": "ESKAY MINING CORP.", "status": "Mineral", "recorded_date": "5400000000", "anniversary_or_expiry": "2034-12-31", "area_ha": 500, "tenure_type": "Mineral", "source": "BC MTA Mineral, Placer and Coal Tenure Spatial View (BCGW). Open Government Licence - British Columbia. Not legal title.", "as_of": "2026-09-20", "role": "focus", "color": "#e8b040"}}, {"type": "Feature", "geometry": {"type": "Polygon", "coordinates": [[[-130.501, 56.4835], [-130.501, 56.4655], [-130.4604, 56.4655], [-130.4604, 56.4835], [-130.501, 56.4835]]]}, "properties": {"company_id": "eskay-mining", "jurisdiction": "British Columbia", "claim_id": 251736, "claim_name": "COREY 34", "holder": "ESKAY MINING CORP.", "status": "Mineral", "recorded_date": "5400000000", "anniversary_or_expiry": "2034-12-31", "area_ha": 500, "tenure_type": "Mineral", "source": "BC MTA Mineral, Placer and Coal Tenure Spatial View (BCGW). Open Government Licence - British Columbia. Not legal title.", "as_of": "2026-09-20", "role": "focus", "color": "#e8b040"}}, {"type": "Feature", "geometry": {"type": "Polygon", "coordinates": [[[-130.4255, 56.4835], [-130.4604, 56.4835], [-130.4604, 56.4655], [-130.4293, 56.4655], [-130.4293, 56.4738], [-130.4255, 56.4738], [-130.4255, 56.4835]]]}, "properties": {"company_id": "eskay-mining", "jurisdiction": "British Columbia", "claim_id": 251737, "claim_name": "COREY 35", "holder": "ESKAY MINING CORP.", "status": "Mineral", "recorded_date": "5400000000", "anniversary_or_expiry": "2034-12-31", "area_ha": 500, "tenure_type": "Mineral", "source": "BC MTA Mineral, Placer and Coal Tenure Spatial View (BCGW). Open Government Licence - British Columbia. Not legal title.", "as_of": "2026-09-20", "role": "focus", "color": "#e8b040"}}, {"type": "Feature", "geometry": {"type": "Polygon", "coordinates": [[[-130.4293, 56.4395], [-130.4825, 56.4396], [-130.4825, 56.4335], [-130.4667, 56.4335], [-130.4667, 56.4306], [-130.4293, 56.4306], [-130.4293, 56.4395]]]}, "properties": {"company_id": "eskay-mining", "jurisdiction": "British Columbia", "claim_id": 251738, "claim_name": "COREY 36", "holder": "ESKAY MINING CORP.", "status": "Mineral", "recorded_date": "5400000000", "anniversary_or_expiry": "2034-12-31", "area_ha": 350, "tenure_type": "Mineral", "source": "BC MTA Mineral, Placer and Coal Tenure Spatial View (BCGW). Open Government Licence - British Columbia. Not legal title.", "as_of": "2026-09-20", "role": "focus", "color": "#e8b040"}}, {"type": "Feature", "geometry": {"type": "Polygon", "coordinates": [[[-130.4604, 56.4476], [-130.4825, 56.4476], [-130.4825, 56.4396], [-130.4293, 56.4395], [-130.4293, 56.4476], [-130.4604, 56.4476]]]}, "properties": {"company_id": "eskay-mining", "jurisdiction": "British Columbia", "claim_id": 251739, "claim_name": "COREY 37", "holder": "ESKAY MINING CORP.", "status": "Mineral", "recorded_date": "5400000000", "anniversary_or_expiry": "2034-12-31", "area_ha": 350, "tenure_type": "Mineral", "source": "BC MTA Mineral, Placer and Coal Tenure Spatial View (BCGW). Open Government Licence - British Columbia. Not legal title.", "as_of": "2026-09-20", "role": "focus", "color": "#e8b040"}}, {"type": "Feature", "geometry": {"type": "Polygon", "coordinates": [[[-130.5236, 56.5605], [-130.5561, 56.5605], [-130.5561, 56.5381], [-130.5236, 56.5381], [-130.5236, 56.5605]]]}, "properties": {"company_id": "eskay-mining", "jurisdiction": "British Columbia", "claim_id": 251344, "claim_name": "COUL 1", "holder": "ESKAY MINING CORP.", "status": "Mineral", "recorded_date": "5099328000", "anniversary_or_expiry": "2034-12-31", "area_ha": 500, "tenure_type": "Mineral", "source": "BC MTA Mineral, Placer and Coal Tenure Spatial View (BCGW). Open Government Licence - British Columbia. Not legal title.", "as_of": "2026-09-20", "role": "focus", "color": "#e8b040"}}, {"type": "Feature", "geometry": {"type": "Polygon", "coordinates": [[[-130.5089, 56.5605], [-130.5236, 56.5605], [-130.5236, 56.5381], [-130.4932, 56.5381], [-130.4932, 56.5605], [-130.5089, 56.5605]]]}, "properties": {"company_id": "eskay-mining", "jurisdiction": "British Columbia", "claim_id": 251345, "claim_name": "COUL 2", "holder": "ESKAY MINING CORP.", "status": "Mineral", "recorded_date": "5099328000", "anniversary_or_expiry": "2034-12-31", "area_ha": 500, "tenure_type": "Mineral", "source": "BC MTA Mineral, Placer and Coal Tenure Spatial View (BCGW). Open Government Licence - British Columbia. Not legal title.", "as_of": "2026-09-20", "role": "focus", "color": "#e8b040"}}, {"type": "Feature", "geometry": {"type": "Polygon", "coordinates": [[[-130.4525, 56.5597], [-130.485, 56.5597], [-130.485, 56.5376], [-130.4525, 56.5376], [-130.4525, 56.5597]]]}, "properties": {"company_id": "eskay-mining", "jurisdiction": "British Columbia", "claim_id": 251346, "claim_name": "COUL 3", "holder": "ESKAY MINING CORP.", "status": "Mineral", "recorded_date": "5099328000", "anniversary_or_expiry": "2034-12-31", "area_ha": 500, "tenure_type": "Mineral", "source": "BC MTA Mineral, Placer and Coal Tenure Spatial View (BCGW). Open Government Licence - British Columbia. Not legal title.", "as_of": "2026-09-20", "role": "focus", "color": "#e8b040"}}, {"type": "Feature", "geometry": {"type": "Polygon", "coordinates": [[[-130.42, 56.5477], [-130.4231, 56.5477], [-130.4232, 56.5597], [-130.4525, 56.5597], [-130.4525, 56.5376], [-130.42, 56.5376], [-130.42, 56.5477]]]}, "properties": {"company_id": "eskay-mining", "jurisdiction": "British Columbia", "claim_id": 251347, "claim_name": "COUL 4", "holder": "ESKAY MINING CORP.", "status": "Mineral", "recorded_date": "5099328000", "anniversary_or_expiry": "2034-12-31", "area_ha": 500, "tenure_type": "Mineral", "source": "BC MTA Mineral, Placer and Coal Tenure Spatial View (BCGW). Open Government Licence - British Columbia. Not legal title.", "as_of": "2026-09-20", "role": "focus", "color": "#e8b040"}}, {"type": "Feature", "geometry": {"type": "Polygon", "coordinates": [[[-130.3906, 56.5657], [-130.4202, 56.5657], [-130.4202, 56.5605], [-130.4231, 56.5605], [-130.4231, 56.5477], [-130.3906, 56.5477], [-130.3906, 56.5657]]]}, "properties": {"company_id": "eskay-mining", "jurisdiction": "British Columbia", "claim_id": 251358, "claim_name": "UNUK 1", "holder": "ESKAY MINING CORP.", "status": "Mineral", "recorded_date": "5099328000", "anniversary_or_expiry": "2034-12-31", "area_ha": 500, "tenure_type": "Mineral", "source": "BC MTA Mineral, Placer and Coal Tenure Spatial View (BCGW). Open Government Licence - British Columbia. Not legal title.", "as_of": "2026-09-20", "role": "focus", "color": "#e8b040"}}, {"type": "Feature", "geometry": {"type": "Polygon", "coordinates": [[[-130.3581, 56.5665], [-130.358, 56.5882], [-130.3906, 56.5882], [-130.3906, 56.5657], [-130.3581, 56.5657], [-130.3581, 56.5665]]]}, "properties": {"company_id": "eskay-mining", "jurisdiction": "British Columbia", "claim_id": 251360, "claim_name": "UNUK 11", "holder": "ESKAY MINING CORP.", "status": "Mineral", "recorded_date": "5099328000", "anniversary_or_expiry": "2034-12-31", "area_ha": 500, "tenure_type": "Mineral", "source": "BC MTA Mineral, Placer and Coal Tenure Spatial View (BCGW). Open Government Licence - British Columbia. Not legal title.", "as_of": "2026-09-20", "role": "focus", "color": "#e8b040"}}, {"type": "Feature", "geometry": {"type": "Polygon", "coordinates": [[[-130.3906, 56.5881], [-130.4232, 56.5882], [-130.4232, 56.5829], [-130.4202, 56.5829], [-130.4202, 56.5657], [-130.3906, 56.5657], [-130.3906, 56.5881]]]}, "properties": {"company_id": "eskay-mining", "jurisdiction": "British Columbia", "claim_id": 251361, "claim_name": "UNUK 12", "holder": "ESKAY MINING CORP.", "status": "Mineral", "recorded_date": "5099328000", "anniversary_or_expiry": "2034-12-31", "area_ha": 500, "tenure_type": "Mineral", "source": "BC MTA Mineral, Placer and Coal Tenure Spatial View (BCGW). Open Government Licence - British Columbia. Not legal title.", "as_of": "2026-09-20", "role": "focus", "color": "#e8b040"}}, {"type": "Feature", "geometry": {"type": "Polygon", "coordinates": [[[-130.3835, 56.6265], [-130.3865, 56.6265], [-130.3865, 56.6246], [-130.4161, 56.6246], [-130.416, 56.6086], [-130.3878, 56.6086], [-130.3878, 56.6144], [-130.3835, 56.6144], [-130.3835, 56.6265]]]}, "properties": {"company_id": "eskay-mining", "jurisdiction": "British Columbia", "claim_id": 253146, "claim_name": "AFTOM #7", "holder": "ESKAY MINING CORP.", "status": "Mineral", "recorded_date": "6219072000", "anniversary_or_expiry": "2034-12-31", "area_ha": 400, "tenure_type": "Mineral", "source": "BC MTA Mineral, Placer and Coal Tenure Spatial View (BCGW). Open Government Licence - British Columbia. Not legal title.", "as_of": "2026-09-20", "role": "focus", "color": "#e8b040"}}, {"type": "Feature", "geometry": {"type": "Polygon", "coordinates": [[[-130.3865, 56.6265], [-130.3865, 56.6464], [-130.4191, 56.6464], [-130.4191, 56.6246], [-130.3865, 56.6246], [-130.3865, 56.6265]]]}, "properties": {"company_id": "eskay-mining", "jurisdiction": "British Columbia", "claim_id": 253147, "claim_name": "AFTOM #9", "holder": "ESKAY MINING CORP.", "status": "Mineral", "recorded_date": "6218208000", "anniversary_or_expiry": "2034-12-31", "area_ha": 500, "tenure_type": "Mineral", "source": "BC MTA Mineral, Placer and Coal Tenure Spatial View (BCGW). Open Government Licence - British Columbia. Not legal title.", "as_of": "2026-09-20", "role": "focus", "color": "#e8b040"}}, {"type": "Feature", "geometry": {"type": "Polygon", "coordinates": [[[-130.3638, 56.6693], [-130.3855, 56.6693], [-130.3855, 56.6648], [-130.3882, 56.6648], [-130.3881, 56.6471], [-130.3638, 56.6468], [-130.3638, 56.6693]]]}, "properties": {"company_id": "eskay-mining", "jurisdiction": "British Columbia", "claim_id": 253152, "claim_name": "AFTOM #14", "holder": "ESKAY MINING CORP.", "status": "Mineral", "recorded_date": "6216480000", "anniversary_or_expiry": "2034-12-31", "area_ha": 500, "tenure_type": "Mineral", "source": "BC MTA Mineral, Placer and Coal Tenure Spatial View (BCGW). Open Government Licence - British Columbia. Not legal title.", "as_of": "2026-09-20", "role": "focus", "color": "#e8b040"}}, {"type": "Feature", "geometry": {"type": "Polygon", "coordinates": [[[-130.3614, 56.6693], [-130.3638, 56.6693], [-130.3638, 56.6468], [-130.3312, 56.6468], [-130.3312, 56.6693], [-130.3614, 56.6693]]]}, "properties": {"company_id": "eskay-mining", "jurisdiction": "British Columbia", "claim_id": 253153, "claim_name": "AFTOM #15", "holder": "ESKAY MINING CORP.", "status": "Mineral", "recorded_date": "6216480000", "anniversary_or_expiry": "2034-12-31", "area_ha": 500, "tenure_type": "Mineral", "source": "BC MTA Mineral, Placer and Coal Tenure Spatial View (BCGW). Open Government Licence - British Columbia. Not legal title.", "as_of": "2026-09-20", "role": "focus", "color": "#e8b040"}}, {"type": "Feature", "geometry": {"type": "Polygon", "coordinates": [[[-130.3701, 56.6468], [-130.3865, 56.6464], [-130.3864, 56.6265], [-130.3835, 56.6265], [-130.3835, 56.6144], [-130.3701, 56.6144], [-130.3701, 56.6181], [-130.372, 56.6181], [-130.372, 56.645], [-130.3701, 56.645], [-130.3701, 56.6468]]]}, "properties": {"company_id": "eskay-mining", "jurisdiction": "British Columbia", "claim_id": 253154, "claim_name": "AFTOM #16", "holder": "ESKAY MINING CORP.", "status": "Mineral", "recorded_date": "6220800000", "anniversary_or_expiry": "2034-12-31", "area_ha": 400, "tenure_type": "Mineral", "source": "BC MTA Mineral, Placer and Coal Tenure Spatial View (BCGW). Open Government Licence - British Columbia. Not legal title.", "as_of": "2026-09-20", "role": "focus", "color": "#e8b040"}}, {"type": "Feature", "geometry": {"type": "Polygon", "coordinates": [[[-130.416, 56.6246], [-130.4191, 56.6246], [-130.4191, 56.6265], [-130.4202, 56.6265], [-130.4202, 56.6244], [-130.4486, 56.6243], [-130.4486, 56.6086], [-130.416, 56.6086], [-130.416, 56.6246]]]}, "properties": {"company_id": "eskay-mining", "jurisdiction": "British Columbia", "claim_id": 253155, "claim_name": "AFTOM #18", "holder": "ESKAY MINING CORP.", "status": "Mineral", "recorded_date": "6219936000", "anniversary_or_expiry": "2034-12-31", "area_ha": 400, "tenure_type": "Mineral", "source": "BC MTA Mineral, Placer and Coal Tenure Spatial View (BCGW). Open Government Licence - British Columbia. Not legal title.", "as_of": "2026-09-20", "role": "focus", "color": "#e8b040"}}, {"type": "Feature", "geometry": {"type": "Polygon", "coordinates": [[[-130.416, 56.6086], [-130.4486, 56.6086], [-130.4486, 56.5861], [-130.4232, 56.5861], [-130.4233, 56.6044], [-130.4176, 56.6044], [-130.4176, 56.6061], [-130.416, 56.6061], [-130.416, 56.6086]]]}, "properties": {"company_id": "eskay-mining", "jurisdiction": "British Columbia", "claim_id": 253156, "claim_name": "AFTOM #19", "holder": "ESKAY MINING CORP.", "status": "Mineral", "recorded_date": "6219072000", "anniversary_or_expiry": "2034-12-31", "area_ha": 500, "tenure_type": "Mineral", "source": "BC MTA Mineral, Placer and Coal Tenure Spatial View (BCGW). Open Government Licence - British Columbia. Not legal title.", "as_of": "2026-09-20", "role": "focus", "color": "#e8b040"}}, {"type": "Feature", "geometry": {"type": "Polygon", "coordinates": [[[-130.4513, 56.6069], [-130.4513, 56.6129], [-130.4528, 56.6129], [-130.4526, 56.6063], [-130.4541, 56.6063], [-130.4541, 56.604], [-130.4838, 56.604], [-130.4838, 56.5905], [-130.4513, 56.5905], [-130.4513, 56.6069]]]}, "properties": {"company_id": "eskay-mining", "jurisdiction": "British Columbia", "claim_id": 253157, "claim_name": "AFTOM #20", "holder": "ESKAY MINING CORP.", "status": "Mineral", "recorded_date": "6219936000", "anniversary_or_expiry": "2034-12-31", "area_ha": 500, "tenure_type": "Mineral", "source": "BC MTA Mineral, Placer and Coal Tenure Spatial View (BCGW). Open Government Licence - British Columbia. Not legal title.", "as_of": "2026-09-20", "role": "focus", "color": "#e8b040"}}, {"type": "Feature", "geometry": {"type": "Polygon", "coordinates": [[[-130.5395, 56.5865], [-130.5451, 56.5865], [-130.5451, 56.582], [-130.5395, 56.582], [-130.5395, 56.5865]]]}, "properties": {"company_id": "eskay-mining", "jurisdiction": "British Columbia", "claim_id": 253176, "claim_name": "P-MAC #1", "holder": "ESKAY MINING CORP.", "status": "Mineral", "recorded_date": "6217344000", "anniversary_or_expiry": "2034-12-31", "area_ha": 25, "tenure_type": "Mineral", "source": "BC MTA Mineral, Placer and Coal Tenure Spatial View (BCGW). Open Government Licence - British Columbia. Not legal title.", "as_of": "2026-09-20", "role": "focus", "color": "#e8b040"}}, {"type": "Feature", "geometry": {"type": "Polygon", "coordinates": [[[-130.5451, 56.5865], [-130.5491, 56.5865], [-130.5491, 56.582], [-130.5451, 56.582], [-130.5451, 56.5865]]]}, "properties": {"company_id": "eskay-mining", "jurisdiction": "British Columbia", "claim_id": 253177, "claim_name": "P-MAC #2", "holder": "ESKAY MINING CORP.", "status": "Mineral", "recorded_date": "6217344000", "anniversary_or_expiry": "2034-12-31", "area_ha": 25, "tenure_type": "Mineral", "source": "BC MTA Mineral, Placer and Coal Tenure Spatial View (BCGW). Open Government Licence - British Columbia. Not legal title.", "as_of": "2026-09-20", "role": "focus", "color": "#e8b040"}}, {"type": "Feature", "geometry": {"type": "Polygon", "coordinates": [[[-130.5395, 56.5955], [-130.5451, 56.5955], [-130.5451, 56.591], [-130.5395, 56.591], [-130.5395, 56.5955]]]}, "properties": {"company_id": "eskay-mining", "jurisdiction": "British Columbia", "claim_id": 253180, "claim_name": "P-MAC #5", "holder": "ESKAY MINING CORP.", "status": "Mineral", "recorded_date": "6217344000", "anniversary_or_expiry": "2034-12-31", "area_ha": 25, "tenure_type": "Mineral", "source": "BC MTA Mineral, Placer and Coal Tenure Spatial View (BCGW). Open Government Licence - British Columbia. Not legal title.", "as_of": "2026-09-20", "role": "focus", "color": "#e8b040"}}, {"type": "Feature", "geometry": {"type": "Polygon", "coordinates": [[[-130.5395, 56.6], [-130.5451, 56.6], [-130.5451, 56.5955], [-130.5395, 56.5955], [-130.5395, 56.6]]]}, "properties": {"company_id": "eskay-mining", "jurisdiction": "British Columbia", "claim_id": 253182, "claim_name": "P-MAC #7", "holder": "ESKAY MINING CORP.", "status": "Mineral", "recorded_date": "6217344000", "anniversary_or_expiry": "2034-12-31", "area_ha": 25, "tenure_type": "Mineral", "source": "BC MTA Mineral, Placer and Coal Tenure Spatial View (BCGW). Open Government Licence - British Columbia. Not legal title.", "as_of": "2026-09-20", "role": "focus", "color": "#e8b040"}}, {"type": "Feature", "geometry": {"type": "Polygon", "coordinates": [[[-130.5395, 56.6045], [-130.5451, 56.6045], [-130.5451, 56.6], [-130.5395, 56.6], [-130.5395, 56.6045]]]}, "properties": {"company_id": "eskay-mining", "jurisdiction": "British Columbia", "claim_id": 253184, "claim_name": "P-MAC #9", "holder": "ESKAY MINING CORP.", "status": "Mineral", "recorded_date": "6217344000", "anniversary_or_expiry": "2034-12-31", "area_ha": 25, "tenure_type": "Mineral", "source": "BC MTA Mineral, Placer and Coal Tenure Spatial View (BCGW). Open Government Licence - British Columbia. Not legal title.", "as_of": "2026-09-20", "role": "focus", "color": "#e8b040"}}, {"type": "Feature", "geometry": {"type": "Polygon", "coordinates": [[[-130.4176, 56.6], [-130.4176, 56.6044], [-130.4233, 56.6044], [-130.4233, 56.5882], [-130.4176, 56.5881], [-130.4176, 56.6]]]}, "properties": {"company_id": "eskay-mining", "jurisdiction": "British Columbia", "claim_id": 253240, "claim_name": "POLO 13", "holder": "ESKAY MINING CORP.", "status": "Mineral", "recorded_date": "6218208000", "anniversary_or_expiry": "2034-12-31", "area_ha": 125, "tenure_type": "Mineral", "source": "BC MTA Mineral, Placer and Coal Tenure Spatial View (BCGW). Open Government Licence - British Columbia. Not legal title.", "as_of": "2026-09-20", "role": "focus", "color": "#e8b040"}}, {"type": "Feature", "geometry": {"type": "Polygon", "coordinates": [[[-130.5169, 56.5859], [-130.5169, 56.6042], [-130.5395, 56.6042], [-130.5395, 56.582], [-130.5414, 56.5818], [-130.5169, 56.5818], [-130.5169, 56.5859]]]}, "properties": {"company_id": "eskay-mining", "jurisdiction": "British Columbia", "claim_id": 253295, "claim_name": "FRED 15", "holder": "ESKAY MINING CORP.", "status": "Mineral", "recorded_date": "6240672000", "anniversary_or_expiry": "2034-12-31", "area_ha": 375, "tenure_type": "Mineral", "source": "BC MTA Mineral, Placer and Coal Tenure Spatial View (BCGW). Open Government Licence - British Columbia. Not legal title.", "as_of": "2026-09-20", "role": "focus", "color": "#e8b040"}}, {"type": "Feature", "geometry": {"type": "Polygon", "coordinates": [[[-130.4926, 56.6062], [-130.4922, 56.6061], [-130.492, 56.6062], [-130.4926, 56.6062]]]}, "properties": {"company_id": "eskay-mining", "jurisdiction": "British Columbia", "claim_id": 252872, "claim_name": "SIB 27", "holder": "ESKAY MINING CORP.", "status": "Mineral", "recorded_date": "6150816000", "anniversary_or_expiry": "2032-12-31", "area_ha": 25, "tenure_type": "Mineral", "source": "BC MTA Mineral, Placer and Coal Tenure Spatial View (BCGW). Open Government Licence - British Columbia. Not legal title.", "as_of": "2026-09-20", "role": "focus", "color": "#e8b040"}}, {"type": "Feature", "geometry": {"type": "Polygon", "coordinates": [[[-130.4962, 56.601], [-130.5032, 56.6022], [-130.4963, 56.6008], [-130.4962, 56.601]]]}, "properties": {"company_id": "eskay-mining", "jurisdiction": "British Columbia", "claim_id": 252876, "claim_name": "SIB 31", "holder": "ESKAY MINING CORP.", "status": "Mineral", "recorded_date": "6150816000", "anniversary_or_expiry": "2034-12-31", "area_ha": 25, "tenure_type": "Mineral", "source": "BC MTA Mineral, Placer and Coal Tenure Spatial View (BCGW). Open Government Licence - British Columbia. Not legal title.", "as_of": "2026-09-20", "role": "focus", "color": "#e8b040"}}, {"type": "Feature", "geometry": {"type": "Polygon", "coordinates": [[[-130.4557, 56.5819], [-130.485, 56.5819], [-130.485, 56.5597], [-130.4557, 56.5597], [-130.4557, 56.5819]]]}, "properties": {"company_id": "eskay-mining", "jurisdiction": "British Columbia", "claim_id": 253015, "claim_name": "POLO 7", "holder": "ESKAY MINING CORP.", "status": "Mineral", "recorded_date": "6208704000", "anniversary_or_expiry": "2034-12-31", "area_ha": 500, "tenure_type": "Mineral", "source": "BC MTA Mineral, Placer and Coal Tenure Spatial View (BCGW). Open Government Licence - British Columbia. Not legal title.", "as_of": "2026-09-20", "role": "focus", "color": "#e8b040"}}, {"type": "Feature", "geometry": {"type": "Polygon", "coordinates": [[[-130.4232, 56.5605], [-130.4528, 56.5605], [-130.4528, 56.5819], [-130.4557, 56.5819], [-130.4557, 56.5597], [-130.4232, 56.5597], [-130.4232, 56.5605]]]}, "properties": {"company_id": "eskay-mining", "jurisdiction": "British Columbia", "claim_id": 253016, "claim_name": "POLO 8", "holder": "ESKAY MINING CORP.", "status": "Mineral", "recorded_date": "6208704000", "anniversary_or_expiry": "2034-12-31", "area_ha": 500, "tenure_type": "Mineral", "source": "BC MTA Mineral, Placer and Coal Tenure Spatial View (BCGW). Open Government Licence - British Columbia. Not legal title.", "as_of": "2026-09-20", "role": "focus", "color": "#e8b040"}}, {"type": "Feature", "geometry": {"type": "Polygon", "coordinates": [[[-130.4745, 56.6187], [-130.4777, 56.6198], [-130.4816, 56.6166], [-130.4754, 56.6143], [-130.4718, 56.6174], [-130.4745, 56.6187]]]}, "properties": {"company_id": "eskay-mining", "jurisdiction": "British Columbia", "claim_id": 255254, "claim_name": "S.I.B. #1", "holder": "ESKAY MINING CORP.", "status": "Mineral", "recorded_date": "7611840000", "anniversary_or_expiry": "2034-12-31", "area_ha": 25, "tenure_type": "Mineral", "source": "BC MTA Mineral, Placer and Coal Tenure Spatial View (BCGW). Open Government Licence - British Columbia. Not legal title.", "as_of": "2026-09-20", "role": "focus", "color": "#e8b040"}}, {"type": "Feature", "geometry": {"type": "Polygon", "coordinates": [[[-130.4777, 56.6198], [-130.4839, 56.6221], [-130.4878, 56.6189], [-130.4816, 56.6166], [-130.4777, 56.6198]]]}, "properties": {"company_id": "eskay-mining", "jurisdiction": "British Columbia", "claim_id": 255255, "claim_name": "S.I.B. #2", "holder": "ESKAY MINING CORP.", "status": "Mineral", "recorded_date": "7611840000", "anniversary_or_expiry": "2034-12-31", "area_ha": 25, "tenure_type": "Mineral", "source": "BC MTA Mineral, Placer and Coal Tenure Spatial View (BCGW). Open Government Licence - British Columbia. Not legal title.", "as_of": "2026-09-20", "role": "focus", "color": "#e8b040"}}, {"type": "Feature", "geometry": {"type": "Polygon", "coordinates": [[[-130.4754, 56.6143], [-130.4816, 56.6166], [-130.4853, 56.6131], [-130.4789, 56.611], [-130.4754, 56.6143]]]}, "properties": {"company_id": "eskay-mining", "jurisdiction": "British Columbia", "claim_id": 255256, "claim_name": "S.I.B. #3", "holder": "ESKAY MINING CORP.", "status": "Mineral", "recorded_date": "3916512000", "anniversary_or_expiry": "2034-12-31", "area_ha": 25, "tenure_type": "Mineral", "source": "BC MTA Mineral, Placer and Coal Tenure Spatial View (BCGW). Open Government Licence - British Columbia. Not legal title.", "as_of": "2026-09-20", "role": "focus", "color": "#e8b040"}}, {"type": "Feature", "geometry": {"type": "Polygon", "coordinates": [[[-130.4853, 56.6178], [-130.4881, 56.6187], [-130.4918, 56.6151], [-130.4853, 56.6131], [-130.4816, 56.6166], [-130.4853, 56.6178]]]}, "properties": {"company_id": "eskay-mining", "jurisdiction": "British Columbia", "claim_id": 255257, "claim_name": "S.I.B. #4", "holder": "ESKAY MINING CORP.", "status": "Mineral", "recorded_date": "7611840000", "anniversary_or_expiry": "2034-12-31", "area_ha": 25, "tenure_type": "Mineral", "source": "BC MTA Mineral, Placer and Coal Tenure Spatial View (BCGW). Open Government Licence - British Columbia. Not legal title.", "as_of": "2026-09-20", "role": "focus", "color": "#e8b040"}}, {"type": "Feature", "geometry": {"type": "Polygon", "coordinates": [[[-130.4067, 56.544], [-130.4082, 56.5441], [-130.4082, 56.5477], [-130.42, 56.5477], [-130.42, 56.5376], [-130.4296, 56.5376], [-130.4296, 56.5269], [-130.4067, 56.5269], [-130.4067, 56.544]]]}, "properties": {"company_id": "eskay-mining", "jurisdiction": "British Columbia", "claim_id": 301766, "claim_name": "GINGER 1", "holder": "ESKAY MINING CORP.", "status": "Mineral", "recorded_date": "6778944000", "anniversary_or_expiry": "2034-12-31", "area_ha": 500, "tenure_type": "Mineral", "source": "BC MTA Mineral, Placer and Coal Tenure Spatial View (BCGW). Open Government Licence - British Columbia. Not legal title.", "as_of": "2026-09-20", "role": "focus", "color": "#e8b040"}}, {"type": "Feature", "geometry": {"type": "Polygon", "coordinates": [[[-130.4066, 56.5168], [-130.4067, 56.5269], [-130.4296, 56.5269], [-130.4296, 56.5196], [-130.4234, 56.5196], [-130.4234, 56.5093], [-130.4066, 56.5093], [-130.4066, 56.5168]]]}, "properties": {"company_id": "eskay-mining", "jurisdiction": "British Columbia", "claim_id": 301767, "claim_name": "GINGER 2", "holder": "ESKAY MINING CORP.", "status": "Mineral", "recorded_date": "6778944000", "anniversary_or_expiry": "2034-12-31", "area_ha": 500, "tenure_type": "Mineral", "source": "BC MTA Mineral, Placer and Coal Tenure Spatial View (BCGW). Open Government Licence - British Columbia. Not legal title.", "as_of": "2026-09-20", "role": "focus", "color": "#e8b040"}}, {"type": "Feature", "geometry": {"type": "Polygon", "coordinates": [[[-130.4814, 56.5904], [-130.4838, 56.5905], [-130.4838, 56.5926], [-130.4896, 56.5926], [-130.4895, 56.5881], [-130.4813, 56.5881], [-130.4814, 56.5904]]]}, "properties": {"company_id": "eskay-mining", "jurisdiction": "British Columbia", "claim_id": 304070, "claim_name": "RAMBO 1", "holder": "ESKAY MINING CORP.", "status": "Mineral", "recorded_date": "6843744000", "anniversary_or_expiry": "2034-12-31", "area_ha": 25, "tenure_type": "Mineral", "source": "BC MTA Mineral, Placer and Coal Tenure Spatial View (BCGW). Open Government Licence - British Columbia. Not legal title.", "as_of": "2026-09-20", "role": "focus", "color": "#e8b040"}}, {"type": "Feature", "geometry": {"type": "Polygon", "coordinates": [[[-130.4813, 56.5881], [-130.4895, 56.5881], [-130.4894, 56.5836], [-130.4812, 56.5837], [-130.4813, 56.5881]]]}, "properties": {"company_id": "eskay-mining", "jurisdiction": "British Columbia", "claim_id": 304072, "claim_name": "RAMBO 3", "holder": "ESKAY MINING CORP.", "status": "Mineral", "recorded_date": "6843744000", "anniversary_or_expiry": "2034-12-31", "area_ha": 25, "tenure_type": "Mineral", "source": "BC MTA Mineral, Placer and Coal Tenure Spatial View (BCGW). Open Government Licence - British Columbia. Not legal title.", "as_of": "2026-09-20", "role": "focus", "color": "#e8b040"}}, {"type": "Feature", "geometry": {"type": "Polygon", "coordinates": [[[-130.4812, 56.582], [-130.4812, 56.5837], [-130.4894, 56.5836], [-130.4893, 56.5821], [-130.4812, 56.582]]]}, "properties": {"company_id": "eskay-mining", "jurisdiction": "British Columbia", "claim_id": 304074, "claim_name": "RAMBO 5", "holder": "ESKAY MINING CORP.", "status": "Mineral", "recorded_date": "6843744000", "anniversary_or_expiry": "2034-12-31", "area_ha": 25, "tenure_type": "Mineral", "source": "BC MTA Mineral, Placer and Coal Tenure Spatial View (BCGW). Open Government Licence - British Columbia. Not legal title.", "as_of": "2026-09-20", "role": "focus", "color": "#e8b040"}}, {"type": "Feature", "geometry": {"type": "Polygon", "coordinates": [[[-130.4753, 56.5904], [-130.4814, 56.5904], [-130.4813, 56.5859], [-130.4753, 56.5859], [-130.4753, 56.5904]]]}, "properties": {"company_id": "eskay-mining", "jurisdiction": "British Columbia", "claim_id": 305317, "claim_name": "FOG 1", "holder": "ESKAY MINING CORP.", "status": "Mineral", "recorded_date": "6866208000", "anniversary_or_expiry": "2034-12-31", "area_ha": 25, "tenure_type": "Mineral", "source": "BC MTA Mineral, Placer and Coal Tenure Spatial View (BCGW). Open Government Licence - British Columbia. Not legal title.", "as_of": "2026-09-20", "role": "focus", "color": "#e8b040"}}, {"type": "Feature", "geometry": {"type": "Polygon", "coordinates": [[[-130.4753, 56.582], [-130.4753, 56.5859], [-130.4813, 56.5859], [-130.4812, 56.5819], [-130.4753, 56.582]]]}, "properties": {"company_id": "eskay-mining", "jurisdiction": "British Columbia", "claim_id": 305318, "claim_name": "FOG 2", "holder": "ESKAY MINING CORP.", "status": "Mineral", "recorded_date": "6866208000", "anniversary_or_expiry": "2034-12-31", "area_ha": 25, "tenure_type": "Mineral", "source": "BC MTA Mineral, Placer and Coal Tenure Spatial View (BCGW). Open Government Licence - British Columbia. Not legal title.", "as_of": "2026-09-20", "role": "focus", "color": "#e8b040"}}, {"type": "Feature", "geometry": {"type": "Polygon", "coordinates": [[[-130.4672, 56.5904], [-130.4753, 56.5904], [-130.4753, 56.5859], [-130.4672, 56.5859], [-130.4672, 56.5904]]]}, "properties": {"company_id": "eskay-mining", "jurisdiction": "British Columbia", "claim_id": 305319, "claim_name": "FOG 3", "holder": "ESKAY MINING CORP.", "status": "Mineral", "recorded_date": "6866208000", "anniversary_or_expiry": "2034-12-31", "area_ha": 25, "tenure_type": "Mineral", "source": "BC MTA Mineral, Placer and Coal Tenure Spatial View (BCGW). Open Government Licence - British Columbia. Not legal title.", "as_of": "2026-09-20", "role": "focus", "color": "#e8b040"}}, {"type": "Feature", "geometry": {"type": "Polygon", "coordinates": [[[-130.4672, 56.582], [-130.4672, 56.5859], [-130.4753, 56.5859], [-130.4753, 56.5819], [-130.4672, 56.582]]]}, "properties": {"company_id": "eskay-mining", "jurisdiction": "British Columbia", "claim_id": 305320, "claim_name": "FOG 4", "holder": "ESKAY MINING CORP.", "status": "Mineral", "recorded_date": "6866208000", "anniversary_or_expiry": "2034-12-31", "area_ha": 25, "tenure_type": "Mineral", "source": "BC MTA Mineral, Placer and Coal Tenure Spatial View (BCGW). Open Government Licence - British Columbia. Not legal title.", "as_of": "2026-09-20", "role": "focus", "color": "#e8b040"}}, {"type": "Feature", "geometry": {"type": "Polygon", "coordinates": [[[-130.4618, 56.5904], [-130.4672, 56.5904], [-130.4672, 56.5859], [-130.4618, 56.5859], [-130.4618, 56.5904]]]}, "properties": {"company_id": "eskay-mining", "jurisdiction": "British Columbia", "claim_id": 305321, "claim_name": "FOG 5", "holder": "ESKAY MINING CORP.", "status": "Mineral", "recorded_date": "6866208000", "anniversary_or_expiry": "2034-12-31", "area_ha": 25, "tenure_type": "Mineral", "source": "BC MTA Mineral, Placer and Coal Tenure Spatial View (BCGW). Open Government Licence - British Columbia. Not legal title.", "as_of": "2026-09-20", "role": "focus", "color": "#e8b040"}}, {"type": "Feature", "geometry": {"type": "Polygon", "coordinates": [[[-130.459, 56.5832], [-130.4618, 56.5832], [-130.4618, 56.5859], [-130.4672, 56.5859], [-130.4672, 56.5819], [-130.459, 56.5819], [-130.459, 56.5832]]]}, "properties": {"company_id": "eskay-mining", "jurisdiction": "British Columbia", "claim_id": 305322, "claim_name": "FOG 6", "holder": "ESKAY MINING CORP.", "status": "Mineral", "recorded_date": "6866208000", "anniversary_or_expiry": "2034-12-31", "area_ha": 25, "tenure_type": "Mineral", "source": "BC MTA Mineral, Placer and Coal Tenure Spatial View (BCGW). Open Government Licence - British Columbia. Not legal title.", "as_of": "2026-09-20", "role": "focus", "color": "#e8b040"}}, {"type": "Feature", "geometry": {"type": "Polygon", "coordinates": [[[-130.4859, 56.4841], [-130.4961, 56.4841], [-130.4961, 56.4835], [-130.4311, 56.4835], [-130.4311, 56.4841], [-130.4859, 56.4841]]]}, "properties": {"company_id": "eskay-mining", "jurisdiction": "British Columbia", "claim_id": 308909, "claim_name": "DEL-1", "holder": "ESKAY MINING CORP.", "status": "Mineral", "recorded_date": "7033824000", "anniversary_or_expiry": "2034-12-31", "area_ha": 200, "tenure_type": "Mineral", "source": "BC MTA Mineral, Placer and Coal Tenure Spatial View (BCGW). Open Government Licence - British Columbia. Not legal title.", "as_of": "2026-09-20", "role": "focus", "color": "#e8b040"}}, {"type": "Feature", "geometry": {"type": "MultiPolygon", "coordinates": [[[[-130.5138, 56.6], [-130.5138, 56.6042], [-130.5169, 56.6042], [-130.5169, 56.5859], [-130.5138, 56.5859], [-130.5138, 56.6]]], [[[-130.5195, 56.6061], [-130.5207, 56.6061], [-130.5207, 56.6049], [-130.5464, 56.6045], [-130.5196, 56.6042], [-130.5195, 56.6061]]]]}, "properties": {"company_id": "eskay-mining", "jurisdiction": "British Columbia", "claim_id": 306723, "claim_name": "NOOT 1", "holder": "ESKAY MINING CORP.", "status": "Mineral", "recorded_date": "6913728000", "anniversary_or_expiry": "2034-12-31", "area_ha": 500, "tenure_type": "Mineral", "source": "BC MTA Mineral, Placer and Coal Tenure Spatial View (BCGW). Open Government Licence - British Columbia. Not legal title.", "as_of": "2026-09-20", "role": "focus", "color": "#e8b040"}}, {"type": "Feature", "geometry": {"type": "MultiPolygon", "coordinates": [[[[-130.5032, 56.6023], [-130.5021, 56.6042], [-130.5138, 56.6042], [-130.5138, 56.5859], [-130.5101, 56.5859], [-130.51, 56.5865], [-130.511, 56.5865], [-130.511, 56.5881], [-130.509, 56.5884], [-130.511, 56.5887], [-130.5074, 56.5962], [-130.5032, 56.6023]]], [[[-130.4838, 56.6], [-130.4838, 56.604], [-130.4859, 56.604], [-130.492, 56.5956], [-130.4933, 56.5926], [-130.4838, 56.5926], [-130.4838, 56.6]]]]}, "properties": {"company_id": "eskay-mining", "jurisdiction": "British Columbia", "claim_id": 306724, "claim_name": "NOOT 2", "holder": "ESKAY MINING CORP.", "status": "Mineral", "recorded_date": "6913728000", "anniversary_or_expiry": "2034-12-31", "area_ha": 500, "tenure_type": "Mineral", "source": "BC MTA Mineral, Placer and Coal Tenure Spatial View (BCGW). Open Government Licence - British Columbia. Not legal title.", "as_of": "2026-09-20", "role": "focus", "color": "#e8b040"}}, {"type": "Feature", "geometry": {"type": "Polygon", "coordinates": [[[-130.5138, 56.5859], [-130.5169, 56.5859], [-130.5169, 56.5818], [-130.5463, 56.582], [-130.5463, 56.564], [-130.5138, 56.564], [-130.5138, 56.5859]]]}, "properties": {"company_id": "eskay-mining", "jurisdiction": "British Columbia", "claim_id": 306725, "claim_name": "NOOT 3", "holder": "ESKAY MINING CORP.", "status": "Mineral", "recorded_date": "6913728000", "anniversary_or_expiry": "2034-12-31", "area_ha": 500, "tenure_type": "Mineral", "source": "BC MTA Mineral, Placer and Coal Tenure Spatial View (BCGW). Open Government Licence - British Columbia. Not legal title.", "as_of": "2026-09-20", "role": "focus", "color": "#e8b040"}}, {"type": "Feature", "geometry": {"type": "Polygon", "coordinates": [[[-130.252, 56.669], [-130.2761, 56.669], [-130.2761, 56.6513], [-130.2623, 56.6513], [-130.2623, 56.6534], [-130.2382, 56.6538], [-130.2382, 56.6544], [-130.252, 56.6544], [-130.252, 56.669]]]}, "properties": {"company_id": "eskay-mining", "jurisdiction": "British Columbia", "claim_id": 313285, "claim_name": "CALVIN", "holder": "ESKAY MINING CORP.", "status": "Mineral", "recorded_date": "7166880000", "anniversary_or_expiry": "2034-12-31", "area_ha": 500, "tenure_type": "Mineral", "source": "BC MTA Mineral, Placer and Coal Tenure Spatial View (BCGW). Open Government Licence - British Columbia. Not legal title.", "as_of": "2026-09-20", "role": "focus", "color": "#e8b040"}}, {"type": "Feature", "geometry": {"type": "Polygon", "coordinates": [[[-130.4456, 56.5838], [-130.4456, 56.5832], [-130.4515, 56.5832], [-130.4515, 56.5695], [-130.4446, 56.5695], [-130.4446, 56.5613], [-130.4202, 56.5613], [-130.4202, 56.5829], [-130.4232, 56.5829], [-130.4232, 56.5838], [-130.4456, 56.5838]]]}, "properties": {"company_id": "eskay-mining", "jurisdiction": "British Columbia", "claim_id": 367934, "claim_name": "PUD 1", "holder": "ESKAY MINING CORP.", "status": "Mineral", "recorded_date": "9199008000", "anniversary_or_expiry": "2034-12-31", "area_ha": 500, "tenure_type": "Mineral", "source": "BC MTA Mineral, Placer and Coal Tenure Spatial View (BCGW). Open Government Licence - British Columbia. Not legal title.", "as_of": "2026-09-20", "role": "focus", "color": "#e8b040"}}, {"type": "Feature", "geometry": {"type": "Polygon", "coordinates": [[[-130.4233, 56.5861], [-130.4456, 56.5861], [-130.4456, 56.5838], [-130.4232, 56.5838], [-130.4233, 56.5861]]]}, "properties": {"company_id": "eskay-mining", "jurisdiction": "British Columbia", "claim_id": 367935, "claim_name": "PUD 2", "holder": "ESKAY MINING CORP.", "status": "Mineral", "recorded_date": "9199008000", "anniversary_or_expiry": "2034-12-31", "area_ha": 100, "tenure_type": "Mineral", "source": "BC MTA Mineral, Placer and Coal Tenure Spatial View (BCGW). Open Government Licence - British Columbia. Not legal title.", "as_of": "2026-09-20", "role": "focus", "color": "#e8b040"}}, {"type": "Feature", "geometry": {"type": "Polygon", "coordinates": [[[-130.4446, 56.5613], [-130.4446, 56.565], [-130.4528, 56.565], [-130.4528, 56.5605], [-130.4446, 56.5605], [-130.4446, 56.5613]]]}, "properties": {"company_id": "eskay-mining", "jurisdiction": "British Columbia", "claim_id": 367943, "claim_name": "MEGAN 1", "holder": "ESKAY MINING CORP.", "status": "Mineral", "recorded_date": "9199008000", "anniversary_or_expiry": "2034-12-31", "area_ha": 25, "tenure_type": "Mineral", "source": "BC MTA Mineral, Placer and Coal Tenure Spatial View (BCGW). Open Government Licence - British Columbia. Not legal title.", "as_of": "2026-09-20", "role": "focus", "color": "#e8b040"}}, {"type": "Feature", "geometry": {"type": "Polygon", "coordinates": [[[-130.4446, 56.5695], [-130.4528, 56.5695], [-130.4528, 56.565], [-130.4446, 56.565], [-130.4446, 56.5695]]]}, "properties": {"company_id": "eskay-mining", "jurisdiction": "British Columbia", "claim_id": 367944, "claim_name": "MEGAN 2", "holder": "ESKAY MINING CORP.", "status": "Mineral", "recorded_date": "9199008000", "anniversary_or_expiry": "2034-12-31", "area_ha": 25, "tenure_type": "Mineral", "source": "BC MTA Mineral, Placer and Coal Tenure Spatial View (BCGW). Open Government Licence - British Columbia. Not legal title.", "as_of": "2026-09-20", "role": "focus", "color": "#e8b040"}}, {"type": "Feature", "geometry": {"type": "Polygon", "coordinates": [[[-130.485, 56.5597], [-130.4932, 56.5597], [-130.4931, 56.5376], [-130.485, 56.5376], [-130.485, 56.5597]]]}, "properties": {"company_id": "eskay-mining", "jurisdiction": "British Columbia", "claim_id": 373867, "claim_name": "STO 2", "holder": "ESKAY MINING CORP.", "status": "Mineral", "recorded_date": "9452160000", "anniversary_or_expiry": "2034-12-31", "area_ha": 125, "tenure_type": "Mineral", "source": "BC MTA Mineral, Placer and Coal Tenure Spatial View (BCGW). Open Government Licence - British Columbia. Not legal title.", "as_of": "2026-09-20", "role": "focus", "color": "#e8b040"}}, {"type": "Feature", "geometry": {"type": "Polygon", "coordinates": [[[-130.4965, 56.5286], [-130.4965, 56.5264], [-130.4326, 56.5264], [-130.4326, 56.5353], [-130.4965, 56.5354], [-130.4965, 56.5286]]]}, "properties": {"company_id": "eskay-mining", "jurisdiction": "British Columbia", "claim_id": 384019, "claim_name": "JOHN 1", "holder": "ESKAY MINING CORP.", "status": "Mineral", "recorded_date": "9819360000", "anniversary_or_expiry": "2034-12-31", "area_ha": 400, "tenure_type": "Mineral", "source": "BC MTA Mineral, Placer and Coal Tenure Spatial View (BCGW). Open Government Licence - British Columbia. Not legal title.", "as_of": "2026-09-20", "role": "focus", "color": "#e8b040"}}, {"type": "Feature", "geometry": {"type": "MultiPolygon", "coordinates": [[[[-130.4326, 56.5264], [-130.4965, 56.5264], [-130.4965, 56.5196], [-130.4326, 56.5196], [-130.4326, 56.5264]]], [[[-130.4965, 56.5196], [-130.4976, 56.5196], [-130.4976, 56.5196], [-130.4965, 56.5196]]]]}, "properties": {"company_id": "eskay-mining", "jurisdiction": "British Columbia", "claim_id": 384020, "claim_name": "JOHN 2", "holder": "ESKAY MINING CORP.", "status": "Mineral", "recorded_date": "9819360000", "anniversary_or_expiry": "2034-12-31", "area_ha": 400, "tenure_type": "Mineral", "source": "BC MTA Mineral, Placer and Coal Tenure Spatial View (BCGW). Open Government Licence - British Columbia. Not legal title.", "as_of": "2026-09-20", "role": "focus", "color": "#e8b040"}}, {"type": "Feature", "geometry": {"type": "Polygon", "coordinates": [[[-130.2478, 56.662], [-130.2502, 56.662], [-130.2502, 56.6544], [-130.2382, 56.6544], [-130.2382, 56.6538], [-130.2502, 56.6538], [-130.2502, 56.6396], [-130.2176, 56.6396], [-130.2176, 56.662], [-130.2478, 56.662]]]}, "properties": {"company_id": "eskay-mining", "jurisdiction": "British Columbia", "claim_id": 387231, "claim_name": "IRVING 1", "holder": "ESKAY MINING CORP.", "status": "Mineral", "recorded_date": "9916128000", "anniversary_or_expiry": "2034-12-31", "area_ha": 500, "tenure_type": "Mineral", "source": "BC MTA Mineral, Placer and Coal Tenure Spatial View (BCGW). Open Government Licence - British Columbia. Not legal title.", "as_of": "2026-09-20", "role": "focus", "color": "#e8b040"}}, {"type": "Feature", "geometry": {"type": "Polygon", "coordinates": [[[-130.2176, 56.6396], [-130.2502, 56.6396], [-130.2502, 56.6171], [-130.2176, 56.6171], [-130.2176, 56.6396]]]}, "properties": {"company_id": "eskay-mining", "jurisdiction": "British Columbia", "claim_id": 387233, "claim_name": "IRVING 3", "holder": "ESKAY MINING CORP.", "status": "Mineral", "recorded_date": "9916128000", "anniversary_or_expiry": "2034-12-31", "area_ha": 500, "tenure_type": "Mineral", "source": "BC MTA Mineral, Placer and Coal Tenure Spatial View (BCGW). Open Government Licence - British Columbia. Not legal title.", "as_of": "2026-09-20", "role": "focus", "color": "#e8b040"}}, {"type": "Feature", "geometry": {"type": "Polygon", "coordinates": [[[-130.3049, 56.669], [-130.3312, 56.669], [-130.3312, 56.6468], [-130.3373, 56.6465], [-130.3047, 56.6465], [-130.3049, 56.669]]]}, "properties": {"company_id": "eskay-mining", "jurisdiction": "British Columbia", "claim_id": 387237, "claim_name": "BELL 1", "holder": "ESKAY MINING CORP.", "status": "Mineral", "recorded_date": "9916128000", "anniversary_or_expiry": "2034-12-31", "area_ha": 500, "tenure_type": "Mineral", "source": "BC MTA Mineral, Placer and Coal Tenure Spatial View (BCGW). Open Government Licence - British Columbia. Not legal title.", "as_of": "2026-09-20", "role": "focus", "color": "#e8b040"}}, {"type": "Feature", "geometry": {"type": "Polygon", "coordinates": [[[-130.2761, 56.669], [-130.3047, 56.669], [-130.3047, 56.6465], [-130.2721, 56.6465], [-130.2721, 56.6513], [-130.2761, 56.6513], [-130.2761, 56.669]]]}, "properties": {"company_id": "eskay-mining", "jurisdiction": "British Columbia", "claim_id": 387238, "claim_name": "BELL 2", "holder": "ESKAY MINING CORP.", "status": "Mineral", "recorded_date": "9916128000", "anniversary_or_expiry": "2034-12-31", "area_ha": 500, "tenure_type": "Mineral", "source": "BC MTA Mineral, Placer and Coal Tenure Spatial View (BCGW). Open Government Licence - British Columbia. Not legal title.", "as_of": "2026-09-20", "role": "focus", "color": "#e8b040"}}, {"type": "Feature", "geometry": {"type": "Polygon", "coordinates": [[[-130.3047, 56.6465], [-130.3292, 56.6465], [-130.3292, 56.645], [-130.3231, 56.645], [-130.3231, 56.6241], [-130.3047, 56.6241], [-130.3047, 56.6465]]]}, "properties": {"company_id": "eskay-mining", "jurisdiction": "British Columbia", "claim_id": 387239, "claim_name": "BELL 3", "holder": "ESKAY MINING CORP.", "status": "Mineral", "recorded_date": "9916128000", "anniversary_or_expiry": "2034-12-31", "area_ha": 375, "tenure_type": "Mineral", "source": "BC MTA Mineral, Placer and Coal Tenure Spatial View (BCGW). Open Government Licence - British Columbia. Not legal title.", "as_of": "2026-09-20", "role": "focus", "color": "#e8b040"}}, {"type": "Feature", "geometry": {"type": "Polygon", "coordinates": [[[-130.2721, 56.6465], [-130.3047, 56.6465], [-130.3047, 56.6241], [-130.2721, 56.6241], [-130.2721, 56.6465]]]}, "properties": {"company_id": "eskay-mining", "jurisdiction": "British Columbia", "claim_id": 387240, "claim_name": "BELL 4", "holder": "ESKAY MINING CORP.", "status": "Mineral", "recorded_date": "9916128000", "anniversary_or_expiry": "2034-12-31", "area_ha": 500, "tenure_type": "Mineral", "source": "BC MTA Mineral, Placer and Coal Tenure Spatial View (BCGW). Open Government Licence - British Columbia. Not legal title.", "as_of": "2026-09-20", "role": "focus", "color": "#e8b040"}}, {"type": "Feature", "geometry": {"type": "Polygon", "coordinates": [[[-130.3604, 56.6181], [-130.3701, 56.6181], [-130.3701, 56.6144], [-130.3878, 56.6144], [-130.3878, 56.6094], [-130.3604, 56.6094], [-130.3604, 56.6181]]]}, "properties": {"company_id": "eskay-mining", "jurisdiction": "British Columbia", "claim_id": 387241, "claim_name": "BELL 5", "holder": "ESKAY MINING CORP.", "status": "Mineral", "recorded_date": "9916128000", "anniversary_or_expiry": "2034-12-31", "area_ha": 200, "tenure_type": "Mineral", "source": "BC MTA Mineral, Placer and Coal Tenure Spatial View (BCGW). Open Government Licence - British Columbia. Not legal title.", "as_of": "2026-09-20", "role": "focus", "color": "#e8b040"}}, {"type": "Feature", "geometry": {"type": "Polygon", "coordinates": [[[-130.3231, 56.6184], [-130.3604, 56.6181], [-130.3604, 56.6094], [-130.3197, 56.6094], [-130.3197, 56.6184], [-130.3231, 56.6184]]]}, "properties": {"company_id": "eskay-mining", "jurisdiction": "British Columbia", "claim_id": 387245, "claim_name": "BELL 6", "holder": "ESKAY MINING CORP.", "status": "Mineral", "recorded_date": "9916128000", "anniversary_or_expiry": "2034-12-31", "area_ha": 250, "tenure_type": "Mineral", "source": "BC MTA Mineral, Placer and Coal Tenure Spatial View (BCGW). Open Government Licence - British Columbia. Not legal title.", "as_of": "2026-09-20", "role": "focus", "color": "#e8b040"}}, {"type": "Feature", "geometry": {"type": "Polygon", "coordinates": [[[-130.4, 56.6086], [-130.416, 56.6086], [-130.416, 56.6061], [-130.3604, 56.6057], [-130.3604, 56.6094], [-130.3878, 56.6094], [-130.3878, 56.6086], [-130.4, 56.6086]]]}, "properties": {"company_id": "eskay-mining", "jurisdiction": "British Columbia", "claim_id": 387248, "claim_name": "BELL 7", "holder": "ESKAY MINING CORP.", "status": "Mineral", "recorded_date": "9916128000", "anniversary_or_expiry": "2034-12-31", "area_ha": 175, "tenure_type": "Mineral", "source": "BC MTA Mineral, Placer and Coal Tenure Spatial View (BCGW). Open Government Licence - British Columbia. Not legal title.", "as_of": "2026-09-20", "role": "focus", "color": "#e8b040"}}, {"type": "Feature", "geometry": {"type": "Polygon", "coordinates": [[[-130.3197, 56.6094], [-130.3604, 56.6094], [-130.3604, 56.6057], [-130.3523, 56.6057], [-130.3523, 56.6049], [-130.3197, 56.6049], [-130.3197, 56.6094]]]}, "properties": {"company_id": "eskay-mining", "jurisdiction": "British Columbia", "claim_id": 387249, "claim_name": "BELL 8", "holder": "ESKAY MINING CORP.", "status": "Mineral", "recorded_date": "9916128000", "anniversary_or_expiry": "2034-12-31", "area_ha": 125, "tenure_type": "Mineral", "source": "BC MTA Mineral, Placer and Coal Tenure Spatial View (BCGW). Open Government Licence - British Columbia. Not legal title.", "as_of": "2026-09-20", "role": "focus", "color": "#e8b040"}}, {"type": "Feature", "geometry": {"type": "Polygon", "coordinates": [[[-130.5013, 56.5663], [-130.5067, 56.5663], [-130.5067, 56.564], [-130.5089, 56.564], [-130.5089, 56.5605], [-130.5013, 56.5605], [-130.5013, 56.5663]]]}, "properties": {"company_id": "eskay-mining", "jurisdiction": "British Columbia", "claim_id": 389463, "claim_name": "TOON 1", "holder": "ESKAY MINING CORP.", "status": "Mineral", "recorded_date": "2001-09-10", "anniversary_or_expiry": "2034-12-31", "area_ha": 50, "tenure_type": "Mineral", "source": "BC MTA Mineral, Placer and Coal Tenure Spatial View (BCGW). Open Government Licence - British Columbia. Not legal title.", "as_of": "2026-09-20", "role": "focus", "color": "#e8b040"}}, {"type": "Feature", "geometry": {"type": "Polygon", "coordinates": [[[-130.5463, 56.5691], [-130.5577, 56.5691], [-130.5577, 56.5601], [-130.5561, 56.5601], [-130.5561, 56.5605], [-130.5089, 56.5605], [-130.5089, 56.564], [-130.5463, 56.564], [-130.5463, 56.5691]]]}, "properties": {"company_id": "eskay-mining", "jurisdiction": "British Columbia", "claim_id": 389464, "claim_name": "TOON 2", "holder": "ESKAY MINING CORP.", "status": "Mineral", "recorded_date": "2001-09-10", "anniversary_or_expiry": "2034-12-31", "area_ha": 300, "tenure_type": "Mineral", "source": "BC MTA Mineral, Placer and Coal Tenure Spatial View (BCGW). Open Government Licence - British Columbia. Not legal title.", "as_of": "2026-09-20", "role": "focus", "color": "#e8b040"}}, {"type": "Feature", "geometry": {"type": "Polygon", "coordinates": [[[-130.5647, 56.5871], [-130.577, 56.5871], [-130.577, 56.5646], [-130.5577, 56.5646], [-130.5577, 56.5691], [-130.5463, 56.5691], [-130.5463, 56.582], [-130.5491, 56.582], [-130.5491, 56.5865], [-130.5533, 56.5865], [-130.5533, 56.5871], [-130.5647, 56.5871]]]}, "properties": {"company_id": "eskay-mining", "jurisdiction": "British Columbia", "claim_id": 390911, "claim_name": "HARRY 1", "holder": "ESKAY MINING CORP.", "status": "Mineral", "recorded_date": "2001-11-16", "anniversary_or_expiry": "2034-12-31", "area_ha": 500, "tenure_type": "Mineral", "source": "BC MTA Mineral, Placer and Coal Tenure Spatial View (BCGW). Open Government Licence - British Columbia. Not legal title.", "as_of": "2026-09-20", "role": "focus", "color": "#e8b040"}}, {"type": "Feature", "geometry": {"type": "Polygon", "coordinates": [[[-130.577, 56.5649], [-130.5796, 56.5649], [-130.5796, 56.5424], [-130.5561, 56.5424], [-130.5561, 56.5601], [-130.5577, 56.5601], [-130.5577, 56.5646], [-130.577, 56.5649]]]}, "properties": {"company_id": "eskay-mining", "jurisdiction": "British Columbia", "claim_id": 390912, "claim_name": "HARRY 2", "holder": "ESKAY MINING CORP.", "status": "Mineral", "recorded_date": "2001-11-16", "anniversary_or_expiry": "2034-12-31", "area_ha": 375, "tenure_type": "Mineral", "source": "BC MTA Mineral, Placer and Coal Tenure Spatial View (BCGW). Open Government Licence - British Columbia. Not legal title.", "as_of": "2026-09-20", "role": "focus", "color": "#e8b040"}}, {"type": "Feature", "geometry": {"type": "Polygon", "coordinates": [[[-130.5561, 56.5424], [-130.5791, 56.5424], [-130.5791, 56.5199], [-130.5466, 56.5199], [-130.5466, 56.5381], [-130.5561, 56.5381], [-130.5561, 56.5424]]]}, "properties": {"company_id": "eskay-mining", "jurisdiction": "British Columbia", "claim_id": 390913, "claim_name": "HARRY 3", "holder": "ESKAY MINING CORP.", "status": "Mineral", "recorded_date": "2001-11-16", "anniversary_or_expiry": "2034-12-31", "area_ha": 500, "tenure_type": "Mineral", "source": "BC MTA Mineral, Placer and Coal Tenure Spatial View (BCGW). Open Government Licence - British Columbia. Not legal title.", "as_of": "2026-09-20", "role": "focus", "color": "#e8b040"}}, {"type": "Feature", "geometry": {"type": "Polygon", "coordinates": [[[-130.3969, 56.5168], [-130.4066, 56.5168], [-130.4066, 56.5093], [-130.4234, 56.5093], [-130.4234, 56.5017], [-130.4255, 56.5017], [-130.4255, 56.4944], [-130.3969, 56.4944], [-130.3969, 56.5168]]]}, "properties": {"company_id": "eskay-mining", "jurisdiction": "British Columbia", "claim_id": 390914, "claim_name": "SC 1", "holder": "ESKAY MINING CORP.", "status": "Mineral", "recorded_date": "2001-11-16", "anniversary_or_expiry": "2034-12-31", "area_ha": 500, "tenure_type": "Mineral", "source": "BC MTA Mineral, Placer and Coal Tenure Spatial View (BCGW). Open Government Licence - British Columbia. Not legal title.", "as_of": "2026-09-20", "role": "focus", "color": "#e8b040"}}, {"type": "Feature", "geometry": {"type": "Polygon", "coordinates": [[[-130.3644, 56.4944], [-130.3644, 56.5168], [-130.3969, 56.5168], [-130.3969, 56.4944], [-130.3644, 56.4944]]]}, "properties": {"company_id": "eskay-mining", "jurisdiction": "British Columbia", "claim_id": 390915, "claim_name": "SC 2", "holder": "ESKAY MINING CORP.", "status": "Mineral", "recorded_date": "2001-11-16", "anniversary_or_expiry": "2034-12-31", "area_ha": 500, "tenure_type": "Mineral", "source": "BC MTA Mineral, Placer and Coal Tenure Spatial View (BCGW). Open Government Licence - British Columbia. Not legal title.", "as_of": "2026-09-20", "role": "focus", "color": "#e8b040"}}, {"type": "Feature", "geometry": {"type": "Polygon", "coordinates": [[[-130.3969, 56.4944], [-130.4255, 56.4944], [-130.4255, 56.4841], [-130.4294, 56.4841], [-130.4294, 56.4834], [-130.4255, 56.4835], [-130.4255, 56.4738], [-130.3969, 56.4738], [-130.3969, 56.4944]]]}, "properties": {"company_id": "eskay-mining", "jurisdiction": "British Columbia", "claim_id": 390916, "claim_name": "SC 3", "holder": "ESKAY MINING CORP.", "status": "Mineral", "recorded_date": "2001-11-16", "anniversary_or_expiry": "2034-12-31", "area_ha": 500, "tenure_type": "Mineral", "source": "BC MTA Mineral, Placer and Coal Tenure Spatial View (BCGW). Open Government Licence - British Columbia. Not legal title.", "as_of": "2026-09-20", "role": "focus", "color": "#e8b040"}}, {"type": "Feature", "geometry": {"type": "Polygon", "coordinates": [[[-130.3644, 56.4744], [-130.3644, 56.4944], [-130.3969, 56.4944], [-130.3969, 56.4738], [-130.3644, 56.4738], [-130.3644, 56.4744]]]}, "properties": {"company_id": "eskay-mining", "jurisdiction": "British Columbia", "claim_id": 390917, "claim_name": "SC 4", "holder": "ESKAY MINING CORP.", "status": "Mineral", "recorded_date": "2001-11-16", "anniversary_or_expiry": "2034-12-31", "area_ha": 500, "tenure_type": "Mineral", "source": "BC MTA Mineral, Placer and Coal Tenure Spatial View (BCGW). Open Government Licence - British Columbia. Not legal title.", "as_of": "2026-09-20", "role": "focus", "color": "#e8b040"}}, {"type": "Feature", "geometry": {"type": "Polygon", "coordinates": [[[-130.3528, 56.4515], [-130.3644, 56.4515], [-130.3645, 56.4291], [-130.3337, 56.4291], [-130.3337, 56.4515], [-130.3528, 56.4515]]]}, "properties": {"company_id": "eskay-mining", "jurisdiction": "British Columbia", "claim_id": 390918, "claim_name": "SC 5", "holder": "ESKAY MINING CORP.", "status": "Mineral", "recorded_date": "2001-11-16", "anniversary_or_expiry": "2034-12-31", "area_ha": 500, "tenure_type": "Mineral", "source": "BC MTA Mineral, Placer and Coal Tenure Spatial View (BCGW). Open Government Licence - British Columbia. Not legal title.", "as_of": "2026-09-20", "role": "focus", "color": "#e8b040"}}, {"type": "Feature", "geometry": {"type": "Polygon", "coordinates": [[[-130.3041, 56.4515], [-130.3337, 56.4515], [-130.3337, 56.4291], [-130.3013, 56.4291], [-130.3013, 56.4438], [-130.303, 56.4438], [-130.303, 56.4515], [-130.3041, 56.4515]]]}, "properties": {"company_id": "eskay-mining", "jurisdiction": "British Columbia", "claim_id": 390919, "claim_name": "SC 6", "holder": "ESKAY MINING CORP.", "status": "Mineral", "recorded_date": "2001-11-16", "anniversary_or_expiry": "2034-12-31", "area_ha": 500, "tenure_type": "Mineral", "source": "BC MTA Mineral, Placer and Coal Tenure Spatial View (BCGW). Open Government Licence - British Columbia. Not legal title.", "as_of": "2026-09-20", "role": "focus", "color": "#e8b040"}}, {"type": "Feature", "geometry": {"type": "Polygon", "coordinates": [[[-130.3337, 56.4291], [-130.3645, 56.4291], [-130.3645, 56.4066], [-130.3337, 56.4066], [-130.3337, 56.4291]]]}, "properties": {"company_id": "eskay-mining", "jurisdiction": "British Columbia", "claim_id": 390920, "claim_name": "SC 7", "holder": "ESKAY MINING CORP.", "status": "Mineral", "recorded_date": "2001-11-16", "anniversary_or_expiry": "2034-12-31", "area_ha": 500, "tenure_type": "Mineral", "source": "BC MTA Mineral, Placer and Coal Tenure Spatial View (BCGW). Open Government Licence - British Columbia. Not legal title.", "as_of": "2026-09-20", "role": "focus", "color": "#e8b040"}}, {"type": "Feature", "geometry": {"type": "Polygon", "coordinates": [[[-130.3013, 56.4291], [-130.3337, 56.4291], [-130.3337, 56.4066], [-130.3013, 56.4066], [-130.3013, 56.4291]]]}, "properties": {"company_id": "eskay-mining", "jurisdiction": "British Columbia", "claim_id": 390921, "claim_name": "SC 8", "holder": "ESKAY MINING CORP.", "status": "Mineral", "recorded_date": "2001-11-16", "anniversary_or_expiry": "2034-12-31", "area_ha": 500, "tenure_type": "Mineral", "source": "BC MTA Mineral, Placer and Coal Tenure Spatial View (BCGW). Open Government Licence - British Columbia. Not legal title.", "as_of": "2026-09-20", "role": "focus", "color": "#e8b040"}}, {"type": "Feature", "geometry": {"type": "Polygon", "coordinates": [[[-130.5434, 56.5235], [-130.5466, 56.5235], [-130.5466, 56.5199], [-130.5759, 56.5199], [-130.5759, 56.501], [-130.5671, 56.501], [-130.5671, 56.5019], [-130.5434, 56.5019], [-130.5434, 56.5235]]]}, "properties": {"company_id": "eskay-mining", "jurisdiction": "British Columbia", "claim_id": 392425, "claim_name": "HARRY 4", "holder": "ESKAY MINING CORP.", "status": "Mineral", "recorded_date": "2002-03-22", "anniversary_or_expiry": "2034-12-31", "area_ha": 500, "tenure_type": "Mineral", "source": "BC MTA Mineral, Placer and Coal Tenure Spatial View (BCGW). Open Government Licence - British Columbia. Not legal title.", "as_of": "2026-09-20", "role": "focus", "color": "#e8b040"}}, {"type": "Feature", "geometry": {"type": "Polygon", "coordinates": [[[-130.5434, 56.5376], [-130.5434, 56.5381], [-130.5466, 56.5381], [-130.5466, 56.5235], [-130.5434, 56.5235], [-130.5434, 56.5376]]]}, "properties": {"company_id": "eskay-mining", "jurisdiction": "British Columbia", "claim_id": 392426, "claim_name": "HARRY 5", "holder": "ESKAY MINING CORP.", "status": "Mineral", "recorded_date": "2002-03-22", "anniversary_or_expiry": "2034-12-31", "area_ha": 100, "tenure_type": "Mineral", "source": "BC MTA Mineral, Placer and Coal Tenure Spatial View (BCGW). Open Government Licence - British Columbia. Not legal title.", "as_of": "2026-09-20", "role": "focus", "color": "#e8b040"}}, {"type": "Feature", "geometry": {"type": "Polygon", "coordinates": [[[-130.5892, 56.64], [-130.5954, 56.64], [-130.5954, 56.6281], [-130.5891, 56.6281], [-130.5892, 56.64]]]}, "properties": {"company_id": "eskay-mining", "jurisdiction": "British Columbia", "claim_id": 392427, "claim_name": "KING 1", "holder": "ESKAY MINING CORP.", "status": "Mineral", "recorded_date": "2002-03-22", "anniversary_or_expiry": "2034-12-31", "area_ha": 75, "tenure_type": "Mineral", "source": "BC MTA Mineral, Placer and Coal Tenure Spatial View (BCGW). Open Government Licence - British Columbia. Not legal title.", "as_of": "2026-09-20", "role": "focus", "color": "#e8b040"}}, {"type": "Feature", "geometry": {"type": "Polygon", "coordinates": [[[-130.6054, 56.6265], [-130.6054, 56.5922], [-130.5891, 56.5922], [-130.5891, 56.6281], [-130.5954, 56.6281], [-130.5954, 56.6265], [-130.6054, 56.6265]]]}, "properties": {"company_id": "eskay-mining", "jurisdiction": "British Columbia", "claim_id": 392428, "claim_name": "KING 2", "holder": "ESKAY MINING CORP.", "status": "Mineral", "recorded_date": "2002-03-22", "anniversary_or_expiry": "2034-12-31", "area_ha": 400, "tenure_type": "Mineral", "source": "BC MTA Mineral, Placer and Coal Tenure Spatial View (BCGW). Open Government Licence - British Columbia. Not legal title.", "as_of": "2026-09-20", "role": "focus", "color": "#e8b040"}}, {"type": "Feature", "geometry": {"type": "Polygon", "coordinates": [[[-130.5654, 56.6149], [-130.5892, 56.6149], [-130.5891, 56.5922], [-130.5654, 56.5922], [-130.5654, 56.6149]]]}, "properties": {"company_id": "eskay-mining", "jurisdiction": "British Columbia", "claim_id": 392429, "claim_name": "KING 3", "holder": "ESKAY MINING CORP.", "status": "Mineral", "recorded_date": "2002-03-22", "anniversary_or_expiry": "2034-12-31", "area_ha": 450, "tenure_type": "Mineral", "source": "BC MTA Mineral, Placer and Coal Tenure Spatial View (BCGW). Open Government Licence - British Columbia. Not legal title.", "as_of": "2026-09-20", "role": "focus", "color": "#e8b040"}}, {"type": "Feature", "geometry": {"type": "Polygon", "coordinates": [[[-130.6054, 56.5933], [-130.6136, 56.5933], [-130.6135, 56.5663], [-130.5891, 56.5671], [-130.5891, 56.5922], [-130.6054, 56.5922], [-130.6054, 56.5933]]]}, "properties": {"company_id": "eskay-mining", "jurisdiction": "British Columbia", "claim_id": 392430, "claim_name": "KING 4", "holder": "ESKAY MINING CORP.", "status": "Mineral", "recorded_date": "2002-03-22", "anniversary_or_expiry": "2034-12-31", "area_ha": 450, "tenure_type": "Mineral", "source": "BC MTA Mineral, Placer and Coal Tenure Spatial View (BCGW). Open Government Licence - British Columbia. Not legal title.", "as_of": "2026-09-20", "role": "focus", "color": "#e8b040"}}, {"type": "Feature", "geometry": {"type": "Polygon", "coordinates": [[[-130.5654, 56.5922], [-130.5891, 56.5922], [-130.5891, 56.5671], [-130.577, 56.5671], [-130.577, 56.5871], [-130.5647, 56.5871], [-130.5647, 56.588], [-130.5654, 56.588], [-130.5654, 56.5922]]]}, "properties": {"company_id": "eskay-mining", "jurisdiction": "British Columbia", "claim_id": 392431, "claim_name": "KING 5", "holder": "ESKAY MINING CORP.", "status": "Mineral", "recorded_date": "2002-03-22", "anniversary_or_expiry": "2034-12-31", "area_ha": 450, "tenure_type": "Mineral", "source": "BC MTA Mineral, Placer and Coal Tenure Spatial View (BCGW). Open Government Licence - British Columbia. Not legal title.", "as_of": "2026-09-20", "role": "focus", "color": "#e8b040"}}, {"type": "Feature", "geometry": {"type": "Polygon", "coordinates": [[[-130.5891, 56.5671], [-130.6008, 56.5671], [-130.6008, 56.5491], [-130.5796, 56.5491], [-130.5796, 56.5649], [-130.577, 56.5649], [-130.577, 56.5671], [-130.5891, 56.5671]]]}, "properties": {"company_id": "eskay-mining", "jurisdiction": "British Columbia", "claim_id": 392432, "claim_name": "KING 6", "holder": "ESKAY MINING CORP.", "status": "Mineral", "recorded_date": "2002-03-22", "anniversary_or_expiry": "2034-12-31", "area_ha": 300, "tenure_type": "Mineral", "source": "BC MTA Mineral, Placer and Coal Tenure Spatial View (BCGW). Open Government Licence - British Columbia. Not legal title.", "as_of": "2026-09-20", "role": "focus", "color": "#e8b040"}}, {"type": "Feature", "geometry": {"type": "Polygon", "coordinates": [[[-130.6, 56.5222], [-130.5791, 56.5222], [-130.5796, 56.5491], [-130.6008, 56.5491], [-130.6008, 56.5222], [-130.6, 56.5222]]]}, "properties": {"company_id": "eskay-mining", "jurisdiction": "British Columbia", "claim_id": 392433, "claim_name": "KING 7", "holder": "ESKAY MINING CORP.", "status": "Mineral", "recorded_date": "2002-03-22", "anniversary_or_expiry": "2034-12-31", "area_ha": 450, "tenure_type": "Mineral", "source": "BC MTA Mineral, Placer and Coal Tenure Spatial View (BCGW). Open Government Licence - British Columbia. Not legal title.", "as_of": "2026-09-20", "role": "focus", "color": "#e8b040"}}, {"type": "Feature", "geometry": {"type": "Polygon", "coordinates": [[[-130.4348, 56.7121], [-130.482, 56.7121], [-130.482, 56.7041], [-130.4833, 56.7041], [-130.4833, 56.7], [-130.4475, 56.7], [-130.4475, 56.6986], [-130.443, 56.6986], [-130.443, 56.7055], [-130.4348, 56.7055], [-130.4348, 56.7121]]]}, "properties": {"company_id": "eskay-mining", "jurisdiction": "British Columbia", "claim_id": 392440, "claim_name": "VALCANO 1", "holder": "ESKAY MINING CORP.", "status": "Mineral", "recorded_date": "2002-03-22", "anniversary_or_expiry": "2034-12-31", "area_ha": 450, "tenure_type": "Mineral", "source": "BC MTA Mineral, Placer and Coal Tenure Spatial View (BCGW). Open Government Licence - British Columbia. Not legal title.", "as_of": "2026-09-20", "role": "focus", "color": "#e8b040"}}, {"type": "Feature", "geometry": {"type": "Polygon", "coordinates": [[[-130.482, 56.7311], [-130.4833, 56.7311], [-130.4833, 56.7261], [-130.5005, 56.7261], [-130.5006, 56.7074], [-130.4833, 56.7073], [-130.4833, 56.7041], [-130.482, 56.7041], [-130.482, 56.7311]]]}, "properties": {"company_id": "eskay-mining", "jurisdiction": "British Columbia", "claim_id": 392441, "claim_name": "VALCANO 2", "holder": "ESKAY MINING CORP.", "status": "Mineral", "recorded_date": "2002-03-22", "anniversary_or_expiry": "2034-12-31", "area_ha": 450, "tenure_type": "Mineral", "source": "BC MTA Mineral, Placer and Coal Tenure Spatial View (BCGW). Open Government Licence - British Columbia. Not legal title.", "as_of": "2026-09-20", "role": "focus", "color": "#e8b040"}}, {"type": "Feature", "geometry": {"type": "Polygon", "coordinates": [[[-130.4833, 56.7311], [-130.4833, 56.7351], [-130.5487, 56.7351], [-130.5487, 56.7285], [-130.5005, 56.729], [-130.5005, 56.7261], [-130.4833, 56.7261], [-130.4833, 56.7311]]]}, "properties": {"company_id": "eskay-mining", "jurisdiction": "British Columbia", "claim_id": 392442, "claim_name": "VALCANO 3", "holder": "ESKAY MINING CORP.", "status": "Mineral", "recorded_date": "2002-03-22", "anniversary_or_expiry": "2034-12-31", "area_ha": 400, "tenure_type": "Mineral", "source": "BC MTA Mineral, Placer and Coal Tenure Spatial View (BCGW). Open Government Licence - British Columbia. Not legal title.", "as_of": "2026-09-20", "role": "focus", "color": "#e8b040"}}, {"type": "Feature", "geometry": {"type": "Polygon", "coordinates": [[[-130.5487, 56.7351], [-130.5914, 56.7351], [-130.6141, 56.7324], [-130.6141, 56.7261], [-130.5969, 56.7261], [-130.5969, 56.7285], [-130.5487, 56.7285], [-130.5487, 56.7351]]]}, "properties": {"company_id": "eskay-mining", "jurisdiction": "British Columbia", "claim_id": 392443, "claim_name": "VALCANO 4", "holder": "ESKAY MINING CORP.", "status": "Mineral", "recorded_date": "2002-03-22", "anniversary_or_expiry": "2034-12-31", "area_ha": 400, "tenure_type": "Mineral", "source": "BC MTA Mineral, Placer and Coal Tenure Spatial View (BCGW). Open Government Licence - British Columbia. Not legal title.", "as_of": "2026-09-20", "role": "focus", "color": "#e8b040"}}, {"type": "Feature", "geometry": {"type": "Polygon", "coordinates": [[[-130.6141, 56.7261], [-130.6141, 56.7324], [-130.6191, 56.7318], [-130.6191, 56.7239], [-130.6209, 56.7239], [-130.6209, 56.7216], [-130.5969, 56.7216], [-130.5969, 56.7261], [-130.6141, 56.7261]]]}, "properties": {"company_id": "eskay-mining", "jurisdiction": "British Columbia", "claim_id": 392444, "claim_name": "VALCANO 5", "holder": "ESKAY MINING CORP.", "status": "Mineral", "recorded_date": "2002-03-23", "anniversary_or_expiry": "2034-12-31", "area_ha": 225, "tenure_type": "Mineral", "source": "BC MTA Mineral, Placer and Coal Tenure Spatial View (BCGW). Open Government Licence - British Columbia. Not legal title.", "as_of": "2026-09-20", "role": "focus", "color": "#e8b040"}}, {"type": "Feature", "geometry": {"type": "Polygon", "coordinates": [[[-130.6209, 56.7239], [-130.6408, 56.7239], [-130.6408, 56.7114], [-130.5969, 56.7114], [-130.5969, 56.7216], [-130.6209, 56.7216], [-130.6209, 56.7239]]]}, "properties": {"company_id": "eskay-mining", "jurisdiction": "British Columbia", "claim_id": 392445, "claim_name": "VALCANO 6", "holder": "ESKAY MINING CORP.", "status": "Mineral", "recorded_date": "2002-03-23", "anniversary_or_expiry": "2034-12-31", "area_ha": 450, "tenure_type": "Mineral", "source": "BC MTA Mineral, Placer and Coal Tenure Spatial View (BCGW). Open Government Licence - British Columbia. Not legal title.", "as_of": "2026-09-20", "role": "focus", "color": "#e8b040"}}, {"type": "Feature", "geometry": {"type": "Polygon", "coordinates": [[[-130.5969, 56.7114], [-130.6408, 56.7114], [-130.6408, 56.6979], [-130.5969, 56.6984], [-130.5969, 56.7114]]]}, "properties": {"company_id": "eskay-mining", "jurisdiction": "British Columbia", "claim_id": 392446, "claim_name": "VALCANO 7", "holder": "ESKAY MINING CORP.", "status": "Mineral", "recorded_date": "2002-03-23", "anniversary_or_expiry": "2034-12-31", "area_ha": 450, "tenure_type": "Mineral", "source": "BC MTA Mineral, Placer and Coal Tenure Spatial View (BCGW). Open Government Licence - British Columbia. Not legal title.", "as_of": "2026-09-20", "role": "focus", "color": "#e8b040"}}, {"type": "Feature", "geometry": {"type": "Polygon", "coordinates": [[[-130.5969, 56.6984], [-130.6118, 56.6984], [-130.6117, 56.6624], [-130.5954, 56.6625], [-130.5954, 56.6836], [-130.5969, 56.6836], [-130.5969, 56.6984]]]}, "properties": {"company_id": "eskay-mining", "jurisdiction": "British Columbia", "claim_id": 392447, "claim_name": "VALCANO 8", "holder": "ESKAY MINING CORP.", "status": "Mineral", "recorded_date": "2002-03-22", "anniversary_or_expiry": "2034-12-31", "area_ha": 400, "tenure_type": "Mineral", "source": "BC MTA Mineral, Placer and Coal Tenure Spatial View (BCGW). Open Government Licence - British Columbia. Not legal title.", "as_of": "2026-09-20", "role": "focus", "color": "#e8b040"}}, {"type": "Feature", "geometry": {"type": "Polygon", "coordinates": [[[-130.5954, 56.6625], [-130.6117, 56.6624], [-130.6117, 56.6265], [-130.5954, 56.6265], [-130.5954, 56.6625]]]}, "properties": {"company_id": "eskay-mining", "jurisdiction": "British Columbia", "claim_id": 392448, "claim_name": "VALCANO 9", "holder": "ESKAY MINING CORP.", "status": "Mineral", "recorded_date": "2002-03-22", "anniversary_or_expiry": "2034-12-31", "area_ha": 400, "tenure_type": "Mineral", "source": "BC MTA Mineral, Placer and Coal Tenure Spatial View (BCGW). Open Government Licence - British Columbia. Not legal title.", "as_of": "2026-09-20", "role": "focus", "color": "#e8b040"}}, {"type": "Feature", "geometry": {"type": "Polygon", "coordinates": [[[-130.2478, 56.6735], [-130.3049, 56.6735], [-130.3049, 56.669], [-130.252, 56.669], [-130.252, 56.6645], [-130.2478, 56.6645], [-130.2478, 56.6735]]]}, "properties": {"company_id": "eskay-mining", "jurisdiction": "British Columbia", "claim_id": 392449, "claim_name": "CALVIN 2", "holder": "ESKAY MINING CORP.", "status": "Mineral", "recorded_date": "2002-03-23", "anniversary_or_expiry": "2034-12-31", "area_ha": 350, "tenure_type": "Mineral", "source": "BC MTA Mineral, Placer and Coal Tenure Spatial View (BCGW). Open Government Licence - British Columbia. Not legal title.", "as_of": "2026-09-20", "role": "focus", "color": "#e8b040"}}, {"type": "Feature", "geometry": {"type": "Polygon", "coordinates": [[[-130.2478, 56.6735], [-130.2478, 56.6825], [-130.305, 56.6825], [-130.3049, 56.6735], [-130.2478, 56.6735]]]}, "properties": {"company_id": "eskay-mining", "jurisdiction": "British Columbia", "claim_id": 392450, "claim_name": "CALVIN 3", "holder": "ESKAY MINING CORP.", "status": "Mineral", "recorded_date": "2002-03-23", "anniversary_or_expiry": "2034-12-31", "area_ha": 350, "tenure_type": "Mineral", "source": "BC MTA Mineral, Placer and Coal Tenure Spatial View (BCGW). Open Government Licence - British Columbia. Not legal title.", "as_of": "2026-09-20", "role": "focus", "color": "#e8b040"}}, {"type": "Feature", "geometry": {"type": "Polygon", "coordinates": [[[-130.207, 56.6735], [-130.207, 56.6825], [-130.2478, 56.6825], [-130.2478, 56.6735], [-130.207, 56.6735]]]}, "properties": {"company_id": "eskay-mining", "jurisdiction": "British Columbia", "claim_id": 392451, "claim_name": "CALVIN 4", "holder": "ESKAY MINING CORP.", "status": "Mineral", "recorded_date": "2002-03-23", "anniversary_or_expiry": "2034-12-31", "area_ha": 250, "tenure_type": "Mineral", "source": "BC MTA Mineral, Placer and Coal Tenure Spatial View (BCGW). Open Government Licence - British Columbia. Not legal title.", "as_of": "2026-09-20", "role": "focus", "color": "#e8b040"}}, {"type": "Feature", "geometry": {"type": "Polygon", "coordinates": [[[-130.207, 56.6735], [-130.2478, 56.6735], [-130.2478, 56.662], [-130.207, 56.662], [-130.207, 56.6735]]]}, "properties": {"company_id": "eskay-mining", "jurisdiction": "British Columbia", "claim_id": 392452, "claim_name": "CALVIN 5", "holder": "ESKAY MINING CORP.", "status": "Mineral", "recorded_date": "2002-03-23", "anniversary_or_expiry": "2034-12-31", "area_ha": 500, "tenure_type": "Mineral", "source": "BC MTA Mineral, Placer and Coal Tenure Spatial View (BCGW). Open Government Licence - British Columbia. Not legal title.", "as_of": "2026-09-20", "role": "focus", "color": "#e8b040"}}, {"type": "Feature", "geometry": {"type": "Polygon", "coordinates": [[[-130.3922, 56.5477], [-130.4082, 56.5477], [-130.4082, 56.5441], [-130.3922, 56.5444], [-130.3922, 56.5477]]]}, "properties": {"company_id": "eskay-mining", "jurisdiction": "British Columbia", "claim_id": 392453, "claim_name": "GINGRASS 1", "holder": "ESKAY MINING CORP.", "status": "Mineral", "recorded_date": "2002-03-21", "anniversary_or_expiry": "2034-12-31", "area_ha": 150, "tenure_type": "Mineral", "source": "BC MTA Mineral, Placer and Coal Tenure Spatial View (BCGW). Open Government Licence - British Columbia. Not legal title.", "as_of": "2026-09-20", "role": "focus", "color": "#e8b040"}}, {"type": "Feature", "geometry": {"type": "Polygon", "coordinates": [[[-130.3597, 56.5657], [-130.3906, 56.5657], [-130.3906, 56.5477], [-130.3922, 56.5477], [-130.3922, 56.5444], [-130.3742, 56.5444], [-130.3742, 56.5436], [-130.3597, 56.5436], [-130.3597, 56.5657]]]}, "properties": {"company_id": "eskay-mining", "jurisdiction": "British Columbia", "claim_id": 392454, "claim_name": "GINGRASS 2", "holder": "ESKAY MINING CORP.", "status": "Mineral", "recorded_date": "2002-03-21", "anniversary_or_expiry": "2034-12-31", "area_ha": 500, "tenure_type": "Mineral", "source": "BC MTA Mineral, Placer and Coal Tenure Spatial View (BCGW). Open Government Licence - British Columbia. Not legal title.", "as_of": "2026-09-20", "role": "focus", "color": "#e8b040"}}, {"type": "Feature", "geometry": {"type": "Polygon", "coordinates": [[[-130.3541, 56.5447], [-130.3597, 56.5447], [-130.3597, 56.5436], [-130.3742, 56.5436], [-130.3742, 56.5267], [-130.3522, 56.5267], [-130.3522, 56.5447], [-130.3541, 56.5447]]]}, "properties": {"company_id": "eskay-mining", "jurisdiction": "British Columbia", "claim_id": 392455, "claim_name": "GINGRASS 3", "holder": "ESKAY MINING CORP.", "status": "Mineral", "recorded_date": "2002-03-21", "anniversary_or_expiry": "2034-12-31", "area_ha": 300, "tenure_type": "Mineral", "source": "BC MTA Mineral, Placer and Coal Tenure Spatial View (BCGW). Open Government Licence - British Columbia. Not legal title.", "as_of": "2026-09-20", "role": "focus", "color": "#e8b040"}}, {"type": "Feature", "geometry": {"type": "Polygon", "coordinates": [[[-130.3522, 56.5234], [-130.3522, 56.5267], [-130.3742, 56.5267], [-130.3742, 56.5219], [-130.3766, 56.5219], [-130.3766, 56.5168], [-130.3644, 56.5168], [-130.3644, 56.5132], [-130.3522, 56.5132], [-130.3522, 56.5234]]]}, "properties": {"company_id": "eskay-mining", "jurisdiction": "British Columbia", "claim_id": 392456, "claim_name": "GINGRASS 4", "holder": "ESKAY MINING CORP.", "status": "Mineral", "recorded_date": "2002-03-21", "anniversary_or_expiry": "2034-12-31", "area_ha": 225, "tenure_type": "Mineral", "source": "BC MTA Mineral, Placer and Coal Tenure Spatial View (BCGW). Open Government Licence - British Columbia. Not legal title.", "as_of": "2026-09-20", "role": "focus", "color": "#e8b040"}}, {"type": "Feature", "geometry": {"type": "MultiPolygon", "coordinates": [[[[-130.4, 56.5168], [-130.3766, 56.5168], [-130.3766, 56.5219], [-130.4, 56.5219], [-130.4, 56.5168]]], [[[-130.4, 56.5168], [-130.4, 56.5219], [-130.4067, 56.5219], [-130.4066, 56.5168], [-130.4, 56.5168]]]]}, "properties": {"company_id": "eskay-mining", "jurisdiction": "British Columbia", "claim_id": 392457, "claim_name": "GINGRASS 5", "holder": "ESKAY MINING CORP.", "status": "Mineral", "recorded_date": "2002-03-21", "anniversary_or_expiry": "2034-12-31", "area_ha": 300, "tenure_type": "Mineral", "source": "BC MTA Mineral, Placer and Coal Tenure Spatial View (BCGW). Open Government Licence - British Columbia. Not legal title.", "as_of": "2026-09-20", "role": "focus", "color": "#e8b040"}}, {"type": "Feature", "geometry": {"type": "MultiPolygon", "coordinates": [[[[-130.2502, 56.6538], [-130.2623, 56.6534], [-130.2623, 56.6513], [-130.2721, 56.6513], [-130.2721, 56.6453], [-130.2502, 56.6453], [-130.2502, 56.6538]]], [[[-130.2502, 56.6588], [-130.252, 56.6588], [-130.252, 56.6544], [-130.2502, 56.6544], [-130.2502, 56.6588]]]]}, "properties": {"company_id": "eskay-mining", "jurisdiction": "British Columbia", "claim_id": 392458, "claim_name": "IRVING 5", "holder": "ESKAY MINING CORP.", "status": "Mineral", "recorded_date": "2002-03-23", "anniversary_or_expiry": "2034-12-31", "area_ha": 225, "tenure_type": "Mineral", "source": "BC MTA Mineral, Placer and Coal Tenure Spatial View (BCGW). Open Government Licence - British Columbia. Not legal title.", "as_of": "2026-09-20", "role": "focus", "color": "#e8b040"}}, {"type": "Feature", "geometry": {"type": "Polygon", "coordinates": [[[-130.2502, 56.6396], [-130.2502, 56.6453], [-130.2721, 56.6453], [-130.2721, 56.6241], [-130.2732, 56.6241], [-130.2732, 56.6183], [-130.2502, 56.6183], [-130.2502, 56.6396]]]}, "properties": {"company_id": "eskay-mining", "jurisdiction": "British Columbia", "claim_id": 392459, "claim_name": "IRVING 6", "holder": "ESKAY MINING CORP.", "status": "Mineral", "recorded_date": "2002-03-23", "anniversary_or_expiry": "2034-12-31", "area_ha": 450, "tenure_type": "Mineral", "source": "BC MTA Mineral, Placer and Coal Tenure Spatial View (BCGW). Open Government Licence - British Columbia. Not legal title.", "as_of": "2026-09-20", "role": "focus", "color": "#e8b040"}}, {"type": "Feature", "geometry": {"type": "Polygon", "coordinates": [[[-130.3373, 56.6468], [-130.3701, 56.6468], [-130.3701, 56.645], [-130.3292, 56.645], [-130.3292, 56.6465], [-130.3373, 56.6468]]]}, "properties": {"company_id": "eskay-mining", "jurisdiction": "British Columbia", "claim_id": 394157, "claim_name": "LANCE 5", "holder": "ESKAY MINING CORP.", "status": "Mineral", "recorded_date": "2002-06-09", "anniversary_or_expiry": "2034-12-31", "area_ha": 150, "tenure_type": "Mineral", "source": "BC MTA Mineral, Placer and Coal Tenure Spatial View (BCGW). Open Government Licence - British Columbia. Not legal title.", "as_of": "2026-09-20", "role": "focus", "color": "#e8b040"}}, {"type": "Feature", "geometry": {"type": "Polygon", "coordinates": [[[-130.4515, 56.5832], [-130.459, 56.5832], [-130.459, 56.5819], [-130.4528, 56.5819], [-130.4528, 56.5695], [-130.4515, 56.5695], [-130.4515, 56.5832]]]}, "properties": {"company_id": "eskay-mining", "jurisdiction": "British Columbia", "claim_id": 394158, "claim_name": "MEGAN 3", "holder": "ESKAY MINING CORP.", "status": "Mineral", "recorded_date": "2002-06-09", "anniversary_or_expiry": "2034-12-31", "area_ha": 100, "tenure_type": "Mineral", "source": "BC MTA Mineral, Placer and Coal Tenure Spatial View (BCGW). Open Government Licence - British Columbia. Not legal title.", "as_of": "2026-09-20", "role": "focus", "color": "#e8b040"}}, {"type": "Feature", "geometry": {"type": "Polygon", "coordinates": [[[-130.4202, 56.5613], [-130.4446, 56.5613], [-130.4446, 56.5605], [-130.4202, 56.5605], [-130.4202, 56.5613]]]}, "properties": {"company_id": "eskay-mining", "jurisdiction": "British Columbia", "claim_id": 394159, "claim_name": "MEGAN 4", "holder": "ESKAY MINING CORP.", "status": "Mineral", "recorded_date": "2002-06-08", "anniversary_or_expiry": "2034-12-31", "area_ha": 75, "tenure_type": "Mineral", "source": "BC MTA Mineral, Placer and Coal Tenure Spatial View (BCGW). Open Government Licence - British Columbia. Not legal title.", "as_of": "2026-09-20", "role": "focus", "color": "#e8b040"}}, {"type": "Feature", "geometry": {"type": "Polygon", "coordinates": [[[-130.4191, 56.6464], [-130.4202, 56.6464], [-130.4202, 56.6265], [-130.4191, 56.6265], [-130.4191, 56.6464]]]}, "properties": {"company_id": "eskay-mining", "jurisdiction": "British Columbia", "claim_id": 394160, "claim_name": "SKI", "holder": "ESKAY MINING CORP.", "status": "Mineral", "recorded_date": "2002-06-09", "anniversary_or_expiry": "2031-12-31", "area_ha": 125, "tenure_type": "Mineral", "source": "BC MTA Mineral, Placer and Coal Tenure Spatial View (BCGW). Open Government Licence - British Columbia. Not legal title.", "as_of": "2026-09-20", "role": "focus", "color": "#e8b040"}}, {"type": "Feature", "geometry": {"type": "Polygon", "coordinates": [[[-130.4932, 56.5381], [-130.5434, 56.5381], [-130.5434, 56.5376], [-130.4931, 56.5376], [-130.4932, 56.5381]]]}, "properties": {"company_id": "eskay-mining", "jurisdiction": "British Columbia", "claim_id": 394161, "claim_name": "DWAYNE 2", "holder": "ESKAY MINING CORP.", "status": "Mineral", "recorded_date": "2002-06-08", "anniversary_or_expiry": "2034-12-31", "area_ha": 175, "tenure_type": "Mineral", "source": "BC MTA Mineral, Placer and Coal Tenure Spatial View (BCGW). Open Government Licence - British Columbia. Not legal title.", "as_of": "2026-09-20", "role": "focus", "color": "#e8b040"}}, {"type": "Feature", "geometry": {"type": "Polygon", "coordinates": [[[-130.4557, 56.6063], [-130.465, 56.6063], [-130.465, 56.604], [-130.4557, 56.604], [-130.4557, 56.6063]]]}, "properties": {"company_id": "eskay-mining", "jurisdiction": "British Columbia", "claim_id": 394162, "claim_name": "AFT", "holder": "ESKAY MINING CORP.", "status": "Mineral", "recorded_date": "2002-06-09", "anniversary_or_expiry": "2034-12-31", "area_ha": 50, "tenure_type": "Mineral", "source": "BC MTA Mineral, Placer and Coal Tenure Spatial View (BCGW). Open Government Licence - British Columbia. Not legal title.", "as_of": "2026-09-20", "role": "focus", "color": "#e8b040"}}, {"type": "Feature", "geometry": {"type": "Polygon", "coordinates": [[[-130.5126, 56.6494], [-130.5267, 56.6494], [-130.5267, 56.6466], [-130.5126, 56.6467], [-130.5126, 56.6494]]]}, "properties": {"company_id": "eskay-mining", "jurisdiction": "British Columbia", "claim_id": 394163, "claim_name": "SHIRLEY", "holder": "ESKAY MINING CORP.", "status": "Mineral", "recorded_date": "2002-06-09", "anniversary_or_expiry": "2027-01-31", "area_ha": 75, "tenure_type": "Mineral", "source": "BC MTA Mineral, Placer and Coal Tenure Spatial View (BCGW). Open Government Licence - British Columbia. Not legal title.", "as_of": "2026-09-20", "role": "focus", "color": "#e8b040"}}, {"type": "Feature", "geometry": {"type": "Polygon", "coordinates": [[[-130.5301, 56.6063], [-130.5491, 56.6065], [-130.5491, 56.6045], [-130.5301, 56.6049], [-130.5301, 56.6063]]]}, "properties": {"company_id": "eskay-mining", "jurisdiction": "British Columbia", "claim_id": 394164, "claim_name": "FREDDY 1", "holder": "ESKAY MINING CORP.", "status": "Mineral", "recorded_date": "2002-06-09", "anniversary_or_expiry": "2034-12-31", "area_ha": 75, "tenure_type": "Mineral", "source": "BC MTA Mineral, Placer and Coal Tenure Spatial View (BCGW). Open Government Licence - British Columbia. Not legal title.", "as_of": "2026-09-20", "role": "focus", "color": "#e8b040"}}, {"type": "Feature", "geometry": {"type": "Polygon", "coordinates": [[[-130.5184, 56.4884], [-130.536, 56.4884], [-130.536, 56.4706], [-130.501, 56.4706], [-130.501, 56.4841], [-130.5184, 56.4841], [-130.5184, 56.4884]]]}, "properties": {"company_id": "eskay-mining", "jurisdiction": "British Columbia", "claim_id": 404668, "claim_name": "SUL 1", "holder": "ESKAY MINING CORP.", "status": "Mineral", "recorded_date": "2003-08-07", "anniversary_or_expiry": "2034-12-31", "area_ha": 500, "tenure_type": "Mineral", "source": "BC MTA Mineral, Placer and Coal Tenure Spatial View (BCGW). Open Government Licence - British Columbia. Not legal title.", "as_of": "2026-09-20", "role": "focus", "color": "#e8b040"}}, {"type": "Feature", "geometry": {"type": "Polygon", "coordinates": [[[-130.501, 56.4706], [-130.5279, 56.4706], [-130.5279, 56.4482], [-130.501, 56.4482], [-130.501, 56.4706]]]}, "properties": {"company_id": "eskay-mining", "jurisdiction": "British Columbia", "claim_id": 404669, "claim_name": "SUL 2", "holder": "ESKAY MINING CORP.", "status": "Mineral", "recorded_date": "2003-08-07", "anniversary_or_expiry": "2034-12-31", "area_ha": 500, "tenure_type": "Mineral", "source": "BC MTA Mineral, Placer and Coal Tenure Spatial View (BCGW). Open Government Licence - British Columbia. Not legal title.", "as_of": "2026-09-20", "role": "focus", "color": "#e8b040"}}, {"type": "Feature", "geometry": {"type": "Polygon", "coordinates": [[[-130.3583, 56.3915], [-130.3583, 56.3873], [-130.3208, 56.3873], [-130.3208, 56.404], [-130.3583, 56.404], [-130.3583, 56.3915]]]}, "properties": {"company_id": "eskay-mining", "jurisdiction": "British Columbia", "claim_id": 508074, "claim_name": null, "holder": "ESKAY MINING CORP.", "status": "Mineral", "recorded_date": "2005-02-28", "anniversary_or_expiry": "2034-12-31", "area_ha": 429.788, "tenure_type": "Mineral", "source": "BC MTA Mineral, Placer and Coal Tenure Spatial View (BCGW). Open Government Licence - British Columbia. Not legal title.", "as_of": "2026-09-20", "role": "focus", "color": "#e8b040"}}, {"type": "Feature", "geometry": {"type": "Polygon", "coordinates": [[[-130.3208, 56.3915], [-130.3208, 56.3873], [-130.2895, 56.3873], [-130.2895, 56.404], [-130.3208, 56.404], [-130.3208, 56.3915]]]}, "properties": {"company_id": "eskay-mining", "jurisdiction": "British Columbia", "claim_id": 508080, "claim_name": null, "holder": "ESKAY MINING CORP.", "status": "Mineral", "recorded_date": "2005-02-28", "anniversary_or_expiry": "2034-12-31", "area_ha": 358.158, "tenure_type": "Mineral", "source": "BC MTA Mineral, Placer and Coal Tenure Spatial View (BCGW). Open Government Licence - British Columbia. Not legal title.", "as_of": "2026-09-20", "role": "focus", "color": "#e8b040"}}, {"type": "Feature", "geometry": {"type": "Polygon", "coordinates": [[[-130.4958, 56.5373], [-130.4958, 56.5331], [-130.4395, 56.5331], [-130.4395, 56.5415], [-130.4958, 56.5415], [-130.4958, 56.5373]]]}, "properties": {"company_id": "eskay-mining", "jurisdiction": "British Columbia", "claim_id": 517031, "claim_name": "WINA", "holder": "ESKAY MINING CORP.", "status": "Mineral", "recorded_date": "2005-07-12", "anniversary_or_expiry": "2034-12-31", "area_ha": 321.15200000000004, "tenure_type": "Mineral", "source": "BC MTA Mineral, Placer and Coal Tenure Spatial View (BCGW). Open Government Licence - British Columbia. Not legal title.", "as_of": "2026-09-20", "role": "focus", "color": "#e8b040"}}, {"type": "Feature", "geometry": {"type": "Polygon", "coordinates": [[[-130.4395, 56.5373], [-130.4395, 56.5331], [-130.4333, 56.5331], [-130.4333, 56.5165], [-130.427, 56.5165], [-130.427, 56.5373], [-130.4333, 56.5373], [-130.4333, 56.5415], [-130.4395, 56.5415], [-130.4395, 56.5373]]]}, "properties": {"company_id": "eskay-mining", "jurisdiction": "British Columbia", "claim_id": 517100, "claim_name": "WINA2", "holder": "ESKAY MINING CORP.", "status": "Mineral", "recorded_date": "2005-07-12", "anniversary_or_expiry": "2034-12-31", "area_ha": 124.917, "tenure_type": "Mineral", "source": "BC MTA Mineral, Placer and Coal Tenure Spatial View (BCGW). Open Government Licence - British Columbia. Not legal title.", "as_of": "2026-09-20", "role": "focus", "color": "#e8b040"}}, {"type": "Feature", "geometry": {"type": "Polygon", "coordinates": [[[-130.5708, 56.4998], [-130.5708, 56.4956], [-130.5645, 56.4956], [-130.5645, 56.504], [-130.577, 56.504], [-130.577, 56.4998], [-130.5708, 56.4998]]]}, "properties": {"company_id": "eskay-mining", "jurisdiction": "British Columbia", "claim_id": 517148, "claim_name": "DAR", "holder": "ESKAY MINING CORP.", "status": "Mineral", "recorded_date": "2005-07-12", "anniversary_or_expiry": "2034-12-31", "area_ha": 53.577000000000005, "tenure_type": "Mineral", "source": "BC MTA Mineral, Placer and Coal Tenure Spatial View (BCGW). Open Government Licence - British Columbia. Not legal title.", "as_of": "2026-09-20", "role": "focus", "color": "#e8b040"}}, {"type": "Feature", "geometry": {"type": "Polygon", "coordinates": [[[-130.4958, 56.4831], [-130.4958, 56.4873], [-130.502, 56.4873], [-130.502, 56.4831], [-130.4958, 56.4831]]]}, "properties": {"company_id": "eskay-mining", "jurisdiction": "British Columbia", "claim_id": 517241, "claim_name": "SWAMP", "holder": "ESKAY MINING CORP.", "status": "Mineral", "recorded_date": "2005-07-12", "anniversary_or_expiry": "2034-12-31", "area_ha": 17.866, "tenure_type": "Mineral", "source": "BC MTA Mineral, Placer and Coal Tenure Spatial View (BCGW). Open Government Licence - British Columbia. Not legal title.", "as_of": "2026-09-20", "role": "focus", "color": "#e8b040"}}, {"type": "Feature", "geometry": {"type": "Polygon", "coordinates": [[[-130.502, 56.604], [-130.4958, 56.604], [-130.4958, 56.5998], [-130.4833, 56.5998], [-130.4833, 56.6123], [-130.502, 56.6123], [-130.502, 56.604]]]}, "properties": {"company_id": "eskay-mining", "jurisdiction": "British Columbia", "claim_id": 528661, "claim_name": null, "holder": "ESKAY MINING CORP.", "status": "Mineral", "recorded_date": "2006-02-20", "anniversary_or_expiry": "2034-12-31", "area_ha": 142.47400000000002, "tenure_type": "Mineral", "source": "BC MTA Mineral, Placer and Coal Tenure Spatial View (BCGW). Open Government Licence - British Columbia. Not legal title.", "as_of": "2026-09-20", "role": "focus", "color": "#e8b040"}}, {"type": "Feature", "geometry": {"type": "Polygon", "coordinates": [[[-130.4833, 56.6082], [-130.4833, 56.604], [-130.477, 56.604], [-130.477, 56.6123], [-130.4833, 56.6123], [-130.4833, 56.6082]]]}, "properties": {"company_id": "eskay-mining", "jurisdiction": "British Columbia", "claim_id": 528664, "claim_name": "SIB FIXUP 1", "holder": "ESKAY MINING CORP.", "status": "Mineral", "recorded_date": "2006-02-20", "anniversary_or_expiry": "2034-12-31", "area_ha": 35.617000000000004, "tenure_type": "Mineral", "source": "BC MTA Mineral, Placer and Coal Tenure Spatial View (BCGW). Open Government Licence - British Columbia. Not legal title.", "as_of": "2026-09-20", "role": "focus", "color": "#e8b040"}}, {"type": "Feature", "geometry": {"type": "Polygon", "coordinates": [[[-130.4895, 56.6123], [-130.4895, 56.6165], [-130.4958, 56.6165], [-130.4958, 56.6123], [-130.4895, 56.6123]]]}, "properties": {"company_id": "eskay-mining", "jurisdiction": "British Columbia", "claim_id": 528665, "claim_name": "SIB FIXUP 2", "holder": "ESKAY MINING CORP.", "status": "Mineral", "recorded_date": "2006-02-20", "anniversary_or_expiry": "2034-12-31", "area_ha": 17.806, "tenure_type": "Mineral", "source": "BC MTA Mineral, Placer and Coal Tenure Spatial View (BCGW). Open Government Licence - British Columbia. Not legal title.", "as_of": "2026-09-20", "role": "focus", "color": "#e8b040"}}, {"type": "Feature", "geometry": {"type": "Polygon", "coordinates": [[[-130.5083, 56.5915], [-130.5083, 56.5957], [-130.5145, 56.5957], [-130.5145, 56.5915], [-130.5083, 56.5915]]]}, "properties": {"company_id": "eskay-mining", "jurisdiction": "British Columbia", "claim_id": 528666, "claim_name": "SIB FIXUP 3", "holder": "ESKAY MINING CORP.", "status": "Mineral", "recorded_date": "2006-02-20", "anniversary_or_expiry": "2032-12-31", "area_ha": 17.815, "tenure_type": "Mineral", "source": "BC MTA Mineral, Placer and Coal Tenure Spatial View (BCGW). Open Government Licence - British Columbia. Not legal title.", "as_of": "2026-09-20", "role": "focus", "color": "#e8b040"}}, {"type": "Feature", "geometry": {"type": "Polygon", "coordinates": [[[-130.5145, 56.5873], [-130.5145, 56.5832], [-130.4895, 56.5832], [-130.4895, 56.5957], [-130.4958, 56.5957], [-130.4958, 56.5998], [-130.5083, 56.5998], [-130.5083, 56.5915], [-130.5145, 56.5915], [-130.5145, 56.5873]]]}, "properties": {"company_id": "eskay-mining", "jurisdiction": "British Columbia", "claim_id": 527171, "claim_name": null, "holder": "ESKAY MINING CORP.", "status": "Mineral", "recorded_date": "2006-02-06", "anniversary_or_expiry": "2034-12-31", "area_ha": 231.619, "tenure_type": "Mineral", "source": "BC MTA Mineral, Placer and Coal Tenure Spatial View (BCGW). Open Government Licence - British Columbia. Not legal title.", "as_of": "2026-09-20", "role": "focus", "color": "#e8b040"}}, {"type": "Feature", "geometry": {"type": "Polygon", "coordinates": [[[-130.4895, 56.5957], [-130.4895, 56.5998], [-130.4958, 56.5998], [-130.4958, 56.5957], [-130.4895, 56.5957]]]}, "properties": {"company_id": "eskay-mining", "jurisdiction": "British Columbia", "claim_id": 527172, "claim_name": null, "holder": "ESKAY MINING CORP.", "status": "Mineral", "recorded_date": "2006-02-06", "anniversary_or_expiry": "2034-12-31", "area_ha": 17.813000000000002, "tenure_type": "Mineral", "source": "BC MTA Mineral, Placer and Coal Tenure Spatial View (BCGW). Open Government Licence - British Columbia. Not legal title.", "as_of": "2026-09-20", "role": "focus", "color": "#e8b040"}}, {"type": "Feature", "geometry": {"type": "Polygon", "coordinates": [[[-130.502, 56.5623], [-130.502, 56.5581], [-130.4833, 56.5581], [-130.4833, 56.5832], [-130.502, 56.5832], [-130.502, 56.5623]]]}, "properties": {"company_id": "eskay-mining", "jurisdiction": "British Columbia", "claim_id": 527177, "claim_name": null, "holder": "ESKAY MINING CORP.", "status": "Mineral", "recorded_date": "2006-02-06", "anniversary_or_expiry": "2034-12-31", "area_ha": 320.87100000000004, "tenure_type": "Mineral", "source": "BC MTA Mineral, Placer and Coal Tenure Spatial View (BCGW). Open Government Licence - British Columbia. Not legal title.", "as_of": "2026-09-20", "role": "focus", "color": "#e8b040"}}, {"type": "Feature", "geometry": {"type": "Polygon", "coordinates": [[[-130.502, 56.5998], [-130.4958, 56.5998], [-130.4958, 56.604], [-130.5083, 56.604], [-130.5083, 56.5998], [-130.502, 56.5998]]]}, "properties": {"company_id": "eskay-mining", "jurisdiction": "British Columbia", "claim_id": 527180, "claim_name": null, "holder": "ESKAY MINING CORP.", "status": "Mineral", "recorded_date": "2006-02-06", "anniversary_or_expiry": "2034-12-31", "area_ha": 35.623000000000005, "tenure_type": "Mineral", "source": "BC MTA Mineral, Placer and Coal Tenure Spatial View (BCGW). Open Government Licence - British Columbia. Not legal title.", "as_of": "2026-09-20", "role": "focus", "color": "#e8b040"}}, {"type": "Feature", "geometry": {"type": "Polygon", "coordinates": [[[-130.5145, 56.5665], [-130.5145, 56.5623], [-130.502, 56.5623], [-130.502, 56.5832], [-130.5145, 56.5832], [-130.5145, 56.5665]]]}, "properties": {"company_id": "eskay-mining", "jurisdiction": "British Columbia", "claim_id": 527241, "claim_name": null, "holder": "ESKAY MINING CORP.", "status": "Mineral", "recorded_date": "2006-02-07", "anniversary_or_expiry": "2034-12-31", "area_ha": 178.25300000000001, "tenure_type": "Mineral", "source": "BC MTA Mineral, Placer and Coal Tenure Spatial View (BCGW). Open Government Licence - British Columbia. Not legal title.", "as_of": "2026-09-20", "role": "focus", "color": "#e8b040"}}, {"type": "Feature", "geometry": {"type": "Polygon", "coordinates": [[[-130.3583, 56.3831], [-130.3395, 56.3831], [-130.3395, 56.3873], [-130.3645, 56.3873], [-130.3645, 56.3831], [-130.3583, 56.3831]]]}, "properties": {"company_id": "eskay-mining", "jurisdiction": "British Columbia", "claim_id": 529757, "claim_name": "UNUK SE FRACTION", "holder": "ESKAY MINING CORP.", "status": "Mineral", "recorded_date": "2006-03-08", "anniversary_or_expiry": "2034-12-31", "area_ha": 71.65100000000001, "tenure_type": "Mineral", "source": "BC MTA Mineral, Placer and Coal Tenure Spatial View (BCGW). Open Government Licence - British Columbia. Not legal title.", "as_of": "2026-09-20", "role": "focus", "color": "#e8b040"}}, {"type": "Feature", "geometry": {"type": "Polygon", "coordinates": [[[-130.5145, 56.529], [-130.5083, 56.529], [-130.5083, 56.5248], [-130.4958, 56.5248], [-130.4958, 56.5415], [-130.5083, 56.5415], [-130.5083, 56.5373], [-130.5145, 56.5373], [-130.5145, 56.529]]]}, "properties": {"company_id": "eskay-mining", "jurisdiction": "British Columbia", "claim_id": 529758, "claim_name": null, "holder": "ESKAY MINING CORP.", "status": "Mineral", "recorded_date": "2006-03-08", "anniversary_or_expiry": "2034-12-31", "area_ha": 178.43800000000002, "tenure_type": "Mineral", "source": "BC MTA Mineral, Placer and Coal Tenure Spatial View (BCGW). Open Government Licence - British Columbia. Not legal title.", "as_of": "2026-09-20", "role": "focus", "color": "#e8b040"}}, {"type": "Feature", "geometry": {"type": "Polygon", "coordinates": [[[-130.4458, 56.5998], [-130.4458, 56.604], [-130.452, 56.604], [-130.452, 56.5998], [-130.4458, 56.5998]]]}, "properties": {"company_id": "eskay-mining", "jurisdiction": "British Columbia", "claim_id": 541059, "claim_name": null, "holder": "ESKAY MINING CORP.", "status": "Mineral", "recorded_date": "2006-09-11", "anniversary_or_expiry": "2031-12-31", "area_ha": 17.811500000000002, "tenure_type": "Mineral", "source": "BC MTA Mineral, Placer and Coal Tenure Spatial View (BCGW). Open Government Licence - British Columbia. Not legal title.", "as_of": "2026-09-20", "role": "focus", "color": "#e8b040"}}]}