{"type": "FeatureCollection", "features": [{"type": "Feature", "geometry": {"type": "Polygon", "coordinates": [[[-94.0, 50.9333], [-94.0, 50.9375], [-94.0063, 50.9375], [-94.0063, 50.9333], [-94.0, 50.9333]]]}, "properties": {"company_id": "gold-finder-resources", "jurisdiction": "Ontario", "claim_id": "100041", "claim_name": null, "holder": "(100) GOLD FINDER RESOURCES LTD.", "status": "Active", "recorded_date": "2018-04-10", "anniversary_or_expiry": "2027-07-20", "area_ha": null, "tenure_type": "Single Cell Mining Claim", "source": "Ontario MLAS operational claims (OGSEarth / LIO MapServer). Unofficial viewing data, not legal title.", "as_of": "2026-09-20", "role": "focus", "color": "#e8b040"}}, {"type": "Feature", "geometry": {"type": "Polygon", "coordinates": [[[-94.0125, 50.9333], [-94.0125, 50.9375], [-94.0188, 50.9375], [-94.0188, 50.9333], [-94.0125, 50.9333]]]}, "properties": {"company_id": "gold-finder-resources", "jurisdiction": "Ontario", "claim_id": "100042", "claim_name": null, "holder": "(100) GOLD FINDER RESOURCES LTD.", "status": "Active", "recorded_date": "2018-04-10", "anniversary_or_expiry": "2027-07-04", "area_ha": null, "tenure_type": "Single Cell Mining Claim", "source": "Ontario MLAS operational claims (OGSEarth / LIO MapServer). Unofficial viewing data, not legal title.", "as_of": "2026-09-20", "role": "focus", "color": "#e8b040"}}, {"type": "Feature", "geometry": {"type": "Polygon", "coordinates": [[[-94.025, 50.9333], [-94.025, 50.9375], [-94.0313, 50.9375], [-94.0313, 50.9333], [-94.025, 50.9333]]]}, "properties": {"company_id": "gold-finder-resources", "jurisdiction": "Ontario", "claim_id": "100043", "claim_name": null, "holder": "(100) GOLD FINDER RESOURCES LTD.", "status": "Active", "recorded_date": "2018-04-10", "anniversary_or_expiry": "2027-07-04", "area_ha": null, "tenure_type": "Boundary Cell Mining Claim", "source": "Ontario MLAS operational claims (OGSEarth / LIO MapServer). Unofficial viewing data, not legal title.", "as_of": "2026-09-20", "role": "focus", "color": "#e8b040"}}, {"type": "Feature", "geometry": {"type": "Polygon", "coordinates": [[[-93.875, 51.1583], [-93.875, 51.1625], [-93.8813, 51.1625], [-93.8813, 51.1583], [-93.875, 51.1583]]]}, "properties": {"company_id": "gold-finder-resources", "jurisdiction": "Ontario", "claim_id": "102571", "claim_name": null, "holder": "(100) GOLD FINDER RESOURCES LTD.", "status": "Active", "recorded_date": "2018-04-10", "anniversary_or_expiry": "2030-09-15", "area_ha": null, "tenure_type": "Single Cell Mining Claim", "source": "Ontario MLAS operational claims (OGSEarth / LIO MapServer). Unofficial viewing data, not legal title.", "as_of": "2026-09-20", "role": "focus", "color": "#e8b040"}}, {"type": "Feature", "geometry": {"type": "Polygon", "coordinates": [[[-94.1813, 50.9208], [-94.1813, 50.925], [-94.1875, 50.925], [-94.1875, 50.9208], [-94.1813, 50.9208]]]}, "properties": {"company_id": "gold-finder-resources", "jurisdiction": "Ontario", "claim_id": "102616", "claim_name": null, "holder": "(100) GOLD FINDER RESOURCES LTD.", "status": "Active", "recorded_date": "2018-04-10", "anniversary_or_expiry": "2027-10-14", "area_ha": null, "tenure_type": "Single Cell Mining Claim", "source": "Ontario MLAS operational claims (OGSEarth / LIO MapServer). Unofficial viewing data, not legal title.", "as_of": "2026-09-20", "role": "focus", "color": "#e8b040"}}, {"type": "Feature", "geometry": {"type": "Polygon", "coordinates": [[[-93.95, 50.9625], [-93.95, 50.9667], [-93.9563, 50.9667], [-93.9563, 50.9625], [-93.95, 50.9625]]]}, "properties": {"company_id": "gold-finder-resources", "jurisdiction": "Ontario", "claim_id": "105137", "claim_name": null, "holder": "(100) GOLD FINDER RESOURCES LTD.", "status": "Active", "recorded_date": "2018-04-10", "anniversary_or_expiry": "2027-01-25", "area_ha": null, "tenure_type": "Single Cell Mining Claim", "source": "Ontario MLAS operational claims (OGSEarth / LIO MapServer). Unofficial viewing data, not legal title.", "as_of": "2026-09-20", "role": "focus", "color": "#e8b040"}}, {"type": "Feature", "geometry": {"type": "Polygon", "coordinates": [[[-93.95, 50.95], [-93.95, 50.9542], [-93.9563, 50.9542], [-93.9563, 50.95], [-93.95, 50.95]]]}, "properties": {"company_id": "gold-finder-resources", "jurisdiction": "Ontario", "claim_id": "105138", "claim_name": null, "holder": "(100) GOLD FINDER RESOURCES LTD.", "status": "Active", "recorded_date": "2018-04-10", "anniversary_or_expiry": "2027-01-25", "area_ha": null, "tenure_type": "Single Cell Mining Claim", "source": "Ontario MLAS operational claims (OGSEarth / LIO MapServer). Unofficial viewing data, not legal title.", "as_of": "2026-09-20", "role": "focus", "color": "#e8b040"}}, {"type": "Feature", "geometry": {"type": "Polygon", "coordinates": [[[-94.05, 50.9375], [-94.05, 50.9417], [-94.0563, 50.9417], [-94.0563, 50.9375], [-94.05, 50.9375]]]}, "properties": {"company_id": "gold-finder-resources", "jurisdiction": "Ontario", "claim_id": "104724", "claim_name": null, "holder": "(100) GOLD FINDER RESOURCES LTD.", "status": "Active", "recorded_date": "2018-04-10", "anniversary_or_expiry": "2027-10-14", "area_ha": null, "tenure_type": "Single Cell Mining Claim", "source": "Ontario MLAS operational claims (OGSEarth / LIO MapServer). Unofficial viewing data, not legal title.", "as_of": "2026-09-20", "role": "focus", "color": "#e8b040"}}, {"type": "Feature", "geometry": {"type": "Polygon", "coordinates": [[[-94.0313, 50.9375], [-94.0313, 50.9417], [-94.0375, 50.9417], [-94.0375, 50.9375], [-94.0313, 50.9375]]]}, "properties": {"company_id": "gold-finder-resources", "jurisdiction": "Ontario", "claim_id": "105952", "claim_name": null, "holder": "(100) GOLD FINDER RESOURCES LTD.", "status": "Active", "recorded_date": "2018-04-10", "anniversary_or_expiry": "2027-10-14", "area_ha": null, "tenure_type": "Single Cell Mining Claim", "source": "Ontario MLAS operational claims (OGSEarth / LIO MapServer). Unofficial viewing data, not legal title.", "as_of": "2026-09-20", "role": "focus", "color": "#e8b040"}}, {"type": "Feature", "geometry": {"type": "Polygon", "coordinates": [[[-94.075, 50.925], [-94.075, 50.9292], [-94.0813, 50.9292], [-94.0813, 50.925], [-94.075, 50.925]]]}, "properties": {"company_id": "gold-finder-resources", "jurisdiction": "Ontario", "claim_id": "104939", "claim_name": null, "holder": "(100) GOLD FINDER RESOURCES LTD.", "status": "Active", "recorded_date": "2018-04-10", "anniversary_or_expiry": "2027-10-14", "area_ha": null, "tenure_type": "Boundary Cell Mining Claim", "source": "Ontario MLAS operational claims (OGSEarth / LIO MapServer). Unofficial viewing data, not legal title.", "as_of": "2026-09-20", "role": "focus", "color": "#e8b040"}}, {"type": "Feature", "geometry": {"type": "Polygon", "coordinates": [[[-94.2188, 50.8875], [-94.2188, 50.8917], [-94.225, 50.8917], [-94.225, 50.8875], [-94.2188, 50.8875]]]}, "properties": {"company_id": "gold-finder-resources", "jurisdiction": "Ontario", "claim_id": "107075", "claim_name": null, "holder": "(100) GOLD FINDER RESOURCES LTD.", "status": "Active", "recorded_date": "2018-04-10", "anniversary_or_expiry": "2027-10-14", "area_ha": null, "tenure_type": "Single Cell Mining Claim", "source": "Ontario MLAS operational claims (OGSEarth / LIO MapServer). Unofficial viewing data, not legal title.", "as_of": "2026-09-20", "role": "focus", "color": "#e8b040"}}, {"type": "Feature", "geometry": {"type": "Polygon", "coordinates": [[[-94.2063, 50.9125], [-94.2063, 50.9167], [-94.2125, 50.9167], [-94.2125, 50.9125], [-94.2063, 50.9125]]]}, "properties": {"company_id": "gold-finder-resources", "jurisdiction": "Ontario", "claim_id": "112480", "claim_name": null, "holder": "(100) GOLD FINDER RESOURCES LTD.", "status": "Active", "recorded_date": "2018-04-10", "anniversary_or_expiry": "2027-10-14", "area_ha": null, "tenure_type": "Single Cell Mining Claim", "source": "Ontario MLAS operational claims (OGSEarth / LIO MapServer). Unofficial viewing data, not legal title.", "as_of": "2026-09-20", "role": "focus", "color": "#e8b040"}}, {"type": "Feature", "geometry": {"type": "Polygon", "coordinates": [[[-94.2125, 50.9125], [-94.2125, 50.9167], [-94.2188, 50.9167], [-94.2188, 50.9125], [-94.2125, 50.9125]]]}, "properties": {"company_id": "gold-finder-resources", "jurisdiction": "Ontario", "claim_id": "112481", "claim_name": null, "holder": "(100) GOLD FINDER RESOURCES LTD.", "status": "Active", "recorded_date": "2018-04-10", "anniversary_or_expiry": "2027-10-14", "area_ha": null, "tenure_type": "Single Cell Mining Claim", "source": "Ontario MLAS operational claims (OGSEarth / LIO MapServer). Unofficial viewing data, not legal title.", "as_of": "2026-09-20", "role": "focus", "color": "#e8b040"}}, {"type": "Feature", "geometry": {"type": "Polygon", "coordinates": [[[-93.9563, 50.9333], [-93.9563, 50.9375], [-93.9625, 50.9375], [-93.9625, 50.9333], [-93.9563, 50.9333]]]}, "properties": {"company_id": "gold-finder-resources", "jurisdiction": "Ontario", "claim_id": "113677", "claim_name": null, "holder": "(100) GOLD FINDER RESOURCES LTD.", "status": "Active", "recorded_date": "2018-04-10", "anniversary_or_expiry": "2027-07-20", "area_ha": null, "tenure_type": "Boundary Cell Mining Claim", "source": "Ontario MLAS operational claims (OGSEarth / LIO MapServer). Unofficial viewing data, not legal title.", "as_of": "2026-09-20", "role": "focus", "color": "#e8b040"}}, {"type": "Feature", "geometry": {"type": "Polygon", "coordinates": [[[-93.9625, 50.925], [-93.9625, 50.9292], [-93.9688, 50.9292], [-93.9688, 50.925], [-93.9625, 50.925]]]}, "properties": {"company_id": "gold-finder-resources", "jurisdiction": "Ontario", "claim_id": "113678", "claim_name": null, "holder": "(100) GOLD FINDER RESOURCES LTD.", "status": "Active", "recorded_date": "2018-04-10", "anniversary_or_expiry": "2027-07-20", "area_ha": null, "tenure_type": "Boundary Cell Mining Claim", "source": "Ontario MLAS operational claims (OGSEarth / LIO MapServer). Unofficial viewing data, not legal title.", "as_of": "2026-09-20", "role": "focus", "color": "#e8b040"}}, {"type": "Feature", "geometry": {"type": "Polygon", "coordinates": [[[-91.525, 51.175], [-91.525, 51.1792], [-91.5313, 51.1792], [-91.5313, 51.175], [-91.525, 51.175]]]}, "properties": {"company_id": "gold-finder-resources", "jurisdiction": "Ontario", "claim_id": "112513", "claim_name": null, "holder": "(100) GOLD FINDER RESOURCES LTD.", "status": "Active", "recorded_date": "2018-04-10", "anniversary_or_expiry": "2027-11-01", "area_ha": null, "tenure_type": "Single Cell Mining Claim", "source": "Ontario MLAS operational claims (OGSEarth / LIO MapServer). Unofficial viewing data, not legal title.", "as_of": "2026-09-20", "role": "focus", "color": "#e8b040"}}, {"type": "Feature", "geometry": {"type": "Polygon", "coordinates": [[[-93.8375, 51.1667], [-93.8375, 51.1708], [-93.8438, 51.1708], [-93.8438, 51.1667], [-93.8375, 51.1667]]]}, "properties": {"company_id": "gold-finder-resources", "jurisdiction": "Ontario", "claim_id": "111686", "claim_name": null, "holder": "(100) GOLD FINDER RESOURCES LTD.", "status": "Active", "recorded_date": "2018-04-10", "anniversary_or_expiry": "2030-08-03", "area_ha": null, "tenure_type": "Single Cell Mining Claim", "source": "Ontario MLAS operational claims (OGSEarth / LIO MapServer). Unofficial viewing data, not legal title.", "as_of": "2026-09-20", "role": "focus", "color": "#e8b040"}}, {"type": "Feature", "geometry": {"type": "Polygon", "coordinates": [[[-93.85, 51.1667], [-93.85, 51.1708], [-93.8563, 51.1708], [-93.8563, 51.1667], [-93.85, 51.1667]]]}, "properties": {"company_id": "gold-finder-resources", "jurisdiction": "Ontario", "claim_id": "111687", "claim_name": null, "holder": "(100) GOLD FINDER RESOURCES LTD.", "status": "Active", "recorded_date": "2018-04-10", "anniversary_or_expiry": "2030-08-03", "area_ha": null, "tenure_type": "Single Cell Mining Claim", "source": "Ontario MLAS operational claims (OGSEarth / LIO MapServer). Unofficial viewing data, not legal title.", "as_of": "2026-09-20", "role": "focus", "color": "#e8b040"}}, {"type": "Feature", "geometry": {"type": "Polygon", "coordinates": [[[-93.825, 51.1583], [-93.825, 51.1625], [-93.8313, 51.1625], [-93.8313, 51.1583], [-93.825, 51.1583]]]}, "properties": {"company_id": "gold-finder-resources", "jurisdiction": "Ontario", "claim_id": "111688", "claim_name": null, "holder": "(100) GOLD FINDER RESOURCES LTD.", "status": "Active", "recorded_date": "2018-04-10", "anniversary_or_expiry": "2030-08-03", "area_ha": null, "tenure_type": "Single Cell Mining Claim", "source": "Ontario MLAS operational claims (OGSEarth / LIO MapServer). Unofficial viewing data, not legal title.", "as_of": "2026-09-20", "role": "focus", "color": "#e8b040"}}, {"type": "Feature", "geometry": {"type": "Polygon", "coordinates": [[[-93.8438, 51.1542], [-93.8438, 51.1583], [-93.85, 51.1583], [-93.85, 51.1542], [-93.8438, 51.1542]]]}, "properties": {"company_id": "gold-finder-resources", "jurisdiction": "Ontario", "claim_id": "111689", "claim_name": null, "holder": "(100) GOLD FINDER RESOURCES LTD.", "status": "Active", "recorded_date": "2018-04-10", "anniversary_or_expiry": "2030-08-03", "area_ha": null, "tenure_type": "Boundary Cell Mining Claim", "source": "Ontario MLAS operational claims (OGSEarth / LIO MapServer). Unofficial viewing data, not legal title.", "as_of": "2026-09-20", "role": "focus", "color": "#e8b040"}}, {"type": "Feature", "geometry": {"type": "Polygon", "coordinates": [[[-91.5563, 51.1833], [-91.5563, 51.1875], [-91.5625, 51.1875], [-91.5625, 51.1833], [-91.5563, 51.1833]]]}, "properties": {"company_id": "gold-finder-resources", "jurisdiction": "Ontario", "claim_id": "113447", "claim_name": null, "holder": "(100) GOLD FINDER RESOURCES LTD.", "status": "Active", "recorded_date": "2018-04-10", "anniversary_or_expiry": "2027-11-01", "area_ha": null, "tenure_type": "Single Cell Mining Claim", "source": "Ontario MLAS operational claims (OGSEarth / LIO MapServer). Unofficial viewing data, not legal title.", "as_of": "2026-09-20", "role": "focus", "color": "#e8b040"}}, {"type": "Feature", "geometry": {"type": "Polygon", "coordinates": [[[-93.9625, 50.9708], [-93.9625, 50.975], [-93.9688, 50.975], [-93.9688, 50.9708], [-93.9625, 50.9708]]]}, "properties": {"company_id": "gold-finder-resources", "jurisdiction": "Ontario", "claim_id": "112330", "claim_name": null, "holder": "(100) GOLD FINDER RESOURCES LTD.", "status": "Active", "recorded_date": "2018-04-10", "anniversary_or_expiry": "2027-01-24", "area_ha": null, "tenure_type": "Single Cell Mining Claim", "source": "Ontario MLAS operational claims (OGSEarth / LIO MapServer). Unofficial viewing data, not legal title.", "as_of": "2026-09-20", "role": "focus", "color": "#e8b040"}}, {"type": "Feature", "geometry": {"type": "Polygon", "coordinates": [[[-93.7875, 51.1708], [-93.7875, 51.175], [-93.7938, 51.175], [-93.7938, 51.1708], [-93.7875, 51.1708]]]}, "properties": {"company_id": "gold-finder-resources", "jurisdiction": "Ontario", "claim_id": "114264", "claim_name": null, "holder": "(100) GOLD FINDER RESOURCES LTD.", "status": "Active", "recorded_date": "2018-04-10", "anniversary_or_expiry": "2030-08-03", "area_ha": null, "tenure_type": "Single Cell Mining Claim", "source": "Ontario MLAS operational claims (OGSEarth / LIO MapServer). Unofficial viewing data, not legal title.", "as_of": "2026-09-20", "role": "focus", "color": "#e8b040"}}, {"type": "Feature", "geometry": {"type": "Polygon", "coordinates": [[[-93.7875, 51.1667], [-93.7875, 51.1708], [-93.7938, 51.1708], [-93.7938, 51.1667], [-93.7875, 51.1667]]]}, "properties": {"company_id": "gold-finder-resources", "jurisdiction": "Ontario", "claim_id": "114265", "claim_name": null, "holder": "(100) GOLD FINDER RESOURCES LTD.", "status": "Active", "recorded_date": "2018-04-10", "anniversary_or_expiry": "2030-08-03", "area_ha": null, "tenure_type": "Single Cell Mining Claim", "source": "Ontario MLAS operational claims (OGSEarth / LIO MapServer). Unofficial viewing data, not legal title.", "as_of": "2026-09-20", "role": "focus", "color": "#e8b040"}}, {"type": "Feature", "geometry": {"type": "Polygon", "coordinates": [[[-93.7938, 51.1625], [-93.7938, 51.1667], [-93.8, 51.1667], [-93.8, 51.1625], [-93.7938, 51.1625]]]}, "properties": {"company_id": "gold-finder-resources", "jurisdiction": "Ontario", "claim_id": "114266", "claim_name": null, "holder": "(100) GOLD FINDER RESOURCES LTD.", "status": "Active", "recorded_date": "2018-04-10", "anniversary_or_expiry": "2030-08-03", "area_ha": null, "tenure_type": "Boundary Cell Mining Claim", "source": "Ontario MLAS operational claims (OGSEarth / LIO MapServer). Unofficial viewing data, not legal title.", "as_of": "2026-09-20", "role": "focus", "color": "#e8b040"}}, {"type": "Feature", "geometry": {"type": "Polygon", "coordinates": [[[-93.8063, 51.1625], [-93.8063, 51.1667], [-93.8125, 51.1667], [-93.8125, 51.1625], [-93.8063, 51.1625]]]}, "properties": {"company_id": "gold-finder-resources", "jurisdiction": "Ontario", "claim_id": "114267", "claim_name": null, "holder": "(100) GOLD FINDER RESOURCES LTD.", "status": "Active", "recorded_date": "2018-04-10", "anniversary_or_expiry": "2030-08-03", "area_ha": null, "tenure_type": "Boundary Cell Mining Claim", "source": "Ontario MLAS operational claims (OGSEarth / LIO MapServer). Unofficial viewing data, not legal title.", "as_of": "2026-09-20", "role": "focus", "color": "#e8b040"}}, {"type": "Feature", "geometry": {"type": "Polygon", "coordinates": [[[-91.575, 51.1792], [-91.575, 51.1833], [-91.5813, 51.1833], [-91.5813, 51.1792], [-91.575, 51.1792]]]}, "properties": {"company_id": "gold-finder-resources", "jurisdiction": "Ontario", "claim_id": "114279", "claim_name": null, "holder": "(100) GOLD FINDER RESOURCES LTD.", "status": "Active", "recorded_date": "2018-04-10", "anniversary_or_expiry": "2027-11-01", "area_ha": null, "tenure_type": "Single Cell Mining Claim", "source": "Ontario MLAS operational claims (OGSEarth / LIO MapServer). Unofficial viewing data, not legal title.", "as_of": "2026-09-20", "role": "focus", "color": "#e8b040"}}, {"type": "Feature", "geometry": {"type": "Polygon", "coordinates": [[[-91.575, 51.175], [-91.575, 51.1792], [-91.5813, 51.1792], [-91.5813, 51.175], [-91.575, 51.175]]]}, "properties": {"company_id": "gold-finder-resources", "jurisdiction": "Ontario", "claim_id": "114280", "claim_name": null, "holder": "(100) GOLD FINDER RESOURCES LTD.", "status": "Active", "recorded_date": "2018-04-10", "anniversary_or_expiry": "2027-11-01", "area_ha": null, "tenure_type": "Single Cell Mining Claim", "source": "Ontario MLAS operational claims (OGSEarth / LIO MapServer). Unofficial viewing data, not legal title.", "as_of": "2026-09-20", "role": "focus", "color": "#e8b040"}}, {"type": "Feature", "geometry": {"type": "Polygon", "coordinates": [[[-91.5875, 51.175], [-91.5875, 51.1792], [-91.5938, 51.1792], [-91.5938, 51.175], [-91.5875, 51.175]]]}, "properties": {"company_id": "gold-finder-resources", "jurisdiction": "Ontario", "claim_id": "114281", "claim_name": null, "holder": "(100) GOLD FINDER RESOURCES LTD.", "status": "Active", "recorded_date": "2018-04-10", "anniversary_or_expiry": "2027-11-01", "area_ha": null, "tenure_type": "Single Cell Mining Claim", "source": "Ontario MLAS operational claims (OGSEarth / LIO MapServer). Unofficial viewing data, not legal title.", "as_of": "2026-09-20", "role": "focus", "color": "#e8b040"}}, {"type": "Feature", "geometry": {"type": "Polygon", "coordinates": [[[-93.9875, 50.9333], [-93.9875, 50.9375], [-93.9938, 50.9375], [-93.9938, 50.9333], [-93.9875, 50.9333]]]}, "properties": {"company_id": "gold-finder-resources", "jurisdiction": "Ontario", "claim_id": "114360", "claim_name": null, "holder": "(100) GOLD FINDER RESOURCES LTD.", "status": "Active", "recorded_date": "2018-04-10", "anniversary_or_expiry": "2027-07-20", "area_ha": null, "tenure_type": "Single Cell Mining Claim", "source": "Ontario MLAS operational claims (OGSEarth / LIO MapServer). Unofficial viewing data, not legal title.", "as_of": "2026-09-20", "role": "focus", "color": "#e8b040"}}, {"type": "Feature", "geometry": {"type": "Polygon", "coordinates": [[[-94.0, 50.925], [-94.0, 50.9292], [-94.0063, 50.9292], [-94.0063, 50.925], [-94.0, 50.925]]]}, "properties": {"company_id": "gold-finder-resources", "jurisdiction": "Ontario", "claim_id": "115667", "claim_name": null, "holder": "(100) GOLD FINDER RESOURCES LTD.", "status": "Active", "recorded_date": "2018-04-10", "anniversary_or_expiry": "2027-07-20", "area_ha": null, "tenure_type": "Boundary Cell Mining Claim", "source": "Ontario MLAS operational claims (OGSEarth / LIO MapServer). Unofficial viewing data, not legal title.", "as_of": "2026-09-20", "role": "focus", "color": "#e8b040"}}, {"type": "Feature", "geometry": {"type": "Polygon", "coordinates": [[[-93.7625, 51.1708], [-93.7625, 51.175], [-93.7688, 51.175], [-93.7688, 51.1708], [-93.7625, 51.1708]]]}, "properties": {"company_id": "gold-finder-resources", "jurisdiction": "Ontario", "claim_id": "114737", "claim_name": null, "holder": "(100) GOLD FINDER RESOURCES LTD.", "status": "Active", "recorded_date": "2018-04-10", "anniversary_or_expiry": "2030-08-03", "area_ha": null, "tenure_type": "Boundary Cell Mining Claim", "source": "Ontario MLAS operational claims (OGSEarth / LIO MapServer). Unofficial viewing data, not legal title.", "as_of": "2026-09-20", "role": "focus", "color": "#e8b040"}}, {"type": "Feature", "geometry": {"type": "Polygon", "coordinates": [[[-93.8688, 51.15], [-93.8688, 51.1542], [-93.875, 51.1542], [-93.875, 51.15], [-93.8688, 51.15]]]}, "properties": {"company_id": "gold-finder-resources", "jurisdiction": "Ontario", "claim_id": "117883", "claim_name": null, "holder": "(100) GOLD FINDER RESOURCES LTD.", "status": "Active", "recorded_date": "2018-04-10", "anniversary_or_expiry": "2030-09-15", "area_ha": null, "tenure_type": "Boundary Cell Mining Claim", "source": "Ontario MLAS operational claims (OGSEarth / LIO MapServer). Unofficial viewing data, not legal title.", "as_of": "2026-09-20", "role": "focus", "color": "#e8b040"}}, {"type": "Feature", "geometry": {"type": "Polygon", "coordinates": [[[-94.1875, 50.9125], [-94.1875, 50.9167], [-94.1938, 50.9167], [-94.1938, 50.9125], [-94.1875, 50.9125]]]}, "properties": {"company_id": "gold-finder-resources", "jurisdiction": "Ontario", "claim_id": "117922", "claim_name": null, "holder": "(100) GOLD FINDER RESOURCES LTD.", "status": "Active", "recorded_date": "2018-04-10", "anniversary_or_expiry": "2027-10-14", "area_ha": null, "tenure_type": "Single Cell Mining Claim", "source": "Ontario MLAS operational claims (OGSEarth / LIO MapServer). Unofficial viewing data, not legal title.", "as_of": "2026-09-20", "role": "focus", "color": "#e8b040"}}, {"type": "Feature", "geometry": {"type": "Polygon", "coordinates": [[[-94.175, 50.9083], [-94.175, 50.9125], [-94.1813, 50.9125], [-94.1813, 50.9083], [-94.175, 50.9083]]]}, "properties": {"company_id": "gold-finder-resources", "jurisdiction": "Ontario", "claim_id": "117923", "claim_name": null, "holder": "(100) GOLD FINDER RESOURCES LTD.", "status": "Active", "recorded_date": "2018-04-10", "anniversary_or_expiry": "2027-10-14", "area_ha": null, "tenure_type": "Single Cell Mining Claim", "source": "Ontario MLAS operational claims (OGSEarth / LIO MapServer). Unofficial viewing data, not legal title.", "as_of": "2026-09-20", "role": "focus", "color": "#e8b040"}}, {"type": "Feature", "geometry": {"type": "Polygon", "coordinates": [[[-94.1875, 50.9292], [-94.1875, 50.9333], [-94.1938, 50.9333], [-94.1938, 50.9292], [-94.1875, 50.9292]]]}, "properties": {"company_id": "gold-finder-resources", "jurisdiction": "Ontario", "claim_id": "119471", "claim_name": null, "holder": "(100) GOLD FINDER RESOURCES LTD.", "status": "Active", "recorded_date": "2018-04-10", "anniversary_or_expiry": "2027-10-14", "area_ha": null, "tenure_type": "Boundary Cell Mining Claim", "source": "Ontario MLAS operational claims (OGSEarth / LIO MapServer). Unofficial viewing data, not legal title.", "as_of": "2026-09-20", "role": "focus", "color": "#e8b040"}}, {"type": "Feature", "geometry": {"type": "Polygon", "coordinates": [[[-94.0688, 50.9292], [-94.0688, 50.9333], [-94.075, 50.9333], [-94.075, 50.9292], [-94.0688, 50.9292]]]}, "properties": {"company_id": "gold-finder-resources", "jurisdiction": "Ontario", "claim_id": "120074", "claim_name": null, "holder": "(100) GOLD FINDER RESOURCES LTD.", "status": "Active", "recorded_date": "2018-04-10", "anniversary_or_expiry": "2027-10-14", "area_ha": null, "tenure_type": "Single Cell Mining Claim", "source": "Ontario MLAS operational claims (OGSEarth / LIO MapServer). Unofficial viewing data, not legal title.", "as_of": "2026-09-20", "role": "focus", "color": "#e8b040"}}, {"type": "Feature", "geometry": {"type": "Polygon", "coordinates": [[[-94.0063, 50.9417], [-94.0063, 50.9458], [-94.0125, 50.9458], [-94.0125, 50.9417], [-94.0063, 50.9417]]]}, "properties": {"company_id": "gold-finder-resources", "jurisdiction": "Ontario", "claim_id": "120091", "claim_name": null, "holder": "(100) GOLD FINDER RESOURCES LTD.", "status": "Active", "recorded_date": "2018-04-10", "anniversary_or_expiry": "2027-10-14", "area_ha": null, "tenure_type": "Single Cell Mining Claim", "source": "Ontario MLAS operational claims (OGSEarth / LIO MapServer). Unofficial viewing data, not legal title.", "as_of": "2026-09-20", "role": "focus", "color": "#e8b040"}}, {"type": "Feature", "geometry": {"type": "Polygon", "coordinates": [[[-94.0, 50.9375], [-94.0, 50.9417], [-94.0063, 50.9417], [-94.0063, 50.9375], [-94.0, 50.9375]]]}, "properties": {"company_id": "gold-finder-resources", "jurisdiction": "Ontario", "claim_id": "125000", "claim_name": null, "holder": "(100) GOLD FINDER RESOURCES LTD.", "status": "Active", "recorded_date": "2018-04-10", "anniversary_or_expiry": "2027-07-20", "area_ha": null, "tenure_type": "Boundary Cell Mining Claim", "source": "Ontario MLAS operational claims (OGSEarth / LIO MapServer). Unofficial viewing data, not legal title.", "as_of": "2026-09-20", "role": "focus", "color": "#e8b040"}}, {"type": "Feature", "geometry": {"type": "Polygon", "coordinates": [[[-93.875, 51.1542], [-93.875, 51.1583], [-93.8813, 51.1583], [-93.8813, 51.1542], [-93.875, 51.1542]]]}, "properties": {"company_id": "gold-finder-resources", "jurisdiction": "Ontario", "claim_id": "124438", "claim_name": null, "holder": "(100) GOLD FINDER RESOURCES LTD.", "status": "Active", "recorded_date": "2018-04-10", "anniversary_or_expiry": "2030-09-15", "area_ha": null, "tenure_type": "Single Cell Mining Claim", "source": "Ontario MLAS operational claims (OGSEarth / LIO MapServer). Unofficial viewing data, not legal title.", "as_of": "2026-09-20", "role": "focus", "color": "#e8b040"}}, {"type": "Feature", "geometry": {"type": "Polygon", "coordinates": [[[-93.875, 51.15], [-93.875, 51.1542], [-93.8813, 51.1542], [-93.8813, 51.15], [-93.875, 51.15]]]}, "properties": {"company_id": "gold-finder-resources", "jurisdiction": "Ontario", "claim_id": "124439", "claim_name": null, "holder": "(100) GOLD FINDER RESOURCES LTD.", "status": "Active", "recorded_date": "2018-04-10", "anniversary_or_expiry": "2030-09-15", "area_ha": null, "tenure_type": "Boundary Cell Mining Claim", "source": "Ontario MLAS operational claims (OGSEarth / LIO MapServer). Unofficial viewing data, not legal title.", "as_of": "2026-09-20", "role": "focus", "color": "#e8b040"}}, {"type": "Feature", "geometry": {"type": "Polygon", "coordinates": [[[-94.1688, 50.925], [-94.1688, 50.9292], [-94.175, 50.9292], [-94.175, 50.925], [-94.1688, 50.925]]]}, "properties": {"company_id": "gold-finder-resources", "jurisdiction": "Ontario", "claim_id": "124473", "claim_name": null, "holder": "(100) GOLD FINDER RESOURCES LTD.", "status": "Active", "recorded_date": "2018-04-10", "anniversary_or_expiry": "2027-10-14", "area_ha": null, "tenure_type": "Boundary Cell Mining Claim", "source": "Ontario MLAS operational claims (OGSEarth / LIO MapServer). Unofficial viewing data, not legal title.", "as_of": "2026-09-20", "role": "focus", "color": "#e8b040"}}, {"type": "Feature", "geometry": {"type": "Polygon", "coordinates": [[[-94.175, 50.9125], [-94.175, 50.9167], [-94.1813, 50.9167], [-94.1813, 50.9125], [-94.175, 50.9125]]]}, "properties": {"company_id": "gold-finder-resources", "jurisdiction": "Ontario", "claim_id": "124474", "claim_name": null, "holder": "(100) GOLD FINDER RESOURCES LTD.", "status": "Active", "recorded_date": "2018-04-10", "anniversary_or_expiry": "2027-10-14", "area_ha": null, "tenure_type": "Single Cell Mining Claim", "source": "Ontario MLAS operational claims (OGSEarth / LIO MapServer). Unofficial viewing data, not legal title.", "as_of": "2026-09-20", "role": "focus", "color": "#e8b040"}}, {"type": "Feature", "geometry": {"type": "Polygon", "coordinates": [[[-93.9938, 50.9417], [-93.9938, 50.9458], [-94.0, 50.9458], [-94.0, 50.9417], [-93.9938, 50.9417]]]}, "properties": {"company_id": "gold-finder-resources", "jurisdiction": "Ontario", "claim_id": "126015", "claim_name": null, "holder": "(100) GOLD FINDER RESOURCES LTD.", "status": "Active", "recorded_date": "2018-04-10", "anniversary_or_expiry": "2027-06-24", "area_ha": null, "tenure_type": "Single Cell Mining Claim", "source": "Ontario MLAS operational claims (OGSEarth / LIO MapServer). Unofficial viewing data, not legal title.", "as_of": "2026-09-20", "role": "focus", "color": "#e8b040"}}, {"type": "Feature", "geometry": {"type": "Polygon", "coordinates": [[[-94.1813, 50.9042], [-94.1813, 50.9083], [-94.1875, 50.9083], [-94.1875, 50.9042], [-94.1813, 50.9042]]]}, "properties": {"company_id": "gold-finder-resources", "jurisdiction": "Ontario", "claim_id": "127245", "claim_name": null, "holder": "(100) GOLD FINDER RESOURCES LTD.", "status": "Active", "recorded_date": "2018-04-10", "anniversary_or_expiry": "2027-10-14", "area_ha": null, "tenure_type": "Single Cell Mining Claim", "source": "Ontario MLAS operational claims (OGSEarth / LIO MapServer). Unofficial viewing data, not legal title.", "as_of": "2026-09-20", "role": "focus", "color": "#e8b040"}}, {"type": "Feature", "geometry": {"type": "Polygon", "coordinates": [[[-94.1938, 50.9083], [-94.1938, 50.9125], [-94.2, 50.9125], [-94.2, 50.9083], [-94.1938, 50.9083]]]}, "properties": {"company_id": "gold-finder-resources", "jurisdiction": "Ontario", "claim_id": "127256", "claim_name": null, "holder": "(100) GOLD FINDER RESOURCES LTD.", "status": "Active", "recorded_date": "2018-04-10", "anniversary_or_expiry": "2027-10-14", "area_ha": null, "tenure_type": "Single Cell Mining Claim", "source": "Ontario MLAS operational claims (OGSEarth / LIO MapServer). Unofficial viewing data, not legal title.", "as_of": "2026-09-20", "role": "focus", "color": "#e8b040"}}, {"type": "Feature", "geometry": {"type": "Polygon", "coordinates": [[[-94.0563, 50.9417], [-94.0563, 50.9458], [-94.0625, 50.9458], [-94.0625, 50.9417], [-94.0563, 50.9417]]]}, "properties": {"company_id": "gold-finder-resources", "jurisdiction": "Ontario", "claim_id": "127343", "claim_name": null, "holder": "(100) GOLD FINDER RESOURCES LTD.", "status": "Active", "recorded_date": "2018-04-10", "anniversary_or_expiry": "2027-10-14", "area_ha": null, "tenure_type": "Single Cell Mining Claim", "source": "Ontario MLAS operational claims (OGSEarth / LIO MapServer). Unofficial viewing data, not legal title.", "as_of": "2026-09-20", "role": "focus", "color": "#e8b040"}}, {"type": "Feature", "geometry": {"type": "Polygon", "coordinates": [[[-94.0563, 50.9375], [-94.0563, 50.9417], [-94.0625, 50.9417], [-94.0625, 50.9375], [-94.0563, 50.9375]]]}, "properties": {"company_id": "gold-finder-resources", "jurisdiction": "Ontario", "claim_id": "127344", "claim_name": null, "holder": "(100) GOLD FINDER RESOURCES LTD.", "status": "Active", "recorded_date": "2018-04-10", "anniversary_or_expiry": "2027-10-14", "area_ha": null, "tenure_type": "Single Cell Mining Claim", "source": "Ontario MLAS operational claims (OGSEarth / LIO MapServer). Unofficial viewing data, not legal title.", "as_of": "2026-09-20", "role": "focus", "color": "#e8b040"}}, {"type": "Feature", "geometry": {"type": "Polygon", "coordinates": [[[-94.0875, 50.925], [-94.0875, 50.9292], [-94.0938, 50.9292], [-94.0938, 50.925], [-94.0875, 50.925]]]}, "properties": {"company_id": "gold-finder-resources", "jurisdiction": "Ontario", "claim_id": "128571", "claim_name": null, "holder": "(100) GOLD FINDER RESOURCES LTD.", "status": "Active", "recorded_date": "2018-04-10", "anniversary_or_expiry": "2027-10-14", "area_ha": null, "tenure_type": "Boundary Cell Mining Claim", "source": "Ontario MLAS operational claims (OGSEarth / LIO MapServer). Unofficial viewing data, not legal title.", "as_of": "2026-09-20", "role": "focus", "color": "#e8b040"}}, {"type": "Feature", "geometry": {"type": "Polygon", "coordinates": [[[-94.225, 50.9], [-94.225, 50.9042], [-94.2313, 50.9042], [-94.2313, 50.9], [-94.225, 50.9]]]}, "properties": {"company_id": "gold-finder-resources", "jurisdiction": "Ontario", "claim_id": "129356", "claim_name": null, "holder": "(100) GOLD FINDER RESOURCES LTD.", "status": "Active", "recorded_date": "2018-04-10", "anniversary_or_expiry": "2027-10-14", "area_ha": null, "tenure_type": "Single Cell Mining Claim", "source": "Ontario MLAS operational claims (OGSEarth / LIO MapServer). Unofficial viewing data, not legal title.", "as_of": "2026-09-20", "role": "focus", "color": "#e8b040"}}, {"type": "Feature", "geometry": {"type": "Polygon", "coordinates": [[[-93.9813, 50.9417], [-93.9813, 50.9458], [-93.9875, 50.9458], [-93.9875, 50.9417], [-93.9813, 50.9417]]]}, "properties": {"company_id": "gold-finder-resources", "jurisdiction": "Ontario", "claim_id": "129551", "claim_name": null, "holder": "(100) GOLD FINDER RESOURCES LTD.", "status": "Active", "recorded_date": "2018-04-10", "anniversary_or_expiry": "2027-04-28", "area_ha": null, "tenure_type": "Single Cell Mining Claim", "source": "Ontario MLAS operational claims (OGSEarth / LIO MapServer). Unofficial viewing data, not legal title.", "as_of": "2026-09-20", "role": "focus", "color": "#e8b040"}}, {"type": "Feature", "geometry": {"type": "Polygon", "coordinates": [[[-93.9875, 50.9375], [-93.9875, 50.9417], [-93.9938, 50.9417], [-93.9938, 50.9375], [-93.9875, 50.9375]]]}, "properties": {"company_id": "gold-finder-resources", "jurisdiction": "Ontario", "claim_id": "129552", "claim_name": null, "holder": "(100) GOLD FINDER RESOURCES LTD.", "status": "Active", "recorded_date": "2018-04-10", "anniversary_or_expiry": "2027-06-24", "area_ha": null, "tenure_type": "Boundary Cell Mining Claim", "source": "Ontario MLAS operational claims (OGSEarth / LIO MapServer). Unofficial viewing data, not legal title.", "as_of": "2026-09-20", "role": "focus", "color": "#e8b040"}}, {"type": "Feature", "geometry": {"type": "Polygon", "coordinates": [[[-94.025, 50.9417], [-94.025, 50.9458], [-94.0313, 50.9458], [-94.0313, 50.9417], [-94.025, 50.9417]]]}, "properties": {"company_id": "gold-finder-resources", "jurisdiction": "Ontario", "claim_id": "131520", "claim_name": null, "holder": "(100) GOLD FINDER RESOURCES LTD.", "status": "Active", "recorded_date": "2018-04-10", "anniversary_or_expiry": "2027-10-14", "area_ha": null, "tenure_type": "Single Cell Mining Claim", "source": "Ontario MLAS operational claims (OGSEarth / LIO MapServer). Unofficial viewing data, not legal title.", "as_of": "2026-09-20", "role": "focus", "color": "#e8b040"}}, {"type": "Feature", "geometry": {"type": "Polygon", "coordinates": [[[-94.0313, 50.9417], [-94.0313, 50.9458], [-94.0375, 50.9458], [-94.0375, 50.9417], [-94.0313, 50.9417]]]}, "properties": {"company_id": "gold-finder-resources", "jurisdiction": "Ontario", "claim_id": "131521", "claim_name": null, "holder": "(100) GOLD FINDER RESOURCES LTD.", "status": "Active", "recorded_date": "2018-04-10", "anniversary_or_expiry": "2027-10-14", "area_ha": null, "tenure_type": "Single Cell Mining Claim", "source": "Ontario MLAS operational claims (OGSEarth / LIO MapServer). Unofficial viewing data, not legal title.", "as_of": "2026-09-20", "role": "focus", "color": "#e8b040"}}, {"type": "Feature", "geometry": {"type": "Polygon", "coordinates": [[[-94.0188, 50.9417], [-94.0188, 50.9458], [-94.025, 50.9458], [-94.025, 50.9417], [-94.0188, 50.9417]]]}, "properties": {"company_id": "gold-finder-resources", "jurisdiction": "Ontario", "claim_id": "132077", "claim_name": null, "holder": "(100) GOLD FINDER RESOURCES LTD.", "status": "Active", "recorded_date": "2018-04-10", "anniversary_or_expiry": "2027-10-14", "area_ha": null, "tenure_type": "Single Cell Mining Claim", "source": "Ontario MLAS operational claims (OGSEarth / LIO MapServer). Unofficial viewing data, not legal title.", "as_of": "2026-09-20", "role": "focus", "color": "#e8b040"}}, {"type": "Feature", "geometry": {"type": "Polygon", "coordinates": [[[-94.0, 50.9375], [-94.0, 50.9417], [-94.0063, 50.9417], [-94.0063, 50.9375], [-94.0, 50.9375]]]}, "properties": {"company_id": "gold-finder-resources", "jurisdiction": "Ontario", "claim_id": "132078", "claim_name": null, "holder": "(100) GOLD FINDER RESOURCES LTD.", "status": "Active", "recorded_date": "2018-04-10", "anniversary_or_expiry": "2027-10-14", "area_ha": null, "tenure_type": "Boundary Cell Mining Claim", "source": "Ontario MLAS operational claims (OGSEarth / LIO MapServer). Unofficial viewing data, not legal title.", "as_of": "2026-09-20", "role": "focus", "color": "#e8b040"}}, {"type": "Feature", "geometry": {"type": "Polygon", "coordinates": [[[-94.0625, 50.9333], [-94.0625, 50.9375], [-94.0688, 50.9375], [-94.0688, 50.9333], [-94.0625, 50.9333]]]}, "properties": {"company_id": "gold-finder-resources", "jurisdiction": "Ontario", "claim_id": "131552", "claim_name": null, "holder": "(100) GOLD FINDER RESOURCES LTD.", "status": "Active", "recorded_date": "2018-04-10", "anniversary_or_expiry": "2027-10-14", "area_ha": null, "tenure_type": "Single Cell Mining Claim", "source": "Ontario MLAS operational claims (OGSEarth / LIO MapServer). Unofficial viewing data, not legal title.", "as_of": "2026-09-20", "role": "focus", "color": "#e8b040"}}, {"type": "Feature", "geometry": {"type": "Polygon", "coordinates": [[[-94.2125, 50.8958], [-94.2125, 50.9], [-94.2188, 50.9], [-94.2188, 50.8958], [-94.2125, 50.8958]]]}, "properties": {"company_id": "gold-finder-resources", "jurisdiction": "Ontario", "claim_id": "130740", "claim_name": null, "holder": "(100) GOLD FINDER RESOURCES LTD.", "status": "Active", "recorded_date": "2018-04-10", "anniversary_or_expiry": "2027-10-14", "area_ha": null, "tenure_type": "Single Cell Mining Claim", "source": "Ontario MLAS operational claims (OGSEarth / LIO MapServer). Unofficial viewing data, not legal title.", "as_of": "2026-09-20", "role": "focus", "color": "#e8b040"}}, {"type": "Feature", "geometry": {"type": "Polygon", "coordinates": [[[-94.2188, 50.8917], [-94.2188, 50.8958], [-94.225, 50.8958], [-94.225, 50.8917], [-94.2188, 50.8917]]]}, "properties": {"company_id": "gold-finder-resources", "jurisdiction": "Ontario", "claim_id": "130741", "claim_name": null, "holder": "(100) GOLD FINDER RESOURCES LTD.", "status": "Active", "recorded_date": "2018-04-10", "anniversary_or_expiry": "2027-10-14", "area_ha": null, "tenure_type": "Single Cell Mining Claim", "source": "Ontario MLAS operational claims (OGSEarth / LIO MapServer). Unofficial viewing data, not legal title.", "as_of": "2026-09-20", "role": "focus", "color": "#e8b040"}}, {"type": "Feature", "geometry": {"type": "Polygon", "coordinates": [[[-94.0375, 50.9375], [-94.0375, 50.9417], [-94.0438, 50.9417], [-94.0438, 50.9375], [-94.0375, 50.9375]]]}, "properties": {"company_id": "gold-finder-resources", "jurisdiction": "Ontario", "claim_id": "131443", "claim_name": null, "holder": "(100) GOLD FINDER RESOURCES LTD.", "status": "Active", "recorded_date": "2018-04-10", "anniversary_or_expiry": "2027-10-14", "area_ha": null, "tenure_type": "Single Cell Mining Claim", "source": "Ontario MLAS operational claims (OGSEarth / LIO MapServer). Unofficial viewing data, not legal title.", "as_of": "2026-09-20", "role": "focus", "color": "#e8b040"}}, {"type": "Feature", "geometry": {"type": "Polygon", "coordinates": [[[-94.1438, 50.925], [-94.1438, 50.9292], [-94.15, 50.9292], [-94.15, 50.925], [-94.1438, 50.925]]]}, "properties": {"company_id": "gold-finder-resources", "jurisdiction": "Ontario", "claim_id": "134507", "claim_name": null, "holder": "(100) GOLD FINDER RESOURCES LTD.", "status": "Active", "recorded_date": "2018-04-10", "anniversary_or_expiry": "2027-10-14", "area_ha": null, "tenure_type": "Boundary Cell Mining Claim", "source": "Ontario MLAS operational claims (OGSEarth / LIO MapServer). Unofficial viewing data, not legal title.", "as_of": "2026-09-20", "role": "focus", "color": "#e8b040"}}, {"type": "Feature", "geometry": {"type": "Polygon", "coordinates": [[[-94.0, 50.9208], [-94.0, 50.925], [-94.0063, 50.925], [-94.0063, 50.9208], [-94.0, 50.9208]]]}, "properties": {"company_id": "gold-finder-resources", "jurisdiction": "Ontario", "claim_id": "132939", "claim_name": null, "holder": "(100) GOLD FINDER RESOURCES LTD.", "status": "Active", "recorded_date": "2018-04-10", "anniversary_or_expiry": "2027-10-14", "area_ha": null, "tenure_type": "Boundary Cell Mining Claim", "source": "Ontario MLAS operational claims (OGSEarth / LIO MapServer). Unofficial viewing data, not legal title.", "as_of": "2026-09-20", "role": "focus", "color": "#e8b040"}}, {"type": "Feature", "geometry": {"type": "Polygon", "coordinates": [[[-94.0063, 50.9208], [-94.0063, 50.925], [-94.0125, 50.925], [-94.0125, 50.9208], [-94.0063, 50.9208]]]}, "properties": {"company_id": "gold-finder-resources", "jurisdiction": "Ontario", "claim_id": "132940", "claim_name": null, "holder": "(100) GOLD FINDER RESOURCES LTD.", "status": "Active", "recorded_date": "2018-04-10", "anniversary_or_expiry": "2027-10-14", "area_ha": null, "tenure_type": "Boundary Cell Mining Claim", "source": "Ontario MLAS operational claims (OGSEarth / LIO MapServer). Unofficial viewing data, not legal title.", "as_of": "2026-09-20", "role": "focus", "color": "#e8b040"}}, {"type": "Feature", "geometry": {"type": "Polygon", "coordinates": [[[-91.5188, 51.1792], [-91.5188, 51.1833], [-91.525, 51.1833], [-91.525, 51.1792], [-91.5188, 51.1792]]]}, "properties": {"company_id": "gold-finder-resources", "jurisdiction": "Ontario", "claim_id": "136483", "claim_name": null, "holder": "(100) GOLD FINDER RESOURCES LTD.", "status": "Active", "recorded_date": "2018-04-10", "anniversary_or_expiry": "2027-05-26", "area_ha": null, "tenure_type": "Boundary Cell Mining Claim", "source": "Ontario MLAS operational claims (OGSEarth / LIO MapServer). Unofficial viewing data, not legal title.", "as_of": "2026-09-20", "role": "focus", "color": "#e8b040"}}, {"type": "Feature", "geometry": {"type": "Polygon", "coordinates": [[[-93.9375, 50.9625], [-93.9375, 50.9667], [-93.9438, 50.9667], [-93.9438, 50.9625], [-93.9375, 50.9625]]]}, "properties": {"company_id": "gold-finder-resources", "jurisdiction": "Ontario", "claim_id": "136027", "claim_name": null, "holder": "(100) GOLD FINDER RESOURCES LTD.", "status": "Active", "recorded_date": "2018-04-10", "anniversary_or_expiry": "2027-01-25", "area_ha": null, "tenure_type": "Single Cell Mining Claim", "source": "Ontario MLAS operational claims (OGSEarth / LIO MapServer). Unofficial viewing data, not legal title.", "as_of": "2026-09-20", "role": "focus", "color": "#e8b040"}}, {"type": "Feature", "geometry": {"type": "Polygon", "coordinates": [[[-93.9563, 50.9583], [-93.9563, 50.9625], [-93.9625, 50.9625], [-93.9625, 50.9583], [-93.9563, 50.9583]]]}, "properties": {"company_id": "gold-finder-resources", "jurisdiction": "Ontario", "claim_id": "136028", "claim_name": null, "holder": "(100) GOLD FINDER RESOURCES LTD.", "status": "Active", "recorded_date": "2018-04-10", "anniversary_or_expiry": "2027-01-25", "area_ha": null, "tenure_type": "Boundary Cell Mining Claim", "source": "Ontario MLAS operational claims (OGSEarth / LIO MapServer). Unofficial viewing data, not legal title.", "as_of": "2026-09-20", "role": "focus", "color": "#e8b040"}}, {"type": "Feature", "geometry": {"type": "Polygon", "coordinates": [[[-94.1938, 50.9167], [-94.1938, 50.9208], [-94.2, 50.9208], [-94.2, 50.9167], [-94.1938, 50.9167]]]}, "properties": {"company_id": "gold-finder-resources", "jurisdiction": "Ontario", "claim_id": "137924", "claim_name": null, "holder": "(100) GOLD FINDER RESOURCES LTD.", "status": "Active", "recorded_date": "2018-04-10", "anniversary_or_expiry": "2027-10-14", "area_ha": null, "tenure_type": "Single Cell Mining Claim", "source": "Ontario MLAS operational claims (OGSEarth / LIO MapServer). Unofficial viewing data, not legal title.", "as_of": "2026-09-20", "role": "focus", "color": "#e8b040"}}, {"type": "Feature", "geometry": {"type": "Polygon", "coordinates": [[[-94.175, 50.9], [-94.175, 50.9042], [-94.1813, 50.9042], [-94.1813, 50.9], [-94.175, 50.9]]]}, "properties": {"company_id": "gold-finder-resources", "jurisdiction": "Ontario", "claim_id": "138703", "claim_name": null, "holder": "(100) GOLD FINDER RESOURCES LTD.", "status": "Active", "recorded_date": "2018-04-10", "anniversary_or_expiry": "2027-10-14", "area_ha": null, "tenure_type": "Single Cell Mining Claim", "source": "Ontario MLAS operational claims (OGSEarth / LIO MapServer). Unofficial viewing data, not legal title.", "as_of": "2026-09-20", "role": "focus", "color": "#e8b040"}}, {"type": "Feature", "geometry": {"type": "Polygon", "coordinates": [[[-94.2, 50.9083], [-94.2, 50.9125], [-94.2063, 50.9125], [-94.2063, 50.9083], [-94.2, 50.9083]]]}, "properties": {"company_id": "gold-finder-resources", "jurisdiction": "Ontario", "claim_id": "138716", "claim_name": null, "holder": "(100) GOLD FINDER RESOURCES LTD.", "status": "Active", "recorded_date": "2018-04-10", "anniversary_or_expiry": "2027-10-14", "area_ha": null, "tenure_type": "Single Cell Mining Claim", "source": "Ontario MLAS operational claims (OGSEarth / LIO MapServer). Unofficial viewing data, not legal title.", "as_of": "2026-09-20", "role": "focus", "color": "#e8b040"}}, {"type": "Feature", "geometry": {"type": "Polygon", "coordinates": [[[-94.0438, 50.9375], [-94.0438, 50.9417], [-94.05, 50.9417], [-94.05, 50.9375], [-94.0438, 50.9375]]]}, "properties": {"company_id": "gold-finder-resources", "jurisdiction": "Ontario", "claim_id": "139295", "claim_name": null, "holder": "(100) GOLD FINDER RESOURCES LTD.", "status": "Active", "recorded_date": "2018-04-10", "anniversary_or_expiry": "2027-10-14", "area_ha": null, "tenure_type": "Single Cell Mining Claim", "source": "Ontario MLAS operational claims (OGSEarth / LIO MapServer). Unofficial viewing data, not legal title.", "as_of": "2026-09-20", "role": "focus", "color": "#e8b040"}}, {"type": "Feature", "geometry": {"type": "Polygon", "coordinates": [[[-94.05, 50.9333], [-94.05, 50.9375], [-94.0563, 50.9375], [-94.0563, 50.9333], [-94.05, 50.9333]]]}, "properties": {"company_id": "gold-finder-resources", "jurisdiction": "Ontario", "claim_id": "139296", "claim_name": null, "holder": "(100) GOLD FINDER RESOURCES LTD.", "status": "Active", "recorded_date": "2018-04-10", "anniversary_or_expiry": "2027-10-14", "area_ha": null, "tenure_type": "Single Cell Mining Claim", "source": "Ontario MLAS operational claims (OGSEarth / LIO MapServer). Unofficial viewing data, not legal title.", "as_of": "2026-09-20", "role": "focus", "color": "#e8b040"}}, {"type": "Feature", "geometry": {"type": "Polygon", "coordinates": [[[-94.0563, 50.9292], [-94.0563, 50.9333], [-94.0625, 50.9333], [-94.0625, 50.9292], [-94.0563, 50.9292]]]}, "properties": {"company_id": "gold-finder-resources", "jurisdiction": "Ontario", "claim_id": "139297", "claim_name": null, "holder": "(100) GOLD FINDER RESOURCES LTD.", "status": "Active", "recorded_date": "2018-04-10", "anniversary_or_expiry": "2027-10-14", "area_ha": null, "tenure_type": "Single Cell Mining Claim", "source": "Ontario MLAS operational claims (OGSEarth / LIO MapServer). Unofficial viewing data, not legal title.", "as_of": "2026-09-20", "role": "focus", "color": "#e8b040"}}, {"type": "Feature", "geometry": {"type": "Polygon", "coordinates": [[[-94.0563, 50.925], [-94.0563, 50.9292], [-94.0625, 50.9292], [-94.0625, 50.925], [-94.0563, 50.925]]]}, "properties": {"company_id": "gold-finder-resources", "jurisdiction": "Ontario", "claim_id": "139298", "claim_name": null, "holder": "(100) GOLD FINDER RESOURCES LTD.", "status": "Active", "recorded_date": "2018-04-10", "anniversary_or_expiry": "2027-10-14", "area_ha": null, "tenure_type": "Single Cell Mining Claim", "source": "Ontario MLAS operational claims (OGSEarth / LIO MapServer). Unofficial viewing data, not legal title.", "as_of": "2026-09-20", "role": "focus", "color": "#e8b040"}}, {"type": "Feature", "geometry": {"type": "Polygon", "coordinates": [[[-94.1563, 50.9208], [-94.1563, 50.925], [-94.1625, 50.925], [-94.1625, 50.9208], [-94.1563, 50.9208]]]}, "properties": {"company_id": "gold-finder-resources", "jurisdiction": "Ontario", "claim_id": "139999", "claim_name": null, "holder": "(100) GOLD FINDER RESOURCES LTD.", "status": "Active", "recorded_date": "2018-04-10", "anniversary_or_expiry": "2027-10-14", "area_ha": null, "tenure_type": "Single Cell Mining Claim", "source": "Ontario MLAS operational claims (OGSEarth / LIO MapServer). Unofficial viewing data, not legal title.", "as_of": "2026-09-20", "role": "focus", "color": "#e8b040"}}, {"type": "Feature", "geometry": {"type": "Polygon", "coordinates": [[[-94.0813, 50.925], [-94.0813, 50.9292], [-94.0875, 50.9292], [-94.0875, 50.925], [-94.0813, 50.925]]]}, "properties": {"company_id": "gold-finder-resources", "jurisdiction": "Ontario", "claim_id": "140045", "claim_name": null, "holder": "(100) GOLD FINDER RESOURCES LTD.", "status": "Active", "recorded_date": "2018-04-10", "anniversary_or_expiry": "2027-10-14", "area_ha": null, "tenure_type": "Boundary Cell Mining Claim", "source": "Ontario MLAS operational claims (OGSEarth / LIO MapServer). Unofficial viewing data, not legal title.", "as_of": "2026-09-20", "role": "focus", "color": "#e8b040"}}, {"type": "Feature", "geometry": {"type": "Polygon", "coordinates": [[[-94.0188, 50.925], [-94.0188, 50.9292], [-94.025, 50.9292], [-94.025, 50.925], [-94.0188, 50.925]]]}, "properties": {"company_id": "gold-finder-resources", "jurisdiction": "Ontario", "claim_id": "142015", "claim_name": null, "holder": "(100) GOLD FINDER RESOURCES LTD.", "status": "Active", "recorded_date": "2018-04-10", "anniversary_or_expiry": "2027-07-04", "area_ha": null, "tenure_type": "Boundary Cell Mining Claim", "source": "Ontario MLAS operational claims (OGSEarth / LIO MapServer). Unofficial viewing data, not legal title.", "as_of": "2026-09-20", "role": "focus", "color": "#e8b040"}}, {"type": "Feature", "geometry": {"type": "Polygon", "coordinates": [[[-91.5438, 51.1833], [-91.5438, 51.1875], [-91.55, 51.1875], [-91.55, 51.1833], [-91.5438, 51.1833]]]}, "properties": {"company_id": "gold-finder-resources", "jurisdiction": "Ontario", "claim_id": "143182", "claim_name": null, "holder": "(100) GOLD FINDER RESOURCES LTD.", "status": "Active", "recorded_date": "2018-04-10", "anniversary_or_expiry": "2027-11-01", "area_ha": null, "tenure_type": "Single Cell Mining Claim", "source": "Ontario MLAS operational claims (OGSEarth / LIO MapServer). Unofficial viewing data, not legal title.", "as_of": "2026-09-20", "role": "focus", "color": "#e8b040"}}, {"type": "Feature", "geometry": {"type": "Polygon", "coordinates": [[[-91.5375, 51.1792], [-91.5375, 51.1833], [-91.5438, 51.1833], [-91.5438, 51.1792], [-91.5375, 51.1792]]]}, "properties": {"company_id": "gold-finder-resources", "jurisdiction": "Ontario", "claim_id": "143914", "claim_name": null, "holder": "(100) GOLD FINDER RESOURCES LTD.", "status": "Active", "recorded_date": "2018-04-10", "anniversary_or_expiry": "2027-11-01", "area_ha": null, "tenure_type": "Single Cell Mining Claim", "source": "Ontario MLAS operational claims (OGSEarth / LIO MapServer). Unofficial viewing data, not legal title.", "as_of": "2026-09-20", "role": "focus", "color": "#e8b040"}}, {"type": "Feature", "geometry": {"type": "Polygon", "coordinates": [[[-93.8313, 51.1583], [-93.8313, 51.1625], [-93.8375, 51.1625], [-93.8375, 51.1583], [-93.8313, 51.1583]]]}, "properties": {"company_id": "gold-finder-resources", "jurisdiction": "Ontario", "claim_id": "147788", "claim_name": null, "holder": "(100) GOLD FINDER RESOURCES LTD.", "status": "Active", "recorded_date": "2018-04-10", "anniversary_or_expiry": "2030-08-03", "area_ha": null, "tenure_type": "Single Cell Mining Claim", "source": "Ontario MLAS operational claims (OGSEarth / LIO MapServer). Unofficial viewing data, not legal title.", "as_of": "2026-09-20", "role": "focus", "color": "#e8b040"}}, {"type": "Feature", "geometry": {"type": "Polygon", "coordinates": [[[-93.8375, 51.1583], [-93.8375, 51.1625], [-93.8438, 51.1625], [-93.8438, 51.1583], [-93.8375, 51.1583]]]}, "properties": {"company_id": "gold-finder-resources", "jurisdiction": "Ontario", "claim_id": "147789", "claim_name": null, "holder": "(100) GOLD FINDER RESOURCES LTD.", "status": "Active", "recorded_date": "2018-04-10", "anniversary_or_expiry": "2030-08-03", "area_ha": null, "tenure_type": "Single Cell Mining Claim", "source": "Ontario MLAS operational claims (OGSEarth / LIO MapServer). Unofficial viewing data, not legal title.", "as_of": "2026-09-20", "role": "focus", "color": "#e8b040"}}, {"type": "Feature", "geometry": {"type": "Polygon", "coordinates": [[[-94.2188, 50.8958], [-94.2188, 50.9], [-94.225, 50.9], [-94.225, 50.8958], [-94.2188, 50.8958]]]}, "properties": {"company_id": "gold-finder-resources", "jurisdiction": "Ontario", "claim_id": "146739", "claim_name": null, "holder": "(100) GOLD FINDER RESOURCES LTD.", "status": "Active", "recorded_date": "2018-04-10", "anniversary_or_expiry": "2027-10-14", "area_ha": null, "tenure_type": "Single Cell Mining Claim", "source": "Ontario MLAS operational claims (OGSEarth / LIO MapServer). Unofficial viewing data, not legal title.", "as_of": "2026-09-20", "role": "focus", "color": "#e8b040"}}, {"type": "Feature", "geometry": {"type": "Polygon", "coordinates": [[[-94.2063, 50.8917], [-94.2063, 50.8958], [-94.2125, 50.8958], [-94.2125, 50.8917], [-94.2063, 50.8917]]]}, "properties": {"company_id": "gold-finder-resources", "jurisdiction": "Ontario", "claim_id": "146740", "claim_name": null, "holder": "(100) GOLD FINDER RESOURCES LTD.", "status": "Active", "recorded_date": "2018-04-10", "anniversary_or_expiry": "2027-10-14", "area_ha": null, "tenure_type": "Single Cell Mining Claim", "source": "Ontario MLAS operational claims (OGSEarth / LIO MapServer). Unofficial viewing data, not legal title.", "as_of": "2026-09-20", "role": "focus", "color": "#e8b040"}}, {"type": "Feature", "geometry": {"type": "Polygon", "coordinates": [[[-93.8, 51.1708], [-93.8, 51.175], [-93.8063, 51.175], [-93.8063, 51.1708], [-93.8, 51.1708]]]}, "properties": {"company_id": "gold-finder-resources", "jurisdiction": "Ontario", "claim_id": "147348", "claim_name": null, "holder": "(100) GOLD FINDER RESOURCES LTD.", "status": "Active", "recorded_date": "2018-04-10", "anniversary_or_expiry": "2030-08-03", "area_ha": null, "tenure_type": "Single Cell Mining Claim", "source": "Ontario MLAS operational claims (OGSEarth / LIO MapServer). Unofficial viewing data, not legal title.", "as_of": "2026-09-20", "role": "focus", "color": "#e8b040"}}, {"type": "Feature", "geometry": {"type": "Polygon", "coordinates": [[[-93.8125, 51.1708], [-93.8125, 51.175], [-93.8188, 51.175], [-93.8188, 51.1708], [-93.8125, 51.1708]]]}, "properties": {"company_id": "gold-finder-resources", "jurisdiction": "Ontario", "claim_id": "147349", "claim_name": null, "holder": "(100) GOLD FINDER RESOURCES LTD.", "status": "Active", "recorded_date": "2018-04-10", "anniversary_or_expiry": "2030-08-03", "area_ha": null, "tenure_type": "Single Cell Mining Claim", "source": "Ontario MLAS operational claims (OGSEarth / LIO MapServer). Unofficial viewing data, not legal title.", "as_of": "2026-09-20", "role": "focus", "color": "#e8b040"}}, {"type": "Feature", "geometry": {"type": "Polygon", "coordinates": [[[-93.8188, 51.1708], [-93.8188, 51.175], [-93.825, 51.175], [-93.825, 51.1708], [-93.8188, 51.1708]]]}, "properties": {"company_id": "gold-finder-resources", "jurisdiction": "Ontario", "claim_id": "147350", "claim_name": null, "holder": "(100) GOLD FINDER RESOURCES LTD.", "status": "Active", "recorded_date": "2018-04-10", "anniversary_or_expiry": "2030-08-03", "area_ha": null, "tenure_type": "Single Cell Mining Claim", "source": "Ontario MLAS operational claims (OGSEarth / LIO MapServer). Unofficial viewing data, not legal title.", "as_of": "2026-09-20", "role": "focus", "color": "#e8b040"}}, {"type": "Feature", "geometry": {"type": "Polygon", "coordinates": [[[-91.5875, 51.1875], [-91.5875, 51.1917], [-91.5938, 51.1917], [-91.5938, 51.1875], [-91.5875, 51.1875]]]}, "properties": {"company_id": "gold-finder-resources", "jurisdiction": "Ontario", "claim_id": "147357", "claim_name": null, "holder": "(100) GOLD FINDER RESOURCES LTD.", "status": "Active", "recorded_date": "2018-04-10", "anniversary_or_expiry": "2027-11-01", "area_ha": null, "tenure_type": "Single Cell Mining Claim", "source": "Ontario MLAS operational claims (OGSEarth / LIO MapServer). Unofficial viewing data, not legal title.", "as_of": "2026-09-20", "role": "focus", "color": "#e8b040"}}, {"type": "Feature", "geometry": {"type": "Polygon", "coordinates": [[[-93.9813, 50.925], [-93.9813, 50.9292], [-93.9875, 50.9292], [-93.9875, 50.925], [-93.9813, 50.925]]]}, "properties": {"company_id": "gold-finder-resources", "jurisdiction": "Ontario", "claim_id": "147970", "claim_name": null, "holder": "(100) GOLD FINDER RESOURCES LTD.", "status": "Active", "recorded_date": "2018-04-10", "anniversary_or_expiry": "2027-07-20", "area_ha": null, "tenure_type": "Boundary Cell Mining Claim", "source": "Ontario MLAS operational claims (OGSEarth / LIO MapServer). Unofficial viewing data, not legal title.", "as_of": "2026-09-20", "role": "focus", "color": "#e8b040"}}, {"type": "Feature", "geometry": {"type": "Polygon", "coordinates": [[[-94.0188, 50.925], [-94.0188, 50.9292], [-94.025, 50.9292], [-94.025, 50.925], [-94.0188, 50.925]]]}, "properties": {"company_id": "gold-finder-resources", "jurisdiction": "Ontario", "claim_id": "147450", "claim_name": null, "holder": "(100) GOLD FINDER RESOURCES LTD.", "status": "Active", "recorded_date": "2018-04-10", "anniversary_or_expiry": "2027-10-14", "area_ha": null, "tenure_type": "Boundary Cell Mining Claim", "source": "Ontario MLAS operational claims (OGSEarth / LIO MapServer). Unofficial viewing data, not legal title.", "as_of": "2026-09-20", "role": "focus", "color": "#e8b040"}}, {"type": "Feature", "geometry": {"type": "Polygon", "coordinates": [[[-94.0438, 50.9208], [-94.0438, 50.925], [-94.05, 50.925], [-94.05, 50.9208], [-94.0438, 50.9208]]]}, "properties": {"company_id": "gold-finder-resources", "jurisdiction": "Ontario", "claim_id": "147451", "claim_name": null, "holder": "(100) GOLD FINDER RESOURCES LTD.", "status": "Active", "recorded_date": "2018-04-10", "anniversary_or_expiry": "2027-10-14", "area_ha": null, "tenure_type": "Single Cell Mining Claim", "source": "Ontario MLAS operational claims (OGSEarth / LIO MapServer). Unofficial viewing data, not legal title.", "as_of": "2026-09-20", "role": "focus", "color": "#e8b040"}}, {"type": "Feature", "geometry": {"type": "Polygon", "coordinates": [[[-94.0625, 50.9375], [-94.0625, 50.9417], [-94.0688, 50.9417], [-94.0688, 50.9375], [-94.0625, 50.9375]]]}, "properties": {"company_id": "gold-finder-resources", "jurisdiction": "Ontario", "claim_id": "148047", "claim_name": null, "holder": "(100) GOLD FINDER RESOURCES LTD.", "status": "Active", "recorded_date": "2018-04-10", "anniversary_or_expiry": "2027-10-14", "area_ha": null, "tenure_type": "Single Cell Mining Claim", "source": "Ontario MLAS operational claims (OGSEarth / LIO MapServer). Unofficial viewing data, not legal title.", "as_of": "2026-09-20", "role": "focus", "color": "#e8b040"}}, {"type": "Feature", "geometry": {"type": "Polygon", "coordinates": [[[-93.9438, 50.9708], [-93.9438, 50.975], [-93.95, 50.975], [-93.95, 50.9708], [-93.9438, 50.9708]]]}, "properties": {"company_id": "gold-finder-resources", "jurisdiction": "Ontario", "claim_id": "152451", "claim_name": null, "holder": "(100) GOLD FINDER RESOURCES LTD.", "status": "Active", "recorded_date": "2018-04-10", "anniversary_or_expiry": "2027-01-25", "area_ha": null, "tenure_type": "Single Cell Mining Claim", "source": "Ontario MLAS operational claims (OGSEarth / LIO MapServer). Unofficial viewing data, not legal title.", "as_of": "2026-09-20", "role": "focus", "color": "#e8b040"}}, {"type": "Feature", "geometry": {"type": "Polygon", "coordinates": [[[-93.95, 50.9708], [-93.95, 50.975], [-93.9563, 50.975], [-93.9563, 50.9708], [-93.95, 50.9708]]]}, "properties": {"company_id": "gold-finder-resources", "jurisdiction": "Ontario", "claim_id": "152452", "claim_name": null, "holder": "(100) GOLD FINDER RESOURCES LTD.", "status": "Active", "recorded_date": "2018-04-10", "anniversary_or_expiry": "2027-01-25", "area_ha": null, "tenure_type": "Single Cell Mining Claim", "source": "Ontario MLAS operational claims (OGSEarth / LIO MapServer). Unofficial viewing data, not legal title.", "as_of": "2026-09-20", "role": "focus", "color": "#e8b040"}}, {"type": "Feature", "geometry": {"type": "Polygon", "coordinates": [[[-94.1625, 50.9208], [-94.1625, 50.925], [-94.1688, 50.925], [-94.1688, 50.9208], [-94.1625, 50.9208]]]}, "properties": {"company_id": "gold-finder-resources", "jurisdiction": "Ontario", "claim_id": "154551", "claim_name": null, "holder": "(100) GOLD FINDER RESOURCES LTD.", "status": "Active", "recorded_date": "2018-04-10", "anniversary_or_expiry": "2027-10-14", "area_ha": null, "tenure_type": "Single Cell Mining Claim", "source": "Ontario MLAS operational claims (OGSEarth / LIO MapServer). Unofficial viewing data, not legal title.", "as_of": "2026-09-20", "role": "focus", "color": "#e8b040"}}, {"type": "Feature", "geometry": {"type": "Polygon", "coordinates": [[[-94.0188, 50.9375], [-94.0188, 50.9417], [-94.025, 50.9417], [-94.025, 50.9375], [-94.0188, 50.9375]]]}, "properties": {"company_id": "gold-finder-resources", "jurisdiction": "Ontario", "claim_id": "154268", "claim_name": null, "holder": "(100) GOLD FINDER RESOURCES LTD.", "status": "Active", "recorded_date": "2018-04-10", "anniversary_or_expiry": "2027-07-04", "area_ha": null, "tenure_type": "Boundary Cell Mining Claim", "source": "Ontario MLAS operational claims (OGSEarth / LIO MapServer). Unofficial viewing data, not legal title.", "as_of": "2026-09-20", "role": "focus", "color": "#e8b040"}}, {"type": "Feature", "geometry": {"type": "Polygon", "coordinates": [[[-93.775, 51.1667], [-93.775, 51.1708], [-93.7813, 51.1708], [-93.7813, 51.1667], [-93.775, 51.1667]]]}, "properties": {"company_id": "gold-finder-resources", "jurisdiction": "Ontario", "claim_id": "159341", "claim_name": null, "holder": "(100) GOLD FINDER RESOURCES LTD.", "status": "Active", "recorded_date": "2018-04-10", "anniversary_or_expiry": "2030-08-03", "area_ha": null, "tenure_type": "Boundary Cell Mining Claim", "source": "Ontario MLAS operational claims (OGSEarth / LIO MapServer). Unofficial viewing data, not legal title.", "as_of": "2026-09-20", "role": "focus", "color": "#e8b040"}}, {"type": "Feature", "geometry": {"type": "Polygon", "coordinates": [[[-93.7813, 51.1667], [-93.7813, 51.1708], [-93.7875, 51.1708], [-93.7875, 51.1667], [-93.7813, 51.1667]]]}, "properties": {"company_id": "gold-finder-resources", "jurisdiction": "Ontario", "claim_id": "159342", "claim_name": null, "holder": "(100) GOLD FINDER RESOURCES LTD.", "status": "Active", "recorded_date": "2018-04-10", "anniversary_or_expiry": "2030-08-03", "area_ha": null, "tenure_type": "Boundary Cell Mining Claim", "source": "Ontario MLAS operational claims (OGSEarth / LIO MapServer). Unofficial viewing data, not legal title.", "as_of": "2026-09-20", "role": "focus", "color": "#e8b040"}}, {"type": "Feature", "geometry": {"type": "Polygon", "coordinates": [[[-93.9813, 50.9292], [-93.9813, 50.9333], [-93.9875, 50.9333], [-93.9875, 50.9292], [-93.9813, 50.9292]]]}, "properties": {"company_id": "gold-finder-resources", "jurisdiction": "Ontario", "claim_id": "162008", "claim_name": null, "holder": "(100) GOLD FINDER RESOURCES LTD.", "status": "Active", "recorded_date": "2018-04-10", "anniversary_or_expiry": "2027-07-20", "area_ha": null, "tenure_type": "Single Cell Mining Claim", "source": "Ontario MLAS operational claims (OGSEarth / LIO MapServer). Unofficial viewing data, not legal title.", "as_of": "2026-09-20", "role": "focus", "color": "#e8b040"}}, {"type": "Feature", "geometry": {"type": "Polygon", "coordinates": [[[-93.9875, 50.9292], [-93.9875, 50.9333], [-93.9938, 50.9333], [-93.9938, 50.9292], [-93.9875, 50.9292]]]}, "properties": {"company_id": "gold-finder-resources", "jurisdiction": "Ontario", "claim_id": "162009", "claim_name": null, "holder": "(100) GOLD FINDER RESOURCES LTD.", "status": "Active", "recorded_date": "2018-04-10", "anniversary_or_expiry": "2027-07-20", "area_ha": null, "tenure_type": "Single Cell Mining Claim", "source": "Ontario MLAS operational claims (OGSEarth / LIO MapServer). Unofficial viewing data, not legal title.", "as_of": "2026-09-20", "role": "focus", "color": "#e8b040"}}, {"type": "Feature", "geometry": {"type": "Polygon", "coordinates": [[[-93.9875, 50.925], [-93.9875, 50.9292], [-93.9938, 50.9292], [-93.9938, 50.925], [-93.9875, 50.925]]]}, "properties": {"company_id": "gold-finder-resources", "jurisdiction": "Ontario", "claim_id": "162010", "claim_name": null, "holder": "(100) GOLD FINDER RESOURCES LTD.", "status": "Active", "recorded_date": "2018-04-10", "anniversary_or_expiry": "2027-07-20", "area_ha": null, "tenure_type": "Boundary Cell Mining Claim", "source": "Ontario MLAS operational claims (OGSEarth / LIO MapServer). Unofficial viewing data, not legal title.", "as_of": "2026-09-20", "role": "focus", "color": "#e8b040"}}, {"type": "Feature", "geometry": {"type": "Polygon", "coordinates": [[[-93.9625, 50.9375], [-93.9625, 50.9417], [-93.9688, 50.9417], [-93.9688, 50.9375], [-93.9625, 50.9375]]]}, "properties": {"company_id": "gold-finder-resources", "jurisdiction": "Ontario", "claim_id": "162149", "claim_name": null, "holder": "(100) GOLD FINDER RESOURCES LTD.", "status": "Active", "recorded_date": "2018-04-10", "anniversary_or_expiry": "2027-07-20", "area_ha": null, "tenure_type": "Boundary Cell Mining Claim", "source": "Ontario MLAS operational claims (OGSEarth / LIO MapServer). Unofficial viewing data, not legal title.", "as_of": "2026-09-20", "role": "focus", "color": "#e8b040"}}, {"type": "Feature", "geometry": {"type": "Polygon", "coordinates": [[[-93.9563, 50.9292], [-93.9563, 50.9333], [-93.9625, 50.9333], [-93.9625, 50.9292], [-93.9563, 50.9292]]]}, "properties": {"company_id": "gold-finder-resources", "jurisdiction": "Ontario", "claim_id": "162150", "claim_name": null, "holder": "(100) GOLD FINDER RESOURCES LTD.", "status": "Active", "recorded_date": "2018-04-10", "anniversary_or_expiry": "2027-07-20", "area_ha": null, "tenure_type": "Boundary Cell Mining Claim", "source": "Ontario MLAS operational claims (OGSEarth / LIO MapServer). Unofficial viewing data, not legal title.", "as_of": "2026-09-20", "role": "focus", "color": "#e8b040"}}, {"type": "Feature", "geometry": {"type": "Polygon", "coordinates": [[[-91.575, 51.1833], [-91.575, 51.1875], [-91.5813, 51.1875], [-91.5813, 51.1833], [-91.575, 51.1833]]]}, "properties": {"company_id": "gold-finder-resources", "jurisdiction": "Ontario", "claim_id": "161400", "claim_name": null, "holder": "(100) GOLD FINDER RESOURCES LTD.", "status": "Active", "recorded_date": "2018-04-10", "anniversary_or_expiry": "2027-11-01", "area_ha": null, "tenure_type": "Single Cell Mining Claim", "source": "Ontario MLAS operational claims (OGSEarth / LIO MapServer). Unofficial viewing data, not legal title.", "as_of": "2026-09-20", "role": "focus", "color": "#e8b040"}}, {"type": "Feature", "geometry": {"type": "Polygon", "coordinates": [[[-94.2125, 50.9167], [-94.2125, 50.9208], [-94.2188, 50.9208], [-94.2188, 50.9167], [-94.2125, 50.9167]]]}, "properties": {"company_id": "gold-finder-resources", "jurisdiction": "Ontario", "claim_id": "162750", "claim_name": null, "holder": "(100) GOLD FINDER RESOURCES LTD.", "status": "Active", "recorded_date": "2018-04-10", "anniversary_or_expiry": "2027-10-14", "area_ha": null, "tenure_type": "Single Cell Mining Claim", "source": "Ontario MLAS operational claims (OGSEarth / LIO MapServer). Unofficial viewing data, not legal title.", "as_of": "2026-09-20", "role": "focus", "color": "#e8b040"}}, {"type": "Feature", "geometry": {"type": "Polygon", "coordinates": [[[-91.5188, 51.1833], [-91.5188, 51.1875], [-91.525, 51.1875], [-91.525, 51.1833], [-91.5188, 51.1833]]]}, "properties": {"company_id": "gold-finder-resources", "jurisdiction": "Ontario", "claim_id": "162761", "claim_name": null, "holder": "(100) GOLD FINDER RESOURCES LTD.", "status": "Active", "recorded_date": "2018-04-10", "anniversary_or_expiry": "2027-11-01", "area_ha": null, "tenure_type": "Boundary Cell Mining Claim", "source": "Ontario MLAS operational claims (OGSEarth / LIO MapServer). Unofficial viewing data, not legal title.", "as_of": "2026-09-20", "role": "focus", "color": "#e8b040"}}, {"type": "Feature", "geometry": {"type": "Polygon", "coordinates": [[[-91.5375, 51.1833], [-91.5375, 51.1875], [-91.5438, 51.1875], [-91.5438, 51.1833], [-91.5375, 51.1833]]]}, "properties": {"company_id": "gold-finder-resources", "jurisdiction": "Ontario", "claim_id": "162762", "claim_name": null, "holder": "(100) GOLD FINDER RESOURCES LTD.", "status": "Active", "recorded_date": "2018-04-10", "anniversary_or_expiry": "2027-11-01", "area_ha": null, "tenure_type": "Single Cell Mining Claim", "source": "Ontario MLAS operational claims (OGSEarth / LIO MapServer). Unofficial viewing data, not legal title.", "as_of": "2026-09-20", "role": "focus", "color": "#e8b040"}}, {"type": "Feature", "geometry": {"type": "Polygon", "coordinates": [[[-91.525, 51.1792], [-91.525, 51.1833], [-91.5313, 51.1833], [-91.5313, 51.1792], [-91.525, 51.1792]]]}, "properties": {"company_id": "gold-finder-resources", "jurisdiction": "Ontario", "claim_id": "162786", "claim_name": null, "holder": "(100) GOLD FINDER RESOURCES LTD.", "status": "Active", "recorded_date": "2018-04-10", "anniversary_or_expiry": "2027-11-01", "area_ha": null, "tenure_type": "Single Cell Mining Claim", "source": "Ontario MLAS operational claims (OGSEarth / LIO MapServer). Unofficial viewing data, not legal title.", "as_of": "2026-09-20", "role": "focus", "color": "#e8b040"}}, {"type": "Feature", "geometry": {"type": "Polygon", "coordinates": [[[-91.5188, 51.1833], [-91.5188, 51.1875], [-91.525, 51.1875], [-91.525, 51.1833], [-91.5188, 51.1833]]]}, "properties": {"company_id": "gold-finder-resources", "jurisdiction": "Ontario", "claim_id": "163379", "claim_name": null, "holder": "(100) GOLD FINDER RESOURCES LTD.", "status": "Active", "recorded_date": "2018-04-10", "anniversary_or_expiry": "2027-05-26", "area_ha": null, "tenure_type": "Boundary Cell Mining Claim", "source": "Ontario MLAS operational claims (OGSEarth / LIO MapServer). Unofficial viewing data, not legal title.", "as_of": "2026-09-20", "role": "focus", "color": "#e8b040"}}, {"type": "Feature", "geometry": {"type": "Polygon", "coordinates": [[[-93.8125, 51.1583], [-93.8125, 51.1625], [-93.8188, 51.1625], [-93.8188, 51.1583], [-93.8125, 51.1583]]]}, "properties": {"company_id": "gold-finder-resources", "jurisdiction": "Ontario", "claim_id": "166059", "claim_name": null, "holder": "(100) GOLD FINDER RESOURCES LTD.", "status": "Active", "recorded_date": "2018-04-10", "anniversary_or_expiry": "2030-08-03", "area_ha": null, "tenure_type": "Boundary Cell Mining Claim", "source": "Ontario MLAS operational claims (OGSEarth / LIO MapServer). Unofficial viewing data, not legal title.", "as_of": "2026-09-20", "role": "focus", "color": "#e8b040"}}, {"type": "Feature", "geometry": {"type": "Polygon", "coordinates": [[[-93.8, 51.1667], [-93.8, 51.1708], [-93.8063, 51.1708], [-93.8063, 51.1667], [-93.8, 51.1667]]]}, "properties": {"company_id": "gold-finder-resources", "jurisdiction": "Ontario", "claim_id": "166721", "claim_name": null, "holder": "(100) GOLD FINDER RESOURCES LTD.", "status": "Active", "recorded_date": "2018-04-10", "anniversary_or_expiry": "2030-08-03", "area_ha": null, "tenure_type": "Single Cell Mining Claim", "source": "Ontario MLAS operational claims (OGSEarth / LIO MapServer). Unofficial viewing data, not legal title.", "as_of": "2026-09-20", "role": "focus", "color": "#e8b040"}}, {"type": "Feature", "geometry": {"type": "Polygon", "coordinates": [[[-91.5688, 51.1875], [-91.5688, 51.1917], [-91.575, 51.1917], [-91.575, 51.1875], [-91.5688, 51.1875]]]}, "properties": {"company_id": "gold-finder-resources", "jurisdiction": "Ontario", "claim_id": "166732", "claim_name": null, "holder": "(100) GOLD FINDER RESOURCES LTD.", "status": "Active", "recorded_date": "2018-04-10", "anniversary_or_expiry": "2027-11-01", "area_ha": null, "tenure_type": "Single Cell Mining Claim", "source": "Ontario MLAS operational claims (OGSEarth / LIO MapServer). Unofficial viewing data, not legal title.", "as_of": "2026-09-20", "role": "focus", "color": "#e8b040"}}, {"type": "Feature", "geometry": {"type": "Polygon", "coordinates": [[[-94.0688, 50.9333], [-94.0688, 50.9375], [-94.075, 50.9375], [-94.075, 50.9333], [-94.0688, 50.9333]]]}, "properties": {"company_id": "gold-finder-resources", "jurisdiction": "Ontario", "claim_id": "165275", "claim_name": null, "holder": "(100) GOLD FINDER RESOURCES LTD.", "status": "Active", "recorded_date": "2018-04-10", "anniversary_or_expiry": "2027-10-14", "area_ha": null, "tenure_type": "Single Cell Mining Claim", "source": "Ontario MLAS operational claims (OGSEarth / LIO MapServer). Unofficial viewing data, not legal title.", "as_of": "2026-09-20", "role": "focus", "color": "#e8b040"}}, {"type": "Feature", "geometry": {"type": "Polygon", "coordinates": [[[-93.975, 50.9333], [-93.975, 50.9375], [-93.9813, 50.9375], [-93.9813, 50.9333], [-93.975, 50.9333]]]}, "properties": {"company_id": "gold-finder-resources", "jurisdiction": "Ontario", "claim_id": "166825", "claim_name": null, "holder": "(100) GOLD FINDER RESOURCES LTD.", "status": "Active", "recorded_date": "2018-04-10", "anniversary_or_expiry": "2027-07-20", "area_ha": null, "tenure_type": "Single Cell Mining Claim", "source": "Ontario MLAS operational claims (OGSEarth / LIO MapServer). Unofficial viewing data, not legal title.", "as_of": "2026-09-20", "role": "focus", "color": "#e8b040"}}, {"type": "Feature", "geometry": {"type": "Polygon", "coordinates": [[[-93.9625, 50.9333], [-93.9625, 50.9375], [-93.9688, 50.9375], [-93.9688, 50.9333], [-93.9625, 50.9333]]]}, "properties": {"company_id": "gold-finder-resources", "jurisdiction": "Ontario", "claim_id": "167471", "claim_name": null, "holder": "(100) GOLD FINDER RESOURCES LTD.", "status": "Active", "recorded_date": "2018-04-10", "anniversary_or_expiry": "2027-07-20", "area_ha": null, "tenure_type": "Boundary Cell Mining Claim", "source": "Ontario MLAS operational claims (OGSEarth / LIO MapServer). Unofficial viewing data, not legal title.", "as_of": "2026-09-20", "role": "focus", "color": "#e8b040"}}, {"type": "Feature", "geometry": {"type": "Polygon", "coordinates": [[[-93.9688, 50.9333], [-93.9688, 50.9375], [-93.975, 50.9375], [-93.975, 50.9333], [-93.9688, 50.9333]]]}, "properties": {"company_id": "gold-finder-resources", "jurisdiction": "Ontario", "claim_id": "167472", "claim_name": null, "holder": "(100) GOLD FINDER RESOURCES LTD.", "status": "Active", "recorded_date": "2018-04-10", "anniversary_or_expiry": "2027-07-20", "area_ha": null, "tenure_type": "Single Cell Mining Claim", "source": "Ontario MLAS operational claims (OGSEarth / LIO MapServer). Unofficial viewing data, not legal title.", "as_of": "2026-09-20", "role": "focus", "color": "#e8b040"}}, {"type": "Feature", "geometry": {"type": "Polygon", "coordinates": [[[-94.1688, 50.9167], [-94.1688, 50.9208], [-94.175, 50.9208], [-94.175, 50.9167], [-94.1688, 50.9167]]]}, "properties": {"company_id": "gold-finder-resources", "jurisdiction": "Ontario", "claim_id": "169599", "claim_name": null, "holder": "(100) GOLD FINDER RESOURCES LTD.", "status": "Active", "recorded_date": "2018-04-10", "anniversary_or_expiry": "2027-10-14", "area_ha": null, "tenure_type": "Single Cell Mining Claim", "source": "Ontario MLAS operational claims (OGSEarth / LIO MapServer). Unofficial viewing data, not legal title.", "as_of": "2026-09-20", "role": "focus", "color": "#e8b040"}}, {"type": "Feature", "geometry": {"type": "Polygon", "coordinates": [[[-94.175, 50.9167], [-94.175, 50.9208], [-94.1813, 50.9208], [-94.1813, 50.9167], [-94.175, 50.9167]]]}, "properties": {"company_id": "gold-finder-resources", "jurisdiction": "Ontario", "claim_id": "169600", "claim_name": null, "holder": "(100) GOLD FINDER RESOURCES LTD.", "status": "Active", "recorded_date": "2018-04-10", "anniversary_or_expiry": "2027-10-14", "area_ha": null, "tenure_type": "Single Cell Mining Claim", "source": "Ontario MLAS operational claims (OGSEarth / LIO MapServer). Unofficial viewing data, not legal title.", "as_of": "2026-09-20", "role": "focus", "color": "#e8b040"}}, {"type": "Feature", "geometry": {"type": "Polygon", "coordinates": [[[-94.1688, 50.9083], [-94.1688, 50.9125], [-94.175, 50.9125], [-94.175, 50.9083], [-94.1688, 50.9083]]]}, "properties": {"company_id": "gold-finder-resources", "jurisdiction": "Ontario", "claim_id": "169601", "claim_name": null, "holder": "(100) GOLD FINDER RESOURCES LTD.", "status": "Active", "recorded_date": "2018-04-10", "anniversary_or_expiry": "2027-10-14", "area_ha": null, "tenure_type": "Single Cell Mining Claim", "source": "Ontario MLAS operational claims (OGSEarth / LIO MapServer). Unofficial viewing data, not legal title.", "as_of": "2026-09-20", "role": "focus", "color": "#e8b040"}}, {"type": "Feature", "geometry": {"type": "Polygon", "coordinates": [[[-94.0063, 50.9292], [-94.0063, 50.9333], [-94.0125, 50.9333], [-94.0125, 50.9292], [-94.0063, 50.9292]]]}, "properties": {"company_id": "gold-finder-resources", "jurisdiction": "Ontario", "claim_id": "170835", "claim_name": null, "holder": "(100) GOLD FINDER RESOURCES LTD.", "status": "Active", "recorded_date": "2018-04-10", "anniversary_or_expiry": "2027-07-04", "area_ha": null, "tenure_type": "Single Cell Mining Claim", "source": "Ontario MLAS operational claims (OGSEarth / LIO MapServer). Unofficial viewing data, not legal title.", "as_of": "2026-09-20", "role": "focus", "color": "#e8b040"}}, {"type": "Feature", "geometry": {"type": "Polygon", "coordinates": [[[-94.0125, 50.925], [-94.0125, 50.9292], [-94.0188, 50.9292], [-94.0188, 50.925], [-94.0125, 50.925]]]}, "properties": {"company_id": "gold-finder-resources", "jurisdiction": "Ontario", "claim_id": "170851", "claim_name": null, "holder": "(100) GOLD FINDER RESOURCES LTD.", "status": "Active", "recorded_date": "2018-04-10", "anniversary_or_expiry": "2027-07-04", "area_ha": null, "tenure_type": "Boundary Cell Mining Claim", "source": "Ontario MLAS operational claims (OGSEarth / LIO MapServer). Unofficial viewing data, not legal title.", "as_of": "2026-09-20", "role": "focus", "color": "#e8b040"}}, {"type": "Feature", "geometry": {"type": "Polygon", "coordinates": [[[-94.1438, 50.9208], [-94.1438, 50.925], [-94.15, 50.925], [-94.15, 50.9208], [-94.1438, 50.9208]]]}, "properties": {"company_id": "gold-finder-resources", "jurisdiction": "Ontario", "claim_id": "169253", "claim_name": null, "holder": "(100) GOLD FINDER RESOURCES LTD.", "status": "Active", "recorded_date": "2018-04-10", "anniversary_or_expiry": "2027-10-14", "area_ha": null, "tenure_type": "Single Cell Mining Claim", "source": "Ontario MLAS operational claims (OGSEarth / LIO MapServer). Unofficial viewing data, not legal title.", "as_of": "2026-09-20", "role": "focus", "color": "#e8b040"}}, {"type": "Feature", "geometry": {"type": "Polygon", "coordinates": [[[-93.9563, 50.9542], [-93.9563, 50.9583], [-93.9625, 50.9583], [-93.9625, 50.9542], [-93.9563, 50.9542]]]}, "properties": {"company_id": "gold-finder-resources", "jurisdiction": "Ontario", "claim_id": "170567", "claim_name": null, "holder": "(100) GOLD FINDER RESOURCES LTD.", "status": "Active", "recorded_date": "2018-04-10", "anniversary_or_expiry": "2027-01-24", "area_ha": null, "tenure_type": "Boundary Cell Mining Claim", "source": "Ontario MLAS operational claims (OGSEarth / LIO MapServer). Unofficial viewing data, not legal title.", "as_of": "2026-09-20", "role": "focus", "color": "#e8b040"}}, {"type": "Feature", "geometry": {"type": "Polygon", "coordinates": [[[-94.0438, 50.9292], [-94.0438, 50.9333], [-94.05, 50.9333], [-94.05, 50.9292], [-94.0438, 50.9292]]]}, "properties": {"company_id": "gold-finder-resources", "jurisdiction": "Ontario", "claim_id": "171821", "claim_name": null, "holder": "(100) GOLD FINDER RESOURCES LTD.", "status": "Active", "recorded_date": "2018-04-10", "anniversary_or_expiry": "2027-10-14", "area_ha": null, "tenure_type": "Single Cell Mining Claim", "source": "Ontario MLAS operational claims (OGSEarth / LIO MapServer). Unofficial viewing data, not legal title.", "as_of": "2026-09-20", "role": "focus", "color": "#e8b040"}}, {"type": "Feature", "geometry": {"type": "Polygon", "coordinates": [[[-94.05, 50.9292], [-94.05, 50.9333], [-94.0563, 50.9333], [-94.0563, 50.9292], [-94.05, 50.9292]]]}, "properties": {"company_id": "gold-finder-resources", "jurisdiction": "Ontario", "claim_id": "171822", "claim_name": null, "holder": "(100) GOLD FINDER RESOURCES LTD.", "status": "Active", "recorded_date": "2018-04-10", "anniversary_or_expiry": "2027-10-14", "area_ha": null, "tenure_type": "Single Cell Mining Claim", "source": "Ontario MLAS operational claims (OGSEarth / LIO MapServer). Unofficial viewing data, not legal title.", "as_of": "2026-09-20", "role": "focus", "color": "#e8b040"}}, {"type": "Feature", "geometry": {"type": "Polygon", "coordinates": [[[-91.5438, 51.1875], [-91.5438, 51.1917], [-91.55, 51.1917], [-91.55, 51.1875], [-91.5438, 51.1875]]]}, "properties": {"company_id": "gold-finder-resources", "jurisdiction": "Ontario", "claim_id": "171899", "claim_name": null, "holder": "(100) GOLD FINDER RESOURCES LTD.", "status": "Active", "recorded_date": "2018-04-10", "anniversary_or_expiry": "2027-11-01", "area_ha": null, "tenure_type": "Boundary Cell Mining Claim", "source": "Ontario MLAS operational claims (OGSEarth / LIO MapServer). Unofficial viewing data, not legal title.", "as_of": "2026-09-20", "role": "focus", "color": "#e8b040"}}, {"type": "Feature", "geometry": {"type": "Polygon", "coordinates": [[[-91.55, 51.1875], [-91.55, 51.1917], [-91.5563, 51.1917], [-91.5563, 51.1875], [-91.55, 51.1875]]]}, "properties": {"company_id": "gold-finder-resources", "jurisdiction": "Ontario", "claim_id": "171900", "claim_name": null, "holder": "(100) GOLD FINDER RESOURCES LTD.", "status": "Active", "recorded_date": "2018-04-10", "anniversary_or_expiry": "2027-11-01", "area_ha": null, "tenure_type": "Single Cell Mining Claim", "source": "Ontario MLAS operational claims (OGSEarth / LIO MapServer). Unofficial viewing data, not legal title.", "as_of": "2026-09-20", "role": "focus", "color": "#e8b040"}}, {"type": "Feature", "geometry": {"type": "Polygon", "coordinates": [[[-91.5625, 51.1875], [-91.5625, 51.1917], [-91.5688, 51.1917], [-91.5688, 51.1875], [-91.5625, 51.1875]]]}, "properties": {"company_id": "gold-finder-resources", "jurisdiction": "Ontario", "claim_id": "171901", "claim_name": null, "holder": "(100) GOLD FINDER RESOURCES LTD.", "status": "Active", "recorded_date": "2018-04-10", "anniversary_or_expiry": "2027-11-01", "area_ha": null, "tenure_type": "Single Cell Mining Claim", "source": "Ontario MLAS operational claims (OGSEarth / LIO MapServer). Unofficial viewing data, not legal title.", "as_of": "2026-09-20", "role": "focus", "color": "#e8b040"}}, {"type": "Feature", "geometry": {"type": "Polygon", "coordinates": [[[-91.5625, 51.175], [-91.5625, 51.1792], [-91.5688, 51.1792], [-91.5688, 51.175], [-91.5625, 51.175]]]}, "properties": {"company_id": "gold-finder-resources", "jurisdiction": "Ontario", "claim_id": "171902", "claim_name": null, "holder": "(100) GOLD FINDER RESOURCES LTD.", "status": "Active", "recorded_date": "2018-04-10", "anniversary_or_expiry": "2027-11-01", "area_ha": null, "tenure_type": "Single Cell Mining Claim", "source": "Ontario MLAS operational claims (OGSEarth / LIO MapServer). Unofficial viewing data, not legal title.", "as_of": "2026-09-20", "role": "focus", "color": "#e8b040"}}, {"type": "Feature", "geometry": {"type": "Polygon", "coordinates": [[[-94.1625, 50.9125], [-94.1625, 50.9167], [-94.1688, 50.9167], [-94.1688, 50.9125], [-94.1625, 50.9125]]]}, "properties": {"company_id": "gold-finder-resources", "jurisdiction": "Ontario", "claim_id": "172539", "claim_name": null, "holder": "(100) GOLD FINDER RESOURCES LTD.", "status": "Active", "recorded_date": "2018-04-10", "anniversary_or_expiry": "2027-10-14", "area_ha": null, "tenure_type": "Single Cell Mining Claim", "source": "Ontario MLAS operational claims (OGSEarth / LIO MapServer). Unofficial viewing data, not legal title.", "as_of": "2026-09-20", "role": "focus", "color": "#e8b040"}}, {"type": "Feature", "geometry": {"type": "Polygon", "coordinates": [[[-93.9938, 50.9375], [-93.9938, 50.9417], [-94.0, 50.9417], [-94.0, 50.9375], [-93.9938, 50.9375]]]}, "properties": {"company_id": "gold-finder-resources", "jurisdiction": "Ontario", "claim_id": "172681", "claim_name": null, "holder": "(100) GOLD FINDER RESOURCES LTD.", "status": "Active", "recorded_date": "2018-04-10", "anniversary_or_expiry": "2027-06-24", "area_ha": null, "tenure_type": "Boundary Cell Mining Claim", "source": "Ontario MLAS operational claims (OGSEarth / LIO MapServer). Unofficial viewing data, not legal title.", "as_of": "2026-09-20", "role": "focus", "color": "#e8b040"}}, {"type": "Feature", "geometry": {"type": "Polygon", "coordinates": [[[-94.1938, 50.9042], [-94.1938, 50.9083], [-94.2, 50.9083], [-94.2, 50.9042], [-94.1938, 50.9042]]]}, "properties": {"company_id": "gold-finder-resources", "jurisdiction": "Ontario", "claim_id": "171752", "claim_name": null, "holder": "(100) GOLD FINDER RESOURCES LTD.", "status": "Active", "recorded_date": "2018-04-10", "anniversary_or_expiry": "2027-10-14", "area_ha": null, "tenure_type": "Single Cell Mining Claim", "source": "Ontario MLAS operational claims (OGSEarth / LIO MapServer). Unofficial viewing data, not legal title.", "as_of": "2026-09-20", "role": "focus", "color": "#e8b040"}}, {"type": "Feature", "geometry": {"type": "Polygon", "coordinates": [[[-94.1625, 50.9167], [-94.1625, 50.9208], [-94.1688, 50.9208], [-94.1688, 50.9167], [-94.1625, 50.9167]]]}, "properties": {"company_id": "gold-finder-resources", "jurisdiction": "Ontario", "claim_id": "174701", "claim_name": null, "holder": "(100) GOLD FINDER RESOURCES LTD.", "status": "Active", "recorded_date": "2018-04-10", "anniversary_or_expiry": "2027-10-14", "area_ha": null, "tenure_type": "Single Cell Mining Claim", "source": "Ontario MLAS operational claims (OGSEarth / LIO MapServer). Unofficial viewing data, not legal title.", "as_of": "2026-09-20", "role": "focus", "color": "#e8b040"}}, {"type": "Feature", "geometry": {"type": "Polygon", "coordinates": [[[-94.1563, 50.9125], [-94.1563, 50.9167], [-94.1625, 50.9167], [-94.1625, 50.9125], [-94.1563, 50.9125]]]}, "properties": {"company_id": "gold-finder-resources", "jurisdiction": "Ontario", "claim_id": "174702", "claim_name": null, "holder": "(100) GOLD FINDER RESOURCES LTD.", "status": "Active", "recorded_date": "2018-04-10", "anniversary_or_expiry": "2027-10-14", "area_ha": null, "tenure_type": "Single Cell Mining Claim", "source": "Ontario MLAS operational claims (OGSEarth / LIO MapServer). Unofficial viewing data, not legal title.", "as_of": "2026-09-20", "role": "focus", "color": "#e8b040"}}, {"type": "Feature", "geometry": {"type": "Polygon", "coordinates": [[[-94.0813, 50.9208], [-94.0813, 50.925], [-94.0875, 50.925], [-94.0875, 50.9208], [-94.0813, 50.9208]]]}, "properties": {"company_id": "gold-finder-resources", "jurisdiction": "Ontario", "claim_id": "174729", "claim_name": null, "holder": "(100) GOLD FINDER RESOURCES LTD.", "status": "Active", "recorded_date": "2018-04-10", "anniversary_or_expiry": "2027-10-14", "area_ha": null, "tenure_type": "Single Cell Mining Claim", "source": "Ontario MLAS operational claims (OGSEarth / LIO MapServer). Unofficial viewing data, not legal title.", "as_of": "2026-09-20", "role": "focus", "color": "#e8b040"}}, {"type": "Feature", "geometry": {"type": "Polygon", "coordinates": [[[-94.2125, 50.8917], [-94.2125, 50.8958], [-94.2188, 50.8958], [-94.2188, 50.8917], [-94.2125, 50.8917]]]}, "properties": {"company_id": "gold-finder-resources", "jurisdiction": "Ontario", "claim_id": "175997", "claim_name": null, "holder": "(100) GOLD FINDER RESOURCES LTD.", "status": "Active", "recorded_date": "2018-04-10", "anniversary_or_expiry": "2027-10-14", "area_ha": null, "tenure_type": "Single Cell Mining Claim", "source": "Ontario MLAS operational claims (OGSEarth / LIO MapServer). Unofficial viewing data, not legal title.", "as_of": "2026-09-20", "role": "focus", "color": "#e8b040"}}, {"type": "Feature", "geometry": {"type": "Polygon", "coordinates": [[[-94.2063, 50.9083], [-94.2063, 50.9125], [-94.2125, 50.9125], [-94.2125, 50.9083], [-94.2063, 50.9083]]]}, "properties": {"company_id": "gold-finder-resources", "jurisdiction": "Ontario", "claim_id": "173911", "claim_name": null, "holder": "(100) GOLD FINDER RESOURCES LTD.", "status": "Active", "recorded_date": "2018-04-10", "anniversary_or_expiry": "2027-10-14", "area_ha": null, "tenure_type": "Single Cell Mining Claim", "source": "Ontario MLAS operational claims (OGSEarth / LIO MapServer). Unofficial viewing data, not legal title.", "as_of": "2026-09-20", "role": "focus", "color": "#e8b040"}}, {"type": "Feature", "geometry": {"type": "Polygon", "coordinates": [[[-94.1938, 50.9], [-94.1938, 50.9042], [-94.2, 50.9042], [-94.2, 50.9], [-94.1938, 50.9]]]}, "properties": {"company_id": "gold-finder-resources", "jurisdiction": "Ontario", "claim_id": "173912", "claim_name": null, "holder": "(100) GOLD FINDER RESOURCES LTD.", "status": "Active", "recorded_date": "2018-04-10", "anniversary_or_expiry": "2027-10-14", "area_ha": null, "tenure_type": "Single Cell Mining Claim", "source": "Ontario MLAS operational claims (OGSEarth / LIO MapServer). Unofficial viewing data, not legal title.", "as_of": "2026-09-20", "role": "focus", "color": "#e8b040"}}, {"type": "Feature", "geometry": {"type": "Polygon", "coordinates": [[[-94.0125, 50.925], [-94.0125, 50.9292], [-94.0188, 50.9292], [-94.0188, 50.925], [-94.0125, 50.925]]]}, "properties": {"company_id": "gold-finder-resources", "jurisdiction": "Ontario", "claim_id": "178160", "claim_name": null, "holder": "(100) GOLD FINDER RESOURCES LTD.", "status": "Active", "recorded_date": "2018-04-10", "anniversary_or_expiry": "2027-10-14", "area_ha": null, "tenure_type": "Boundary Cell Mining Claim", "source": "Ontario MLAS operational claims (OGSEarth / LIO MapServer). Unofficial viewing data, not legal title.", "as_of": "2026-09-20", "role": "focus", "color": "#e8b040"}}, {"type": "Feature", "geometry": {"type": "Polygon", "coordinates": [[[-93.8313, 51.1542], [-93.8313, 51.1583], [-93.8375, 51.1583], [-93.8375, 51.1542], [-93.8313, 51.1542]]]}, "properties": {"company_id": "gold-finder-resources", "jurisdiction": "Ontario", "claim_id": "177062", "claim_name": null, "holder": "(100) GOLD FINDER RESOURCES LTD.", "status": "Active", "recorded_date": "2018-04-10", "anniversary_or_expiry": "2030-08-03", "area_ha": null, "tenure_type": "Boundary Cell Mining Claim", "source": "Ontario MLAS operational claims (OGSEarth / LIO MapServer). Unofficial viewing data, not legal title.", "as_of": "2026-09-20", "role": "focus", "color": "#e8b040"}}, {"type": "Feature", "geometry": {"type": "Polygon", "coordinates": [[[-94.025, 50.9333], [-94.025, 50.9375], [-94.0313, 50.9375], [-94.0313, 50.9333], [-94.025, 50.9333]]]}, "properties": {"company_id": "gold-finder-resources", "jurisdiction": "Ontario", "claim_id": "176689", "claim_name": null, "holder": "(100) GOLD FINDER RESOURCES LTD.", "status": "Active", "recorded_date": "2018-04-10", "anniversary_or_expiry": "2027-10-14", "area_ha": null, "tenure_type": "Boundary Cell Mining Claim", "source": "Ontario MLAS operational claims (OGSEarth / LIO MapServer). Unofficial viewing data, not legal title.", "as_of": "2026-09-20", "role": "focus", "color": "#e8b040"}}, {"type": "Feature", "geometry": {"type": "Polygon", "coordinates": [[[-94.025, 50.9292], [-94.025, 50.9333], [-94.0313, 50.9333], [-94.0313, 50.9292], [-94.025, 50.9292]]]}, "properties": {"company_id": "gold-finder-resources", "jurisdiction": "Ontario", "claim_id": "176690", "claim_name": null, "holder": "(100) GOLD FINDER RESOURCES LTD.", "status": "Active", "recorded_date": "2018-04-10", "anniversary_or_expiry": "2027-10-14", "area_ha": null, "tenure_type": "Single Cell Mining Claim", "source": "Ontario MLAS operational claims (OGSEarth / LIO MapServer). Unofficial viewing data, not legal title.", "as_of": "2026-09-20", "role": "focus", "color": "#e8b040"}}, {"type": "Feature", "geometry": {"type": "Polygon", "coordinates": [[[-94.0313, 50.9208], [-94.0313, 50.925], [-94.0375, 50.925], [-94.0375, 50.9208], [-94.0313, 50.9208]]]}, "properties": {"company_id": "gold-finder-resources", "jurisdiction": "Ontario", "claim_id": "176691", "claim_name": null, "holder": "(100) GOLD FINDER RESOURCES LTD.", "status": "Active", "recorded_date": "2018-04-10", "anniversary_or_expiry": "2027-10-14", "area_ha": null, "tenure_type": "Single Cell Mining Claim", "source": "Ontario MLAS operational claims (OGSEarth / LIO MapServer). Unofficial viewing data, not legal title.", "as_of": "2026-09-20", "role": "focus", "color": "#e8b040"}}, {"type": "Feature", "geometry": {"type": "Polygon", "coordinates": [[[-94.0625, 50.9417], [-94.0625, 50.9458], [-94.0688, 50.9458], [-94.0688, 50.9417], [-94.0625, 50.9417]]]}, "properties": {"company_id": "gold-finder-resources", "jurisdiction": "Ontario", "claim_id": "177283", "claim_name": null, "holder": "(100) GOLD FINDER RESOURCES LTD.", "status": "Active", "recorded_date": "2018-04-10", "anniversary_or_expiry": "2027-10-14", "area_ha": null, "tenure_type": "Single Cell Mining Claim", "source": "Ontario MLAS operational claims (OGSEarth / LIO MapServer). Unofficial viewing data, not legal title.", "as_of": "2026-09-20", "role": "focus", "color": "#e8b040"}}, {"type": "Feature", "geometry": {"type": "Polygon", "coordinates": [[[-93.8688, 51.1583], [-93.8688, 51.1625], [-93.875, 51.1625], [-93.875, 51.1583], [-93.8688, 51.1583]]]}, "properties": {"company_id": "gold-finder-resources", "jurisdiction": "Ontario", "claim_id": "182352", "claim_name": null, "holder": "(100) GOLD FINDER RESOURCES LTD.", "status": "Active", "recorded_date": "2018-04-10", "anniversary_or_expiry": "2030-09-15", "area_ha": null, "tenure_type": "Single Cell Mining Claim", "source": "Ontario MLAS operational claims (OGSEarth / LIO MapServer). Unofficial viewing data, not legal title.", "as_of": "2026-09-20", "role": "focus", "color": "#e8b040"}}, {"type": "Feature", "geometry": {"type": "Polygon", "coordinates": [[[-93.8688, 51.1542], [-93.8688, 51.1583], [-93.875, 51.1583], [-93.875, 51.1542], [-93.8688, 51.1542]]]}, "properties": {"company_id": "gold-finder-resources", "jurisdiction": "Ontario", "claim_id": "182353", "claim_name": null, "holder": "(100) GOLD FINDER RESOURCES LTD.", "status": "Active", "recorded_date": "2018-04-10", "anniversary_or_expiry": "2030-09-15", "area_ha": null, "tenure_type": "Single Cell Mining Claim", "source": "Ontario MLAS operational claims (OGSEarth / LIO MapServer). Unofficial viewing data, not legal title.", "as_of": "2026-09-20", "role": "focus", "color": "#e8b040"}}, {"type": "Feature", "geometry": {"type": "Polygon", "coordinates": [[[-93.9438, 50.9625], [-93.9438, 50.9667], [-93.95, 50.9667], [-93.95, 50.9625], [-93.9438, 50.9625]]]}, "properties": {"company_id": "gold-finder-resources", "jurisdiction": "Ontario", "claim_id": "182516", "claim_name": null, "holder": "(100) GOLD FINDER RESOURCES LTD.", "status": "Active", "recorded_date": "2018-04-10", "anniversary_or_expiry": "2027-01-25", "area_ha": null, "tenure_type": "Single Cell Mining Claim", "source": "Ontario MLAS operational claims (OGSEarth / LIO MapServer). Unofficial viewing data, not legal title.", "as_of": "2026-09-20", "role": "focus", "color": "#e8b040"}}, {"type": "Feature", "geometry": {"type": "Polygon", "coordinates": [[[-94.0625, 50.9292], [-94.0625, 50.9333], [-94.0688, 50.9333], [-94.0688, 50.9292], [-94.0625, 50.9292]]]}, "properties": {"company_id": "gold-finder-resources", "jurisdiction": "Ontario", "claim_id": "184055", "claim_name": null, "holder": "(100) GOLD FINDER RESOURCES LTD.", "status": "Active", "recorded_date": "2018-04-10", "anniversary_or_expiry": "2027-10-14", "area_ha": null, "tenure_type": "Single Cell Mining Claim", "source": "Ontario MLAS operational claims (OGSEarth / LIO MapServer). Unofficial viewing data, not legal title.", "as_of": "2026-09-20", "role": "focus", "color": "#e8b040"}}, {"type": "Feature", "geometry": {"type": "Polygon", "coordinates": [[[-94.0688, 50.925], [-94.0688, 50.9292], [-94.075, 50.9292], [-94.075, 50.925], [-94.0688, 50.925]]]}, "properties": {"company_id": "gold-finder-resources", "jurisdiction": "Ontario", "claim_id": "184056", "claim_name": null, "holder": "(100) GOLD FINDER RESOURCES LTD.", "status": "Active", "recorded_date": "2018-04-10", "anniversary_or_expiry": "2027-10-14", "area_ha": null, "tenure_type": "Single Cell Mining Claim", "source": "Ontario MLAS operational claims (OGSEarth / LIO MapServer). Unofficial viewing data, not legal title.", "as_of": "2026-09-20", "role": "focus", "color": "#e8b040"}}, {"type": "Feature", "geometry": {"type": "Polygon", "coordinates": [[[-94.0188, 50.9375], [-94.0188, 50.9417], [-94.025, 50.9417], [-94.025, 50.9375], [-94.0188, 50.9375]]]}, "properties": {"company_id": "gold-finder-resources", "jurisdiction": "Ontario", "claim_id": "184070", "claim_name": null, "holder": "(100) GOLD FINDER RESOURCES LTD.", "status": "Active", "recorded_date": "2018-04-10", "anniversary_or_expiry": "2027-10-14", "area_ha": null, "tenure_type": "Boundary Cell Mining Claim", "source": "Ontario MLAS operational claims (OGSEarth / LIO MapServer). Unofficial viewing data, not legal title.", "as_of": "2026-09-20", "role": "focus", "color": "#e8b040"}}, {"type": "Feature", "geometry": {"type": "Polygon", "coordinates": [[[-93.825, 51.1542], [-93.825, 51.1583], [-93.8313, 51.1583], [-93.8313, 51.1542], [-93.825, 51.1542]]]}, "properties": {"company_id": "gold-finder-resources", "jurisdiction": "Ontario", "claim_id": "184379", "claim_name": null, "holder": "(100) GOLD FINDER RESOURCES LTD.", "status": "Active", "recorded_date": "2018-04-10", "anniversary_or_expiry": "2030-08-03", "area_ha": null, "tenure_type": "Boundary Cell Mining Claim", "source": "Ontario MLAS operational claims (OGSEarth / LIO MapServer). Unofficial viewing data, not legal title.", "as_of": "2026-09-20", "role": "focus", "color": "#e8b040"}}, {"type": "Feature", "geometry": {"type": "Polygon", "coordinates": [[[-94.1625, 50.9083], [-94.1625, 50.9125], [-94.1688, 50.9125], [-94.1688, 50.9083], [-94.1625, 50.9083]]]}, "properties": {"company_id": "gold-finder-resources", "jurisdiction": "Ontario", "claim_id": "192032", "claim_name": null, "holder": "(100) GOLD FINDER RESOURCES LTD.", "status": "Active", "recorded_date": "2018-04-10", "anniversary_or_expiry": "2027-10-14", "area_ha": null, "tenure_type": "Single Cell Mining Claim", "source": "Ontario MLAS operational claims (OGSEarth / LIO MapServer). Unofficial viewing data, not legal title.", "as_of": "2026-09-20", "role": "focus", "color": "#e8b040"}}, {"type": "Feature", "geometry": {"type": "Polygon", "coordinates": [[[-94.2125, 50.9042], [-94.2125, 50.9083], [-94.2188, 50.9083], [-94.2188, 50.9042], [-94.2125, 50.9042]]]}, "properties": {"company_id": "gold-finder-resources", "jurisdiction": "Ontario", "claim_id": "190739", "claim_name": null, "holder": "(100) GOLD FINDER RESOURCES LTD.", "status": "Active", "recorded_date": "2018-04-10", "anniversary_or_expiry": "2027-10-14", "area_ha": null, "tenure_type": "Single Cell Mining Claim", "source": "Ontario MLAS operational claims (OGSEarth / LIO MapServer). Unofficial viewing data, not legal title.", "as_of": "2026-09-20", "role": "focus", "color": "#e8b040"}}, {"type": "Feature", "geometry": {"type": "Polygon", "coordinates": [[[-93.975, 50.9292], [-93.975, 50.9333], [-93.9813, 50.9333], [-93.9813, 50.9292], [-93.975, 50.9292]]]}, "properties": {"company_id": "gold-finder-resources", "jurisdiction": "Ontario", "claim_id": "196114", "claim_name": null, "holder": "(100) GOLD FINDER RESOURCES LTD.", "status": "Active", "recorded_date": "2018-04-10", "anniversary_or_expiry": "2027-07-20", "area_ha": null, "tenure_type": "Single Cell Mining Claim", "source": "Ontario MLAS operational claims (OGSEarth / LIO MapServer). Unofficial viewing data, not legal title.", "as_of": "2026-09-20", "role": "focus", "color": "#e8b040"}}, {"type": "Feature", "geometry": {"type": "Polygon", "coordinates": [[[-93.8188, 51.1667], [-93.8188, 51.1708], [-93.825, 51.1708], [-93.825, 51.1667], [-93.8188, 51.1667]]]}, "properties": {"company_id": "gold-finder-resources", "jurisdiction": "Ontario", "claim_id": "195912", "claim_name": null, "holder": "(100) GOLD FINDER RESOURCES LTD.", "status": "Active", "recorded_date": "2018-04-10", "anniversary_or_expiry": "2030-08-03", "area_ha": null, "tenure_type": "Single Cell Mining Claim", "source": "Ontario MLAS operational claims (OGSEarth / LIO MapServer). Unofficial viewing data, not legal title.", "as_of": "2026-09-20", "role": "focus", "color": "#e8b040"}}, {"type": "Feature", "geometry": {"type": "Polygon", "coordinates": [[[-93.8313, 51.1625], [-93.8313, 51.1667], [-93.8375, 51.1667], [-93.8375, 51.1625], [-93.8313, 51.1625]]]}, "properties": {"company_id": "gold-finder-resources", "jurisdiction": "Ontario", "claim_id": "195913", "claim_name": null, "holder": "(100) GOLD FINDER RESOURCES LTD.", "status": "Active", "recorded_date": "2018-04-10", "anniversary_or_expiry": "2030-08-03", "area_ha": null, "tenure_type": "Single Cell Mining Claim", "source": "Ontario MLAS operational claims (OGSEarth / LIO MapServer). Unofficial viewing data, not legal title.", "as_of": "2026-09-20", "role": "focus", "color": "#e8b040"}}, {"type": "Feature", "geometry": {"type": "Polygon", "coordinates": [[[-93.8438, 51.1583], [-93.8438, 51.1625], [-93.85, 51.1625], [-93.85, 51.1583], [-93.8438, 51.1583]]]}, "properties": {"company_id": "gold-finder-resources", "jurisdiction": "Ontario", "claim_id": "195914", "claim_name": null, "holder": "(100) GOLD FINDER RESOURCES LTD.", "status": "Active", "recorded_date": "2018-04-10", "anniversary_or_expiry": "2030-08-03", "area_ha": null, "tenure_type": "Single Cell Mining Claim", "source": "Ontario MLAS operational claims (OGSEarth / LIO MapServer). Unofficial viewing data, not legal title.", "as_of": "2026-09-20", "role": "focus", "color": "#e8b040"}}, {"type": "Feature", "geometry": {"type": "Polygon", "coordinates": [[[-94.0125, 50.9208], [-94.0125, 50.925], [-94.0188, 50.925], [-94.0188, 50.9208], [-94.0125, 50.9208]]]}, "properties": {"company_id": "gold-finder-resources", "jurisdiction": "Ontario", "claim_id": "197715", "claim_name": null, "holder": "(100) GOLD FINDER RESOURCES LTD.", "status": "Active", "recorded_date": "2018-04-10", "anniversary_or_expiry": "2027-10-14", "area_ha": null, "tenure_type": "Boundary Cell Mining Claim", "source": "Ontario MLAS operational claims (OGSEarth / LIO MapServer). Unofficial viewing data, not legal title.", "as_of": "2026-09-20", "role": "focus", "color": "#e8b040"}}, {"type": "Feature", "geometry": {"type": "Polygon", "coordinates": [[[-93.8688, 51.1625], [-93.8688, 51.1667], [-93.875, 51.1667], [-93.875, 51.1625], [-93.8688, 51.1625]]]}, "properties": {"company_id": "gold-finder-resources", "jurisdiction": "Ontario", "claim_id": "196919", "claim_name": null, "holder": "(100) GOLD FINDER RESOURCES LTD.", "status": "Active", "recorded_date": "2018-04-10", "anniversary_or_expiry": "2030-09-15", "area_ha": null, "tenure_type": "Single Cell Mining Claim", "source": "Ontario MLAS operational claims (OGSEarth / LIO MapServer). Unofficial viewing data, not legal title.", "as_of": "2026-09-20", "role": "focus", "color": "#e8b040"}}, {"type": "Feature", "geometry": {"type": "Polygon", "coordinates": [[[-94.1688, 50.9125], [-94.1688, 50.9167], [-94.175, 50.9167], [-94.175, 50.9125], [-94.1688, 50.9125]]]}, "properties": {"company_id": "gold-finder-resources", "jurisdiction": "Ontario", "claim_id": "196941", "claim_name": null, "holder": "(100) GOLD FINDER RESOURCES LTD.", "status": "Active", "recorded_date": "2018-04-10", "anniversary_or_expiry": "2027-10-14", "area_ha": null, "tenure_type": "Single Cell Mining Claim", "source": "Ontario MLAS operational claims (OGSEarth / LIO MapServer). Unofficial viewing data, not legal title.", "as_of": "2026-09-20", "role": "focus", "color": "#e8b040"}}, {"type": "Feature", "geometry": {"type": "Polygon", "coordinates": [[[-94.15, 50.925], [-94.15, 50.9292], [-94.1563, 50.9292], [-94.1563, 50.925], [-94.15, 50.925]]]}, "properties": {"company_id": "gold-finder-resources", "jurisdiction": "Ontario", "claim_id": "199215", "claim_name": null, "holder": "(100) GOLD FINDER RESOURCES LTD.", "status": "Active", "recorded_date": "2018-04-10", "anniversary_or_expiry": "2027-10-14", "area_ha": null, "tenure_type": "Boundary Cell Mining Claim", "source": "Ontario MLAS operational claims (OGSEarth / LIO MapServer). Unofficial viewing data, not legal title.", "as_of": "2026-09-20", "role": "focus", "color": "#e8b040"}}, {"type": "Feature", "geometry": {"type": "Polygon", "coordinates": [[[-91.5438, 51.1792], [-91.5438, 51.1833], [-91.55, 51.1833], [-91.55, 51.1792], [-91.5438, 51.1792]]]}, "properties": {"company_id": "gold-finder-resources", "jurisdiction": "Ontario", "claim_id": "201898", "claim_name": null, "holder": "(100) GOLD FINDER RESOURCES LTD.", "status": "Active", "recorded_date": "2018-04-10", "anniversary_or_expiry": "2027-11-01", "area_ha": null, "tenure_type": "Single Cell Mining Claim", "source": "Ontario MLAS operational claims (OGSEarth / LIO MapServer). Unofficial viewing data, not legal title.", "as_of": "2026-09-20", "role": "focus", "color": "#e8b040"}}, {"type": "Feature", "geometry": {"type": "Polygon", "coordinates": [[[-91.525, 51.1875], [-91.525, 51.1917], [-91.5313, 51.1917], [-91.5313, 51.1875], [-91.525, 51.1875]]]}, "properties": {"company_id": "gold-finder-resources", "jurisdiction": "Ontario", "claim_id": "201347", "claim_name": null, "holder": "(100) GOLD FINDER RESOURCES LTD.", "status": "Active", "recorded_date": "2018-04-10", "anniversary_or_expiry": "2027-05-26", "area_ha": null, "tenure_type": "Boundary Cell Mining Claim", "source": "Ontario MLAS operational claims (OGSEarth / LIO MapServer). Unofficial viewing data, not legal title.", "as_of": "2026-09-20", "role": "focus", "color": "#e8b040"}}, {"type": "Feature", "geometry": {"type": "Polygon", "coordinates": [[[-91.5313, 51.1875], [-91.5313, 51.1917], [-91.5375, 51.1917], [-91.5375, 51.1875], [-91.5313, 51.1875]]]}, "properties": {"company_id": "gold-finder-resources", "jurisdiction": "Ontario", "claim_id": "201348", "claim_name": null, "holder": "(100) GOLD FINDER RESOURCES LTD.", "status": "Active", "recorded_date": "2018-04-10", "anniversary_or_expiry": "2027-05-26", "area_ha": null, "tenure_type": "Boundary Cell Mining Claim", "source": "Ontario MLAS operational claims (OGSEarth / LIO MapServer). Unofficial viewing data, not legal title.", "as_of": "2026-09-20", "role": "focus", "color": "#e8b040"}}, {"type": "Feature", "geometry": {"type": "Polygon", "coordinates": [[[-93.9563, 50.9708], [-93.9563, 50.975], [-93.9625, 50.975], [-93.9625, 50.9708], [-93.9563, 50.9708]]]}, "properties": {"company_id": "gold-finder-resources", "jurisdiction": "Ontario", "claim_id": "201946", "claim_name": null, "holder": "(100) GOLD FINDER RESOURCES LTD.", "status": "Active", "recorded_date": "2018-04-10", "anniversary_or_expiry": "2027-01-24", "area_ha": null, "tenure_type": "Boundary Cell Mining Claim", "source": "Ontario MLAS operational claims (OGSEarth / LIO MapServer). Unofficial viewing data, not legal title.", "as_of": "2026-09-20", "role": "focus", "color": "#e8b040"}}, {"type": "Feature", "geometry": {"type": "Polygon", "coordinates": [[[-93.9563, 50.9625], [-93.9563, 50.9667], [-93.9625, 50.9667], [-93.9625, 50.9625], [-93.9563, 50.9625]]]}, "properties": {"company_id": "gold-finder-resources", "jurisdiction": "Ontario", "claim_id": "208046", "claim_name": null, "holder": "(100) GOLD FINDER RESOURCES LTD.", "status": "Active", "recorded_date": "2018-04-10", "anniversary_or_expiry": "2027-01-24", "area_ha": null, "tenure_type": "Boundary Cell Mining Claim", "source": "Ontario MLAS operational claims (OGSEarth / LIO MapServer). Unofficial viewing data, not legal title.", "as_of": "2026-09-20", "role": "focus", "color": "#e8b040"}}, {"type": "Feature", "geometry": {"type": "Polygon", "coordinates": [[[-93.8625, 51.1625], [-93.8625, 51.1667], [-93.8688, 51.1667], [-93.8688, 51.1625], [-93.8625, 51.1625]]]}, "properties": {"company_id": "gold-finder-resources", "jurisdiction": "Ontario", "claim_id": "206357", "claim_name": null, "holder": "(100) GOLD FINDER RESOURCES LTD.", "status": "Active", "recorded_date": "2018-04-10", "anniversary_or_expiry": "2030-09-15", "area_ha": null, "tenure_type": "Single Cell Mining Claim", "source": "Ontario MLAS operational claims (OGSEarth / LIO MapServer). Unofficial viewing data, not legal title.", "as_of": "2026-09-20", "role": "focus", "color": "#e8b040"}}, {"type": "Feature", "geometry": {"type": "Polygon", "coordinates": [[[-93.85, 51.1542], [-93.85, 51.1583], [-93.8563, 51.1583], [-93.8563, 51.1542], [-93.85, 51.1542]]]}, "properties": {"company_id": "gold-finder-resources", "jurisdiction": "Ontario", "claim_id": "206358", "claim_name": null, "holder": "(100) GOLD FINDER RESOURCES LTD.", "status": "Active", "recorded_date": "2018-04-10", "anniversary_or_expiry": "2030-09-15", "area_ha": null, "tenure_type": "Single Cell Mining Claim", "source": "Ontario MLAS operational claims (OGSEarth / LIO MapServer). Unofficial viewing data, not legal title.", "as_of": "2026-09-20", "role": "focus", "color": "#e8b040"}}, {"type": "Feature", "geometry": {"type": "Polygon", "coordinates": [[[-94.175, 50.925], [-94.175, 50.9292], [-94.1813, 50.9292], [-94.1813, 50.925], [-94.175, 50.925]]]}, "properties": {"company_id": "gold-finder-resources", "jurisdiction": "Ontario", "claim_id": "207575", "claim_name": null, "holder": "(100) GOLD FINDER RESOURCES LTD.", "status": "Active", "recorded_date": "2018-04-10", "anniversary_or_expiry": "2027-10-14", "area_ha": null, "tenure_type": "Boundary Cell Mining Claim", "source": "Ontario MLAS operational claims (OGSEarth / LIO MapServer). Unofficial viewing data, not legal title.", "as_of": "2026-09-20", "role": "focus", "color": "#e8b040"}}, {"type": "Feature", "geometry": {"type": "Polygon", "coordinates": [[[-94.1813, 50.925], [-94.1813, 50.9292], [-94.1875, 50.9292], [-94.1875, 50.925], [-94.1813, 50.925]]]}, "properties": {"company_id": "gold-finder-resources", "jurisdiction": "Ontario", "claim_id": "207576", "claim_name": null, "holder": "(100) GOLD FINDER RESOURCES LTD.", "status": "Active", "recorded_date": "2018-04-10", "anniversary_or_expiry": "2027-10-14", "area_ha": null, "tenure_type": "Boundary Cell Mining Claim", "source": "Ontario MLAS operational claims (OGSEarth / LIO MapServer). Unofficial viewing data, not legal title.", "as_of": "2026-09-20", "role": "focus", "color": "#e8b040"}}, {"type": "Feature", "geometry": {"type": "Polygon", "coordinates": [[[-94.1813, 50.9083], [-94.1813, 50.9125], [-94.1875, 50.9125], [-94.1875, 50.9083], [-94.1813, 50.9083]]]}, "properties": {"company_id": "gold-finder-resources", "jurisdiction": "Ontario", "claim_id": "207577", "claim_name": null, "holder": "(100) GOLD FINDER RESOURCES LTD.", "status": "Active", "recorded_date": "2018-04-10", "anniversary_or_expiry": "2027-10-14", "area_ha": null, "tenure_type": "Single Cell Mining Claim", "source": "Ontario MLAS operational claims (OGSEarth / LIO MapServer). Unofficial viewing data, not legal title.", "as_of": "2026-09-20", "role": "focus", "color": "#e8b040"}}, {"type": "Feature", "geometry": {"type": "Polygon", "coordinates": [[[-91.525, 51.1833], [-91.525, 51.1875], [-91.5313, 51.1875], [-91.5313, 51.1833], [-91.525, 51.1833]]]}, "properties": {"company_id": "gold-finder-resources", "jurisdiction": "Ontario", "claim_id": "210608", "claim_name": null, "holder": "(100) GOLD FINDER RESOURCES LTD.", "status": "Active", "recorded_date": "2018-04-10", "anniversary_or_expiry": "2027-11-01", "area_ha": null, "tenure_type": "Single Cell Mining Claim", "source": "Ontario MLAS operational claims (OGSEarth / LIO MapServer). Unofficial viewing data, not legal title.", "as_of": "2026-09-20", "role": "focus", "color": "#e8b040"}}, {"type": "Feature", "geometry": {"type": "Polygon", "coordinates": [[[-93.8438, 51.1625], [-93.8438, 51.1667], [-93.85, 51.1667], [-93.85, 51.1625], [-93.8438, 51.1625]]]}, "properties": {"company_id": "gold-finder-resources", "jurisdiction": "Ontario", "claim_id": "214446", "claim_name": null, "holder": "(100) GOLD FINDER RESOURCES LTD.", "status": "Active", "recorded_date": "2018-04-10", "anniversary_or_expiry": "2030-08-03", "area_ha": null, "tenure_type": "Single Cell Mining Claim", "source": "Ontario MLAS operational claims (OGSEarth / LIO MapServer). Unofficial viewing data, not legal title.", "as_of": "2026-09-20", "role": "focus", "color": "#e8b040"}}, {"type": "Feature", "geometry": {"type": "Polygon", "coordinates": [[[-91.5688, 51.1792], [-91.5688, 51.1833], [-91.575, 51.1833], [-91.575, 51.1792], [-91.5688, 51.1792]]]}, "properties": {"company_id": "gold-finder-resources", "jurisdiction": "Ontario", "claim_id": "214055", "claim_name": null, "holder": "(100) GOLD FINDER RESOURCES LTD.", "status": "Active", "recorded_date": "2018-04-10", "anniversary_or_expiry": "2027-11-01", "area_ha": null, "tenure_type": "Single Cell Mining Claim", "source": "Ontario MLAS operational claims (OGSEarth / LIO MapServer). Unofficial viewing data, not legal title.", "as_of": "2026-09-20", "role": "focus", "color": "#e8b040"}}, {"type": "Feature", "geometry": {"type": "Polygon", "coordinates": [[[-93.9938, 50.9333], [-93.9938, 50.9375], [-94.0, 50.9375], [-94.0, 50.9333], [-93.9938, 50.9333]]]}, "properties": {"company_id": "gold-finder-resources", "jurisdiction": "Ontario", "claim_id": "214661", "claim_name": null, "holder": "(100) GOLD FINDER RESOURCES LTD.", "status": "Active", "recorded_date": "2018-04-10", "anniversary_or_expiry": "2027-07-20", "area_ha": null, "tenure_type": "Single Cell Mining Claim", "source": "Ontario MLAS operational claims (OGSEarth / LIO MapServer). Unofficial viewing data, not legal title.", "as_of": "2026-09-20", "role": "focus", "color": "#e8b040"}}, {"type": "Feature", "geometry": {"type": "Polygon", "coordinates": [[[-93.9813, 50.9375], [-93.9813, 50.9417], [-93.9875, 50.9417], [-93.9875, 50.9375], [-93.9813, 50.9375]]]}, "properties": {"company_id": "gold-finder-resources", "jurisdiction": "Ontario", "claim_id": "216183", "claim_name": null, "holder": "(100) GOLD FINDER RESOURCES LTD.", "status": "Active", "recorded_date": "2018-04-10", "anniversary_or_expiry": "2027-07-20", "area_ha": null, "tenure_type": "Boundary Cell Mining Claim", "source": "Ontario MLAS operational claims (OGSEarth / LIO MapServer). Unofficial viewing data, not legal title.", "as_of": "2026-09-20", "role": "focus", "color": "#e8b040"}}, {"type": "Feature", "geometry": {"type": "Polygon", "coordinates": [[[-93.9563, 50.9625], [-93.9563, 50.9667], [-93.9625, 50.9667], [-93.9625, 50.9625], [-93.9563, 50.9625]]]}, "properties": {"company_id": "gold-finder-resources", "jurisdiction": "Ontario", "claim_id": "217860", "claim_name": null, "holder": "(100) GOLD FINDER RESOURCES LTD.", "status": "Active", "recorded_date": "2018-04-10", "anniversary_or_expiry": "2027-01-25", "area_ha": null, "tenure_type": "Boundary Cell Mining Claim", "source": "Ontario MLAS operational claims (OGSEarth / LIO MapServer). Unofficial viewing data, not legal title.", "as_of": "2026-09-20", "role": "focus", "color": "#e8b040"}}, {"type": "Feature", "geometry": {"type": "Polygon", "coordinates": [[[-93.9375, 50.9583], [-93.9375, 50.9625], [-93.9438, 50.9625], [-93.9438, 50.9583], [-93.9375, 50.9583]]]}, "properties": {"company_id": "gold-finder-resources", "jurisdiction": "Ontario", "claim_id": "217861", "claim_name": null, "holder": "(100) GOLD FINDER RESOURCES LTD.", "status": "Active", "recorded_date": "2018-04-10", "anniversary_or_expiry": "2027-01-25", "area_ha": null, "tenure_type": "Single Cell Mining Claim", "source": "Ontario MLAS operational claims (OGSEarth / LIO MapServer). Unofficial viewing data, not legal title.", "as_of": "2026-09-20", "role": "focus", "color": "#e8b040"}}, {"type": "Feature", "geometry": {"type": "Polygon", "coordinates": [[[-93.8563, 51.1625], [-93.8563, 51.1667], [-93.8625, 51.1667], [-93.8625, 51.1625], [-93.8563, 51.1625]]]}, "properties": {"company_id": "gold-finder-resources", "jurisdiction": "Ontario", "claim_id": "217736", "claim_name": null, "holder": "(100) GOLD FINDER RESOURCES LTD.", "status": "Active", "recorded_date": "2018-04-10", "anniversary_or_expiry": "2030-09-15", "area_ha": null, "tenure_type": "Single Cell Mining Claim", "source": "Ontario MLAS operational claims (OGSEarth / LIO MapServer). Unofficial viewing data, not legal title.", "as_of": "2026-09-20", "role": "focus", "color": "#e8b040"}}, {"type": "Feature", "geometry": {"type": "Polygon", "coordinates": [[[-93.8563, 51.1583], [-93.8563, 51.1625], [-93.8625, 51.1625], [-93.8625, 51.1583], [-93.8563, 51.1583]]]}, "properties": {"company_id": "gold-finder-resources", "jurisdiction": "Ontario", "claim_id": "217737", "claim_name": null, "holder": "(100) GOLD FINDER RESOURCES LTD.", "status": "Active", "recorded_date": "2018-04-10", "anniversary_or_expiry": "2030-09-15", "area_ha": null, "tenure_type": "Single Cell Mining Claim", "source": "Ontario MLAS operational claims (OGSEarth / LIO MapServer). Unofficial viewing data, not legal title.", "as_of": "2026-09-20", "role": "focus", "color": "#e8b040"}}, {"type": "Feature", "geometry": {"type": "Polygon", "coordinates": [[[-93.8563, 51.15], [-93.8563, 51.1542], [-93.8625, 51.1542], [-93.8625, 51.15], [-93.8563, 51.15]]]}, "properties": {"company_id": "gold-finder-resources", "jurisdiction": "Ontario", "claim_id": "217738", "claim_name": null, "holder": "(100) GOLD FINDER RESOURCES LTD.", "status": "Active", "recorded_date": "2018-04-10", "anniversary_or_expiry": "2030-09-15", "area_ha": null, "tenure_type": "Boundary Cell Mining Claim", "source": "Ontario MLAS operational claims (OGSEarth / LIO MapServer). Unofficial viewing data, not legal title.", "as_of": "2026-09-20", "role": "focus", "color": "#e8b040"}}, {"type": "Feature", "geometry": {"type": "Polygon", "coordinates": [[[-93.8625, 51.15], [-93.8625, 51.1542], [-93.8688, 51.1542], [-93.8688, 51.15], [-93.8625, 51.15]]]}, "properties": {"company_id": "gold-finder-resources", "jurisdiction": "Ontario", "claim_id": "217739", "claim_name": null, "holder": "(100) GOLD FINDER RESOURCES LTD.", "status": "Active", "recorded_date": "2018-04-10", "anniversary_or_expiry": "2030-09-15", "area_ha": null, "tenure_type": "Boundary Cell Mining Claim", "source": "Ontario MLAS operational claims (OGSEarth / LIO MapServer). Unofficial viewing data, not legal title.", "as_of": "2026-09-20", "role": "focus", "color": "#e8b040"}}, {"type": "Feature", "geometry": {"type": "Polygon", "coordinates": [[[-94.1875, 50.925], [-94.1875, 50.9292], [-94.1938, 50.9292], [-94.1938, 50.925], [-94.1875, 50.925]]]}, "properties": {"company_id": "gold-finder-resources", "jurisdiction": "Ontario", "claim_id": "217786", "claim_name": null, "holder": "(100) GOLD FINDER RESOURCES LTD.", "status": "Active", "recorded_date": "2018-04-10", "anniversary_or_expiry": "2027-10-14", "area_ha": null, "tenure_type": "Boundary Cell Mining Claim", "source": "Ontario MLAS operational claims (OGSEarth / LIO MapServer). Unofficial viewing data, not legal title.", "as_of": "2026-09-20", "role": "focus", "color": "#e8b040"}}, {"type": "Feature", "geometry": {"type": "Polygon", "coordinates": [[[-94.1938, 50.9208], [-94.1938, 50.925], [-94.2, 50.925], [-94.2, 50.9208], [-94.1938, 50.9208]]]}, "properties": {"company_id": "gold-finder-resources", "jurisdiction": "Ontario", "claim_id": "217787", "claim_name": null, "holder": "(100) GOLD FINDER RESOURCES LTD.", "status": "Active", "recorded_date": "2018-04-10", "anniversary_or_expiry": "2027-10-14", "area_ha": null, "tenure_type": "Boundary Cell Mining Claim", "source": "Ontario MLAS operational claims (OGSEarth / LIO MapServer). Unofficial viewing data, not legal title.", "as_of": "2026-09-20", "role": "focus", "color": "#e8b040"}}, {"type": "Feature", "geometry": {"type": "Polygon", "coordinates": [[[-91.5188, 51.175], [-91.5188, 51.1792], [-91.525, 51.1792], [-91.525, 51.175], [-91.5188, 51.175]]]}, "properties": {"company_id": "gold-finder-resources", "jurisdiction": "Ontario", "claim_id": "220742", "claim_name": null, "holder": "(100) GOLD FINDER RESOURCES LTD.", "status": "Active", "recorded_date": "2018-04-10", "anniversary_or_expiry": "2027-05-26", "area_ha": null, "tenure_type": "Boundary Cell Mining Claim", "source": "Ontario MLAS operational claims (OGSEarth / LIO MapServer). Unofficial viewing data, not legal title.", "as_of": "2026-09-20", "role": "focus", "color": "#e8b040"}}, {"type": "Feature", "geometry": {"type": "Polygon", "coordinates": [[[-94.1563, 50.9167], [-94.1563, 50.9208], [-94.1625, 50.9208], [-94.1625, 50.9167], [-94.1563, 50.9167]]]}, "properties": {"company_id": "gold-finder-resources", "jurisdiction": "Ontario", "claim_id": "221297", "claim_name": null, "holder": "(100) GOLD FINDER RESOURCES LTD.", "status": "Active", "recorded_date": "2018-04-10", "anniversary_or_expiry": "2027-10-14", "area_ha": null, "tenure_type": "Single Cell Mining Claim", "source": "Ontario MLAS operational claims (OGSEarth / LIO MapServer). Unofficial viewing data, not legal title.", "as_of": "2026-09-20", "role": "focus", "color": "#e8b040"}}, {"type": "Feature", "geometry": {"type": "Polygon", "coordinates": [[[-94.0875, 50.9208], [-94.0875, 50.925], [-94.0938, 50.925], [-94.0938, 50.9208], [-94.0875, 50.9208]]]}, "properties": {"company_id": "gold-finder-resources", "jurisdiction": "Ontario", "claim_id": "221332", "claim_name": null, "holder": "(100) GOLD FINDER RESOURCES LTD.", "status": "Active", "recorded_date": "2018-04-10", "anniversary_or_expiry": "2027-10-14", "area_ha": null, "tenure_type": "Single Cell Mining Claim", "source": "Ontario MLAS operational claims (OGSEarth / LIO MapServer). Unofficial viewing data, not legal title.", "as_of": "2026-09-20", "role": "focus", "color": "#e8b040"}}, {"type": "Feature", "geometry": {"type": "Polygon", "coordinates": [[[-94.025, 50.9375], [-94.025, 50.9417], [-94.0313, 50.9417], [-94.0313, 50.9375], [-94.025, 50.9375]]]}, "properties": {"company_id": "gold-finder-resources", "jurisdiction": "Ontario", "claim_id": "220219", "claim_name": null, "holder": "(100) GOLD FINDER RESOURCES LTD.", "status": "Active", "recorded_date": "2018-04-10", "anniversary_or_expiry": "2027-07-04", "area_ha": null, "tenure_type": "Boundary Cell Mining Claim", "source": "Ontario MLAS operational claims (OGSEarth / LIO MapServer). Unofficial viewing data, not legal title.", "as_of": "2026-09-20", "role": "focus", "color": "#e8b040"}}, {"type": "Feature", "geometry": {"type": "Polygon", "coordinates": [[[-91.55, 51.175], [-91.55, 51.1792], [-91.5563, 51.1792], [-91.5563, 51.175], [-91.55, 51.175]]]}, "properties": {"company_id": "gold-finder-resources", "jurisdiction": "Ontario", "claim_id": "221451", "claim_name": null, "holder": "(100) GOLD FINDER RESOURCES LTD.", "status": "Active", "recorded_date": "2018-04-10", "anniversary_or_expiry": "2027-11-01", "area_ha": null, "tenure_type": "Single Cell Mining Claim", "source": "Ontario MLAS operational claims (OGSEarth / LIO MapServer). Unofficial viewing data, not legal title.", "as_of": "2026-09-20", "role": "focus", "color": "#e8b040"}}, {"type": "Feature", "geometry": {"type": "Polygon", "coordinates": [[[-91.5563, 51.175], [-91.5563, 51.1792], [-91.5625, 51.1792], [-91.5625, 51.175], [-91.5563, 51.175]]]}, "properties": {"company_id": "gold-finder-resources", "jurisdiction": "Ontario", "claim_id": "221452", "claim_name": null, "holder": "(100) GOLD FINDER RESOURCES LTD.", "status": "Active", "recorded_date": "2018-04-10", "anniversary_or_expiry": "2027-11-01", "area_ha": null, "tenure_type": "Single Cell Mining Claim", "source": "Ontario MLAS operational claims (OGSEarth / LIO MapServer). Unofficial viewing data, not legal title.", "as_of": "2026-09-20", "role": "focus", "color": "#e8b040"}}, {"type": "Feature", "geometry": {"type": "Polygon", "coordinates": [[[-94.175, 50.9042], [-94.175, 50.9083], [-94.1813, 50.9083], [-94.1813, 50.9042], [-94.175, 50.9042]]]}, "properties": {"company_id": "gold-finder-resources", "jurisdiction": "Ontario", "claim_id": "220523", "claim_name": null, "holder": "(100) GOLD FINDER RESOURCES LTD.", "status": "Active", "recorded_date": "2018-04-10", "anniversary_or_expiry": "2027-10-14", "area_ha": null, "tenure_type": "Single Cell Mining Claim", "source": "Ontario MLAS operational claims (OGSEarth / LIO MapServer). Unofficial viewing data, not legal title.", "as_of": "2026-09-20", "role": "focus", "color": "#e8b040"}}, {"type": "Feature", "geometry": {"type": "Polygon", "coordinates": [[[-94.2063, 50.9042], [-94.2063, 50.9083], [-94.2125, 50.9083], [-94.2125, 50.9042], [-94.2063, 50.9042]]]}, "properties": {"company_id": "gold-finder-resources", "jurisdiction": "Ontario", "claim_id": "220534", "claim_name": null, "holder": "(100) GOLD FINDER RESOURCES LTD.", "status": "Active", "recorded_date": "2018-04-10", "anniversary_or_expiry": "2027-10-14", "area_ha": null, "tenure_type": "Single Cell Mining Claim", "source": "Ontario MLAS operational claims (OGSEarth / LIO MapServer). Unofficial viewing data, not legal title.", "as_of": "2026-09-20", "role": "focus", "color": "#e8b040"}}, {"type": "Feature", "geometry": {"type": "Polygon", "coordinates": [[[-94.0438, 50.9417], [-94.0438, 50.9458], [-94.05, 50.9458], [-94.05, 50.9417], [-94.0438, 50.9417]]]}, "properties": {"company_id": "gold-finder-resources", "jurisdiction": "Ontario", "claim_id": "220614", "claim_name": null, "holder": "(100) GOLD FINDER RESOURCES LTD.", "status": "Active", "recorded_date": "2018-04-10", "anniversary_or_expiry": "2027-10-14", "area_ha": null, "tenure_type": "Single Cell Mining Claim", "source": "Ontario MLAS operational claims (OGSEarth / LIO MapServer). Unofficial viewing data, not legal title.", "as_of": "2026-09-20", "role": "focus", "color": "#e8b040"}}, {"type": "Feature", "geometry": {"type": "Polygon", "coordinates": [[[-94.0563, 50.9333], [-94.0563, 50.9375], [-94.0625, 50.9375], [-94.0625, 50.9333], [-94.0563, 50.9333]]]}, "properties": {"company_id": "gold-finder-resources", "jurisdiction": "Ontario", "claim_id": "220615", "claim_name": null, "holder": "(100) GOLD FINDER RESOURCES LTD.", "status": "Active", "recorded_date": "2018-04-10", "anniversary_or_expiry": "2027-10-14", "area_ha": null, "tenure_type": "Single Cell Mining Claim", "source": "Ontario MLAS operational claims (OGSEarth / LIO MapServer). Unofficial viewing data, not legal title.", "as_of": "2026-09-20", "role": "focus", "color": "#e8b040"}}, {"type": "Feature", "geometry": {"type": "Polygon", "coordinates": [[[-93.975, 50.9375], [-93.975, 50.9417], [-93.9813, 50.9417], [-93.9813, 50.9375], [-93.975, 50.9375]]]}, "properties": {"company_id": "gold-finder-resources", "jurisdiction": "Ontario", "claim_id": "224238", "claim_name": null, "holder": "(100) GOLD FINDER RESOURCES LTD.", "status": "Active", "recorded_date": "2018-04-10", "anniversary_or_expiry": "2027-05-14", "area_ha": null, "tenure_type": "Boundary Cell Mining Claim", "source": "Ontario MLAS operational claims (OGSEarth / LIO MapServer). Unofficial viewing data, not legal title.", "as_of": "2026-09-20", "role": "focus", "color": "#e8b040"}}, {"type": "Feature", "geometry": {"type": "Polygon", "coordinates": [[[-94.2, 50.8875], [-94.2, 50.8917], [-94.2063, 50.8917], [-94.2063, 50.8875], [-94.2, 50.8875]]]}, "properties": {"company_id": "gold-finder-resources", "jurisdiction": "Ontario", "claim_id": "222573", "claim_name": null, "holder": "(100) GOLD FINDER RESOURCES LTD.", "status": "Active", "recorded_date": "2018-04-10", "anniversary_or_expiry": "2027-10-14", "area_ha": null, "tenure_type": "Single Cell Mining Claim", "source": "Ontario MLAS operational claims (OGSEarth / LIO MapServer). Unofficial viewing data, not legal title.", "as_of": "2026-09-20", "role": "focus", "color": "#e8b040"}}, {"type": "Feature", "geometry": {"type": "Polygon", "coordinates": [[[-94.0375, 50.9292], [-94.0375, 50.9333], [-94.0438, 50.9333], [-94.0438, 50.9292], [-94.0375, 50.9292]]]}, "properties": {"company_id": "gold-finder-resources", "jurisdiction": "Ontario", "claim_id": "223267", "claim_name": null, "holder": "(100) GOLD FINDER RESOURCES LTD.", "status": "Active", "recorded_date": "2018-04-10", "anniversary_or_expiry": "2027-10-14", "area_ha": null, "tenure_type": "Single Cell Mining Claim", "source": "Ontario MLAS operational claims (OGSEarth / LIO MapServer). Unofficial viewing data, not legal title.", "as_of": "2026-09-20", "role": "focus", "color": "#e8b040"}}, {"type": "Feature", "geometry": {"type": "Polygon", "coordinates": [[[-94.025, 50.925], [-94.025, 50.9292], [-94.0313, 50.9292], [-94.0313, 50.925], [-94.025, 50.925]]]}, "properties": {"company_id": "gold-finder-resources", "jurisdiction": "Ontario", "claim_id": "223268", "claim_name": null, "holder": "(100) GOLD FINDER RESOURCES LTD.", "status": "Active", "recorded_date": "2018-04-10", "anniversary_or_expiry": "2027-10-14", "area_ha": null, "tenure_type": "Single Cell Mining Claim", "source": "Ontario MLAS operational claims (OGSEarth / LIO MapServer). Unofficial viewing data, not legal title.", "as_of": "2026-09-20", "role": "focus", "color": "#e8b040"}}, {"type": "Feature", "geometry": {"type": "Polygon", "coordinates": [[[-94.0688, 50.9375], [-94.0688, 50.9417], [-94.075, 50.9417], [-94.075, 50.9375], [-94.0688, 50.9375]]]}, "properties": {"company_id": "gold-finder-resources", "jurisdiction": "Ontario", "claim_id": "223855", "claim_name": null, "holder": "(100) GOLD FINDER RESOURCES LTD.", "status": "Active", "recorded_date": "2018-04-10", "anniversary_or_expiry": "2027-10-14", "area_ha": null, "tenure_type": "Single Cell Mining Claim", "source": "Ontario MLAS operational claims (OGSEarth / LIO MapServer). Unofficial viewing data, not legal title.", "as_of": "2026-09-20", "role": "focus", "color": "#e8b040"}}, {"type": "Feature", "geometry": {"type": "Polygon", "coordinates": [[[-94.2125, 50.9208], [-94.2125, 50.925], [-94.2188, 50.925], [-94.2188, 50.9208], [-94.2125, 50.9208]]]}, "properties": {"company_id": "gold-finder-resources", "jurisdiction": "Ontario", "claim_id": "222143", "claim_name": null, "holder": "(100) GOLD FINDER RESOURCES LTD.", "status": "Active", "recorded_date": "2018-04-10", "anniversary_or_expiry": "2027-10-14", "area_ha": null, "tenure_type": "Boundary Cell Mining Claim", "source": "Ontario MLAS operational claims (OGSEarth / LIO MapServer). Unofficial viewing data, not legal title.", "as_of": "2026-09-20", "role": "focus", "color": "#e8b040"}}, {"type": "Feature", "geometry": {"type": "Polygon", "coordinates": [[[-94.2063, 50.9167], [-94.2063, 50.9208], [-94.2125, 50.9208], [-94.2125, 50.9167], [-94.2063, 50.9167]]]}, "properties": {"company_id": "gold-finder-resources", "jurisdiction": "Ontario", "claim_id": "222144", "claim_name": null, "holder": "(100) GOLD FINDER RESOURCES LTD.", "status": "Active", "recorded_date": "2018-04-10", "anniversary_or_expiry": "2027-10-14", "area_ha": null, "tenure_type": "Single Cell Mining Claim", "source": "Ontario MLAS operational claims (OGSEarth / LIO MapServer). Unofficial viewing data, not legal title.", "as_of": "2026-09-20", "role": "focus", "color": "#e8b040"}}, {"type": "Feature", "geometry": {"type": "Polygon", "coordinates": [[[-91.5313, 51.1875], [-91.5313, 51.1917], [-91.5375, 51.1917], [-91.5375, 51.1875], [-91.5313, 51.1875]]]}, "properties": {"company_id": "gold-finder-resources", "jurisdiction": "Ontario", "claim_id": "222156", "claim_name": null, "holder": "(100) GOLD FINDER RESOURCES LTD.", "status": "Active", "recorded_date": "2018-04-10", "anniversary_or_expiry": "2027-11-01", "area_ha": null, "tenure_type": "Boundary Cell Mining Claim", "source": "Ontario MLAS operational claims (OGSEarth / LIO MapServer). Unofficial viewing data, not legal title.", "as_of": "2026-09-20", "role": "focus", "color": "#e8b040"}}, {"type": "Feature", "geometry": {"type": "Polygon", "coordinates": [[[-91.5313, 51.1833], [-91.5313, 51.1875], [-91.5375, 51.1875], [-91.5375, 51.1833], [-91.5313, 51.1833]]]}, "properties": {"company_id": "gold-finder-resources", "jurisdiction": "Ontario", "claim_id": "222157", "claim_name": null, "holder": "(100) GOLD FINDER RESOURCES LTD.", "status": "Active", "recorded_date": "2018-04-10", "anniversary_or_expiry": "2027-11-01", "area_ha": null, "tenure_type": "Single Cell Mining Claim", "source": "Ontario MLAS operational claims (OGSEarth / LIO MapServer). Unofficial viewing data, not legal title.", "as_of": "2026-09-20", "role": "focus", "color": "#e8b040"}}, {"type": "Feature", "geometry": {"type": "Polygon", "coordinates": [[[-91.5313, 51.175], [-91.5313, 51.1792], [-91.5375, 51.1792], [-91.5375, 51.175], [-91.5313, 51.175]]]}, "properties": {"company_id": "gold-finder-resources", "jurisdiction": "Ontario", "claim_id": "222184", "claim_name": null, "holder": "(100) GOLD FINDER RESOURCES LTD.", "status": "Active", "recorded_date": "2018-04-10", "anniversary_or_expiry": "2027-11-01", "area_ha": null, "tenure_type": "Single Cell Mining Claim", "source": "Ontario MLAS operational claims (OGSEarth / LIO MapServer). Unofficial viewing data, not legal title.", "as_of": "2026-09-20", "role": "focus", "color": "#e8b040"}}, {"type": "Feature", "geometry": {"type": "Polygon", "coordinates": [[[-93.775, 51.1708], [-93.775, 51.175], [-93.7813, 51.175], [-93.7813, 51.1708], [-93.775, 51.1708]]]}, "properties": {"company_id": "gold-finder-resources", "jurisdiction": "Ontario", "claim_id": "224060", "claim_name": null, "holder": "(100) GOLD FINDER RESOURCES LTD.", "status": "Active", "recorded_date": "2018-04-10", "anniversary_or_expiry": "2030-08-03", "area_ha": null, "tenure_type": "Boundary Cell Mining Claim", "source": "Ontario MLAS operational claims (OGSEarth / LIO MapServer). Unofficial viewing data, not legal title.", "as_of": "2026-09-20", "role": "focus", "color": "#e8b040"}}, {"type": "Feature", "geometry": {"type": "Polygon", "coordinates": [[[-94.1875, 50.9167], [-94.1875, 50.9208], [-94.1938, 50.9208], [-94.1938, 50.9167], [-94.1875, 50.9167]]]}, "properties": {"company_id": "gold-finder-resources", "jurisdiction": "Ontario", "claim_id": "225741", "claim_name": null, "holder": "(100) GOLD FINDER RESOURCES LTD.", "status": "Active", "recorded_date": "2018-04-10", "anniversary_or_expiry": "2027-10-14", "area_ha": null, "tenure_type": "Single Cell Mining Claim", "source": "Ontario MLAS operational claims (OGSEarth / LIO MapServer). Unofficial viewing data, not legal title.", "as_of": "2026-09-20", "role": "focus", "color": "#e8b040"}}, {"type": "Feature", "geometry": {"type": "Polygon", "coordinates": [[[-94.1813, 50.9125], [-94.1813, 50.9167], [-94.1875, 50.9167], [-94.1875, 50.9125], [-94.1813, 50.9125]]]}, "properties": {"company_id": "gold-finder-resources", "jurisdiction": "Ontario", "claim_id": "225742", "claim_name": null, "holder": "(100) GOLD FINDER RESOURCES LTD.", "status": "Active", "recorded_date": "2018-04-10", "anniversary_or_expiry": "2027-10-14", "area_ha": null, "tenure_type": "Single Cell Mining Claim", "source": "Ontario MLAS operational claims (OGSEarth / LIO MapServer). Unofficial viewing data, not legal title.", "as_of": "2026-09-20", "role": "focus", "color": "#e8b040"}}, {"type": "Feature", "geometry": {"type": "Polygon", "coordinates": [[[-94.0063, 50.9375], [-94.0063, 50.9417], [-94.0125, 50.9417], [-94.0125, 50.9375], [-94.0063, 50.9375]]]}, "properties": {"company_id": "gold-finder-resources", "jurisdiction": "Ontario", "claim_id": "227004", "claim_name": null, "holder": "(100) GOLD FINDER RESOURCES LTD.", "status": "Active", "recorded_date": "2018-04-10", "anniversary_or_expiry": "2027-07-04", "area_ha": null, "tenure_type": "Boundary Cell Mining Claim", "source": "Ontario MLAS operational claims (OGSEarth / LIO MapServer). Unofficial viewing data, not legal title.", "as_of": "2026-09-20", "role": "focus", "color": "#e8b040"}}, {"type": "Feature", "geometry": {"type": "Polygon", "coordinates": [[[-94.0188, 50.9333], [-94.0188, 50.9375], [-94.025, 50.9375], [-94.025, 50.9333], [-94.0188, 50.9333]]]}, "properties": {"company_id": "gold-finder-resources", "jurisdiction": "Ontario", "claim_id": "227005", "claim_name": null, "holder": "(100) GOLD FINDER RESOURCES LTD.", "status": "Active", "recorded_date": "2018-04-10", "anniversary_or_expiry": "2027-07-04", "area_ha": null, "tenure_type": "Boundary Cell Mining Claim", "source": "Ontario MLAS operational claims (OGSEarth / LIO MapServer). Unofficial viewing data, not legal title.", "as_of": "2026-09-20", "role": "focus", "color": "#e8b040"}}, {"type": "Feature", "geometry": {"type": "Polygon", "coordinates": [[[-94.2063, 50.8958], [-94.2063, 50.9], [-94.2125, 50.9], [-94.2125, 50.8958], [-94.2063, 50.8958]]]}, "properties": {"company_id": "gold-finder-resources", "jurisdiction": "Ontario", "claim_id": "230582", "claim_name": null, "holder": "(100) GOLD FINDER RESOURCES LTD.", "status": "Active", "recorded_date": "2018-04-10", "anniversary_or_expiry": "2027-10-14", "area_ha": null, "tenure_type": "Single Cell Mining Claim", "source": "Ontario MLAS operational claims (OGSEarth / LIO MapServer). Unofficial viewing data, not legal title.", "as_of": "2026-09-20", "role": "focus", "color": "#e8b040"}}, {"type": "Feature", "geometry": {"type": "Polygon", "coordinates": [[[-94.2, 50.8917], [-94.2, 50.8958], [-94.2063, 50.8958], [-94.2063, 50.8917], [-94.2, 50.8917]]]}, "properties": {"company_id": "gold-finder-resources", "jurisdiction": "Ontario", "claim_id": "230583", "claim_name": null, "holder": "(100) GOLD FINDER RESOURCES LTD.", "status": "Active", "recorded_date": "2018-04-10", "anniversary_or_expiry": "2027-10-14", "area_ha": null, "tenure_type": "Single Cell Mining Claim", "source": "Ontario MLAS operational claims (OGSEarth / LIO MapServer). Unofficial viewing data, not legal title.", "as_of": "2026-09-20", "role": "focus", "color": "#e8b040"}}, {"type": "Feature", "geometry": {"type": "Polygon", "coordinates": [[[-94.0375, 50.9333], [-94.0375, 50.9375], [-94.0438, 50.9375], [-94.0438, 50.9333], [-94.0375, 50.9333]]]}, "properties": {"company_id": "gold-finder-resources", "jurisdiction": "Ontario", "claim_id": "231297", "claim_name": null, "holder": "(100) GOLD FINDER RESOURCES LTD.", "status": "Active", "recorded_date": "2018-04-10", "anniversary_or_expiry": "2027-10-14", "area_ha": null, "tenure_type": "Single Cell Mining Claim", "source": "Ontario MLAS operational claims (OGSEarth / LIO MapServer). Unofficial viewing data, not legal title.", "as_of": "2026-09-20", "role": "focus", "color": "#e8b040"}}, {"type": "Feature", "geometry": {"type": "Polygon", "coordinates": [[[-94.0188, 50.9292], [-94.0188, 50.9333], [-94.025, 50.9333], [-94.025, 50.9292], [-94.0188, 50.9292]]]}, "properties": {"company_id": "gold-finder-resources", "jurisdiction": "Ontario", "claim_id": "231298", "claim_name": null, "holder": "(100) GOLD FINDER RESOURCES LTD.", "status": "Active", "recorded_date": "2018-04-10", "anniversary_or_expiry": "2027-10-14", "area_ha": null, "tenure_type": "Boundary Cell Mining Claim", "source": "Ontario MLAS operational claims (OGSEarth / LIO MapServer). Unofficial viewing data, not legal title.", "as_of": "2026-09-20", "role": "focus", "color": "#e8b040"}}, {"type": "Feature", "geometry": {"type": "Polygon", "coordinates": [[[-94.0188, 50.9208], [-94.0188, 50.925], [-94.025, 50.925], [-94.025, 50.9208], [-94.0188, 50.9208]]]}, "properties": {"company_id": "gold-finder-resources", "jurisdiction": "Ontario", "claim_id": "231299", "claim_name": null, "holder": "(100) GOLD FINDER RESOURCES LTD.", "status": "Active", "recorded_date": "2018-04-10", "anniversary_or_expiry": "2027-10-14", "area_ha": null, "tenure_type": "Boundary Cell Mining Claim", "source": "Ontario MLAS operational claims (OGSEarth / LIO MapServer). Unofficial viewing data, not legal title.", "as_of": "2026-09-20", "role": "focus", "color": "#e8b040"}}, {"type": "Feature", "geometry": {"type": "Polygon", "coordinates": [[[-93.9688, 50.9375], [-93.9688, 50.9417], [-93.975, 50.9417], [-93.975, 50.9375], [-93.9688, 50.9375]]]}, "properties": {"company_id": "gold-finder-resources", "jurisdiction": "Ontario", "claim_id": "232246", "claim_name": null, "holder": "(100) GOLD FINDER RESOURCES LTD.", "status": "Active", "recorded_date": "2018-04-10", "anniversary_or_expiry": "2027-05-14", "area_ha": null, "tenure_type": "Boundary Cell Mining Claim", "source": "Ontario MLAS operational claims (OGSEarth / LIO MapServer). Unofficial viewing data, not legal title.", "as_of": "2026-09-20", "role": "focus", "color": "#e8b040"}}, {"type": "Feature", "geometry": {"type": "Polygon", "coordinates": [[[-93.9688, 50.9375], [-93.9688, 50.9417], [-93.975, 50.9417], [-93.975, 50.9375], [-93.9688, 50.9375]]]}, "properties": {"company_id": "gold-finder-resources", "jurisdiction": "Ontario", "claim_id": "233485", "claim_name": null, "holder": "(100) GOLD FINDER RESOURCES LTD.", "status": "Active", "recorded_date": "2018-04-10", "anniversary_or_expiry": "2027-07-20", "area_ha": null, "tenure_type": "Boundary Cell Mining Claim", "source": "Ontario MLAS operational claims (OGSEarth / LIO MapServer). Unofficial viewing data, not legal title.", "as_of": "2026-09-20", "role": "focus", "color": "#e8b040"}}, {"type": "Feature", "geometry": {"type": "Polygon", "coordinates": [[[-93.9688, 50.9292], [-93.9688, 50.9333], [-93.975, 50.9333], [-93.975, 50.9292], [-93.9688, 50.9292]]]}, "properties": {"company_id": "gold-finder-resources", "jurisdiction": "Ontario", "claim_id": "233486", "claim_name": null, "holder": "(100) GOLD FINDER RESOURCES LTD.", "status": "Active", "recorded_date": "2018-04-10", "anniversary_or_expiry": "2027-07-20", "area_ha": null, "tenure_type": "Single Cell Mining Claim", "source": "Ontario MLAS operational claims (OGSEarth / LIO MapServer). Unofficial viewing data, not legal title.", "as_of": "2026-09-20", "role": "focus", "color": "#e8b040"}}, {"type": "Feature", "geometry": {"type": "Polygon", "coordinates": [[[-91.5688, 51.175], [-91.5688, 51.1792], [-91.575, 51.1792], [-91.575, 51.175], [-91.5688, 51.175]]]}, "properties": {"company_id": "gold-finder-resources", "jurisdiction": "Ontario", "claim_id": "232745", "claim_name": null, "holder": "(100) GOLD FINDER RESOURCES LTD.", "status": "Active", "recorded_date": "2018-04-10", "anniversary_or_expiry": "2027-11-01", "area_ha": null, "tenure_type": "Single Cell Mining Claim", "source": "Ontario MLAS operational claims (OGSEarth / LIO MapServer). Unofficial viewing data, not legal title.", "as_of": "2026-09-20", "role": "focus", "color": "#e8b040"}}, {"type": "Feature", "geometry": {"type": "Polygon", "coordinates": [[[-93.9563, 50.9708], [-93.9563, 50.975], [-93.9625, 50.975], [-93.9625, 50.9708], [-93.9563, 50.9708]]]}, "properties": {"company_id": "gold-finder-resources", "jurisdiction": "Ontario", "claim_id": "235884", "claim_name": null, "holder": "(100) GOLD FINDER RESOURCES LTD.", "status": "Active", "recorded_date": "2018-04-10", "anniversary_or_expiry": "2027-01-25", "area_ha": null, "tenure_type": "Boundary Cell Mining Claim", "source": "Ontario MLAS operational claims (OGSEarth / LIO MapServer). Unofficial viewing data, not legal title.", "as_of": "2026-09-20", "role": "focus", "color": "#e8b040"}}, {"type": "Feature", "geometry": {"type": "Polygon", "coordinates": [[[-93.95, 50.9583], [-93.95, 50.9625], [-93.9563, 50.9625], [-93.9563, 50.9583], [-93.95, 50.9583]]]}, "properties": {"company_id": "gold-finder-resources", "jurisdiction": "Ontario", "claim_id": "235885", "claim_name": null, "holder": "(100) GOLD FINDER RESOURCES LTD.", "status": "Active", "recorded_date": "2018-04-10", "anniversary_or_expiry": "2027-01-25", "area_ha": null, "tenure_type": "Single Cell Mining Claim", "source": "Ontario MLAS operational claims (OGSEarth / LIO MapServer). Unofficial viewing data, not legal title.", "as_of": "2026-09-20", "role": "focus", "color": "#e8b040"}}, {"type": "Feature", "geometry": {"type": "Polygon", "coordinates": [[[-91.5188, 51.1875], [-91.5188, 51.1917], [-91.525, 51.1917], [-91.525, 51.1875], [-91.5188, 51.1875]]]}, "properties": {"company_id": "gold-finder-resources", "jurisdiction": "Ontario", "claim_id": "238470", "claim_name": null, "holder": "(100) GOLD FINDER RESOURCES LTD.", "status": "Active", "recorded_date": "2018-04-10", "anniversary_or_expiry": "2027-05-26", "area_ha": null, "tenure_type": "Boundary Cell Mining Claim", "source": "Ontario MLAS operational claims (OGSEarth / LIO MapServer). Unofficial viewing data, not legal title.", "as_of": "2026-09-20", "role": "focus", "color": "#e8b040"}}, {"type": "Feature", "geometry": {"type": "Polygon", "coordinates": [[[-91.5625, 51.1833], [-91.5625, 51.1875], [-91.5688, 51.1875], [-91.5688, 51.1833], [-91.5625, 51.1833]]]}, "properties": {"company_id": "gold-finder-resources", "jurisdiction": "Ontario", "claim_id": "238519", "claim_name": null, "holder": "(100) GOLD FINDER RESOURCES LTD.", "status": "Active", "recorded_date": "2018-04-10", "anniversary_or_expiry": "2027-11-01", "area_ha": null, "tenure_type": "Single Cell Mining Claim", "source": "Ontario MLAS operational claims (OGSEarth / LIO MapServer). Unofficial viewing data, not legal title.", "as_of": "2026-09-20", "role": "focus", "color": "#e8b040"}}, {"type": "Feature", "geometry": {"type": "Polygon", "coordinates": [[[-91.55, 51.1792], [-91.55, 51.1833], [-91.5563, 51.1833], [-91.5563, 51.1792], [-91.55, 51.1792]]]}, "properties": {"company_id": "gold-finder-resources", "jurisdiction": "Ontario", "claim_id": "238520", "claim_name": null, "holder": "(100) GOLD FINDER RESOURCES LTD.", "status": "Active", "recorded_date": "2018-04-10", "anniversary_or_expiry": "2027-11-01", "area_ha": null, "tenure_type": "Single Cell Mining Claim", "source": "Ontario MLAS operational claims (OGSEarth / LIO MapServer). Unofficial viewing data, not legal title.", "as_of": "2026-09-20", "role": "focus", "color": "#e8b040"}}, {"type": "Feature", "geometry": {"type": "Polygon", "coordinates": [[[-91.5438, 51.175], [-91.5438, 51.1792], [-91.55, 51.1792], [-91.55, 51.175], [-91.5438, 51.175]]]}, "properties": {"company_id": "gold-finder-resources", "jurisdiction": "Ontario", "claim_id": "238521", "claim_name": null, "holder": "(100) GOLD FINDER RESOURCES LTD.", "status": "Active", "recorded_date": "2018-04-10", "anniversary_or_expiry": "2027-11-01", "area_ha": null, "tenure_type": "Single Cell Mining Claim", "source": "Ontario MLAS operational claims (OGSEarth / LIO MapServer). Unofficial viewing data, not legal title.", "as_of": "2026-09-20", "role": "focus", "color": "#e8b040"}}, {"type": "Feature", "geometry": {"type": "Polygon", "coordinates": [[[-94.0688, 50.9417], [-94.0688, 50.9458], [-94.075, 50.9458], [-94.075, 50.9417], [-94.0688, 50.9417]]]}, "properties": {"company_id": "gold-finder-resources", "jurisdiction": "Ontario", "claim_id": "244047", "claim_name": null, "holder": "(100) GOLD FINDER RESOURCES LTD.", "status": "Active", "recorded_date": "2018-04-10", "anniversary_or_expiry": "2027-10-14", "area_ha": null, "tenure_type": "Single Cell Mining Claim", "source": "Ontario MLAS operational claims (OGSEarth / LIO MapServer). Unofficial viewing data, not legal title.", "as_of": "2026-09-20", "role": "focus", "color": "#e8b040"}}, {"type": "Feature", "geometry": {"type": "Polygon", "coordinates": [[[-94.0063, 50.9375], [-94.0063, 50.9417], [-94.0125, 50.9417], [-94.0125, 50.9375], [-94.0063, 50.9375]]]}, "properties": {"company_id": "gold-finder-resources", "jurisdiction": "Ontario", "claim_id": "244062", "claim_name": null, "holder": "(100) GOLD FINDER RESOURCES LTD.", "status": "Active", "recorded_date": "2018-04-10", "anniversary_or_expiry": "2027-10-14", "area_ha": null, "tenure_type": "Boundary Cell Mining Claim", "source": "Ontario MLAS operational claims (OGSEarth / LIO MapServer). Unofficial viewing data, not legal title.", "as_of": "2026-09-20", "role": "focus", "color": "#e8b040"}}, {"type": "Feature", "geometry": {"type": "Polygon", "coordinates": [[[-94.2, 50.9], [-94.2, 50.9042], [-94.2063, 50.9042], [-94.2063, 50.9], [-94.2, 50.9]]]}, "properties": {"company_id": "gold-finder-resources", "jurisdiction": "Ontario", "claim_id": "247444", "claim_name": null, "holder": "(100) GOLD FINDER RESOURCES LTD.", "status": "Active", "recorded_date": "2018-04-10", "anniversary_or_expiry": "2027-10-14", "area_ha": null, "tenure_type": "Single Cell Mining Claim", "source": "Ontario MLAS operational claims (OGSEarth / LIO MapServer). Unofficial viewing data, not legal title.", "as_of": "2026-09-20", "role": "focus", "color": "#e8b040"}}, {"type": "Feature", "geometry": {"type": "Polygon", "coordinates": [[[-91.5813, 51.1833], [-91.5813, 51.1875], [-91.5875, 51.1875], [-91.5875, 51.1833], [-91.5813, 51.1833]]]}, "properties": {"company_id": "gold-finder-resources", "jurisdiction": "Ontario", "claim_id": "249278", "claim_name": null, "holder": "(100) GOLD FINDER RESOURCES LTD.", "status": "Active", "recorded_date": "2018-04-10", "anniversary_or_expiry": "2027-11-01", "area_ha": null, "tenure_type": "Single Cell Mining Claim", "source": "Ontario MLAS operational claims (OGSEarth / LIO MapServer). Unofficial viewing data, not legal title.", "as_of": "2026-09-20", "role": "focus", "color": "#e8b040"}}, {"type": "Feature", "geometry": {"type": "Polygon", "coordinates": [[[-94.1563, 50.9083], [-94.1563, 50.9125], [-94.1625, 50.9125], [-94.1625, 50.9083], [-94.1563, 50.9083]]]}, "properties": {"company_id": "gold-finder-resources", "jurisdiction": "Ontario", "claim_id": "248748", "claim_name": null, "holder": "(100) GOLD FINDER RESOURCES LTD.", "status": "Active", "recorded_date": "2018-04-10", "anniversary_or_expiry": "2027-10-14", "area_ha": null, "tenure_type": "Single Cell Mining Claim", "source": "Ontario MLAS operational claims (OGSEarth / LIO MapServer). Unofficial viewing data, not legal title.", "as_of": "2026-09-20", "role": "focus", "color": "#e8b040"}}, {"type": "Feature", "geometry": {"type": "Polygon", "coordinates": [[[-93.9938, 50.9375], [-93.9938, 50.9417], [-94.0, 50.9417], [-94.0, 50.9375], [-93.9938, 50.9375]]]}, "properties": {"company_id": "gold-finder-resources", "jurisdiction": "Ontario", "claim_id": "249356", "claim_name": null, "holder": "(100) GOLD FINDER RESOURCES LTD.", "status": "Active", "recorded_date": "2018-04-10", "anniversary_or_expiry": "2027-07-20", "area_ha": null, "tenure_type": "Boundary Cell Mining Claim", "source": "Ontario MLAS operational claims (OGSEarth / LIO MapServer). Unofficial viewing data, not legal title.", "as_of": "2026-09-20", "role": "focus", "color": "#e8b040"}}, {"type": "Feature", "geometry": {"type": "Polygon", "coordinates": [[[-94.0188, 50.9333], [-94.0188, 50.9375], [-94.025, 50.9375], [-94.025, 50.9333], [-94.0188, 50.9333]]]}, "properties": {"company_id": "gold-finder-resources", "jurisdiction": "Ontario", "claim_id": "250768", "claim_name": null, "holder": "(100) GOLD FINDER RESOURCES LTD.", "status": "Active", "recorded_date": "2018-04-10", "anniversary_or_expiry": "2027-10-14", "area_ha": null, "tenure_type": "Boundary Cell Mining Claim", "source": "Ontario MLAS operational claims (OGSEarth / LIO MapServer). Unofficial viewing data, not legal title.", "as_of": "2026-09-20", "role": "focus", "color": "#e8b040"}}, {"type": "Feature", "geometry": {"type": "Polygon", "coordinates": [[[-94.0375, 50.9208], [-94.0375, 50.925], [-94.0438, 50.925], [-94.0438, 50.9208], [-94.0375, 50.9208]]]}, "properties": {"company_id": "gold-finder-resources", "jurisdiction": "Ontario", "claim_id": "250769", "claim_name": null, "holder": "(100) GOLD FINDER RESOURCES LTD.", "status": "Active", "recorded_date": "2018-04-10", "anniversary_or_expiry": "2027-10-14", "area_ha": null, "tenure_type": "Single Cell Mining Claim", "source": "Ontario MLAS operational claims (OGSEarth / LIO MapServer). Unofficial viewing data, not legal title.", "as_of": "2026-09-20", "role": "focus", "color": "#e8b040"}}, {"type": "Feature", "geometry": {"type": "Polygon", "coordinates": [[[-93.9563, 50.925], [-93.9563, 50.9292], [-93.9625, 50.9292], [-93.9625, 50.925], [-93.9563, 50.925]]]}, "properties": {"company_id": "gold-finder-resources", "jurisdiction": "Ontario", "claim_id": "251363", "claim_name": null, "holder": "(100) GOLD FINDER RESOURCES LTD.", "status": "Active", "recorded_date": "2018-04-10", "anniversary_or_expiry": "2027-07-20", "area_ha": null, "tenure_type": "Boundary Cell Mining Claim", "source": "Ontario MLAS operational claims (OGSEarth / LIO MapServer). Unofficial viewing data, not legal title.", "as_of": "2026-09-20", "role": "focus", "color": "#e8b040"}}, {"type": "Feature", "geometry": {"type": "Polygon", "coordinates": [[[-94.0375, 50.9417], [-94.0375, 50.9458], [-94.0438, 50.9458], [-94.0438, 50.9417], [-94.0375, 50.9417]]]}, "properties": {"company_id": "gold-finder-resources", "jurisdiction": "Ontario", "claim_id": "250849", "claim_name": null, "holder": "(100) GOLD FINDER RESOURCES LTD.", "status": "Active", "recorded_date": "2018-04-10", "anniversary_or_expiry": "2027-10-14", "area_ha": null, "tenure_type": "Single Cell Mining Claim", "source": "Ontario MLAS operational claims (OGSEarth / LIO MapServer). Unofficial viewing data, not legal title.", "as_of": "2026-09-20", "role": "focus", "color": "#e8b040"}}, {"type": "Feature", "geometry": {"type": "Polygon", "coordinates": [[[-93.8438, 51.1667], [-93.8438, 51.1708], [-93.85, 51.1708], [-93.85, 51.1667], [-93.8438, 51.1667]]]}, "properties": {"company_id": "gold-finder-resources", "jurisdiction": "Ontario", "claim_id": "251141", "claim_name": null, "holder": "(100) GOLD FINDER RESOURCES LTD.", "status": "Active", "recorded_date": "2018-04-10", "anniversary_or_expiry": "2030-08-03", "area_ha": null, "tenure_type": "Single Cell Mining Claim", "source": "Ontario MLAS operational claims (OGSEarth / LIO MapServer). Unofficial viewing data, not legal title.", "as_of": "2026-09-20", "role": "focus", "color": "#e8b040"}}, {"type": "Feature", "geometry": {"type": "Polygon", "coordinates": [[[-94.225, 50.8875], [-94.225, 50.8917], [-94.2313, 50.8917], [-94.2313, 50.8875], [-94.225, 50.8875]]]}, "properties": {"company_id": "gold-finder-resources", "jurisdiction": "Ontario", "claim_id": "250061", "claim_name": null, "holder": "(100) GOLD FINDER RESOURCES LTD.", "status": "Active", "recorded_date": "2018-04-10", "anniversary_or_expiry": "2027-10-14", "area_ha": null, "tenure_type": "Single Cell Mining Claim", "source": "Ontario MLAS operational claims (OGSEarth / LIO MapServer). Unofficial viewing data, not legal title.", "as_of": "2026-09-20", "role": "focus", "color": "#e8b040"}}, {"type": "Feature", "geometry": {"type": "Polygon", "coordinates": [[[-91.5375, 51.1875], [-91.5375, 51.1917], [-91.5438, 51.1917], [-91.5438, 51.1875], [-91.5375, 51.1875]]]}, "properties": {"company_id": "gold-finder-resources", "jurisdiction": "Ontario", "claim_id": "256497", "claim_name": null, "holder": "(100) GOLD FINDER RESOURCES LTD.", "status": "Active", "recorded_date": "2018-04-10", "anniversary_or_expiry": "2027-05-26", "area_ha": null, "tenure_type": "Boundary Cell Mining Claim", "source": "Ontario MLAS operational claims (OGSEarth / LIO MapServer). Unofficial viewing data, not legal title.", "as_of": "2026-09-20", "role": "focus", "color": "#e8b040"}}, {"type": "Feature", "geometry": {"type": "Polygon", "coordinates": [[[-91.55, 51.1833], [-91.55, 51.1875], [-91.5563, 51.1875], [-91.5563, 51.1833], [-91.55, 51.1833]]]}, "properties": {"company_id": "gold-finder-resources", "jurisdiction": "Ontario", "claim_id": "256530", "claim_name": null, "holder": "(100) GOLD FINDER RESOURCES LTD.", "status": "Active", "recorded_date": "2018-04-10", "anniversary_or_expiry": "2027-11-01", "area_ha": null, "tenure_type": "Single Cell Mining Claim", "source": "Ontario MLAS operational claims (OGSEarth / LIO MapServer). Unofficial viewing data, not legal title.", "as_of": "2026-09-20", "role": "focus", "color": "#e8b040"}}, {"type": "Feature", "geometry": {"type": "Polygon", "coordinates": [[[-93.8438, 51.15], [-93.8438, 51.1542], [-93.85, 51.1542], [-93.85, 51.15], [-93.8438, 51.15]]]}, "properties": {"company_id": "gold-finder-resources", "jurisdiction": "Ontario", "claim_id": "255812", "claim_name": null, "holder": "(100) GOLD FINDER RESOURCES LTD.", "status": "Active", "recorded_date": "2018-04-10", "anniversary_or_expiry": "2030-08-03", "area_ha": null, "tenure_type": "Boundary Cell Mining Claim", "source": "Ontario MLAS operational claims (OGSEarth / LIO MapServer). Unofficial viewing data, not legal title.", "as_of": "2026-09-20", "role": "focus", "color": "#e8b040"}}, {"type": "Feature", "geometry": {"type": "Polygon", "coordinates": [[[-93.9563, 50.9667], [-93.9563, 50.9708], [-93.9625, 50.9708], [-93.9625, 50.9667], [-93.9563, 50.9667]]]}, "properties": {"company_id": "gold-finder-resources", "jurisdiction": "Ontario", "claim_id": "254702", "claim_name": null, "holder": "(100) GOLD FINDER RESOURCES LTD.", "status": "Active", "recorded_date": "2018-04-10", "anniversary_or_expiry": "2027-01-25", "area_ha": null, "tenure_type": "Boundary Cell Mining Claim", "source": "Ontario MLAS operational claims (OGSEarth / LIO MapServer). Unofficial viewing data, not legal title.", "as_of": "2026-09-20", "role": "focus", "color": "#e8b040"}}, {"type": "Feature", "geometry": {"type": "Polygon", "coordinates": [[[-91.525, 51.1875], [-91.525, 51.1917], [-91.5313, 51.1917], [-91.5313, 51.1875], [-91.525, 51.1875]]]}, "properties": {"company_id": "gold-finder-resources", "jurisdiction": "Ontario", "claim_id": "257243", "claim_name": null, "holder": "(100) GOLD FINDER RESOURCES LTD.", "status": "Active", "recorded_date": "2018-04-10", "anniversary_or_expiry": "2027-11-01", "area_ha": null, "tenure_type": "Boundary Cell Mining Claim", "source": "Ontario MLAS operational claims (OGSEarth / LIO MapServer). Unofficial viewing data, not legal title.", "as_of": "2026-09-20", "role": "focus", "color": "#e8b040"}}, {"type": "Feature", "geometry": {"type": "Polygon", "coordinates": [[[-91.5563, 51.1792], [-91.5563, 51.1833], [-91.5625, 51.1833], [-91.5625, 51.1792], [-91.5563, 51.1792]]]}, "properties": {"company_id": "gold-finder-resources", "jurisdiction": "Ontario", "claim_id": "257417", "claim_name": null, "holder": "(100) GOLD FINDER RESOURCES LTD.", "status": "Active", "recorded_date": "2018-04-10", "anniversary_or_expiry": "2027-11-01", "area_ha": null, "tenure_type": "Single Cell Mining Claim", "source": "Ontario MLAS operational claims (OGSEarth / LIO MapServer). Unofficial viewing data, not legal title.", "as_of": "2026-09-20", "role": "focus", "color": "#e8b040"}}, {"type": "Feature", "geometry": {"type": "Polygon", "coordinates": [[[-94.2, 50.9167], [-94.2, 50.9208], [-94.2063, 50.9208], [-94.2063, 50.9167], [-94.2, 50.9167]]]}, "properties": {"company_id": "gold-finder-resources", "jurisdiction": "Ontario", "claim_id": "258113", "claim_name": null, "holder": "(100) GOLD FINDER RESOURCES LTD.", "status": "Active", "recorded_date": "2018-04-10", "anniversary_or_expiry": "2027-10-14", "area_ha": null, "tenure_type": "Single Cell Mining Claim", "source": "Ontario MLAS operational claims (OGSEarth / LIO MapServer). Unofficial viewing data, not legal title.", "as_of": "2026-09-20", "role": "focus", "color": "#e8b040"}}, {"type": "Feature", "geometry": {"type": "Polygon", "coordinates": [[[-94.1938, 50.9125], [-94.1938, 50.9167], [-94.2, 50.9167], [-94.2, 50.9125], [-94.1938, 50.9125]]]}, "properties": {"company_id": "gold-finder-resources", "jurisdiction": "Ontario", "claim_id": "258114", "claim_name": null, "holder": "(100) GOLD FINDER RESOURCES LTD.", "status": "Active", "recorded_date": "2018-04-10", "anniversary_or_expiry": "2027-10-14", "area_ha": null, "tenure_type": "Single Cell Mining Claim", "source": "Ontario MLAS operational claims (OGSEarth / LIO MapServer). Unofficial viewing data, not legal title.", "as_of": "2026-09-20", "role": "focus", "color": "#e8b040"}}, {"type": "Feature", "geometry": {"type": "Polygon", "coordinates": [[[-94.2, 50.9125], [-94.2, 50.9167], [-94.2063, 50.9167], [-94.2063, 50.9125], [-94.2, 50.9125]]]}, "properties": {"company_id": "gold-finder-resources", "jurisdiction": "Ontario", "claim_id": "258115", "claim_name": null, "holder": "(100) GOLD FINDER RESOURCES LTD.", "status": "Active", "recorded_date": "2018-04-10", "anniversary_or_expiry": "2027-10-14", "area_ha": null, "tenure_type": "Single Cell Mining Claim", "source": "Ontario MLAS operational claims (OGSEarth / LIO MapServer). Unofficial viewing data, not legal title.", "as_of": "2026-09-20", "role": "focus", "color": "#e8b040"}}, {"type": "Feature", "geometry": {"type": "Polygon", "coordinates": [[[-93.7688, 51.1708], [-93.7688, 51.175], [-93.775, 51.175], [-93.775, 51.1708], [-93.7688, 51.1708]]]}, "properties": {"company_id": "gold-finder-resources", "jurisdiction": "Ontario", "claim_id": "259999", "claim_name": null, "holder": "(100) GOLD FINDER RESOURCES LTD.", "status": "Active", "recorded_date": "2018-04-10", "anniversary_or_expiry": "2030-08-03", "area_ha": null, "tenure_type": "Boundary Cell Mining Claim", "source": "Ontario MLAS operational claims (OGSEarth / LIO MapServer). Unofficial viewing data, not legal title.", "as_of": "2026-09-20", "role": "focus", "color": "#e8b040"}}, {"type": "Feature", "geometry": {"type": "Polygon", "coordinates": [[[-93.9688, 50.9417], [-93.9688, 50.9458], [-93.975, 50.9458], [-93.975, 50.9417], [-93.9688, 50.9417]]]}, "properties": {"company_id": "gold-finder-resources", "jurisdiction": "Ontario", "claim_id": "260916", "claim_name": null, "holder": "(100) GOLD FINDER RESOURCES LTD.", "status": "Active", "recorded_date": "2018-04-10", "anniversary_or_expiry": "2027-05-14", "area_ha": null, "tenure_type": "Single Cell Mining Claim", "source": "Ontario MLAS operational claims (OGSEarth / LIO MapServer). Unofficial viewing data, not legal title.", "as_of": "2026-09-20", "role": "focus", "color": "#e8b040"}}, {"type": "Feature", "geometry": {"type": "Polygon", "coordinates": [[[-91.5875, 51.1792], [-91.5875, 51.1833], [-91.5938, 51.1833], [-91.5938, 51.1792], [-91.5875, 51.1792]]]}, "properties": {"company_id": "gold-finder-resources", "jurisdiction": "Ontario", "claim_id": "262015", "claim_name": null, "holder": "(100) GOLD FINDER RESOURCES LTD.", "status": "Active", "recorded_date": "2018-04-10", "anniversary_or_expiry": "2027-11-01", "area_ha": null, "tenure_type": "Single Cell Mining Claim", "source": "Ontario MLAS operational claims (OGSEarth / LIO MapServer). Unofficial viewing data, not legal title.", "as_of": "2026-09-20", "role": "focus", "color": "#e8b040"}}, {"type": "Feature", "geometry": {"type": "Polygon", "coordinates": [[[-93.825, 51.1625], [-93.825, 51.1667], [-93.8313, 51.1667], [-93.8313, 51.1625], [-93.825, 51.1625]]]}, "properties": {"company_id": "gold-finder-resources", "jurisdiction": "Ontario", "claim_id": "262625", "claim_name": null, "holder": "(100) GOLD FINDER RESOURCES LTD.", "status": "Active", "recorded_date": "2018-04-10", "anniversary_or_expiry": "2030-08-03", "area_ha": null, "tenure_type": "Single Cell Mining Claim", "source": "Ontario MLAS operational claims (OGSEarth / LIO MapServer). Unofficial viewing data, not legal title.", "as_of": "2026-09-20", "role": "focus", "color": "#e8b040"}}, {"type": "Feature", "geometry": {"type": "Polygon", "coordinates": [[[-94.0, 50.925], [-94.0, 50.9292], [-94.0063, 50.9292], [-94.0063, 50.925], [-94.0, 50.925]]]}, "properties": {"company_id": "gold-finder-resources", "jurisdiction": "Ontario", "claim_id": "264376", "claim_name": null, "holder": "(100) GOLD FINDER RESOURCES LTD.", "status": "Active", "recorded_date": "2018-04-10", "anniversary_or_expiry": "2027-10-14", "area_ha": null, "tenure_type": "Boundary Cell Mining Claim", "source": "Ontario MLAS operational claims (OGSEarth / LIO MapServer). Unofficial viewing data, not legal title.", "as_of": "2026-09-20", "role": "focus", "color": "#e8b040"}}, {"type": "Feature", "geometry": {"type": "Polygon", "coordinates": [[[-93.8625, 51.1583], [-93.8625, 51.1625], [-93.8688, 51.1625], [-93.8688, 51.1583], [-93.8625, 51.1583]]]}, "properties": {"company_id": "gold-finder-resources", "jurisdiction": "Ontario", "claim_id": "264966", "claim_name": null, "holder": "(100) GOLD FINDER RESOURCES LTD.", "status": "Active", "recorded_date": "2018-04-10", "anniversary_or_expiry": "2030-09-15", "area_ha": null, "tenure_type": "Single Cell Mining Claim", "source": "Ontario MLAS operational claims (OGSEarth / LIO MapServer). Unofficial viewing data, not legal title.", "as_of": "2026-09-20", "role": "focus", "color": "#e8b040"}}, {"type": "Feature", "geometry": {"type": "Polygon", "coordinates": [[[-94.0125, 50.9375], [-94.0125, 50.9417], [-94.0188, 50.9417], [-94.0188, 50.9375], [-94.0125, 50.9375]]]}, "properties": {"company_id": "gold-finder-resources", "jurisdiction": "Ontario", "claim_id": "266720", "claim_name": null, "holder": "(100) GOLD FINDER RESOURCES LTD.", "status": "Active", "recorded_date": "2018-04-10", "anniversary_or_expiry": "2027-07-04", "area_ha": null, "tenure_type": "Boundary Cell Mining Claim", "source": "Ontario MLAS operational claims (OGSEarth / LIO MapServer). Unofficial viewing data, not legal title.", "as_of": "2026-09-20", "role": "focus", "color": "#e8b040"}}, {"type": "Feature", "geometry": {"type": "Polygon", "coordinates": [[[-94.0125, 50.9208], [-94.0125, 50.925], [-94.0188, 50.925], [-94.0188, 50.9208], [-94.0125, 50.9208]]]}, "properties": {"company_id": "gold-finder-resources", "jurisdiction": "Ontario", "claim_id": "266735", "claim_name": null, "holder": "(100) GOLD FINDER RESOURCES LTD.", "status": "Active", "recorded_date": "2018-04-10", "anniversary_or_expiry": "2027-07-04", "area_ha": null, "tenure_type": "Boundary Cell Mining Claim", "source": "Ontario MLAS operational claims (OGSEarth / LIO MapServer). Unofficial viewing data, not legal title.", "as_of": "2026-09-20", "role": "focus", "color": "#e8b040"}}, {"type": "Feature", "geometry": {"type": "Polygon", "coordinates": [[[-93.8188, 51.1625], [-93.8188, 51.1667], [-93.825, 51.1667], [-93.825, 51.1625], [-93.8188, 51.1625]]]}, "properties": {"company_id": "gold-finder-resources", "jurisdiction": "Ontario", "claim_id": "269884", "claim_name": null, "holder": "(100) GOLD FINDER RESOURCES LTD.", "status": "Active", "recorded_date": "2018-04-10", "anniversary_or_expiry": "2030-08-03", "area_ha": null, "tenure_type": "Single Cell Mining Claim", "source": "Ontario MLAS operational claims (OGSEarth / LIO MapServer). Unofficial viewing data, not legal title.", "as_of": "2026-09-20", "role": "focus", "color": "#e8b040"}}, {"type": "Feature", "geometry": {"type": "Polygon", "coordinates": [[[-93.7938, 51.1708], [-93.7938, 51.175], [-93.8, 51.175], [-93.8, 51.1708], [-93.7938, 51.1708]]]}, "properties": {"company_id": "gold-finder-resources", "jurisdiction": "Ontario", "claim_id": "269453", "claim_name": null, "holder": "(100) GOLD FINDER RESOURCES LTD.", "status": "Active", "recorded_date": "2018-04-10", "anniversary_or_expiry": "2030-08-03", "area_ha": null, "tenure_type": "Single Cell Mining Claim", "source": "Ontario MLAS operational claims (OGSEarth / LIO MapServer). Unofficial viewing data, not legal title.", "as_of": "2026-09-20", "role": "focus", "color": "#e8b040"}}, {"type": "Feature", "geometry": {"type": "Polygon", "coordinates": [[[-93.8063, 51.1708], [-93.8063, 51.175], [-93.8125, 51.175], [-93.8125, 51.1708], [-93.8063, 51.1708]]]}, "properties": {"company_id": "gold-finder-resources", "jurisdiction": "Ontario", "claim_id": "269454", "claim_name": null, "holder": "(100) GOLD FINDER RESOURCES LTD.", "status": "Active", "recorded_date": "2018-04-10", "anniversary_or_expiry": "2030-08-03", "area_ha": null, "tenure_type": "Single Cell Mining Claim", "source": "Ontario MLAS operational claims (OGSEarth / LIO MapServer). Unofficial viewing data, not legal title.", "as_of": "2026-09-20", "role": "focus", "color": "#e8b040"}}, {"type": "Feature", "geometry": {"type": "Polygon", "coordinates": [[[-91.5813, 51.1792], [-91.5813, 51.1833], [-91.5875, 51.1833], [-91.5875, 51.1792], [-91.5813, 51.1792]]]}, "properties": {"company_id": "gold-finder-resources", "jurisdiction": "Ontario", "claim_id": "269466", "claim_name": null, "holder": "(100) GOLD FINDER RESOURCES LTD.", "status": "Active", "recorded_date": "2018-04-10", "anniversary_or_expiry": "2027-11-01", "area_ha": null, "tenure_type": "Single Cell Mining Claim", "source": "Ontario MLAS operational claims (OGSEarth / LIO MapServer). Unofficial viewing data, not legal title.", "as_of": "2026-09-20", "role": "focus", "color": "#e8b040"}}, {"type": "Feature", "geometry": {"type": "Polygon", "coordinates": [[[-93.9938, 50.925], [-93.9938, 50.9292], [-94.0, 50.9292], [-94.0, 50.925], [-93.9938, 50.925]]]}, "properties": {"company_id": "gold-finder-resources", "jurisdiction": "Ontario", "claim_id": "270091", "claim_name": null, "holder": "(100) GOLD FINDER RESOURCES LTD.", "status": "Active", "recorded_date": "2018-04-10", "anniversary_or_expiry": "2027-07-20", "area_ha": null, "tenure_type": "Boundary Cell Mining Claim", "source": "Ontario MLAS operational claims (OGSEarth / LIO MapServer). Unofficial viewing data, not legal title.", "as_of": "2026-09-20", "role": "focus", "color": "#e8b040"}}, {"type": "Feature", "geometry": {"type": "Polygon", "coordinates": [[[-93.875, 51.1625], [-93.875, 51.1667], [-93.8813, 51.1667], [-93.8813, 51.1625], [-93.875, 51.1625]]]}, "properties": {"company_id": "gold-finder-resources", "jurisdiction": "Ontario", "claim_id": "272946", "claim_name": null, "holder": "(100) GOLD FINDER RESOURCES LTD.", "status": "Active", "recorded_date": "2018-04-10", "anniversary_or_expiry": "2030-09-15", "area_ha": null, "tenure_type": "Single Cell Mining Claim", "source": "Ontario MLAS operational claims (OGSEarth / LIO MapServer). Unofficial viewing data, not legal title.", "as_of": "2026-09-20", "role": "focus", "color": "#e8b040"}}, {"type": "Feature", "geometry": {"type": "Polygon", "coordinates": [[[-93.8563, 51.1542], [-93.8563, 51.1583], [-93.8625, 51.1583], [-93.8625, 51.1542], [-93.8563, 51.1542]]]}, "properties": {"company_id": "gold-finder-resources", "jurisdiction": "Ontario", "claim_id": "272947", "claim_name": null, "holder": "(100) GOLD FINDER RESOURCES LTD.", "status": "Active", "recorded_date": "2018-04-10", "anniversary_or_expiry": "2030-09-15", "area_ha": null, "tenure_type": "Single Cell Mining Claim", "source": "Ontario MLAS operational claims (OGSEarth / LIO MapServer). Unofficial viewing data, not legal title.", "as_of": "2026-09-20", "role": "focus", "color": "#e8b040"}}, {"type": "Feature", "geometry": {"type": "Polygon", "coordinates": [[[-94.175, 50.9208], [-94.175, 50.925], [-94.1813, 50.925], [-94.1813, 50.9208], [-94.175, 50.9208]]]}, "properties": {"company_id": "gold-finder-resources", "jurisdiction": "Ontario", "claim_id": "272978", "claim_name": null, "holder": "(100) GOLD FINDER RESOURCES LTD.", "status": "Active", "recorded_date": "2018-04-10", "anniversary_or_expiry": "2027-10-14", "area_ha": null, "tenure_type": "Single Cell Mining Claim", "source": "Ontario MLAS operational claims (OGSEarth / LIO MapServer). Unofficial viewing data, not legal title.", "as_of": "2026-09-20", "role": "focus", "color": "#e8b040"}}, {"type": "Feature", "geometry": {"type": "Polygon", "coordinates": [[[-94.1875, 50.9083], [-94.1875, 50.9125], [-94.1938, 50.9125], [-94.1938, 50.9083], [-94.1875, 50.9083]]]}, "properties": {"company_id": "gold-finder-resources", "jurisdiction": "Ontario", "claim_id": "272979", "claim_name": null, "holder": "(100) GOLD FINDER RESOURCES LTD.", "status": "Active", "recorded_date": "2018-04-10", "anniversary_or_expiry": "2027-10-14", "area_ha": null, "tenure_type": "Single Cell Mining Claim", "source": "Ontario MLAS operational claims (OGSEarth / LIO MapServer). Unofficial viewing data, not legal title.", "as_of": "2026-09-20", "role": "focus", "color": "#e8b040"}}, {"type": "Feature", "geometry": {"type": "Polygon", "coordinates": [[[-94.0188, 50.9208], [-94.0188, 50.925], [-94.025, 50.925], [-94.025, 50.9208], [-94.0188, 50.9208]]]}, "properties": {"company_id": "gold-finder-resources", "jurisdiction": "Ontario", "claim_id": "274156", "claim_name": null, "holder": "(100) GOLD FINDER RESOURCES LTD.", "status": "Active", "recorded_date": "2018-04-10", "anniversary_or_expiry": "2027-07-04", "area_ha": null, "tenure_type": "Boundary Cell Mining Claim", "source": "Ontario MLAS operational claims (OGSEarth / LIO MapServer). Unofficial viewing data, not legal title.", "as_of": "2026-09-20", "role": "focus", "color": "#e8b040"}}, {"type": "Feature", "geometry": {"type": "Polygon", "coordinates": [[[-91.5375, 51.1875], [-91.5375, 51.1917], [-91.5438, 51.1917], [-91.5438, 51.1875], [-91.5375, 51.1875]]]}, "properties": {"company_id": "gold-finder-resources", "jurisdiction": "Ontario", "claim_id": "276570", "claim_name": null, "holder": "(100) GOLD FINDER RESOURCES LTD.", "status": "Active", "recorded_date": "2018-04-10", "anniversary_or_expiry": "2027-11-01", "area_ha": null, "tenure_type": "Boundary Cell Mining Claim", "source": "Ontario MLAS operational claims (OGSEarth / LIO MapServer). Unofficial viewing data, not legal title.", "as_of": "2026-09-20", "role": "focus", "color": "#e8b040"}}, {"type": "Feature", "geometry": {"type": "Polygon", "coordinates": [[[-91.5375, 51.175], [-91.5375, 51.1792], [-91.5438, 51.1792], [-91.5438, 51.175], [-91.5375, 51.175]]]}, "properties": {"company_id": "gold-finder-resources", "jurisdiction": "Ontario", "claim_id": "276606", "claim_name": null, "holder": "(100) GOLD FINDER RESOURCES LTD.", "status": "Active", "recorded_date": "2018-04-10", "anniversary_or_expiry": "2027-11-01", "area_ha": null, "tenure_type": "Single Cell Mining Claim", "source": "Ontario MLAS operational claims (OGSEarth / LIO MapServer). Unofficial viewing data, not legal title.", "as_of": "2026-09-20", "role": "focus", "color": "#e8b040"}}, {"type": "Feature", "geometry": {"type": "Polygon", "coordinates": [[[-93.7625, 51.1667], [-93.7625, 51.1708], [-93.7688, 51.1708], [-93.7688, 51.1667], [-93.7625, 51.1667]]]}, "properties": {"company_id": "gold-finder-resources", "jurisdiction": "Ontario", "claim_id": "278001", "claim_name": null, "holder": "(100) GOLD FINDER RESOURCES LTD.", "status": "Active", "recorded_date": "2018-04-10", "anniversary_or_expiry": "2030-08-03", "area_ha": null, "tenure_type": "Boundary Cell Mining Claim", "source": "Ontario MLAS operational claims (OGSEarth / LIO MapServer). Unofficial viewing data, not legal title.", "as_of": "2026-09-20", "role": "focus", "color": "#e8b040"}}, {"type": "Feature", "geometry": {"type": "Polygon", "coordinates": [[[-93.7688, 51.1667], [-93.7688, 51.1708], [-93.775, 51.1708], [-93.775, 51.1667], [-93.7688, 51.1667]]]}, "properties": {"company_id": "gold-finder-resources", "jurisdiction": "Ontario", "claim_id": "278002", "claim_name": null, "holder": "(100) GOLD FINDER RESOURCES LTD.", "status": "Active", "recorded_date": "2018-04-10", "anniversary_or_expiry": "2030-08-03", "area_ha": null, "tenure_type": "Boundary Cell Mining Claim", "source": "Ontario MLAS operational claims (OGSEarth / LIO MapServer). Unofficial viewing data, not legal title.", "as_of": "2026-09-20", "role": "focus", "color": "#e8b040"}}, {"type": "Feature", "geometry": {"type": "Polygon", "coordinates": [[[-94.2188, 50.9], [-94.2188, 50.9042], [-94.225, 50.9042], [-94.225, 50.9], [-94.2188, 50.9]]]}, "properties": {"company_id": "gold-finder-resources", "jurisdiction": "Ontario", "claim_id": "278599", "claim_name": null, "holder": "(100) GOLD FINDER RESOURCES LTD.", "status": "Active", "recorded_date": "2018-04-10", "anniversary_or_expiry": "2027-10-14", "area_ha": null, "tenure_type": "Single Cell Mining Claim", "source": "Ontario MLAS operational claims (OGSEarth / LIO MapServer). Unofficial viewing data, not legal title.", "as_of": "2026-09-20", "role": "focus", "color": "#e8b040"}}, {"type": "Feature", "geometry": {"type": "Polygon", "coordinates": [[[-94.2063, 50.8875], [-94.2063, 50.8917], [-94.2125, 50.8917], [-94.2125, 50.8875], [-94.2063, 50.8875]]]}, "properties": {"company_id": "gold-finder-resources", "jurisdiction": "Ontario", "claim_id": "278600", "claim_name": null, "holder": "(100) GOLD FINDER RESOURCES LTD.", "status": "Active", "recorded_date": "2018-04-10", "anniversary_or_expiry": "2027-10-14", "area_ha": null, "tenure_type": "Single Cell Mining Claim", "source": "Ontario MLAS operational claims (OGSEarth / LIO MapServer). Unofficial viewing data, not legal title.", "as_of": "2026-09-20", "role": "focus", "color": "#e8b040"}}, {"type": "Feature", "geometry": {"type": "Polygon", "coordinates": [[[-94.0313, 50.925], [-94.0313, 50.9292], [-94.0375, 50.9292], [-94.0375, 50.925], [-94.0313, 50.925]]]}, "properties": {"company_id": "gold-finder-resources", "jurisdiction": "Ontario", "claim_id": "279300", "claim_name": null, "holder": "(100) GOLD FINDER RESOURCES LTD.", "status": "Active", "recorded_date": "2018-04-10", "anniversary_or_expiry": "2027-10-14", "area_ha": null, "tenure_type": "Single Cell Mining Claim", "source": "Ontario MLAS operational claims (OGSEarth / LIO MapServer). Unofficial viewing data, not legal title.", "as_of": "2026-09-20", "role": "focus", "color": "#e8b040"}}, {"type": "Feature", "geometry": {"type": "Polygon", "coordinates": [[[-94.1938, 50.9292], [-94.1938, 50.9333], [-94.2, 50.9333], [-94.2, 50.9292], [-94.1938, 50.9292]]]}, "properties": {"company_id": "gold-finder-resources", "jurisdiction": "Ontario", "claim_id": "281186", "claim_name": null, "holder": "(100) GOLD FINDER RESOURCES LTD.", "status": "Active", "recorded_date": "2018-04-10", "anniversary_or_expiry": "2027-10-14", "area_ha": null, "tenure_type": "Boundary Cell Mining Claim", "source": "Ontario MLAS operational claims (OGSEarth / LIO MapServer). Unofficial viewing data, not legal title.", "as_of": "2026-09-20", "role": "focus", "color": "#e8b040"}}, {"type": "Feature", "geometry": {"type": "Polygon", "coordinates": [[[-94.075, 50.9292], [-94.075, 50.9333], [-94.0813, 50.9333], [-94.0813, 50.9292], [-94.075, 50.9292]]]}, "properties": {"company_id": "gold-finder-resources", "jurisdiction": "Ontario", "claim_id": "279897", "claim_name": null, "holder": "(100) GOLD FINDER RESOURCES LTD.", "status": "Active", "recorded_date": "2018-04-10", "anniversary_or_expiry": "2027-10-14", "area_ha": null, "tenure_type": "Boundary Cell Mining Claim", "source": "Ontario MLAS operational claims (OGSEarth / LIO MapServer). Unofficial viewing data, not legal title.", "as_of": "2026-09-20", "role": "focus", "color": "#e8b040"}}, {"type": "Feature", "geometry": {"type": "Polygon", "coordinates": [[[-93.9438, 50.9667], [-93.9438, 50.9708], [-93.95, 50.9708], [-93.95, 50.9667], [-93.9438, 50.9667]]]}, "properties": {"company_id": "gold-finder-resources", "jurisdiction": "Ontario", "claim_id": "283847", "claim_name": null, "holder": "(100) GOLD FINDER RESOURCES LTD.", "status": "Active", "recorded_date": "2018-04-10", "anniversary_or_expiry": "2027-01-25", "area_ha": null, "tenure_type": "Single Cell Mining Claim", "source": "Ontario MLAS operational claims (OGSEarth / LIO MapServer). Unofficial viewing data, not legal title.", "as_of": "2026-09-20", "role": "focus", "color": "#e8b040"}}, {"type": "Feature", "geometry": {"type": "Polygon", "coordinates": [[[-93.9438, 50.9583], [-93.9438, 50.9625], [-93.95, 50.9625], [-93.95, 50.9583], [-93.9438, 50.9583]]]}, "properties": {"company_id": "gold-finder-resources", "jurisdiction": "Ontario", "claim_id": "283848", "claim_name": null, "holder": "(100) GOLD FINDER RESOURCES LTD.", "status": "Active", "recorded_date": "2018-04-10", "anniversary_or_expiry": "2027-01-25", "area_ha": null, "tenure_type": "Single Cell Mining Claim", "source": "Ontario MLAS operational claims (OGSEarth / LIO MapServer). Unofficial viewing data, not legal title.", "as_of": "2026-09-20", "role": "focus", "color": "#e8b040"}}, {"type": "Feature", "geometry": {"type": "Polygon", "coordinates": [[[-94.1875, 50.9208], [-94.1875, 50.925], [-94.1938, 50.925], [-94.1938, 50.9208], [-94.1875, 50.9208]]]}, "properties": {"company_id": "gold-finder-resources", "jurisdiction": "Ontario", "claim_id": "285041", "claim_name": null, "holder": "(100) GOLD FINDER RESOURCES LTD.", "status": "Active", "recorded_date": "2018-04-10", "anniversary_or_expiry": "2027-10-14", "area_ha": null, "tenure_type": "Single Cell Mining Claim", "source": "Ontario MLAS operational claims (OGSEarth / LIO MapServer). Unofficial viewing data, not legal title.", "as_of": "2026-09-20", "role": "focus", "color": "#e8b040"}}, {"type": "Feature", "geometry": {"type": "Polygon", "coordinates": [[[-94.0, 50.9292], [-94.0, 50.9333], [-94.0063, 50.9333], [-94.0063, 50.9292], [-94.0, 50.9292]]]}, "properties": {"company_id": "gold-finder-resources", "jurisdiction": "Ontario", "claim_id": "286280", "claim_name": null, "holder": "(100) GOLD FINDER RESOURCES LTD.", "status": "Active", "recorded_date": "2018-04-10", "anniversary_or_expiry": "2027-07-20", "area_ha": null, "tenure_type": "Single Cell Mining Claim", "source": "Ontario MLAS operational claims (OGSEarth / LIO MapServer). Unofficial viewing data, not legal title.", "as_of": "2026-09-20", "role": "focus", "color": "#e8b040"}}, {"type": "Feature", "geometry": {"type": "Polygon", "coordinates": [[[-94.1563, 50.925], [-94.1563, 50.9292], [-94.1625, 50.9292], [-94.1625, 50.925], [-94.1563, 50.925]]]}, "properties": {"company_id": "gold-finder-resources", "jurisdiction": "Ontario", "claim_id": "287857", "claim_name": null, "holder": "(100) GOLD FINDER RESOURCES LTD.", "status": "Active", "recorded_date": "2018-04-10", "anniversary_or_expiry": "2027-10-14", "area_ha": null, "tenure_type": "Boundary Cell Mining Claim", "source": "Ontario MLAS operational claims (OGSEarth / LIO MapServer). Unofficial viewing data, not legal title.", "as_of": "2026-09-20", "role": "focus", "color": "#e8b040"}}, {"type": "Feature", "geometry": {"type": "Polygon", "coordinates": [[[-93.85, 51.1625], [-93.85, 51.1667], [-93.8563, 51.1667], [-93.8563, 51.1625], [-93.85, 51.1625]]]}, "properties": {"company_id": "gold-finder-resources", "jurisdiction": "Ontario", "claim_id": "292333", "claim_name": null, "holder": "(100) GOLD FINDER RESOURCES LTD.", "status": "Active", "recorded_date": "2018-04-10", "anniversary_or_expiry": "2030-09-15", "area_ha": null, "tenure_type": "Single Cell Mining Claim", "source": "Ontario MLAS operational claims (OGSEarth / LIO MapServer). Unofficial viewing data, not legal title.", "as_of": "2026-09-20", "role": "focus", "color": "#e8b040"}}, {"type": "Feature", "geometry": {"type": "Polygon", "coordinates": [[[-94.1688, 50.9208], [-94.1688, 50.925], [-94.175, 50.925], [-94.175, 50.9208], [-94.1688, 50.9208]]]}, "properties": {"company_id": "gold-finder-resources", "jurisdiction": "Ontario", "claim_id": "292378", "claim_name": null, "holder": "(100) GOLD FINDER RESOURCES LTD.", "status": "Active", "recorded_date": "2018-04-10", "anniversary_or_expiry": "2027-10-14", "area_ha": null, "tenure_type": "Single Cell Mining Claim", "source": "Ontario MLAS operational claims (OGSEarth / LIO MapServer). Unofficial viewing data, not legal title.", "as_of": "2026-09-20", "role": "focus", "color": "#e8b040"}}, {"type": "Feature", "geometry": {"type": "Polygon", "coordinates": [[[-93.9438, 50.9542], [-93.9438, 50.9583], [-93.95, 50.9583], [-93.95, 50.9542], [-93.9438, 50.9542]]]}, "properties": {"company_id": "gold-finder-resources", "jurisdiction": "Ontario", "claim_id": "291914", "claim_name": null, "holder": "(100) GOLD FINDER RESOURCES LTD.", "status": "Active", "recorded_date": "2018-04-10", "anniversary_or_expiry": "2027-01-25", "area_ha": null, "tenure_type": "Single Cell Mining Claim", "source": "Ontario MLAS operational claims (OGSEarth / LIO MapServer). Unofficial viewing data, not legal title.", "as_of": "2026-09-20", "role": "focus", "color": "#e8b040"}}, {"type": "Feature", "geometry": {"type": "Polygon", "coordinates": [[[-94.1875, 50.9042], [-94.1875, 50.9083], [-94.1938, 50.9083], [-94.1938, 50.9042], [-94.1875, 50.9042]]]}, "properties": {"company_id": "gold-finder-resources", "jurisdiction": "Ontario", "claim_id": "294661", "claim_name": null, "holder": "(100) GOLD FINDER RESOURCES LTD.", "status": "Active", "recorded_date": "2018-04-10", "anniversary_or_expiry": "2027-10-14", "area_ha": null, "tenure_type": "Single Cell Mining Claim", "source": "Ontario MLAS operational claims (OGSEarth / LIO MapServer). Unofficial viewing data, not legal title.", "as_of": "2026-09-20", "role": "focus", "color": "#e8b040"}}, {"type": "Feature", "geometry": {"type": "Polygon", "coordinates": [[[-94.2, 50.9042], [-94.2, 50.9083], [-94.2063, 50.9083], [-94.2063, 50.9042], [-94.2, 50.9042]]]}, "properties": {"company_id": "gold-finder-resources", "jurisdiction": "Ontario", "claim_id": "294671", "claim_name": null, "holder": "(100) GOLD FINDER RESOURCES LTD.", "status": "Active", "recorded_date": "2018-04-10", "anniversary_or_expiry": "2027-10-14", "area_ha": null, "tenure_type": "Single Cell Mining Claim", "source": "Ontario MLAS operational claims (OGSEarth / LIO MapServer). Unofficial viewing data, not legal title.", "as_of": "2026-09-20", "role": "focus", "color": "#e8b040"}}, {"type": "Feature", "geometry": {"type": "Polygon", "coordinates": [[[-94.0375, 50.925], [-94.0375, 50.9292], [-94.0438, 50.9292], [-94.0438, 50.925], [-94.0375, 50.925]]]}, "properties": {"company_id": "gold-finder-resources", "jurisdiction": "Ontario", "claim_id": "297990", "claim_name": null, "holder": "(100) GOLD FINDER RESOURCES LTD.", "status": "Active", "recorded_date": "2018-04-10", "anniversary_or_expiry": "2027-10-14", "area_ha": null, "tenure_type": "Single Cell Mining Claim", "source": "Ontario MLAS operational claims (OGSEarth / LIO MapServer). Unofficial viewing data, not legal title.", "as_of": "2026-09-20", "role": "focus", "color": "#e8b040"}}, {"type": "Feature", "geometry": {"type": "Polygon", "coordinates": [[[-94.025, 50.9208], [-94.025, 50.925], [-94.0313, 50.925], [-94.0313, 50.9208], [-94.025, 50.9208]]]}, "properties": {"company_id": "gold-finder-resources", "jurisdiction": "Ontario", "claim_id": "297991", "claim_name": null, "holder": "(100) GOLD FINDER RESOURCES LTD.", "status": "Active", "recorded_date": "2018-04-10", "anniversary_or_expiry": "2027-10-14", "area_ha": null, "tenure_type": "Single Cell Mining Claim", "source": "Ontario MLAS operational claims (OGSEarth / LIO MapServer). Unofficial viewing data, not legal title.", "as_of": "2026-09-20", "role": "focus", "color": "#e8b040"}}, {"type": "Feature", "geometry": {"type": "Polygon", "coordinates": [[[-93.9813, 50.9375], [-93.9813, 50.9417], [-93.9875, 50.9417], [-93.9875, 50.9375], [-93.9813, 50.9375]]]}, "properties": {"company_id": "gold-finder-resources", "jurisdiction": "Ontario", "claim_id": "297549", "claim_name": null, "holder": "(100) GOLD FINDER RESOURCES LTD.", "status": "Active", "recorded_date": "2018-04-10", "anniversary_or_expiry": "2027-04-28", "area_ha": null, "tenure_type": "Boundary Cell Mining Claim", "source": "Ontario MLAS operational claims (OGSEarth / LIO MapServer). Unofficial viewing data, not legal title.", "as_of": "2026-09-20", "role": "focus", "color": "#e8b040"}}, {"type": "Feature", "geometry": {"type": "Polygon", "coordinates": [[[-94.075, 50.9333], [-94.075, 50.9375], [-94.0813, 50.9375], [-94.0813, 50.9333], [-94.075, 50.9333]]]}, "properties": {"company_id": "gold-finder-resources", "jurisdiction": "Ontario", "claim_id": "298580", "claim_name": null, "holder": "(100) GOLD FINDER RESOURCES LTD.", "status": "Active", "recorded_date": "2018-04-10", "anniversary_or_expiry": "2027-10-14", "area_ha": null, "tenure_type": "Boundary Cell Mining Claim", "source": "Ontario MLAS operational claims (OGSEarth / LIO MapServer). Unofficial viewing data, not legal title.", "as_of": "2026-09-20", "role": "focus", "color": "#e8b040"}}, {"type": "Feature", "geometry": {"type": "Polygon", "coordinates": [[[-93.8313, 51.1667], [-93.8313, 51.1708], [-93.8375, 51.1708], [-93.8375, 51.1667], [-93.8313, 51.1667]]]}, "properties": {"company_id": "gold-finder-resources", "jurisdiction": "Ontario", "claim_id": "299797", "claim_name": null, "holder": "(100) GOLD FINDER RESOURCES LTD.", "status": "Active", "recorded_date": "2018-04-10", "anniversary_or_expiry": "2030-08-03", "area_ha": null, "tenure_type": "Single Cell Mining Claim", "source": "Ontario MLAS operational claims (OGSEarth / LIO MapServer). Unofficial viewing data, not legal title.", "as_of": "2026-09-20", "role": "focus", "color": "#e8b040"}}, {"type": "Feature", "geometry": {"type": "Polygon", "coordinates": [[[-93.8188, 51.1583], [-93.8188, 51.1625], [-93.825, 51.1625], [-93.825, 51.1583], [-93.8188, 51.1583]]]}, "properties": {"company_id": "gold-finder-resources", "jurisdiction": "Ontario", "claim_id": "299798", "claim_name": null, "holder": "(100) GOLD FINDER RESOURCES LTD.", "status": "Active", "recorded_date": "2018-04-10", "anniversary_or_expiry": "2030-08-03", "area_ha": null, "tenure_type": "Single Cell Mining Claim", "source": "Ontario MLAS operational claims (OGSEarth / LIO MapServer). Unofficial viewing data, not legal title.", "as_of": "2026-09-20", "role": "focus", "color": "#e8b040"}}, {"type": "Feature", "geometry": {"type": "Polygon", "coordinates": [[[-93.975, 50.9375], [-93.975, 50.9417], [-93.9813, 50.9417], [-93.9813, 50.9375], [-93.975, 50.9375]]]}, "properties": {"company_id": "gold-finder-resources", "jurisdiction": "Ontario", "claim_id": "299903", "claim_name": null, "holder": "(100) GOLD FINDER RESOURCES LTD.", "status": "Active", "recorded_date": "2018-04-10", "anniversary_or_expiry": "2027-07-20", "area_ha": null, "tenure_type": "Boundary Cell Mining Claim", "source": "Ontario MLAS operational claims (OGSEarth / LIO MapServer). Unofficial viewing data, not legal title.", "as_of": "2026-09-20", "role": "focus", "color": "#e8b040"}}, {"type": "Feature", "geometry": {"type": "Polygon", "coordinates": [[[-93.9625, 50.9375], [-93.9625, 50.9417], [-93.9688, 50.9417], [-93.9688, 50.9375], [-93.9625, 50.9375]]]}, "properties": {"company_id": "gold-finder-resources", "jurisdiction": "Ontario", "claim_id": "298264", "claim_name": null, "holder": "(100) GOLD FINDER RESOURCES LTD.", "status": "Active", "recorded_date": "2018-04-10", "anniversary_or_expiry": "2027-05-14", "area_ha": null, "tenure_type": "Boundary Cell Mining Claim", "source": "Ontario MLAS operational claims (OGSEarth / LIO MapServer). Unofficial viewing data, not legal title.", "as_of": "2026-09-20", "role": "focus", "color": "#e8b040"}}, {"type": "Feature", "geometry": {"type": "Polygon", "coordinates": [[[-94.075, 50.9375], [-94.075, 50.9417], [-94.0813, 50.9417], [-94.0813, 50.9375], [-94.075, 50.9375]]]}, "properties": {"company_id": "gold-finder-resources", "jurisdiction": "Ontario", "claim_id": "300147", "claim_name": null, "holder": "(100) GOLD FINDER RESOURCES LTD.", "status": "Active", "recorded_date": "2018-04-10", "anniversary_or_expiry": "2027-10-14", "area_ha": null, "tenure_type": "Boundary Cell Mining Claim", "source": "Ontario MLAS operational claims (OGSEarth / LIO MapServer). Unofficial viewing data, not legal title.", "as_of": "2026-09-20", "role": "focus", "color": "#e8b040"}}, {"type": "Feature", "geometry": {"type": "Polygon", "coordinates": [[[-93.9563, 50.95], [-93.9563, 50.9542], [-93.9625, 50.9542], [-93.9625, 50.95], [-93.9563, 50.95]]]}, "properties": {"company_id": "gold-finder-resources", "jurisdiction": "Ontario", "claim_id": "304594", "claim_name": null, "holder": "(100) GOLD FINDER RESOURCES LTD.", "status": "Active", "recorded_date": "2018-04-10", "anniversary_or_expiry": "2027-01-25", "area_ha": null, "tenure_type": "Boundary Cell Mining Claim", "source": "Ontario MLAS operational claims (OGSEarth / LIO MapServer). Unofficial viewing data, not legal title.", "as_of": "2026-09-20", "role": "focus", "color": "#e8b040"}}, {"type": "Feature", "geometry": {"type": "Polygon", "coordinates": [[[-94.1813, 50.9], [-94.1813, 50.9042], [-94.1875, 50.9042], [-94.1875, 50.9], [-94.1813, 50.9]]]}, "properties": {"company_id": "gold-finder-resources", "jurisdiction": "Ontario", "claim_id": "307274", "claim_name": null, "holder": "(100) GOLD FINDER RESOURCES LTD.", "status": "Active", "recorded_date": "2018-04-10", "anniversary_or_expiry": "2027-10-14", "area_ha": null, "tenure_type": "Single Cell Mining Claim", "source": "Ontario MLAS operational claims (OGSEarth / LIO MapServer). Unofficial viewing data, not legal title.", "as_of": "2026-09-20", "role": "focus", "color": "#e8b040"}}, {"type": "Feature", "geometry": {"type": "Polygon", "coordinates": [[[-94.1875, 50.9], [-94.1875, 50.9042], [-94.1938, 50.9042], [-94.1938, 50.9], [-94.1875, 50.9]]]}, "properties": {"company_id": "gold-finder-resources", "jurisdiction": "Ontario", "claim_id": "307275", "claim_name": null, "holder": "(100) GOLD FINDER RESOURCES LTD.", "status": "Active", "recorded_date": "2018-04-10", "anniversary_or_expiry": "2027-10-14", "area_ha": null, "tenure_type": "Single Cell Mining Claim", "source": "Ontario MLAS operational claims (OGSEarth / LIO MapServer). Unofficial viewing data, not legal title.", "as_of": "2026-09-20", "role": "focus", "color": "#e8b040"}}, {"type": "Feature", "geometry": {"type": "Polygon", "coordinates": [[[-94.2063, 50.9], [-94.2063, 50.9042], [-94.2125, 50.9042], [-94.2125, 50.9], [-94.2063, 50.9]]]}, "properties": {"company_id": "gold-finder-resources", "jurisdiction": "Ontario", "claim_id": "307281", "claim_name": null, "holder": "(100) GOLD FINDER RESOURCES LTD.", "status": "Active", "recorded_date": "2018-04-10", "anniversary_or_expiry": "2027-10-14", "area_ha": null, "tenure_type": "Single Cell Mining Claim", "source": "Ontario MLAS operational claims (OGSEarth / LIO MapServer). Unofficial viewing data, not legal title.", "as_of": "2026-09-20", "role": "focus", "color": "#e8b040"}}, {"type": "Feature", "geometry": {"type": "Polygon", "coordinates": [[[-94.2125, 50.9], [-94.2125, 50.9042], [-94.2188, 50.9042], [-94.2188, 50.9], [-94.2125, 50.9]]]}, "properties": {"company_id": "gold-finder-resources", "jurisdiction": "Ontario", "claim_id": "307282", "claim_name": null, "holder": "(100) GOLD FINDER RESOURCES LTD.", "status": "Active", "recorded_date": "2018-04-10", "anniversary_or_expiry": "2027-10-14", "area_ha": null, "tenure_type": "Single Cell Mining Claim", "source": "Ontario MLAS operational claims (OGSEarth / LIO MapServer). Unofficial viewing data, not legal title.", "as_of": "2026-09-20", "role": "focus", "color": "#e8b040"}}, {"type": "Feature", "geometry": {"type": "Polygon", "coordinates": [[[-91.5188, 51.1875], [-91.5188, 51.1917], [-91.525, 51.1917], [-91.525, 51.1875], [-91.5188, 51.1875]]]}, "properties": {"company_id": "gold-finder-resources", "jurisdiction": "Ontario", "claim_id": "305891", "claim_name": null, "holder": "(100) GOLD FINDER RESOURCES LTD.", "status": "Active", "recorded_date": "2018-04-10", "anniversary_or_expiry": "2027-11-01", "area_ha": null, "tenure_type": "Boundary Cell Mining Claim", "source": "Ontario MLAS operational claims (OGSEarth / LIO MapServer). Unofficial viewing data, not legal title.", "as_of": "2026-09-20", "role": "focus", "color": "#e8b040"}}, {"type": "Feature", "geometry": {"type": "Polygon", "coordinates": [[[-94.225, 50.8958], [-94.225, 50.9], [-94.2313, 50.9], [-94.2313, 50.8958], [-94.225, 50.8958]]]}, "properties": {"company_id": "gold-finder-resources", "jurisdiction": "Ontario", "claim_id": "309458", "claim_name": null, "holder": "(100) GOLD FINDER RESOURCES LTD.", "status": "Active", "recorded_date": "2018-04-10", "anniversary_or_expiry": "2027-10-14", "area_ha": null, "tenure_type": "Single Cell Mining Claim", "source": "Ontario MLAS operational claims (OGSEarth / LIO MapServer). Unofficial viewing data, not legal title.", "as_of": "2026-09-20", "role": "focus", "color": "#e8b040"}}, {"type": "Feature", "geometry": {"type": "Polygon", "coordinates": [[[-94.2125, 50.8875], [-94.2125, 50.8917], [-94.2188, 50.8917], [-94.2188, 50.8875], [-94.2125, 50.8875]]]}, "properties": {"company_id": "gold-finder-resources", "jurisdiction": "Ontario", "claim_id": "309459", "claim_name": null, "holder": "(100) GOLD FINDER RESOURCES LTD.", "status": "Active", "recorded_date": "2018-04-10", "anniversary_or_expiry": "2027-10-14", "area_ha": null, "tenure_type": "Single Cell Mining Claim", "source": "Ontario MLAS operational claims (OGSEarth / LIO MapServer). Unofficial viewing data, not legal title.", "as_of": "2026-09-20", "role": "focus", "color": "#e8b040"}}, {"type": "Feature", "geometry": {"type": "Polygon", "coordinates": [[[-94.05, 50.9417], [-94.05, 50.9458], [-94.0563, 50.9458], [-94.0563, 50.9417], [-94.05, 50.9417]]]}, "properties": {"company_id": "gold-finder-resources", "jurisdiction": "Ontario", "claim_id": "307371", "claim_name": null, "holder": "(100) GOLD FINDER RESOURCES LTD.", "status": "Active", "recorded_date": "2018-04-10", "anniversary_or_expiry": "2027-10-14", "area_ha": null, "tenure_type": "Single Cell Mining Claim", "source": "Ontario MLAS operational claims (OGSEarth / LIO MapServer). Unofficial viewing data, not legal title.", "as_of": "2026-09-20", "role": "focus", "color": "#e8b040"}}, {"type": "Feature", "geometry": {"type": "Polygon", "coordinates": [[[-93.8125, 51.1625], [-93.8125, 51.1667], [-93.8188, 51.1667], [-93.8188, 51.1625], [-93.8125, 51.1625]]]}, "properties": {"company_id": "gold-finder-resources", "jurisdiction": "Ontario", "claim_id": "309233", "claim_name": null, "holder": "(100) GOLD FINDER RESOURCES LTD.", "status": "Active", "recorded_date": "2018-04-10", "anniversary_or_expiry": "2030-08-03", "area_ha": null, "tenure_type": "Boundary Cell Mining Claim", "source": "Ontario MLAS operational claims (OGSEarth / LIO MapServer). Unofficial viewing data, not legal title.", "as_of": "2026-09-20", "role": "focus", "color": "#e8b040"}}, {"type": "Feature", "geometry": {"type": "Polygon", "coordinates": [[[-93.9563, 50.9583], [-93.9563, 50.9625], [-93.9625, 50.9625], [-93.9625, 50.9583], [-93.9563, 50.9583]]]}, "properties": {"company_id": "gold-finder-resources", "jurisdiction": "Ontario", "claim_id": "310636", "claim_name": null, "holder": "(100) GOLD FINDER RESOURCES LTD.", "status": "Active", "recorded_date": "2018-04-10", "anniversary_or_expiry": "2027-01-24", "area_ha": null, "tenure_type": "Boundary Cell Mining Claim", "source": "Ontario MLAS operational claims (OGSEarth / LIO MapServer). Unofficial viewing data, not legal title.", "as_of": "2026-09-20", "role": "focus", "color": "#e8b040"}}, {"type": "Feature", "geometry": {"type": "Polygon", "coordinates": [[[-93.9563, 50.95], [-93.9563, 50.9542], [-93.9625, 50.9542], [-93.9625, 50.95], [-93.9563, 50.95]]]}, "properties": {"company_id": "gold-finder-resources", "jurisdiction": "Ontario", "claim_id": "310637", "claim_name": null, "holder": "(100) GOLD FINDER RESOURCES LTD.", "status": "Active", "recorded_date": "2018-04-10", "anniversary_or_expiry": "2027-01-24", "area_ha": null, "tenure_type": "Boundary Cell Mining Claim", "source": "Ontario MLAS operational claims (OGSEarth / LIO MapServer). Unofficial viewing data, not legal title.", "as_of": "2026-09-20", "role": "focus", "color": "#e8b040"}}, {"type": "Feature", "geometry": {"type": "Polygon", "coordinates": [[[-94.0313, 50.9292], [-94.0313, 50.9333], [-94.0375, 50.9333], [-94.0375, 50.9292], [-94.0313, 50.9292]]]}, "properties": {"company_id": "gold-finder-resources", "jurisdiction": "Ontario", "claim_id": "310136", "claim_name": null, "holder": "(100) GOLD FINDER RESOURCES LTD.", "status": "Active", "recorded_date": "2018-04-10", "anniversary_or_expiry": "2027-10-14", "area_ha": null, "tenure_type": "Single Cell Mining Claim", "source": "Ontario MLAS operational claims (OGSEarth / LIO MapServer). Unofficial viewing data, not legal title.", "as_of": "2026-09-20", "role": "focus", "color": "#e8b040"}}, {"type": "Feature", "geometry": {"type": "Polygon", "coordinates": [[[-91.5688, 51.1833], [-91.5688, 51.1875], [-91.575, 51.1875], [-91.575, 51.1833], [-91.5688, 51.1833]]]}, "properties": {"company_id": "gold-finder-resources", "jurisdiction": "Ontario", "claim_id": "309906", "claim_name": null, "holder": "(100) GOLD FINDER RESOURCES LTD.", "status": "Active", "recorded_date": "2018-04-10", "anniversary_or_expiry": "2027-11-01", "area_ha": null, "tenure_type": "Single Cell Mining Claim", "source": "Ontario MLAS operational claims (OGSEarth / LIO MapServer). Unofficial viewing data, not legal title.", "as_of": "2026-09-20", "role": "focus", "color": "#e8b040"}}, {"type": "Feature", "geometry": {"type": "Polygon", "coordinates": [[[-91.5813, 51.175], [-91.5813, 51.1792], [-91.5875, 51.1792], [-91.5875, 51.175], [-91.5813, 51.175]]]}, "properties": {"company_id": "gold-finder-resources", "jurisdiction": "Ontario", "claim_id": "309907", "claim_name": null, "holder": "(100) GOLD FINDER RESOURCES LTD.", "status": "Active", "recorded_date": "2018-04-10", "anniversary_or_expiry": "2027-11-01", "area_ha": null, "tenure_type": "Single Cell Mining Claim", "source": "Ontario MLAS operational claims (OGSEarth / LIO MapServer). Unofficial viewing data, not legal title.", "as_of": "2026-09-20", "role": "focus", "color": "#e8b040"}}, {"type": "Feature", "geometry": {"type": "Polygon", "coordinates": [[[-91.5625, 51.1792], [-91.5625, 51.1833], [-91.5688, 51.1833], [-91.5688, 51.1792], [-91.5625, 51.1792]]]}, "properties": {"company_id": "gold-finder-resources", "jurisdiction": "Ontario", "claim_id": "312491", "claim_name": null, "holder": "(100) GOLD FINDER RESOURCES LTD.", "status": "Active", "recorded_date": "2018-04-10", "anniversary_or_expiry": "2027-11-01", "area_ha": null, "tenure_type": "Single Cell Mining Claim", "source": "Ontario MLAS operational claims (OGSEarth / LIO MapServer). Unofficial viewing data, not legal title.", "as_of": "2026-09-20", "role": "focus", "color": "#e8b040"}}, {"type": "Feature", "geometry": {"type": "Polygon", "coordinates": [[[-91.5438, 51.1875], [-91.5438, 51.1917], [-91.55, 51.1917], [-91.55, 51.1875], [-91.5438, 51.1875]]]}, "properties": {"company_id": "gold-finder-resources", "jurisdiction": "Ontario", "claim_id": "311955", "claim_name": null, "holder": "(100) GOLD FINDER RESOURCES LTD.", "status": "Active", "recorded_date": "2018-04-10", "anniversary_or_expiry": "2027-05-26", "area_ha": null, "tenure_type": "Boundary Cell Mining Claim", "source": "Ontario MLAS operational claims (OGSEarth / LIO MapServer). Unofficial viewing data, not legal title.", "as_of": "2026-09-20", "role": "focus", "color": "#e8b040"}}, {"type": "Feature", "geometry": {"type": "Polygon", "coordinates": [[[-91.5188, 51.175], [-91.5188, 51.1792], [-91.525, 51.1792], [-91.525, 51.175], [-91.5188, 51.175]]]}, "properties": {"company_id": "gold-finder-resources", "jurisdiction": "Ontario", "claim_id": "313216", "claim_name": null, "holder": "(100) GOLD FINDER RESOURCES LTD.", "status": "Active", "recorded_date": "2018-04-10", "anniversary_or_expiry": "2027-11-01", "area_ha": null, "tenure_type": "Boundary Cell Mining Claim", "source": "Ontario MLAS operational claims (OGSEarth / LIO MapServer). Unofficial viewing data, not legal title.", "as_of": "2026-09-20", "role": "focus", "color": "#e8b040"}}, {"type": "Feature", "geometry": {"type": "Polygon", "coordinates": [[[-94.2, 50.8958], [-94.2, 50.9], [-94.2063, 50.9], [-94.2063, 50.8958], [-94.2, 50.8958]]]}, "properties": {"company_id": "gold-finder-resources", "jurisdiction": "Ontario", "claim_id": "315479", "claim_name": null, "holder": "(100) GOLD FINDER RESOURCES LTD.", "status": "Active", "recorded_date": "2018-04-10", "anniversary_or_expiry": "2027-10-14", "area_ha": null, "tenure_type": "Single Cell Mining Claim", "source": "Ontario MLAS operational claims (OGSEarth / LIO MapServer). Unofficial viewing data, not legal title.", "as_of": "2026-09-20", "role": "focus", "color": "#e8b040"}}, {"type": "Feature", "geometry": {"type": "Polygon", "coordinates": [[[-94.225, 50.8917], [-94.225, 50.8958], [-94.2313, 50.8958], [-94.2313, 50.8917], [-94.225, 50.8917]]]}, "properties": {"company_id": "gold-finder-resources", "jurisdiction": "Ontario", "claim_id": "315480", "claim_name": null, "holder": "(100) GOLD FINDER RESOURCES LTD.", "status": "Active", "recorded_date": "2018-04-10", "anniversary_or_expiry": "2027-10-14", "area_ha": null, "tenure_type": "Single Cell Mining Claim", "source": "Ontario MLAS operational claims (OGSEarth / LIO MapServer). Unofficial viewing data, not legal title.", "as_of": "2026-09-20", "role": "focus", "color": "#e8b040"}}, {"type": "Feature", "geometry": {"type": "Polygon", "coordinates": [[[-93.825, 51.1667], [-93.825, 51.1708], [-93.8313, 51.1708], [-93.8313, 51.1667], [-93.825, 51.1667]]]}, "properties": {"company_id": "gold-finder-resources", "jurisdiction": "Ontario", "claim_id": "317124", "claim_name": null, "holder": "(100) GOLD FINDER RESOURCES LTD.", "status": "Active", "recorded_date": "2018-04-10", "anniversary_or_expiry": "2030-08-03", "area_ha": null, "tenure_type": "Single Cell Mining Claim", "source": "Ontario MLAS operational claims (OGSEarth / LIO MapServer). Unofficial viewing data, not legal title.", "as_of": "2026-09-20", "role": "focus", "color": "#e8b040"}}, {"type": "Feature", "geometry": {"type": "Polygon", "coordinates": [[[-93.8188, 51.1542], [-93.8188, 51.1583], [-93.825, 51.1583], [-93.825, 51.1542], [-93.8188, 51.1542]]]}, "properties": {"company_id": "gold-finder-resources", "jurisdiction": "Ontario", "claim_id": "317125", "claim_name": null, "holder": "(100) GOLD FINDER RESOURCES LTD.", "status": "Active", "recorded_date": "2018-04-10", "anniversary_or_expiry": "2030-08-03", "area_ha": null, "tenure_type": "Boundary Cell Mining Claim", "source": "Ontario MLAS operational claims (OGSEarth / LIO MapServer). Unofficial viewing data, not legal title.", "as_of": "2026-09-20", "role": "focus", "color": "#e8b040"}}, {"type": "Feature", "geometry": {"type": "Polygon", "coordinates": [[[-93.8375, 51.1542], [-93.8375, 51.1583], [-93.8438, 51.1583], [-93.8438, 51.1542], [-93.8375, 51.1542]]]}, "properties": {"company_id": "gold-finder-resources", "jurisdiction": "Ontario", "claim_id": "317126", "claim_name": null, "holder": "(100) GOLD FINDER RESOURCES LTD.", "status": "Active", "recorded_date": "2018-04-10", "anniversary_or_expiry": "2030-08-03", "area_ha": null, "tenure_type": "Boundary Cell Mining Claim", "source": "Ontario MLAS operational claims (OGSEarth / LIO MapServer). Unofficial viewing data, not legal title.", "as_of": "2026-09-20", "role": "focus", "color": "#e8b040"}}, {"type": "Feature", "geometry": {"type": "Polygon", "coordinates": [[[-93.9875, 50.9375], [-93.9875, 50.9417], [-93.9938, 50.9417], [-93.9938, 50.9375], [-93.9875, 50.9375]]]}, "properties": {"company_id": "gold-finder-resources", "jurisdiction": "Ontario", "claim_id": "317221", "claim_name": null, "holder": "(100) GOLD FINDER RESOURCES LTD.", "status": "Active", "recorded_date": "2018-04-10", "anniversary_or_expiry": "2027-07-20", "area_ha": null, "tenure_type": "Boundary Cell Mining Claim", "source": "Ontario MLAS operational claims (OGSEarth / LIO MapServer). Unofficial viewing data, not legal title.", "as_of": "2026-09-20", "role": "focus", "color": "#e8b040"}}, {"type": "Feature", "geometry": {"type": "Polygon", "coordinates": [[[-93.975, 50.925], [-93.975, 50.9292], [-93.9813, 50.9292], [-93.9813, 50.925], [-93.975, 50.925]]]}, "properties": {"company_id": "gold-finder-resources", "jurisdiction": "Ontario", "claim_id": "317222", "claim_name": null, "holder": "(100) GOLD FINDER RESOURCES LTD.", "status": "Active", "recorded_date": "2018-04-10", "anniversary_or_expiry": "2027-07-20", "area_ha": null, "tenure_type": "Boundary Cell Mining Claim", "source": "Ontario MLAS operational claims (OGSEarth / LIO MapServer). Unofficial viewing data, not legal title.", "as_of": "2026-09-20", "role": "focus", "color": "#e8b040"}}, {"type": "Feature", "geometry": {"type": "Polygon", "coordinates": [[[-94.025, 50.9375], [-94.025, 50.9417], [-94.0313, 50.9417], [-94.0313, 50.9375], [-94.025, 50.9375]]]}, "properties": {"company_id": "gold-finder-resources", "jurisdiction": "Ontario", "claim_id": "316690", "claim_name": null, "holder": "(100) GOLD FINDER RESOURCES LTD.", "status": "Active", "recorded_date": "2018-04-10", "anniversary_or_expiry": "2027-10-14", "area_ha": null, "tenure_type": "Boundary Cell Mining Claim", "source": "Ontario MLAS operational claims (OGSEarth / LIO MapServer). Unofficial viewing data, not legal title.", "as_of": "2026-09-20", "role": "focus", "color": "#e8b040"}}, {"type": "Feature", "geometry": {"type": "Polygon", "coordinates": [[[-94.0313, 50.9333], [-94.0313, 50.9375], [-94.0375, 50.9375], [-94.0375, 50.9333], [-94.0313, 50.9333]]]}, "properties": {"company_id": "gold-finder-resources", "jurisdiction": "Ontario", "claim_id": "316691", "claim_name": null, "holder": "(100) GOLD FINDER RESOURCES LTD.", "status": "Active", "recorded_date": "2018-04-10", "anniversary_or_expiry": "2027-10-14", "area_ha": null, "tenure_type": "Single Cell Mining Claim", "source": "Ontario MLAS operational claims (OGSEarth / LIO MapServer). Unofficial viewing data, not legal title.", "as_of": "2026-09-20", "role": "focus", "color": "#e8b040"}}, {"type": "Feature", "geometry": {"type": "Polygon", "coordinates": [[[-94.0125, 50.9375], [-94.0125, 50.9417], [-94.0188, 50.9417], [-94.0188, 50.9375], [-94.0125, 50.9375]]]}, "properties": {"company_id": "gold-finder-resources", "jurisdiction": "Ontario", "claim_id": "316787", "claim_name": null, "holder": "(100) GOLD FINDER RESOURCES LTD.", "status": "Active", "recorded_date": "2018-04-10", "anniversary_or_expiry": "2027-10-14", "area_ha": null, "tenure_type": "Boundary Cell Mining Claim", "source": "Ontario MLAS operational claims (OGSEarth / LIO MapServer). Unofficial viewing data, not legal title.", "as_of": "2026-09-20", "role": "focus", "color": "#e8b040"}}, {"type": "Feature", "geometry": {"type": "Polygon", "coordinates": [[[-93.85, 51.1583], [-93.85, 51.1625], [-93.8563, 51.1625], [-93.8563, 51.1583], [-93.85, 51.1583]]]}, "properties": {"company_id": "gold-finder-resources", "jurisdiction": "Ontario", "claim_id": "321041", "claim_name": null, "holder": "(100) GOLD FINDER RESOURCES LTD.", "status": "Active", "recorded_date": "2018-04-10", "anniversary_or_expiry": "2030-09-15", "area_ha": null, "tenure_type": "Single Cell Mining Claim", "source": "Ontario MLAS operational claims (OGSEarth / LIO MapServer). Unofficial viewing data, not legal title.", "as_of": "2026-09-20", "role": "focus", "color": "#e8b040"}}, {"type": "Feature", "geometry": {"type": "Polygon", "coordinates": [[[-93.85, 51.15], [-93.85, 51.1542], [-93.8563, 51.1542], [-93.8563, 51.15], [-93.85, 51.15]]]}, "properties": {"company_id": "gold-finder-resources", "jurisdiction": "Ontario", "claim_id": "321042", "claim_name": null, "holder": "(100) GOLD FINDER RESOURCES LTD.", "status": "Active", "recorded_date": "2018-04-10", "anniversary_or_expiry": "2030-09-15", "area_ha": null, "tenure_type": "Boundary Cell Mining Claim", "source": "Ontario MLAS operational claims (OGSEarth / LIO MapServer). Unofficial viewing data, not legal title.", "as_of": "2026-09-20", "role": "focus", "color": "#e8b040"}}, {"type": "Feature", "geometry": {"type": "Polygon", "coordinates": [[[-94.0063, 50.925], [-94.0063, 50.9292], [-94.0125, 50.9292], [-94.0125, 50.925], [-94.0063, 50.925]]]}, "properties": {"company_id": "gold-finder-resources", "jurisdiction": "Ontario", "claim_id": "318895", "claim_name": null, "holder": "(100) GOLD FINDER RESOURCES LTD.", "status": "Active", "recorded_date": "2018-04-10", "anniversary_or_expiry": "2027-10-14", "area_ha": null, "tenure_type": "Boundary Cell Mining Claim", "source": "Ontario MLAS operational claims (OGSEarth / LIO MapServer). Unofficial viewing data, not legal title.", "as_of": "2026-09-20", "role": "focus", "color": "#e8b040"}}, {"type": "Feature", "geometry": {"type": "Polygon", "coordinates": [[[-94.0063, 50.9333], [-94.0063, 50.9375], [-94.0125, 50.9375], [-94.0125, 50.9333], [-94.0063, 50.9333]]]}, "properties": {"company_id": "gold-finder-resources", "jurisdiction": "Ontario", "claim_id": "320693", "claim_name": null, "holder": "(100) GOLD FINDER RESOURCES LTD.", "status": "Active", "recorded_date": "2018-04-10", "anniversary_or_expiry": "2027-07-04", "area_ha": null, "tenure_type": "Single Cell Mining Claim", "source": "Ontario MLAS operational claims (OGSEarth / LIO MapServer). Unofficial viewing data, not legal title.", "as_of": "2026-09-20", "role": "focus", "color": "#e8b040"}}, {"type": "Feature", "geometry": {"type": "Polygon", "coordinates": [[[-94.0063, 50.925], [-94.0063, 50.9292], [-94.0125, 50.9292], [-94.0125, 50.925], [-94.0063, 50.925]]]}, "properties": {"company_id": "gold-finder-resources", "jurisdiction": "Ontario", "claim_id": "320710", "claim_name": null, "holder": "(100) GOLD FINDER RESOURCES LTD.", "status": "Active", "recorded_date": "2018-04-10", "anniversary_or_expiry": "2027-07-04", "area_ha": null, "tenure_type": "Boundary Cell Mining Claim", "source": "Ontario MLAS operational claims (OGSEarth / LIO MapServer). Unofficial viewing data, not legal title.", "as_of": "2026-09-20", "role": "focus", "color": "#e8b040"}}, {"type": "Feature", "geometry": {"type": "Polygon", "coordinates": [[[-94.0125, 50.9292], [-94.0125, 50.9333], [-94.0188, 50.9333], [-94.0188, 50.9292], [-94.0125, 50.9292]]]}, "properties": {"company_id": "gold-finder-resources", "jurisdiction": "Ontario", "claim_id": "322859", "claim_name": null, "holder": "(100) GOLD FINDER RESOURCES LTD.", "status": "Active", "recorded_date": "2018-04-10", "anniversary_or_expiry": "2027-07-04", "area_ha": null, "tenure_type": "Single Cell Mining Claim", "source": "Ontario MLAS operational claims (OGSEarth / LIO MapServer). Unofficial viewing data, not legal title.", "as_of": "2026-09-20", "role": "focus", "color": "#e8b040"}}, {"type": "Feature", "geometry": {"type": "Polygon", "coordinates": [[[-94.0188, 50.9292], [-94.0188, 50.9333], [-94.025, 50.9333], [-94.025, 50.9292], [-94.0188, 50.9292]]]}, "properties": {"company_id": "gold-finder-resources", "jurisdiction": "Ontario", "claim_id": "322871", "claim_name": null, "holder": "(100) GOLD FINDER RESOURCES LTD.", "status": "Active", "recorded_date": "2018-04-10", "anniversary_or_expiry": "2027-07-04", "area_ha": null, "tenure_type": "Boundary Cell Mining Claim", "source": "Ontario MLAS operational claims (OGSEarth / LIO MapServer). Unofficial viewing data, not legal title.", "as_of": "2026-09-20", "role": "focus", "color": "#e8b040"}}, {"type": "Feature", "geometry": {"type": "Polygon", "coordinates": [[[-94.15, 50.9208], [-94.15, 50.925], [-94.1563, 50.925], [-94.1563, 50.9208], [-94.15, 50.9208]]]}, "properties": {"company_id": "gold-finder-resources", "jurisdiction": "Ontario", "claim_id": "322579", "claim_name": null, "holder": "(100) GOLD FINDER RESOURCES LTD.", "status": "Active", "recorded_date": "2018-04-10", "anniversary_or_expiry": "2027-10-14", "area_ha": null, "tenure_type": "Single Cell Mining Claim", "source": "Ontario MLAS operational claims (OGSEarth / LIO MapServer). Unofficial viewing data, not legal title.", "as_of": "2026-09-20", "role": "focus", "color": "#e8b040"}}, {"type": "Feature", "geometry": {"type": "Polygon", "coordinates": [[[-94.075, 50.9208], [-94.075, 50.925], [-94.0813, 50.925], [-94.0813, 50.9208], [-94.075, 50.9208]]]}, "properties": {"company_id": "gold-finder-resources", "jurisdiction": "Ontario", "claim_id": "323779", "claim_name": null, "holder": "(100) GOLD FINDER RESOURCES LTD.", "status": "Active", "recorded_date": "2018-04-10", "anniversary_or_expiry": "2027-10-14", "area_ha": null, "tenure_type": "Single Cell Mining Claim", "source": "Ontario MLAS operational claims (OGSEarth / LIO MapServer). Unofficial viewing data, not legal title.", "as_of": "2026-09-20", "role": "focus", "color": "#e8b040"}}, {"type": "Feature", "geometry": {"type": "Polygon", "coordinates": [[[-94.2125, 50.9083], [-94.2125, 50.9125], [-94.2188, 50.9125], [-94.2188, 50.9083], [-94.2125, 50.9083]]]}, "properties": {"company_id": "gold-finder-resources", "jurisdiction": "Ontario", "claim_id": "324459", "claim_name": null, "holder": "(100) GOLD FINDER RESOURCES LTD.", "status": "Active", "recorded_date": "2018-04-10", "anniversary_or_expiry": "2027-10-14", "area_ha": null, "tenure_type": "Single Cell Mining Claim", "source": "Ontario MLAS operational claims (OGSEarth / LIO MapServer). Unofficial viewing data, not legal title.", "as_of": "2026-09-20", "role": "focus", "color": "#e8b040"}}, {"type": "Feature", "geometry": {"type": "Polygon", "coordinates": [[[-94.0438, 50.9333], [-94.0438, 50.9375], [-94.05, 50.9375], [-94.05, 50.9333], [-94.0438, 50.9333]]]}, "properties": {"company_id": "gold-finder-resources", "jurisdiction": "Ontario", "claim_id": "324549", "claim_name": null, "holder": "(100) GOLD FINDER RESOURCES LTD.", "status": "Active", "recorded_date": "2018-04-10", "anniversary_or_expiry": "2027-10-14", "area_ha": null, "tenure_type": "Single Cell Mining Claim", "source": "Ontario MLAS operational claims (OGSEarth / LIO MapServer). Unofficial viewing data, not legal title.", "as_of": "2026-09-20", "role": "focus", "color": "#e8b040"}}, {"type": "Feature", "geometry": {"type": "Polygon", "coordinates": [[[-94.05, 50.925], [-94.05, 50.9292], [-94.0563, 50.9292], [-94.0563, 50.925], [-94.05, 50.925]]]}, "properties": {"company_id": "gold-finder-resources", "jurisdiction": "Ontario", "claim_id": "324550", "claim_name": null, "holder": "(100) GOLD FINDER RESOURCES LTD.", "status": "Active", "recorded_date": "2018-04-10", "anniversary_or_expiry": "2027-10-14", "area_ha": null, "tenure_type": "Single Cell Mining Claim", "source": "Ontario MLAS operational claims (OGSEarth / LIO MapServer). Unofficial viewing data, not legal title.", "as_of": "2026-09-20", "role": "focus", "color": "#e8b040"}}, {"type": "Feature", "geometry": {"type": "Polygon", "coordinates": [[[-91.5563, 51.1875], [-91.5563, 51.1917], [-91.5625, 51.1917], [-91.5625, 51.1875], [-91.5563, 51.1875]]]}, "properties": {"company_id": "gold-finder-resources", "jurisdiction": "Ontario", "claim_id": "324714", "claim_name": null, "holder": "(100) GOLD FINDER RESOURCES LTD.", "status": "Active", "recorded_date": "2018-04-10", "anniversary_or_expiry": "2027-11-01", "area_ha": null, "tenure_type": "Single Cell Mining Claim", "source": "Ontario MLAS operational claims (OGSEarth / LIO MapServer). Unofficial viewing data, not legal title.", "as_of": "2026-09-20", "role": "focus", "color": "#e8b040"}}, {"type": "Feature", "geometry": {"type": "Polygon", "coordinates": [[[-93.7813, 51.1708], [-93.7813, 51.175], [-93.7875, 51.175], [-93.7875, 51.1708], [-93.7813, 51.1708]]]}, "properties": {"company_id": "gold-finder-resources", "jurisdiction": "Ontario", "claim_id": "327339", "claim_name": null, "holder": "(100) GOLD FINDER RESOURCES LTD.", "status": "Active", "recorded_date": "2018-04-10", "anniversary_or_expiry": "2030-08-03", "area_ha": null, "tenure_type": "Boundary Cell Mining Claim", "source": "Ontario MLAS operational claims (OGSEarth / LIO MapServer). Unofficial viewing data, not legal title.", "as_of": "2026-09-20", "role": "focus", "color": "#e8b040"}}, {"type": "Feature", "geometry": {"type": "Polygon", "coordinates": [[[-93.975, 50.9417], [-93.975, 50.9458], [-93.9813, 50.9458], [-93.9813, 50.9417], [-93.975, 50.9417]]]}, "properties": {"company_id": "gold-finder-resources", "jurisdiction": "Ontario", "claim_id": "326828", "claim_name": null, "holder": "(100) GOLD FINDER RESOURCES LTD.", "status": "Active", "recorded_date": "2018-04-10", "anniversary_or_expiry": "2027-05-14", "area_ha": null, "tenure_type": "Single Cell Mining Claim", "source": "Ontario MLAS operational claims (OGSEarth / LIO MapServer). Unofficial viewing data, not legal title.", "as_of": "2026-09-20", "role": "focus", "color": "#e8b040"}}, {"type": "Feature", "geometry": {"type": "Polygon", "coordinates": [[[-93.9875, 50.9417], [-93.9875, 50.9458], [-93.9938, 50.9458], [-93.9938, 50.9417], [-93.9875, 50.9417]]]}, "properties": {"company_id": "gold-finder-resources", "jurisdiction": "Ontario", "claim_id": "326851", "claim_name": null, "holder": "(100) GOLD FINDER RESOURCES LTD.", "status": "Active", "recorded_date": "2018-04-10", "anniversary_or_expiry": "2027-06-24", "area_ha": null, "tenure_type": "Single Cell Mining Claim", "source": "Ontario MLAS operational claims (OGSEarth / LIO MapServer). Unofficial viewing data, not legal title.", "as_of": "2026-09-20", "role": "focus", "color": "#e8b040"}}, {"type": "Feature", "geometry": {"type": "Polygon", "coordinates": [[[-94.2063, 50.9208], [-94.2063, 50.925], [-94.2125, 50.925], [-94.2125, 50.9208], [-94.2063, 50.9208]]]}, "properties": {"company_id": "gold-finder-resources", "jurisdiction": "Ontario", "claim_id": "325906", "claim_name": null, "holder": "(100) GOLD FINDER RESOURCES LTD.", "status": "Active", "recorded_date": "2018-04-10", "anniversary_or_expiry": "2027-10-14", "area_ha": null, "tenure_type": "Boundary Cell Mining Claim", "source": "Ontario MLAS operational claims (OGSEarth / LIO MapServer). Unofficial viewing data, not legal title.", "as_of": "2026-09-20", "role": "focus", "color": "#e8b040"}}, {"type": "Feature", "geometry": {"type": "Polygon", "coordinates": [[[-91.5188, 51.1792], [-91.5188, 51.1833], [-91.525, 51.1833], [-91.525, 51.1792], [-91.5188, 51.1792]]]}, "properties": {"company_id": "gold-finder-resources", "jurisdiction": "Ontario", "claim_id": "325960", "claim_name": null, "holder": "(100) GOLD FINDER RESOURCES LTD.", "status": "Active", "recorded_date": "2018-04-10", "anniversary_or_expiry": "2027-11-01", "area_ha": null, "tenure_type": "Boundary Cell Mining Claim", "source": "Ontario MLAS operational claims (OGSEarth / LIO MapServer). Unofficial viewing data, not legal title.", "as_of": "2026-09-20", "role": "focus", "color": "#e8b040"}}, {"type": "Feature", "geometry": {"type": "Polygon", "coordinates": [[[-91.5313, 51.1792], [-91.5313, 51.1833], [-91.5375, 51.1833], [-91.5375, 51.1792], [-91.5313, 51.1792]]]}, "properties": {"company_id": "gold-finder-resources", "jurisdiction": "Ontario", "claim_id": "325961", "claim_name": null, "holder": "(100) GOLD FINDER RESOURCES LTD.", "status": "Active", "recorded_date": "2018-04-10", "anniversary_or_expiry": "2027-11-01", "area_ha": null, "tenure_type": "Single Cell Mining Claim", "source": "Ontario MLAS operational claims (OGSEarth / LIO MapServer). Unofficial viewing data, not legal title.", "as_of": "2026-09-20", "role": "focus", "color": "#e8b040"}}, {"type": "Feature", "geometry": {"type": "Polygon", "coordinates": [[[-93.8375, 51.1625], [-93.8375, 51.1667], [-93.8438, 51.1667], [-93.8438, 51.1625], [-93.8375, 51.1625]]]}, "properties": {"company_id": "gold-finder-resources", "jurisdiction": "Ontario", "claim_id": "329837", "claim_name": null, "holder": "(100) GOLD FINDER RESOURCES LTD.", "status": "Active", "recorded_date": "2018-04-10", "anniversary_or_expiry": "2030-08-03", "area_ha": null, "tenure_type": "Single Cell Mining Claim", "source": "Ontario MLAS operational claims (OGSEarth / LIO MapServer). Unofficial viewing data, not legal title.", "as_of": "2026-09-20", "role": "focus", "color": "#e8b040"}}, {"type": "Feature", "geometry": {"type": "Polygon", "coordinates": [[[-93.8125, 51.1542], [-93.8125, 51.1583], [-93.8188, 51.1583], [-93.8188, 51.1542], [-93.8125, 51.1542]]]}, "properties": {"company_id": "gold-finder-resources", "jurisdiction": "Ontario", "claim_id": "328719", "claim_name": null, "holder": "(100) GOLD FINDER RESOURCES LTD.", "status": "Active", "recorded_date": "2018-04-10", "anniversary_or_expiry": "2030-08-03", "area_ha": null, "tenure_type": "Boundary Cell Mining Claim", "source": "Ontario MLAS operational claims (OGSEarth / LIO MapServer). Unofficial viewing data, not legal title.", "as_of": "2026-09-20", "role": "focus", "color": "#e8b040"}}, {"type": "Feature", "geometry": {"type": "Polygon", "coordinates": [[[-93.7938, 51.1667], [-93.7938, 51.1708], [-93.8, 51.1708], [-93.8, 51.1667], [-93.7938, 51.1667]]]}, "properties": {"company_id": "gold-finder-resources", "jurisdiction": "Ontario", "claim_id": "329412", "claim_name": null, "holder": "(100) GOLD FINDER RESOURCES LTD.", "status": "Active", "recorded_date": "2018-04-10", "anniversary_or_expiry": "2030-08-03", "area_ha": null, "tenure_type": "Single Cell Mining Claim", "source": "Ontario MLAS operational claims (OGSEarth / LIO MapServer). Unofficial viewing data, not legal title.", "as_of": "2026-09-20", "role": "focus", "color": "#e8b040"}}, {"type": "Feature", "geometry": {"type": "Polygon", "coordinates": [[[-93.8125, 51.1667], [-93.8125, 51.1708], [-93.8188, 51.1708], [-93.8188, 51.1667], [-93.8125, 51.1667]]]}, "properties": {"company_id": "gold-finder-resources", "jurisdiction": "Ontario", "claim_id": "329413", "claim_name": null, "holder": "(100) GOLD FINDER RESOURCES LTD.", "status": "Active", "recorded_date": "2018-04-10", "anniversary_or_expiry": "2030-08-03", "area_ha": null, "tenure_type": "Single Cell Mining Claim", "source": "Ontario MLAS operational claims (OGSEarth / LIO MapServer). Unofficial viewing data, not legal title.", "as_of": "2026-09-20", "role": "focus", "color": "#e8b040"}}, {"type": "Feature", "geometry": {"type": "Polygon", "coordinates": [[[-93.8, 51.1625], [-93.8, 51.1667], [-93.8063, 51.1667], [-93.8063, 51.1625], [-93.8, 51.1625]]]}, "properties": {"company_id": "gold-finder-resources", "jurisdiction": "Ontario", "claim_id": "329414", "claim_name": null, "holder": "(100) GOLD FINDER RESOURCES LTD.", "status": "Active", "recorded_date": "2018-04-10", "anniversary_or_expiry": "2030-08-03", "area_ha": null, "tenure_type": "Boundary Cell Mining Claim", "source": "Ontario MLAS operational claims (OGSEarth / LIO MapServer). Unofficial viewing data, not legal title.", "as_of": "2026-09-20", "role": "focus", "color": "#e8b040"}}, {"type": "Feature", "geometry": {"type": "Polygon", "coordinates": [[[-91.575, 51.1875], [-91.575, 51.1917], [-91.5813, 51.1917], [-91.5813, 51.1875], [-91.575, 51.1875]]]}, "properties": {"company_id": "gold-finder-resources", "jurisdiction": "Ontario", "claim_id": "329421", "claim_name": null, "holder": "(100) GOLD FINDER RESOURCES LTD.", "status": "Active", "recorded_date": "2018-04-10", "anniversary_or_expiry": "2027-11-01", "area_ha": null, "tenure_type": "Single Cell Mining Claim", "source": "Ontario MLAS operational claims (OGSEarth / LIO MapServer). Unofficial viewing data, not legal title.", "as_of": "2026-09-20", "role": "focus", "color": "#e8b040"}}, {"type": "Feature", "geometry": {"type": "Polygon", "coordinates": [[[-91.5813, 51.1875], [-91.5813, 51.1917], [-91.5875, 51.1917], [-91.5875, 51.1875], [-91.5813, 51.1875]]]}, "properties": {"company_id": "gold-finder-resources", "jurisdiction": "Ontario", "claim_id": "329422", "claim_name": null, "holder": "(100) GOLD FINDER RESOURCES LTD.", "status": "Active", "recorded_date": "2018-04-10", "anniversary_or_expiry": "2027-11-01", "area_ha": null, "tenure_type": "Single Cell Mining Claim", "source": "Ontario MLAS operational claims (OGSEarth / LIO MapServer). Unofficial viewing data, not legal title.", "as_of": "2026-09-20", "role": "focus", "color": "#e8b040"}}, {"type": "Feature", "geometry": {"type": "Polygon", "coordinates": [[[-91.5875, 51.1833], [-91.5875, 51.1875], [-91.5938, 51.1875], [-91.5938, 51.1833], [-91.5875, 51.1833]]]}, "properties": {"company_id": "gold-finder-resources", "jurisdiction": "Ontario", "claim_id": "329423", "claim_name": null, "holder": "(100) GOLD FINDER RESOURCES LTD.", "status": "Active", "recorded_date": "2018-04-10", "anniversary_or_expiry": "2027-11-01", "area_ha": null, "tenure_type": "Single Cell Mining Claim", "source": "Ontario MLAS operational claims (OGSEarth / LIO MapServer). Unofficial viewing data, not legal title.", "as_of": "2026-09-20", "role": "focus", "color": "#e8b040"}}, {"type": "Feature", "geometry": {"type": "Polygon", "coordinates": [[[-93.9813, 50.9333], [-93.9813, 50.9375], [-93.9875, 50.9375], [-93.9875, 50.9333], [-93.9813, 50.9333]]]}, "properties": {"company_id": "gold-finder-resources", "jurisdiction": "Ontario", "claim_id": "330032", "claim_name": null, "holder": "(100) GOLD FINDER RESOURCES LTD.", "status": "Active", "recorded_date": "2018-04-10", "anniversary_or_expiry": "2027-07-20", "area_ha": null, "tenure_type": "Single Cell Mining Claim", "source": "Ontario MLAS operational claims (OGSEarth / LIO MapServer). Unofficial viewing data, not legal title.", "as_of": "2026-09-20", "role": "focus", "color": "#e8b040"}}, {"type": "Feature", "geometry": {"type": "Polygon", "coordinates": [[[-93.9938, 50.9292], [-93.9938, 50.9333], [-94.0, 50.9333], [-94.0, 50.9292], [-93.9938, 50.9292]]]}, "properties": {"company_id": "gold-finder-resources", "jurisdiction": "Ontario", "claim_id": "332522", "claim_name": null, "holder": "(100) GOLD FINDER RESOURCES LTD.", "status": "Active", "recorded_date": "2018-04-10", "anniversary_or_expiry": "2027-07-20", "area_ha": null, "tenure_type": "Single Cell Mining Claim", "source": "Ontario MLAS operational claims (OGSEarth / LIO MapServer). Unofficial viewing data, not legal title.", "as_of": "2026-09-20", "role": "focus", "color": "#e8b040"}}, {"type": "Feature", "geometry": {"type": "Polygon", "coordinates": [[[-93.95, 50.9667], [-93.95, 50.9708], [-93.9563, 50.9708], [-93.9563, 50.9667], [-93.95, 50.9667]]]}, "properties": {"company_id": "gold-finder-resources", "jurisdiction": "Ontario", "claim_id": "331118", "claim_name": null, "holder": "(100) GOLD FINDER RESOURCES LTD.", "status": "Active", "recorded_date": "2018-04-10", "anniversary_or_expiry": "2027-01-25", "area_ha": null, "tenure_type": "Single Cell Mining Claim", "source": "Ontario MLAS operational claims (OGSEarth / LIO MapServer). Unofficial viewing data, not legal title.", "as_of": "2026-09-20", "role": "focus", "color": "#e8b040"}}, {"type": "Feature", "geometry": {"type": "Polygon", "coordinates": [[[-93.95, 50.9542], [-93.95, 50.9583], [-93.9563, 50.9583], [-93.9563, 50.9542], [-93.95, 50.9542]]]}, "properties": {"company_id": "gold-finder-resources", "jurisdiction": "Ontario", "claim_id": "331119", "claim_name": null, "holder": "(100) GOLD FINDER RESOURCES LTD.", "status": "Active", "recorded_date": "2018-04-10", "anniversary_or_expiry": "2027-01-25", "area_ha": null, "tenure_type": "Single Cell Mining Claim", "source": "Ontario MLAS operational claims (OGSEarth / LIO MapServer). Unofficial viewing data, not legal title.", "as_of": "2026-09-20", "role": "focus", "color": "#e8b040"}}, {"type": "Feature", "geometry": {"type": "Polygon", "coordinates": [[[-93.8063, 51.1667], [-93.8063, 51.1708], [-93.8125, 51.1708], [-93.8125, 51.1667], [-93.8063, 51.1667]]]}, "properties": {"company_id": "gold-finder-resources", "jurisdiction": "Ontario", "claim_id": "332405", "claim_name": null, "holder": "(100) GOLD FINDER RESOURCES LTD.", "status": "Active", "recorded_date": "2018-04-10", "anniversary_or_expiry": "2030-08-03", "area_ha": null, "tenure_type": "Single Cell Mining Claim", "source": "Ontario MLAS operational claims (OGSEarth / LIO MapServer). Unofficial viewing data, not legal title.", "as_of": "2026-09-20", "role": "focus", "color": "#e8b040"}}, {"type": "Feature", "geometry": {"type": "Polygon", "coordinates": [[[-93.7813, 51.1625], [-93.7813, 51.1667], [-93.7875, 51.1667], [-93.7875, 51.1625], [-93.7813, 51.1625]]]}, "properties": {"company_id": "gold-finder-resources", "jurisdiction": "Ontario", "claim_id": "332406", "claim_name": null, "holder": "(100) GOLD FINDER RESOURCES LTD.", "status": "Active", "recorded_date": "2018-04-10", "anniversary_or_expiry": "2030-08-03", "area_ha": null, "tenure_type": "Boundary Cell Mining Claim", "source": "Ontario MLAS operational claims (OGSEarth / LIO MapServer). Unofficial viewing data, not legal title.", "as_of": "2026-09-20", "role": "focus", "color": "#e8b040"}}, {"type": "Feature", "geometry": {"type": "Polygon", "coordinates": [[[-93.7875, 51.1625], [-93.7875, 51.1667], [-93.7938, 51.1667], [-93.7938, 51.1625], [-93.7875, 51.1625]]]}, "properties": {"company_id": "gold-finder-resources", "jurisdiction": "Ontario", "claim_id": "332407", "claim_name": null, "holder": "(100) GOLD FINDER RESOURCES LTD.", "status": "Active", "recorded_date": "2018-04-10", "anniversary_or_expiry": "2030-08-03", "area_ha": null, "tenure_type": "Boundary Cell Mining Claim", "source": "Ontario MLAS operational claims (OGSEarth / LIO MapServer). Unofficial viewing data, not legal title.", "as_of": "2026-09-20", "role": "focus", "color": "#e8b040"}}, {"type": "Feature", "geometry": {"type": "Polygon", "coordinates": [[[-93.9688, 50.925], [-93.9688, 50.9292], [-93.975, 50.9292], [-93.975, 50.925], [-93.9688, 50.925]]]}, "properties": {"company_id": "gold-finder-resources", "jurisdiction": "Ontario", "claim_id": "330685", "claim_name": null, "holder": "(100) GOLD FINDER RESOURCES LTD.", "status": "Active", "recorded_date": "2018-04-10", "anniversary_or_expiry": "2027-07-20", "area_ha": null, "tenure_type": "Boundary Cell Mining Claim", "source": "Ontario MLAS operational claims (OGSEarth / LIO MapServer). Unofficial viewing data, not legal title.", "as_of": "2026-09-20", "role": "focus", "color": "#e8b040"}}, {"type": "Feature", "geometry": {"type": "Polygon", "coordinates": [[[-94.2, 50.9208], [-94.2, 50.925], [-94.2063, 50.925], [-94.2063, 50.9208], [-94.2, 50.9208]]]}, "properties": {"company_id": "gold-finder-resources", "jurisdiction": "Ontario", "claim_id": "334796", "claim_name": null, "holder": "(100) GOLD FINDER RESOURCES LTD.", "status": "Active", "recorded_date": "2018-04-10", "anniversary_or_expiry": "2027-10-14", "area_ha": null, "tenure_type": "Boundary Cell Mining Claim", "source": "Ontario MLAS operational claims (OGSEarth / LIO MapServer). Unofficial viewing data, not legal title.", "as_of": "2026-09-20", "role": "focus", "color": "#e8b040"}}, {"type": "Feature", "geometry": {"type": "Polygon", "coordinates": [[[-93.9625, 50.9292], [-93.9625, 50.9333], [-93.9688, 50.9333], [-93.9688, 50.9292], [-93.9625, 50.9292]]]}, "properties": {"company_id": "gold-finder-resources", "jurisdiction": "Ontario", "claim_id": "332825", "claim_name": null, "holder": "(100) GOLD FINDER RESOURCES LTD.", "status": "Active", "recorded_date": "2018-04-10", "anniversary_or_expiry": "2027-07-20", "area_ha": null, "tenure_type": "Single Cell Mining Claim", "source": "Ontario MLAS operational claims (OGSEarth / LIO MapServer). Unofficial viewing data, not legal title.", "as_of": "2026-09-20", "role": "focus", "color": "#e8b040"}}, {"type": "Feature", "geometry": {"type": "Polygon", "coordinates": [[[-93.9563, 50.9667], [-93.9563, 50.9708], [-93.9625, 50.9708], [-93.9625, 50.9667], [-93.9563, 50.9667]]]}, "properties": {"company_id": "gold-finder-resources", "jurisdiction": "Ontario", "claim_id": "334667", "claim_name": null, "holder": "(100) GOLD FINDER RESOURCES LTD.", "status": "Active", "recorded_date": "2018-04-10", "anniversary_or_expiry": "2027-01-24", "area_ha": null, "tenure_type": "Boundary Cell Mining Claim", "source": "Ontario MLAS operational claims (OGSEarth / LIO MapServer). Unofficial viewing data, not legal title.", "as_of": "2026-09-20", "role": "focus", "color": "#e8b040"}}, {"type": "Feature", "geometry": {"type": "Polygon", "coordinates": [[[-94.0438, 50.925], [-94.0438, 50.9292], [-94.05, 50.9292], [-94.05, 50.925], [-94.0438, 50.925]]]}, "properties": {"company_id": "gold-finder-resources", "jurisdiction": "Ontario", "claim_id": "335506", "claim_name": null, "holder": "(100) GOLD FINDER RESOURCES LTD.", "status": "Active", "recorded_date": "2018-04-10", "anniversary_or_expiry": "2027-10-14", "area_ha": null, "tenure_type": "Single Cell Mining Claim", "source": "Ontario MLAS operational claims (OGSEarth / LIO MapServer). Unofficial viewing data, not legal title.", "as_of": "2026-09-20", "role": "focus", "color": "#e8b040"}}, {"type": "Feature", "geometry": {"type": "Polygon", "coordinates": [[[-94.1625, 50.925], [-94.1625, 50.9292], [-94.1688, 50.9292], [-94.1688, 50.925], [-94.1625, 50.925]]]}, "properties": {"company_id": "gold-finder-resources", "jurisdiction": "Ontario", "claim_id": "336220", "claim_name": null, "holder": "(100) GOLD FINDER RESOURCES LTD.", "status": "Active", "recorded_date": "2018-04-10", "anniversary_or_expiry": "2027-10-14", "area_ha": null, "tenure_type": "Boundary Cell Mining Claim", "source": "Ontario MLAS operational claims (OGSEarth / LIO MapServer). Unofficial viewing data, not legal title.", "as_of": "2026-09-20", "role": "focus", "color": "#e8b040"}}, {"type": "Feature", "geometry": {"type": "Polygon", "coordinates": [[[-94.075, 50.9417], [-94.075, 50.9458], [-94.0813, 50.9458], [-94.0813, 50.9417], [-94.075, 50.9417]]]}, "properties": {"company_id": "gold-finder-resources", "jurisdiction": "Ontario", "claim_id": "338863", "claim_name": null, "holder": "(100) GOLD FINDER RESOURCES LTD.", "status": "Active", "recorded_date": "2018-04-10", "anniversary_or_expiry": "2027-10-14", "area_ha": null, "tenure_type": "Boundary Cell Mining Claim", "source": "Ontario MLAS operational claims (OGSEarth / LIO MapServer). Unofficial viewing data, not legal title.", "as_of": "2026-09-20", "role": "focus", "color": "#e8b040"}}, {"type": "Feature", "geometry": {"type": "Polygon", "coordinates": [[[-94.0625, 50.925], [-94.0625, 50.9292], [-94.0688, 50.9292], [-94.0688, 50.925], [-94.0625, 50.925]]]}, "properties": {"company_id": "gold-finder-resources", "jurisdiction": "Ontario", "claim_id": "338864", "claim_name": null, "holder": "(100) GOLD FINDER RESOURCES LTD.", "status": "Active", "recorded_date": "2018-04-10", "anniversary_or_expiry": "2027-10-14", "area_ha": null, "tenure_type": "Single Cell Mining Claim", "source": "Ontario MLAS operational claims (OGSEarth / LIO MapServer). Unofficial viewing data, not legal title.", "as_of": "2026-09-20", "role": "focus", "color": "#e8b040"}}, {"type": "Feature", "geometry": {"type": "Polygon", "coordinates": [[[-94.0125, 50.9417], [-94.0125, 50.9458], [-94.0188, 50.9458], [-94.0188, 50.9417], [-94.0125, 50.9417]]]}, "properties": {"company_id": "gold-finder-resources", "jurisdiction": "Ontario", "claim_id": "338888", "claim_name": null, "holder": "(100) GOLD FINDER RESOURCES LTD.", "status": "Active", "recorded_date": "2018-04-10", "anniversary_or_expiry": "2027-10-14", "area_ha": null, "tenure_type": "Single Cell Mining Claim", "source": "Ontario MLAS operational claims (OGSEarth / LIO MapServer). Unofficial viewing data, not legal title.", "as_of": "2026-09-20", "role": "focus", "color": "#e8b040"}}, {"type": "Feature", "geometry": {"type": "Polygon", "coordinates": [[[-93.9625, 50.9417], [-93.9625, 50.9458], [-93.9688, 50.9458], [-93.9688, 50.9417], [-93.9625, 50.9417]]]}, "properties": {"company_id": "gold-finder-resources", "jurisdiction": "Ontario", "claim_id": "339903", "claim_name": null, "holder": "(100) GOLD FINDER RESOURCES LTD.", "status": "Active", "recorded_date": "2018-04-10", "anniversary_or_expiry": "2027-05-14", "area_ha": null, "tenure_type": "Single Cell Mining Claim", "source": "Ontario MLAS operational claims (OGSEarth / LIO MapServer). Unofficial viewing data, not legal title.", "as_of": "2026-09-20", "role": "focus", "color": "#e8b040"}}, {"type": "Feature", "geometry": {"type": "Polygon", "coordinates": [[[-93.8625, 51.1542], [-93.8625, 51.1583], [-93.8688, 51.1583], [-93.8688, 51.1542], [-93.8625, 51.1542]]]}, "properties": {"company_id": "gold-finder-resources", "jurisdiction": "Ontario", "claim_id": "343955", "claim_name": null, "holder": "(100) GOLD FINDER RESOURCES LTD.", "status": "Active", "recorded_date": "2018-04-10", "anniversary_or_expiry": "2030-09-15", "area_ha": null, "tenure_type": "Single Cell Mining Claim", "source": "Ontario MLAS operational claims (OGSEarth / LIO MapServer). Unofficial viewing data, not legal title.", "as_of": "2026-09-20", "role": "focus", "color": "#e8b040"}}, {"type": "Feature", "geometry": {"type": "Polygon", "coordinates": [[[-94.1938, 50.925], [-94.1938, 50.9292], [-94.2, 50.9292], [-94.2, 50.925], [-94.1938, 50.925]]]}, "properties": {"company_id": "gold-finder-resources", "jurisdiction": "Ontario", "claim_id": "343992", "claim_name": null, "holder": "(100) GOLD FINDER RESOURCES LTD.", "status": "Active", "recorded_date": "2018-04-10", "anniversary_or_expiry": "2027-10-14", "area_ha": null, "tenure_type": "Boundary Cell Mining Claim", "source": "Ontario MLAS operational claims (OGSEarth / LIO MapServer). Unofficial viewing data, not legal title.", "as_of": "2026-09-20", "role": "focus", "color": "#e8b040"}}, {"type": "Feature", "geometry": {"type": "Polygon", "coordinates": [[[-94.1813, 50.9167], [-94.1813, 50.9208], [-94.1875, 50.9208], [-94.1875, 50.9167], [-94.1813, 50.9167]]]}, "properties": {"company_id": "gold-finder-resources", "jurisdiction": "Ontario", "claim_id": "343993", "claim_name": null, "holder": "(100) GOLD FINDER RESOURCES LTD.", "status": "Active", "recorded_date": "2018-04-10", "anniversary_or_expiry": "2027-10-14", "area_ha": null, "tenure_type": "Single Cell Mining Claim", "source": "Ontario MLAS operational claims (OGSEarth / LIO MapServer). Unofficial viewing data, not legal title.", "as_of": "2026-09-20", "role": "focus", "color": "#e8b040"}}, {"type": "Feature", "geometry": {"type": "Polygon", "coordinates": [[[-93.9563, 50.9542], [-93.9563, 50.9583], [-93.9625, 50.9583], [-93.9625, 50.9542], [-93.9563, 50.9542]]]}, "properties": {"company_id": "gold-finder-resources", "jurisdiction": "Ontario", "claim_id": "343469", "claim_name": null, "holder": "(100) GOLD FINDER RESOURCES LTD.", "status": "Active", "recorded_date": "2018-04-10", "anniversary_or_expiry": "2027-01-25", "area_ha": null, "tenure_type": "Boundary Cell Mining Claim", "source": "Ontario MLAS operational claims (OGSEarth / LIO MapServer). Unofficial viewing data, not legal title.", "as_of": "2026-09-20", "role": "focus", "color": "#e8b040"}}, {"type": "Feature", "geometry": {"type": "Polygon", "coordinates": [[[-94.0, 50.9375], [-94.0, 50.9417], [-94.0063, 50.9417], [-94.0063, 50.9375], [-94.0, 50.9375]]]}, "properties": {"company_id": "gold-finder-resources", "jurisdiction": "Ontario", "claim_id": "345488", "claim_name": null, "holder": "(100) GOLD FINDER RESOURCES LTD.", "status": "Active", "recorded_date": "2018-04-10", "anniversary_or_expiry": "2027-06-24", "area_ha": null, "tenure_type": "Boundary Cell Mining Claim", "source": "Ontario MLAS operational claims (OGSEarth / LIO MapServer). Unofficial viewing data, not legal title.", "as_of": "2026-09-20", "role": "focus", "color": "#e8b040"}}, {"type": "Feature", "geometry": {"type": "Polygon", "coordinates": [[[-94.1375, 50.9208], [-94.1375, 50.925], [-94.1438, 50.925], [-94.1438, 50.9208], [-94.1375, 50.9208]]]}, "properties": {"company_id": "gold-finder-resources", "jurisdiction": "Ontario", "claim_id": "500208", "claim_name": null, "holder": "(100) GOLD FINDER RESOURCES LTD.", "status": "Active", "recorded_date": "2018-04-10", "anniversary_or_expiry": "2027-04-10", "area_ha": null, "tenure_type": "Single Cell Mining Claim", "source": "Ontario MLAS operational claims (OGSEarth / LIO MapServer). Unofficial viewing data, not legal title.", "as_of": "2026-09-20", "role": "focus", "color": "#e8b040"}}, {"type": "Feature", "geometry": {"type": "Polygon", "coordinates": [[[-94.1313, 50.9208], [-94.1313, 50.925], [-94.1375, 50.925], [-94.1375, 50.9208], [-94.1313, 50.9208]]]}, "properties": {"company_id": "gold-finder-resources", "jurisdiction": "Ontario", "claim_id": "500209", "claim_name": null, "holder": "(100) GOLD FINDER RESOURCES LTD.", "status": "Active", "recorded_date": "2018-04-10", "anniversary_or_expiry": "2027-04-10", "area_ha": null, "tenure_type": "Single Cell Mining Claim", "source": "Ontario MLAS operational claims (OGSEarth / LIO MapServer). Unofficial viewing data, not legal title.", "as_of": "2026-09-20", "role": "focus", "color": "#e8b040"}}, {"type": "Feature", "geometry": {"type": "Polygon", "coordinates": [[[-94.125, 50.9208], [-94.125, 50.925], [-94.1313, 50.925], [-94.1313, 50.9208], [-94.125, 50.9208]]]}, "properties": {"company_id": "gold-finder-resources", "jurisdiction": "Ontario", "claim_id": "500210", "claim_name": null, "holder": "(100) GOLD FINDER RESOURCES LTD.", "status": "Active", "recorded_date": "2018-04-10", "anniversary_or_expiry": "2027-04-10", "area_ha": null, "tenure_type": "Single Cell Mining Claim", "source": "Ontario MLAS operational claims (OGSEarth / LIO MapServer). Unofficial viewing data, not legal title.", "as_of": "2026-09-20", "role": "focus", "color": "#e8b040"}}, {"type": "Feature", "geometry": {"type": "Polygon", "coordinates": [[[-94.1188, 50.9208], [-94.1188, 50.925], [-94.125, 50.925], [-94.125, 50.9208], [-94.1188, 50.9208]]]}, "properties": {"company_id": "gold-finder-resources", "jurisdiction": "Ontario", "claim_id": "500211", "claim_name": null, "holder": "(100) GOLD FINDER RESOURCES LTD.", "status": "Active", "recorded_date": "2018-04-10", "anniversary_or_expiry": "2027-04-10", "area_ha": null, "tenure_type": "Single Cell Mining Claim", "source": "Ontario MLAS operational claims (OGSEarth / LIO MapServer). Unofficial viewing data, not legal title.", "as_of": "2026-09-20", "role": "focus", "color": "#e8b040"}}, {"type": "Feature", "geometry": {"type": "Polygon", "coordinates": [[[-94.1125, 50.9208], [-94.1125, 50.925], [-94.1188, 50.925], [-94.1188, 50.9208], [-94.1125, 50.9208]]]}, "properties": {"company_id": "gold-finder-resources", "jurisdiction": "Ontario", "claim_id": "500212", "claim_name": null, "holder": "(100) GOLD FINDER RESOURCES LTD.", "status": "Active", "recorded_date": "2018-04-10", "anniversary_or_expiry": "2027-04-10", "area_ha": null, "tenure_type": "Single Cell Mining Claim", "source": "Ontario MLAS operational claims (OGSEarth / LIO MapServer). Unofficial viewing data, not legal title.", "as_of": "2026-09-20", "role": "focus", "color": "#e8b040"}}, {"type": "Feature", "geometry": {"type": "Polygon", "coordinates": [[[-94.1063, 50.9208], [-94.1063, 50.925], [-94.1125, 50.925], [-94.1125, 50.9208], [-94.1063, 50.9208]]]}, "properties": {"company_id": "gold-finder-resources", "jurisdiction": "Ontario", "claim_id": "500213", "claim_name": null, "holder": "(100) GOLD FINDER RESOURCES LTD.", "status": "Active", "recorded_date": "2018-04-10", "anniversary_or_expiry": "2027-04-10", "area_ha": null, "tenure_type": "Single Cell Mining Claim", "source": "Ontario MLAS operational claims (OGSEarth / LIO MapServer). Unofficial viewing data, not legal title.", "as_of": "2026-09-20", "role": "focus", "color": "#e8b040"}}, {"type": "Feature", "geometry": {"type": "Polygon", "coordinates": [[[-94.1, 50.9208], [-94.1, 50.925], [-94.1063, 50.925], [-94.1063, 50.9208], [-94.1, 50.9208]]]}, "properties": {"company_id": "gold-finder-resources", "jurisdiction": "Ontario", "claim_id": "500214", "claim_name": null, "holder": "(100) GOLD FINDER RESOURCES LTD.", "status": "Active", "recorded_date": "2018-04-10", "anniversary_or_expiry": "2027-04-10", "area_ha": null, "tenure_type": "Single Cell Mining Claim", "source": "Ontario MLAS operational claims (OGSEarth / LIO MapServer). Unofficial viewing data, not legal title.", "as_of": "2026-09-20", "role": "focus", "color": "#e8b040"}}, {"type": "Feature", "geometry": {"type": "Polygon", "coordinates": [[[-94.0938, 50.9208], [-94.0938, 50.925], [-94.1, 50.925], [-94.1, 50.9208], [-94.0938, 50.9208]]]}, "properties": {"company_id": "gold-finder-resources", "jurisdiction": "Ontario", "claim_id": "500215", "claim_name": null, "holder": "(100) GOLD FINDER RESOURCES LTD.", "status": "Active", "recorded_date": "2018-04-10", "anniversary_or_expiry": "2027-04-10", "area_ha": null, "tenure_type": "Single Cell Mining Claim", "source": "Ontario MLAS operational claims (OGSEarth / LIO MapServer). Unofficial viewing data, not legal title.", "as_of": "2026-09-20", "role": "focus", "color": "#e8b040"}}, {"type": "Feature", "geometry": {"type": "Polygon", "coordinates": [[[-94.0625, 50.9458], [-94.0625, 50.95], [-94.0688, 50.95], [-94.0688, 50.9458], [-94.0625, 50.9458]]]}, "properties": {"company_id": "gold-finder-resources", "jurisdiction": "Ontario", "claim_id": "501192", "claim_name": null, "holder": "(100) GOLD FINDER RESOURCES LTD.", "status": "Active", "recorded_date": "2018-04-10", "anniversary_or_expiry": "2027-04-10", "area_ha": null, "tenure_type": "Single Cell Mining Claim", "source": "Ontario MLAS operational claims (OGSEarth / LIO MapServer). Unofficial viewing data, not legal title.", "as_of": "2026-09-20", "role": "focus", "color": "#e8b040"}}, {"type": "Feature", "geometry": {"type": "Polygon", "coordinates": [[[-94.0563, 50.9458], [-94.0563, 50.95], [-94.0625, 50.95], [-94.0625, 50.9458], [-94.0563, 50.9458]]]}, "properties": {"company_id": "gold-finder-resources", "jurisdiction": "Ontario", "claim_id": "501193", "claim_name": null, "holder": "(100) GOLD FINDER RESOURCES LTD.", "status": "Active", "recorded_date": "2018-04-10", "anniversary_or_expiry": "2027-04-10", "area_ha": null, "tenure_type": "Single Cell Mining Claim", "source": "Ontario MLAS operational claims (OGSEarth / LIO MapServer). Unofficial viewing data, not legal title.", "as_of": "2026-09-20", "role": "focus", "color": "#e8b040"}}, {"type": "Feature", "geometry": {"type": "Polygon", "coordinates": [[[-94.05, 50.9458], [-94.05, 50.95], [-94.0563, 50.95], [-94.0563, 50.9458], [-94.05, 50.9458]]]}, "properties": {"company_id": "gold-finder-resources", "jurisdiction": "Ontario", "claim_id": "501194", "claim_name": null, "holder": "(100) GOLD FINDER RESOURCES LTD.", "status": "Active", "recorded_date": "2018-04-10", "anniversary_or_expiry": "2027-04-10", "area_ha": null, "tenure_type": "Single Cell Mining Claim", "source": "Ontario MLAS operational claims (OGSEarth / LIO MapServer). Unofficial viewing data, not legal title.", "as_of": "2026-09-20", "role": "focus", "color": "#e8b040"}}, {"type": "Feature", "geometry": {"type": "Polygon", "coordinates": [[[-94.0125, 50.9458], [-94.0125, 50.95], [-94.0188, 50.95], [-94.0188, 50.9458], [-94.0125, 50.9458]]]}, "properties": {"company_id": "gold-finder-resources", "jurisdiction": "Ontario", "claim_id": "501195", "claim_name": null, "holder": "(100) GOLD FINDER RESOURCES LTD.", "status": "Active", "recorded_date": "2018-04-10", "anniversary_or_expiry": "2027-04-10", "area_ha": null, "tenure_type": "Single Cell Mining Claim", "source": "Ontario MLAS operational claims (OGSEarth / LIO MapServer). Unofficial viewing data, not legal title.", "as_of": "2026-09-20", "role": "focus", "color": "#e8b040"}}, {"type": "Feature", "geometry": {"type": "Polygon", "coordinates": [[[-93.9938, 50.9458], [-93.9938, 50.95], [-94.0, 50.95], [-94.0, 50.9458], [-93.9938, 50.9458]]]}, "properties": {"company_id": "gold-finder-resources", "jurisdiction": "Ontario", "claim_id": "501196", "claim_name": null, "holder": "(100) GOLD FINDER RESOURCES LTD.", "status": "Active", "recorded_date": "2018-04-10", "anniversary_or_expiry": "2027-04-10", "area_ha": null, "tenure_type": "Single Cell Mining Claim", "source": "Ontario MLAS operational claims (OGSEarth / LIO MapServer). Unofficial viewing data, not legal title.", "as_of": "2026-09-20", "role": "focus", "color": "#e8b040"}}, {"type": "Feature", "geometry": {"type": "Polygon", "coordinates": [[[-93.9875, 50.9458], [-93.9875, 50.95], [-93.9938, 50.95], [-93.9938, 50.9458], [-93.9875, 50.9458]]]}, "properties": {"company_id": "gold-finder-resources", "jurisdiction": "Ontario", "claim_id": "501197", "claim_name": null, "holder": "(100) GOLD FINDER RESOURCES LTD.", "status": "Active", "recorded_date": "2018-04-10", "anniversary_or_expiry": "2027-04-10", "area_ha": null, "tenure_type": "Single Cell Mining Claim", "source": "Ontario MLAS operational claims (OGSEarth / LIO MapServer). Unofficial viewing data, not legal title.", "as_of": "2026-09-20", "role": "focus", "color": "#e8b040"}}, {"type": "Feature", "geometry": {"type": "Polygon", "coordinates": [[[-94.0313, 50.9458], [-94.0313, 50.95], [-94.0375, 50.95], [-94.0375, 50.9458], [-94.0313, 50.9458]]]}, "properties": {"company_id": "gold-finder-resources", "jurisdiction": "Ontario", "claim_id": "501198", "claim_name": null, "holder": "(100) GOLD FINDER RESOURCES LTD.", "status": "Active", "recorded_date": "2018-04-10", "anniversary_or_expiry": "2027-04-10", "area_ha": null, "tenure_type": "Single Cell Mining Claim", "source": "Ontario MLAS operational claims (OGSEarth / LIO MapServer). Unofficial viewing data, not legal title.", "as_of": "2026-09-20", "role": "focus", "color": "#e8b040"}}, {"type": "Feature", "geometry": {"type": "Polygon", "coordinates": [[[-94.025, 50.9458], [-94.025, 50.95], [-94.0313, 50.95], [-94.0313, 50.9458], [-94.025, 50.9458]]]}, "properties": {"company_id": "gold-finder-resources", "jurisdiction": "Ontario", "claim_id": "501199", "claim_name": null, "holder": "(100) GOLD FINDER RESOURCES LTD.", "status": "Active", "recorded_date": "2018-04-10", "anniversary_or_expiry": "2027-04-10", "area_ha": null, "tenure_type": "Single Cell Mining Claim", "source": "Ontario MLAS operational claims (OGSEarth / LIO MapServer). Unofficial viewing data, not legal title.", "as_of": "2026-09-20", "role": "focus", "color": "#e8b040"}}, {"type": "Feature", "geometry": {"type": "Polygon", "coordinates": [[[-94.0, 50.9458], [-94.0, 50.95], [-94.0063, 50.95], [-94.0063, 50.9458], [-94.0, 50.9458]]]}, "properties": {"company_id": "gold-finder-resources", "jurisdiction": "Ontario", "claim_id": "501200", "claim_name": null, "holder": "(100) GOLD FINDER RESOURCES LTD.", "status": "Active", "recorded_date": "2018-04-10", "anniversary_or_expiry": "2027-04-10", "area_ha": null, "tenure_type": "Single Cell Mining Claim", "source": "Ontario MLAS operational claims (OGSEarth / LIO MapServer). Unofficial viewing data, not legal title.", "as_of": "2026-09-20", "role": "focus", "color": "#e8b040"}}, {"type": "Feature", "geometry": {"type": "Polygon", "coordinates": [[[-94.0188, 50.9458], [-94.0188, 50.95], [-94.025, 50.95], [-94.025, 50.9458], [-94.0188, 50.9458]]]}, "properties": {"company_id": "gold-finder-resources", "jurisdiction": "Ontario", "claim_id": "501201", "claim_name": null, "holder": "(100) GOLD FINDER RESOURCES LTD.", "status": "Active", "recorded_date": "2018-04-10", "anniversary_or_expiry": "2027-04-10", "area_ha": null, "tenure_type": "Single Cell Mining Claim", "source": "Ontario MLAS operational claims (OGSEarth / LIO MapServer). Unofficial viewing data, not legal title.", "as_of": "2026-09-20", "role": "focus", "color": "#e8b040"}}, {"type": "Feature", "geometry": {"type": "Polygon", "coordinates": [[[-94.0438, 50.9458], [-94.0438, 50.95], [-94.05, 50.95], [-94.05, 50.9458], [-94.0438, 50.9458]]]}, "properties": {"company_id": "gold-finder-resources", "jurisdiction": "Ontario", "claim_id": "501202", "claim_name": null, "holder": "(100) GOLD FINDER RESOURCES LTD.", "status": "Active", "recorded_date": "2018-04-10", "anniversary_or_expiry": "2027-04-10", "area_ha": null, "tenure_type": "Single Cell Mining Claim", "source": "Ontario MLAS operational claims (OGSEarth / LIO MapServer). Unofficial viewing data, not legal title.", "as_of": "2026-09-20", "role": "focus", "color": "#e8b040"}}, {"type": "Feature", "geometry": {"type": "Polygon", "coordinates": [[[-94.0063, 50.9458], [-94.0063, 50.95], [-94.0125, 50.95], [-94.0125, 50.9458], [-94.0063, 50.9458]]]}, "properties": {"company_id": "gold-finder-resources", "jurisdiction": "Ontario", "claim_id": "501203", "claim_name": null, "holder": "(100) GOLD FINDER RESOURCES LTD.", "status": "Active", "recorded_date": "2018-04-10", "anniversary_or_expiry": "2027-04-10", "area_ha": null, "tenure_type": "Single Cell Mining Claim", "source": "Ontario MLAS operational claims (OGSEarth / LIO MapServer). Unofficial viewing data, not legal title.", "as_of": "2026-09-20", "role": "focus", "color": "#e8b040"}}, {"type": "Feature", "geometry": {"type": "Polygon", "coordinates": [[[-94.0375, 50.9458], [-94.0375, 50.95], [-94.0438, 50.95], [-94.0438, 50.9458], [-94.0375, 50.9458]]]}, "properties": {"company_id": "gold-finder-resources", "jurisdiction": "Ontario", "claim_id": "501204", "claim_name": null, "holder": "(100) GOLD FINDER RESOURCES LTD.", "status": "Active", "recorded_date": "2018-04-10", "anniversary_or_expiry": "2027-04-10", "area_ha": null, "tenure_type": "Single Cell Mining Claim", "source": "Ontario MLAS operational claims (OGSEarth / LIO MapServer). Unofficial viewing data, not legal title.", "as_of": "2026-09-20", "role": "focus", "color": "#e8b040"}}, {"type": "Feature", "geometry": {"type": "Polygon", "coordinates": [[[-94.0688, 50.9458], [-94.0688, 50.95], [-94.075, 50.95], [-94.075, 50.9458], [-94.0688, 50.9458]]]}, "properties": {"company_id": "gold-finder-resources", "jurisdiction": "Ontario", "claim_id": "501205", "claim_name": null, "holder": "(100) GOLD FINDER RESOURCES LTD.", "status": "Active", "recorded_date": "2018-04-10", "anniversary_or_expiry": "2027-04-10", "area_ha": null, "tenure_type": "Single Cell Mining Claim", "source": "Ontario MLAS operational claims (OGSEarth / LIO MapServer). Unofficial viewing data, not legal title.", "as_of": "2026-09-20", "role": "focus", "color": "#e8b040"}}, {"type": "Feature", "geometry": {"type": "Polygon", "coordinates": [[[-93.9688, 50.9458], [-93.9688, 50.95], [-93.975, 50.95], [-93.975, 50.9458], [-93.9688, 50.9458]]]}, "properties": {"company_id": "gold-finder-resources", "jurisdiction": "Ontario", "claim_id": "501206", "claim_name": null, "holder": "(100) GOLD FINDER RESOURCES LTD.", "status": "Active", "recorded_date": "2018-04-10", "anniversary_or_expiry": "2027-04-10", "area_ha": null, "tenure_type": "Single Cell Mining Claim", "source": "Ontario MLAS operational claims (OGSEarth / LIO MapServer). Unofficial viewing data, not legal title.", "as_of": "2026-09-20", "role": "focus", "color": "#e8b040"}}, {"type": "Feature", "geometry": {"type": "Polygon", "coordinates": [[[-93.9813, 50.9458], [-93.9813, 50.95], [-93.9875, 50.95], [-93.9875, 50.9458], [-93.9813, 50.9458]]]}, "properties": {"company_id": "gold-finder-resources", "jurisdiction": "Ontario", "claim_id": "501207", "claim_name": null, "holder": "(100) GOLD FINDER RESOURCES LTD.", "status": "Active", "recorded_date": "2018-04-10", "anniversary_or_expiry": "2027-04-10", "area_ha": null, "tenure_type": "Single Cell Mining Claim", "source": "Ontario MLAS operational claims (OGSEarth / LIO MapServer). Unofficial viewing data, not legal title.", "as_of": "2026-09-20", "role": "focus", "color": "#e8b040"}}, {"type": "Feature", "geometry": {"type": "Polygon", "coordinates": [[[-93.975, 50.9458], [-93.975, 50.95], [-93.9813, 50.95], [-93.9813, 50.9458], [-93.975, 50.9458]]]}, "properties": {"company_id": "gold-finder-resources", "jurisdiction": "Ontario", "claim_id": "501208", "claim_name": null, "holder": "(100) GOLD FINDER RESOURCES LTD.", "status": "Active", "recorded_date": "2018-04-10", "anniversary_or_expiry": "2027-04-10", "area_ha": null, "tenure_type": "Single Cell Mining Claim", "source": "Ontario MLAS operational claims (OGSEarth / LIO MapServer). Unofficial viewing data, not legal title.", "as_of": "2026-09-20", "role": "focus", "color": "#e8b040"}}, {"type": "Feature", "geometry": {"type": "Polygon", "coordinates": [[[-93.9625, 50.9458], [-93.9625, 50.95], [-93.9688, 50.95], [-93.9688, 50.9458], [-93.9625, 50.9458]]]}, "properties": {"company_id": "gold-finder-resources", "jurisdiction": "Ontario", "claim_id": "501209", "claim_name": null, "holder": "(100) GOLD FINDER RESOURCES LTD.", "status": "Active", "recorded_date": "2018-04-10", "anniversary_or_expiry": "2027-04-10", "area_ha": null, "tenure_type": "Single Cell Mining Claim", "source": "Ontario MLAS operational claims (OGSEarth / LIO MapServer). Unofficial viewing data, not legal title.", "as_of": "2026-09-20", "role": "focus", "color": "#e8b040"}}, {"type": "Feature", "geometry": {"type": "Polygon", "coordinates": [[[-93.9813, 50.9542], [-93.9813, 50.9583], [-93.9875, 50.9583], [-93.9875, 50.9542], [-93.9813, 50.9542]]]}, "properties": {"company_id": "gold-finder-resources", "jurisdiction": "Ontario", "claim_id": "508241", "claim_name": null, "holder": "(100) GOLD FINDER RESOURCES LTD.", "status": "Active", "recorded_date": "2018-04-10", "anniversary_or_expiry": "2027-04-10", "area_ha": null, "tenure_type": "Single Cell Mining Claim", "source": "Ontario MLAS operational claims (OGSEarth / LIO MapServer). Unofficial viewing data, not legal title.", "as_of": "2026-09-20", "role": "focus", "color": "#e8b040"}}, {"type": "Feature", "geometry": {"type": "Polygon", "coordinates": [[[-93.975, 50.9542], [-93.975, 50.9583], [-93.9813, 50.9583], [-93.9813, 50.9542], [-93.975, 50.9542]]]}, "properties": {"company_id": "gold-finder-resources", "jurisdiction": "Ontario", "claim_id": "508242", "claim_name": null, "holder": "(100) GOLD FINDER RESOURCES LTD.", "status": "Active", "recorded_date": "2018-04-10", "anniversary_or_expiry": "2027-04-10", "area_ha": null, "tenure_type": "Single Cell Mining Claim", "source": "Ontario MLAS operational claims (OGSEarth / LIO MapServer). Unofficial viewing data, not legal title.", "as_of": "2026-09-20", "role": "focus", "color": "#e8b040"}}, {"type": "Feature", "geometry": {"type": "Polygon", "coordinates": [[[-93.9688, 50.9542], [-93.9688, 50.9583], [-93.975, 50.9583], [-93.975, 50.9542], [-93.9688, 50.9542]]]}, "properties": {"company_id": "gold-finder-resources", "jurisdiction": "Ontario", "claim_id": "508243", "claim_name": null, "holder": "(100) GOLD FINDER RESOURCES LTD.", "status": "Active", "recorded_date": "2018-04-10", "anniversary_or_expiry": "2027-04-10", "area_ha": null, "tenure_type": "Single Cell Mining Claim", "source": "Ontario MLAS operational claims (OGSEarth / LIO MapServer). Unofficial viewing data, not legal title.", "as_of": "2026-09-20", "role": "focus", "color": "#e8b040"}}, {"type": "Feature", "geometry": {"type": "Polygon", "coordinates": [[[-93.9625, 50.9542], [-93.9625, 50.9583], [-93.9688, 50.9583], [-93.9688, 50.9542], [-93.9625, 50.9542]]]}, "properties": {"company_id": "gold-finder-resources", "jurisdiction": "Ontario", "claim_id": "508244", "claim_name": null, "holder": "(100) GOLD FINDER RESOURCES LTD.", "status": "Active", "recorded_date": "2018-04-10", "anniversary_or_expiry": "2027-04-10", "area_ha": null, "tenure_type": "Single Cell Mining Claim", "source": "Ontario MLAS operational claims (OGSEarth / LIO MapServer). Unofficial viewing data, not legal title.", "as_of": "2026-09-20", "role": "focus", "color": "#e8b040"}}, {"type": "Feature", "geometry": {"type": "Polygon", "coordinates": [[[-93.9813, 50.95], [-93.9813, 50.9542], [-93.9875, 50.9542], [-93.9875, 50.95], [-93.9813, 50.95]]]}, "properties": {"company_id": "gold-finder-resources", "jurisdiction": "Ontario", "claim_id": "508245", "claim_name": null, "holder": "(100) GOLD FINDER RESOURCES LTD.", "status": "Active", "recorded_date": "2018-04-10", "anniversary_or_expiry": "2027-04-10", "area_ha": null, "tenure_type": "Single Cell Mining Claim", "source": "Ontario MLAS operational claims (OGSEarth / LIO MapServer). Unofficial viewing data, not legal title.", "as_of": "2026-09-20", "role": "focus", "color": "#e8b040"}}, {"type": "Feature", "geometry": {"type": "Polygon", "coordinates": [[[-93.975, 50.95], [-93.975, 50.9542], [-93.9813, 50.9542], [-93.9813, 50.95], [-93.975, 50.95]]]}, "properties": {"company_id": "gold-finder-resources", "jurisdiction": "Ontario", "claim_id": "508246", "claim_name": null, "holder": "(100) GOLD FINDER RESOURCES LTD.", "status": "Active", "recorded_date": "2018-04-10", "anniversary_or_expiry": "2027-04-10", "area_ha": null, "tenure_type": "Single Cell Mining Claim", "source": "Ontario MLAS operational claims (OGSEarth / LIO MapServer). Unofficial viewing data, not legal title.", "as_of": "2026-09-20", "role": "focus", "color": "#e8b040"}}, {"type": "Feature", "geometry": {"type": "Polygon", "coordinates": [[[-93.9688, 50.95], [-93.9688, 50.9542], [-93.975, 50.9542], [-93.975, 50.95], [-93.9688, 50.95]]]}, "properties": {"company_id": "gold-finder-resources", "jurisdiction": "Ontario", "claim_id": "508247", "claim_name": null, "holder": "(100) GOLD FINDER RESOURCES LTD.", "status": "Active", "recorded_date": "2018-04-10", "anniversary_or_expiry": "2027-04-10", "area_ha": null, "tenure_type": "Single Cell Mining Claim", "source": "Ontario MLAS operational claims (OGSEarth / LIO MapServer). Unofficial viewing data, not legal title.", "as_of": "2026-09-20", "role": "focus", "color": "#e8b040"}}, {"type": "Feature", "geometry": {"type": "Polygon", "coordinates": [[[-93.9625, 50.95], [-93.9625, 50.9542], [-93.9688, 50.9542], [-93.9688, 50.95], [-93.9625, 50.95]]]}, "properties": {"company_id": "gold-finder-resources", "jurisdiction": "Ontario", "claim_id": "508248", "claim_name": null, "holder": "(100) GOLD FINDER RESOURCES LTD.", "status": "Active", "recorded_date": "2018-04-10", "anniversary_or_expiry": "2027-04-10", "area_ha": null, "tenure_type": "Single Cell Mining Claim", "source": "Ontario MLAS operational claims (OGSEarth / LIO MapServer). Unofficial viewing data, not legal title.", "as_of": "2026-09-20", "role": "focus", "color": "#e8b040"}}, {"type": "Feature", "geometry": {"type": "Polygon", "coordinates": [[[-94.2688, 51.0792], [-94.2688, 51.0833], [-94.275, 51.0833], [-94.275, 51.0792], [-94.2688, 51.0792]]]}, "properties": {"company_id": "gold-finder-resources", "jurisdiction": "Ontario", "claim_id": "512950", "claim_name": null, "holder": "(100) GOLD FINDER RESOURCES LTD.", "status": "Active", "recorded_date": "2018-04-10", "anniversary_or_expiry": "2027-04-10", "area_ha": null, "tenure_type": "Single Cell Mining Claim", "source": "Ontario MLAS operational claims (OGSEarth / LIO MapServer). Unofficial viewing data, not legal title.", "as_of": "2026-09-20", "role": "focus", "color": "#e8b040"}}, {"type": "Feature", "geometry": {"type": "Polygon", "coordinates": [[[-93.9625, 50.9667], [-93.9625, 50.9708], [-93.9688, 50.9708], [-93.9688, 50.9667], [-93.9625, 50.9667]]]}, "properties": {"company_id": "gold-finder-resources", "jurisdiction": "Ontario", "claim_id": "516638", "claim_name": null, "holder": "(100) GOLD FINDER RESOURCES LTD.", "status": "Active", "recorded_date": "2018-04-14", "anniversary_or_expiry": "2027-04-14", "area_ha": null, "tenure_type": "Single Cell Mining Claim", "source": "Ontario MLAS operational claims (OGSEarth / LIO MapServer). Unofficial viewing data, not legal title.", "as_of": "2026-09-20", "role": "focus", "color": "#e8b040"}}, {"type": "Feature", "geometry": {"type": "Polygon", "coordinates": [[[-93.9625, 50.9625], [-93.9625, 50.9667], [-93.9688, 50.9667], [-93.9688, 50.9625], [-93.9625, 50.9625]]]}, "properties": {"company_id": "gold-finder-resources", "jurisdiction": "Ontario", "claim_id": "516639", "claim_name": null, "holder": "(100) GOLD FINDER RESOURCES LTD.", "status": "Active", "recorded_date": "2018-04-14", "anniversary_or_expiry": "2027-04-14", "area_ha": null, "tenure_type": "Single Cell Mining Claim", "source": "Ontario MLAS operational claims (OGSEarth / LIO MapServer). Unofficial viewing data, not legal title.", "as_of": "2026-09-20", "role": "focus", "color": "#e8b040"}}, {"type": "Feature", "geometry": {"type": "Polygon", "coordinates": [[[-93.9625, 50.9583], [-93.9625, 50.9625], [-93.9688, 50.9625], [-93.9688, 50.9583], [-93.9625, 50.9583]]]}, "properties": {"company_id": "gold-finder-resources", "jurisdiction": "Ontario", "claim_id": "516640", "claim_name": null, "holder": "(100) GOLD FINDER RESOURCES LTD.", "status": "Active", "recorded_date": "2018-04-14", "anniversary_or_expiry": "2027-04-14", "area_ha": null, "tenure_type": "Single Cell Mining Claim", "source": "Ontario MLAS operational claims (OGSEarth / LIO MapServer). Unofficial viewing data, not legal title.", "as_of": "2026-09-20", "role": "focus", "color": "#e8b040"}}, {"type": "Feature", "geometry": {"type": "Polygon", "coordinates": [[[-94.275, 51.0792], [-94.275, 51.0833], [-94.2813, 51.0833], [-94.2813, 51.0792], [-94.275, 51.0792]]]}, "properties": {"company_id": "gold-finder-resources", "jurisdiction": "Ontario", "claim_id": "518229", "claim_name": null, "holder": "(100) GOLD FINDER RESOURCES LTD.", "status": "Active", "recorded_date": "2018-04-23", "anniversary_or_expiry": "2027-04-23", "area_ha": null, "tenure_type": "Single Cell Mining Claim", "source": "Ontario MLAS operational claims (OGSEarth / LIO MapServer). Unofficial viewing data, not legal title.", "as_of": "2026-09-20", "role": "focus", "color": "#e8b040"}}, {"type": "Feature", "geometry": {"type": "Polygon", "coordinates": [[[-94.2313, 51.0792], [-94.2313, 51.0833], [-94.2375, 51.0833], [-94.2375, 51.0792], [-94.2313, 51.0792]]]}, "properties": {"company_id": "gold-finder-resources", "jurisdiction": "Ontario", "claim_id": "522219", "claim_name": null, "holder": "(100) GOLD FINDER RESOURCES LTD.", "status": "Active", "recorded_date": "2018-05-26", "anniversary_or_expiry": "2027-05-26", "area_ha": null, "tenure_type": "Single Cell Mining Claim", "source": "Ontario MLAS operational claims (OGSEarth / LIO MapServer). Unofficial viewing data, not legal title.", "as_of": "2026-09-20", "role": "focus", "color": "#e8b040"}}, {"type": "Feature", "geometry": {"type": "Polygon", "coordinates": [[[-94.225, 51.0792], [-94.225, 51.0833], [-94.2313, 51.0833], [-94.2313, 51.0792], [-94.225, 51.0792]]]}, "properties": {"company_id": "gold-finder-resources", "jurisdiction": "Ontario", "claim_id": "522220", "claim_name": null, "holder": "(100) GOLD FINDER RESOURCES LTD.", "status": "Active", "recorded_date": "2018-05-26", "anniversary_or_expiry": "2027-05-26", "area_ha": null, "tenure_type": "Single Cell Mining Claim", "source": "Ontario MLAS operational claims (OGSEarth / LIO MapServer). Unofficial viewing data, not legal title.", "as_of": "2026-09-20", "role": "focus", "color": "#e8b040"}}, {"type": "Feature", "geometry": {"type": "Polygon", "coordinates": [[[-94.2438, 51.0792], [-94.2438, 51.0833], [-94.25, 51.0833], [-94.25, 51.0792], [-94.2438, 51.0792]]]}, "properties": {"company_id": "gold-finder-resources", "jurisdiction": "Ontario", "claim_id": "522255", "claim_name": null, "holder": "(100) GOLD FINDER RESOURCES LTD.", "status": "Active", "recorded_date": "2018-05-30", "anniversary_or_expiry": "2027-05-30", "area_ha": null, "tenure_type": "Single Cell Mining Claim", "source": "Ontario MLAS operational claims (OGSEarth / LIO MapServer). Unofficial viewing data, not legal title.", "as_of": "2026-09-20", "role": "focus", "color": "#e8b040"}}, {"type": "Feature", "geometry": {"type": "Polygon", "coordinates": [[[-94.2375, 51.0792], [-94.2375, 51.0833], [-94.2438, 51.0833], [-94.2438, 51.0792], [-94.2375, 51.0792]]]}, "properties": {"company_id": "gold-finder-resources", "jurisdiction": "Ontario", "claim_id": "522256", "claim_name": null, "holder": "(100) GOLD FINDER RESOURCES LTD.", "status": "Active", "recorded_date": "2018-05-30", "anniversary_or_expiry": "2027-05-30", "area_ha": null, "tenure_type": "Single Cell Mining Claim", "source": "Ontario MLAS operational claims (OGSEarth / LIO MapServer). Unofficial viewing data, not legal title.", "as_of": "2026-09-20", "role": "focus", "color": "#e8b040"}}, {"type": "Feature", "geometry": {"type": "Polygon", "coordinates": [[[-94.2438, 51.075], [-94.2438, 51.0792], [-94.25, 51.0792], [-94.25, 51.075], [-94.2438, 51.075]]]}, "properties": {"company_id": "gold-finder-resources", "jurisdiction": "Ontario", "claim_id": "522257", "claim_name": null, "holder": "(100) GOLD FINDER RESOURCES LTD.", "status": "Active", "recorded_date": "2018-05-30", "anniversary_or_expiry": "2027-05-30", "area_ha": null, "tenure_type": "Single Cell Mining Claim", "source": "Ontario MLAS operational claims (OGSEarth / LIO MapServer). Unofficial viewing data, not legal title.", "as_of": "2026-09-20", "role": "focus", "color": "#e8b040"}}, {"type": "Feature", "geometry": {"type": "Polygon", "coordinates": [[[-94.2688, 51.075], [-94.2688, 51.0792], [-94.275, 51.0792], [-94.275, 51.075], [-94.2688, 51.075]]]}, "properties": {"company_id": "gold-finder-resources", "jurisdiction": "Ontario", "claim_id": "522258", "claim_name": null, "holder": "(100) GOLD FINDER RESOURCES LTD.", "status": "Active", "recorded_date": "2018-05-30", "anniversary_or_expiry": "2027-05-30", "area_ha": null, "tenure_type": "Single Cell Mining Claim", "source": "Ontario MLAS operational claims (OGSEarth / LIO MapServer). Unofficial viewing data, not legal title.", "as_of": "2026-09-20", "role": "focus", "color": "#e8b040"}}, {"type": "Feature", "geometry": {"type": "Polygon", "coordinates": [[[-94.2625, 51.075], [-94.2625, 51.0792], [-94.2688, 51.0792], [-94.2688, 51.075], [-94.2625, 51.075]]]}, "properties": {"company_id": "gold-finder-resources", "jurisdiction": "Ontario", "claim_id": "522259", "claim_name": null, "holder": "(100) GOLD FINDER RESOURCES LTD.", "status": "Active", "recorded_date": "2018-05-30", "anniversary_or_expiry": "2027-05-30", "area_ha": null, "tenure_type": "Single Cell Mining Claim", "source": "Ontario MLAS operational claims (OGSEarth / LIO MapServer). Unofficial viewing data, not legal title.", "as_of": "2026-09-20", "role": "focus", "color": "#e8b040"}}, {"type": "Feature", "geometry": {"type": "Polygon", "coordinates": [[[-94.2563, 51.075], [-94.2563, 51.0792], [-94.2625, 51.0792], [-94.2625, 51.075], [-94.2563, 51.075]]]}, "properties": {"company_id": "gold-finder-resources", "jurisdiction": "Ontario", "claim_id": "522260", "claim_name": null, "holder": "(100) GOLD FINDER RESOURCES LTD.", "status": "Active", "recorded_date": "2018-05-30", "anniversary_or_expiry": "2027-05-30", "area_ha": null, "tenure_type": "Single Cell Mining Claim", "source": "Ontario MLAS operational claims (OGSEarth / LIO MapServer). Unofficial viewing data, not legal title.", "as_of": "2026-09-20", "role": "focus", "color": "#e8b040"}}, {"type": "Feature", "geometry": {"type": "Polygon", "coordinates": [[[-94.25, 51.075], [-94.25, 51.0792], [-94.2563, 51.0792], [-94.2563, 51.075], [-94.25, 51.075]]]}, "properties": {"company_id": "gold-finder-resources", "jurisdiction": "Ontario", "claim_id": "522261", "claim_name": null, "holder": "(100) GOLD FINDER RESOURCES LTD.", "status": "Active", "recorded_date": "2018-05-30", "anniversary_or_expiry": "2027-05-30", "area_ha": null, "tenure_type": "Single Cell Mining Claim", "source": "Ontario MLAS operational claims (OGSEarth / LIO MapServer). Unofficial viewing data, not legal title.", "as_of": "2026-09-20", "role": "focus", "color": "#e8b040"}}, {"type": "Feature", "geometry": {"type": "Polygon", "coordinates": [[[-94.2625, 51.0792], [-94.2625, 51.0833], [-94.2688, 51.0833], [-94.2688, 51.0792], [-94.2625, 51.0792]]]}, "properties": {"company_id": "gold-finder-resources", "jurisdiction": "Ontario", "claim_id": "522417", "claim_name": null, "holder": "(100) GOLD FINDER RESOURCES LTD.", "status": "Active", "recorded_date": "2018-06-02", "anniversary_or_expiry": "2027-06-02", "area_ha": null, "tenure_type": "Single Cell Mining Claim", "source": "Ontario MLAS operational claims (OGSEarth / LIO MapServer). Unofficial viewing data, not legal title.", "as_of": "2026-09-20", "role": "focus", "color": "#e8b040"}}, {"type": "Feature", "geometry": {"type": "Polygon", "coordinates": [[[-94.2563, 51.0792], [-94.2563, 51.0833], [-94.2625, 51.0833], [-94.2625, 51.0792], [-94.2563, 51.0792]]]}, "properties": {"company_id": "gold-finder-resources", "jurisdiction": "Ontario", "claim_id": "522418", "claim_name": null, "holder": "(100) GOLD FINDER RESOURCES LTD.", "status": "Active", "recorded_date": "2018-06-02", "anniversary_or_expiry": "2027-06-02", "area_ha": null, "tenure_type": "Single Cell Mining Claim", "source": "Ontario MLAS operational claims (OGSEarth / LIO MapServer). Unofficial viewing data, not legal title.", "as_of": "2026-09-20", "role": "focus", "color": "#e8b040"}}, {"type": "Feature", "geometry": {"type": "Polygon", "coordinates": [[[-94.25, 51.0792], [-94.25, 51.0833], [-94.2563, 51.0833], [-94.2563, 51.0792], [-94.25, 51.0792]]]}, "properties": {"company_id": "gold-finder-resources", "jurisdiction": "Ontario", "claim_id": "522419", "claim_name": null, "holder": "(100) GOLD FINDER RESOURCES LTD.", "status": "Active", "recorded_date": "2018-06-02", "anniversary_or_expiry": "2027-06-02", "area_ha": null, "tenure_type": "Single Cell Mining Claim", "source": "Ontario MLAS operational claims (OGSEarth / LIO MapServer). Unofficial viewing data, not legal title.", "as_of": "2026-09-20", "role": "focus", "color": "#e8b040"}}, {"type": "Feature", "geometry": {"type": "Polygon", "coordinates": [[[-94.3125, 51.0792], [-94.3125, 51.0833], [-94.3188, 51.0833], [-94.3188, 51.0792], [-94.3125, 51.0792]]]}, "properties": {"company_id": "gold-finder-resources", "jurisdiction": "Ontario", "claim_id": "522420", "claim_name": null, "holder": "(100) GOLD FINDER RESOURCES LTD.", "status": "Active", "recorded_date": "2018-06-02", "anniversary_or_expiry": "2027-06-02", "area_ha": null, "tenure_type": "Single Cell Mining Claim", "source": "Ontario MLAS operational claims (OGSEarth / LIO MapServer). Unofficial viewing data, not legal title.", "as_of": "2026-09-20", "role": "focus", "color": "#e8b040"}}, {"type": "Feature", "geometry": {"type": "Polygon", "coordinates": [[[-94.2938, 51.075], [-94.2938, 51.0792], [-94.3, 51.0792], [-94.3, 51.075], [-94.2938, 51.075]]]}, "properties": {"company_id": "gold-finder-resources", "jurisdiction": "Ontario", "claim_id": "522421", "claim_name": null, "holder": "(100) GOLD FINDER RESOURCES LTD.", "status": "Active", "recorded_date": "2018-06-02", "anniversary_or_expiry": "2027-06-02", "area_ha": null, "tenure_type": "Single Cell Mining Claim", "source": "Ontario MLAS operational claims (OGSEarth / LIO MapServer). Unofficial viewing data, not legal title.", "as_of": "2026-09-20", "role": "focus", "color": "#e8b040"}}, {"type": "Feature", "geometry": {"type": "Polygon", "coordinates": [[[-94.3125, 51.075], [-94.3125, 51.0792], [-94.3188, 51.0792], [-94.3188, 51.075], [-94.3125, 51.075]]]}, "properties": {"company_id": "gold-finder-resources", "jurisdiction": "Ontario", "claim_id": "522422", "claim_name": null, "holder": "(100) GOLD FINDER RESOURCES LTD.", "status": "Active", "recorded_date": "2018-06-02", "anniversary_or_expiry": "2027-06-02", "area_ha": null, "tenure_type": "Single Cell Mining Claim", "source": "Ontario MLAS operational claims (OGSEarth / LIO MapServer). Unofficial viewing data, not legal title.", "as_of": "2026-09-20", "role": "focus", "color": "#e8b040"}}, {"type": "Feature", "geometry": {"type": "Polygon", "coordinates": [[[-94.2938, 51.0792], [-94.2938, 51.0833], [-94.3, 51.0833], [-94.3, 51.0792], [-94.2938, 51.0792]]]}, "properties": {"company_id": "gold-finder-resources", "jurisdiction": "Ontario", "claim_id": "522423", "claim_name": null, "holder": "(100) GOLD FINDER RESOURCES LTD.", "status": "Active", "recorded_date": "2018-06-02", "anniversary_or_expiry": "2027-06-02", "area_ha": null, "tenure_type": "Single Cell Mining Claim", "source": "Ontario MLAS operational claims (OGSEarth / LIO MapServer). Unofficial viewing data, not legal title.", "as_of": "2026-09-20", "role": "focus", "color": "#e8b040"}}, {"type": "Feature", "geometry": {"type": "Polygon", "coordinates": [[[-94.3188, 51.075], [-94.3188, 51.0792], [-94.325, 51.0792], [-94.325, 51.075], [-94.3188, 51.075]]]}, "properties": {"company_id": "gold-finder-resources", "jurisdiction": "Ontario", "claim_id": "522424", "claim_name": null, "holder": "(100) GOLD FINDER RESOURCES LTD.", "status": "Active", "recorded_date": "2018-06-02", "anniversary_or_expiry": "2027-06-02", "area_ha": null, "tenure_type": "Single Cell Mining Claim", "source": "Ontario MLAS operational claims (OGSEarth / LIO MapServer). Unofficial viewing data, not legal title.", "as_of": "2026-09-20", "role": "focus", "color": "#e8b040"}}, {"type": "Feature", "geometry": {"type": "Polygon", "coordinates": [[[-94.3063, 51.0792], [-94.3063, 51.0833], [-94.3125, 51.0833], [-94.3125, 51.0792], [-94.3063, 51.0792]]]}, "properties": {"company_id": "gold-finder-resources", "jurisdiction": "Ontario", "claim_id": "522425", "claim_name": null, "holder": "(100) GOLD FINDER RESOURCES LTD.", "status": "Active", "recorded_date": "2018-06-02", "anniversary_or_expiry": "2027-06-02", "area_ha": null, "tenure_type": "Single Cell Mining Claim", "source": "Ontario MLAS operational claims (OGSEarth / LIO MapServer). Unofficial viewing data, not legal title.", "as_of": "2026-09-20", "role": "focus", "color": "#e8b040"}}, {"type": "Feature", "geometry": {"type": "Polygon", "coordinates": [[[-94.3063, 51.075], [-94.3063, 51.0792], [-94.3125, 51.0792], [-94.3125, 51.075], [-94.3063, 51.075]]]}, "properties": {"company_id": "gold-finder-resources", "jurisdiction": "Ontario", "claim_id": "522426", "claim_name": null, "holder": "(100) GOLD FINDER RESOURCES LTD.", "status": "Active", "recorded_date": "2018-06-02", "anniversary_or_expiry": "2027-06-02", "area_ha": null, "tenure_type": "Single Cell Mining Claim", "source": "Ontario MLAS operational claims (OGSEarth / LIO MapServer). Unofficial viewing data, not legal title.", "as_of": "2026-09-20", "role": "focus", "color": "#e8b040"}}, {"type": "Feature", "geometry": {"type": "Polygon", "coordinates": [[[-94.3, 51.075], [-94.3, 51.0792], [-94.3063, 51.0792], [-94.3063, 51.075], [-94.3, 51.075]]]}, "properties": {"company_id": "gold-finder-resources", "jurisdiction": "Ontario", "claim_id": "522427", "claim_name": null, "holder": "(100) GOLD FINDER RESOURCES LTD.", "status": "Active", "recorded_date": "2018-06-02", "anniversary_or_expiry": "2027-06-02", "area_ha": null, "tenure_type": "Single Cell Mining Claim", "source": "Ontario MLAS operational claims (OGSEarth / LIO MapServer). Unofficial viewing data, not legal title.", "as_of": "2026-09-20", "role": "focus", "color": "#e8b040"}}, {"type": "Feature", "geometry": {"type": "Polygon", "coordinates": [[[-94.3, 51.0792], [-94.3, 51.0833], [-94.3063, 51.0833], [-94.3063, 51.0792], [-94.3, 51.0792]]]}, "properties": {"company_id": "gold-finder-resources", "jurisdiction": "Ontario", "claim_id": "522428", "claim_name": null, "holder": "(100) GOLD FINDER RESOURCES LTD.", "status": "Active", "recorded_date": "2018-06-02", "anniversary_or_expiry": "2027-06-02", "area_ha": null, "tenure_type": "Single Cell Mining Claim", "source": "Ontario MLAS operational claims (OGSEarth / LIO MapServer). Unofficial viewing data, not legal title.", "as_of": "2026-09-20", "role": "focus", "color": "#e8b040"}}, {"type": "Feature", "geometry": {"type": "Polygon", "coordinates": [[[-94.3, 51.0708], [-94.3, 51.075], [-94.3063, 51.075], [-94.3063, 51.0708], [-94.3, 51.0708]]]}, "properties": {"company_id": "gold-finder-resources", "jurisdiction": "Ontario", "claim_id": "522429", "claim_name": null, "holder": "(100) GOLD FINDER RESOURCES LTD.", "status": "Active", "recorded_date": "2018-06-02", "anniversary_or_expiry": "2027-06-02", "area_ha": null, "tenure_type": "Single Cell Mining Claim", "source": "Ontario MLAS operational claims (OGSEarth / LIO MapServer). Unofficial viewing data, not legal title.", "as_of": "2026-09-20", "role": "focus", "color": "#e8b040"}}, {"type": "Feature", "geometry": {"type": "Polygon", "coordinates": [[[-94.3063, 51.0708], [-94.3063, 51.075], [-94.3125, 51.075], [-94.3125, 51.0708], [-94.3063, 51.0708]]]}, "properties": {"company_id": "gold-finder-resources", "jurisdiction": "Ontario", "claim_id": "522430", "claim_name": null, "holder": "(100) GOLD FINDER RESOURCES LTD.", "status": "Active", "recorded_date": "2018-06-02", "anniversary_or_expiry": "2027-06-02", "area_ha": null, "tenure_type": "Single Cell Mining Claim", "source": "Ontario MLAS operational claims (OGSEarth / LIO MapServer). Unofficial viewing data, not legal title.", "as_of": "2026-09-20", "role": "focus", "color": "#e8b040"}}, {"type": "Feature", "geometry": {"type": "Polygon", "coordinates": [[[-94.2813, 51.0833], [-94.2688, 51.0833], [-94.2688, 51.0875], [-94.2875, 51.0875], [-94.2875, 51.0833], [-94.2813, 51.0833]]]}, "properties": {"company_id": "gold-finder-resources", "jurisdiction": "Ontario", "claim_id": "535805", "claim_name": null, "holder": "(100) GOLD FINDER RESOURCES LTD.", "status": "Active", "recorded_date": "2018-12-06", "anniversary_or_expiry": "2027-12-06", "area_ha": null, "tenure_type": "Multi-cell Mining Claim", "source": "Ontario MLAS operational claims (OGSEarth / LIO MapServer). Unofficial viewing data, not legal title.", "as_of": "2026-09-20", "role": "focus", "color": "#e8b040"}}, {"type": "Feature", "geometry": {"type": "Polygon", "coordinates": [[[-93.9813, 50.9667], [-93.9813, 50.9708], [-93.9875, 50.9708], [-93.9875, 50.9667], [-93.9813, 50.9667]]]}, "properties": {"company_id": "gold-finder-resources", "jurisdiction": "Ontario", "claim_id": "536789", "claim_name": null, "holder": "(100) GOLD FINDER RESOURCES LTD.", "status": "Active", "recorded_date": "2018-12-15", "anniversary_or_expiry": "2027-12-15", "area_ha": null, "tenure_type": "Single Cell Mining Claim", "source": "Ontario MLAS operational claims (OGSEarth / LIO MapServer). Unofficial viewing data, not legal title.", "as_of": "2026-09-20", "role": "focus", "color": "#e8b040"}}, {"type": "Feature", "geometry": {"type": "Polygon", "coordinates": [[[-93.975, 50.9667], [-93.975, 50.9708], [-93.9813, 50.9708], [-93.9813, 50.9667], [-93.975, 50.9667]]]}, "properties": {"company_id": "gold-finder-resources", "jurisdiction": "Ontario", "claim_id": "536790", "claim_name": null, "holder": "(100) GOLD FINDER RESOURCES LTD.", "status": "Active", "recorded_date": "2018-12-15", "anniversary_or_expiry": "2027-12-15", "area_ha": null, "tenure_type": "Single Cell Mining Claim", "source": "Ontario MLAS operational claims (OGSEarth / LIO MapServer). Unofficial viewing data, not legal title.", "as_of": "2026-09-20", "role": "focus", "color": "#e8b040"}}, {"type": "Feature", "geometry": {"type": "Polygon", "coordinates": [[[-93.9688, 50.9667], [-93.9688, 50.9708], [-93.975, 50.9708], [-93.975, 50.9667], [-93.9688, 50.9667]]]}, "properties": {"company_id": "gold-finder-resources", "jurisdiction": "Ontario", "claim_id": "536791", "claim_name": null, "holder": "(100) GOLD FINDER RESOURCES LTD.", "status": "Active", "recorded_date": "2018-12-15", "anniversary_or_expiry": "2027-12-15", "area_ha": null, "tenure_type": "Single Cell Mining Claim", "source": "Ontario MLAS operational claims (OGSEarth / LIO MapServer). Unofficial viewing data, not legal title.", "as_of": "2026-09-20", "role": "focus", "color": "#e8b040"}}, {"type": "Feature", "geometry": {"type": "Polygon", "coordinates": [[[-93.9813, 50.9625], [-93.9813, 50.9667], [-93.9875, 50.9667], [-93.9875, 50.9625], [-93.9813, 50.9625]]]}, "properties": {"company_id": "gold-finder-resources", "jurisdiction": "Ontario", "claim_id": "536792", "claim_name": null, "holder": "(100) GOLD FINDER RESOURCES LTD.", "status": "Active", "recorded_date": "2018-12-15", "anniversary_or_expiry": "2027-12-15", "area_ha": null, "tenure_type": "Single Cell Mining Claim", "source": "Ontario MLAS operational claims (OGSEarth / LIO MapServer). Unofficial viewing data, not legal title.", "as_of": "2026-09-20", "role": "focus", "color": "#e8b040"}}, {"type": "Feature", "geometry": {"type": "Polygon", "coordinates": [[[-93.975, 50.9625], [-93.975, 50.9667], [-93.9813, 50.9667], [-93.9813, 50.9625], [-93.975, 50.9625]]]}, "properties": {"company_id": "gold-finder-resources", "jurisdiction": "Ontario", "claim_id": "536793", "claim_name": null, "holder": "(100) GOLD FINDER RESOURCES LTD.", "status": "Active", "recorded_date": "2018-12-15", "anniversary_or_expiry": "2027-12-15", "area_ha": null, "tenure_type": "Single Cell Mining Claim", "source": "Ontario MLAS operational claims (OGSEarth / LIO MapServer). Unofficial viewing data, not legal title.", "as_of": "2026-09-20", "role": "focus", "color": "#e8b040"}}, {"type": "Feature", "geometry": {"type": "Polygon", "coordinates": [[[-93.9688, 50.9625], [-93.9688, 50.9667], [-93.975, 50.9667], [-93.975, 50.9625], [-93.9688, 50.9625]]]}, "properties": {"company_id": "gold-finder-resources", "jurisdiction": "Ontario", "claim_id": "536794", "claim_name": null, "holder": "(100) GOLD FINDER RESOURCES LTD.", "status": "Active", "recorded_date": "2018-12-15", "anniversary_or_expiry": "2027-12-15", "area_ha": null, "tenure_type": "Single Cell Mining Claim", "source": "Ontario MLAS operational claims (OGSEarth / LIO MapServer). Unofficial viewing data, not legal title.", "as_of": "2026-09-20", "role": "focus", "color": "#e8b040"}}, {"type": "Feature", "geometry": {"type": "Polygon", "coordinates": [[[-93.9813, 50.9583], [-93.9813, 50.9625], [-93.9875, 50.9625], [-93.9875, 50.9583], [-93.9813, 50.9583]]]}, "properties": {"company_id": "gold-finder-resources", "jurisdiction": "Ontario", "claim_id": "536795", "claim_name": null, "holder": "(100) GOLD FINDER RESOURCES LTD.", "status": "Active", "recorded_date": "2018-12-15", "anniversary_or_expiry": "2027-12-15", "area_ha": null, "tenure_type": "Single Cell Mining Claim", "source": "Ontario MLAS operational claims (OGSEarth / LIO MapServer). Unofficial viewing data, not legal title.", "as_of": "2026-09-20", "role": "focus", "color": "#e8b040"}}, {"type": "Feature", "geometry": {"type": "Polygon", "coordinates": [[[-93.975, 50.9583], [-93.975, 50.9625], [-93.9813, 50.9625], [-93.9813, 50.9583], [-93.975, 50.9583]]]}, "properties": {"company_id": "gold-finder-resources", "jurisdiction": "Ontario", "claim_id": "536796", "claim_name": null, "holder": "(100) GOLD FINDER RESOURCES LTD.", "status": "Active", "recorded_date": "2018-12-15", "anniversary_or_expiry": "2027-12-15", "area_ha": null, "tenure_type": "Single Cell Mining Claim", "source": "Ontario MLAS operational claims (OGSEarth / LIO MapServer). Unofficial viewing data, not legal title.", "as_of": "2026-09-20", "role": "focus", "color": "#e8b040"}}, {"type": "Feature", "geometry": {"type": "Polygon", "coordinates": [[[-93.9688, 50.9583], [-93.9688, 50.9625], [-93.975, 50.9625], [-93.975, 50.9583], [-93.9688, 50.9583]]]}, "properties": {"company_id": "gold-finder-resources", "jurisdiction": "Ontario", "claim_id": "536797", "claim_name": null, "holder": "(100) GOLD FINDER RESOURCES LTD.", "status": "Active", "recorded_date": "2018-12-15", "anniversary_or_expiry": "2027-12-15", "area_ha": null, "tenure_type": "Single Cell Mining Claim", "source": "Ontario MLAS operational claims (OGSEarth / LIO MapServer). Unofficial viewing data, not legal title.", "as_of": "2026-09-20", "role": "focus", "color": "#e8b040"}}, {"type": "Feature", "geometry": {"type": "Polygon", "coordinates": [[[-93.4938, 50.8], [-93.4875, 50.8], [-93.4875, 50.8042], [-93.4625, 50.8042], [-93.4625, 50.8], [-93.4375, 50.8], [-93.4375, 50.8083], [-93.475, 50.8083], [-93.475, 50.8125], [-93.4813, 50.8125], [-93.4813, 50.8083], [-93.4938, 50.8083], [-93.4938, 50.8042], [-93.5, 50.8042], [-93.5, 50.8], [-93.4938, 50.8]]]}, "properties": {"company_id": "gold-finder-resources", "jurisdiction": "Ontario", "claim_id": "541647", "claim_name": null, "holder": "(40) GOLD FINDER RESOURCES LTD., (60) BTU Metals Corp.", "status": "Active", "recorded_date": "2019-02-10", "anniversary_or_expiry": "2029-02-10", "area_ha": null, "tenure_type": "Multi-cell Mining Claim", "source": "Ontario MLAS operational claims (OGSEarth / LIO MapServer). Unofficial viewing data, not legal title.", "as_of": "2026-09-20", "role": "focus", "color": "#e8b040"}}, {"type": "Feature", "geometry": {"type": "Polygon", "coordinates": [[[-93.4375, 50.8042], [-93.4375, 50.8], [-93.425, 50.8], [-93.425, 50.7917], [-93.4, 50.7917], [-93.4, 50.8083], [-93.4375, 50.8083], [-93.4375, 50.8042]]]}, "properties": {"company_id": "gold-finder-resources", "jurisdiction": "Ontario", "claim_id": "541651", "claim_name": null, "holder": "(40) GOLD FINDER RESOURCES LTD., (60) BTU Metals Corp.", "status": "Active", "recorded_date": "2019-02-10", "anniversary_or_expiry": "2029-02-10", "area_ha": null, "tenure_type": "Multi-cell Mining Claim", "source": "Ontario MLAS operational claims (OGSEarth / LIO MapServer). Unofficial viewing data, not legal title.", "as_of": "2026-09-20", "role": "focus", "color": "#e8b040"}}, {"type": "Feature", "geometry": {"type": "Polygon", "coordinates": [[[-93.425, 50.7708], [-93.4, 50.7708], [-93.4, 50.7917], [-93.425, 50.7917], [-93.425, 50.775], [-93.4313, 50.775], [-93.4313, 50.7708], [-93.425, 50.7708]]]}, "properties": {"company_id": "gold-finder-resources", "jurisdiction": "Ontario", "claim_id": "541652", "claim_name": null, "holder": "(40) GOLD FINDER RESOURCES LTD., (60) BTU Metals Corp.", "status": "Active", "recorded_date": "2019-02-10", "anniversary_or_expiry": "2029-02-10", "area_ha": null, "tenure_type": "Multi-cell Mining Claim", "source": "Ontario MLAS operational claims (OGSEarth / LIO MapServer). Unofficial viewing data, not legal title.", "as_of": "2026-09-20", "role": "focus", "color": "#e8b040"}}, {"type": "Feature", "geometry": {"type": "Polygon", "coordinates": [[[-93.4438, 50.7583], [-93.4375, 50.7583], [-93.4375, 50.7625], [-93.425, 50.7625], [-93.425, 50.7667], [-93.4188, 50.7667], [-93.4188, 50.7583], [-93.3875, 50.7583], [-93.3875, 50.7708], [-93.4375, 50.7708], [-93.4375, 50.7667], [-93.4438, 50.7667], [-93.4438, 50.7625], [-93.45, 50.7625], [-93.45, 50.7583], [-93.4438, 50.7583]]]}, "properties": {"company_id": "gold-finder-resources", "jurisdiction": "Ontario", "claim_id": "541653", "claim_name": null, "holder": "(40) GOLD FINDER RESOURCES LTD., (60) BTU Metals Corp.", "status": "Active", "recorded_date": "2019-02-10", "anniversary_or_expiry": "2029-02-10", "area_ha": null, "tenure_type": "Multi-cell Mining Claim", "source": "Ontario MLAS operational claims (OGSEarth / LIO MapServer). Unofficial viewing data, not legal title.", "as_of": "2026-09-20", "role": "focus", "color": "#e8b040"}}, {"type": "Feature", "geometry": {"type": "Polygon", "coordinates": [[[-94.2313, 51.0833], [-94.2313, 51.0875], [-94.2375, 51.0875], [-94.2375, 51.0833], [-94.2313, 51.0833]]]}, "properties": {"company_id": "gold-finder-resources", "jurisdiction": "Ontario", "claim_id": "542251", "claim_name": null, "holder": "(100) GOLD FINDER RESOURCES LTD.", "status": "Active", "recorded_date": "2019-02-15", "anniversary_or_expiry": "2027-02-15", "area_ha": null, "tenure_type": "Single Cell Mining Claim", "source": "Ontario MLAS operational claims (OGSEarth / LIO MapServer). Unofficial viewing data, not legal title.", "as_of": "2026-09-20", "role": "focus", "color": "#e8b040"}}, {"type": "Feature", "geometry": {"type": "Polygon", "coordinates": [[[-94.2375, 51.0833], [-94.2375, 51.0875], [-94.2438, 51.0875], [-94.2438, 51.0833], [-94.2375, 51.0833]]]}, "properties": {"company_id": "gold-finder-resources", "jurisdiction": "Ontario", "claim_id": "542252", "claim_name": null, "holder": "(100) GOLD FINDER RESOURCES LTD.", "status": "Active", "recorded_date": "2019-02-15", "anniversary_or_expiry": "2027-02-15", "area_ha": null, "tenure_type": "Single Cell Mining Claim", "source": "Ontario MLAS operational claims (OGSEarth / LIO MapServer). Unofficial viewing data, not legal title.", "as_of": "2026-09-20", "role": "focus", "color": "#e8b040"}}, {"type": "Feature", "geometry": {"type": "Polygon", "coordinates": [[[-94.2438, 51.0833], [-94.2438, 51.0875], [-94.25, 51.0875], [-94.25, 51.0833], [-94.2438, 51.0833]]]}, "properties": {"company_id": "gold-finder-resources", "jurisdiction": "Ontario", "claim_id": "542253", "claim_name": null, "holder": "(100) GOLD FINDER RESOURCES LTD.", "status": "Active", "recorded_date": "2019-02-15", "anniversary_or_expiry": "2027-02-15", "area_ha": null, "tenure_type": "Single Cell Mining Claim", "source": "Ontario MLAS operational claims (OGSEarth / LIO MapServer). Unofficial viewing data, not legal title.", "as_of": "2026-09-20", "role": "focus", "color": "#e8b040"}}, {"type": "Feature", "geometry": {"type": "Polygon", "coordinates": [[[-94.225, 51.0833], [-94.225, 51.0875], [-94.2313, 51.0875], [-94.2313, 51.0833], [-94.225, 51.0833]]]}, "properties": {"company_id": "gold-finder-resources", "jurisdiction": "Ontario", "claim_id": "542254", "claim_name": null, "holder": "(100) GOLD FINDER RESOURCES LTD.", "status": "Active", "recorded_date": "2019-02-15", "anniversary_or_expiry": "2027-02-15", "area_ha": null, "tenure_type": "Single Cell Mining Claim", "source": "Ontario MLAS operational claims (OGSEarth / LIO MapServer). Unofficial viewing data, not legal title.", "as_of": "2026-09-20", "role": "focus", "color": "#e8b040"}}, {"type": "Feature", "geometry": {"type": "Polygon", "coordinates": [[[-94.3313, 51.075], [-94.3313, 51.0708], [-94.3125, 51.0708], [-94.3125, 51.075], [-94.325, 51.075], [-94.325, 51.0792], [-94.3313, 51.0792], [-94.3313, 51.075]]]}, "properties": {"company_id": "gold-finder-resources", "jurisdiction": "Ontario", "claim_id": "543443", "claim_name": null, "holder": "(100) GOLD FINDER RESOURCES LTD.", "status": "Active", "recorded_date": "2019-02-23", "anniversary_or_expiry": "2027-02-23", "area_ha": null, "tenure_type": "Multi-cell Mining Claim", "source": "Ontario MLAS operational claims (OGSEarth / LIO MapServer). Unofficial viewing data, not legal title.", "as_of": "2026-09-20", "role": "focus", "color": "#e8b040"}}, {"type": "Feature", "geometry": {"type": "Polygon", "coordinates": [[[-94.2875, 51.0792], [-94.2813, 51.0792], [-94.2813, 51.0833], [-94.2938, 51.0833], [-94.2938, 51.0792], [-94.2875, 51.0792]]]}, "properties": {"company_id": "gold-finder-resources", "jurisdiction": "Ontario", "claim_id": "543444", "claim_name": null, "holder": "(100) GOLD FINDER RESOURCES LTD.", "status": "Active", "recorded_date": "2019-02-23", "anniversary_or_expiry": "2027-02-23", "area_ha": null, "tenure_type": "Multi-cell Mining Claim", "source": "Ontario MLAS operational claims (OGSEarth / LIO MapServer). Unofficial viewing data, not legal title.", "as_of": "2026-09-20", "role": "focus", "color": "#e8b040"}}, {"type": "Feature", "geometry": {"type": "Polygon", "coordinates": [[[-94.325, 51.0792], [-94.3188, 51.0792], [-94.3188, 51.0833], [-94.3313, 51.0833], [-94.3313, 51.0792], [-94.325, 51.0792]]]}, "properties": {"company_id": "gold-finder-resources", "jurisdiction": "Ontario", "claim_id": "543445", "claim_name": null, "holder": "(100) GOLD FINDER RESOURCES LTD.", "status": "Active", "recorded_date": "2019-02-23", "anniversary_or_expiry": "2027-02-23", "area_ha": null, "tenure_type": "Multi-cell Mining Claim", "source": "Ontario MLAS operational claims (OGSEarth / LIO MapServer). Unofficial viewing data, not legal title.", "as_of": "2026-09-20", "role": "focus", "color": "#e8b040"}}, {"type": "Feature", "geometry": {"type": "Polygon", "coordinates": [[[-91.5063, 51.1875], [-91.5063, 51.1833], [-91.475, 51.1833], [-91.475, 51.2042], [-91.5063, 51.2042], [-91.5063, 51.1875]]]}, "properties": {"company_id": "gold-finder-resources", "jurisdiction": "Ontario", "claim_id": "549461", "claim_name": null, "holder": "(100) GOLD FINDER RESOURCES LTD.", "status": "Active", "recorded_date": "2019-05-08", "anniversary_or_expiry": "2027-05-26", "area_ha": null, "tenure_type": "Multi-cell Mining Claim", "source": "Ontario MLAS operational claims (OGSEarth / LIO MapServer). Unofficial viewing data, not legal title.", "as_of": "2026-09-20", "role": "focus", "color": "#e8b040"}}, {"type": "Feature", "geometry": {"type": "Polygon", "coordinates": [[[-91.5063, 51.1708], [-91.5063, 51.1667], [-91.475, 51.1667], [-91.475, 51.1833], [-91.5063, 51.1833], [-91.5063, 51.1708]]]}, "properties": {"company_id": "gold-finder-resources", "jurisdiction": "Ontario", "claim_id": "549462", "claim_name": null, "holder": "(100) GOLD FINDER RESOURCES LTD.", "status": "Active", "recorded_date": "2019-05-08", "anniversary_or_expiry": "2027-05-26", "area_ha": null, "tenure_type": "Multi-cell Mining Claim", "source": "Ontario MLAS operational claims (OGSEarth / LIO MapServer). Unofficial viewing data, not legal title.", "as_of": "2026-09-20", "role": "focus", "color": "#e8b040"}}, {"type": "Feature", "geometry": {"type": "Polygon", "coordinates": [[[-91.475, 51.1708], [-91.475, 51.1667], [-91.4563, 51.1667], [-91.4563, 51.175], [-91.4375, 51.175], [-91.4375, 51.1792], [-91.4313, 51.1792], [-91.4313, 51.1833], [-91.475, 51.1833], [-91.475, 51.1708]]]}, "properties": {"company_id": "gold-finder-resources", "jurisdiction": "Ontario", "claim_id": "549463", "claim_name": null, "holder": "(100) GOLD FINDER RESOURCES LTD.", "status": "Active", "recorded_date": "2019-05-08", "anniversary_or_expiry": "2027-05-26", "area_ha": null, "tenure_type": "Multi-cell Mining Claim", "source": "Ontario MLAS operational claims (OGSEarth / LIO MapServer). Unofficial viewing data, not legal title.", "as_of": "2026-09-20", "role": "focus", "color": "#e8b040"}}, {"type": "Feature", "geometry": {"type": "Polygon", "coordinates": [[[-91.55, 51.1958], [-91.55, 51.1917], [-91.5188, 51.1917], [-91.5188, 51.2083], [-91.55, 51.2083], [-91.55, 51.1958]]]}, "properties": {"company_id": "gold-finder-resources", "jurisdiction": "Ontario", "claim_id": "549464", "claim_name": null, "holder": "(100) GOLD FINDER RESOURCES LTD.", "status": "Active", "recorded_date": "2019-05-08", "anniversary_or_expiry": "2027-05-26", "area_ha": null, "tenure_type": "Multi-cell Mining Claim", "source": "Ontario MLAS operational claims (OGSEarth / LIO MapServer). Unofficial viewing data, not legal title.", "as_of": "2026-09-20", "role": "focus", "color": "#e8b040"}}, {"type": "Feature", "geometry": {"type": "Polygon", "coordinates": [[[-91.525, 51.1708], [-91.525, 51.1667], [-91.5063, 51.1667], [-91.5063, 51.2042], [-91.5125, 51.2042], [-91.5125, 51.2083], [-91.5188, 51.2083], [-91.5188, 51.175], [-91.525, 51.175], [-91.525, 51.1708]]]}, "properties": {"company_id": "gold-finder-resources", "jurisdiction": "Ontario", "claim_id": "549465", "claim_name": null, "holder": "(100) GOLD FINDER RESOURCES LTD.", "status": "Active", "recorded_date": "2019-05-08", "anniversary_or_expiry": "2027-05-26", "area_ha": null, "tenure_type": "Multi-cell Mining Claim", "source": "Ontario MLAS operational claims (OGSEarth / LIO MapServer). Unofficial viewing data, not legal title.", "as_of": "2026-09-20", "role": "focus", "color": "#e8b040"}}, {"type": "Feature", "geometry": {"type": "Polygon", "coordinates": [[[-91.5563, 51.1958], [-91.5563, 51.1917], [-91.55, 51.1917], [-91.55, 51.2], [-91.5563, 51.2], [-91.5563, 51.1958]]]}, "properties": {"company_id": "gold-finder-resources", "jurisdiction": "Ontario", "claim_id": "551031", "claim_name": null, "holder": "(100) GOLD FINDER RESOURCES LTD.", "status": "Active", "recorded_date": "2019-06-04", "anniversary_or_expiry": "2027-06-04", "area_ha": null, "tenure_type": "Multi-cell Mining Claim", "source": "Ontario MLAS operational claims (OGSEarth / LIO MapServer). Unofficial viewing data, not legal title.", "as_of": "2026-09-20", "role": "focus", "color": "#e8b040"}}, {"type": "Feature", "geometry": {"type": "Polygon", "coordinates": [[[-93.9813, 50.9792], [-93.9813, 50.975], [-93.975, 50.975], [-93.975, 50.9792], [-93.9625, 50.9792], [-93.9625, 50.9833], [-93.9813, 50.9833], [-93.9813, 50.9792]]]}, "properties": {"company_id": "gold-finder-resources", "jurisdiction": "Ontario", "claim_id": "552716", "claim_name": null, "holder": "(100) GOLD FINDER RESOURCES LTD.", "status": "Active", "recorded_date": "2019-06-28", "anniversary_or_expiry": "2027-06-28", "area_ha": null, "tenure_type": "Multi-cell Mining Claim", "source": "Ontario MLAS operational claims (OGSEarth / LIO MapServer). Unofficial viewing data, not legal title.", "as_of": "2026-09-20", "role": "focus", "color": "#e8b040"}}, {"type": "Feature", "geometry": {"type": "Polygon", "coordinates": [[[-93.475, 50.7917], [-93.475, 50.7875], [-93.45, 50.7875], [-93.45, 50.7958], [-93.425, 50.7958], [-93.425, 50.8], [-93.475, 50.8], [-93.475, 50.7917]]]}, "properties": {"company_id": "gold-finder-resources", "jurisdiction": "Ontario", "claim_id": "554406", "claim_name": null, "holder": "(40) GOLD FINDER RESOURCES LTD., (60) BTU Metals Corp.", "status": "Active", "recorded_date": "2019-07-16", "anniversary_or_expiry": "2028-07-16", "area_ha": null, "tenure_type": "Multi-cell Mining Claim", "source": "Ontario MLAS operational claims (OGSEarth / LIO MapServer). Unofficial viewing data, not legal title.", "as_of": "2026-09-20", "role": "focus", "color": "#e8b040"}}, {"type": "Feature", "geometry": {"type": "Polygon", "coordinates": [[[-93.4625, 50.75], [-93.4625, 50.7458], [-93.45, 50.7458], [-93.45, 50.7625], [-93.4625, 50.7625], [-93.4625, 50.75]]]}, "properties": {"company_id": "gold-finder-resources", "jurisdiction": "Ontario", "claim_id": "554407", "claim_name": null, "holder": "(40) GOLD FINDER RESOURCES LTD., (60) BTU Metals Corp.", "status": "Active", "recorded_date": "2019-07-16", "anniversary_or_expiry": "2028-07-16", "area_ha": null, "tenure_type": "Multi-cell Mining Claim", "source": "Ontario MLAS operational claims (OGSEarth / LIO MapServer). Unofficial viewing data, not legal title.", "as_of": "2026-09-20", "role": "focus", "color": "#e8b040"}}, {"type": "Feature", "geometry": {"type": "Polygon", "coordinates": [[[-93.5125, 50.775], [-93.5063, 50.775], [-93.5063, 50.7833], [-93.5, 50.7833], [-93.5, 50.7875], [-93.475, 50.7875], [-93.475, 50.8], [-93.4625, 50.8], [-93.4625, 50.8042], [-93.4875, 50.8042], [-93.4875, 50.8], [-93.5063, 50.8], [-93.5063, 50.7875], [-93.5125, 50.7875], [-93.5125, 50.7792], [-93.5188, 50.7792], [-93.5188, 50.775], [-93.5125, 50.775]]]}, "properties": {"company_id": "gold-finder-resources", "jurisdiction": "Ontario", "claim_id": "554408", "claim_name": null, "holder": "(40) GOLD FINDER RESOURCES LTD., (60) BTU Metals Corp.", "status": "Active", "recorded_date": "2019-07-16", "anniversary_or_expiry": "2028-07-16", "area_ha": null, "tenure_type": "Multi-cell Mining Claim", "source": "Ontario MLAS operational claims (OGSEarth / LIO MapServer). Unofficial viewing data, not legal title.", "as_of": "2026-09-20", "role": "focus", "color": "#e8b040"}}, {"type": "Feature", "geometry": {"type": "Polygon", "coordinates": [[[-94.2625, 51.0833], [-94.2625, 51.0875], [-94.2688, 51.0875], [-94.2688, 51.0833], [-94.2625, 51.0833]]]}, "properties": {"company_id": "gold-finder-resources", "jurisdiction": "Ontario", "claim_id": "556536", "claim_name": null, "holder": "(100) GOLD FINDER RESOURCES LTD.", "status": "Active", "recorded_date": "2019-08-29", "anniversary_or_expiry": "2027-08-29", "area_ha": null, "tenure_type": "Single Cell Mining Claim", "source": "Ontario MLAS operational claims (OGSEarth / LIO MapServer). Unofficial viewing data, not legal title.", "as_of": "2026-09-20", "role": "focus", "color": "#e8b040"}}, {"type": "Feature", "geometry": {"type": "Polygon", "coordinates": [[[-94.2563, 51.0833], [-94.2563, 51.0875], [-94.2625, 51.0875], [-94.2625, 51.0833], [-94.2563, 51.0833]]]}, "properties": {"company_id": "gold-finder-resources", "jurisdiction": "Ontario", "claim_id": "556537", "claim_name": null, "holder": "(100) GOLD FINDER RESOURCES LTD.", "status": "Active", "recorded_date": "2019-08-29", "anniversary_or_expiry": "2027-08-29", "area_ha": null, "tenure_type": "Single Cell Mining Claim", "source": "Ontario MLAS operational claims (OGSEarth / LIO MapServer). Unofficial viewing data, not legal title.", "as_of": "2026-09-20", "role": "focus", "color": "#e8b040"}}, {"type": "Feature", "geometry": {"type": "Polygon", "coordinates": [[[-94.25, 51.0833], [-94.25, 51.0875], [-94.2563, 51.0875], [-94.2563, 51.0833], [-94.25, 51.0833]]]}, "properties": {"company_id": "gold-finder-resources", "jurisdiction": "Ontario", "claim_id": "556538", "claim_name": null, "holder": "(100) GOLD FINDER RESOURCES LTD.", "status": "Active", "recorded_date": "2019-08-29", "anniversary_or_expiry": "2027-08-29", "area_ha": null, "tenure_type": "Single Cell Mining Claim", "source": "Ontario MLAS operational claims (OGSEarth / LIO MapServer). Unofficial viewing data, not legal title.", "as_of": "2026-09-20", "role": "focus", "color": "#e8b040"}}, {"type": "Feature", "geometry": {"type": "Polygon", "coordinates": [[[-94.0563, 50.95], [-94.0563, 50.9542], [-94.0625, 50.9542], [-94.0625, 50.95], [-94.0563, 50.95]]]}, "properties": {"company_id": "gold-finder-resources", "jurisdiction": "Ontario", "claim_id": "557291", "claim_name": null, "holder": "(100) GOLD FINDER RESOURCES LTD.", "status": "Active", "recorded_date": "2019-09-08", "anniversary_or_expiry": "2027-09-08", "area_ha": null, "tenure_type": "Single Cell Mining Claim", "source": "Ontario MLAS operational claims (OGSEarth / LIO MapServer). Unofficial viewing data, not legal title.", "as_of": "2026-09-20", "role": "focus", "color": "#e8b040"}}, {"type": "Feature", "geometry": {"type": "Polygon", "coordinates": [[[-94.0313, 50.95], [-94.0313, 50.9542], [-94.0375, 50.9542], [-94.0375, 50.95], [-94.0313, 50.95]]]}, "properties": {"company_id": "gold-finder-resources", "jurisdiction": "Ontario", "claim_id": "557292", "claim_name": null, "holder": "(100) GOLD FINDER RESOURCES LTD.", "status": "Active", "recorded_date": "2019-09-08", "anniversary_or_expiry": "2027-09-08", "area_ha": null, "tenure_type": "Single Cell Mining Claim", "source": "Ontario MLAS operational claims (OGSEarth / LIO MapServer). Unofficial viewing data, not legal title.", "as_of": "2026-09-20", "role": "focus", "color": "#e8b040"}}, {"type": "Feature", "geometry": {"type": "Polygon", "coordinates": [[[-94.0188, 50.95], [-94.0188, 50.9542], [-94.025, 50.9542], [-94.025, 50.95], [-94.0188, 50.95]]]}, "properties": {"company_id": "gold-finder-resources", "jurisdiction": "Ontario", "claim_id": "557293", "claim_name": null, "holder": "(100) GOLD FINDER RESOURCES LTD.", "status": "Active", "recorded_date": "2019-09-08", "anniversary_or_expiry": "2027-09-08", "area_ha": null, "tenure_type": "Single Cell Mining Claim", "source": "Ontario MLAS operational claims (OGSEarth / LIO MapServer). Unofficial viewing data, not legal title.", "as_of": "2026-09-20", "role": "focus", "color": "#e8b040"}}, {"type": "Feature", "geometry": {"type": "Polygon", "coordinates": [[[-93.9938, 50.95], [-93.9938, 50.9542], [-94.0, 50.9542], [-94.0, 50.95], [-93.9938, 50.95]]]}, "properties": {"company_id": "gold-finder-resources", "jurisdiction": "Ontario", "claim_id": "557294", "claim_name": null, "holder": "(100) GOLD FINDER RESOURCES LTD.", "status": "Active", "recorded_date": "2019-09-08", "anniversary_or_expiry": "2027-09-08", "area_ha": null, "tenure_type": "Single Cell Mining Claim", "source": "Ontario MLAS operational claims (OGSEarth / LIO MapServer). Unofficial viewing data, not legal title.", "as_of": "2026-09-20", "role": "focus", "color": "#e8b040"}}, {"type": "Feature", "geometry": {"type": "Polygon", "coordinates": [[[-94.025, 50.95], [-94.025, 50.9542], [-94.0313, 50.9542], [-94.0313, 50.95], [-94.025, 50.95]]]}, "properties": {"company_id": "gold-finder-resources", "jurisdiction": "Ontario", "claim_id": "557295", "claim_name": null, "holder": "(100) GOLD FINDER RESOURCES LTD.", "status": "Active", "recorded_date": "2019-09-08", "anniversary_or_expiry": "2027-09-08", "area_ha": null, "tenure_type": "Single Cell Mining Claim", "source": "Ontario MLAS operational claims (OGSEarth / LIO MapServer). Unofficial viewing data, not legal title.", "as_of": "2026-09-20", "role": "focus", "color": "#e8b040"}}, {"type": "Feature", "geometry": {"type": "Polygon", "coordinates": [[[-94.0063, 50.95], [-94.0063, 50.9542], [-94.0125, 50.9542], [-94.0125, 50.95], [-94.0063, 50.95]]]}, "properties": {"company_id": "gold-finder-resources", "jurisdiction": "Ontario", "claim_id": "557296", "claim_name": null, "holder": "(100) GOLD FINDER RESOURCES LTD.", "status": "Active", "recorded_date": "2019-09-08", "anniversary_or_expiry": "2027-09-08", "area_ha": null, "tenure_type": "Single Cell Mining Claim", "source": "Ontario MLAS operational claims (OGSEarth / LIO MapServer). Unofficial viewing data, not legal title.", "as_of": "2026-09-20", "role": "focus", "color": "#e8b040"}}, {"type": "Feature", "geometry": {"type": "Polygon", "coordinates": [[[-94.0438, 50.95], [-94.0438, 50.9542], [-94.05, 50.9542], [-94.05, 50.95], [-94.0438, 50.95]]]}, "properties": {"company_id": "gold-finder-resources", "jurisdiction": "Ontario", "claim_id": "557297", "claim_name": null, "holder": "(100) GOLD FINDER RESOURCES LTD.", "status": "Active", "recorded_date": "2019-09-08", "anniversary_or_expiry": "2027-09-08", "area_ha": null, "tenure_type": "Single Cell Mining Claim", "source": "Ontario MLAS operational claims (OGSEarth / LIO MapServer). Unofficial viewing data, not legal title.", "as_of": "2026-09-20", "role": "focus", "color": "#e8b040"}}, {"type": "Feature", "geometry": {"type": "Polygon", "coordinates": [[[-94.0375, 50.95], [-94.0375, 50.9542], [-94.0438, 50.9542], [-94.0438, 50.95], [-94.0375, 50.95]]]}, "properties": {"company_id": "gold-finder-resources", "jurisdiction": "Ontario", "claim_id": "557298", "claim_name": null, "holder": "(100) GOLD FINDER RESOURCES LTD.", "status": "Active", "recorded_date": "2019-09-08", "anniversary_or_expiry": "2027-09-08", "area_ha": null, "tenure_type": "Single Cell Mining Claim", "source": "Ontario MLAS operational claims (OGSEarth / LIO MapServer). Unofficial viewing data, not legal title.", "as_of": "2026-09-20", "role": "focus", "color": "#e8b040"}}, {"type": "Feature", "geometry": {"type": "Polygon", "coordinates": [[[-94.0688, 50.95], [-94.0688, 50.9542], [-94.075, 50.9542], [-94.075, 50.95], [-94.0688, 50.95]]]}, "properties": {"company_id": "gold-finder-resources", "jurisdiction": "Ontario", "claim_id": "557299", "claim_name": null, "holder": "(100) GOLD FINDER RESOURCES LTD.", "status": "Active", "recorded_date": "2019-09-08", "anniversary_or_expiry": "2027-09-08", "area_ha": null, "tenure_type": "Single Cell Mining Claim", "source": "Ontario MLAS operational claims (OGSEarth / LIO MapServer). Unofficial viewing data, not legal title.", "as_of": "2026-09-20", "role": "focus", "color": "#e8b040"}}, {"type": "Feature", "geometry": {"type": "Polygon", "coordinates": [[[-94.0625, 50.95], [-94.0625, 50.9542], [-94.0688, 50.9542], [-94.0688, 50.95], [-94.0625, 50.95]]]}, "properties": {"company_id": "gold-finder-resources", "jurisdiction": "Ontario", "claim_id": "557300", "claim_name": null, "holder": "(100) GOLD FINDER RESOURCES LTD.", "status": "Active", "recorded_date": "2019-09-08", "anniversary_or_expiry": "2027-09-08", "area_ha": null, "tenure_type": "Single Cell Mining Claim", "source": "Ontario MLAS operational claims (OGSEarth / LIO MapServer). Unofficial viewing data, not legal title.", "as_of": "2026-09-20", "role": "focus", "color": "#e8b040"}}, {"type": "Feature", "geometry": {"type": "Polygon", "coordinates": [[[-94.05, 50.95], [-94.05, 50.9542], [-94.0563, 50.9542], [-94.0563, 50.95], [-94.05, 50.95]]]}, "properties": {"company_id": "gold-finder-resources", "jurisdiction": "Ontario", "claim_id": "557301", "claim_name": null, "holder": "(100) GOLD FINDER RESOURCES LTD.", "status": "Active", "recorded_date": "2019-09-08", "anniversary_or_expiry": "2027-09-08", "area_ha": null, "tenure_type": "Single Cell Mining Claim", "source": "Ontario MLAS operational claims (OGSEarth / LIO MapServer). Unofficial viewing data, not legal title.", "as_of": "2026-09-20", "role": "focus", "color": "#e8b040"}}, {"type": "Feature", "geometry": {"type": "Polygon", "coordinates": [[[-94.0125, 50.95], [-94.0125, 50.9542], [-94.0188, 50.9542], [-94.0188, 50.95], [-94.0125, 50.95]]]}, "properties": {"company_id": "gold-finder-resources", "jurisdiction": "Ontario", "claim_id": "557302", "claim_name": null, "holder": "(100) GOLD FINDER RESOURCES LTD.", "status": "Active", "recorded_date": "2019-09-08", "anniversary_or_expiry": "2027-09-08", "area_ha": null, "tenure_type": "Single Cell Mining Claim", "source": "Ontario MLAS operational claims (OGSEarth / LIO MapServer). Unofficial viewing data, not legal title.", "as_of": "2026-09-20", "role": "focus", "color": "#e8b040"}}, {"type": "Feature", "geometry": {"type": "Polygon", "coordinates": [[[-93.9875, 50.95], [-93.9875, 50.9542], [-93.9938, 50.9542], [-93.9938, 50.95], [-93.9875, 50.95]]]}, "properties": {"company_id": "gold-finder-resources", "jurisdiction": "Ontario", "claim_id": "557303", "claim_name": null, "holder": "(100) GOLD FINDER RESOURCES LTD.", "status": "Active", "recorded_date": "2019-09-08", "anniversary_or_expiry": "2027-09-08", "area_ha": null, "tenure_type": "Single Cell Mining Claim", "source": "Ontario MLAS operational claims (OGSEarth / LIO MapServer). Unofficial viewing data, not legal title.", "as_of": "2026-09-20", "role": "focus", "color": "#e8b040"}}, {"type": "Feature", "geometry": {"type": "Polygon", "coordinates": [[[-94.0, 50.95], [-94.0, 50.9542], [-94.0063, 50.9542], [-94.0063, 50.95], [-94.0, 50.95]]]}, "properties": {"company_id": "gold-finder-resources", "jurisdiction": "Ontario", "claim_id": "557304", "claim_name": null, "holder": "(100) GOLD FINDER RESOURCES LTD.", "status": "Active", "recorded_date": "2019-09-08", "anniversary_or_expiry": "2027-09-08", "area_ha": null, "tenure_type": "Single Cell Mining Claim", "source": "Ontario MLAS operational claims (OGSEarth / LIO MapServer). Unofficial viewing data, not legal title.", "as_of": "2026-09-20", "role": "focus", "color": "#e8b040"}}, {"type": "Feature", "geometry": {"type": "Polygon", "coordinates": [[[-93.3875, 50.7625], [-93.3875, 50.7583], [-93.3563, 50.7583], [-93.3563, 50.7542], [-93.3375, 50.7542], [-93.3375, 50.7667], [-93.3563, 50.7667], [-93.3563, 50.7708], [-93.3875, 50.7708], [-93.3875, 50.7625]]]}, "properties": {"company_id": "gold-finder-resources", "jurisdiction": "Ontario", "claim_id": "563093", "claim_name": null, "holder": "(40) GOLD FINDER RESOURCES LTD., (60) BTU Metals Corp.", "status": "Active", "recorded_date": "2019-10-31", "anniversary_or_expiry": "2028-10-31", "area_ha": null, "tenure_type": "Multi-cell Mining Claim", "source": "Ontario MLAS operational claims (OGSEarth / LIO MapServer). Unofficial viewing data, not legal title.", "as_of": "2026-09-20", "role": "focus", "color": "#e8b040"}}, {"type": "Feature", "geometry": {"type": "Polygon", "coordinates": [[[-94.0, 50.9542], [-94.0, 50.9583], [-94.0063, 50.9583], [-94.0063, 50.9542], [-94.0, 50.9542]]]}, "properties": {"company_id": "gold-finder-resources", "jurisdiction": "Ontario", "claim_id": "569196", "claim_name": null, "holder": "(100) GOLD FINDER RESOURCES LTD.", "status": "Active", "recorded_date": "2020-01-11", "anniversary_or_expiry": "2027-01-11", "area_ha": null, "tenure_type": "Single Cell Mining Claim", "source": "Ontario MLAS operational claims (OGSEarth / LIO MapServer). Unofficial viewing data, not legal title.", "as_of": "2026-09-20", "role": "focus", "color": "#e8b040"}}, {"type": "Feature", "geometry": {"type": "Polygon", "coordinates": [[[-93.9938, 50.9542], [-93.9938, 50.9583], [-94.0, 50.9583], [-94.0, 50.9542], [-93.9938, 50.9542]]]}, "properties": {"company_id": "gold-finder-resources", "jurisdiction": "Ontario", "claim_id": "569197", "claim_name": null, "holder": "(100) GOLD FINDER RESOURCES LTD.", "status": "Active", "recorded_date": "2020-01-11", "anniversary_or_expiry": "2027-01-11", "area_ha": null, "tenure_type": "Single Cell Mining Claim", "source": "Ontario MLAS operational claims (OGSEarth / LIO MapServer). Unofficial viewing data, not legal title.", "as_of": "2026-09-20", "role": "focus", "color": "#e8b040"}}, {"type": "Feature", "geometry": {"type": "Polygon", "coordinates": [[[-93.9875, 50.9542], [-93.9875, 50.9583], [-93.9938, 50.9583], [-93.9938, 50.9542], [-93.9875, 50.9542]]]}, "properties": {"company_id": "gold-finder-resources", "jurisdiction": "Ontario", "claim_id": "569198", "claim_name": null, "holder": "(100) GOLD FINDER RESOURCES LTD.", "status": "Active", "recorded_date": "2020-01-11", "anniversary_or_expiry": "2027-01-11", "area_ha": null, "tenure_type": "Single Cell Mining Claim", "source": "Ontario MLAS operational claims (OGSEarth / LIO MapServer). Unofficial viewing data, not legal title.", "as_of": "2026-09-20", "role": "focus", "color": "#e8b040"}}, {"type": "Feature", "geometry": {"type": "Polygon", "coordinates": [[[-94.0, 50.9583], [-94.0, 50.9625], [-94.0063, 50.9625], [-94.0063, 50.9583], [-94.0, 50.9583]]]}, "properties": {"company_id": "gold-finder-resources", "jurisdiction": "Ontario", "claim_id": "569199", "claim_name": null, "holder": "(100) GOLD FINDER RESOURCES LTD.", "status": "Active", "recorded_date": "2020-01-11", "anniversary_or_expiry": "2027-01-11", "area_ha": null, "tenure_type": "Single Cell Mining Claim", "source": "Ontario MLAS operational claims (OGSEarth / LIO MapServer). Unofficial viewing data, not legal title.", "as_of": "2026-09-20", "role": "focus", "color": "#e8b040"}}, {"type": "Feature", "geometry": {"type": "Polygon", "coordinates": [[[-93.9938, 50.9625], [-93.9938, 50.9667], [-94.0, 50.9667], [-94.0, 50.9625], [-93.9938, 50.9625]]]}, "properties": {"company_id": "gold-finder-resources", "jurisdiction": "Ontario", "claim_id": "569200", "claim_name": null, "holder": "(100) GOLD FINDER RESOURCES LTD.", "status": "Active", "recorded_date": "2020-01-11", "anniversary_or_expiry": "2027-01-11", "area_ha": null, "tenure_type": "Single Cell Mining Claim", "source": "Ontario MLAS operational claims (OGSEarth / LIO MapServer). Unofficial viewing data, not legal title.", "as_of": "2026-09-20", "role": "focus", "color": "#e8b040"}}, {"type": "Feature", "geometry": {"type": "Polygon", "coordinates": [[[-93.9938, 50.9667], [-93.9938, 50.9708], [-94.0, 50.9708], [-94.0, 50.9667], [-93.9938, 50.9667]]]}, "properties": {"company_id": "gold-finder-resources", "jurisdiction": "Ontario", "claim_id": "569201", "claim_name": null, "holder": "(100) GOLD FINDER RESOURCES LTD.", "status": "Active", "recorded_date": "2020-01-11", "anniversary_or_expiry": "2027-01-11", "area_ha": null, "tenure_type": "Single Cell Mining Claim", "source": "Ontario MLAS operational claims (OGSEarth / LIO MapServer). Unofficial viewing data, not legal title.", "as_of": "2026-09-20", "role": "focus", "color": "#e8b040"}}, {"type": "Feature", "geometry": {"type": "Polygon", "coordinates": [[[-93.9875, 50.9667], [-93.9875, 50.9708], [-93.9938, 50.9708], [-93.9938, 50.9667], [-93.9875, 50.9667]]]}, "properties": {"company_id": "gold-finder-resources", "jurisdiction": "Ontario", "claim_id": "569202", "claim_name": null, "holder": "(100) GOLD FINDER RESOURCES LTD.", "status": "Active", "recorded_date": "2020-01-11", "anniversary_or_expiry": "2027-01-11", "area_ha": null, "tenure_type": "Single Cell Mining Claim", "source": "Ontario MLAS operational claims (OGSEarth / LIO MapServer). Unofficial viewing data, not legal title.", "as_of": "2026-09-20", "role": "focus", "color": "#e8b040"}}, {"type": "Feature", "geometry": {"type": "Polygon", "coordinates": [[[-93.9875, 50.9625], [-93.9875, 50.9667], [-93.9938, 50.9667], [-93.9938, 50.9625], [-93.9875, 50.9625]]]}, "properties": {"company_id": "gold-finder-resources", "jurisdiction": "Ontario", "claim_id": "569203", "claim_name": null, "holder": "(100) GOLD FINDER RESOURCES LTD.", "status": "Active", "recorded_date": "2020-01-11", "anniversary_or_expiry": "2027-01-11", "area_ha": null, "tenure_type": "Single Cell Mining Claim", "source": "Ontario MLAS operational claims (OGSEarth / LIO MapServer). Unofficial viewing data, not legal title.", "as_of": "2026-09-20", "role": "focus", "color": "#e8b040"}}, {"type": "Feature", "geometry": {"type": "Polygon", "coordinates": [[[-93.9938, 50.9583], [-93.9938, 50.9625], [-94.0, 50.9625], [-94.0, 50.9583], [-93.9938, 50.9583]]]}, "properties": {"company_id": "gold-finder-resources", "jurisdiction": "Ontario", "claim_id": "569204", "claim_name": null, "holder": "(100) GOLD FINDER RESOURCES LTD.", "status": "Active", "recorded_date": "2020-01-11", "anniversary_or_expiry": "2027-01-11", "area_ha": null, "tenure_type": "Single Cell Mining Claim", "source": "Ontario MLAS operational claims (OGSEarth / LIO MapServer). Unofficial viewing data, not legal title.", "as_of": "2026-09-20", "role": "focus", "color": "#e8b040"}}, {"type": "Feature", "geometry": {"type": "Polygon", "coordinates": [[[-93.9875, 50.9583], [-93.9875, 50.9625], [-93.9938, 50.9625], [-93.9938, 50.9583], [-93.9875, 50.9583]]]}, "properties": {"company_id": "gold-finder-resources", "jurisdiction": "Ontario", "claim_id": "569205", "claim_name": null, "holder": "(100) GOLD FINDER RESOURCES LTD.", "status": "Active", "recorded_date": "2020-01-11", "anniversary_or_expiry": "2027-01-11", "area_ha": null, "tenure_type": "Single Cell Mining Claim", "source": "Ontario MLAS operational claims (OGSEarth / LIO MapServer). Unofficial viewing data, not legal title.", "as_of": "2026-09-20", "role": "focus", "color": "#e8b040"}}, {"type": "Feature", "geometry": {"type": "Polygon", "coordinates": [[[-94.0, 50.9625], [-94.0, 50.9667], [-94.0063, 50.9667], [-94.0063, 50.9625], [-94.0, 50.9625]]]}, "properties": {"company_id": "gold-finder-resources", "jurisdiction": "Ontario", "claim_id": "569206", "claim_name": null, "holder": "(100) GOLD FINDER RESOURCES LTD.", "status": "Active", "recorded_date": "2020-01-11", "anniversary_or_expiry": "2027-01-11", "area_ha": null, "tenure_type": "Single Cell Mining Claim", "source": "Ontario MLAS operational claims (OGSEarth / LIO MapServer). Unofficial viewing data, not legal title.", "as_of": "2026-09-20", "role": "focus", "color": "#e8b040"}}, {"type": "Feature", "geometry": {"type": "Polygon", "coordinates": [[[-94.0, 50.9667], [-94.0, 50.9708], [-94.0063, 50.9708], [-94.0063, 50.9667], [-94.0, 50.9667]]]}, "properties": {"company_id": "gold-finder-resources", "jurisdiction": "Ontario", "claim_id": "569207", "claim_name": null, "holder": "(100) GOLD FINDER RESOURCES LTD.", "status": "Active", "recorded_date": "2020-01-11", "anniversary_or_expiry": "2027-01-11", "area_ha": null, "tenure_type": "Single Cell Mining Claim", "source": "Ontario MLAS operational claims (OGSEarth / LIO MapServer). Unofficial viewing data, not legal title.", "as_of": "2026-09-20", "role": "focus", "color": "#e8b040"}}, {"type": "Feature", "geometry": {"type": "Polygon", "coordinates": [[[-91.475, 51.1875], [-91.475, 51.1833], [-91.4438, 51.1833], [-91.4438, 51.2042], [-91.475, 51.2042], [-91.475, 51.1875]]]}, "properties": {"company_id": "gold-finder-resources", "jurisdiction": "Ontario", "claim_id": "549460", "claim_name": null, "holder": "(100) GOLD FINDER RESOURCES LTD.", "status": "Active", "recorded_date": "2019-05-08", "anniversary_or_expiry": "2027-05-26", "area_ha": null, "tenure_type": "Multi-cell Mining Claim", "source": "Ontario MLAS operational claims (OGSEarth / LIO MapServer). Unofficial viewing data, not legal title.", "as_of": "2026-09-20", "role": "focus", "color": "#e8b040"}}, {"type": "Feature", "geometry": {"type": "Polygon", "coordinates": [[[-94.325, 51.0833], [-94.2875, 51.0833], [-94.2875, 51.0875], [-94.3313, 51.0875], [-94.3313, 51.0833], [-94.325, 51.0833]]]}, "properties": {"company_id": "gold-finder-resources", "jurisdiction": "Ontario", "claim_id": "581106", "claim_name": null, "holder": "(100) GOLD FINDER RESOURCES LTD.", "status": "Active", "recorded_date": "2020-03-07", "anniversary_or_expiry": "2027-03-07", "area_ha": null, "tenure_type": "Multi-cell Mining Claim", "source": "Ontario MLAS operational claims (OGSEarth / LIO MapServer). Unofficial viewing data, not legal title.", "as_of": "2026-09-20", "role": "focus", "color": "#e8b040"}}, {"type": "Feature", "geometry": {"type": "Polygon", "coordinates": [[[-93.9625, 50.975], [-93.9625, 50.9792], [-93.9688, 50.9792], [-93.9688, 50.975], [-93.9625, 50.975]]]}, "properties": {"company_id": "gold-finder-resources", "jurisdiction": "Ontario", "claim_id": "591382", "claim_name": null, "holder": "(100) GOLD FINDER RESOURCES LTD.", "status": "Active", "recorded_date": "2020-05-23", "anniversary_or_expiry": "2027-05-23", "area_ha": null, "tenure_type": "Single Cell Mining Claim", "source": "Ontario MLAS operational claims (OGSEarth / LIO MapServer). Unofficial viewing data, not legal title.", "as_of": "2026-09-20", "role": "focus", "color": "#e8b040"}}, {"type": "Feature", "geometry": {"type": "Polygon", "coordinates": [[[-93.975, 50.9708], [-93.975, 50.975], [-93.9813, 50.975], [-93.9813, 50.9708], [-93.975, 50.9708]]]}, "properties": {"company_id": "gold-finder-resources", "jurisdiction": "Ontario", "claim_id": "591383", "claim_name": null, "holder": "(100) GOLD FINDER RESOURCES LTD.", "status": "Active", "recorded_date": "2020-05-23", "anniversary_or_expiry": "2027-05-23", "area_ha": null, "tenure_type": "Single Cell Mining Claim", "source": "Ontario MLAS operational claims (OGSEarth / LIO MapServer). Unofficial viewing data, not legal title.", "as_of": "2026-09-20", "role": "focus", "color": "#e8b040"}}, {"type": "Feature", "geometry": {"type": "Polygon", "coordinates": [[[-93.9688, 50.9708], [-93.9688, 50.975], [-93.975, 50.975], [-93.975, 50.9708], [-93.9688, 50.9708]]]}, "properties": {"company_id": "gold-finder-resources", "jurisdiction": "Ontario", "claim_id": "591384", "claim_name": null, "holder": "(100) GOLD FINDER RESOURCES LTD.", "status": "Active", "recorded_date": "2020-05-23", "anniversary_or_expiry": "2027-05-23", "area_ha": null, "tenure_type": "Single Cell Mining Claim", "source": "Ontario MLAS operational claims (OGSEarth / LIO MapServer). Unofficial viewing data, not legal title.", "as_of": "2026-09-20", "role": "focus", "color": "#e8b040"}}, {"type": "Feature", "geometry": {"type": "Polygon", "coordinates": [[[-93.9688, 50.975], [-93.9688, 50.9792], [-93.975, 50.9792], [-93.975, 50.975], [-93.9688, 50.975]]]}, "properties": {"company_id": "gold-finder-resources", "jurisdiction": "Ontario", "claim_id": "591385", "claim_name": null, "holder": "(100) GOLD FINDER RESOURCES LTD.", "status": "Active", "recorded_date": "2020-05-23", "anniversary_or_expiry": "2027-05-23", "area_ha": null, "tenure_type": "Single Cell Mining Claim", "source": "Ontario MLAS operational claims (OGSEarth / LIO MapServer). Unofficial viewing data, not legal title.", "as_of": "2026-09-20", "role": "focus", "color": "#e8b040"}}, {"type": "Feature", "geometry": {"type": "Polygon", "coordinates": [[[-94.075, 50.9583], [-94.075, 50.9542], [-94.0063, 50.9542], [-94.0063, 50.9625], [-94.075, 50.9625], [-94.075, 50.9583]]]}, "properties": {"company_id": "gold-finder-resources", "jurisdiction": "Ontario", "claim_id": "623310", "claim_name": null, "holder": "(100) GOLD FINDER RESOURCES LTD.", "status": "Active", "recorded_date": "2020-12-10", "anniversary_or_expiry": "2027-12-10", "area_ha": null, "tenure_type": "Multi-cell Mining Claim", "source": "Ontario MLAS operational claims (OGSEarth / LIO MapServer). Unofficial viewing data, not legal title.", "as_of": "2026-09-20", "role": "focus", "color": "#e8b040"}}, {"type": "Feature", "geometry": {"type": "Polygon", "coordinates": [[[-94.0, 50.9417], [-94.0, 50.9458], [-94.0063, 50.9458], [-94.0063, 50.9417], [-94.0, 50.9417]]]}, "properties": {"company_id": "gold-finder-resources", "jurisdiction": "Ontario", "claim_id": "868441", "claim_name": null, "holder": "(100) GOLD FINDER RESOURCES LTD.", "status": "Active", "recorded_date": "2023-11-20", "anniversary_or_expiry": "2027-10-14", "area_ha": null, "tenure_type": "Single Cell Mining Claim", "source": "Ontario MLAS operational claims (OGSEarth / LIO MapServer). Unofficial viewing data, not legal title.", "as_of": "2026-09-20", "role": "focus", "color": "#e8b040"}}, {"type": "Feature", "geometry": {"type": "Polygon", "coordinates": [[[-91.5063, 51.2083], [-91.5063, 51.2125], [-91.5125, 51.2125], [-91.5125, 51.2083], [-91.5063, 51.2083]]]}, "properties": {"company_id": "gold-finder-resources", "jurisdiction": "Ontario", "claim_id": "942989", "claim_name": null, "holder": "(100) GOLD FINDER RESOURCES LTD.", "status": "Active", "recorded_date": "2025-04-17", "anniversary_or_expiry": "2027-04-17", "area_ha": null, "tenure_type": "Single Cell Mining Claim", "source": "Ontario MLAS operational claims (OGSEarth / LIO MapServer). Unofficial viewing data, not legal title.", "as_of": "2026-09-20", "role": "focus", "color": "#e8b040"}}, {"type": "Feature", "geometry": {"type": "Polygon", "coordinates": [[[-91.4438, 51.2042], [-91.4438, 51.2083], [-91.45, 51.2083], [-91.45, 51.2042], [-91.4438, 51.2042]]]}, "properties": {"company_id": "gold-finder-resources", "jurisdiction": "Ontario", "claim_id": "942990", "claim_name": null, "holder": "(100) GOLD FINDER RESOURCES LTD.", "status": "Active", "recorded_date": "2025-04-17", "anniversary_or_expiry": "2027-04-17", "area_ha": null, "tenure_type": "Single Cell Mining Claim", "source": "Ontario MLAS operational claims (OGSEarth / LIO MapServer). Unofficial viewing data, not legal title.", "as_of": "2026-09-20", "role": "focus", "color": "#e8b040"}}, {"type": "Feature", "geometry": {"type": "Polygon", "coordinates": [[[-91.4875, 51.2042], [-91.4875, 51.2083], [-91.4938, 51.2083], [-91.4938, 51.2042], [-91.4875, 51.2042]]]}, "properties": {"company_id": "gold-finder-resources", "jurisdiction": "Ontario", "claim_id": "942991", "claim_name": null, "holder": "(100) GOLD FINDER RESOURCES LTD.", "status": "Active", "recorded_date": "2025-04-17", "anniversary_or_expiry": "2027-04-17", "area_ha": null, "tenure_type": "Single Cell Mining Claim", "source": "Ontario MLAS operational claims (OGSEarth / LIO MapServer). Unofficial viewing data, not legal title.", "as_of": "2026-09-20", "role": "focus", "color": "#e8b040"}}, {"type": "Feature", "geometry": {"type": "Polygon", "coordinates": [[[-91.475, 51.2042], [-91.475, 51.2083], [-91.4813, 51.2083], [-91.4813, 51.2042], [-91.475, 51.2042]]]}, "properties": {"company_id": "gold-finder-resources", "jurisdiction": "Ontario", "claim_id": "942992", "claim_name": null, "holder": "(100) GOLD FINDER RESOURCES LTD.", "status": "Active", "recorded_date": "2025-04-17", "anniversary_or_expiry": "2027-04-17", "area_ha": null, "tenure_type": "Single Cell Mining Claim", "source": "Ontario MLAS operational claims (OGSEarth / LIO MapServer). Unofficial viewing data, not legal title.", "as_of": "2026-09-20", "role": "focus", "color": "#e8b040"}}, {"type": "Feature", "geometry": {"type": "Polygon", "coordinates": [[[-91.4688, 51.2083], [-91.4688, 51.2125], [-91.475, 51.2125], [-91.475, 51.2083], [-91.4688, 51.2083]]]}, "properties": {"company_id": "gold-finder-resources", "jurisdiction": "Ontario", "claim_id": "942993", "claim_name": null, "holder": "(100) GOLD FINDER RESOURCES LTD.", "status": "Active", "recorded_date": "2025-04-17", "anniversary_or_expiry": "2027-04-17", "area_ha": null, "tenure_type": "Single Cell Mining Claim", "source": "Ontario MLAS operational claims (OGSEarth / LIO MapServer). Unofficial viewing data, not legal title.", "as_of": "2026-09-20", "role": "focus", "color": "#e8b040"}}, {"type": "Feature", "geometry": {"type": "Polygon", "coordinates": [[[-91.4563, 51.2042], [-91.4563, 51.2083], [-91.4625, 51.2083], [-91.4625, 51.2042], [-91.4563, 51.2042]]]}, "properties": {"company_id": "gold-finder-resources", "jurisdiction": "Ontario", "claim_id": "942994", "claim_name": null, "holder": "(100) GOLD FINDER RESOURCES LTD.", "status": "Active", "recorded_date": "2025-04-17", "anniversary_or_expiry": "2027-04-17", "area_ha": null, "tenure_type": "Single Cell Mining Claim", "source": "Ontario MLAS operational claims (OGSEarth / LIO MapServer). Unofficial viewing data, not legal title.", "as_of": "2026-09-20", "role": "focus", "color": "#e8b040"}}, {"type": "Feature", "geometry": {"type": "Polygon", "coordinates": [[[-91.4438, 51.2083], [-91.4438, 51.2125], [-91.45, 51.2125], [-91.45, 51.2083], [-91.4438, 51.2083]]]}, "properties": {"company_id": "gold-finder-resources", "jurisdiction": "Ontario", "claim_id": "942995", "claim_name": null, "holder": "(100) GOLD FINDER RESOURCES LTD.", "status": "Active", "recorded_date": "2025-04-17", "anniversary_or_expiry": "2027-04-17", "area_ha": null, "tenure_type": "Single Cell Mining Claim", "source": "Ontario MLAS operational claims (OGSEarth / LIO MapServer). Unofficial viewing data, not legal title.", "as_of": "2026-09-20", "role": "focus", "color": "#e8b040"}}, {"type": "Feature", "geometry": {"type": "Polygon", "coordinates": [[[-91.5, 51.2083], [-91.5, 51.2125], [-91.5063, 51.2125], [-91.5063, 51.2083], [-91.5, 51.2083]]]}, "properties": {"company_id": "gold-finder-resources", "jurisdiction": "Ontario", "claim_id": "942996", "claim_name": null, "holder": "(100) GOLD FINDER RESOURCES LTD.", "status": "Active", "recorded_date": "2025-04-17", "anniversary_or_expiry": "2027-04-17", "area_ha": null, "tenure_type": "Single Cell Mining Claim", "source": "Ontario MLAS operational claims (OGSEarth / LIO MapServer). Unofficial viewing data, not legal title.", "as_of": "2026-09-20", "role": "focus", "color": "#e8b040"}}, {"type": "Feature", "geometry": {"type": "Polygon", "coordinates": [[[-91.4813, 51.2042], [-91.4813, 51.2083], [-91.4875, 51.2083], [-91.4875, 51.2042], [-91.4813, 51.2042]]]}, "properties": {"company_id": "gold-finder-resources", "jurisdiction": "Ontario", "claim_id": "942997", "claim_name": null, "holder": "(100) GOLD FINDER RESOURCES LTD.", "status": "Active", "recorded_date": "2025-04-17", "anniversary_or_expiry": "2027-04-17", "area_ha": null, "tenure_type": "Single Cell Mining Claim", "source": "Ontario MLAS operational claims (OGSEarth / LIO MapServer). Unofficial viewing data, not legal title.", "as_of": "2026-09-20", "role": "focus", "color": "#e8b040"}}, {"type": "Feature", "geometry": {"type": "Polygon", "coordinates": [[[-91.475, 51.2083], [-91.475, 51.2125], [-91.4813, 51.2125], [-91.4813, 51.2083], [-91.475, 51.2083]]]}, "properties": {"company_id": "gold-finder-resources", "jurisdiction": "Ontario", "claim_id": "942998", "claim_name": null, "holder": "(100) GOLD FINDER RESOURCES LTD.", "status": "Active", "recorded_date": "2025-04-17", "anniversary_or_expiry": "2027-04-17", "area_ha": null, "tenure_type": "Single Cell Mining Claim", "source": "Ontario MLAS operational claims (OGSEarth / LIO MapServer). Unofficial viewing data, not legal title.", "as_of": "2026-09-20", "role": "focus", "color": "#e8b040"}}, {"type": "Feature", "geometry": {"type": "Polygon", "coordinates": [[[-91.4938, 51.2042], [-91.4938, 51.2083], [-91.5, 51.2083], [-91.5, 51.2042], [-91.4938, 51.2042]]]}, "properties": {"company_id": "gold-finder-resources", "jurisdiction": "Ontario", "claim_id": "942999", "claim_name": null, "holder": "(100) GOLD FINDER RESOURCES LTD.", "status": "Active", "recorded_date": "2025-04-17", "anniversary_or_expiry": "2027-04-17", "area_ha": null, "tenure_type": "Single Cell Mining Claim", "source": "Ontario MLAS operational claims (OGSEarth / LIO MapServer). Unofficial viewing data, not legal title.", "as_of": "2026-09-20", "role": "focus", "color": "#e8b040"}}, {"type": "Feature", "geometry": {"type": "Polygon", "coordinates": [[[-91.4813, 51.2083], [-91.4813, 51.2125], [-91.4875, 51.2125], [-91.4875, 51.2083], [-91.4813, 51.2083]]]}, "properties": {"company_id": "gold-finder-resources", "jurisdiction": "Ontario", "claim_id": "943000", "claim_name": null, "holder": "(100) GOLD FINDER RESOURCES LTD.", "status": "Active", "recorded_date": "2025-04-17", "anniversary_or_expiry": "2027-04-17", "area_ha": null, "tenure_type": "Single Cell Mining Claim", "source": "Ontario MLAS operational claims (OGSEarth / LIO MapServer). Unofficial viewing data, not legal title.", "as_of": "2026-09-20", "role": "focus", "color": "#e8b040"}}, {"type": "Feature", "geometry": {"type": "Polygon", "coordinates": [[[-91.45, 51.2083], [-91.45, 51.2125], [-91.4563, 51.2125], [-91.4563, 51.2083], [-91.45, 51.2083]]]}, "properties": {"company_id": "gold-finder-resources", "jurisdiction": "Ontario", "claim_id": "943001", "claim_name": null, "holder": "(100) GOLD FINDER RESOURCES LTD.", "status": "Active", "recorded_date": "2025-04-17", "anniversary_or_expiry": "2027-04-17", "area_ha": null, "tenure_type": "Single Cell Mining Claim", "source": "Ontario MLAS operational claims (OGSEarth / LIO MapServer). Unofficial viewing data, not legal title.", "as_of": "2026-09-20", "role": "focus", "color": "#e8b040"}}, {"type": "Feature", "geometry": {"type": "Polygon", "coordinates": [[[-91.4688, 51.2042], [-91.4688, 51.2083], [-91.475, 51.2083], [-91.475, 51.2042], [-91.4688, 51.2042]]]}, "properties": {"company_id": "gold-finder-resources", "jurisdiction": "Ontario", "claim_id": "943002", "claim_name": null, "holder": "(100) GOLD FINDER RESOURCES LTD.", "status": "Active", "recorded_date": "2025-04-17", "anniversary_or_expiry": "2027-04-17", "area_ha": null, "tenure_type": "Single Cell Mining Claim", "source": "Ontario MLAS operational claims (OGSEarth / LIO MapServer). Unofficial viewing data, not legal title.", "as_of": "2026-09-20", "role": "focus", "color": "#e8b040"}}, {"type": "Feature", "geometry": {"type": "Polygon", "coordinates": [[[-91.4625, 51.2042], [-91.4625, 51.2083], [-91.4688, 51.2083], [-91.4688, 51.2042], [-91.4625, 51.2042]]]}, "properties": {"company_id": "gold-finder-resources", "jurisdiction": "Ontario", "claim_id": "943003", "claim_name": null, "holder": "(100) GOLD FINDER RESOURCES LTD.", "status": "Active", "recorded_date": "2025-04-17", "anniversary_or_expiry": "2027-04-17", "area_ha": null, "tenure_type": "Single Cell Mining Claim", "source": "Ontario MLAS operational claims (OGSEarth / LIO MapServer). Unofficial viewing data, not legal title.", "as_of": "2026-09-20", "role": "focus", "color": "#e8b040"}}, {"type": "Feature", "geometry": {"type": "Polygon", "coordinates": [[[-91.4625, 51.2083], [-91.4625, 51.2125], [-91.4688, 51.2125], [-91.4688, 51.2083], [-91.4625, 51.2083]]]}, "properties": {"company_id": "gold-finder-resources", "jurisdiction": "Ontario", "claim_id": "943004", "claim_name": null, "holder": "(100) GOLD FINDER RESOURCES LTD.", "status": "Active", "recorded_date": "2025-04-17", "anniversary_or_expiry": "2027-04-17", "area_ha": null, "tenure_type": "Single Cell Mining Claim", "source": "Ontario MLAS operational claims (OGSEarth / LIO MapServer). Unofficial viewing data, not legal title.", "as_of": "2026-09-20", "role": "focus", "color": "#e8b040"}}, {"type": "Feature", "geometry": {"type": "Polygon", "coordinates": [[[-91.45, 51.2042], [-91.45, 51.2083], [-91.4563, 51.2083], [-91.4563, 51.2042], [-91.45, 51.2042]]]}, "properties": {"company_id": "gold-finder-resources", "jurisdiction": "Ontario", "claim_id": "943005", "claim_name": null, "holder": "(100) GOLD FINDER RESOURCES LTD.", "status": "Active", "recorded_date": "2025-04-17", "anniversary_or_expiry": "2027-04-17", "area_ha": null, "tenure_type": "Single Cell Mining Claim", "source": "Ontario MLAS operational claims (OGSEarth / LIO MapServer). Unofficial viewing data, not legal title.", "as_of": "2026-09-20", "role": "focus", "color": "#e8b040"}}, {"type": "Feature", "geometry": {"type": "Polygon", "coordinates": [[[-91.5063, 51.2042], [-91.5063, 51.2083], [-91.5125, 51.2083], [-91.5125, 51.2042], [-91.5063, 51.2042]]]}, "properties": {"company_id": "gold-finder-resources", "jurisdiction": "Ontario", "claim_id": "943006", "claim_name": null, "holder": "(100) GOLD FINDER RESOURCES LTD.", "status": "Active", "recorded_date": "2025-04-17", "anniversary_or_expiry": "2027-04-17", "area_ha": null, "tenure_type": "Single Cell Mining Claim", "source": "Ontario MLAS operational claims (OGSEarth / LIO MapServer). Unofficial viewing data, not legal title.", "as_of": "2026-09-20", "role": "focus", "color": "#e8b040"}}, {"type": "Feature", "geometry": {"type": "Polygon", "coordinates": [[[-91.5, 51.2042], [-91.5, 51.2083], [-91.5063, 51.2083], [-91.5063, 51.2042], [-91.5, 51.2042]]]}, "properties": {"company_id": "gold-finder-resources", "jurisdiction": "Ontario", "claim_id": "943007", "claim_name": null, "holder": "(100) GOLD FINDER RESOURCES LTD.", "status": "Active", "recorded_date": "2025-04-17", "anniversary_or_expiry": "2027-04-17", "area_ha": null, "tenure_type": "Single Cell Mining Claim", "source": "Ontario MLAS operational claims (OGSEarth / LIO MapServer). Unofficial viewing data, not legal title.", "as_of": "2026-09-20", "role": "focus", "color": "#e8b040"}}, {"type": "Feature", "geometry": {"type": "Polygon", "coordinates": [[[-91.4938, 51.2083], [-91.4938, 51.2125], [-91.5, 51.2125], [-91.5, 51.2083], [-91.4938, 51.2083]]]}, "properties": {"company_id": "gold-finder-resources", "jurisdiction": "Ontario", "claim_id": "943008", "claim_name": null, "holder": "(100) GOLD FINDER RESOURCES LTD.", "status": "Active", "recorded_date": "2025-04-17", "anniversary_or_expiry": "2027-04-17", "area_ha": null, "tenure_type": "Single Cell Mining Claim", "source": "Ontario MLAS operational claims (OGSEarth / LIO MapServer). Unofficial viewing data, not legal title.", "as_of": "2026-09-20", "role": "focus", "color": "#e8b040"}}, {"type": "Feature", "geometry": {"type": "Polygon", "coordinates": [[[-91.4875, 51.2083], [-91.4875, 51.2125], [-91.4938, 51.2125], [-91.4938, 51.2083], [-91.4875, 51.2083]]]}, "properties": {"company_id": "gold-finder-resources", "jurisdiction": "Ontario", "claim_id": "943009", "claim_name": null, "holder": "(100) GOLD FINDER RESOURCES LTD.", "status": "Active", "recorded_date": "2025-04-17", "anniversary_or_expiry": "2027-04-17", "area_ha": null, "tenure_type": "Single Cell Mining Claim", "source": "Ontario MLAS operational claims (OGSEarth / LIO MapServer). Unofficial viewing data, not legal title.", "as_of": "2026-09-20", "role": "focus", "color": "#e8b040"}}, {"type": "Feature", "geometry": {"type": "Polygon", "coordinates": [[[-91.4563, 51.2083], [-91.4563, 51.2125], [-91.4625, 51.2125], [-91.4625, 51.2083], [-91.4563, 51.2083]]]}, "properties": {"company_id": "gold-finder-resources", "jurisdiction": "Ontario", "claim_id": "943010", "claim_name": null, "holder": "(100) GOLD FINDER RESOURCES LTD.", "status": "Active", "recorded_date": "2025-04-17", "anniversary_or_expiry": "2027-04-17", "area_ha": null, "tenure_type": "Single Cell Mining Claim", "source": "Ontario MLAS operational claims (OGSEarth / LIO MapServer). Unofficial viewing data, not legal title.", "as_of": "2026-09-20", "role": "focus", "color": "#e8b040"}}, {"type": "Feature", "geometry": {"type": "Polygon", "coordinates": [[[-91.4313, 51.1958], [-91.4313, 51.2], [-91.4375, 51.2], [-91.4375, 51.1958], [-91.4313, 51.1958]]]}, "properties": {"company_id": "gold-finder-resources", "jurisdiction": "Ontario", "claim_id": "943011", "claim_name": null, "holder": "(100) GOLD FINDER RESOURCES LTD.", "status": "Active", "recorded_date": "2025-04-17", "anniversary_or_expiry": "2027-04-17", "area_ha": null, "tenure_type": "Single Cell Mining Claim", "source": "Ontario MLAS operational claims (OGSEarth / LIO MapServer). Unofficial viewing data, not legal title.", "as_of": "2026-09-20", "role": "focus", "color": "#e8b040"}}, {"type": "Feature", "geometry": {"type": "Polygon", "coordinates": [[[-91.4313, 51.2], [-91.4313, 51.2042], [-91.4375, 51.2042], [-91.4375, 51.2], [-91.4313, 51.2]]]}, "properties": {"company_id": "gold-finder-resources", "jurisdiction": "Ontario", "claim_id": "943012", "claim_name": null, "holder": "(100) GOLD FINDER RESOURCES LTD.", "status": "Active", "recorded_date": "2025-04-17", "anniversary_or_expiry": "2027-04-17", "area_ha": null, "tenure_type": "Single Cell Mining Claim", "source": "Ontario MLAS operational claims (OGSEarth / LIO MapServer). Unofficial viewing data, not legal title.", "as_of": "2026-09-20", "role": "focus", "color": "#e8b040"}}, {"type": "Feature", "geometry": {"type": "Polygon", "coordinates": [[[-91.4375, 51.1917], [-91.4375, 51.1958], [-91.4438, 51.1958], [-91.4438, 51.1917], [-91.4375, 51.1917]]]}, "properties": {"company_id": "gold-finder-resources", "jurisdiction": "Ontario", "claim_id": "943013", "claim_name": null, "holder": "(100) GOLD FINDER RESOURCES LTD.", "status": "Active", "recorded_date": "2025-04-17", "anniversary_or_expiry": "2027-04-17", "area_ha": null, "tenure_type": "Single Cell Mining Claim", "source": "Ontario MLAS operational claims (OGSEarth / LIO MapServer). Unofficial viewing data, not legal title.", "as_of": "2026-09-20", "role": "focus", "color": "#e8b040"}}, {"type": "Feature", "geometry": {"type": "Polygon", "coordinates": [[[-91.4375, 51.1833], [-91.4375, 51.1875], [-91.4438, 51.1875], [-91.4438, 51.1833], [-91.4375, 51.1833]]]}, "properties": {"company_id": "gold-finder-resources", "jurisdiction": "Ontario", "claim_id": "943014", "claim_name": null, "holder": "(100) GOLD FINDER RESOURCES LTD.", "status": "Active", "recorded_date": "2025-04-17", "anniversary_or_expiry": "2027-04-17", "area_ha": null, "tenure_type": "Single Cell Mining Claim", "source": "Ontario MLAS operational claims (OGSEarth / LIO MapServer). Unofficial viewing data, not legal title.", "as_of": "2026-09-20", "role": "focus", "color": "#e8b040"}}, {"type": "Feature", "geometry": {"type": "Polygon", "coordinates": [[[-91.4313, 51.1917], [-91.4313, 51.1958], [-91.4375, 51.1958], [-91.4375, 51.1917], [-91.4313, 51.1917]]]}, "properties": {"company_id": "gold-finder-resources", "jurisdiction": "Ontario", "claim_id": "943015", "claim_name": null, "holder": "(100) GOLD FINDER RESOURCES LTD.", "status": "Active", "recorded_date": "2025-04-17", "anniversary_or_expiry": "2027-04-17", "area_ha": null, "tenure_type": "Single Cell Mining Claim", "source": "Ontario MLAS operational claims (OGSEarth / LIO MapServer). Unofficial viewing data, not legal title.", "as_of": "2026-09-20", "role": "focus", "color": "#e8b040"}}, {"type": "Feature", "geometry": {"type": "Polygon", "coordinates": [[[-91.4313, 51.2042], [-91.4313, 51.2083], [-91.4375, 51.2083], [-91.4375, 51.2042], [-91.4313, 51.2042]]]}, "properties": {"company_id": "gold-finder-resources", "jurisdiction": "Ontario", "claim_id": "943016", "claim_name": null, "holder": "(100) GOLD FINDER RESOURCES LTD.", "status": "Active", "recorded_date": "2025-04-17", "anniversary_or_expiry": "2027-04-17", "area_ha": null, "tenure_type": "Single Cell Mining Claim", "source": "Ontario MLAS operational claims (OGSEarth / LIO MapServer). Unofficial viewing data, not legal title.", "as_of": "2026-09-20", "role": "focus", "color": "#e8b040"}}, {"type": "Feature", "geometry": {"type": "Polygon", "coordinates": [[[-91.4375, 51.1875], [-91.4375, 51.1917], [-91.4438, 51.1917], [-91.4438, 51.1875], [-91.4375, 51.1875]]]}, "properties": {"company_id": "gold-finder-resources", "jurisdiction": "Ontario", "claim_id": "943017", "claim_name": null, "holder": "(100) GOLD FINDER RESOURCES LTD.", "status": "Active", "recorded_date": "2025-04-17", "anniversary_or_expiry": "2027-04-17", "area_ha": null, "tenure_type": "Single Cell Mining Claim", "source": "Ontario MLAS operational claims (OGSEarth / LIO MapServer). Unofficial viewing data, not legal title.", "as_of": "2026-09-20", "role": "focus", "color": "#e8b040"}}, {"type": "Feature", "geometry": {"type": "Polygon", "coordinates": [[[-91.4375, 51.1958], [-91.4375, 51.2], [-91.4438, 51.2], [-91.4438, 51.1958], [-91.4375, 51.1958]]]}, "properties": {"company_id": "gold-finder-resources", "jurisdiction": "Ontario", "claim_id": "943018", "claim_name": null, "holder": "(100) GOLD FINDER RESOURCES LTD.", "status": "Active", "recorded_date": "2025-04-17", "anniversary_or_expiry": "2027-04-17", "area_ha": null, "tenure_type": "Single Cell Mining Claim", "source": "Ontario MLAS operational claims (OGSEarth / LIO MapServer). Unofficial viewing data, not legal title.", "as_of": "2026-09-20", "role": "focus", "color": "#e8b040"}}, {"type": "Feature", "geometry": {"type": "Polygon", "coordinates": [[[-91.4375, 51.2042], [-91.4375, 51.2083], [-91.4438, 51.2083], [-91.4438, 51.2042], [-91.4375, 51.2042]]]}, "properties": {"company_id": "gold-finder-resources", "jurisdiction": "Ontario", "claim_id": "943019", "claim_name": null, "holder": "(100) GOLD FINDER RESOURCES LTD.", "status": "Active", "recorded_date": "2025-04-17", "anniversary_or_expiry": "2027-04-17", "area_ha": null, "tenure_type": "Single Cell Mining Claim", "source": "Ontario MLAS operational claims (OGSEarth / LIO MapServer). Unofficial viewing data, not legal title.", "as_of": "2026-09-20", "role": "focus", "color": "#e8b040"}}, {"type": "Feature", "geometry": {"type": "Polygon", "coordinates": [[[-91.4375, 51.2083], [-91.4375, 51.2125], [-91.4438, 51.2125], [-91.4438, 51.2083], [-91.4375, 51.2083]]]}, "properties": {"company_id": "gold-finder-resources", "jurisdiction": "Ontario", "claim_id": "943020", "claim_name": null, "holder": "(100) GOLD FINDER RESOURCES LTD.", "status": "Active", "recorded_date": "2025-04-17", "anniversary_or_expiry": "2027-04-17", "area_ha": null, "tenure_type": "Single Cell Mining Claim", "source": "Ontario MLAS operational claims (OGSEarth / LIO MapServer). Unofficial viewing data, not legal title.", "as_of": "2026-09-20", "role": "focus", "color": "#e8b040"}}, {"type": "Feature", "geometry": {"type": "Polygon", "coordinates": [[[-91.4313, 51.1833], [-91.4313, 51.1875], [-91.4375, 51.1875], [-91.4375, 51.1833], [-91.4313, 51.1833]]]}, "properties": {"company_id": "gold-finder-resources", "jurisdiction": "Ontario", "claim_id": "943021", "claim_name": null, "holder": "(100) GOLD FINDER RESOURCES LTD.", "status": "Active", "recorded_date": "2025-04-17", "anniversary_or_expiry": "2027-04-17", "area_ha": null, "tenure_type": "Single Cell Mining Claim", "source": "Ontario MLAS operational claims (OGSEarth / LIO MapServer). Unofficial viewing data, not legal title.", "as_of": "2026-09-20", "role": "focus", "color": "#e8b040"}}, {"type": "Feature", "geometry": {"type": "Polygon", "coordinates": [[[-91.4375, 51.2], [-91.4375, 51.2042], [-91.4438, 51.2042], [-91.4438, 51.2], [-91.4375, 51.2]]]}, "properties": {"company_id": "gold-finder-resources", "jurisdiction": "Ontario", "claim_id": "943022", "claim_name": null, "holder": "(100) GOLD FINDER RESOURCES LTD.", "status": "Active", "recorded_date": "2025-04-17", "anniversary_or_expiry": "2027-04-17", "area_ha": null, "tenure_type": "Single Cell Mining Claim", "source": "Ontario MLAS operational claims (OGSEarth / LIO MapServer). Unofficial viewing data, not legal title.", "as_of": "2026-09-20", "role": "focus", "color": "#e8b040"}}, {"type": "Feature", "geometry": {"type": "Polygon", "coordinates": [[[-91.4313, 51.1875], [-91.4313, 51.1917], [-91.4375, 51.1917], [-91.4375, 51.1875], [-91.4313, 51.1875]]]}, "properties": {"company_id": "gold-finder-resources", "jurisdiction": "Ontario", "claim_id": "943023", "claim_name": null, "holder": "(100) GOLD FINDER RESOURCES LTD.", "status": "Active", "recorded_date": "2025-04-17", "anniversary_or_expiry": "2027-04-17", "area_ha": null, "tenure_type": "Single Cell Mining Claim", "source": "Ontario MLAS operational claims (OGSEarth / LIO MapServer). Unofficial viewing data, not legal title.", "as_of": "2026-09-20", "role": "focus", "color": "#e8b040"}}, {"type": "Feature", "geometry": {"type": "Polygon", "coordinates": [[[-91.4313, 51.2083], [-91.4313, 51.2125], [-91.4375, 51.2125], [-91.4375, 51.2083], [-91.4313, 51.2083]]]}, "properties": {"company_id": "gold-finder-resources", "jurisdiction": "Ontario", "claim_id": "943024", "claim_name": null, "holder": "(100) GOLD FINDER RESOURCES LTD.", "status": "Active", "recorded_date": "2025-04-17", "anniversary_or_expiry": "2027-04-17", "area_ha": null, "tenure_type": "Single Cell Mining Claim", "source": "Ontario MLAS operational claims (OGSEarth / LIO MapServer). Unofficial viewing data, not legal title.", "as_of": "2026-09-20", "role": "focus", "color": "#e8b040"}}, {"type": "Feature", "geometry": {"type": "Polygon", "coordinates": [[[-91.425, 51.1958], [-91.425, 51.2], [-91.4313, 51.2], [-91.4313, 51.1958], [-91.425, 51.1958]]]}, "properties": {"company_id": "gold-finder-resources", "jurisdiction": "Ontario", "claim_id": "943025", "claim_name": null, "holder": "(100) GOLD FINDER RESOURCES LTD.", "status": "Active", "recorded_date": "2025-04-17", "anniversary_or_expiry": "2027-04-17", "area_ha": null, "tenure_type": "Single Cell Mining Claim", "source": "Ontario MLAS operational claims (OGSEarth / LIO MapServer). Unofficial viewing data, not legal title.", "as_of": "2026-09-20", "role": "focus", "color": "#e8b040"}}, {"type": "Feature", "geometry": {"type": "Polygon", "coordinates": [[[-91.4063, 51.1958], [-91.4063, 51.2], [-91.4125, 51.2], [-91.4125, 51.1958], [-91.4063, 51.1958]]]}, "properties": {"company_id": "gold-finder-resources", "jurisdiction": "Ontario", "claim_id": "943026", "claim_name": null, "holder": "(100) GOLD FINDER RESOURCES LTD.", "status": "Active", "recorded_date": "2025-04-17", "anniversary_or_expiry": "2027-04-17", "area_ha": null, "tenure_type": "Single Cell Mining Claim", "source": "Ontario MLAS operational claims (OGSEarth / LIO MapServer). Unofficial viewing data, not legal title.", "as_of": "2026-09-20", "role": "focus", "color": "#e8b040"}}, {"type": "Feature", "geometry": {"type": "Polygon", "coordinates": [[[-91.425, 51.1917], [-91.425, 51.1958], [-91.4313, 51.1958], [-91.4313, 51.1917], [-91.425, 51.1917]]]}, "properties": {"company_id": "gold-finder-resources", "jurisdiction": "Ontario", "claim_id": "943027", "claim_name": null, "holder": "(100) GOLD FINDER RESOURCES LTD.", "status": "Active", "recorded_date": "2025-04-17", "anniversary_or_expiry": "2027-04-17", "area_ha": null, "tenure_type": "Single Cell Mining Claim", "source": "Ontario MLAS operational claims (OGSEarth / LIO MapServer). Unofficial viewing data, not legal title.", "as_of": "2026-09-20", "role": "focus", "color": "#e8b040"}}, {"type": "Feature", "geometry": {"type": "Polygon", "coordinates": [[[-91.4125, 51.2042], [-91.4125, 51.2083], [-91.4188, 51.2083], [-91.4188, 51.2042], [-91.4125, 51.2042]]]}, "properties": {"company_id": "gold-finder-resources", "jurisdiction": "Ontario", "claim_id": "943028", "claim_name": null, "holder": "(100) GOLD FINDER RESOURCES LTD.", "status": "Active", "recorded_date": "2025-04-17", "anniversary_or_expiry": "2027-04-17", "area_ha": null, "tenure_type": "Single Cell Mining Claim", "source": "Ontario MLAS operational claims (OGSEarth / LIO MapServer). Unofficial viewing data, not legal title.", "as_of": "2026-09-20", "role": "focus", "color": "#e8b040"}}, {"type": "Feature", "geometry": {"type": "Polygon", "coordinates": [[[-91.4063, 51.1917], [-91.4063, 51.1958], [-91.4125, 51.1958], [-91.4125, 51.1917], [-91.4063, 51.1917]]]}, "properties": {"company_id": "gold-finder-resources", "jurisdiction": "Ontario", "claim_id": "943029", "claim_name": null, "holder": "(100) GOLD FINDER RESOURCES LTD.", "status": "Active", "recorded_date": "2025-04-17", "anniversary_or_expiry": "2027-04-17", "area_ha": null, "tenure_type": "Single Cell Mining Claim", "source": "Ontario MLAS operational claims (OGSEarth / LIO MapServer). Unofficial viewing data, not legal title.", "as_of": "2026-09-20", "role": "focus", "color": "#e8b040"}}, {"type": "Feature", "geometry": {"type": "Polygon", "coordinates": [[[-91.425, 51.2], [-91.425, 51.2042], [-91.4313, 51.2042], [-91.4313, 51.2], [-91.425, 51.2]]]}, "properties": {"company_id": "gold-finder-resources", "jurisdiction": "Ontario", "claim_id": "943030", "claim_name": null, "holder": "(100) GOLD FINDER RESOURCES LTD.", "status": "Active", "recorded_date": "2025-04-17", "anniversary_or_expiry": "2027-04-17", "area_ha": null, "tenure_type": "Single Cell Mining Claim", "source": "Ontario MLAS operational claims (OGSEarth / LIO MapServer). Unofficial viewing data, not legal title.", "as_of": "2026-09-20", "role": "focus", "color": "#e8b040"}}, {"type": "Feature", "geometry": {"type": "Polygon", "coordinates": [[[-91.4125, 51.1958], [-91.4125, 51.2], [-91.4188, 51.2], [-91.4188, 51.1958], [-91.4125, 51.1958]]]}, "properties": {"company_id": "gold-finder-resources", "jurisdiction": "Ontario", "claim_id": "943031", "claim_name": null, "holder": "(100) GOLD FINDER RESOURCES LTD.", "status": "Active", "recorded_date": "2025-04-17", "anniversary_or_expiry": "2027-04-17", "area_ha": null, "tenure_type": "Single Cell Mining Claim", "source": "Ontario MLAS operational claims (OGSEarth / LIO MapServer). Unofficial viewing data, not legal title.", "as_of": "2026-09-20", "role": "focus", "color": "#e8b040"}}, {"type": "Feature", "geometry": {"type": "Polygon", "coordinates": [[[-91.4188, 51.2042], [-91.4188, 51.2083], [-91.425, 51.2083], [-91.425, 51.2042], [-91.4188, 51.2042]]]}, "properties": {"company_id": "gold-finder-resources", "jurisdiction": "Ontario", "claim_id": "943032", "claim_name": null, "holder": "(100) GOLD FINDER RESOURCES LTD.", "status": "Active", "recorded_date": "2025-04-17", "anniversary_or_expiry": "2027-04-17", "area_ha": null, "tenure_type": "Single Cell Mining Claim", "source": "Ontario MLAS operational claims (OGSEarth / LIO MapServer). Unofficial viewing data, not legal title.", "as_of": "2026-09-20", "role": "focus", "color": "#e8b040"}}, {"type": "Feature", "geometry": {"type": "Polygon", "coordinates": [[[-91.4125, 51.2], [-91.4125, 51.2042], [-91.4188, 51.2042], [-91.4188, 51.2], [-91.4125, 51.2]]]}, "properties": {"company_id": "gold-finder-resources", "jurisdiction": "Ontario", "claim_id": "943033", "claim_name": null, "holder": "(100) GOLD FINDER RESOURCES LTD.", "status": "Active", "recorded_date": "2025-04-17", "anniversary_or_expiry": "2027-04-17", "area_ha": null, "tenure_type": "Single Cell Mining Claim", "source": "Ontario MLAS operational claims (OGSEarth / LIO MapServer). Unofficial viewing data, not legal title.", "as_of": "2026-09-20", "role": "focus", "color": "#e8b040"}}, {"type": "Feature", "geometry": {"type": "Polygon", "coordinates": [[[-91.4188, 51.1958], [-91.4188, 51.2], [-91.425, 51.2], [-91.425, 51.1958], [-91.4188, 51.1958]]]}, "properties": {"company_id": "gold-finder-resources", "jurisdiction": "Ontario", "claim_id": "943034", "claim_name": null, "holder": "(100) GOLD FINDER RESOURCES LTD.", "status": "Active", "recorded_date": "2025-04-17", "anniversary_or_expiry": "2027-04-17", "area_ha": null, "tenure_type": "Single Cell Mining Claim", "source": "Ontario MLAS operational claims (OGSEarth / LIO MapServer). Unofficial viewing data, not legal title.", "as_of": "2026-09-20", "role": "focus", "color": "#e8b040"}}, {"type": "Feature", "geometry": {"type": "Polygon", "coordinates": [[[-91.425, 51.2042], [-91.425, 51.2083], [-91.4313, 51.2083], [-91.4313, 51.2042], [-91.425, 51.2042]]]}, "properties": {"company_id": "gold-finder-resources", "jurisdiction": "Ontario", "claim_id": "943035", "claim_name": null, "holder": "(100) GOLD FINDER RESOURCES LTD.", "status": "Active", "recorded_date": "2025-04-17", "anniversary_or_expiry": "2027-04-17", "area_ha": null, "tenure_type": "Single Cell Mining Claim", "source": "Ontario MLAS operational claims (OGSEarth / LIO MapServer). Unofficial viewing data, not legal title.", "as_of": "2026-09-20", "role": "focus", "color": "#e8b040"}}, {"type": "Feature", "geometry": {"type": "Polygon", "coordinates": [[[-91.4188, 51.1917], [-91.4188, 51.1958], [-91.425, 51.1958], [-91.425, 51.1917], [-91.4188, 51.1917]]]}, "properties": {"company_id": "gold-finder-resources", "jurisdiction": "Ontario", "claim_id": "943036", "claim_name": null, "holder": "(100) GOLD FINDER RESOURCES LTD.", "status": "Active", "recorded_date": "2025-04-17", "anniversary_or_expiry": "2027-04-17", "area_ha": null, "tenure_type": "Single Cell Mining Claim", "source": "Ontario MLAS operational claims (OGSEarth / LIO MapServer). Unofficial viewing data, not legal title.", "as_of": "2026-09-20", "role": "focus", "color": "#e8b040"}}, {"type": "Feature", "geometry": {"type": "Polygon", "coordinates": [[[-91.4125, 51.1917], [-91.4125, 51.1958], [-91.4188, 51.1958], [-91.4188, 51.1917], [-91.4125, 51.1917]]]}, "properties": {"company_id": "gold-finder-resources", "jurisdiction": "Ontario", "claim_id": "943037", "claim_name": null, "holder": "(100) GOLD FINDER RESOURCES LTD.", "status": "Active", "recorded_date": "2025-04-17", "anniversary_or_expiry": "2027-04-17", "area_ha": null, "tenure_type": "Single Cell Mining Claim", "source": "Ontario MLAS operational claims (OGSEarth / LIO MapServer). Unofficial viewing data, not legal title.", "as_of": "2026-09-20", "role": "focus", "color": "#e8b040"}}, {"type": "Feature", "geometry": {"type": "Polygon", "coordinates": [[[-91.4188, 51.2], [-91.4188, 51.2042], [-91.425, 51.2042], [-91.425, 51.2], [-91.4188, 51.2]]]}, "properties": {"company_id": "gold-finder-resources", "jurisdiction": "Ontario", "claim_id": "943038", "claim_name": null, "holder": "(100) GOLD FINDER RESOURCES LTD.", "status": "Active", "recorded_date": "2025-04-17", "anniversary_or_expiry": "2027-04-17", "area_ha": null, "tenure_type": "Single Cell Mining Claim", "source": "Ontario MLAS operational claims (OGSEarth / LIO MapServer). Unofficial viewing data, not legal title.", "as_of": "2026-09-20", "role": "focus", "color": "#e8b040"}}, {"type": "Feature", "geometry": {"type": "Polygon", "coordinates": [[[-91.4063, 51.2042], [-91.4063, 51.2083], [-91.4125, 51.2083], [-91.4125, 51.2042], [-91.4063, 51.2042]]]}, "properties": {"company_id": "gold-finder-resources", "jurisdiction": "Ontario", "claim_id": "943039", "claim_name": null, "holder": "(100) GOLD FINDER RESOURCES LTD.", "status": "Active", "recorded_date": "2025-04-17", "anniversary_or_expiry": "2027-04-17", "area_ha": null, "tenure_type": "Single Cell Mining Claim", "source": "Ontario MLAS operational claims (OGSEarth / LIO MapServer). Unofficial viewing data, not legal title.", "as_of": "2026-09-20", "role": "focus", "color": "#e8b040"}}, {"type": "Feature", "geometry": {"type": "Polygon", "coordinates": [[[-91.4063, 51.2], [-91.4063, 51.2042], [-91.4125, 51.2042], [-91.4125, 51.2], [-91.4063, 51.2]]]}, "properties": {"company_id": "gold-finder-resources", "jurisdiction": "Ontario", "claim_id": "943040", "claim_name": null, "holder": "(100) GOLD FINDER RESOURCES LTD.", "status": "Active", "recorded_date": "2025-04-17", "anniversary_or_expiry": "2027-04-17", "area_ha": null, "tenure_type": "Single Cell Mining Claim", "source": "Ontario MLAS operational claims (OGSEarth / LIO MapServer). Unofficial viewing data, not legal title.", "as_of": "2026-09-20", "role": "focus", "color": "#e8b040"}}, {"type": "Feature", "geometry": {"type": "Polygon", "coordinates": [[[-91.425, 51.1875], [-91.425, 51.1917], [-91.4313, 51.1917], [-91.4313, 51.1875], [-91.425, 51.1875]]]}, "properties": {"company_id": "gold-finder-resources", "jurisdiction": "Ontario", "claim_id": "943041", "claim_name": null, "holder": "(100) GOLD FINDER RESOURCES LTD.", "status": "Active", "recorded_date": "2025-04-17", "anniversary_or_expiry": "2027-04-17", "area_ha": null, "tenure_type": "Single Cell Mining Claim", "source": "Ontario MLAS operational claims (OGSEarth / LIO MapServer). Unofficial viewing data, not legal title.", "as_of": "2026-09-20", "role": "focus", "color": "#e8b040"}}, {"type": "Feature", "geometry": {"type": "Polygon", "coordinates": [[[-91.4188, 51.1833], [-91.4188, 51.1875], [-91.425, 51.1875], [-91.425, 51.1833], [-91.4188, 51.1833]]]}, "properties": {"company_id": "gold-finder-resources", "jurisdiction": "Ontario", "claim_id": "943042", "claim_name": null, "holder": "(100) GOLD FINDER RESOURCES LTD.", "status": "Active", "recorded_date": "2025-04-17", "anniversary_or_expiry": "2027-04-17", "area_ha": null, "tenure_type": "Single Cell Mining Claim", "source": "Ontario MLAS operational claims (OGSEarth / LIO MapServer). Unofficial viewing data, not legal title.", "as_of": "2026-09-20", "role": "focus", "color": "#e8b040"}}, {"type": "Feature", "geometry": {"type": "Polygon", "coordinates": [[[-91.4063, 51.1792], [-91.4063, 51.1833], [-91.4125, 51.1833], [-91.4125, 51.1792], [-91.4063, 51.1792]]]}, "properties": {"company_id": "gold-finder-resources", "jurisdiction": "Ontario", "claim_id": "943043", "claim_name": null, "holder": "(100) GOLD FINDER RESOURCES LTD.", "status": "Active", "recorded_date": "2025-04-17", "anniversary_or_expiry": "2027-04-17", "area_ha": null, "tenure_type": "Single Cell Mining Claim", "source": "Ontario MLAS operational claims (OGSEarth / LIO MapServer). Unofficial viewing data, not legal title.", "as_of": "2026-09-20", "role": "focus", "color": "#e8b040"}}, {"type": "Feature", "geometry": {"type": "Polygon", "coordinates": [[[-91.4188, 51.1792], [-91.4188, 51.1833], [-91.425, 51.1833], [-91.425, 51.1792], [-91.4188, 51.1792]]]}, "properties": {"company_id": "gold-finder-resources", "jurisdiction": "Ontario", "claim_id": "943044", "claim_name": null, "holder": "(100) GOLD FINDER RESOURCES LTD.", "status": "Active", "recorded_date": "2025-04-17", "anniversary_or_expiry": "2027-04-17", "area_ha": null, "tenure_type": "Single Cell Mining Claim", "source": "Ontario MLAS operational claims (OGSEarth / LIO MapServer). Unofficial viewing data, not legal title.", "as_of": "2026-09-20", "role": "focus", "color": "#e8b040"}}, {"type": "Feature", "geometry": {"type": "Polygon", "coordinates": [[[-91.425, 51.1792], [-91.425, 51.1833], [-91.4313, 51.1833], [-91.4313, 51.1792], [-91.425, 51.1792]]]}, "properties": {"company_id": "gold-finder-resources", "jurisdiction": "Ontario", "claim_id": "943045", "claim_name": null, "holder": "(100) GOLD FINDER RESOURCES LTD.", "status": "Active", "recorded_date": "2025-04-17", "anniversary_or_expiry": "2027-04-17", "area_ha": null, "tenure_type": "Single Cell Mining Claim", "source": "Ontario MLAS operational claims (OGSEarth / LIO MapServer). Unofficial viewing data, not legal title.", "as_of": "2026-09-20", "role": "focus", "color": "#e8b040"}}, {"type": "Feature", "geometry": {"type": "Polygon", "coordinates": [[[-91.4125, 51.1833], [-91.4125, 51.1875], [-91.4188, 51.1875], [-91.4188, 51.1833], [-91.4125, 51.1833]]]}, "properties": {"company_id": "gold-finder-resources", "jurisdiction": "Ontario", "claim_id": "943046", "claim_name": null, "holder": "(100) GOLD FINDER RESOURCES LTD.", "status": "Active", "recorded_date": "2025-04-17", "anniversary_or_expiry": "2027-04-17", "area_ha": null, "tenure_type": "Single Cell Mining Claim", "source": "Ontario MLAS operational claims (OGSEarth / LIO MapServer). Unofficial viewing data, not legal title.", "as_of": "2026-09-20", "role": "focus", "color": "#e8b040"}}, {"type": "Feature", "geometry": {"type": "Polygon", "coordinates": [[[-91.4063, 51.1875], [-91.4063, 51.1917], [-91.4125, 51.1917], [-91.4125, 51.1875], [-91.4063, 51.1875]]]}, "properties": {"company_id": "gold-finder-resources", "jurisdiction": "Ontario", "claim_id": "943047", "claim_name": null, "holder": "(100) GOLD FINDER RESOURCES LTD.", "status": "Active", "recorded_date": "2025-04-17", "anniversary_or_expiry": "2027-04-17", "area_ha": null, "tenure_type": "Single Cell Mining Claim", "source": "Ontario MLAS operational claims (OGSEarth / LIO MapServer). Unofficial viewing data, not legal title.", "as_of": "2026-09-20", "role": "focus", "color": "#e8b040"}}, {"type": "Feature", "geometry": {"type": "Polygon", "coordinates": [[[-91.425, 51.1833], [-91.425, 51.1875], [-91.4313, 51.1875], [-91.4313, 51.1833], [-91.425, 51.1833]]]}, "properties": {"company_id": "gold-finder-resources", "jurisdiction": "Ontario", "claim_id": "943048", "claim_name": null, "holder": "(100) GOLD FINDER RESOURCES LTD.", "status": "Active", "recorded_date": "2025-04-17", "anniversary_or_expiry": "2027-04-17", "area_ha": null, "tenure_type": "Single Cell Mining Claim", "source": "Ontario MLAS operational claims (OGSEarth / LIO MapServer). Unofficial viewing data, not legal title.", "as_of": "2026-09-20", "role": "focus", "color": "#e8b040"}}, {"type": "Feature", "geometry": {"type": "Polygon", "coordinates": [[[-91.4188, 51.1875], [-91.4188, 51.1917], [-91.425, 51.1917], [-91.425, 51.1875], [-91.4188, 51.1875]]]}, "properties": {"company_id": "gold-finder-resources", "jurisdiction": "Ontario", "claim_id": "943049", "claim_name": null, "holder": "(100) GOLD FINDER RESOURCES LTD.", "status": "Active", "recorded_date": "2025-04-17", "anniversary_or_expiry": "2027-04-17", "area_ha": null, "tenure_type": "Single Cell Mining Claim", "source": "Ontario MLAS operational claims (OGSEarth / LIO MapServer). Unofficial viewing data, not legal title.", "as_of": "2026-09-20", "role": "focus", "color": "#e8b040"}}, {"type": "Feature", "geometry": {"type": "Polygon", "coordinates": [[[-91.4125, 51.1792], [-91.4125, 51.1833], [-91.4188, 51.1833], [-91.4188, 51.1792], [-91.4125, 51.1792]]]}, "properties": {"company_id": "gold-finder-resources", "jurisdiction": "Ontario", "claim_id": "943050", "claim_name": null, "holder": "(100) GOLD FINDER RESOURCES LTD.", "status": "Active", "recorded_date": "2025-04-17", "anniversary_or_expiry": "2027-04-17", "area_ha": null, "tenure_type": "Single Cell Mining Claim", "source": "Ontario MLAS operational claims (OGSEarth / LIO MapServer). Unofficial viewing data, not legal title.", "as_of": "2026-09-20", "role": "focus", "color": "#e8b040"}}, {"type": "Feature", "geometry": {"type": "Polygon", "coordinates": [[[-91.4125, 51.1875], [-91.4125, 51.1917], [-91.4188, 51.1917], [-91.4188, 51.1875], [-91.4125, 51.1875]]]}, "properties": {"company_id": "gold-finder-resources", "jurisdiction": "Ontario", "claim_id": "943051", "claim_name": null, "holder": "(100) GOLD FINDER RESOURCES LTD.", "status": "Active", "recorded_date": "2025-04-17", "anniversary_or_expiry": "2027-04-17", "area_ha": null, "tenure_type": "Single Cell Mining Claim", "source": "Ontario MLAS operational claims (OGSEarth / LIO MapServer). Unofficial viewing data, not legal title.", "as_of": "2026-09-20", "role": "focus", "color": "#e8b040"}}, {"type": "Feature", "geometry": {"type": "Polygon", "coordinates": [[[-91.4063, 51.1833], [-91.4063, 51.1875], [-91.4125, 51.1875], [-91.4125, 51.1833], [-91.4063, 51.1833]]]}, "properties": {"company_id": "gold-finder-resources", "jurisdiction": "Ontario", "claim_id": "943052", "claim_name": null, "holder": "(100) GOLD FINDER RESOURCES LTD.", "status": "Active", "recorded_date": "2025-04-17", "anniversary_or_expiry": "2027-04-17", "area_ha": null, "tenure_type": "Single Cell Mining Claim", "source": "Ontario MLAS operational claims (OGSEarth / LIO MapServer). Unofficial viewing data, not legal title.", "as_of": "2026-09-20", "role": "focus", "color": "#e8b040"}}, {"type": "Feature", "geometry": {"type": "Polygon", "coordinates": [[[-91.4063, 51.1708], [-91.4063, 51.175], [-91.4125, 51.175], [-91.4125, 51.1708], [-91.4063, 51.1708]]]}, "properties": {"company_id": "gold-finder-resources", "jurisdiction": "Ontario", "claim_id": "943053", "claim_name": null, "holder": "(100) GOLD FINDER RESOURCES LTD.", "status": "Active", "recorded_date": "2025-04-17", "anniversary_or_expiry": "2027-04-17", "area_ha": null, "tenure_type": "Single Cell Mining Claim", "source": "Ontario MLAS operational claims (OGSEarth / LIO MapServer). Unofficial viewing data, not legal title.", "as_of": "2026-09-20", "role": "focus", "color": "#e8b040"}}, {"type": "Feature", "geometry": {"type": "Polygon", "coordinates": [[[-91.3938, 51.1833], [-91.3938, 51.1875], [-91.4, 51.1875], [-91.4, 51.1833], [-91.3938, 51.1833]]]}, "properties": {"company_id": "gold-finder-resources", "jurisdiction": "Ontario", "claim_id": "943054", "claim_name": null, "holder": "(100) GOLD FINDER RESOURCES LTD.", "status": "Active", "recorded_date": "2025-04-17", "anniversary_or_expiry": "2027-04-17", "area_ha": null, "tenure_type": "Single Cell Mining Claim", "source": "Ontario MLAS operational claims (OGSEarth / LIO MapServer). Unofficial viewing data, not legal title.", "as_of": "2026-09-20", "role": "focus", "color": "#e8b040"}}, {"type": "Feature", "geometry": {"type": "Polygon", "coordinates": [[[-91.4, 51.1833], [-91.4, 51.1875], [-91.4063, 51.1875], [-91.4063, 51.1833], [-91.4, 51.1833]]]}, "properties": {"company_id": "gold-finder-resources", "jurisdiction": "Ontario", "claim_id": "943055", "claim_name": null, "holder": "(100) GOLD FINDER RESOURCES LTD.", "status": "Active", "recorded_date": "2025-04-17", "anniversary_or_expiry": "2027-04-17", "area_ha": null, "tenure_type": "Single Cell Mining Claim", "source": "Ontario MLAS operational claims (OGSEarth / LIO MapServer). Unofficial viewing data, not legal title.", "as_of": "2026-09-20", "role": "focus", "color": "#e8b040"}}, {"type": "Feature", "geometry": {"type": "Polygon", "coordinates": [[[-91.3938, 51.175], [-91.3938, 51.1792], [-91.4, 51.1792], [-91.4, 51.175], [-91.3938, 51.175]]]}, "properties": {"company_id": "gold-finder-resources", "jurisdiction": "Ontario", "claim_id": "943056", "claim_name": null, "holder": "(100) GOLD FINDER RESOURCES LTD.", "status": "Active", "recorded_date": "2025-04-17", "anniversary_or_expiry": "2027-04-17", "area_ha": null, "tenure_type": "Single Cell Mining Claim", "source": "Ontario MLAS operational claims (OGSEarth / LIO MapServer). Unofficial viewing data, not legal title.", "as_of": "2026-09-20", "role": "focus", "color": "#e8b040"}}, {"type": "Feature", "geometry": {"type": "Polygon", "coordinates": [[[-91.3938, 51.1792], [-91.3938, 51.1833], [-91.4, 51.1833], [-91.4, 51.1792], [-91.3938, 51.1792]]]}, "properties": {"company_id": "gold-finder-resources", "jurisdiction": "Ontario", "claim_id": "943057", "claim_name": null, "holder": "(100) GOLD FINDER RESOURCES LTD.", "status": "Active", "recorded_date": "2025-04-17", "anniversary_or_expiry": "2027-04-17", "area_ha": null, "tenure_type": "Single Cell Mining Claim", "source": "Ontario MLAS operational claims (OGSEarth / LIO MapServer). Unofficial viewing data, not legal title.", "as_of": "2026-09-20", "role": "focus", "color": "#e8b040"}}, {"type": "Feature", "geometry": {"type": "Polygon", "coordinates": [[[-91.4063, 51.175], [-91.4063, 51.1792], [-91.4125, 51.1792], [-91.4125, 51.175], [-91.4063, 51.175]]]}, "properties": {"company_id": "gold-finder-resources", "jurisdiction": "Ontario", "claim_id": "943058", "claim_name": null, "holder": "(100) GOLD FINDER RESOURCES LTD.", "status": "Active", "recorded_date": "2025-04-17", "anniversary_or_expiry": "2027-04-17", "area_ha": null, "tenure_type": "Single Cell Mining Claim", "source": "Ontario MLAS operational claims (OGSEarth / LIO MapServer). Unofficial viewing data, not legal title.", "as_of": "2026-09-20", "role": "focus", "color": "#e8b040"}}, {"type": "Feature", "geometry": {"type": "Polygon", "coordinates": [[[-91.4, 51.1708], [-91.4, 51.175], [-91.4063, 51.175], [-91.4063, 51.1708], [-91.4, 51.1708]]]}, "properties": {"company_id": "gold-finder-resources", "jurisdiction": "Ontario", "claim_id": "943059", "claim_name": null, "holder": "(100) GOLD FINDER RESOURCES LTD.", "status": "Active", "recorded_date": "2025-04-17", "anniversary_or_expiry": "2027-04-17", "area_ha": null, "tenure_type": "Single Cell Mining Claim", "source": "Ontario MLAS operational claims (OGSEarth / LIO MapServer). Unofficial viewing data, not legal title.", "as_of": "2026-09-20", "role": "focus", "color": "#e8b040"}}, {"type": "Feature", "geometry": {"type": "Polygon", "coordinates": [[[-91.4, 51.175], [-91.4, 51.1792], [-91.4063, 51.1792], [-91.4063, 51.175], [-91.4, 51.175]]]}, "properties": {"company_id": "gold-finder-resources", "jurisdiction": "Ontario", "claim_id": "943060", "claim_name": null, "holder": "(100) GOLD FINDER RESOURCES LTD.", "status": "Active", "recorded_date": "2025-04-17", "anniversary_or_expiry": "2027-04-17", "area_ha": null, "tenure_type": "Single Cell Mining Claim", "source": "Ontario MLAS operational claims (OGSEarth / LIO MapServer). Unofficial viewing data, not legal title.", "as_of": "2026-09-20", "role": "focus", "color": "#e8b040"}}, {"type": "Feature", "geometry": {"type": "Polygon", "coordinates": [[[-91.4, 51.1792], [-91.4, 51.1833], [-91.4063, 51.1833], [-91.4063, 51.1792], [-91.4, 51.1792]]]}, "properties": {"company_id": "gold-finder-resources", "jurisdiction": "Ontario", "claim_id": "943061", "claim_name": null, "holder": "(100) GOLD FINDER RESOURCES LTD.", "status": "Active", "recorded_date": "2025-04-17", "anniversary_or_expiry": "2027-04-17", "area_ha": null, "tenure_type": "Single Cell Mining Claim", "source": "Ontario MLAS operational claims (OGSEarth / LIO MapServer). Unofficial viewing data, not legal title.", "as_of": "2026-09-20", "role": "focus", "color": "#e8b040"}}]}