{"type": "FeatureCollection", "features": [{"type": "Feature", "geometry": {"type": "Polygon", "coordinates": [[[-66.9999999970908, 55.12500000825929], [-66.99999999227312, 55.13333333776089], [-66.99166666596423, 55.13333334360359], [-66.9916666667433, 55.12500000834559], [-66.9999999970908, 55.12500000825929]]]}, "properties": {"company_id": "lake-victoria-gold", "jurisdiction": "Quebec", "claim_id": "", "claim_name": null, "holder": "Century Sunny Lake Iron Mines Limited", "status": "Active", "recorded_date": null, "anniversary_or_expiry": null, "area_ha": null, "tenure_type": null, "source": "GESTIM active titles (MRNF digital data dump). Not legal title.", "as_of": "2026-09-20", "role": "focus", "color": "#e8b040"}}, {"type": "Feature", "geometry": {"type": "Polygon", "coordinates": [[[-66.9916666667433, 55.12500000834559], [-66.99166666596423, 55.13333334360359], [-66.98333332560243, 55.133333336268265], [-66.98333333757881, 55.12500000443235], [-66.9916666667433, 55.12500000834559]]]}, "properties": {"company_id": "lake-victoria-gold", "jurisdiction": "Quebec", "claim_id": "", "claim_name": null, "holder": "Century Sunny Lake Iron Mines Limited", "status": "Active", "recorded_date": null, "anniversary_or_expiry": null, "area_ha": null, "tenure_type": null, "source": "GESTIM active titles (MRNF digital data dump). Not legal title.", "as_of": "2026-09-20", "role": "focus", "color": "#e8b040"}}, {"type": "Feature", "geometry": {"type": "Polygon", "coordinates": [[[-66.99999999227312, 55.13333333776089], [-66.99999999138429, 55.14166667522276], [-66.99166666983822, 55.14166666886938], [-66.99166666596423, 55.13333334360359], [-66.99999999227312, 55.13333333776089]]]}, "properties": {"company_id": "lake-victoria-gold", "jurisdiction": "Quebec", "claim_id": "", "claim_name": null, "holder": "Century Sunny Lake Iron Mines Limited", "status": "Active", "recorded_date": null, "anniversary_or_expiry": null, "area_ha": null, "tenure_type": null, "source": "GESTIM active titles (MRNF digital data dump). Not legal title.", "as_of": "2026-09-20", "role": "focus", "color": "#e8b040"}}, {"type": "Feature", "geometry": {"type": "Polygon", "coordinates": [[[-67.00833332867987, 55.12500000417712], [-67.00833333503788, 55.13333333722087], [-66.99999999227312, 55.13333333776089], [-66.9999999970908, 55.12500000825929], [-67.00833332867987, 55.12500000417712]]]}, "properties": {"company_id": "lake-victoria-gold", "jurisdiction": "Quebec", "claim_id": "", "claim_name": null, "holder": "Century Sunny Lake Iron Mines Limited", "status": "Active", "recorded_date": null, "anniversary_or_expiry": null, "area_ha": null, "tenure_type": null, "source": "GESTIM active titles (MRNF digital data dump). Not legal title.", "as_of": "2026-09-20", "role": "focus", "color": "#e8b040"}}, {"type": "Feature", "geometry": {"type": "Polygon", "coordinates": [[[-67.00833333503788, 55.13333333722087], [-67.0083333302779, 55.1416666689791], [-66.99999999138429, 55.14166667522276], [-66.99999999227312, 55.13333333776089], [-67.00833333503788, 55.13333333722087]]]}, "properties": {"company_id": "lake-victoria-gold", "jurisdiction": "Quebec", "claim_id": "", "claim_name": null, "holder": "Century Sunny Lake Iron Mines Limited", "status": "Active", "recorded_date": null, "anniversary_or_expiry": null, "area_ha": null, "tenure_type": null, "source": "GESTIM active titles (MRNF digital data dump). Not legal title.", "as_of": "2026-09-20", "role": "focus", "color": "#e8b040"}}, {"type": "Feature", "geometry": {"type": "Polygon", "coordinates": [[[-67.14166667248638, 55.191666672526324], [-67.14166666746418, 55.20000000330672], [-67.1333333290699, 55.200000005552496], [-67.13333333126573, 55.19166666999371], [-67.14166667248638, 55.191666672526324]]]}, "properties": {"company_id": "lake-victoria-gold", "jurisdiction": "Quebec", "claim_id": "", "claim_name": null, "holder": "Century Sunny Lake Iron Mines Limited", "status": "Active", "recorded_date": null, "anniversary_or_expiry": null, "area_ha": null, "tenure_type": null, "source": "GESTIM active titles (MRNF digital data dump). Not legal title.", "as_of": "2026-09-20", "role": "focus", "color": "#e8b040"}}, {"type": "Feature", "geometry": {"type": "Polygon", "coordinates": [[[-67.13333333126573, 55.19166666999371], [-67.1333333290699, 55.200000005552496], [-67.12499999278816, 55.200000004409425], [-67.124999991748, 55.19166667299179], [-67.13333333126573, 55.19166666999371]]]}, "properties": {"company_id": "lake-victoria-gold", "jurisdiction": "Quebec", "claim_id": "", "claim_name": null, "holder": "Century Sunny Lake Iron Mines Limited", "status": "Active", "recorded_date": null, "anniversary_or_expiry": null, "area_ha": null, "tenure_type": null, "source": "GESTIM active titles (MRNF digital data dump). Not legal title.", "as_of": "2026-09-20", "role": "focus", "color": "#e8b040"}}, {"type": "Feature", "geometry": {"type": "Polygon", "coordinates": [[[-67.124999991748, 55.19166667299179], [-67.12499999278816, 55.200000004409425], [-67.11666665813566, 55.20000000885561], [-67.11666666999132, 55.19166667277849], [-67.124999991748, 55.19166667299179]]]}, "properties": {"company_id": "lake-victoria-gold", "jurisdiction": "Quebec", "claim_id": "", "claim_name": null, "holder": "Century Sunny Lake Iron Mines Limited", "status": "Active", "recorded_date": null, "anniversary_or_expiry": null, "area_ha": null, "tenure_type": null, "source": "GESTIM active titles (MRNF digital data dump). Not legal title.", "as_of": "2026-09-20", "role": "focus", "color": "#e8b040"}}, {"type": "Feature", "geometry": {"type": "Polygon", "coordinates": [[[-67.11666666999132, 55.19166667277849], [-67.11666665813566, 55.20000000885561], [-67.10833332547325, 55.20000000990663], [-67.10833333453805, 55.19166666886676], [-67.11666666999132, 55.19166667277849]]]}, "properties": {"company_id": "lake-victoria-gold", "jurisdiction": "Quebec", "claim_id": "", "claim_name": null, "holder": "Century Sunny Lake Iron Mines Limited", "status": "Active", "recorded_date": null, "anniversary_or_expiry": null, "area_ha": null, "tenure_type": null, "source": "GESTIM active titles (MRNF digital data dump). Not legal title.", "as_of": "2026-09-20", "role": "focus", "color": "#e8b040"}}, {"type": "Feature", "geometry": {"type": "Polygon", "coordinates": [[[-67.1583333342957, 55.200000006386645], [-67.15833333099756, 55.208333335600294], [-67.15000000699135, 55.20833334053349], [-67.14999999191112, 55.200000006418364], [-67.1583333342957, 55.200000006386645]]]}, "properties": {"company_id": "lake-victoria-gold", "jurisdiction": "Quebec", "claim_id": "", "claim_name": null, "holder": "Century Sunny Lake Iron Mines Limited", "status": "Active", "recorded_date": null, "anniversary_or_expiry": null, "area_ha": null, "tenure_type": null, "source": "GESTIM active titles (MRNF digital data dump). Not legal title.", "as_of": "2026-09-20", "role": "focus", "color": "#e8b040"}}, {"type": "Feature", "geometry": {"type": "Polygon", "coordinates": [[[-67.14999999191112, 55.200000006418364], [-67.15000000699135, 55.20833334053349], [-67.14166666950186, 55.208333341908734], [-67.14166666746418, 55.20000000330672], [-67.14999999191112, 55.200000006418364]]]}, "properties": {"company_id": "lake-victoria-gold", "jurisdiction": "Quebec", "claim_id": "", "claim_name": null, "holder": "Century Sunny Lake Iron Mines Limited", "status": "Active", "recorded_date": null, "anniversary_or_expiry": null, "area_ha": null, "tenure_type": null, "source": "GESTIM active titles (MRNF digital data dump). Not legal title.", "as_of": "2026-09-20", "role": "focus", "color": "#e8b040"}}, {"type": "Feature", "geometry": {"type": "Polygon", "coordinates": [[[-67.14166666746418, 55.20000000330672], [-67.14166666950186, 55.208333341908734], [-67.13333333417573, 55.20833333996008], [-67.1333333290699, 55.200000005552496], [-67.14166666746418, 55.20000000330672]]]}, "properties": {"company_id": "lake-victoria-gold", "jurisdiction": "Quebec", "claim_id": "", "claim_name": null, "holder": "Century Sunny Lake Iron Mines Limited", "status": "Active", "recorded_date": null, "anniversary_or_expiry": null, "area_ha": null, "tenure_type": null, "source": "GESTIM active titles (MRNF digital data dump). Not legal title.", "as_of": "2026-09-20", "role": "focus", "color": "#e8b040"}}, {"type": "Feature", "geometry": {"type": "Polygon", "coordinates": [[[-67.1333333290699, 55.200000005552496], [-67.13333333417573, 55.20833333996008], [-67.1250000005313, 55.20833334366574], [-67.12499999278816, 55.200000004409425], [-67.1333333290699, 55.200000005552496]]]}, "properties": {"company_id": "lake-victoria-gold", "jurisdiction": "Quebec", "claim_id": "", "claim_name": null, "holder": "Century Sunny Lake Iron Mines Limited", "status": "Active", "recorded_date": null, "anniversary_or_expiry": null, "area_ha": null, "tenure_type": null, "source": "GESTIM active titles (MRNF digital data dump). Not legal title.", "as_of": "2026-09-20", "role": "focus", "color": "#e8b040"}}, {"type": "Feature", "geometry": {"type": "Polygon", "coordinates": [[[-67.17500000038888, 55.20833334296946], [-67.17499999949298, 55.216666670831], [-67.16666665849517, 55.216666668742484], [-67.16666667257913, 55.208333336568984], [-67.17500000038888, 55.20833334296946]]]}, "properties": {"company_id": "lake-victoria-gold", "jurisdiction": "Quebec", "claim_id": "", "claim_name": null, "holder": "Century Sunny Lake Iron Mines Limited", "status": "Active", "recorded_date": null, "anniversary_or_expiry": null, "area_ha": null, "tenure_type": null, "source": "GESTIM active titles (MRNF digital data dump). Not legal title.", "as_of": "2026-09-20", "role": "focus", "color": "#e8b040"}}, {"type": "Feature", "geometry": {"type": "Polygon", "coordinates": [[[-67.16666667257913, 55.208333336568984], [-67.16666665849517, 55.216666668742484], [-67.158333335129, 55.21666667261977], [-67.15833333099756, 55.208333335600294], [-67.16666667257913, 55.208333336568984]]]}, "properties": {"company_id": "lake-victoria-gold", "jurisdiction": "Quebec", "claim_id": "", "claim_name": null, "holder": "Century Sunny Lake Iron Mines Limited", "status": "Active", "recorded_date": null, "anniversary_or_expiry": null, "area_ha": null, "tenure_type": null, "source": "GESTIM active titles (MRNF digital data dump). Not legal title.", "as_of": "2026-09-20", "role": "focus", "color": "#e8b040"}}, {"type": "Feature", "geometry": {"type": "Polygon", "coordinates": [[[-67.15000000699135, 55.20833334053349], [-67.14999999832723, 55.21666667300512], [-67.14166666373985, 55.21666667013159], [-67.14166666950186, 55.208333341908734], [-67.15000000699135, 55.20833334053349]]]}, "properties": {"company_id": "lake-victoria-gold", "jurisdiction": "Quebec", "claim_id": "", "claim_name": null, "holder": "Century Sunny Lake Iron Mines Limited", "status": "Active", "recorded_date": null, "anniversary_or_expiry": null, "area_ha": null, "tenure_type": null, "source": "GESTIM active titles (MRNF digital data dump). Not legal title.", "as_of": "2026-09-20", "role": "focus", "color": "#e8b040"}}, {"type": "Feature", "geometry": {"type": "Polygon", "coordinates": [[[-67.19166667262111, 55.216666674009964], [-67.19166665868654, 55.225000009483004], [-67.18333333131768, 55.225000009574316], [-67.18333332717789, 55.21666666943556], [-67.19166667262111, 55.216666674009964]]]}, "properties": {"company_id": "lake-victoria-gold", "jurisdiction": "Quebec", "claim_id": "", "claim_name": null, "holder": "Century Sunny Lake Iron Mines Limited", "status": "Active", "recorded_date": null, "anniversary_or_expiry": null, "area_ha": null, "tenure_type": null, "source": "GESTIM active titles (MRNF digital data dump). Not legal title.", "as_of": "2026-09-20", "role": "focus", "color": "#e8b040"}}, {"type": "Feature", "geometry": {"type": "Polygon", "coordinates": [[[-67.18333332717789, 55.21666666943556], [-67.18333333131768, 55.225000009574316], [-67.17500000639673, 55.22500000648275], [-67.17499999949298, 55.216666670831], [-67.18333332717789, 55.21666666943556]]]}, "properties": {"company_id": "lake-victoria-gold", "jurisdiction": "Quebec", "claim_id": "", "claim_name": null, "holder": "Century Sunny Lake Iron Mines Limited", "status": "Active", "recorded_date": null, "anniversary_or_expiry": null, "area_ha": null, "tenure_type": null, "source": "GESTIM active titles (MRNF digital data dump). Not legal title.", "as_of": "2026-09-20", "role": "focus", "color": "#e8b040"}}, {"type": "Feature", "geometry": {"type": "Polygon", "coordinates": [[[-67.16666665849517, 55.216666668742484], [-67.16666666773827, 55.22500000895076], [-67.15833333140496, 55.225000008227795], [-67.158333335129, 55.21666667261977], [-67.16666665849517, 55.216666668742484]]]}, "properties": {"company_id": "lake-victoria-gold", "jurisdiction": "Quebec", "claim_id": "", "claim_name": null, "holder": "Century Sunny Lake Iron Mines Limited", "status": "Active", "recorded_date": null, "anniversary_or_expiry": null, "area_ha": null, "tenure_type": null, "source": "GESTIM active titles (MRNF digital data dump). Not legal title.", "as_of": "2026-09-20", "role": "focus", "color": "#e8b040"}}, {"type": "Feature", "geometry": {"type": "Polygon", "coordinates": [[[-67.20833333631589, 55.22500000897599], [-67.20833332614043, 55.23333334352929], [-67.19999999671579, 55.23333333633163], [-67.20000000427596, 55.22500000644366], [-67.20833333631589, 55.22500000897599]]]}, "properties": {"company_id": "lake-victoria-gold", "jurisdiction": "Quebec", "claim_id": "", "claim_name": null, "holder": "Century Sunny Lake Iron Mines Limited", "status": "Active", "recorded_date": null, "anniversary_or_expiry": null, "area_ha": null, "tenure_type": null, "source": "GESTIM active titles (MRNF digital data dump). Not legal title.", "as_of": "2026-09-20", "role": "focus", "color": "#e8b040"}}, {"type": "Feature", "geometry": {"type": "Polygon", "coordinates": [[[-67.20000000427596, 55.22500000644366], [-67.19999999671579, 55.23333333633163], [-67.19166666903892, 55.23333334398207], [-67.19166665868654, 55.225000009483004], [-67.20000000427596, 55.22500000644366]]]}, "properties": {"company_id": "lake-victoria-gold", "jurisdiction": "Quebec", "claim_id": "", "claim_name": null, "holder": "Century Sunny Lake Iron Mines Limited", "status": "Active", "recorded_date": null, "anniversary_or_expiry": null, "area_ha": null, "tenure_type": null, "source": "GESTIM active titles (MRNF digital data dump). Not legal title.", "as_of": "2026-09-20", "role": "focus", "color": "#e8b040"}}, {"type": "Feature", "geometry": {"type": "Polygon", "coordinates": [[[-67.19166665868654, 55.225000009483004], [-67.19166666903892, 55.23333334398207], [-67.18333332855116, 55.233333339298866], [-67.18333333131768, 55.225000009574316], [-67.19166665868654, 55.225000009483004]]]}, "properties": {"company_id": "lake-victoria-gold", "jurisdiction": "Quebec", "claim_id": "", "claim_name": null, "holder": "Century Sunny Lake Iron Mines Limited", "status": "Active", "recorded_date": null, "anniversary_or_expiry": null, "area_ha": null, "tenure_type": null, "source": "GESTIM active titles (MRNF digital data dump). Not legal title.", "as_of": "2026-09-20", "role": "focus", "color": "#e8b040"}}, {"type": "Feature", "geometry": {"type": "Polygon", "coordinates": [[[-67.18333333131768, 55.225000009574316], [-67.18333332855116, 55.233333339298866], [-67.17500000580812, 55.23333334070939], [-67.17500000639673, 55.22500000648275], [-67.18333333131768, 55.225000009574316]]]}, "properties": {"company_id": "lake-victoria-gold", "jurisdiction": "Quebec", "claim_id": "", "claim_name": null, "holder": "Century Sunny Lake Iron Mines Limited", "status": "Active", "recorded_date": null, "anniversary_or_expiry": null, "area_ha": null, "tenure_type": null, "source": "GESTIM active titles (MRNF digital data dump). Not legal title.", "as_of": "2026-09-20", "role": "focus", "color": "#e8b040"}}, {"type": "Feature", "geometry": {"type": "Polygon", "coordinates": [[[-67.17500000639673, 55.22500000648275], [-67.17500000580812, 55.23333334070939], [-67.16666666972544, 55.233333338759785], [-67.16666666773827, 55.22500000895076], [-67.17500000639673, 55.22500000648275]]]}, "properties": {"company_id": "lake-victoria-gold", "jurisdiction": "Quebec", "claim_id": "", "claim_name": null, "holder": "Century Sunny Lake Iron Mines Limited", "status": "Active", "recorded_date": null, "anniversary_or_expiry": null, "area_ha": null, "tenure_type": null, "source": "GESTIM active titles (MRNF digital data dump). Not legal title.", "as_of": "2026-09-20", "role": "focus", "color": "#e8b040"}}, {"type": "Feature", "geometry": {"type": "Polygon", "coordinates": [[[-67.21666665858969, 55.233333338633116], [-67.21666667062536, 55.24166667691269], [-67.20833332490263, 55.241666676860085], [-67.20833332614043, 55.23333334352929], [-67.21666665858969, 55.233333338633116]]]}, "properties": {"company_id": "lake-victoria-gold", "jurisdiction": "Quebec", "claim_id": "", "claim_name": null, "holder": "Century Sunny Lake Iron Mines Limited", "status": "Active", "recorded_date": null, "anniversary_or_expiry": null, "area_ha": null, "tenure_type": null, "source": "GESTIM active titles (MRNF digital data dump). Not legal title.", "as_of": "2026-09-20", "role": "focus", "color": "#e8b040"}}, {"type": "Feature", "geometry": {"type": "Polygon", "coordinates": [[[-67.20833332614043, 55.23333334352929], [-67.20833332490263, 55.241666676860085], [-67.19999999751072, 55.241666673986934], [-67.19999999671579, 55.23333333633163], [-67.20833332614043, 55.23333334352929]]]}, "properties": {"company_id": "lake-victoria-gold", "jurisdiction": "Quebec", "claim_id": "", "claim_name": null, "holder": "Century Sunny Lake Iron Mines Limited", "status": "Active", "recorded_date": null, "anniversary_or_expiry": null, "area_ha": null, "tenure_type": null, "source": "GESTIM active titles (MRNF digital data dump). Not legal title.", "as_of": "2026-09-20", "role": "focus", "color": "#e8b040"}}, {"type": "Feature", "geometry": {"type": "Polygon", "coordinates": [[[-67.19999999671579, 55.23333333633163], [-67.19999999751072, 55.241666673986934], [-67.19166667226234, 55.24166667704235], [-67.19166666903892, 55.23333334398207], [-67.19999999671579, 55.23333333633163]]]}, "properties": {"company_id": "lake-victoria-gold", "jurisdiction": "Quebec", "claim_id": "", "claim_name": null, "holder": "Century Sunny Lake Iron Mines Limited", "status": "Active", "recorded_date": null, "anniversary_or_expiry": null, "area_ha": null, "tenure_type": null, "source": "GESTIM active titles (MRNF digital data dump). Not legal title.", "as_of": "2026-09-20", "role": "focus", "color": "#e8b040"}}, {"type": "Feature", "geometry": {"type": "Polygon", "coordinates": [[[-67.19166666903892, 55.23333334398207], [-67.19166667226234, 55.24166667704235], [-67.18333333378231, 55.24166667680771], [-67.18333332855116, 55.233333339298866], [-67.19166666903892, 55.23333334398207]]]}, "properties": {"company_id": "lake-victoria-gold", "jurisdiction": "Quebec", "claim_id": "", "claim_name": null, "holder": "Century Sunny Lake Iron Mines Limited", "status": "Active", "recorded_date": null, "anniversary_or_expiry": null, "area_ha": null, "tenure_type": null, "source": "GESTIM active titles (MRNF digital data dump). Not legal title.", "as_of": "2026-09-20", "role": "focus", "color": "#e8b040"}}, {"type": "Feature", "geometry": {"type": "Polygon", "coordinates": [[[-67.23333333830551, 55.24166667639856], [-67.23333333998734, 55.250000004862606], [-67.22500000686955, 55.25000000629815], [-67.2250000032993, 55.24166667368711], [-67.23333333830551, 55.24166667639856]]]}, "properties": {"company_id": "lake-victoria-gold", "jurisdiction": "Quebec", "claim_id": "", "claim_name": null, "holder": "Century Sunny Lake Iron Mines Limited", "status": "Active", "recorded_date": null, "anniversary_or_expiry": null, "area_ha": null, "tenure_type": null, "source": "GESTIM active titles (MRNF digital data dump). Not legal title.", "as_of": "2026-09-20", "role": "focus", "color": "#e8b040"}}, {"type": "Feature", "geometry": {"type": "Polygon", "coordinates": [[[-67.2250000032993, 55.24166667368711], [-67.22500000686955, 55.25000000629815], [-67.21666666075171, 55.250000004521425], [-67.21666667062536, 55.24166667691269], [-67.2250000032993, 55.24166667368711]]]}, "properties": {"company_id": "lake-victoria-gold", "jurisdiction": "Quebec", "claim_id": "", "claim_name": null, "holder": "Century Sunny Lake Iron Mines Limited", "status": "Active", "recorded_date": null, "anniversary_or_expiry": null, "area_ha": null, "tenure_type": null, "source": "GESTIM active titles (MRNF digital data dump). Not legal title.", "as_of": "2026-09-20", "role": "focus", "color": "#e8b040"}}, {"type": "Feature", "geometry": {"type": "Polygon", "coordinates": [[[-67.21666667062536, 55.24166667691269], [-67.21666666075171, 55.250000004521425], [-67.20833333261601, 55.2500000089696], [-67.20833332490263, 55.241666676860085], [-67.21666667062536, 55.24166667691269]]]}, "properties": {"company_id": "lake-victoria-gold", "jurisdiction": "Quebec", "claim_id": "", "claim_name": null, "holder": "Century Sunny Lake Iron Mines Limited", "status": "Active", "recorded_date": null, "anniversary_or_expiry": null, "area_ha": null, "tenure_type": null, "source": "GESTIM active titles (MRNF digital data dump). Not legal title.", "as_of": "2026-09-20", "role": "focus", "color": "#e8b040"}}, {"type": "Feature", "geometry": {"type": "Polygon", "coordinates": [[[-67.20833332490263, 55.241666676860085], [-67.20833333261601, 55.2500000089696], [-67.20000000707972, 55.25000001042952], [-67.19999999751072, 55.241666673986934], [-67.20833332490263, 55.241666676860085]]]}, "properties": {"company_id": "lake-victoria-gold", "jurisdiction": "Quebec", "claim_id": "", "claim_name": null, "holder": "Century Sunny Lake Iron Mines Limited", "status": "Active", "recorded_date": null, "anniversary_or_expiry": null, "area_ha": null, "tenure_type": null, "source": "GESTIM active titles (MRNF digital data dump). Not legal title.", "as_of": "2026-09-20", "role": "focus", "color": "#e8b040"}}, {"type": "Feature", "geometry": {"type": "Polygon", "coordinates": [[[-67.19999999751072, 55.241666673986934], [-67.20000000707972, 55.25000001042952], [-67.19166666836028, 55.25000000866528], [-67.19166667226234, 55.24166667704235], [-67.19999999751072, 55.241666673986934]]]}, "properties": {"company_id": "lake-victoria-gold", "jurisdiction": "Quebec", "claim_id": "", "claim_name": null, "holder": "Century Sunny Lake Iron Mines Limited", "status": "Active", "recorded_date": null, "anniversary_or_expiry": null, "area_ha": null, "tenure_type": null, "source": "GESTIM active titles (MRNF digital data dump). Not legal title.", "as_of": "2026-09-20", "role": "focus", "color": "#e8b040"}}, {"type": "Feature", "geometry": {"type": "Polygon", "coordinates": [[[-67.60833333271712, 55.35833333950662], [-67.60833333680152, 55.36666667437384], [-67.59999999500307, 55.36666667616346], [-67.60000000685515, 55.35833334002706], [-67.60833333271712, 55.35833333950662]]]}, "properties": {"company_id": "lake-victoria-gold", "jurisdiction": "Quebec", "claim_id": "", "claim_name": null, "holder": "Century Sunny Lake Iron Mines Limited", "status": "Active", "recorded_date": null, "anniversary_or_expiry": null, "area_ha": null, "tenure_type": null, "source": "GESTIM active titles (MRNF digital data dump). Not legal title.", "as_of": "2026-09-20", "role": "focus", "color": "#e8b040"}}, {"type": "Feature", "geometry": {"type": "Polygon", "coordinates": [[[-67.60000000685515, 55.35833334002706], [-67.59999999500307, 55.36666667616346], [-67.59166665857961, 55.366666675959735], [-67.59166667060683, 55.35833333831224], [-67.60000000685515, 55.35833334002706]]]}, "properties": {"company_id": "lake-victoria-gold", "jurisdiction": "Quebec", "claim_id": "", "claim_name": null, "holder": "Century Sunny Lake Iron Mines Limited", "status": "Active", "recorded_date": null, "anniversary_or_expiry": null, "area_ha": null, "tenure_type": null, "source": "GESTIM active titles (MRNF digital data dump). Not legal title.", "as_of": "2026-09-20", "role": "focus", "color": "#e8b040"}}, {"type": "Feature", "geometry": {"type": "Polygon", "coordinates": [[[-67.59166667060683, 55.35833333831224], [-67.59166665857961, 55.366666675959735], [-67.58333332747003, 55.36666667376118], [-67.58333333935917, 55.35833334352341], [-67.59166667060683, 55.35833333831224]]]}, "properties": {"company_id": "lake-victoria-gold", "jurisdiction": "Quebec", "claim_id": "", "claim_name": null, "holder": "Century Sunny Lake Iron Mines Limited", "status": "Active", "recorded_date": null, "anniversary_or_expiry": null, "area_ha": null, "tenure_type": null, "source": "GESTIM active titles (MRNF digital data dump). Not legal title.", "as_of": "2026-09-20", "role": "focus", "color": "#e8b040"}}, {"type": "Feature", "geometry": {"type": "Polygon", "coordinates": [[[-67.62500000491168, 55.36666667344917], [-67.62499999574439, 55.375000003657746], [-67.6166666587693, 55.37500000195285], [-67.61666666826378, 55.36666667041393], [-67.62500000491168, 55.36666667344917]]]}, "properties": {"company_id": "lake-victoria-gold", "jurisdiction": "Quebec", "claim_id": "", "claim_name": null, "holder": "Century Sunny Lake Iron Mines Limited", "status": "Active", "recorded_date": null, "anniversary_or_expiry": null, "area_ha": null, "tenure_type": null, "source": "GESTIM active titles (MRNF digital data dump). Not legal title.", "as_of": "2026-09-20", "role": "focus", "color": "#e8b040"}}, {"type": "Feature", "geometry": {"type": "Polygon", "coordinates": [[[-67.61666666826378, 55.36666667041393], [-67.6166666587693, 55.37500000195285], [-67.60833332697236, 55.375000007305324], [-67.60833333680152, 55.36666667437384], [-67.61666666826378, 55.36666667041393]]]}, "properties": {"company_id": "lake-victoria-gold", "jurisdiction": "Quebec", "claim_id": "", "claim_name": null, "holder": "Century Sunny Lake Iron Mines Limited", "status": "Active", "recorded_date": null, "anniversary_or_expiry": null, "area_ha": null, "tenure_type": null, "source": "GESTIM active titles (MRNF digital data dump). Not legal title.", "as_of": "2026-09-20", "role": "focus", "color": "#e8b040"}}, {"type": "Feature", "geometry": {"type": "Polygon", "coordinates": [[[-67.60833333680152, 55.36666667437384], [-67.60833332697236, 55.375000007305324], [-67.60000000060394, 55.37500001073054], [-67.59999999500307, 55.36666667616346], [-67.60833333680152, 55.36666667437384]]]}, "properties": {"company_id": "lake-victoria-gold", "jurisdiction": "Quebec", "claim_id": "", "claim_name": null, "holder": "Century Sunny Lake Iron Mines Limited", "status": "Active", "recorded_date": null, "anniversary_or_expiry": null, "area_ha": null, "tenure_type": null, "source": "GESTIM active titles (MRNF digital data dump). Not legal title.", "as_of": "2026-09-20", "role": "focus", "color": "#e8b040"}}, {"type": "Feature", "geometry": {"type": "Polygon", "coordinates": [[[-67.59166665857961, 55.366666675959735], [-67.59166666414654, 55.375000003061956], [-67.5833333326781, 55.37500000244403], [-67.58333332747003, 55.36666667376118], [-67.59166665857961, 55.366666675959735]]]}, "properties": {"company_id": "lake-victoria-gold", "jurisdiction": "Quebec", "claim_id": "", "claim_name": null, "holder": "Century Sunny Lake Iron Mines Limited", "status": "Active", "recorded_date": null, "anniversary_or_expiry": null, "area_ha": null, "tenure_type": null, "source": "GESTIM active titles (MRNF digital data dump). Not legal title.", "as_of": "2026-09-20", "role": "focus", "color": "#e8b040"}}, {"type": "Feature", "geometry": {"type": "Polygon", "coordinates": [[[-67.24166665976814, 55.250000009202424], [-67.2416666688228, 55.2583333413098], [-67.23333333503979, 55.258333340835705], [-67.23333333998734, 55.250000004862606], [-67.24166665976814, 55.250000009202424]]]}, "properties": {"company_id": "lake-victoria-gold", "jurisdiction": "Quebec", "claim_id": "", "claim_name": null, "holder": "Century Sunny Lake Iron Mines Limited", "status": "Active", "recorded_date": null, "anniversary_or_expiry": null, "area_ha": null, "tenure_type": null, "source": "GESTIM active titles (MRNF digital data dump). Not legal title.", "as_of": "2026-09-20", "role": "focus", "color": "#e8b040"}}, {"type": "Feature", "geometry": {"type": "Polygon", "coordinates": [[[-67.23333333998734, 55.250000004862606], [-67.23333333503979, 55.258333340835705], [-67.22500000403201, 55.25833333744384], [-67.22500000686955, 55.25000000629815], [-67.23333333998734, 55.250000004862606]]]}, "properties": {"company_id": "lake-victoria-gold", "jurisdiction": "Quebec", "claim_id": "", "claim_name": null, "holder": "Century Sunny Lake Iron Mines Limited", "status": "Active", "recorded_date": null, "anniversary_or_expiry": null, "area_ha": null, "tenure_type": null, "source": "GESTIM active titles (MRNF digital data dump). Not legal title.", "as_of": "2026-09-20", "role": "focus", "color": "#e8b040"}}, {"type": "Feature", "geometry": {"type": "Polygon", "coordinates": [[[-67.22500000686955, 55.25000000629815], [-67.22500000403201, 55.25833333744384], [-67.21666665961088, 55.258333339883386], [-67.21666666075171, 55.250000004521425], [-67.22500000686955, 55.25000000629815]]]}, "properties": {"company_id": "lake-victoria-gold", "jurisdiction": "Quebec", "claim_id": "", "claim_name": null, "holder": "Century Sunny Lake Iron Mines Limited", "status": "Active", "recorded_date": null, "anniversary_or_expiry": null, "area_ha": null, "tenure_type": null, "source": "GESTIM active titles (MRNF digital data dump). Not legal title.", "as_of": "2026-09-20", "role": "focus", "color": "#e8b040"}}, {"type": "Feature", "geometry": {"type": "Polygon", "coordinates": [[[-67.25000000544107, 55.25833333886883], [-67.25000000650218, 55.266666674440714], [-67.24166667183397, 55.266666671938445], [-67.2416666688228, 55.2583333413098], [-67.25000000544107, 55.25833333886883]]]}, "properties": {"company_id": "lake-victoria-gold", "jurisdiction": "Quebec", "claim_id": "", "claim_name": null, "holder": "Century Sunny Lake Iron Mines Limited", "status": "Active", "recorded_date": null, "anniversary_or_expiry": null, "area_ha": null, "tenure_type": null, "source": "GESTIM active titles (MRNF digital data dump). Not legal title.", "as_of": "2026-09-20", "role": "focus", "color": "#e8b040"}}, {"type": "Feature", "geometry": {"type": "Polygon", "coordinates": [[[-67.2416666688228, 55.2583333413098], [-67.24166667183397, 55.266666671938445], [-67.23333333959478, 55.26666667556499], [-67.23333333503979, 55.258333340835705], [-67.2416666688228, 55.2583333413098]]]}, "properties": {"company_id": "lake-victoria-gold", "jurisdiction": "Quebec", "claim_id": "", "claim_name": null, "holder": "Century Sunny Lake Iron Mines Limited", "status": "Active", "recorded_date": null, "anniversary_or_expiry": null, "area_ha": null, "tenure_type": null, "source": "GESTIM active titles (MRNF digital data dump). Not legal title.", "as_of": "2026-09-20", "role": "focus", "color": "#e8b040"}}, {"type": "Feature", "geometry": {"type": "Polygon", "coordinates": [[[-67.62499999574439, 55.375000003657746], [-67.62500000426297, 55.38333334125995], [-67.61666666678077, 55.38333334089237], [-67.6166666587693, 55.37500000195285], [-67.62499999574439, 55.375000003657746]]]}, "properties": {"company_id": "lake-victoria-gold", "jurisdiction": "Quebec", "claim_id": "", "claim_name": null, "holder": "Century Sunny Lake Iron Mines Limited", "status": "Active", "recorded_date": null, "anniversary_or_expiry": null, "area_ha": null, "tenure_type": null, "source": "GESTIM active titles (MRNF digital data dump). Not legal title.", "as_of": "2026-09-20", "role": "focus", "color": "#e8b040"}}, {"type": "Feature", "geometry": {"type": "Polygon", "coordinates": [[[-67.6166666587693, 55.37500000195285], [-67.61666666678077, 55.38333334089237], [-67.60833333478469, 55.38333333866143], [-67.60833332697236, 55.375000007305324], [-67.6166666587693, 55.37500000195285]]]}, "properties": {"company_id": "lake-victoria-gold", "jurisdiction": "Quebec", "claim_id": "", "claim_name": null, "holder": "Century Sunny Lake Iron Mines Limited", "status": "Active", "recorded_date": null, "anniversary_or_expiry": null, "area_ha": null, "tenure_type": null, "source": "GESTIM active titles (MRNF digital data dump). Not legal title.", "as_of": "2026-09-20", "role": "focus", "color": "#e8b040"}}, {"type": "Feature", "geometry": {"type": "Polygon", "coordinates": [[[-67.60833332697236, 55.375000007305324], [-67.60833333478469, 55.38333333866143], [-67.59999999211726, 55.383333343368044], [-67.60000000060394, 55.37500001073054], [-67.60833332697236, 55.375000007305324]]]}, "properties": {"company_id": "lake-victoria-gold", "jurisdiction": "Quebec", "claim_id": "", "claim_name": null, "holder": "Century Sunny Lake Iron Mines Limited", "status": "Active", "recorded_date": null, "anniversary_or_expiry": null, "area_ha": null, "tenure_type": null, "source": "GESTIM active titles (MRNF digital data dump). Not legal title.", "as_of": "2026-09-20", "role": "focus", "color": "#e8b040"}}, {"type": "Feature", "geometry": {"type": "Polygon", "coordinates": [[[-67.60000000060394, 55.37500001073054], [-67.59999999211726, 55.383333343368044], [-67.59166667090771, 55.38333333740472], [-67.59166666414654, 55.375000003061956], [-67.60000000060394, 55.37500001073054]]]}, "properties": {"company_id": "lake-victoria-gold", "jurisdiction": "Quebec", "claim_id": "", "claim_name": null, "holder": "Century Sunny Lake Iron Mines Limited", "status": "Active", "recorded_date": null, "anniversary_or_expiry": null, "area_ha": null, "tenure_type": null, "source": "GESTIM active titles (MRNF digital data dump). Not legal title.", "as_of": "2026-09-20", "role": "focus", "color": "#e8b040"}}, {"type": "Feature", "geometry": {"type": "Polygon", "coordinates": [[[-67.59166666414654, 55.375000003061956], [-67.59166667090771, 55.38333333740472], [-67.58333333890056, 55.383333338373696], [-67.5833333326781, 55.37500000244403], [-67.59166666414654, 55.375000003061956]]]}, "properties": {"company_id": "lake-victoria-gold", "jurisdiction": "Quebec", "claim_id": "", "claim_name": null, "holder": "Century Sunny Lake Iron Mines Limited", "status": "Active", "recorded_date": null, "anniversary_or_expiry": null, "area_ha": null, "tenure_type": null, "source": "GESTIM active titles (MRNF digital data dump). Not legal title.", "as_of": "2026-09-20", "role": "focus", "color": "#e8b040"}}, {"type": "Feature", "geometry": {"type": "Polygon", "coordinates": [[[-67.65000000259575, 55.38333333965681], [-67.64999999956633, 55.39166667166258], [-67.64166666068326, 55.39166666922083], [-67.64166666437272, 55.38333333605978], [-67.65000000259575, 55.38333333965681]]]}, "properties": {"company_id": "lake-victoria-gold", "jurisdiction": "Quebec", "claim_id": "", "claim_name": null, "holder": "Century Sunny Lake Iron Mines Limited", "status": "Active", "recorded_date": null, "anniversary_or_expiry": null, "area_ha": null, "tenure_type": null, "source": "GESTIM active titles (MRNF digital data dump). Not legal title.", "as_of": "2026-09-20", "role": "focus", "color": "#e8b040"}}, {"type": "Feature", "geometry": {"type": "Polygon", "coordinates": [[[-67.64166666437272, 55.38333333605978], [-67.64166666068326, 55.39166666922083], [-67.6333333271568, 55.39166667396778], [-67.63333333151353, 55.38333333958901], [-67.64166666437272, 55.38333333605978]]]}, "properties": {"company_id": "lake-victoria-gold", "jurisdiction": "Quebec", "claim_id": "", "claim_name": null, "holder": "Century Sunny Lake Iron Mines Limited", "status": "Active", "recorded_date": null, "anniversary_or_expiry": null, "area_ha": null, "tenure_type": null, "source": "GESTIM active titles (MRNF digital data dump). Not legal title.", "as_of": "2026-09-20", "role": "focus", "color": "#e8b040"}}, {"type": "Feature", "geometry": {"type": "Polygon", "coordinates": [[[-67.63333333151353, 55.38333333958901], [-67.6333333271568, 55.39166667396778], [-67.62499999923176, 55.39166667691865], [-67.62500000426297, 55.38333334125995], [-67.63333333151353, 55.38333333958901]]]}, "properties": {"company_id": "lake-victoria-gold", "jurisdiction": "Quebec", "claim_id": "", "claim_name": null, "holder": "Century Sunny Lake Iron Mines Limited", "status": "Active", "recorded_date": null, "anniversary_or_expiry": null, "area_ha": null, "tenure_type": null, "source": "GESTIM active titles (MRNF digital data dump). Not legal title.", "as_of": "2026-09-20", "role": "focus", "color": "#e8b040"}}, {"type": "Feature", "geometry": {"type": "Polygon", "coordinates": [[[-67.62500000426297, 55.38333334125995], [-67.62499999923176, 55.39166667691865], [-67.61666666137813, 55.391666668910396], [-67.61666666678077, 55.38333334089237], [-67.62500000426297, 55.38333334125995]]]}, "properties": {"company_id": "lake-victoria-gold", "jurisdiction": "Quebec", "claim_id": "", "claim_name": null, "holder": "Century Sunny Lake Iron Mines Limited", "status": "Active", "recorded_date": null, "anniversary_or_expiry": null, "area_ha": null, "tenure_type": null, "source": "GESTIM active titles (MRNF digital data dump). Not legal title.", "as_of": "2026-09-20", "role": "focus", "color": "#e8b040"}}, {"type": "Feature", "geometry": {"type": "Polygon", "coordinates": [[[-67.61666666678077, 55.38333334089237], [-67.61666666137813, 55.391666668910396], [-67.60833332837588, 55.39166667706746], [-67.60833333478469, 55.38333333866143], [-67.61666666678077, 55.38333334089237]]]}, "properties": {"company_id": "lake-victoria-gold", "jurisdiction": "Quebec", "claim_id": "", "claim_name": null, "holder": "Century Sunny Lake Iron Mines Limited", "status": "Active", "recorded_date": null, "anniversary_or_expiry": null, "area_ha": null, "tenure_type": null, "source": "GESTIM active titles (MRNF digital data dump). Not legal title.", "as_of": "2026-09-20", "role": "focus", "color": "#e8b040"}}, {"type": "Feature", "geometry": {"type": "Polygon", "coordinates": [[[-67.60833333478469, 55.38333333866143], [-67.60833332837588, 55.39166667706746], [-67.60000000110463, 55.39166667443884], [-67.59999999211726, 55.383333343368044], [-67.60833333478469, 55.38333333866143]]]}, "properties": {"company_id": "lake-victoria-gold", "jurisdiction": "Quebec", "claim_id": "", "claim_name": null, "holder": "Century Sunny Lake Iron Mines Limited", "status": "Active", "recorded_date": null, "anniversary_or_expiry": null, "area_ha": null, "tenure_type": null, "source": "GESTIM active titles (MRNF digital data dump). Not legal title.", "as_of": "2026-09-20", "role": "focus", "color": "#e8b040"}}, {"type": "Feature", "geometry": {"type": "Polygon", "coordinates": [[[-67.59999999211726, 55.383333343368044], [-67.60000000110463, 55.39166667443884], [-67.59166666340728, 55.39166666982431], [-67.59166667090771, 55.38333333740472], [-67.59999999211726, 55.383333343368044]]]}, "properties": {"company_id": "lake-victoria-gold", "jurisdiction": "Quebec", "claim_id": "", "claim_name": null, "holder": "Century Sunny Lake Iron Mines Limited", "status": "Active", "recorded_date": null, "anniversary_or_expiry": null, "area_ha": null, "tenure_type": null, "source": "GESTIM active titles (MRNF digital data dump). Not legal title.", "as_of": "2026-09-20", "role": "focus", "color": "#e8b040"}}, {"type": "Feature", "geometry": {"type": "Polygon", "coordinates": [[[-67.59166667090771, 55.38333333740472], [-67.59166666340728, 55.39166666982431], [-67.5833333306834, 55.39166667238525], [-67.58333333890056, 55.383333338373696], [-67.59166667090771, 55.38333333740472]]]}, "properties": {"company_id": "lake-victoria-gold", "jurisdiction": "Quebec", "claim_id": "", "claim_name": null, "holder": "Century Sunny Lake Iron Mines Limited", "status": "Active", "recorded_date": null, "anniversary_or_expiry": null, "area_ha": null, "tenure_type": null, "source": "GESTIM active titles (MRNF digital data dump). Not legal title.", "as_of": "2026-09-20", "role": "focus", "color": "#e8b040"}}, {"type": "Feature", "geometry": {"type": "Polygon", "coordinates": [[[-67.64999999956633, 55.39166667166258], [-67.64999999930463, 55.40000000188542], [-67.64166665927529, 55.400000009588254], [-67.64166666068326, 55.39166666922083], [-67.64999999956633, 55.39166667166258]]]}, "properties": {"company_id": "lake-victoria-gold", "jurisdiction": "Quebec", "claim_id": "", "claim_name": null, "holder": "Century Sunny Lake Iron Mines Limited", "status": "Active", "recorded_date": null, "anniversary_or_expiry": null, "area_ha": null, "tenure_type": null, "source": "GESTIM active titles (MRNF digital data dump). Not legal title.", "as_of": "2026-09-20", "role": "focus", "color": "#e8b040"}}, {"type": "Feature", "geometry": {"type": "Polygon", "coordinates": [[[-67.64166666068326, 55.39166666922083], [-67.64166665927529, 55.400000009588254], [-67.63333332521157, 55.40000000657566], [-67.6333333271568, 55.39166667396778], [-67.64166666068326, 55.39166666922083]]]}, "properties": {"company_id": "lake-victoria-gold", "jurisdiction": "Quebec", "claim_id": "", "claim_name": null, "holder": "Century Sunny Lake Iron Mines Limited", "status": "Active", "recorded_date": null, "anniversary_or_expiry": null, "area_ha": null, "tenure_type": null, "source": "GESTIM active titles (MRNF digital data dump). Not legal title.", "as_of": "2026-09-20", "role": "focus", "color": "#e8b040"}}, {"type": "Feature", "geometry": {"type": "Polygon", "coordinates": [[[-67.6333333271568, 55.39166667396778], [-67.63333332521157, 55.40000000657566], [-67.62499999674579, 55.40000000182953], [-67.62499999923176, 55.39166667691865], [-67.6333333271568, 55.39166667396778]]]}, "properties": {"company_id": "lake-victoria-gold", "jurisdiction": "Quebec", "claim_id": "", "claim_name": null, "holder": "Century Sunny Lake Iron Mines Limited", "status": "Active", "recorded_date": null, "anniversary_or_expiry": null, "area_ha": null, "tenure_type": null, "source": "GESTIM active titles (MRNF digital data dump). Not legal title.", "as_of": "2026-09-20", "role": "focus", "color": "#e8b040"}}, {"type": "Feature", "geometry": {"type": "Polygon", "coordinates": [[[-67.62499999923176, 55.39166667691865], [-67.62499999674579, 55.40000000182953], [-67.61666667350268, 55.40000000433153], [-67.61666666137813, 55.391666668910396], [-67.62499999923176, 55.39166667691865]]]}, "properties": {"company_id": "lake-victoria-gold", "jurisdiction": "Quebec", "claim_id": "", "claim_name": null, "holder": "Century Sunny Lake Iron Mines Limited", "status": "Active", "recorded_date": null, "anniversary_or_expiry": null, "area_ha": null, "tenure_type": null, "source": "GESTIM active titles (MRNF digital data dump). Not legal title.", "as_of": "2026-09-20", "role": "focus", "color": "#e8b040"}}, {"type": "Feature", "geometry": {"type": "Polygon", "coordinates": [[[-67.61666666137813, 55.391666668910396], [-67.61666667350268, 55.40000000433153], [-67.60833333994529, 55.40000000491749], [-67.60833332837588, 55.39166667706746], [-67.61666666137813, 55.391666668910396]]]}, "properties": {"company_id": "lake-victoria-gold", "jurisdiction": "Quebec", "claim_id": "", "claim_name": null, "holder": "Century Sunny Lake Iron Mines Limited", "status": "Active", "recorded_date": null, "anniversary_or_expiry": null, "area_ha": null, "tenure_type": null, "source": "GESTIM active titles (MRNF digital data dump). Not legal title.", "as_of": "2026-09-20", "role": "focus", "color": "#e8b040"}}, {"type": "Feature", "geometry": {"type": "Polygon", "coordinates": [[[-67.60833332837588, 55.39166667706746], [-67.60833333994529, 55.40000000491749], [-67.59999999601233, 55.40000000358253], [-67.60000000110463, 55.39166667443884], [-67.60833332837588, 55.39166667706746]]]}, "properties": {"company_id": "lake-victoria-gold", "jurisdiction": "Quebec", "claim_id": "", "claim_name": null, "holder": "Century Sunny Lake Iron Mines Limited", "status": "Active", "recorded_date": null, "anniversary_or_expiry": null, "area_ha": null, "tenure_type": null, "source": "GESTIM active titles (MRNF digital data dump). Not legal title.", "as_of": "2026-09-20", "role": "focus", "color": "#e8b040"}}, {"type": "Feature", "geometry": {"type": "Polygon", "coordinates": [[[-67.60000000110463, 55.39166667443884], [-67.59999999601233, 55.40000000358253], [-67.59166667289381, 55.40000000966879], [-67.59166666340728, 55.39166666982431], [-67.60000000110463, 55.39166667443884]]]}, "properties": {"company_id": "lake-victoria-gold", "jurisdiction": "Quebec", "claim_id": "", "claim_name": null, "holder": "Century Sunny Lake Iron Mines Limited", "status": "Active", "recorded_date": null, "anniversary_or_expiry": null, "area_ha": null, "tenure_type": null, "source": "GESTIM active titles (MRNF digital data dump). Not legal title.", "as_of": "2026-09-20", "role": "focus", "color": "#e8b040"}}, {"type": "Feature", "geometry": {"type": "Polygon", "coordinates": [[[-67.59166666340728, 55.39166666982431], [-67.59166667289381, 55.40000000966879], [-67.58333333959445, 55.40000000484583], [-67.5833333306834, 55.39166667238525], [-67.59166666340728, 55.39166666982431]]]}, "properties": {"company_id": "lake-victoria-gold", "jurisdiction": "Quebec", "claim_id": "", "claim_name": null, "holder": "Century Sunny Lake Iron Mines Limited", "status": "Active", "recorded_date": null, "anniversary_or_expiry": null, "area_ha": null, "tenure_type": null, "source": "GESTIM active titles (MRNF digital data dump). Not legal title.", "as_of": "2026-09-20", "role": "focus", "color": "#e8b040"}}, {"type": "Feature", "geometry": {"type": "Polygon", "coordinates": [[[-67.6583333286566, 55.400000010245165], [-67.65833333217616, 55.40833333758148], [-67.650000001512, 55.408333339309955], [-67.64999999930463, 55.40000000188542], [-67.6583333286566, 55.400000010245165]]]}, "properties": {"company_id": "lake-victoria-gold", "jurisdiction": "Quebec", "claim_id": "", "claim_name": null, "holder": "Century Sunny Lake Iron Mines Limited", "status": "Active", "recorded_date": null, "anniversary_or_expiry": null, "area_ha": null, "tenure_type": null, "source": "GESTIM active titles (MRNF digital data dump). Not legal title.", "as_of": "2026-09-20", "role": "focus", "color": "#e8b040"}}, {"type": "Feature", "geometry": {"type": "Polygon", "coordinates": [[[-67.64999999930463, 55.40000000188542], [-67.650000001512, 55.408333339309955], [-67.64166666077254, 55.40833333919691], [-67.64166665927529, 55.400000009588254], [-67.64999999930463, 55.40000000188542]]]}, "properties": {"company_id": "lake-victoria-gold", "jurisdiction": "Quebec", "claim_id": "", "claim_name": null, "holder": "Century Sunny Lake Iron Mines Limited", "status": "Active", "recorded_date": null, "anniversary_or_expiry": null, "area_ha": null, "tenure_type": null, "source": "GESTIM active titles (MRNF digital data dump). Not legal title.", "as_of": "2026-09-20", "role": "focus", "color": "#e8b040"}}, {"type": "Feature", "geometry": {"type": "Polygon", "coordinates": [[[-67.64166665927529, 55.400000009588254], [-67.64166666077254, 55.40833333919691], [-67.63333332568531, 55.40833333741413], [-67.63333332521157, 55.40000000657566], [-67.64166665927529, 55.400000009588254]]]}, "properties": {"company_id": "lake-victoria-gold", "jurisdiction": "Quebec", "claim_id": "", "claim_name": null, "holder": "Century Sunny Lake Iron Mines Limited", "status": "Active", "recorded_date": null, "anniversary_or_expiry": null, "area_ha": null, "tenure_type": null, "source": "GESTIM active titles (MRNF digital data dump). Not legal title.", "as_of": "2026-09-20", "role": "focus", "color": "#e8b040"}}, {"type": "Feature", "geometry": {"type": "Polygon", "coordinates": [[[-67.63333332521157, 55.40000000657566], [-67.63333332568531, 55.40833333741413], [-67.62499999587685, 55.4083333429434], [-67.62499999674579, 55.40000000182953], [-67.63333332521157, 55.40000000657566]]]}, "properties": {"company_id": "lake-victoria-gold", "jurisdiction": "Quebec", "claim_id": "", "claim_name": null, "holder": "Century Sunny Lake Iron Mines Limited", "status": "Active", "recorded_date": null, "anniversary_or_expiry": null, "area_ha": null, "tenure_type": null, "source": "GESTIM active titles (MRNF digital data dump). Not legal title.", "as_of": "2026-09-20", "role": "focus", "color": "#e8b040"}}, {"type": "Feature", "geometry": {"type": "Polygon", "coordinates": [[[-67.62499999674579, 55.40000000182953], [-67.62499999587685, 55.4083333429434], [-67.61666667190761, 55.40833333781685], [-67.61666667350268, 55.40000000433153], [-67.62499999674579, 55.40000000182953]]]}, "properties": {"company_id": "lake-victoria-gold", "jurisdiction": "Quebec", "claim_id": "", "claim_name": null, "holder": "Century Sunny Lake Iron Mines Limited", "status": "Active", "recorded_date": null, "anniversary_or_expiry": null, "area_ha": null, "tenure_type": null, "source": "GESTIM active titles (MRNF digital data dump). Not legal title.", "as_of": "2026-09-20", "role": "focus", "color": "#e8b040"}}, {"type": "Feature", "geometry": {"type": "Polygon", "coordinates": [[[-67.61666667350268, 55.40000000433153], [-67.61666667190761, 55.40833333781685], [-67.60833333730137, 55.408333339819826], [-67.60833333994529, 55.40000000491749], [-67.61666667350268, 55.40000000433153]]]}, "properties": {"company_id": "lake-victoria-gold", "jurisdiction": "Quebec", "claim_id": "", "claim_name": null, "holder": "Century Sunny Lake Iron Mines Limited", "status": "Active", "recorded_date": null, "anniversary_or_expiry": null, "area_ha": null, "tenure_type": null, "source": "GESTIM active titles (MRNF digital data dump). Not legal title.", "as_of": "2026-09-20", "role": "focus", "color": "#e8b040"}}, {"type": "Feature", "geometry": {"type": "Polygon", "coordinates": [[[-67.60833333994529, 55.40000000491749], [-67.60833333730137, 55.408333339819826], [-67.59999999230877, 55.40833333996436], [-67.59999999601233, 55.40000000358253], [-67.60833333994529, 55.40000000491749]]]}, "properties": {"company_id": "lake-victoria-gold", "jurisdiction": "Quebec", "claim_id": "", "claim_name": null, "holder": "Century Sunny Lake Iron Mines Limited", "status": "Active", "recorded_date": null, "anniversary_or_expiry": null, "area_ha": null, "tenure_type": null, "source": "GESTIM active titles (MRNF digital data dump). Not legal title.", "as_of": "2026-09-20", "role": "focus", "color": "#e8b040"}}, {"type": "Feature", "geometry": {"type": "Polygon", "coordinates": [[[-67.59999999601233, 55.40000000358253], [-67.59999999230877, 55.40833333996436], [-67.59166666844578, 55.408333338609374], [-67.59166667289381, 55.40000000966879], [-67.59999999601233, 55.40000000358253]]]}, "properties": {"company_id": "lake-victoria-gold", "jurisdiction": "Quebec", "claim_id": "", "claim_name": null, "holder": "Century Sunny Lake Iron Mines Limited", "status": "Active", "recorded_date": null, "anniversary_or_expiry": null, "area_ha": null, "tenure_type": null, "source": "GESTIM active titles (MRNF digital data dump). Not legal title.", "as_of": "2026-09-20", "role": "focus", "color": "#e8b040"}}, {"type": "Feature", "geometry": {"type": "Polygon", "coordinates": [[[-67.66666666831304, 55.40833334317143], [-67.66666665987609, 55.41666667648412], [-67.6583333383526, 55.41666667211477], [-67.65833333217616, 55.40833333758148], [-67.66666666831304, 55.40833334317143]]]}, "properties": {"company_id": "lake-victoria-gold", "jurisdiction": "Quebec", "claim_id": "", "claim_name": null, "holder": "Century Sunny Lake Iron Mines Limited", "status": "Active", "recorded_date": null, "anniversary_or_expiry": null, "area_ha": null, "tenure_type": null, "source": "GESTIM active titles (MRNF digital data dump). Not legal title.", "as_of": "2026-09-20", "role": "focus", "color": "#e8b040"}}, {"type": "Feature", "geometry": {"type": "Polygon", "coordinates": [[[-67.65833333217616, 55.40833333758148], [-67.6583333383526, 55.41666667211477], [-67.65000000650231, 55.41666667495421], [-67.650000001512, 55.408333339309955], [-67.65833333217616, 55.40833333758148]]]}, "properties": {"company_id": "lake-victoria-gold", "jurisdiction": "Quebec", "claim_id": "", "claim_name": null, "holder": "Century Sunny Lake Iron Mines Limited", "status": "Active", "recorded_date": null, "anniversary_or_expiry": null, "area_ha": null, "tenure_type": null, "source": "GESTIM active titles (MRNF digital data dump). Not legal title.", "as_of": "2026-09-20", "role": "focus", "color": "#e8b040"}}, {"type": "Feature", "geometry": {"type": "Polygon", "coordinates": [[[-67.650000001512, 55.408333339309955], [-67.65000000650231, 55.41666667495421], [-67.64166666456633, 55.4166666760145], [-67.64166666077254, 55.40833333919691], [-67.650000001512, 55.408333339309955]]]}, "properties": {"company_id": "lake-victoria-gold", "jurisdiction": "Quebec", "claim_id": "", "claim_name": null, "holder": "Century Sunny Lake Iron Mines Limited", "status": "Active", "recorded_date": null, "anniversary_or_expiry": null, "area_ha": null, "tenure_type": null, "source": "GESTIM active titles (MRNF digital data dump). Not legal title.", "as_of": "2026-09-20", "role": "focus", "color": "#e8b040"}}, {"type": "Feature", "geometry": {"type": "Polygon", "coordinates": [[[-67.64166666077254, 55.40833333919691], [-67.64166666456633, 55.4166666760145], [-67.63333332827546, 55.41666667546748], [-67.63333332568531, 55.40833333741413], [-67.64166666077254, 55.40833333919691]]]}, "properties": {"company_id": "lake-victoria-gold", "jurisdiction": "Quebec", "claim_id": "", "claim_name": null, "holder": "Century Sunny Lake Iron Mines Limited", "status": "Active", "recorded_date": null, "anniversary_or_expiry": null, "area_ha": null, "tenure_type": null, "source": "GESTIM active titles (MRNF digital data dump). Not legal title.", "as_of": "2026-09-20", "role": "focus", "color": "#e8b040"}}, {"type": "Feature", "geometry": {"type": "Polygon", "coordinates": [[[-67.63333332568531, 55.40833333741413], [-67.63333332827546, 55.41666667546748], [-67.62499999756808, 55.41666667331175], [-67.62499999587685, 55.4083333429434], [-67.63333332568531, 55.40833333741413]]]}, "properties": {"company_id": "lake-victoria-gold", "jurisdiction": "Quebec", "claim_id": "", "claim_name": null, "holder": "Century Sunny Lake Iron Mines Limited", "status": "Active", "recorded_date": null, "anniversary_or_expiry": null, "area_ha": null, "tenure_type": null, "source": "GESTIM active titles (MRNF digital data dump). Not legal title.", "as_of": "2026-09-20", "role": "focus", "color": "#e8b040"}}, {"type": "Feature", "geometry": {"type": "Polygon", "coordinates": [[[-67.62499999587685, 55.4083333429434], [-67.62499999756808, 55.41666667331175], [-67.61666667238254, 55.416666669546046], [-67.61666667190761, 55.40833333781685], [-67.62499999587685, 55.4083333429434]]]}, "properties": {"company_id": "lake-victoria-gold", "jurisdiction": "Quebec", "claim_id": "", "claim_name": null, "holder": "Century Sunny Lake Iron Mines Limited", "status": "Active", "recorded_date": null, "anniversary_or_expiry": null, "area_ha": null, "tenure_type": null, "source": "GESTIM active titles (MRNF digital data dump). Not legal title.", "as_of": "2026-09-20", "role": "focus", "color": "#e8b040"}}, {"type": "Feature", "geometry": {"type": "Polygon", "coordinates": [[[-67.61666667190761, 55.40833333781685], [-67.61666667238254, 55.416666669546046], [-67.60833333654918, 55.41666667297215], [-67.60833333730137, 55.408333339819826], [-67.61666667190761, 55.40833333781685]]]}, "properties": {"company_id": "lake-victoria-gold", "jurisdiction": "Quebec", "claim_id": "", "claim_name": null, "holder": "Century Sunny Lake Iron Mines Limited", "status": "Active", "recorded_date": null, "anniversary_or_expiry": null, "area_ha": null, "tenure_type": null, "source": "GESTIM active titles (MRNF digital data dump). Not legal title.", "as_of": "2026-09-20", "role": "focus", "color": "#e8b040"}}, {"type": "Feature", "geometry": {"type": "Polygon", "coordinates": [[[-67.60833333730137, 55.408333339819826], [-67.60833333654918, 55.41666667297215], [-67.60000000611072, 55.41666667478304], [-67.59999999230877, 55.40833333996436], [-67.60833333730137, 55.408333339819826]]]}, "properties": {"company_id": "lake-victoria-gold", "jurisdiction": "Quebec", "claim_id": "", "claim_name": null, "holder": "Century Sunny Lake Iron Mines Limited", "status": "Active", "recorded_date": null, "anniversary_or_expiry": null, "area_ha": null, "tenure_type": null, "source": "GESTIM active titles (MRNF digital data dump). Not legal title.", "as_of": "2026-09-20", "role": "focus", "color": "#e8b040"}}, {"type": "Feature", "geometry": {"type": "Polygon", "coordinates": [[[-67.59999999230877, 55.40833333996436], [-67.60000000611072, 55.41666667478304], [-67.59166666521348, 55.41666667479547], [-67.59166666844578, 55.408333338609374], [-67.59999999230877, 55.40833333996436]]]}, "properties": {"company_id": "lake-victoria-gold", "jurisdiction": "Quebec", "claim_id": "", "claim_name": null, "holder": "Century Sunny Lake Iron Mines Limited", "status": "Active", "recorded_date": null, "anniversary_or_expiry": null, "area_ha": null, "tenure_type": null, "source": "GESTIM active titles (MRNF digital data dump). Not legal title.", "as_of": "2026-09-20", "role": "focus", "color": "#e8b040"}}, {"type": "Feature", "geometry": {"type": "Polygon", "coordinates": [[[-67.66666665987609, 55.41666667648412], [-67.6666666703756, 55.42500000817782], [-67.65833333170225, 55.42500000468972], [-67.6583333383526, 55.41666667211477], [-67.66666665987609, 55.41666667648412]]]}, "properties": {"company_id": "lake-victoria-gold", "jurisdiction": "Quebec", "claim_id": "", "claim_name": null, "holder": "Century Sunny Lake Iron Mines Limited", "status": "Active", "recorded_date": null, "anniversary_or_expiry": null, "area_ha": null, "tenure_type": null, "source": "GESTIM active titles (MRNF digital data dump). Not legal title.", "as_of": "2026-09-20", "role": "focus", "color": "#e8b040"}}, {"type": "Feature", "geometry": {"type": "Polygon", "coordinates": [[[-67.6583333383526, 55.41666667211477], [-67.65833333170225, 55.42500000468972], [-67.64999999848752, 55.425000008645036], [-67.65000000650231, 55.41666667495421], [-67.6583333383526, 55.41666667211477]]]}, "properties": {"company_id": "lake-victoria-gold", "jurisdiction": "Quebec", "claim_id": "", "claim_name": null, "holder": "Century Sunny Lake Iron Mines Limited", "status": "Active", "recorded_date": null, "anniversary_or_expiry": null, "area_ha": null, "tenure_type": null, "source": "GESTIM active titles (MRNF digital data dump). Not legal title.", "as_of": "2026-09-20", "role": "focus", "color": "#e8b040"}}, {"type": "Feature", "geometry": {"type": "Polygon", "coordinates": [[[-67.65000000650231, 55.41666667495421], [-67.64999999848752, 55.425000008645036], [-67.6416666712808, 55.42500000207571], [-67.64166666456633, 55.4166666760145], [-67.65000000650231, 55.41666667495421]]]}, "properties": {"company_id": "lake-victoria-gold", "jurisdiction": "Quebec", "claim_id": "", "claim_name": null, "holder": "Century Sunny Lake Iron Mines Limited", "status": "Active", "recorded_date": null, "anniversary_or_expiry": null, "area_ha": null, "tenure_type": null, "source": "GESTIM active titles (MRNF digital data dump). Not legal title.", "as_of": "2026-09-20", "role": "focus", "color": "#e8b040"}}, {"type": "Feature", "geometry": {"type": "Polygon", "coordinates": [[[-67.64166666456633, 55.4166666760145], [-67.6416666712808, 55.42500000207571], [-67.63333333360984, 55.42500000277056], [-67.63333332827546, 55.41666667546748], [-67.64166666456633, 55.4166666760145]]]}, "properties": {"company_id": "lake-victoria-gold", "jurisdiction": "Quebec", "claim_id": "", "claim_name": null, "holder": "Century Sunny Lake Iron Mines Limited", "status": "Active", "recorded_date": null, "anniversary_or_expiry": null, "area_ha": null, "tenure_type": null, "source": "GESTIM active titles (MRNF digital data dump). Not legal title.", "as_of": "2026-09-20", "role": "focus", "color": "#e8b040"}}, {"type": "Feature", "geometry": {"type": "Polygon", "coordinates": [[[-67.63333332827546, 55.41666667546748], [-67.63333333360984, 55.42500000277056], [-67.62500000151509, 55.42500000191927], [-67.62499999756808, 55.41666667331175], [-67.63333332827546, 55.41666667546748]]]}, "properties": {"company_id": "lake-victoria-gold", "jurisdiction": "Quebec", "claim_id": "", "claim_name": null, "holder": "Century Sunny Lake Iron Mines Limited", "status": "Active", "recorded_date": null, "anniversary_or_expiry": null, "area_ha": null, "tenure_type": null, "source": "GESTIM active titles (MRNF digital data dump). Not legal title.", "as_of": "2026-09-20", "role": "focus", "color": "#e8b040"}}, {"type": "Feature", "geometry": {"type": "Polygon", "coordinates": [[[-67.62499999756808, 55.41666667331175], [-67.62500000151509, 55.42500000191927], [-67.61666665882528, 55.42500000832485], [-67.61666667238254, 55.416666669546046], [-67.62499999756808, 55.41666667331175]]]}, "properties": {"company_id": "lake-victoria-gold", "jurisdiction": "Quebec", "claim_id": "", "claim_name": null, "holder": "Century Sunny Lake Iron Mines Limited", "status": "Active", "recorded_date": null, "anniversary_or_expiry": null, "area_ha": null, "tenure_type": null, "source": "GESTIM active titles (MRNF digital data dump). Not legal title.", "as_of": "2026-09-20", "role": "focus", "color": "#e8b040"}}, {"type": "Feature", "geometry": {"type": "Polygon", "coordinates": [[[-67.61666667238254, 55.416666669546046], [-67.61666665882528, 55.42500000832485], [-67.60833333769605, 55.42500000437571], [-67.60833333654918, 55.41666667297215], [-67.61666667238254, 55.416666669546046]]]}, "properties": {"company_id": "lake-victoria-gold", "jurisdiction": "Quebec", "claim_id": "", "claim_name": null, "holder": "Century Sunny Lake Iron Mines Limited", "status": "Active", "recorded_date": null, "anniversary_or_expiry": null, "area_ha": null, "tenure_type": null, "source": "GESTIM active titles (MRNF digital data dump). Not legal title.", "as_of": "2026-09-20", "role": "focus", "color": "#e8b040"}}, {"type": "Feature", "geometry": {"type": "Polygon", "coordinates": [[[-67.60833333654918, 55.41666667297215], [-67.60833333769605, 55.42500000437571], [-67.6000000058446, 55.42500000767849], [-67.60000000611072, 55.41666667478304], [-67.60833333654918, 55.41666667297215]]]}, "properties": {"company_id": "lake-victoria-gold", "jurisdiction": "Quebec", "claim_id": "", "claim_name": null, "holder": "Century Sunny Lake Iron Mines Limited", "status": "Active", "recorded_date": null, "anniversary_or_expiry": null, "area_ha": null, "tenure_type": null, "source": "GESTIM active titles (MRNF digital data dump). Not legal title.", "as_of": "2026-09-20", "role": "focus", "color": "#e8b040"}}, {"type": "Feature", "geometry": {"type": "Polygon", "coordinates": [[[-67.70833332571762, 55.42500001021374], [-67.7083333311239, 55.43333333558619], [-67.69999999279399, 55.43333334085253], [-67.70000000497453, 55.4250000059176], [-67.70833332571762, 55.42500001021374]]]}, "properties": {"company_id": "lake-victoria-gold", "jurisdiction": "Quebec", "claim_id": "", "claim_name": null, "holder": "Century Sunny Lake Iron Mines Limited", "status": "Active", "recorded_date": null, "anniversary_or_expiry": null, "area_ha": null, "tenure_type": null, "source": "GESTIM active titles (MRNF digital data dump). Not legal title.", "as_of": "2026-09-20", "role": "focus", "color": "#e8b040"}}, {"type": "Feature", "geometry": {"type": "Polygon", "coordinates": [[[-67.70000000497453, 55.4250000059176], [-67.69999999279399, 55.43333334085253], [-67.6916666608283, 55.43333333566859], [-67.69166667421565, 55.42500000890885], [-67.70000000497453, 55.4250000059176]]]}, "properties": {"company_id": "lake-victoria-gold", "jurisdiction": "Quebec", "claim_id": "", "claim_name": null, "holder": "Century Sunny Lake Iron Mines Limited", "status": "Active", "recorded_date": null, "anniversary_or_expiry": null, "area_ha": null, "tenure_type": null, "source": "GESTIM active titles (MRNF digital data dump). Not legal title.", "as_of": "2026-09-20", "role": "focus", "color": "#e8b040"}}, {"type": "Feature", "geometry": {"type": "Polygon", "coordinates": [[[-67.67499999907987, 55.42500000995631], [-67.67499999846098, 55.43333333869113], [-67.66666666823112, 55.43333333790954], [-67.6666666703756, 55.42500000817782], [-67.67499999907987, 55.42500000995631]]]}, "properties": {"company_id": "lake-victoria-gold", "jurisdiction": "Quebec", "claim_id": "", "claim_name": null, "holder": "Century Sunny Lake Iron Mines Limited", "status": "Active", "recorded_date": null, "anniversary_or_expiry": null, "area_ha": null, "tenure_type": null, "source": "GESTIM active titles (MRNF digital data dump). Not legal title.", "as_of": "2026-09-20", "role": "focus", "color": "#e8b040"}}, {"type": "Feature", "geometry": {"type": "Polygon", "coordinates": [[[-67.6666666703756, 55.42500000817782], [-67.66666666823112, 55.43333333790954], [-67.658333328022, 55.433333335480725], [-67.65833333170225, 55.42500000468972], [-67.6666666703756, 55.42500000817782]]]}, "properties": {"company_id": "lake-victoria-gold", "jurisdiction": "Quebec", "claim_id": "", "claim_name": null, "holder": "Century Sunny Lake Iron Mines Limited", "status": "Active", "recorded_date": null, "anniversary_or_expiry": null, "area_ha": null, "tenure_type": null, "source": "GESTIM active titles (MRNF digital data dump). Not legal title.", "as_of": "2026-09-20", "role": "focus", "color": "#e8b040"}}, {"type": "Feature", "geometry": {"type": "Polygon", "coordinates": [[[-67.65833333170225, 55.42500000468972], [-67.658333328022, 55.433333335480725], [-67.64999999326442, 55.43333334055785], [-67.64999999848752, 55.425000008645036], [-67.65833333170225, 55.42500000468972]]]}, "properties": {"company_id": "lake-victoria-gold", "jurisdiction": "Quebec", "claim_id": "", "claim_name": null, "holder": "Century Sunny Lake Iron Mines Limited", "status": "Active", "recorded_date": null, "anniversary_or_expiry": null, "area_ha": null, "tenure_type": null, "source": "GESTIM active titles (MRNF digital data dump). Not legal title.", "as_of": "2026-09-20", "role": "focus", "color": "#e8b040"}}, {"type": "Feature", "geometry": {"type": "Polygon", "coordinates": [[[-67.64999999848752, 55.425000008645036], [-67.64999999326442, 55.43333334055785], [-67.64166666450788, 55.43333333517296], [-67.6416666712808, 55.42500000207571], [-67.64999999848752, 55.425000008645036]]]}, "properties": {"company_id": "lake-victoria-gold", "jurisdiction": "Quebec", "claim_id": "", "claim_name": null, "holder": "Century Sunny Lake Iron Mines Limited", "status": "Active", "recorded_date": null, "anniversary_or_expiry": null, "area_ha": null, "tenure_type": null, "source": "GESTIM active titles (MRNF digital data dump). Not legal title.", "as_of": "2026-09-20", "role": "focus", "color": "#e8b040"}}, {"type": "Feature", "geometry": {"type": "Polygon", "coordinates": [[[-67.63333333360984, 55.42500000277056], [-67.63333332527651, 55.43333333711463], [-67.6250000074131, 55.43333333775019], [-67.62500000151509, 55.42500000191927], [-67.63333333360984, 55.42500000277056]]]}, "properties": {"company_id": "lake-victoria-gold", "jurisdiction": "Quebec", "claim_id": "", "claim_name": null, "holder": "Century Sunny Lake Iron Mines Limited", "status": "Active", "recorded_date": null, "anniversary_or_expiry": null, "area_ha": null, "tenure_type": null, "source": "GESTIM active titles (MRNF digital data dump). Not legal title.", "as_of": "2026-09-20", "role": "focus", "color": "#e8b040"}}, {"type": "Feature", "geometry": {"type": "Polygon", "coordinates": [[[-67.62500000151509, 55.42500000191927], [-67.6250000074131, 55.43333333775019], [-67.61666666345906, 55.433333336545566], [-67.61666665882528, 55.42500000832485], [-67.62500000151509, 55.42500000191927]]]}, "properties": {"company_id": "lake-victoria-gold", "jurisdiction": "Quebec", "claim_id": "", "claim_name": null, "holder": "Century Sunny Lake Iron Mines Limited", "status": "Active", "recorded_date": null, "anniversary_or_expiry": null, "area_ha": null, "tenure_type": null, "source": "GESTIM active titles (MRNF digital data dump). Not legal title.", "as_of": "2026-09-20", "role": "focus", "color": "#e8b040"}}, {"type": "Feature", "geometry": {"type": "Polygon", "coordinates": [[[-67.61666665882528, 55.42500000832485], [-67.61666666345906, 55.433333336545566], [-67.60833334043326, 55.43333334301503], [-67.60833333769605, 55.42500000437571], [-67.61666665882528, 55.42500000832485]]]}, "properties": {"company_id": "lake-victoria-gold", "jurisdiction": "Quebec", "claim_id": "", "claim_name": null, "holder": "Century Sunny Lake Iron Mines Limited", "status": "Active", "recorded_date": null, "anniversary_or_expiry": null, "area_ha": null, "tenure_type": null, "source": "GESTIM active titles (MRNF digital data dump). Not legal title.", "as_of": "2026-09-20", "role": "focus", "color": "#e8b040"}}, {"type": "Feature", "geometry": {"type": "Polygon", "coordinates": [[[-67.67499999846098, 55.43333333869113], [-67.675000000876, 55.44166667461478], [-67.66666666894015, 55.44166667483594], [-67.66666666823112, 55.43333333790954], [-67.67499999846098, 55.43333333869113]]]}, "properties": {"company_id": "lake-victoria-gold", "jurisdiction": "Quebec", "claim_id": "", "claim_name": null, "holder": "Century Sunny Lake Iron Mines Limited", "status": "Active", "recorded_date": null, "anniversary_or_expiry": null, "area_ha": null, "tenure_type": null, "source": "GESTIM active titles (MRNF digital data dump). Not legal title.", "as_of": "2026-09-20", "role": "focus", "color": "#e8b040"}}, {"type": "Feature", "geometry": {"type": "Polygon", "coordinates": [[[-67.66666666823112, 55.43333333790954], [-67.66666666894015, 55.44166667483594], [-67.65833332701484, 55.441666673472454], [-67.658333328022, 55.433333335480725], [-67.66666666823112, 55.43333333790954]]]}, "properties": {"company_id": "lake-victoria-gold", "jurisdiction": "Quebec", "claim_id": "", "claim_name": null, "holder": "Century Sunny Lake Iron Mines Limited", "status": "Active", "recorded_date": null, "anniversary_or_expiry": null, "area_ha": null, "tenure_type": null, "source": "GESTIM active titles (MRNF digital data dump). Not legal title.", "as_of": "2026-09-20", "role": "focus", "color": "#e8b040"}}, {"type": "Feature", "geometry": {"type": "Polygon", "coordinates": [[[-67.658333328022, 55.433333335480725], [-67.65833332701484, 55.441666673472454], [-67.65000000664313, 55.44166667086845], [-67.64999999326442, 55.43333334055785], [-67.658333328022, 55.433333335480725]]]}, "properties": {"company_id": "lake-victoria-gold", "jurisdiction": "Quebec", "claim_id": "", "claim_name": null, "holder": "Century Sunny Lake Iron Mines Limited", "status": "Active", "recorded_date": null, "anniversary_or_expiry": null, "area_ha": null, "tenure_type": null, "source": "GESTIM active titles (MRNF digital data dump). Not legal title.", "as_of": "2026-09-20", "role": "focus", "color": "#e8b040"}}, {"type": "Feature", "geometry": {"type": "Polygon", "coordinates": [[[-67.64999999326442, 55.43333334055785], [-67.65000000664313, 55.44166667086845], [-67.64166666004729, 55.44166667548281], [-67.64166666450788, 55.43333333517296], [-67.64999999326442, 55.43333334055785]]]}, "properties": {"company_id": "lake-victoria-gold", "jurisdiction": "Quebec", "claim_id": "", "claim_name": null, "holder": "Century Sunny Lake Iron Mines Limited", "status": "Active", "recorded_date": null, "anniversary_or_expiry": null, "area_ha": null, "tenure_type": null, "source": "GESTIM active titles (MRNF digital data dump). Not legal title.", "as_of": "2026-09-20", "role": "focus", "color": "#e8b040"}}, {"type": "Feature", "geometry": {"type": "Polygon", "coordinates": [[[-67.64166666450788, 55.43333333517296], [-67.64166666004729, 55.44166667548281], [-67.63333333518794, 55.441666669870614], [-67.63333332527651, 55.43333333711463], [-67.64166666450788, 55.43333333517296]]]}, "properties": {"company_id": "lake-victoria-gold", "jurisdiction": "Quebec", "claim_id": "", "claim_name": null, "holder": "Century Sunny Lake Iron Mines Limited", "status": "Active", "recorded_date": null, "anniversary_or_expiry": null, "area_ha": null, "tenure_type": null, "source": "GESTIM active titles (MRNF digital data dump). Not legal title.", "as_of": "2026-09-20", "role": "focus", "color": "#e8b040"}}, {"type": "Feature", "geometry": {"type": "Polygon", "coordinates": [[[-67.63333332527651, 55.43333333711463], [-67.63333333518794, 55.441666669870614], [-67.62499999977943, 55.44166667164508], [-67.6250000074131, 55.43333333775019], [-67.63333332527651, 55.43333333711463]]]}, "properties": {"company_id": "lake-victoria-gold", "jurisdiction": "Quebec", "claim_id": "", "claim_name": null, "holder": "Century Sunny Lake Iron Mines Limited", "status": "Active", "recorded_date": null, "anniversary_or_expiry": null, "area_ha": null, "tenure_type": null, "source": "GESTIM active titles (MRNF digital data dump). Not legal title.", "as_of": "2026-09-20", "role": "focus", "color": "#e8b040"}}, {"type": "Feature", "geometry": {"type": "Polygon", "coordinates": [[[-67.6250000074131, 55.43333333775019], [-67.62499999977943, 55.44166667164508], [-67.61666666987082, 55.441666671997005], [-67.61666666345906, 55.433333336545566], [-67.6250000074131, 55.43333333775019]]]}, "properties": {"company_id": "lake-victoria-gold", "jurisdiction": "Quebec", "claim_id": "", "claim_name": null, "holder": "Century Sunny Lake Iron Mines Limited", "status": "Active", "recorded_date": null, "anniversary_or_expiry": null, "area_ha": null, "tenure_type": null, "source": "GESTIM active titles (MRNF digital data dump). Not legal title.", "as_of": "2026-09-20", "role": "focus", "color": "#e8b040"}}, {"type": "Feature", "geometry": {"type": "Polygon", "coordinates": [[[-67.61666666345906, 55.433333336545566], [-67.61666666987082, 55.441666671997005], [-67.60833332959805, 55.44166667074514], [-67.60833334043326, 55.43333334301503], [-67.61666666345906, 55.433333336545566]]]}, "properties": {"company_id": "lake-victoria-gold", "jurisdiction": "Quebec", "claim_id": "", "claim_name": null, "holder": "Century Sunny Lake Iron Mines Limited", "status": "Active", "recorded_date": null, "anniversary_or_expiry": null, "area_ha": null, "tenure_type": null, "source": "GESTIM active titles (MRNF digital data dump). Not legal title.", "as_of": "2026-09-20", "role": "focus", "color": "#e8b040"}}, {"type": "Feature", "geometry": {"type": "Polygon", "coordinates": [[[-67.66666666894015, 55.44166667483594], [-67.66666667281329, 55.450000009974914], [-67.65833332899325, 55.45000000968271], [-67.65833332701484, 55.441666673472454], [-67.66666666894015, 55.44166667483594]]]}, "properties": {"company_id": "lake-victoria-gold", "jurisdiction": "Quebec", "claim_id": "", "claim_name": null, "holder": "Century Sunny Lake Iron Mines Limited", "status": "Active", "recorded_date": null, "anniversary_or_expiry": null, "area_ha": null, "tenure_type": null, "source": "GESTIM active titles (MRNF digital data dump). Not legal title.", "as_of": "2026-09-20", "role": "focus", "color": "#e8b040"}}, {"type": "Feature", "geometry": {"type": "Polygon", "coordinates": [[[-67.65833332701484, 55.441666673472454], [-67.65833332899325, 55.45000000968271], [-67.65000000672315, 55.45000000821259], [-67.65000000664313, 55.44166667086845], [-67.65833332701484, 55.441666673472454]]]}, "properties": {"company_id": "lake-victoria-gold", "jurisdiction": "Quebec", "claim_id": "", "claim_name": null, "holder": "Century Sunny Lake Iron Mines Limited", "status": "Active", "recorded_date": null, "anniversary_or_expiry": null, "area_ha": null, "tenure_type": null, "source": "GESTIM active titles (MRNF digital data dump). Not legal title.", "as_of": "2026-09-20", "role": "focus", "color": "#e8b040"}}, {"type": "Feature", "geometry": {"type": "Polygon", "coordinates": [[[-67.65000000664313, 55.44166667086845], [-67.65000000672315, 55.45000000821259], [-67.64166667432946, 55.45000000521542], [-67.64166666004729, 55.44166667548281], [-67.65000000664313, 55.44166667086845]]]}, "properties": {"company_id": "lake-victoria-gold", "jurisdiction": "Quebec", "claim_id": "", "claim_name": null, "holder": "Century Sunny Lake Iron Mines Limited", "status": "Active", "recorded_date": null, "anniversary_or_expiry": null, "area_ha": null, "tenure_type": null, "source": "GESTIM active titles (MRNF digital data dump). Not legal title.", "as_of": "2026-09-20", "role": "focus", "color": "#e8b040"}}, {"type": "Feature", "geometry": {"type": "Polygon", "coordinates": [[[-67.64166666004729, 55.44166667548281], [-67.64166667432946, 55.45000000521542], [-67.63333333143981, 55.450000009669964], [-67.63333333518794, 55.441666669870614], [-67.64166666004729, 55.44166667548281]]]}, "properties": {"company_id": "lake-victoria-gold", "jurisdiction": "Quebec", "claim_id": "", "claim_name": null, "holder": "Century Sunny Lake Iron Mines Limited", "status": "Active", "recorded_date": null, "anniversary_or_expiry": null, "area_ha": null, "tenure_type": null, "source": "GESTIM active titles (MRNF digital data dump). Not legal title.", "as_of": "2026-09-20", "role": "focus", "color": "#e8b040"}}, {"type": "Feature", "geometry": {"type": "Polygon", "coordinates": [[[-67.63333333518794, 55.441666669870614], [-67.63333333143981, 55.450000009669964], [-67.6249999944172, 55.45000000378277], [-67.62499999977943, 55.44166667164508], [-67.63333333518794, 55.441666669870614]]]}, "properties": {"company_id": "lake-victoria-gold", "jurisdiction": "Quebec", "claim_id": "", "claim_name": null, "holder": "Century Sunny Lake Iron Mines Limited", "status": "Active", "recorded_date": null, "anniversary_or_expiry": null, "area_ha": null, "tenure_type": null, "source": "GESTIM active titles (MRNF digital data dump). Not legal title.", "as_of": "2026-09-20", "role": "focus", "color": "#e8b040"}}, {"type": "Feature", "geometry": {"type": "Polygon", "coordinates": [[[-67.66666667281329, 55.450000009974914], [-67.66666666404927, 55.4583333431555], [-67.65833333396502, 55.458333344112766], [-67.65833332899325, 55.45000000968271], [-67.66666667281329, 55.450000009974914]]]}, "properties": {"company_id": "lake-victoria-gold", "jurisdiction": "Quebec", "claim_id": "", "claim_name": null, "holder": "Century Sunny Lake Iron Mines Limited", "status": "Active", "recorded_date": null, "anniversary_or_expiry": null, "area_ha": null, "tenure_type": null, "source": "GESTIM active titles (MRNF digital data dump). Not legal title.", "as_of": "2026-09-20", "role": "focus", "color": "#e8b040"}}, {"type": "Feature", "geometry": {"type": "Polygon", "coordinates": [[[-67.65000000672315, 55.45000000821259], [-67.6499999938088, 55.45833334360805], [-67.64166665932775, 55.458333341812335], [-67.64166667432946, 55.45000000521542], [-67.65000000672315, 55.45000000821259]]]}, "properties": {"company_id": "lake-victoria-gold", "jurisdiction": "Quebec", "claim_id": "", "claim_name": null, "holder": "Century Sunny Lake Iron Mines Limited", "status": "Active", "recorded_date": null, "anniversary_or_expiry": null, "area_ha": null, "tenure_type": null, "source": "GESTIM active titles (MRNF digital data dump). Not legal title.", "as_of": "2026-09-20", "role": "focus", "color": "#e8b040"}}, {"type": "Feature", "geometry": {"type": "Polygon", "coordinates": [[[-67.26666666883189, 55.26666667067384], [-67.26666666084996, 55.27500000583747], [-67.25833333786927, 55.275000004196215], [-67.2583333283282, 55.26666667386828], [-67.26666666883189, 55.26666667067384]]]}, "properties": {"company_id": "lake-victoria-gold", "jurisdiction": "Quebec", "claim_id": "", "claim_name": null, "holder": "Century Sunny Lake Iron Mines Limited", "status": "Active", "recorded_date": null, "anniversary_or_expiry": null, "area_ha": null, "tenure_type": null, "source": "GESTIM active titles (MRNF digital data dump). Not legal title.", "as_of": "2026-09-20", "role": "focus", "color": "#e8b040"}}, {"type": "Feature", "geometry": {"type": "Polygon", "coordinates": [[[-67.2583333283282, 55.26666667386828], [-67.25833333786927, 55.275000004196215], [-67.25000000170063, 55.27500000852797], [-67.25000000650218, 55.266666674440714], [-67.2583333283282, 55.26666667386828]]]}, "properties": {"company_id": "lake-victoria-gold", "jurisdiction": "Quebec", "claim_id": "", "claim_name": null, "holder": "Century Sunny Lake Iron Mines Limited", "status": "Active", "recorded_date": null, "anniversary_or_expiry": null, "area_ha": null, "tenure_type": null, "source": "GESTIM active titles (MRNF digital data dump). Not legal title.", "as_of": "2026-09-20", "role": "focus", "color": "#e8b040"}}, {"type": "Feature", "geometry": {"type": "Polygon", "coordinates": [[[-67.26666666084996, 55.27500000583747], [-67.2666666631002, 55.28333333972679], [-67.25833332560559, 55.283333341791014], [-67.25833333786927, 55.275000004196215], [-67.26666666084996, 55.27500000583747]]]}, "properties": {"company_id": "lake-victoria-gold", "jurisdiction": "Quebec", "claim_id": "", "claim_name": null, "holder": "Century Sunny Lake Iron Mines Limited", "status": "Active", "recorded_date": null, "anniversary_or_expiry": null, "area_ha": null, "tenure_type": null, "source": "GESTIM active titles (MRNF digital data dump). Not legal title.", "as_of": "2026-09-20", "role": "focus", "color": "#e8b040"}}, {"type": "Feature", "geometry": {"type": "Polygon", "coordinates": [[[-66.80833333249338, 54.983333338783034], [-66.80833332773229, 54.99166667583426], [-66.79999999322641, 54.99166666854556], [-66.80000000588825, 54.9833333427314], [-66.80833333249338, 54.983333338783034]]]}, "properties": {"company_id": "lake-victoria-gold", "jurisdiction": "Quebec", "claim_id": "", "claim_name": null, "holder": "Century Sunny Lake Iron Mines Limited", "status": "Active", "recorded_date": null, "anniversary_or_expiry": null, "area_ha": null, "tenure_type": null, "source": "GESTIM active titles (MRNF digital data dump). Not legal title.", "as_of": "2026-09-20", "role": "focus", "color": "#e8b040"}}, {"type": "Feature", "geometry": {"type": "Polygon", "coordinates": [[[-66.80000000588825, 54.9833333427314], [-66.79999999322641, 54.99166666854556], [-66.7916666577391, 54.99166667415428], [-66.79166666368175, 54.98333334127485], [-66.80000000588825, 54.9833333427314]]]}, "properties": {"company_id": "lake-victoria-gold", "jurisdiction": "Quebec", "claim_id": "", "claim_name": null, "holder": "Century Sunny Lake Iron Mines Limited", "status": "Active", "recorded_date": null, "anniversary_or_expiry": null, "area_ha": null, "tenure_type": null, "source": "GESTIM active titles (MRNF digital data dump). Not legal title.", "as_of": "2026-09-20", "role": "focus", "color": "#e8b040"}}, {"type": "Feature", "geometry": {"type": "Polygon", "coordinates": [[[-66.79166666368175, 54.98333334127485], [-66.7916666577391, 54.99166667415428], [-66.78333333781012, 54.99166667498132], [-66.78333333704612, 54.98333333497539], [-66.79166666368175, 54.98333334127485]]]}, "properties": {"company_id": "lake-victoria-gold", "jurisdiction": "Quebec", "claim_id": "", "claim_name": null, "holder": "Century Sunny Lake Iron Mines Limited", "status": "Active", "recorded_date": null, "anniversary_or_expiry": null, "area_ha": null, "tenure_type": null, "source": "GESTIM active titles (MRNF digital data dump). Not legal title.", "as_of": "2026-09-20", "role": "focus", "color": "#e8b040"}}, {"type": "Feature", "geometry": {"type": "Polygon", "coordinates": [[[-66.82499999698821, 54.9916666752423], [-66.82499999432912, 55.00000000687893], [-66.81666666671467, 55.00000000761515], [-66.81666666278822, 54.99166666908522], [-66.82499999698821, 54.9916666752423]]]}, "properties": {"company_id": "lake-victoria-gold", "jurisdiction": "Quebec", "claim_id": "", "claim_name": null, "holder": "Century Sunny Lake Iron Mines Limited", "status": "Active", "recorded_date": null, "anniversary_or_expiry": null, "area_ha": null, "tenure_type": null, "source": "GESTIM active titles (MRNF digital data dump). Not legal title.", "as_of": "2026-09-20", "role": "focus", "color": "#e8b040"}}, {"type": "Feature", "geometry": {"type": "Polygon", "coordinates": [[[-66.80833332773229, 54.99166667583426], [-66.80833333920798, 55.000000003358956], [-66.799999995639, 55.000000002803326], [-66.79999999322641, 54.99166666854556], [-66.80833332773229, 54.99166667583426]]]}, "properties": {"company_id": "lake-victoria-gold", "jurisdiction": "Quebec", "claim_id": "", "claim_name": null, "holder": "Century Sunny Lake Iron Mines Limited", "status": "Active", "recorded_date": null, "anniversary_or_expiry": null, "area_ha": null, "tenure_type": null, "source": "GESTIM active titles (MRNF digital data dump). Not legal title.", "as_of": "2026-09-20", "role": "focus", "color": "#e8b040"}}, {"type": "Feature", "geometry": {"type": "Polygon", "coordinates": [[[-66.79999999322641, 54.99166666854556], [-66.799999995639, 55.000000002803326], [-66.7916666671873, 55.0000000065082], [-66.7916666577391, 54.99166667415428], [-66.79999999322641, 54.99166666854556]]]}, "properties": {"company_id": "lake-victoria-gold", "jurisdiction": "Quebec", "claim_id": "", "claim_name": null, "holder": "Century Sunny Lake Iron Mines Limited", "status": "Active", "recorded_date": null, "anniversary_or_expiry": null, "area_ha": null, "tenure_type": null, "source": "GESTIM active titles (MRNF digital data dump). Not legal title.", "as_of": "2026-09-20", "role": "focus", "color": "#e8b040"}}, {"type": "Feature", "geometry": {"type": "Polygon", "coordinates": [[[-66.86666666978931, 55.01666667653474], [-66.86666666748023, 55.02500000841606], [-66.85833332849526, 55.025000008428904], [-66.85833334030966, 55.01666667020539], [-66.86666666978931, 55.01666667653474]]]}, "properties": {"company_id": "lake-victoria-gold", "jurisdiction": "Quebec", "claim_id": "", "claim_name": null, "holder": "Century Sunny Lake Iron Mines Limited", "status": "Active", "recorded_date": null, "anniversary_or_expiry": null, "area_ha": null, "tenure_type": null, "source": "GESTIM active titles (MRNF digital data dump). Not legal title.", "as_of": "2026-09-20", "role": "focus", "color": "#e8b040"}}, {"type": "Feature", "geometry": {"type": "Polygon", "coordinates": [[[-66.85833332849526, 55.025000008428904], [-66.85833333402245, 55.03333333706723], [-66.85000000133938, 55.033333338975964], [-66.85000000550927, 55.02500000392577], [-66.85833332849526, 55.025000008428904]]]}, "properties": {"company_id": "lake-victoria-gold", "jurisdiction": "Quebec", "claim_id": "", "claim_name": null, "holder": "Century Sunny Lake Iron Mines Limited", "status": "Active", "recorded_date": null, "anniversary_or_expiry": null, "area_ha": null, "tenure_type": null, "source": "GESTIM active titles (MRNF digital data dump). Not legal title.", "as_of": "2026-09-20", "role": "focus", "color": "#e8b040"}}, {"type": "Feature", "geometry": {"type": "Polygon", "coordinates": [[[-79.5083334166853, 49.91666667807554], [-79.50833341790766, 49.925000011187095], [-79.50000009090152, 49.92500000644954], [-79.5000000918384, 49.916666676976725], [-79.5083334166853, 49.91666667807554]]]}, "properties": {"company_id": "lake-victoria-gold", "jurisdiction": "Quebec", "claim_id": "", "claim_name": null, "holder": "Kirkland Lake Gold inc.", "status": "Active", "recorded_date": null, "anniversary_or_expiry": null, "area_ha": null, "tenure_type": null, "source": "GESTIM active titles (MRNF digital data dump). Not legal title.", "as_of": "2026-09-20", "role": "focus", "color": "#e8b040"}}, {"type": "Feature", "geometry": {"type": "Polygon", "coordinates": [[[-79.51666675027542, 49.91666667381649], [-79.5166667536508, 49.925000010596555], [-79.50833341790766, 49.925000011187095], [-79.5083334166853, 49.91666667807554], [-79.51666675027542, 49.91666667381649]]]}, "properties": {"company_id": "lake-victoria-gold", "jurisdiction": "Quebec", "claim_id": "", "claim_name": null, "holder": "Kirkland Lake Gold inc.", "status": "Active", "recorded_date": null, "anniversary_or_expiry": null, "area_ha": null, "tenure_type": null, "source": "GESTIM active titles (MRNF digital data dump). Not legal title.", "as_of": "2026-09-20", "role": "focus", "color": "#e8b040"}}, {"type": "Feature", "geometry": {"type": "Polygon", "coordinates": [[[-66.81666666278822, 54.99166666908522], [-66.81666666671467, 55.00000000761515], [-66.80833333920798, 55.000000003358956], [-66.80833332773229, 54.99166667583426], [-66.81666666278822, 54.99166666908522]]]}, "properties": {"company_id": "lake-victoria-gold", "jurisdiction": "Quebec", "claim_id": "", "claim_name": null, "holder": "Century Sunny Lake Iron Mines Limited", "status": "Active", "recorded_date": null, "anniversary_or_expiry": null, "area_ha": null, "tenure_type": null, "source": "GESTIM active titles (MRNF digital data dump). Not legal title.", "as_of": "2026-09-20", "role": "focus", "color": "#e8b040"}}, {"type": "Feature", "geometry": {"type": "Polygon", "coordinates": [[[-67.59999999500307, 55.36666667616346], [-67.60000000060394, 55.37500001073054], [-67.59166666414654, 55.375000003061956], [-67.59166665857961, 55.366666675959735], [-67.59999999500307, 55.36666667616346]]]}, "properties": {"company_id": "lake-victoria-gold", "jurisdiction": "Quebec", "claim_id": "", "claim_name": null, "holder": "Century Sunny Lake Iron Mines Limited", "status": "Active", "recorded_date": null, "anniversary_or_expiry": null, "area_ha": null, "tenure_type": null, "source": "GESTIM active titles (MRNF digital data dump). Not legal title.", "as_of": "2026-09-20", "role": "focus", "color": "#e8b040"}}, {"type": "Feature", "geometry": {"type": "Polygon", "coordinates": [[[-67.6416666712808, 55.42500000207571], [-67.64166666450788, 55.43333333517296], [-67.63333332527651, 55.43333333711463], [-67.63333333360984, 55.42500000277056], [-67.6416666712808, 55.42500000207571]]]}, "properties": {"company_id": "lake-victoria-gold", "jurisdiction": "Quebec", "claim_id": "", "claim_name": null, "holder": "Century Sunny Lake Iron Mines Limited", "status": "Active", "recorded_date": null, "anniversary_or_expiry": null, "area_ha": null, "tenure_type": null, "source": "GESTIM active titles (MRNF digital data dump). Not legal title.", "as_of": "2026-09-20", "role": "focus", "color": "#e8b040"}}, {"type": "Feature", "geometry": {"type": "Polygon", "coordinates": [[[-67.65833332899325, 55.45000000968271], [-67.65833333396502, 55.458333344112766], [-67.6499999938088, 55.45833334360805], [-67.65000000672315, 55.45000000821259], [-67.65833332899325, 55.45000000968271]]]}, "properties": {"company_id": "lake-victoria-gold", "jurisdiction": "Quebec", "claim_id": "", "claim_name": null, "holder": "Century Sunny Lake Iron Mines Limited", "status": "Active", "recorded_date": null, "anniversary_or_expiry": null, "area_ha": null, "tenure_type": null, "source": "GESTIM active titles (MRNF digital data dump). Not legal title.", "as_of": "2026-09-20", "role": "focus", "color": "#e8b040"}}, {"type": "Feature", "geometry": {"type": "Polygon", "coordinates": [[[-67.25833333786927, 55.275000004196215], [-67.25833332560559, 55.283333341791014], [-67.25000000677687, 55.28333334135728], [-67.25000000170063, 55.27500000852797], [-67.25833333786927, 55.275000004196215]]]}, "properties": {"company_id": "lake-victoria-gold", "jurisdiction": "Quebec", "claim_id": "", "claim_name": null, "holder": "Century Sunny Lake Iron Mines Limited", "status": "Active", "recorded_date": null, "anniversary_or_expiry": null, "area_ha": null, "tenure_type": null, "source": "GESTIM active titles (MRNF digital data dump). Not legal title.", "as_of": "2026-09-20", "role": "focus", "color": "#e8b040"}}, {"type": "Feature", "geometry": {"type": "Polygon", "coordinates": [[[-71.89999999817931, 45.025000001476435], [-71.90000000101531, 45.03333333950435], [-71.89166666874888, 45.03333333903542], [-71.89166667225115, 45.02500000088542], [-71.89999999817931, 45.025000001476435]]]}, "properties": {"company_id": "lake-victoria-gold", "jurisdiction": "Quebec", "claim_id": "", "claim_name": null, "holder": "Leopard Lake Gold Corp.", "status": "Active", "recorded_date": null, "anniversary_or_expiry": null, "area_ha": null, "tenure_type": null, "source": "GESTIM active titles (MRNF digital data dump). Not legal title.", "as_of": "2026-09-20", "role": "focus", "color": "#e8b040"}}, {"type": "Feature", "geometry": {"type": "Polygon", "coordinates": [[[-71.90000000101531, 45.03333333950435], [-71.90000000157067, 45.04166666849538], [-71.89166667546908, 45.041666667813644], [-71.89166666874888, 45.03333333903542], [-71.90000000101531, 45.03333333950435]]]}, "properties": {"company_id": "lake-victoria-gold", "jurisdiction": "Quebec", "claim_id": "", "claim_name": null, "holder": "Leopard Lake Gold Corp.", "status": "Active", "recorded_date": null, "anniversary_or_expiry": null, "area_ha": null, "tenure_type": null, "source": "GESTIM active titles (MRNF digital data dump). Not legal title.", "as_of": "2026-09-20", "role": "focus", "color": "#e8b040"}}, {"type": "Feature", "geometry": {"type": "Polygon", "coordinates": [[[-70.5221949648695, 45.759621197934955], [-70.52065655233771, 45.75748599496877], [-70.51904673580434, 45.755365221387336], [-70.53763858837677, 45.74867638482437], [-70.53916253464587, 45.75081155723808], [-70.54068659877564, 45.7529467070537], [-70.5221949648695, 45.759621197934955]]]}, "properties": {"company_id": "lake-victoria-gold", "jurisdiction": "Quebec", "claim_id": "", "claim_name": null, "holder": "Leopard Lake Gold Corp.", "status": "Active", "recorded_date": null, "anniversary_or_expiry": null, "area_ha": null, "tenure_type": null, "source": "GESTIM active titles (MRNF digital data dump). Not legal title.", "as_of": "2026-09-20", "role": "focus", "color": "#e8b040"}}, {"type": "Feature", "geometry": {"type": "Polygon", "coordinates": [[[-70.5221949648695, 45.759621197934955], [-70.52065655233771, 45.75748599496877], [-70.51904673580434, 45.755365221387336], [-70.53763858837677, 45.74867638482437], [-70.53916253464587, 45.75081155723808], [-70.54068659877564, 45.7529467070537], [-70.5221949648695, 45.759621197934955]]]}, "properties": {"company_id": "lake-victoria-gold", "jurisdiction": "Quebec", "claim_id": "", "claim_name": null, "holder": "Leopard Lake Gold Corp.", "status": "Active", "recorded_date": null, "anniversary_or_expiry": null, "area_ha": null, "tenure_type": null, "source": "GESTIM active titles (MRNF digital data dump). Not legal title.", "as_of": "2026-09-20", "role": "focus", "color": "#e8b040"}}, {"type": "Feature", "geometry": {"type": "Polygon", "coordinates": [[[-70.54373466937095, 45.75721694443135], [-70.54221036948094, 45.75508183981971], [-70.54068659877564, 45.7529467070537], [-70.55955641554816, 45.74608853222559], [-70.56285726071383, 45.75025130368461], [-70.54373466937095, 45.75721694443135]]]}, "properties": {"company_id": "lake-victoria-gold", "jurisdiction": "Quebec", "claim_id": "", "claim_name": null, "holder": "Leopard Lake Gold Corp.", "status": "Active", "recorded_date": null, "anniversary_or_expiry": null, "area_ha": null, "tenure_type": null, "source": "GESTIM active titles (MRNF digital data dump). Not legal title.", "as_of": "2026-09-20", "role": "focus", "color": "#e8b040"}}, {"type": "Feature", "geometry": {"type": "Polygon", "coordinates": [[[-70.54373466937095, 45.75721694443135], [-70.54221036948094, 45.75508183981971], [-70.54068659877564, 45.7529467070537], [-70.55955641554816, 45.74608853222559], [-70.56285726071383, 45.75025130368461], [-70.54373466937095, 45.75721694443135]]]}, "properties": {"company_id": "lake-victoria-gold", "jurisdiction": "Quebec", "claim_id": "", "claim_name": null, "holder": "Leopard Lake Gold Corp.", "status": "Active", "recorded_date": null, "anniversary_or_expiry": null, "area_ha": null, "tenure_type": null, "source": "GESTIM active titles (MRNF digital data dump). Not legal title.", "as_of": "2026-09-20", "role": "focus", "color": "#e8b040"}}, {"type": "Feature", "geometry": {"type": "Polygon", "coordinates": [[[-70.54068659877564, 45.7529467070537], [-70.53916253464587, 45.75081155723808], [-70.53763858837677, 45.74867638482437], [-70.55625571697439, 45.74202917043246], [-70.55955641554816, 45.74608853222559], [-70.54068659877564, 45.7529467070537]]]}, "properties": {"company_id": "lake-victoria-gold", "jurisdiction": "Quebec", "claim_id": "", "claim_name": null, "holder": "Leopard Lake Gold Corp.", "status": "Active", "recorded_date": null, "anniversary_or_expiry": null, "area_ha": null, "tenure_type": null, "source": "GESTIM active titles (MRNF digital data dump). Not legal title.", "as_of": "2026-09-20", "role": "focus", "color": "#e8b040"}}, {"type": "Feature", "geometry": {"type": "Polygon", "coordinates": [[[-70.54068659877564, 45.7529467070537], [-70.53916253464587, 45.75081155723808], [-70.53763858837677, 45.74867638482437], [-70.55625571697439, 45.74202917043246], [-70.55955641554816, 45.74608853222559], [-70.54068659877564, 45.7529467070537]]]}, "properties": {"company_id": "lake-victoria-gold", "jurisdiction": "Quebec", "claim_id": "", "claim_name": null, "holder": "Leopard Lake Gold Corp.", "status": "Active", "recorded_date": null, "anniversary_or_expiry": null, "area_ha": null, "tenure_type": null, "source": "GESTIM active titles (MRNF digital data dump). Not legal title.", "as_of": "2026-09-20", "role": "focus", "color": "#e8b040"}}, {"type": "Feature", "geometry": {"type": "Polygon", "coordinates": [[[-70.49353951930154, 45.785746192725], [-70.51281647564329, 45.77893547035], [-70.51589294051601, 45.78312054903468], [-70.49669202350952, 45.78995779144766], [-70.49353951930154, 45.785746192725]]]}, "properties": {"company_id": "lake-victoria-gold", "jurisdiction": "Quebec", "claim_id": "", "claim_name": null, "holder": "Leopard Lake Gold Corp.", "status": "Active", "recorded_date": null, "anniversary_or_expiry": null, "area_ha": null, "tenure_type": null, "source": "GESTIM active titles (MRNF digital data dump). Not legal title.", "as_of": "2026-09-20", "role": "focus", "color": "#e8b040"}}, {"type": "Feature", "geometry": {"type": "Polygon", "coordinates": [[[-70.49353951930154, 45.785746192725], [-70.51281647564329, 45.77893547035], [-70.51589294051601, 45.78312054903468], [-70.49669202350952, 45.78995779144766], [-70.49353951930154, 45.785746192725]]]}, "properties": {"company_id": "lake-victoria-gold", "jurisdiction": "Quebec", "claim_id": "", "claim_name": null, "holder": "Leopard Lake Gold Corp.", "status": "Active", "recorded_date": null, "anniversary_or_expiry": null, "area_ha": null, "tenure_type": null, "source": "GESTIM active titles (MRNF digital data dump). Not legal title.", "as_of": "2026-09-20", "role": "focus", "color": "#e8b040"}}, {"type": "Feature", "geometry": {"type": "Polygon", "coordinates": [[[-70.53049661236047, 45.77276844315434], [-70.54990195495849, 45.76519815225951], [-70.54995495943781, 45.76526943946116], [-70.55149612994919, 45.76729619882019], [-70.55309296789947, 45.76939868667646], [-70.53363706614293, 45.776920688538986], [-70.53207321558602, 45.77484449143721], [-70.53049661236047, 45.77276844315434]]]}, "properties": {"company_id": "lake-victoria-gold", "jurisdiction": "Quebec", "claim_id": "", "claim_name": null, "holder": "Leopard Lake Gold Corp.", "status": "Active", "recorded_date": null, "anniversary_or_expiry": null, "area_ha": null, "tenure_type": null, "source": "GESTIM active titles (MRNF digital data dump). Not legal title.", "as_of": "2026-09-20", "role": "focus", "color": "#e8b040"}}, {"type": "Feature", "geometry": {"type": "Polygon", "coordinates": [[[-70.55309296789947, 45.76939868667646], [-70.57165486597773, 45.76276773965673], [-70.57322366782277, 45.764865833282535], [-70.57479258885994, 45.7669639030736], [-70.55628114260595, 45.77352266133303], [-70.55469124277099, 45.77144712726044], [-70.55309296789947, 45.76939868667646]]]}, "properties": {"company_id": "lake-victoria-gold", "jurisdiction": "Quebec", "claim_id": "", "claim_name": null, "holder": "Leopard Lake Gold Corp.", "status": "Active", "recorded_date": null, "anniversary_or_expiry": null, "area_ha": null, "tenure_type": null, "source": "GESTIM active titles (MRNF digital data dump). Not legal title.", "as_of": "2026-09-20", "role": "focus", "color": "#e8b040"}}, {"type": "Feature", "geometry": {"type": "Polygon", "coordinates": [[[-70.5467837472572, 45.76149158453368], [-70.54525921138787, 45.759356525154715], [-70.54373466937095, 45.75721694443135], [-70.56285726071383, 45.75025130368461], [-70.56611626857219, 45.75436504634238], [-70.56552468908414, 45.754562172789136], [-70.54705607931166, 45.76137088609256], [-70.5467837472572, 45.76149158453368]]]}, "properties": {"company_id": "lake-victoria-gold", "jurisdiction": "Quebec", "claim_id": "", "claim_name": null, "holder": "Leopard Lake Gold Corp.", "status": "Active", "recorded_date": null, "anniversary_or_expiry": null, "area_ha": null, "tenure_type": null, "source": "GESTIM active titles (MRNF digital data dump). Not legal title.", "as_of": "2026-09-20", "role": "focus", "color": "#e8b040"}}, {"type": "Feature", "geometry": {"type": "Polygon", "coordinates": [[[-70.39166667145682, 45.825000003445155], [-70.39166666152516, 45.83333333537489], [-70.38333333691763, 45.83333333163467], [-70.38333332939605, 45.825000000728664], [-70.39166667145682, 45.825000003445155]]]}, "properties": {"company_id": "lake-victoria-gold", "jurisdiction": "Quebec", "claim_id": "", "claim_name": null, "holder": "Leopard Lake Gold Corp.", "status": "Active", "recorded_date": null, "anniversary_or_expiry": null, "area_ha": null, "tenure_type": null, "source": "GESTIM active titles (MRNF digital data dump). Not legal title.", "as_of": "2026-09-20", "role": "focus", "color": "#e8b040"}}, {"type": "Feature", "geometry": {"type": "Polygon", "coordinates": [[[-70.39999999969758, 45.833333333902765], [-70.40000000228702, 45.84166667301585], [-70.39166666828531, 45.84166666461148], [-70.39166666152516, 45.83333333537489], [-70.39999999969758, 45.833333333902765]]]}, "properties": {"company_id": "lake-victoria-gold", "jurisdiction": "Quebec", "claim_id": "", "claim_name": null, "holder": "Leopard Lake Gold Corp.", "status": "Active", "recorded_date": null, "anniversary_or_expiry": null, "area_ha": null, "tenure_type": null, "source": "GESTIM active titles (MRNF digital data dump). Not legal title.", "as_of": "2026-09-20", "role": "focus", "color": "#e8b040"}}, {"type": "Feature", "geometry": {"type": "Polygon", "coordinates": [[[-70.39166666152516, 45.83333333537489], [-70.39166666828531, 45.84166666461148], [-70.38333333543405, 45.84166666915205], [-70.38333333691763, 45.83333333163467], [-70.39166666152516, 45.83333333537489]]]}, "properties": {"company_id": "lake-victoria-gold", "jurisdiction": "Quebec", "claim_id": "", "claim_name": null, "holder": "Leopard Lake Gold Corp.", "status": "Active", "recorded_date": null, "anniversary_or_expiry": null, "area_ha": null, "tenure_type": null, "source": "GESTIM active titles (MRNF digital data dump). Not legal title.", "as_of": "2026-09-20", "role": "focus", "color": "#e8b040"}}, {"type": "Feature", "geometry": {"type": "Polygon", "coordinates": [[[-70.4083333367687, 45.84166666736705], [-70.4083333391428, 45.8500000048405], [-70.39999999576968, 45.85000000075879], [-70.40000000228702, 45.84166667301585], [-70.4083333367687, 45.84166666736705]]]}, "properties": {"company_id": "lake-victoria-gold", "jurisdiction": "Quebec", "claim_id": "", "claim_name": null, "holder": "Leopard Lake Gold Corp.", "status": "Active", "recorded_date": null, "anniversary_or_expiry": null, "area_ha": null, "tenure_type": null, "source": "GESTIM active titles (MRNF digital data dump). Not legal title.", "as_of": "2026-09-20", "role": "focus", "color": "#e8b040"}}, {"type": "Feature", "geometry": {"type": "Polygon", "coordinates": [[[-70.40000000228702, 45.84166667301585], [-70.39999999576968, 45.85000000075879], [-70.39166666621294, 45.8500000004666], [-70.39166666828531, 45.84166666461148], [-70.40000000228702, 45.84166667301585]]]}, "properties": {"company_id": "lake-victoria-gold", "jurisdiction": "Quebec", "claim_id": "", "claim_name": null, "holder": "Leopard Lake Gold Corp.", "status": "Active", "recorded_date": null, "anniversary_or_expiry": null, "area_ha": null, "tenure_type": null, "source": "GESTIM active titles (MRNF digital data dump). Not legal title.", "as_of": "2026-09-20", "role": "focus", "color": "#e8b040"}}, {"type": "Feature", "geometry": {"type": "Polygon", "coordinates": [[[-70.39166666828531, 45.84166666461148], [-70.39166666621294, 45.8500000004666], [-70.38333333758992, 45.85000000412704], [-70.38333333543405, 45.84166666915205], [-70.39166666828531, 45.84166666461148]]]}, "properties": {"company_id": "lake-victoria-gold", "jurisdiction": "Quebec", "claim_id": "", "claim_name": null, "holder": "Leopard Lake Gold Corp.", "status": "Active", "recorded_date": null, "anniversary_or_expiry": null, "area_ha": null, "tenure_type": null, "source": "GESTIM active titles (MRNF digital data dump). Not legal title.", "as_of": "2026-09-20", "role": "focus", "color": "#e8b040"}}, {"type": "Feature", "geometry": {"type": "Polygon", "coordinates": [[[-70.38333333543405, 45.84166666915205], [-70.38333333758992, 45.85000000412704], [-70.37499999679608, 45.85000000290154], [-70.37500000327906, 45.841666668646084], [-70.38333333543405, 45.84166666915205]]]}, "properties": {"company_id": "lake-victoria-gold", "jurisdiction": "Quebec", "claim_id": "", "claim_name": null, "holder": "Leopard Lake Gold Corp.", "status": "Active", "recorded_date": null, "anniversary_or_expiry": null, "area_ha": null, "tenure_type": null, "source": "GESTIM active titles (MRNF digital data dump). Not legal title.", "as_of": "2026-09-20", "role": "focus", "color": "#e8b040"}}, {"type": "Feature", "geometry": {"type": "Polygon", "coordinates": [[[-70.4083333391428, 45.8500000048405], [-70.40833333258011, 45.85833333095104], [-70.40000000634441, 45.858333334811924], [-70.39999999576968, 45.85000000075879], [-70.4083333391428, 45.8500000048405]]]}, "properties": {"company_id": "lake-victoria-gold", "jurisdiction": "Quebec", "claim_id": "", "claim_name": null, "holder": "Leopard Lake Gold Corp.", "status": "Active", "recorded_date": null, "anniversary_or_expiry": null, "area_ha": null, "tenure_type": null, "source": "GESTIM active titles (MRNF digital data dump). Not legal title.", "as_of": "2026-09-20", "role": "focus", "color": "#e8b040"}}, {"type": "Feature", "geometry": {"type": "Polygon", "coordinates": [[[-70.39999999576968, 45.85000000075879], [-70.40000000634441, 45.858333334811924], [-70.39166666795322, 45.858333333785644], [-70.39166666621294, 45.8500000004666], [-70.39999999576968, 45.85000000075879]]]}, "properties": {"company_id": "lake-victoria-gold", "jurisdiction": "Quebec", "claim_id": "", "claim_name": null, "holder": "Leopard Lake Gold Corp.", "status": "Active", "recorded_date": null, "anniversary_or_expiry": null, "area_ha": null, "tenure_type": null, "source": "GESTIM active titles (MRNF digital data dump). Not legal title.", "as_of": "2026-09-20", "role": "focus", "color": "#e8b040"}}, {"type": "Feature", "geometry": {"type": "Polygon", "coordinates": [[[-70.39166666621294, 45.8500000004666], [-70.39166666795322, 45.858333333785644], [-70.38333333050471, 45.85833333671575], [-70.38333333758992, 45.85000000412704], [-70.39166666621294, 45.8500000004666]]]}, "properties": {"company_id": "lake-victoria-gold", "jurisdiction": "Quebec", "claim_id": "", "claim_name": null, "holder": "Leopard Lake Gold Corp.", "status": "Active", "recorded_date": null, "anniversary_or_expiry": null, "area_ha": null, "tenure_type": null, "source": "GESTIM active titles (MRNF digital data dump). Not legal title.", "as_of": "2026-09-20", "role": "focus", "color": "#e8b040"}}, {"type": "Feature", "geometry": {"type": "Polygon", "coordinates": [[[-70.38333333758992, 45.85000000412704], [-70.38333333050471, 45.85833333671575], [-70.37499999377019, 45.85833333460866], [-70.37499999679608, 45.85000000290154], [-70.38333333758992, 45.85000000412704]]]}, "properties": {"company_id": "lake-victoria-gold", "jurisdiction": "Quebec", "claim_id": "", "claim_name": null, "holder": "Leopard Lake Gold Corp.", "status": "Active", "recorded_date": null, "anniversary_or_expiry": null, "area_ha": null, "tenure_type": null, "source": "GESTIM active titles (MRNF digital data dump). Not legal title.", "as_of": "2026-09-20", "role": "focus", "color": "#e8b040"}}, {"type": "Feature", "geometry": {"type": "Polygon", "coordinates": [[[-70.39166666795322, 45.858333333785644], [-70.39166666062373, 45.86666666472562], [-70.38333332704974, 45.866666666762384], [-70.38333333050471, 45.85833333671575], [-70.39166666795322, 45.858333333785644]]]}, "properties": {"company_id": "lake-victoria-gold", "jurisdiction": "Quebec", "claim_id": "", "claim_name": null, "holder": "Leopard Lake Gold Corp.", "status": "Active", "recorded_date": null, "anniversary_or_expiry": null, "area_ha": null, "tenure_type": null, "source": "GESTIM active titles (MRNF digital data dump). Not legal title.", "as_of": "2026-09-20", "role": "focus", "color": "#e8b040"}}, {"type": "Feature", "geometry": {"type": "Polygon", "coordinates": [[[-70.38333333050471, 45.85833333671575], [-70.38333332704974, 45.866666666762384], [-70.37499999442053, 45.86666667276553], [-70.37499999377019, 45.85833333460866], [-70.38333333050471, 45.85833333671575]]]}, "properties": {"company_id": "lake-victoria-gold", "jurisdiction": "Quebec", "claim_id": "", "claim_name": null, "holder": "Leopard Lake Gold Corp.", "status": "Active", "recorded_date": null, "anniversary_or_expiry": null, "area_ha": null, "tenure_type": null, "source": "GESTIM active titles (MRNF digital data dump). Not legal title.", "as_of": "2026-09-20", "role": "focus", "color": "#e8b040"}}, {"type": "Feature", "geometry": {"type": "Polygon", "coordinates": [[[-70.41666666662613, 45.866666664374115], [-70.41666666516896, 45.87500000434883], [-70.4083333326193, 45.87500000259508], [-70.40833333063365, 45.86666667253372], [-70.41666666662613, 45.866666664374115]]]}, "properties": {"company_id": "lake-victoria-gold", "jurisdiction": "Quebec", "claim_id": "", "claim_name": null, "holder": "Leopard Lake Gold Corp.", "status": "Active", "recorded_date": null, "anniversary_or_expiry": null, "area_ha": null, "tenure_type": null, "source": "GESTIM active titles (MRNF digital data dump). Not legal title.", "as_of": "2026-09-20", "role": "focus", "color": "#e8b040"}}, {"type": "Feature", "geometry": {"type": "Polygon", "coordinates": [[[-70.39166666062373, 45.86666666472562], [-70.39166667020413, 45.8750000019707], [-70.38333332744561, 45.87500000326493], [-70.38333332704974, 45.866666666762384], [-70.39166666062373, 45.86666666472562]]]}, "properties": {"company_id": "lake-victoria-gold", "jurisdiction": "Quebec", "claim_id": "", "claim_name": null, "holder": "Leopard Lake Gold Corp.", "status": "Active", "recorded_date": null, "anniversary_or_expiry": null, "area_ha": null, "tenure_type": null, "source": "GESTIM active titles (MRNF digital data dump). Not legal title.", "as_of": "2026-09-20", "role": "focus", "color": "#e8b040"}}, {"type": "Feature", "geometry": {"type": "Polygon", "coordinates": [[[-70.38333332704974, 45.866666666762384], [-70.38333332744561, 45.87500000326493], [-70.37499999830067, 45.87499999937633], [-70.37499999442053, 45.86666667276553], [-70.38333332704974, 45.866666666762384]]]}, "properties": {"company_id": "lake-victoria-gold", "jurisdiction": "Quebec", "claim_id": "", "claim_name": null, "holder": "Leopard Lake Gold Corp.", "status": "Active", "recorded_date": null, "anniversary_or_expiry": null, "area_ha": null, "tenure_type": null, "source": "GESTIM active titles (MRNF digital data dump). Not legal title.", "as_of": "2026-09-20", "role": "focus", "color": "#e8b040"}}, {"type": "Feature", "geometry": {"type": "Polygon", "coordinates": [[[-70.36666666228821, 45.86666666474357], [-70.37499999442052, 45.86666667276553], [-70.37499999830068, 45.87499999937634], [-70.36666667010527, 45.87499999946419], [-70.36666666228821, 45.86666666474357]]]}, "properties": {"company_id": "lake-victoria-gold", "jurisdiction": "Quebec", "claim_id": "", "claim_name": null, "holder": "Leopard Lake Gold Corp.", "status": "Active", "recorded_date": null, "anniversary_or_expiry": null, "area_ha": null, "tenure_type": null, "source": "GESTIM active titles (MRNF digital data dump). Not legal title.", "as_of": "2026-09-20", "role": "focus", "color": "#e8b040"}}, {"type": "Feature", "geometry": {"type": "Polygon", "coordinates": [[[-70.36666667084542, 45.85833333631266], [-70.37499999377019, 45.85833333460866], [-70.37499999442052, 45.86666667276553], [-70.36666666228821, 45.86666666474357], [-70.36666667084542, 45.85833333631266]]]}, "properties": {"company_id": "lake-victoria-gold", "jurisdiction": "Quebec", "claim_id": "", "claim_name": null, "holder": "Leopard Lake Gold Corp.", "status": "Active", "recorded_date": null, "anniversary_or_expiry": null, "area_ha": null, "tenure_type": null, "source": "GESTIM active titles (MRNF digital data dump). Not legal title.", "as_of": "2026-09-20", "role": "focus", "color": "#e8b040"}}, {"type": "Feature", "geometry": {"type": "Polygon", "coordinates": [[[-70.4250000038155, 45.866666669161006], [-70.43333332887049, 45.86666666905599], [-70.43333333274899, 45.87500000171947], [-70.42499999846748, 45.875000001059185], [-70.4250000038155, 45.866666669161006]]]}, "properties": {"company_id": "lake-victoria-gold", "jurisdiction": "Quebec", "claim_id": "", "claim_name": null, "holder": "Leopard Lake Gold Corp.", "status": "Active", "recorded_date": null, "anniversary_or_expiry": null, "area_ha": null, "tenure_type": null, "source": "GESTIM active titles (MRNF digital data dump). Not legal title.", "as_of": "2026-09-20", "role": "focus", "color": "#e8b040"}}, {"type": "Feature", "geometry": {"type": "Polygon", "coordinates": [[[-70.4250000038155, 45.866666669161006], [-70.42499999846748, 45.875000001059185], [-70.41666666516902, 45.87500000434883], [-70.41666666662613, 45.866666664374115], [-70.4250000038155, 45.866666669161006]]]}, "properties": {"company_id": "lake-victoria-gold", "jurisdiction": "Quebec", "claim_id": "", "claim_name": null, "holder": "Leopard Lake Gold Corp.", "status": "Active", "recorded_date": null, "anniversary_or_expiry": null, "area_ha": null, "tenure_type": null, "source": "GESTIM active titles (MRNF digital data dump). Not legal title.", "as_of": "2026-09-20", "role": "focus", "color": "#e8b040"}}, {"type": "Feature", "geometry": {"type": "Polygon", "coordinates": [[[-70.41666667035881, 45.850000004025894], [-70.4166666726473, 45.85833333087996], [-70.40833333258007, 45.85833333095104], [-70.40833333914276, 45.85000000484048], [-70.41666667035881, 45.850000004025894]]]}, "properties": {"company_id": "lake-victoria-gold", "jurisdiction": "Quebec", "claim_id": "", "claim_name": null, "holder": "Leopard Lake Gold Corp.", "status": "Active", "recorded_date": null, "anniversary_or_expiry": null, "area_ha": null, "tenure_type": null, "source": "GESTIM active titles (MRNF digital data dump). Not legal title.", "as_of": "2026-09-20", "role": "focus", "color": "#e8b040"}}, {"type": "Feature", "geometry": {"type": "Polygon", "coordinates": [[[-70.40833333676865, 45.84166666736705], [-70.4166666721858, 45.841666665656525], [-70.41666667035881, 45.850000004025894], [-70.40833333914276, 45.85000000484048], [-70.40833333676865, 45.84166666736705]]]}, "properties": {"company_id": "lake-victoria-gold", "jurisdiction": "Quebec", "claim_id": "", "claim_name": null, "holder": "Leopard Lake Gold Corp.", "status": "Active", "recorded_date": null, "anniversary_or_expiry": null, "area_ha": null, "tenure_type": null, "source": "GESTIM active titles (MRNF digital data dump). Not legal title.", "as_of": "2026-09-20", "role": "focus", "color": "#e8b040"}}, {"type": "Feature", "geometry": {"type": "Polygon", "coordinates": [[[-70.39999999969761, 45.833333333902765], [-70.40833333879232, 45.83333333636765], [-70.40833333676865, 45.84166666736705], [-70.400000002287, 45.841666673015844], [-70.39999999969761, 45.833333333902765]]]}, "properties": {"company_id": "lake-victoria-gold", "jurisdiction": "Quebec", "claim_id": "", "claim_name": null, "holder": "Leopard Lake Gold Corp.", "status": "Active", "recorded_date": null, "anniversary_or_expiry": null, "area_ha": null, "tenure_type": null, "source": "GESTIM active titles (MRNF digital data dump). Not legal title.", "as_of": "2026-09-20", "role": "focus", "color": "#e8b040"}}, {"type": "Feature", "geometry": {"type": "Polygon", "coordinates": [[[-70.4000000013312, 45.825000001257365], [-70.39999999969761, 45.833333333902765], [-70.39166666152511, 45.83333333537488], [-70.39166667145676, 45.825000003445155], [-70.4000000013312, 45.825000001257365]]]}, "properties": {"company_id": "lake-victoria-gold", "jurisdiction": "Quebec", "claim_id": "", "claim_name": null, "holder": "Leopard Lake Gold Corp.", "status": "Active", "recorded_date": null, "anniversary_or_expiry": null, "area_ha": null, "tenure_type": null, "source": "GESTIM active titles (MRNF digital data dump). Not legal title.", "as_of": "2026-09-20", "role": "focus", "color": "#e8b040"}}, {"type": "Feature", "geometry": {"type": "Polygon", "coordinates": [[[-70.39166667234066, 45.81666666913585], [-70.39999999409666, 45.81666666623943], [-70.4000000013312, 45.825000001257365], [-70.39166667145676, 45.825000003445155], [-70.39166667234066, 45.81666666913585]]]}, "properties": {"company_id": "lake-victoria-gold", "jurisdiction": "Quebec", "claim_id": "", "claim_name": null, "holder": "Leopard Lake Gold Corp.", "status": "Active", "recorded_date": null, "anniversary_or_expiry": null, "area_ha": null, "tenure_type": null, "source": "GESTIM active titles (MRNF digital data dump). Not legal title.", "as_of": "2026-09-20", "role": "focus", "color": "#e8b040"}}, {"type": "Feature", "geometry": {"type": "Polygon", "coordinates": [[[-70.42499999846743, 45.87500000105919], [-70.42499999785827, 45.883333339444185], [-70.41666666781599, 45.88333333280857], [-70.41666666516896, 45.87500000434883], [-70.42499999846743, 45.87500000105919]]]}, "properties": {"company_id": "lake-victoria-gold", "jurisdiction": "Quebec", "claim_id": "", "claim_name": null, "holder": "Leopard Lake Gold Corp.", "status": "Active", "recorded_date": null, "anniversary_or_expiry": null, "area_ha": null, "tenure_type": null, "source": "GESTIM active titles (MRNF digital data dump). Not legal title.", "as_of": "2026-09-20", "role": "focus", "color": "#e8b040"}}, {"type": "Feature", "geometry": {"type": "Polygon", "coordinates": [[[-70.41666666516896, 45.87500000434883], [-70.41666666781599, 45.88333333280857], [-70.40833333898914, 45.883333339130864], [-70.4083333326193, 45.87500000259508], [-70.41666666516896, 45.87500000434883]]]}, "properties": {"company_id": "lake-victoria-gold", "jurisdiction": "Quebec", "claim_id": "", "claim_name": null, "holder": "Leopard Lake Gold Corp.", "status": "Active", "recorded_date": null, "anniversary_or_expiry": null, "area_ha": null, "tenure_type": null, "source": "GESTIM active titles (MRNF digital data dump). Not legal title.", "as_of": "2026-09-20", "role": "focus", "color": "#e8b040"}}, {"type": "Feature", "geometry": {"type": "Polygon", "coordinates": [[[-70.4083333326193, 45.87500000259508], [-70.40833333898914, 45.883333339130864], [-70.39999999780493, 45.88333333157994], [-70.40000000104153, 45.8750000048002], [-70.4083333326193, 45.87500000259508]]]}, "properties": {"company_id": "lake-victoria-gold", "jurisdiction": "Quebec", "claim_id": "", "claim_name": null, "holder": "Leopard Lake Gold Corp.", "status": "Active", "recorded_date": null, "anniversary_or_expiry": null, "area_ha": null, "tenure_type": null, "source": "GESTIM active titles (MRNF digital data dump). Not legal title.", "as_of": "2026-09-20", "role": "focus", "color": "#e8b040"}}, {"type": "Feature", "geometry": {"type": "Polygon", "coordinates": [[[-70.40000000104153, 45.8750000048002], [-70.39999999780493, 45.88333333157994], [-70.39166667070572, 45.88333333683699], [-70.39166667020413, 45.8750000019707], [-70.40000000104153, 45.8750000048002]]]}, "properties": {"company_id": "lake-victoria-gold", "jurisdiction": "Quebec", "claim_id": "", "claim_name": null, "holder": "Leopard Lake Gold Corp.", "status": "Active", "recorded_date": null, "anniversary_or_expiry": null, "area_ha": null, "tenure_type": null, "source": "GESTIM active titles (MRNF digital data dump). Not legal title.", "as_of": "2026-09-20", "role": "focus", "color": "#e8b040"}}, {"type": "Feature", "geometry": {"type": "Polygon", "coordinates": [[[-70.39166667020413, 45.8750000019707], [-70.39166667070572, 45.88333333683699], [-70.38333333146652, 45.88333333722558], [-70.38333332744561, 45.87500000326493], [-70.39166667020413, 45.8750000019707]]]}, "properties": {"company_id": "lake-victoria-gold", "jurisdiction": "Quebec", "claim_id": "", "claim_name": null, "holder": "Leopard Lake Gold Corp.", "status": "Active", "recorded_date": null, "anniversary_or_expiry": null, "area_ha": null, "tenure_type": null, "source": "GESTIM active titles (MRNF digital data dump). Not legal title.", "as_of": "2026-09-20", "role": "focus", "color": "#e8b040"}}, {"type": "Feature", "geometry": {"type": "Polygon", "coordinates": [[[-70.41666666781599, 45.88333333280857], [-70.41666666213669, 45.89166666790889], [-70.40833333640037, 45.89166666430442], [-70.40833333898914, 45.883333339130864], [-70.41666666781599, 45.88333333280857]]]}, "properties": {"company_id": "lake-victoria-gold", "jurisdiction": "Quebec", "claim_id": "", "claim_name": null, "holder": "Leopard Lake Gold Corp.", "status": "Active", "recorded_date": null, "anniversary_or_expiry": null, "area_ha": null, "tenure_type": null, "source": "GESTIM active titles (MRNF digital data dump). Not legal title.", "as_of": "2026-09-20", "role": "focus", "color": "#e8b040"}}, {"type": "Feature", "geometry": {"type": "Polygon", "coordinates": [[[-70.40833333898914, 45.883333339130864], [-70.40833333640037, 45.89166666430442], [-70.39999999876873, 45.8916666648281], [-70.39999999780493, 45.88333333157994], [-70.40833333898914, 45.883333339130864]]]}, "properties": {"company_id": "lake-victoria-gold", "jurisdiction": "Quebec", "claim_id": "", "claim_name": null, "holder": "Leopard Lake Gold Corp.", "status": "Active", "recorded_date": null, "anniversary_or_expiry": null, "area_ha": null, "tenure_type": null, "source": "GESTIM active titles (MRNF digital data dump). Not legal title.", "as_of": "2026-09-20", "role": "focus", "color": "#e8b040"}}, {"type": "Feature", "geometry": {"type": "Polygon", "coordinates": [[[-70.39999999780493, 45.88333333157994], [-70.39999999876873, 45.8916666648281], [-70.39166666212012, 45.8916666693246], [-70.39166667070572, 45.88333333683699], [-70.39999999780493, 45.88333333157994]]]}, "properties": {"company_id": "lake-victoria-gold", "jurisdiction": "Quebec", "claim_id": "", "claim_name": null, "holder": "Leopard Lake Gold Corp.", "status": "Active", "recorded_date": null, "anniversary_or_expiry": null, "area_ha": null, "tenure_type": null, "source": "GESTIM active titles (MRNF digital data dump). Not legal title.", "as_of": "2026-09-20", "role": "focus", "color": "#e8b040"}}, {"type": "Feature", "geometry": {"type": "Polygon", "coordinates": [[[-70.39166667070572, 45.88333333683699], [-70.39166666212012, 45.8916666693246], [-70.3833333391097, 45.89166666864451], [-70.38333333146652, 45.88333333722558], [-70.39166667070572, 45.88333333683699]]]}, "properties": {"company_id": "lake-victoria-gold", "jurisdiction": "Quebec", "claim_id": "", "claim_name": null, "holder": "Leopard Lake Gold Corp.", "status": "Active", "recorded_date": null, "anniversary_or_expiry": null, "area_ha": null, "tenure_type": null, "source": "GESTIM active titles (MRNF digital data dump). Not legal title.", "as_of": "2026-09-20", "role": "focus", "color": "#e8b040"}}, {"type": "Feature", "geometry": {"type": "Polygon", "coordinates": [[[-70.39999999876873, 45.8916666648281], [-70.40000000393059, 45.900000004544744], [-70.39166667021391, 45.899999999119835], [-70.39166666212012, 45.8916666693246], [-70.39999999876873, 45.8916666648281]]]}, "properties": {"company_id": "lake-victoria-gold", "jurisdiction": "Quebec", "claim_id": "", "claim_name": null, "holder": "Leopard Lake Gold Corp.", "status": "Active", "recorded_date": null, "anniversary_or_expiry": null, "area_ha": null, "tenure_type": null, "source": "GESTIM active titles (MRNF digital data dump). Not legal title.", "as_of": "2026-09-20", "role": "focus", "color": "#e8b040"}}, {"type": "Feature", "geometry": {"type": "Polygon", "coordinates": [[[-70.39166666212012, 45.8916666693246], [-70.39166667021391, 45.899999999119835], [-70.38333333748498, 45.89999999767783], [-70.3833333391097, 45.89166666864451], [-70.39166666212012, 45.8916666693246]]]}, "properties": {"company_id": "lake-victoria-gold", "jurisdiction": "Quebec", "claim_id": "", "claim_name": null, "holder": "Leopard Lake Gold Corp.", "status": "Active", "recorded_date": null, "anniversary_or_expiry": null, "area_ha": null, "tenure_type": null, "source": "GESTIM active titles (MRNF digital data dump). Not legal title.", "as_of": "2026-09-20", "role": "focus", "color": "#e8b040"}}, {"type": "Feature", "geometry": {"type": "Polygon", "coordinates": [[[-70.40833333841454, 45.90000000495045], [-70.40833333145736, 45.908333334234605], [-70.3999999999462, 45.90833333289236], [-70.40000000393059, 45.900000004544744], [-70.40833333841454, 45.90000000495045]]]}, "properties": {"company_id": "lake-victoria-gold", "jurisdiction": "Quebec", "claim_id": "", "claim_name": null, "holder": "Leopard Lake Gold Corp.", "status": "Active", "recorded_date": null, "anniversary_or_expiry": null, "area_ha": null, "tenure_type": null, "source": "GESTIM active titles (MRNF digital data dump). Not legal title.", "as_of": "2026-09-20", "role": "focus", "color": "#e8b040"}}, {"type": "Feature", "geometry": {"type": "Polygon", "coordinates": [[[-70.40000000393059, 45.900000004544744], [-70.3999999999462, 45.90833333289236], [-70.39166666943625, 45.90833333553447], [-70.39166667021391, 45.899999999119835], [-70.40000000393059, 45.900000004544744]]]}, "properties": {"company_id": "lake-victoria-gold", "jurisdiction": "Quebec", "claim_id": "", "claim_name": null, "holder": "Leopard Lake Gold Corp.", "status": "Active", "recorded_date": null, "anniversary_or_expiry": null, "area_ha": null, "tenure_type": null, "source": "GESTIM active titles (MRNF digital data dump). Not legal title.", "as_of": "2026-09-20", "role": "focus", "color": "#e8b040"}}, {"type": "Feature", "geometry": {"type": "Polygon", "coordinates": [[[-70.37500000573664, 45.90000000022318], [-70.37499999805752, 45.90833333494879], [-70.36666667006926, 45.90833333157361], [-70.36666666185342, 45.8999999979165], [-70.37500000573664, 45.90000000022318]]]}, "properties": {"company_id": "lake-victoria-gold", "jurisdiction": "Quebec", "claim_id": "", "claim_name": null, "holder": "Leopard Lake Gold Corp.", "status": "Active", "recorded_date": null, "anniversary_or_expiry": null, "area_ha": null, "tenure_type": null, "source": "GESTIM active titles (MRNF digital data dump). Not legal title.", "as_of": "2026-09-20", "role": "focus", "color": "#e8b040"}}, {"type": "Feature", "geometry": {"type": "Polygon", "coordinates": [[[-70.36666666185342, 45.8999999979165], [-70.36666667006926, 45.90833333157361], [-70.35833333016939, 45.90833333235343], [-70.35833333182688, 45.899999999450756], [-70.36666666185342, 45.8999999979165]]]}, "properties": {"company_id": "lake-victoria-gold", "jurisdiction": "Quebec", "claim_id": "", "claim_name": null, "holder": "Leopard Lake Gold Corp.", "status": "Active", "recorded_date": null, "anniversary_or_expiry": null, "area_ha": null, "tenure_type": null, "source": "GESTIM active titles (MRNF digital data dump). Not legal title.", "as_of": "2026-09-20", "role": "focus", "color": "#e8b040"}}, {"type": "Feature", "geometry": {"type": "Polygon", "coordinates": [[[-70.3750000041854, 45.891666672102964], [-70.38333333910964, 45.89166666864448], [-70.38333333748498, 45.89999999767786], [-70.37500000573665, 45.90000000022318], [-70.3750000041854, 45.891666672102964]]]}, "properties": {"company_id": "lake-victoria-gold", "jurisdiction": "Quebec", "claim_id": "", "claim_name": null, "holder": "Leopard Lake Gold Corp.", "status": "Active", "recorded_date": null, "anniversary_or_expiry": null, "area_ha": null, "tenure_type": null, "source": "GESTIM active titles (MRNF digital data dump). Not legal title.", "as_of": "2026-09-20", "role": "focus", "color": "#e8b040"}}, {"type": "Feature", "geometry": {"type": "Polygon", "coordinates": [[[-70.38333333969682, 45.908333333167526], [-70.37499999805753, 45.90833333494879], [-70.37500000573665, 45.90000000022318], [-70.38333333748498, 45.89999999767786], [-70.38333333969682, 45.908333333167526]]]}, "properties": {"company_id": "lake-victoria-gold", "jurisdiction": "Quebec", "claim_id": "", "claim_name": null, "holder": "Leopard Lake Gold Corp.", "status": "Active", "recorded_date": null, "anniversary_or_expiry": null, "area_ha": null, "tenure_type": null, "source": "GESTIM active titles (MRNF digital data dump). Not legal title.", "as_of": "2026-09-20", "role": "focus", "color": "#e8b040"}}, {"type": "Feature", "geometry": {"type": "Polygon", "coordinates": [[[-70.37500000573665, 45.90000000022318], [-70.36666666185344, 45.899999997916524], [-70.3666666700048, 45.89166667054945], [-70.3750000041854, 45.891666672102964], [-70.37500000573665, 45.90000000022318]]]}, "properties": {"company_id": "lake-victoria-gold", "jurisdiction": "Quebec", "claim_id": "", "claim_name": null, "holder": "Leopard Lake Gold Corp.", "status": "Active", "recorded_date": null, "anniversary_or_expiry": null, "area_ha": null, "tenure_type": null, "source": "GESTIM active titles (MRNF digital data dump). Not legal title.", "as_of": "2026-09-20", "role": "focus", "color": "#e8b040"}}, {"type": "Feature", "geometry": {"type": "Polygon", "coordinates": [[[-70.38333333748498, 45.89999999767786], [-70.39166667021387, 45.89999999911983], [-70.39166666943625, 45.90833333553447], [-70.38333333969682, 45.908333333167526], [-70.38333333748498, 45.89999999767786]]]}, "properties": {"company_id": "lake-victoria-gold", "jurisdiction": "Quebec", "claim_id": "", "claim_name": null, "holder": "Leopard Lake Gold Corp.", "status": "Active", "recorded_date": null, "anniversary_or_expiry": null, "area_ha": null, "tenure_type": null, "source": "GESTIM active titles (MRNF digital data dump). Not legal title.", "as_of": "2026-09-20", "role": "focus", "color": "#e8b040"}}, {"type": "Feature", "geometry": {"type": "Polygon", "coordinates": [[[-70.3750000058516, 45.88333333243708], [-70.38333333146657, 45.88333333722558], [-70.38333333910964, 45.89166666864448], [-70.3750000041854, 45.891666672102964], [-70.3750000058516, 45.88333333243708]]]}, "properties": {"company_id": "lake-victoria-gold", "jurisdiction": "Quebec", "claim_id": "", "claim_name": null, "holder": "Leopard Lake Gold Corp.", "status": "Active", "recorded_date": null, "anniversary_or_expiry": null, "area_ha": null, "tenure_type": null, "source": "GESTIM active titles (MRNF digital data dump). Not legal title.", "as_of": "2026-09-20", "role": "focus", "color": "#e8b040"}}, {"type": "Feature", "geometry": {"type": "Polygon", "coordinates": [[[-70.3750000041854, 45.891666672102964], [-70.3666666700048, 45.89166667054945], [-70.36666666831152, 45.88333333178483], [-70.3750000058516, 45.88333333243708], [-70.3750000041854, 45.891666672102964]]]}, "properties": {"company_id": "lake-victoria-gold", "jurisdiction": "Quebec", "claim_id": "", "claim_name": null, "holder": "Leopard Lake Gold Corp.", "status": "Active", "recorded_date": null, "anniversary_or_expiry": null, "area_ha": null, "tenure_type": null, "source": "GESTIM active titles (MRNF digital data dump). Not legal title.", "as_of": "2026-09-20", "role": "focus", "color": "#e8b040"}}, {"type": "Feature", "geometry": {"type": "Polygon", "coordinates": [[[-67.15833333099756, 55.208333335600294], [-67.158333335129, 55.21666667261977], [-67.14999999832723, 55.21666667300512], [-67.15000000699135, 55.20833334053349], [-67.15833333099756, 55.208333335600294]]]}, "properties": {"company_id": "lake-victoria-gold", "jurisdiction": "Quebec", "claim_id": "", "claim_name": null, "holder": "Century Sunny Lake Iron Mines Limited", "status": "Active", "recorded_date": null, "anniversary_or_expiry": null, "area_ha": null, "tenure_type": null, "source": "GESTIM active titles (MRNF digital data dump). Not legal title.", "as_of": "2026-09-20", "role": "focus", "color": "#e8b040"}}, {"type": "Feature", "geometry": {"type": "Polygon", "coordinates": [[[-67.17499999949298, 55.216666670831], [-67.17500000639673, 55.22500000648275], [-67.16666666773827, 55.22500000895076], [-67.16666665849517, 55.216666668742484], [-67.17499999949298, 55.216666670831]]]}, "properties": {"company_id": "lake-victoria-gold", "jurisdiction": "Quebec", "claim_id": "", "claim_name": null, "holder": "Century Sunny Lake Iron Mines Limited", "status": "Active", "recorded_date": null, "anniversary_or_expiry": null, "area_ha": null, "tenure_type": null, "source": "GESTIM active titles (MRNF digital data dump). Not legal title.", "as_of": "2026-09-20", "role": "focus", "color": "#e8b040"}}, {"type": "Feature", "geometry": {"type": "Polygon", "coordinates": [[[-66.89166666602586, 55.03333333604508], [-66.89166666336196, 55.041666673819925], [-66.88333333614436, 55.04166667414042], [-66.88333333252302, 55.033333338892746], [-66.89166666602586, 55.03333333604508]]]}, "properties": {"company_id": "lake-victoria-gold", "jurisdiction": "Quebec", "claim_id": "", "claim_name": null, "holder": "Century Sunny Lake Iron Mines Limited", "status": "Active", "recorded_date": null, "anniversary_or_expiry": null, "area_ha": null, "tenure_type": null, "source": "GESTIM active titles (MRNF digital data dump). Not legal title.", "as_of": "2026-09-20", "role": "focus", "color": "#e8b040"}}, {"type": "Feature", "geometry": {"type": "Polygon", "coordinates": [[[-66.88333333252302, 55.033333338892746], [-66.88333333614436, 55.04166667414042], [-66.8749999938103, 55.041666669530365], [-66.87499999955295, 55.03333333702154], [-66.88333333252302, 55.033333338892746]]]}, "properties": {"company_id": "lake-victoria-gold", "jurisdiction": "Quebec", "claim_id": "", "claim_name": null, "holder": "Century Sunny Lake Iron Mines Limited", "status": "Active", "recorded_date": null, "anniversary_or_expiry": null, "area_ha": null, "tenure_type": null, "source": "GESTIM active titles (MRNF digital data dump). Not legal title.", "as_of": "2026-09-20", "role": "focus", "color": "#e8b040"}}, {"type": "Feature", "geometry": {"type": "Polygon", "coordinates": [[[-66.84166666895128, 55.033333336149866], [-66.84166667158796, 55.04166667708816], [-66.83333332952809, 55.04166667606367], [-66.83333333631582, 55.03333333756478], [-66.84166666895128, 55.033333336149866]]]}, "properties": {"company_id": "lake-victoria-gold", "jurisdiction": "Quebec", "claim_id": "", "claim_name": null, "holder": "Century Sunny Lake Iron Mines Limited", "status": "Active", "recorded_date": null, "anniversary_or_expiry": null, "area_ha": null, "tenure_type": null, "source": "GESTIM active titles (MRNF digital data dump). Not legal title.", "as_of": "2026-09-20", "role": "focus", "color": "#e8b040"}}, {"type": "Feature", "geometry": {"type": "Polygon", "coordinates": [[[-66.83333333631582, 55.03333333756478], [-66.83333332952809, 55.04166667606367], [-66.82500000327045, 55.04166667063494], [-66.82500000336982, 55.03333334321647], [-66.83333333631582, 55.03333333756478]]]}, "properties": {"company_id": "lake-victoria-gold", "jurisdiction": "Quebec", "claim_id": "", "claim_name": null, "holder": "Century Sunny Lake Iron Mines Limited", "status": "Active", "recorded_date": null, "anniversary_or_expiry": null, "area_ha": null, "tenure_type": null, "source": "GESTIM active titles (MRNF digital data dump). Not legal title.", "as_of": "2026-09-20", "role": "focus", "color": "#e8b040"}}, {"type": "Feature", "geometry": {"type": "Polygon", "coordinates": [[[-66.82500000336982, 55.03333334321647], [-66.82500000327045, 55.04166667063494], [-66.8166666609934, 55.041666669219765], [-66.81666667102706, 55.03333333514112], [-66.82500000336982, 55.03333334321647]]]}, "properties": {"company_id": "lake-victoria-gold", "jurisdiction": "Quebec", "claim_id": "", "claim_name": null, "holder": "Century Sunny Lake Iron Mines Limited", "status": "Active", "recorded_date": null, "anniversary_or_expiry": null, "area_ha": null, "tenure_type": null, "source": "GESTIM active titles (MRNF digital data dump). Not legal title.", "as_of": "2026-09-20", "role": "focus", "color": "#e8b040"}}, {"type": "Feature", "geometry": {"type": "Polygon", "coordinates": [[[-66.84999999823225, 55.041666673156634], [-66.84999999619782, 55.05000000646883], [-66.84166665996402, 55.05000000791008], [-66.84166667158796, 55.04166667708816], [-66.84999999823225, 55.041666673156634]]]}, "properties": {"company_id": "lake-victoria-gold", "jurisdiction": "Quebec", "claim_id": "", "claim_name": null, "holder": "Century Sunny Lake Iron Mines Limited", "status": "Active", "recorded_date": null, "anniversary_or_expiry": null, "area_ha": null, "tenure_type": null, "source": "GESTIM active titles (MRNF digital data dump). Not legal title.", "as_of": "2026-09-20", "role": "focus", "color": "#e8b040"}}, {"type": "Feature", "geometry": {"type": "Polygon", "coordinates": [[[-66.84166667158796, 55.04166667708816], [-66.84166665996402, 55.05000000791008], [-66.83333333958188, 55.050000005011576], [-66.83333332952809, 55.04166667606367], [-66.84166667158796, 55.04166667708816]]]}, "properties": {"company_id": "lake-victoria-gold", "jurisdiction": "Quebec", "claim_id": "", "claim_name": null, "holder": "Century Sunny Lake Iron Mines Limited", "status": "Active", "recorded_date": null, "anniversary_or_expiry": null, "area_ha": null, "tenure_type": null, "source": "GESTIM active titles (MRNF digital data dump). Not legal title.", "as_of": "2026-09-20", "role": "focus", "color": "#e8b040"}}, {"type": "Feature", "geometry": {"type": "Polygon", "coordinates": [[[-66.83333332952809, 55.04166667606367], [-66.83333333958188, 55.050000005011576], [-66.8250000032248, 55.05000000619315], [-66.82500000327045, 55.04166667063494], [-66.83333332952809, 55.04166667606367]]]}, "properties": {"company_id": "lake-victoria-gold", "jurisdiction": "Quebec", "claim_id": "", "claim_name": null, "holder": "Century Sunny Lake Iron Mines Limited", "status": "Active", "recorded_date": null, "anniversary_or_expiry": null, "area_ha": null, "tenure_type": null, "source": "GESTIM active titles (MRNF digital data dump). Not legal title.", "as_of": "2026-09-20", "role": "focus", "color": "#e8b040"}}, {"type": "Feature", "geometry": {"type": "Polygon", "coordinates": [[[-66.85833333222068, 55.05000000939327], [-66.85833332586397, 55.05833333512312], [-66.84999999524612, 55.058333338913805], [-66.84999999619782, 55.05000000646883], [-66.85833333222068, 55.05000000939327]]]}, "properties": {"company_id": "lake-victoria-gold", "jurisdiction": "Quebec", "claim_id": "", "claim_name": null, "holder": "Century Sunny Lake Iron Mines Limited", "status": "Active", "recorded_date": null, "anniversary_or_expiry": null, "area_ha": null, "tenure_type": null, "source": "GESTIM active titles (MRNF digital data dump). Not legal title.", "as_of": "2026-09-20", "role": "focus", "color": "#e8b040"}}, {"type": "Feature", "geometry": {"type": "Polygon", "coordinates": [[[-66.84999999619782, 55.05000000646883], [-66.84999999524612, 55.058333338913805], [-66.84166666488534, 55.05833333815166], [-66.84166665996402, 55.05000000791008], [-66.84999999619782, 55.05000000646883]]]}, "properties": {"company_id": "lake-victoria-gold", "jurisdiction": "Quebec", "claim_id": "", "claim_name": null, "holder": "Century Sunny Lake Iron Mines Limited", "status": "Active", "recorded_date": null, "anniversary_or_expiry": null, "area_ha": null, "tenure_type": null, "source": "GESTIM active titles (MRNF digital data dump). Not legal title.", "as_of": "2026-09-20", "role": "focus", "color": "#e8b040"}}, {"type": "Feature", "geometry": {"type": "Polygon", "coordinates": [[[-66.87500000231914, 55.058333341113105], [-66.87500000142543, 55.06666667093602], [-66.86666666067804, 55.06666667218954], [-66.86666667196351, 55.058333336038004], [-66.87500000231914, 55.058333341113105]]]}, "properties": {"company_id": "lake-victoria-gold", "jurisdiction": "Quebec", "claim_id": "", "claim_name": null, "holder": "Century Sunny Lake Iron Mines Limited", "status": "Active", "recorded_date": null, "anniversary_or_expiry": null, "area_ha": null, "tenure_type": null, "source": "GESTIM active titles (MRNF digital data dump). Not legal title.", "as_of": "2026-09-20", "role": "focus", "color": "#e8b040"}}, {"type": "Feature", "geometry": {"type": "Polygon", "coordinates": [[[-66.86666667196351, 55.058333336038004], [-66.86666666067804, 55.06666667218954], [-66.85833333594363, 55.06666666923293], [-66.85833332586397, 55.05833333512312], [-66.86666667196351, 55.058333336038004]]]}, "properties": {"company_id": "lake-victoria-gold", "jurisdiction": "Quebec", "claim_id": "", "claim_name": null, "holder": "Century Sunny Lake Iron Mines Limited", "status": "Active", "recorded_date": null, "anniversary_or_expiry": null, "area_ha": null, "tenure_type": null, "source": "GESTIM active titles (MRNF digital data dump). Not legal title.", "as_of": "2026-09-20", "role": "focus", "color": "#e8b040"}}, {"type": "Feature", "geometry": {"type": "Polygon", "coordinates": [[[-66.84166666476709, 55.000000008683074], [-66.84166666487813, 55.00833333510922], [-66.83333332817158, 55.008333343341846], [-66.83333333724585, 55.0000000104128], [-66.84166666476709, 55.000000008683074]]]}, "properties": {"company_id": "lake-victoria-gold", "jurisdiction": "Quebec", "claim_id": "", "claim_name": null, "holder": "Century Sunny Lake Iron Mines Limited", "status": "Active", "recorded_date": null, "anniversary_or_expiry": null, "area_ha": null, "tenure_type": null, "source": "GESTIM active titles (MRNF digital data dump). Not legal title.", "as_of": "2026-09-20", "role": "focus", "color": "#e8b040"}}, {"type": "Feature", "geometry": {"type": "Polygon", "coordinates": [[[-66.83333333724585, 55.0000000104128], [-66.83333332817158, 55.008333343341846], [-66.82499999216186, 55.00833333766964], [-66.82499999432912, 55.00000000687893], [-66.83333333724585, 55.0000000104128]]]}, "properties": {"company_id": "lake-victoria-gold", "jurisdiction": "Quebec", "claim_id": "", "claim_name": null, "holder": "Century Sunny Lake Iron Mines Limited", "status": "Active", "recorded_date": null, "anniversary_or_expiry": null, "area_ha": null, "tenure_type": null, "source": "GESTIM active titles (MRNF digital data dump). Not legal title.", "as_of": "2026-09-20", "role": "focus", "color": "#e8b040"}}, {"type": "Feature", "geometry": {"type": "Polygon", "coordinates": [[[-66.82499999432912, 55.00000000687893], [-66.82499999216186, 55.00833333766964], [-66.8166666714459, 55.00833333632867], [-66.81666666671467, 55.00000000761515], [-66.82499999432912, 55.00000000687893]]]}, "properties": {"company_id": "lake-victoria-gold", "jurisdiction": "Quebec", "claim_id": "", "claim_name": null, "holder": "Century Sunny Lake Iron Mines Limited", "status": "Active", "recorded_date": null, "anniversary_or_expiry": null, "area_ha": null, "tenure_type": null, "source": "GESTIM active titles (MRNF digital data dump). Not legal title.", "as_of": "2026-09-20", "role": "focus", "color": "#e8b040"}}, {"type": "Feature", "geometry": {"type": "Polygon", "coordinates": [[[-66.81666666671467, 55.00000000761515], [-66.8166666714459, 55.00833333632867], [-66.80833333471148, 55.00833333875494], [-66.80833333920798, 55.000000003358956], [-66.81666666671467, 55.00000000761515]]]}, "properties": {"company_id": "lake-victoria-gold", "jurisdiction": "Quebec", "claim_id": "", "claim_name": null, "holder": "Century Sunny Lake Iron Mines Limited", "status": "Active", "recorded_date": null, "anniversary_or_expiry": null, "area_ha": null, "tenure_type": null, "source": "GESTIM active titles (MRNF digital data dump). Not legal title.", "as_of": "2026-09-20", "role": "focus", "color": "#e8b040"}}, {"type": "Feature", "geometry": {"type": "Polygon", "coordinates": [[[-66.86666665787271, 55.00833334348862], [-66.86666666978931, 55.01666667653474], [-66.85833334030966, 55.01666667020539], [-66.85833333723807, 55.00833333980548], [-66.86666665787271, 55.00833334348862]]]}, "properties": {"company_id": "lake-victoria-gold", "jurisdiction": "Quebec", "claim_id": "", "claim_name": null, "holder": "Century Sunny Lake Iron Mines Limited", "status": "Active", "recorded_date": null, "anniversary_or_expiry": null, "area_ha": null, "tenure_type": null, "source": "GESTIM active titles (MRNF digital data dump). Not legal title.", "as_of": "2026-09-20", "role": "focus", "color": "#e8b040"}}, {"type": "Feature", "geometry": {"type": "Polygon", "coordinates": [[[-66.85833333723807, 55.00833333980548], [-66.85833334030966, 55.01666667020539], [-66.84999999462296, 55.01666667670865], [-66.85000000089168, 55.008333339915644], [-66.85833333723807, 55.00833333980548]]]}, "properties": {"company_id": "lake-victoria-gold", "jurisdiction": "Quebec", "claim_id": "", "claim_name": null, "holder": "Century Sunny Lake Iron Mines Limited", "status": "Active", "recorded_date": null, "anniversary_or_expiry": null, "area_ha": null, "tenure_type": null, "source": "GESTIM active titles (MRNF digital data dump). Not legal title.", "as_of": "2026-09-20", "role": "focus", "color": "#e8b040"}}, {"type": "Feature", "geometry": {"type": "Polygon", "coordinates": [[[-66.85000000089168, 55.008333339915644], [-66.84999999462296, 55.01666667670865], [-66.84166666536477, 55.01666666965161], [-66.84166666487813, 55.00833333510922], [-66.85000000089168, 55.008333339915644]]]}, "properties": {"company_id": "lake-victoria-gold", "jurisdiction": "Quebec", "claim_id": "", "claim_name": null, "holder": "Century Sunny Lake Iron Mines Limited", "status": "Active", "recorded_date": null, "anniversary_or_expiry": null, "area_ha": null, "tenure_type": null, "source": "GESTIM active titles (MRNF digital data dump). Not legal title.", "as_of": "2026-09-20", "role": "focus", "color": "#e8b040"}}, {"type": "Feature", "geometry": {"type": "Polygon", "coordinates": [[[-66.84166666487813, 55.00833333510922], [-66.84166666536477, 55.01666666965161], [-66.83333333540175, 55.01666667569499], [-66.83333332817158, 55.008333343341846], [-66.84166666487813, 55.00833333510922]]]}, "properties": {"company_id": "lake-victoria-gold", "jurisdiction": "Quebec", "claim_id": "", "claim_name": null, "holder": "Century Sunny Lake Iron Mines Limited", "status": "Active", "recorded_date": null, "anniversary_or_expiry": null, "area_ha": null, "tenure_type": null, "source": "GESTIM active titles (MRNF digital data dump). Not legal title.", "as_of": "2026-09-20", "role": "focus", "color": "#e8b040"}}, {"type": "Feature", "geometry": {"type": "Polygon", "coordinates": [[[-66.83333332817158, 55.008333343341846], [-66.83333333540175, 55.01666667569499], [-66.8250000056378, 55.01666667687475], [-66.82499999216186, 55.00833333766964], [-66.83333332817158, 55.008333343341846]]]}, "properties": {"company_id": "lake-victoria-gold", "jurisdiction": "Quebec", "claim_id": "", "claim_name": null, "holder": "Century Sunny Lake Iron Mines Limited", "status": "Active", "recorded_date": null, "anniversary_or_expiry": null, "area_ha": null, "tenure_type": null, "source": "GESTIM active titles (MRNF digital data dump). Not legal title.", "as_of": "2026-09-20", "role": "focus", "color": "#e8b040"}}, {"type": "Feature", "geometry": {"type": "Polygon", "coordinates": [[[-66.88333333012592, 55.0166666746554], [-66.88333333067806, 55.0250000027381], [-66.87500000689042, 55.02500000361499], [-66.87500000018406, 55.01666666903657], [-66.88333333012592, 55.0166666746554]]]}, "properties": {"company_id": "lake-victoria-gold", "jurisdiction": "Quebec", "claim_id": "", "claim_name": null, "holder": "Century Sunny Lake Iron Mines Limited", "status": "Active", "recorded_date": null, "anniversary_or_expiry": null, "area_ha": null, "tenure_type": null, "source": "GESTIM active titles (MRNF digital data dump). Not legal title.", "as_of": "2026-09-20", "role": "focus", "color": "#e8b040"}}, {"type": "Feature", "geometry": {"type": "Polygon", "coordinates": [[[-66.87500000018406, 55.01666666903657], [-66.87500000689042, 55.02500000361499], [-66.86666666748023, 55.02500000841606], [-66.86666666978931, 55.01666667653474], [-66.87500000018406, 55.01666666903657]]]}, "properties": {"company_id": "lake-victoria-gold", "jurisdiction": "Quebec", "claim_id": "", "claim_name": null, "holder": "Century Sunny Lake Iron Mines Limited", "status": "Active", "recorded_date": null, "anniversary_or_expiry": null, "area_ha": null, "tenure_type": null, "source": "GESTIM active titles (MRNF digital data dump). Not legal title.", "as_of": "2026-09-20", "role": "focus", "color": "#e8b040"}}, {"type": "Feature", "geometry": {"type": "Polygon", "coordinates": [[[-66.85833334030966, 55.01666667020539], [-66.85833332849526, 55.025000008428904], [-66.85000000550927, 55.02500000392577], [-66.84999999462296, 55.01666667670865], [-66.85833334030966, 55.01666667020539]]]}, "properties": {"company_id": "lake-victoria-gold", "jurisdiction": "Quebec", "claim_id": "", "claim_name": null, "holder": "Century Sunny Lake Iron Mines Limited", "status": "Active", "recorded_date": null, "anniversary_or_expiry": null, "area_ha": null, "tenure_type": null, "source": "GESTIM active titles (MRNF digital data dump). Not legal title.", "as_of": "2026-09-20", "role": "focus", "color": "#e8b040"}}, {"type": "Feature", "geometry": {"type": "Polygon", "coordinates": [[[-66.84999999462296, 55.01666667670865], [-66.85000000550927, 55.02500000392577], [-66.84166666671918, 55.02500000333136], [-66.84166666536477, 55.01666666965161], [-66.84999999462296, 55.01666667670865]]]}, "properties": {"company_id": "lake-victoria-gold", "jurisdiction": "Quebec", "claim_id": "", "claim_name": null, "holder": "Century Sunny Lake Iron Mines Limited", "status": "Active", "recorded_date": null, "anniversary_or_expiry": null, "area_ha": null, "tenure_type": null, "source": "GESTIM active titles (MRNF digital data dump). Not legal title.", "as_of": "2026-09-20", "role": "focus", "color": "#e8b040"}}, {"type": "Feature", "geometry": {"type": "Polygon", "coordinates": [[[-66.84166666536477, 55.01666666965161], [-66.84166666671918, 55.02500000333136], [-66.83333332769345, 55.025000006916684], [-66.83333333540175, 55.01666667569499], [-66.84166666536477, 55.01666666965161]]]}, "properties": {"company_id": "lake-victoria-gold", "jurisdiction": "Quebec", "claim_id": "", "claim_name": null, "holder": "Century Sunny Lake Iron Mines Limited", "status": "Active", "recorded_date": null, "anniversary_or_expiry": null, "area_ha": null, "tenure_type": null, "source": "GESTIM active titles (MRNF digital data dump). Not legal title.", "as_of": "2026-09-20", "role": "focus", "color": "#e8b040"}}, {"type": "Feature", "geometry": {"type": "Polygon", "coordinates": [[[-66.88333333067806, 55.0250000027381], [-66.88333333252302, 55.033333338892746], [-66.87499999955295, 55.03333333702154], [-66.87500000689042, 55.02500000361499], [-66.88333333067806, 55.0250000027381]]]}, "properties": {"company_id": "lake-victoria-gold", "jurisdiction": "Quebec", "claim_id": "", "claim_name": null, "holder": "Century Sunny Lake Iron Mines Limited", "status": "Active", "recorded_date": null, "anniversary_or_expiry": null, "area_ha": null, "tenure_type": null, "source": "GESTIM active titles (MRNF digital data dump). Not legal title.", "as_of": "2026-09-20", "role": "focus", "color": "#e8b040"}}, {"type": "Feature", "geometry": {"type": "Polygon", "coordinates": [[[-66.87500000689042, 55.02500000361499], [-66.87499999955295, 55.03333333702154], [-66.86666666658078, 55.033333339407825], [-66.86666666748023, 55.02500000841606], [-66.87500000689042, 55.02500000361499]]]}, "properties": {"company_id": "lake-victoria-gold", "jurisdiction": "Quebec", "claim_id": "", "claim_name": null, "holder": "Century Sunny Lake Iron Mines Limited", "status": "Active", "recorded_date": null, "anniversary_or_expiry": null, "area_ha": null, "tenure_type": null, "source": "GESTIM active titles (MRNF digital data dump). Not legal title.", "as_of": "2026-09-20", "role": "focus", "color": "#e8b040"}}, {"type": "Feature", "geometry": {"type": "Polygon", "coordinates": [[[-66.86666666748023, 55.02500000841606], [-66.86666666658078, 55.033333339407825], [-66.85833333402245, 55.03333333706723], [-66.85833332849526, 55.025000008428904], [-66.86666666748023, 55.02500000841606]]]}, "properties": {"company_id": "lake-victoria-gold", "jurisdiction": "Quebec", "claim_id": "", "claim_name": null, "holder": "Century Sunny Lake Iron Mines Limited", "status": "Active", "recorded_date": null, "anniversary_or_expiry": null, "area_ha": null, "tenure_type": null, "source": "GESTIM active titles (MRNF digital data dump). Not legal title.", "as_of": "2026-09-20", "role": "focus", "color": "#e8b040"}}, {"type": "Feature", "geometry": {"type": "Polygon", "coordinates": [[[-66.84166666671918, 55.02500000333136], [-66.84166666895128, 55.033333336149866], [-66.83333333631582, 55.03333333756478], [-66.83333332769345, 55.025000006916684], [-66.84166666671918, 55.02500000333136]]]}, "properties": {"company_id": "lake-victoria-gold", "jurisdiction": "Quebec", "claim_id": "", "claim_name": null, "holder": "Century Sunny Lake Iron Mines Limited", "status": "Active", "recorded_date": null, "anniversary_or_expiry": null, "area_ha": null, "tenure_type": null, "source": "GESTIM active titles (MRNF digital data dump). Not legal title.", "as_of": "2026-09-20", "role": "focus", "color": "#e8b040"}}, {"type": "Feature", "geometry": {"type": "Polygon", "coordinates": [[[-70.50000000281113, 45.69999999781423], [-70.4999999950089, 45.70833333134149], [-70.49166666368339, 45.70833333380099], [-70.49166666437256, 45.70000000110528], [-70.50000000281113, 45.69999999781423]]]}, "properties": {"company_id": "lake-victoria-gold", "jurisdiction": "Quebec", "claim_id": "", "claim_name": null, "holder": "Leopard Lake Gold Corp.", "status": "Active", "recorded_date": null, "anniversary_or_expiry": null, "area_ha": null, "tenure_type": null, "source": "GESTIM active titles (MRNF digital data dump). Not legal title.", "as_of": "2026-09-20", "role": "focus", "color": "#e8b040"}}, {"type": "Feature", "geometry": {"type": "Polygon", "coordinates": [[[-70.49166666437256, 45.70000000110528], [-70.49166666368339, 45.70833333380099], [-70.48333333296075, 45.70833333108433], [-70.48333333936833, 45.699999999048245], [-70.49166666437256, 45.70000000110528]]]}, "properties": {"company_id": "lake-victoria-gold", "jurisdiction": "Quebec", "claim_id": "", "claim_name": null, "holder": "Leopard Lake Gold Corp.", "status": "Active", "recorded_date": null, "anniversary_or_expiry": null, "area_ha": null, "tenure_type": null, "source": "GESTIM active titles (MRNF digital data dump). Not legal title.", "as_of": "2026-09-20", "role": "focus", "color": "#e8b040"}}, {"type": "Feature", "geometry": {"type": "Polygon", "coordinates": [[[-70.48333333936833, 45.699999999048245], [-70.48333333296075, 45.70833333108433], [-70.47500000307596, 45.70833333219396], [-70.47500000235142, 45.70000000098002], [-70.48333333936833, 45.699999999048245]]]}, "properties": {"company_id": "lake-victoria-gold", "jurisdiction": "Quebec", "claim_id": "", "claim_name": null, "holder": "Leopard Lake Gold Corp.", "status": "Active", "recorded_date": null, "anniversary_or_expiry": null, "area_ha": null, "tenure_type": null, "source": "GESTIM active titles (MRNF digital data dump). Not legal title.", "as_of": "2026-09-20", "role": "focus", "color": "#e8b040"}}, {"type": "Feature", "geometry": {"type": "Polygon", "coordinates": [[[-70.4999999950089, 45.70833333134149], [-70.50000000646901, 45.71666667124195], [-70.49166666923551, 45.71666667303212], [-70.49166666368339, 45.70833333380099], [-70.4999999950089, 45.70833333134149]]]}, "properties": {"company_id": "lake-victoria-gold", "jurisdiction": "Quebec", "claim_id": "", "claim_name": null, "holder": "Leopard Lake Gold Corp.", "status": "Active", "recorded_date": null, "anniversary_or_expiry": null, "area_ha": null, "tenure_type": null, "source": "GESTIM active titles (MRNF digital data dump). Not legal title.", "as_of": "2026-09-20", "role": "focus", "color": "#e8b040"}}, {"type": "Feature", "geometry": {"type": "Polygon", "coordinates": [[[-70.49166666368339, 45.70833333380099], [-70.49166666923551, 45.71666667303212], [-70.48333333261438, 45.71666666964947], [-70.48333333296075, 45.70833333108433], [-70.49166666368339, 45.70833333380099]]]}, "properties": {"company_id": "lake-victoria-gold", "jurisdiction": "Quebec", "claim_id": "", "claim_name": null, "holder": "Leopard Lake Gold Corp.", "status": "Active", "recorded_date": null, "anniversary_or_expiry": null, "area_ha": null, "tenure_type": null, "source": "GESTIM active titles (MRNF digital data dump). Not legal title.", "as_of": "2026-09-20", "role": "focus", "color": "#e8b040"}}, {"type": "Feature", "geometry": {"type": "Polygon", "coordinates": [[[-70.48333333296075, 45.70833333108433], [-70.48333333261438, 45.71666666964947], [-70.4749999968405, 45.71666667009638], [-70.47500000307596, 45.70833333219396], [-70.48333333296075, 45.70833333108433]]]}, "properties": {"company_id": "lake-victoria-gold", "jurisdiction": "Quebec", "claim_id": "", "claim_name": null, "holder": "Leopard Lake Gold Corp.", "status": "Active", "recorded_date": null, "anniversary_or_expiry": null, "area_ha": null, "tenure_type": null, "source": "GESTIM active titles (MRNF digital data dump). Not legal title.", "as_of": "2026-09-20", "role": "focus", "color": "#e8b040"}}, {"type": "Feature", "geometry": {"type": "Polygon", "coordinates": [[[-70.47500000307596, 45.70833333219396], [-70.4749999968405, 45.71666667009638], [-70.46666666167258, 45.716666665379684], [-70.46666666118016, 45.70833333729943], [-70.47500000307596, 45.70833333219396]]]}, "properties": {"company_id": "lake-victoria-gold", "jurisdiction": "Quebec", "claim_id": "", "claim_name": null, "holder": "Leopard Lake Gold Corp.", "status": "Active", "recorded_date": null, "anniversary_or_expiry": null, "area_ha": null, "tenure_type": null, "source": "GESTIM active titles (MRNF digital data dump). Not legal title.", "as_of": "2026-09-20", "role": "focus", "color": "#e8b040"}}, {"type": "Feature", "geometry": {"type": "Polygon", "coordinates": [[[-70.46666666118016, 45.70833333729943], [-70.46666666167258, 45.716666665379684], [-70.45833332734283, 45.71666666450187], [-70.45833333271933, 45.7083333370768], [-70.46666666118016, 45.70833333729943]]]}, "properties": {"company_id": "lake-victoria-gold", "jurisdiction": "Quebec", "claim_id": "", "claim_name": null, "holder": "Leopard Lake Gold Corp.", "status": "Active", "recorded_date": null, "anniversary_or_expiry": null, "area_ha": null, "tenure_type": null, "source": "GESTIM active titles (MRNF digital data dump). Not legal title.", "as_of": "2026-09-20", "role": "focus", "color": "#e8b040"}}, {"type": "Feature", "geometry": {"type": "Polygon", "coordinates": [[[-70.45833333271933, 45.7083333370768], [-70.45833332734283, 45.71666666450187], [-70.44999999384531, 45.716666667467535], [-70.45000000484877, 45.70833333169649], [-70.45833333271933, 45.7083333370768]]]}, "properties": {"company_id": "lake-victoria-gold", "jurisdiction": "Quebec", "claim_id": "", "claim_name": null, "holder": "Leopard Lake Gold Corp.", "status": "Active", "recorded_date": null, "anniversary_or_expiry": null, "area_ha": null, "tenure_type": null, "source": "GESTIM active titles (MRNF digital data dump). Not legal title.", "as_of": "2026-09-20", "role": "focus", "color": "#e8b040"}}, {"type": "Feature", "geometry": {"type": "Polygon", "coordinates": [[[-70.45000000484877, 45.70833333169649], [-70.44999999384531, 45.716666667467535], [-70.44166666094274, 45.71666666528334], [-70.44166666518625, 45.70833333932091], [-70.45000000484877, 45.70833333169649]]]}, "properties": {"company_id": "lake-victoria-gold", "jurisdiction": "Quebec", "claim_id": "", "claim_name": null, "holder": "Leopard Lake Gold Corp.", "status": "Active", "recorded_date": null, "anniversary_or_expiry": null, "area_ha": null, "tenure_type": null, "source": "GESTIM active titles (MRNF digital data dump). Not legal title.", "as_of": "2026-09-20", "role": "focus", "color": "#e8b040"}}, {"type": "Feature", "geometry": {"type": "Polygon", "coordinates": [[[-70.44166666518625, 45.70833333932091], [-70.44166666094274, 45.71666666528334], [-70.4333333288633, 45.716666666951774], [-70.43333333871797, 45.70833333263569], [-70.44166666518625, 45.70833333932091]]]}, "properties": {"company_id": "lake-victoria-gold", "jurisdiction": "Quebec", "claim_id": "", "claim_name": null, "holder": "Leopard Lake Gold Corp.", "status": "Active", "recorded_date": null, "anniversary_or_expiry": null, "area_ha": null, "tenure_type": null, "source": "GESTIM active titles (MRNF digital data dump). Not legal title.", "as_of": "2026-09-20", "role": "focus", "color": "#e8b040"}}, {"type": "Feature", "geometry": {"type": "Polygon", "coordinates": [[[-70.50000000646901, 45.71666667124195], [-70.49999999817399, 45.72500000002626], [-70.49166666770151, 45.725000000971015], [-70.49166666923551, 45.71666667303212], [-70.50000000646901, 45.71666667124195]]]}, "properties": {"company_id": "lake-victoria-gold", "jurisdiction": "Quebec", "claim_id": "", "claim_name": null, "holder": "Leopard Lake Gold Corp.", "status": "Active", "recorded_date": null, "anniversary_or_expiry": null, "area_ha": null, "tenure_type": null, "source": "GESTIM active titles (MRNF digital data dump). Not legal title.", "as_of": "2026-09-20", "role": "focus", "color": "#e8b040"}}, {"type": "Feature", "geometry": {"type": "Polygon", "coordinates": [[[-70.49166666923551, 45.71666667303212], [-70.49166666770151, 45.725000000971015], [-70.48333333808912, 45.725000005745876], [-70.48333333261438, 45.71666666964947], [-70.49166666923551, 45.71666667303212]]]}, "properties": {"company_id": "lake-victoria-gold", "jurisdiction": "Quebec", "claim_id": "", "claim_name": null, "holder": "Leopard Lake Gold Corp.", "status": "Active", "recorded_date": null, "anniversary_or_expiry": null, "area_ha": null, "tenure_type": null, "source": "GESTIM active titles (MRNF digital data dump). Not legal title.", "as_of": "2026-09-20", "role": "focus", "color": "#e8b040"}}, {"type": "Feature", "geometry": {"type": "Polygon", "coordinates": [[[-70.48333333261438, 45.71666666964947], [-70.48333333808912, 45.725000005745876], [-70.47499999624736, 45.725000005523704], [-70.4749999968405, 45.71666667009638], [-70.48333333261438, 45.71666666964947]]]}, "properties": {"company_id": "lake-victoria-gold", "jurisdiction": "Quebec", "claim_id": "", "claim_name": null, "holder": "Leopard Lake Gold Corp.", "status": "Active", "recorded_date": null, "anniversary_or_expiry": null, "area_ha": null, "tenure_type": null, "source": "GESTIM active titles (MRNF digital data dump). Not legal title.", "as_of": "2026-09-20", "role": "focus", "color": "#e8b040"}}, {"type": "Feature", "geometry": {"type": "Polygon", "coordinates": [[[-70.4749999968405, 45.71666667009638], [-70.47499999624736, 45.725000005523704], [-70.46666666786766, 45.724999999976276], [-70.46666666167258, 45.716666665379684], [-70.4749999968405, 45.71666667009638]]]}, "properties": {"company_id": "lake-victoria-gold", "jurisdiction": "Quebec", "claim_id": "", "claim_name": null, "holder": "Leopard Lake Gold Corp.", "status": "Active", "recorded_date": null, "anniversary_or_expiry": null, "area_ha": null, "tenure_type": null, "source": "GESTIM active titles (MRNF digital data dump). Not legal title.", "as_of": "2026-09-20", "role": "focus", "color": "#e8b040"}}, {"type": "Feature", "geometry": {"type": "Polygon", "coordinates": [[[-70.46666666167258, 45.716666665379684], [-70.46666666786766, 45.724999999976276], [-70.45833332748876, 45.72499999843694], [-70.45833332734283, 45.71666666450187], [-70.46666666167258, 45.716666665379684]]]}, "properties": {"company_id": "lake-victoria-gold", "jurisdiction": "Quebec", "claim_id": "", "claim_name": null, "holder": "Leopard Lake Gold Corp.", "status": "Active", "recorded_date": null, "anniversary_or_expiry": null, "area_ha": null, "tenure_type": null, "source": "GESTIM active titles (MRNF digital data dump). Not legal title.", "as_of": "2026-09-20", "role": "focus", "color": "#e8b040"}}, {"type": "Feature", "geometry": {"type": "Polygon", "coordinates": [[[-70.45833332734283, 45.71666666450187], [-70.45833332748876, 45.72499999843694], [-70.45000000079831, 45.72500000058133], [-70.44999999384531, 45.716666667467535], [-70.45833332734283, 45.71666666450187]]]}, "properties": {"company_id": "lake-victoria-gold", "jurisdiction": "Quebec", "claim_id": "", "claim_name": null, "holder": "Leopard Lake Gold Corp.", "status": "Active", "recorded_date": null, "anniversary_or_expiry": null, "area_ha": null, "tenure_type": null, "source": "GESTIM active titles (MRNF digital data dump). Not legal title.", "as_of": "2026-09-20", "role": "focus", "color": "#e8b040"}}, {"type": "Feature", "geometry": {"type": "Polygon", "coordinates": [[[-70.44999999384531, 45.716666667467535], [-70.45000000079831, 45.72500000058133], [-70.44166666186517, 45.72499999774324], [-70.44166666094274, 45.71666666528334], [-70.44999999384531, 45.716666667467535]]]}, "properties": {"company_id": "lake-victoria-gold", "jurisdiction": "Quebec", "claim_id": "", "claim_name": null, "holder": "Leopard Lake Gold Corp.", "status": "Active", "recorded_date": null, "anniversary_or_expiry": null, "area_ha": null, "tenure_type": null, "source": "GESTIM active titles (MRNF digital data dump). Not legal title.", "as_of": "2026-09-20", "role": "focus", "color": "#e8b040"}}, {"type": "Feature", "geometry": {"type": "Polygon", "coordinates": [[[-70.44166666094274, 45.71666666528334], [-70.44166666186517, 45.72499999774324], [-70.4333333366113, 45.72499999859986], [-70.4333333288633, 45.716666666951774], [-70.44166666094274, 45.71666666528334]]]}, "properties": {"company_id": "lake-victoria-gold", "jurisdiction": "Quebec", "claim_id": "", "claim_name": null, "holder": "Leopard Lake Gold Corp.", "status": "Active", "recorded_date": null, "anniversary_or_expiry": null, "area_ha": null, "tenure_type": null, "source": "GESTIM active titles (MRNF digital data dump). Not legal title.", "as_of": "2026-09-20", "role": "focus", "color": "#e8b040"}}, {"type": "Feature", "geometry": {"type": "Polygon", "coordinates": [[[-70.4333333288633, 45.716666666951774], [-70.4333333366113, 45.72499999859986], [-70.42499999933693, 45.72500000347909], [-70.42499999760109, 45.71666667247734], [-70.4333333288633, 45.716666666951774]]]}, "properties": {"company_id": "lake-victoria-gold", "jurisdiction": "Quebec", "claim_id": "", "claim_name": null, "holder": "Leopard Lake Gold Corp.", "status": "Active", "recorded_date": null, "anniversary_or_expiry": null, "area_ha": null, "tenure_type": null, "source": "GESTIM active titles (MRNF digital data dump). Not legal title.", "as_of": "2026-09-20", "role": "focus", "color": "#e8b040"}}, {"type": "Feature", "geometry": {"type": "Polygon", "coordinates": [[[-70.42499999760109, 45.71666667247734], [-70.42499999933693, 45.72500000347909], [-70.41666666265549, 45.72500000322533], [-70.4166666669228, 45.71666667286656], [-70.42499999760109, 45.71666667247734]]]}, "properties": {"company_id": "lake-victoria-gold", "jurisdiction": "Quebec", "claim_id": "", "claim_name": null, "holder": "Leopard Lake Gold Corp.", "status": "Active", "recorded_date": null, "anniversary_or_expiry": null, "area_ha": null, "tenure_type": null, "source": "GESTIM active titles (MRNF digital data dump). Not legal title.", "as_of": "2026-09-20", "role": "focus", "color": "#e8b040"}}, {"type": "Feature", "geometry": {"type": "Polygon", "coordinates": [[[-70.49999999817399, 45.72500000002626], [-70.49999999628909, 45.733333335352654], [-70.49166667240121, 45.73333333544551], [-70.49166666770151, 45.725000000971015], [-70.49999999817399, 45.72500000002626]]]}, "properties": {"company_id": "lake-victoria-gold", "jurisdiction": "Quebec", "claim_id": "", "claim_name": null, "holder": "Leopard Lake Gold Corp.", "status": "Active", "recorded_date": null, "anniversary_or_expiry": null, "area_ha": null, "tenure_type": null, "source": "GESTIM active titles (MRNF digital data dump). Not legal title.", "as_of": "2026-09-20", "role": "focus", "color": "#e8b040"}}, {"type": "Feature", "geometry": {"type": "Polygon", "coordinates": [[[-70.49166666770151, 45.725000000971015], [-70.49166667240121, 45.73333333544551], [-70.48333333653449, 45.73333333954055], [-70.48333333808912, 45.725000005745876], [-70.49166666770151, 45.725000000971015]]]}, "properties": {"company_id": "lake-victoria-gold", "jurisdiction": "Quebec", "claim_id": "", "claim_name": null, "holder": "Leopard Lake Gold Corp.", "status": "Active", "recorded_date": null, "anniversary_or_expiry": null, "area_ha": null, "tenure_type": null, "source": "GESTIM active titles (MRNF digital data dump). Not legal title.", "as_of": "2026-09-20", "role": "focus", "color": "#e8b040"}}, {"type": "Feature", "geometry": {"type": "Polygon", "coordinates": [[[-70.48333333808912, 45.725000005745876], [-70.48333333653449, 45.73333333954055], [-70.47500000129446, 45.733333338475994], [-70.47499999624736, 45.725000005523704], [-70.48333333808912, 45.725000005745876]]]}, "properties": {"company_id": "lake-victoria-gold", "jurisdiction": "Quebec", "claim_id": "", "claim_name": null, "holder": "Leopard Lake Gold Corp.", "status": "Active", "recorded_date": null, "anniversary_or_expiry": null, "area_ha": null, "tenure_type": null, "source": "GESTIM active titles (MRNF digital data dump). Not legal title.", "as_of": "2026-09-20", "role": "focus", "color": "#e8b040"}}, {"type": "Feature", "geometry": {"type": "Polygon", "coordinates": [[[-70.47499999624736, 45.725000005523704], [-70.47500000129446, 45.733333338475994], [-70.46666666667922, 45.73333333225642], [-70.46666666786766, 45.724999999976276], [-70.47499999624736, 45.725000005523704]]]}, "properties": {"company_id": "lake-victoria-gold", "jurisdiction": "Quebec", "claim_id": "", "claim_name": null, "holder": "Leopard Lake Gold Corp.", "status": "Active", "recorded_date": null, "anniversary_or_expiry": null, "area_ha": null, "tenure_type": null, "source": "GESTIM active titles (MRNF digital data dump). Not legal title.", "as_of": "2026-09-20", "role": "focus", "color": "#e8b040"}}, {"type": "Feature", "geometry": {"type": "Polygon", "coordinates": [[[-70.46666666786766, 45.724999999976276], [-70.46666666667922, 45.73333333225642], [-70.4583333331552, 45.73333333888211], [-70.45833332748876, 45.72499999843694], [-70.46666666786766, 45.724999999976276]]]}, "properties": {"company_id": "lake-victoria-gold", "jurisdiction": "Quebec", "claim_id": "", "claim_name": null, "holder": "Leopard Lake Gold Corp.", "status": "Active", "recorded_date": null, "anniversary_or_expiry": null, "area_ha": null, "tenure_type": null, "source": "GESTIM active titles (MRNF digital data dump). Not legal title.", "as_of": "2026-09-20", "role": "focus", "color": "#e8b040"}}, {"type": "Feature", "geometry": {"type": "Polygon", "coordinates": [[[-70.45833332748876, 45.72499999843694], [-70.4583333331552, 45.73333333888211], [-70.45000000001369, 45.73333333136412], [-70.45000000079831, 45.72500000058133], [-70.45833332748876, 45.72499999843694]]]}, "properties": {"company_id": "lake-victoria-gold", "jurisdiction": "Quebec", "claim_id": "", "claim_name": null, "holder": "Leopard Lake Gold Corp.", "status": "Active", "recorded_date": null, "anniversary_or_expiry": null, "area_ha": null, "tenure_type": null, "source": "GESTIM active titles (MRNF digital data dump). Not legal title.", "as_of": "2026-09-20", "role": "focus", "color": "#e8b040"}}, {"type": "Feature", "geometry": {"type": "Polygon", "coordinates": [[[-70.45000000079831, 45.72500000058133], [-70.45000000001369, 45.73333333136412], [-70.44166666795138, 45.73333333670061], [-70.44166666186517, 45.72499999774324], [-70.45000000079831, 45.72500000058133]]]}, "properties": {"company_id": "lake-victoria-gold", "jurisdiction": "Quebec", "claim_id": "", "claim_name": null, "holder": "Leopard Lake Gold Corp.", "status": "Active", "recorded_date": null, "anniversary_or_expiry": null, "area_ha": null, "tenure_type": null, "source": "GESTIM active titles (MRNF digital data dump). Not legal title.", "as_of": "2026-09-20", "role": "focus", "color": "#e8b040"}}, {"type": "Feature", "geometry": {"type": "Polygon", "coordinates": [[[-70.44166666186517, 45.72499999774324], [-70.44166666795138, 45.73333333670061], [-70.43333333649784, 45.73333333690038], [-70.4333333366113, 45.72499999859986], [-70.44166666186517, 45.72499999774324]]]}, "properties": {"company_id": "lake-victoria-gold", "jurisdiction": "Quebec", "claim_id": "", "claim_name": null, "holder": "Leopard Lake Gold Corp.", "status": "Active", "recorded_date": null, "anniversary_or_expiry": null, "area_ha": null, "tenure_type": null, "source": "GESTIM active titles (MRNF digital data dump). Not legal title.", "as_of": "2026-09-20", "role": "focus", "color": "#e8b040"}}, {"type": "Feature", "geometry": {"type": "Polygon", "coordinates": [[[-70.4333333366113, 45.72499999859986], [-70.43333333649784, 45.73333333690038], [-70.42500000565106, 45.733333331967856], [-70.42499999933693, 45.72500000347909], [-70.4333333366113, 45.72499999859986]]]}, "properties": {"company_id": "lake-victoria-gold", "jurisdiction": "Quebec", "claim_id": "", "claim_name": null, "holder": "Leopard Lake Gold Corp.", "status": "Active", "recorded_date": null, "anniversary_or_expiry": null, "area_ha": null, "tenure_type": null, "source": "GESTIM active titles (MRNF digital data dump). Not legal title.", "as_of": "2026-09-20", "role": "focus", "color": "#e8b040"}}, {"type": "Feature", "geometry": {"type": "Polygon", "coordinates": [[[-70.42499999933693, 45.72500000347909], [-70.42500000565106, 45.733333331967856], [-70.41666666278758, 45.7333333310649], [-70.41666666265549, 45.72500000322533], [-70.42499999933693, 45.72500000347909]]]}, "properties": {"company_id": "lake-victoria-gold", "jurisdiction": "Quebec", "claim_id": "", "claim_name": null, "holder": "Leopard Lake Gold Corp.", "status": "Active", "recorded_date": null, "anniversary_or_expiry": null, "area_ha": null, "tenure_type": null, "source": "GESTIM active titles (MRNF digital data dump). Not legal title.", "as_of": "2026-09-20", "role": "focus", "color": "#e8b040"}}, {"type": "Feature", "geometry": {"type": "Polygon", "coordinates": [[[-70.49999999628909, 45.733333335352654], [-70.50000000057165, 45.7416666682235], [-70.49166667024275, 45.74166666762576], [-70.49166667240121, 45.73333333544551], [-70.49999999628909, 45.733333335352654]]]}, "properties": {"company_id": "lake-victoria-gold", "jurisdiction": "Quebec", "claim_id": "", "claim_name": null, "holder": "Leopard Lake Gold Corp.", "status": "Active", "recorded_date": null, "anniversary_or_expiry": null, "area_ha": null, "tenure_type": null, "source": "GESTIM active titles (MRNF digital data dump). Not legal title.", "as_of": "2026-09-20", "role": "focus", "color": "#e8b040"}}, {"type": "Feature", "geometry": {"type": "Polygon", "coordinates": [[[-70.49166667240121, 45.73333333544551], [-70.49166667024275, 45.74166666762576], [-70.48333332794265, 45.741666671033656], [-70.48333333653449, 45.73333333954055], [-70.49166667240121, 45.73333333544551]]]}, "properties": {"company_id": "lake-victoria-gold", "jurisdiction": "Quebec", "claim_id": "", "claim_name": null, "holder": "Leopard Lake Gold Corp.", "status": "Active", "recorded_date": null, "anniversary_or_expiry": null, "area_ha": null, "tenure_type": null, "source": "GESTIM active titles (MRNF digital data dump). Not legal title.", "as_of": "2026-09-20", "role": "focus", "color": "#e8b040"}}, {"type": "Feature", "geometry": {"type": "Polygon", "coordinates": [[[-70.48333333653449, 45.73333333954055], [-70.48333332794265, 45.741666671033656], [-70.47499999912922, 45.74166666911936], [-70.47500000129446, 45.733333338475994], [-70.48333333653449, 45.73333333954055]]]}, "properties": {"company_id": "lake-victoria-gold", "jurisdiction": "Quebec", "claim_id": "", "claim_name": null, "holder": "Leopard Lake Gold Corp.", "status": "Active", "recorded_date": null, "anniversary_or_expiry": null, "area_ha": null, "tenure_type": null, "source": "GESTIM active titles (MRNF digital data dump). Not legal title.", "as_of": "2026-09-20", "role": "focus", "color": "#e8b040"}}, {"type": "Feature", "geometry": {"type": "Polygon", "coordinates": [[[-70.47500000129446, 45.733333338475994], [-70.47499999912922, 45.74166666911936], [-70.46666667118564, 45.74166667105312], [-70.46666666667922, 45.73333333225642], [-70.47500000129446, 45.733333338475994]]]}, "properties": {"company_id": "lake-victoria-gold", "jurisdiction": "Quebec", "claim_id": "", "claim_name": null, "holder": "Leopard Lake Gold Corp.", "status": "Active", "recorded_date": null, "anniversary_or_expiry": null, "area_ha": null, "tenure_type": null, "source": "GESTIM active titles (MRNF digital data dump). Not legal title.", "as_of": "2026-09-20", "role": "focus", "color": "#e8b040"}}, {"type": "Feature", "geometry": {"type": "Polygon", "coordinates": [[[-70.46666666667922, 45.73333333225642], [-70.46666667118564, 45.74166667105312], [-70.4583333310209, 45.74166666800582], [-70.4583333331552, 45.73333333888211], [-70.46666666667922, 45.73333333225642]]]}, "properties": {"company_id": "lake-victoria-gold", "jurisdiction": "Quebec", "claim_id": "", "claim_name": null, "holder": "Leopard Lake Gold Corp.", "status": "Active", "recorded_date": null, "anniversary_or_expiry": null, "area_ha": null, "tenure_type": null, "source": "GESTIM active titles (MRNF digital data dump). Not legal title.", "as_of": "2026-09-20", "role": "focus", "color": "#e8b040"}}, {"type": "Feature", "geometry": {"type": "Polygon", "coordinates": [[[-70.4583333331552, 45.73333333888211], [-70.4583333310209, 45.74166666800582], [-70.45000000456716, 45.741666668650765], [-70.45000000001369, 45.73333333136412], [-70.4583333331552, 45.73333333888211]]]}, "properties": {"company_id": "lake-victoria-gold", "jurisdiction": "Quebec", "claim_id": "", "claim_name": null, "holder": "Leopard Lake Gold Corp.", "status": "Active", "recorded_date": null, "anniversary_or_expiry": null, "area_ha": null, "tenure_type": null, "source": "GESTIM active titles (MRNF digital data dump). Not legal title.", "as_of": "2026-09-20", "role": "focus", "color": "#e8b040"}}, {"type": "Feature", "geometry": {"type": "Polygon", "coordinates": [[[-70.45000000001369, 45.73333333136412], [-70.45000000456716, 45.741666668650765], [-70.44166666588539, 45.74166666432193], [-70.44166666795138, 45.73333333670061], [-70.45000000001369, 45.73333333136412]]]}, "properties": {"company_id": "lake-victoria-gold", "jurisdiction": "Quebec", "claim_id": "", "claim_name": null, "holder": "Leopard Lake Gold Corp.", "status": "Active", "recorded_date": null, "anniversary_or_expiry": null, "area_ha": null, "tenure_type": null, "source": "GESTIM active titles (MRNF digital data dump). Not legal title.", "as_of": "2026-09-20", "role": "focus", "color": "#e8b040"}}, {"type": "Feature", "geometry": {"type": "Polygon", "coordinates": [[[-70.44166666795138, 45.73333333670061], [-70.44166666588539, 45.74166666432193], [-70.43333332828476, 45.741666672855516], [-70.43333333649784, 45.73333333690038], [-70.44166666795138, 45.73333333670061]]]}, "properties": {"company_id": "lake-victoria-gold", "jurisdiction": "Quebec", "claim_id": "", "claim_name": null, "holder": "Leopard Lake Gold Corp.", "status": "Active", "recorded_date": null, "anniversary_or_expiry": null, "area_ha": null, "tenure_type": null, "source": "GESTIM active titles (MRNF digital data dump). Not legal title.", "as_of": "2026-09-20", "role": "focus", "color": "#e8b040"}}, {"type": "Feature", "geometry": {"type": "Polygon", "coordinates": [[[-70.43333333649784, 45.73333333690038], [-70.43333332828476, 45.741666672855516], [-70.4250000039192, 45.74166666710204], [-70.42500000565106, 45.733333331967856], [-70.43333333649784, 45.73333333690038]]]}, "properties": {"company_id": "lake-victoria-gold", "jurisdiction": "Quebec", "claim_id": "", "claim_name": null, "holder": "Leopard Lake Gold Corp.", "status": "Active", "recorded_date": null, "anniversary_or_expiry": null, "area_ha": null, "tenure_type": null, "source": "GESTIM active titles (MRNF digital data dump). Not legal title.", "as_of": "2026-09-20", "role": "focus", "color": "#e8b040"}}, {"type": "Feature", "geometry": {"type": "Polygon", "coordinates": [[[-70.50000000057165, 45.7416666682235], [-70.49999999816745, 45.7499999988077], [-70.4916666614582, 45.75000000650969], [-70.49166667024275, 45.74166666762576], [-70.50000000057165, 45.7416666682235]]]}, "properties": {"company_id": "lake-victoria-gold", "jurisdiction": "Quebec", "claim_id": "", "claim_name": null, "holder": "Leopard Lake Gold Corp.", "status": "Active", "recorded_date": null, "anniversary_or_expiry": null, "area_ha": null, "tenure_type": null, "source": "GESTIM active titles (MRNF digital data dump). Not legal title.", "as_of": "2026-09-20", "role": "focus", "color": "#e8b040"}}, {"type": "Feature", "geometry": {"type": "Polygon", "coordinates": [[[-70.49166667024275, 45.74166666762576], [-70.4916666614582, 45.75000000650969], [-70.48333333801071, 45.74999999989152], [-70.48333332794265, 45.741666671033656], [-70.49166667024275, 45.74166666762576]]]}, "properties": {"company_id": "lake-victoria-gold", "jurisdiction": "Quebec", "claim_id": "", "claim_name": null, "holder": "Leopard Lake Gold Corp.", "status": "Active", "recorded_date": null, "anniversary_or_expiry": null, "area_ha": null, "tenure_type": null, "source": "GESTIM active titles (MRNF digital data dump). Not legal title.", "as_of": "2026-09-20", "role": "focus", "color": "#e8b040"}}, {"type": "Feature", "geometry": {"type": "Polygon", "coordinates": [[[-70.48333332794265, 45.741666671033656], [-70.48333333801071, 45.74999999989152], [-70.47500000283333, 45.75000000628573], [-70.47499999912922, 45.74166666911936], [-70.48333332794265, 45.741666671033656]]]}, "properties": {"company_id": "lake-victoria-gold", "jurisdiction": "Quebec", "claim_id": "", "claim_name": null, "holder": "Leopard Lake Gold Corp.", "status": "Active", "recorded_date": null, "anniversary_or_expiry": null, "area_ha": null, "tenure_type": null, "source": "GESTIM active titles (MRNF digital data dump). Not legal title.", "as_of": "2026-09-20", "role": "focus", "color": "#e8b040"}}, {"type": "Feature", "geometry": {"type": "Polygon", "coordinates": [[[-70.47499999912922, 45.74166666911936], [-70.47500000283333, 45.75000000628573], [-70.46666666806108, 45.74999999853582], [-70.46666667118564, 45.74166667105312], [-70.47499999912922, 45.74166666911936]]]}, "properties": {"company_id": "lake-victoria-gold", "jurisdiction": "Quebec", "claim_id": "", "claim_name": null, "holder": "Leopard Lake Gold Corp.", "status": "Active", "recorded_date": null, "anniversary_or_expiry": null, "area_ha": null, "tenure_type": null, "source": "GESTIM active titles (MRNF digital data dump). Not legal title.", "as_of": "2026-09-20", "role": "focus", "color": "#e8b040"}}, {"type": "Feature", "geometry": {"type": "Polygon", "coordinates": [[[-70.46666667118564, 45.74166667105312], [-70.46666666806108, 45.74999999853582], [-70.45833333439907, 45.7500000036398], [-70.4583333310209, 45.74166666800582], [-70.46666667118564, 45.74166667105312]]]}, "properties": {"company_id": "lake-victoria-gold", "jurisdiction": "Quebec", "claim_id": "", "claim_name": null, "holder": "Leopard Lake Gold Corp.", "status": "Active", "recorded_date": null, "anniversary_or_expiry": null, "area_ha": null, "tenure_type": null, "source": "GESTIM active titles (MRNF digital data dump). Not legal title.", "as_of": "2026-09-20", "role": "focus", "color": "#e8b040"}}, {"type": "Feature", "geometry": {"type": "Polygon", "coordinates": [[[-70.4583333310209, 45.74166666800582], [-70.45833333439907, 45.7500000036398], [-70.45000000137104, 45.750000003606665], [-70.45000000456716, 45.741666668650765], [-70.4583333310209, 45.74166666800582]]]}, "properties": {"company_id": "lake-victoria-gold", "jurisdiction": "Quebec", "claim_id": "", "claim_name": null, "holder": "Leopard Lake Gold Corp.", "status": "Active", "recorded_date": null, "anniversary_or_expiry": null, "area_ha": null, "tenure_type": null, "source": "GESTIM active titles (MRNF digital data dump). Not legal title.", "as_of": "2026-09-20", "role": "focus", "color": "#e8b040"}}, {"type": "Feature", "geometry": {"type": "Polygon", "coordinates": [[[-70.45000000456716, 45.741666668650765], [-70.45000000137104, 45.750000003606665], [-70.44166666897496, 45.749999998440956], [-70.44166666588539, 45.74166666432193], [-70.45000000456716, 45.741666668650765]]]}, "properties": {"company_id": "lake-victoria-gold", "jurisdiction": "Quebec", "claim_id": "", "claim_name": null, "holder": "Leopard Lake Gold Corp.", "status": "Active", "recorded_date": null, "anniversary_or_expiry": null, "area_ha": null, "tenure_type": null, "source": "GESTIM active titles (MRNF digital data dump). Not legal title.", "as_of": "2026-09-20", "role": "focus", "color": "#e8b040"}}, {"type": "Feature", "geometry": {"type": "Polygon", "coordinates": [[[-70.44166666588539, 45.74166666432193], [-70.44166666897496, 45.749999998440956], [-70.4333333376694, 45.75000000614294], [-70.43333332828476, 45.741666672855516], [-70.44166666588539, 45.74166666432193]]]}, "properties": {"company_id": "lake-victoria-gold", "jurisdiction": "Quebec", "claim_id": "", "claim_name": null, "holder": "Leopard Lake Gold Corp.", "status": "Active", "recorded_date": null, "anniversary_or_expiry": null, "area_ha": null, "tenure_type": null, "source": "GESTIM active titles (MRNF digital data dump). Not legal title.", "as_of": "2026-09-20", "role": "focus", "color": "#e8b040"}}, {"type": "Feature", "geometry": {"type": "Polygon", "coordinates": [[[-70.43333332828476, 45.741666672855516], [-70.4333333376694, 45.75000000614294], [-70.42499999390444, 45.74999999988381], [-70.4250000039192, 45.74166666710204], [-70.43333332828476, 45.741666672855516]]]}, "properties": {"company_id": "lake-victoria-gold", "jurisdiction": "Quebec", "claim_id": "", "claim_name": null, "holder": "Leopard Lake Gold Corp.", "status": "Active", "recorded_date": null, "anniversary_or_expiry": null, "area_ha": null, "tenure_type": null, "source": "GESTIM active titles (MRNF digital data dump). Not legal title.", "as_of": "2026-09-20", "role": "focus", "color": "#e8b040"}}, {"type": "Feature", "geometry": {"type": "Polygon", "coordinates": [[[-70.4250000039192, 45.74166666710204], [-70.42499999390444, 45.74999999988381], [-70.41666666407048, 45.750000006340194], [-70.41666666754425, 45.74166666538336], [-70.4250000039192, 45.74166666710204]]]}, "properties": {"company_id": "lake-victoria-gold", "jurisdiction": "Quebec", "claim_id": "", "claim_name": null, "holder": "Leopard Lake Gold Corp.", "status": "Active", "recorded_date": null, "anniversary_or_expiry": null, "area_ha": null, "tenure_type": null, "source": "GESTIM active titles (MRNF digital data dump). Not legal title.", "as_of": "2026-09-20", "role": "focus", "color": "#e8b040"}}, {"type": "Feature", "geometry": {"type": "Polygon", "coordinates": [[[-70.41666666754425, 45.74166666538336], [-70.41666666407048, 45.750000006340194], [-70.40833333462561, 45.74999999868394], [-70.40833333200464, 45.74166666754271], [-70.41666666754425, 45.74166666538336]]]}, "properties": {"company_id": "lake-victoria-gold", "jurisdiction": "Quebec", "claim_id": "", "claim_name": null, "holder": "Leopard Lake Gold Corp.", "status": "Active", "recorded_date": null, "anniversary_or_expiry": null, "area_ha": null, "tenure_type": null, "source": "GESTIM active titles (MRNF digital data dump). Not legal title.", "as_of": "2026-09-20", "role": "focus", "color": "#e8b040"}}, {"type": "Feature", "geometry": {"type": "Polygon", "coordinates": [[[-70.40833333200464, 45.74166666754271], [-70.40833333462561, 45.74999999868394], [-70.40000000624684, 45.75000000391348], [-70.39999999706939, 45.741666664586575], [-70.40833333200464, 45.74166666754271]]]}, "properties": {"company_id": "lake-victoria-gold", "jurisdiction": "Quebec", "claim_id": "", "claim_name": null, "holder": "Leopard Lake Gold Corp.", "status": "Active", "recorded_date": null, "anniversary_or_expiry": null, "area_ha": null, "tenure_type": null, "source": "GESTIM active titles (MRNF digital data dump). Not legal title.", "as_of": "2026-09-20", "role": "focus", "color": "#e8b040"}}, {"type": "Feature", "geometry": {"type": "Polygon", "coordinates": [[[-79.51776493198393, 49.91666670375852], [-79.51666675027542, 49.91666667381649], [-79.51666675683616, 49.9083333439165], [-79.51776380200812, 49.908333378020465], [-79.51776493198393, 49.91666670375852]]]}, "properties": {"company_id": "lake-victoria-gold", "jurisdiction": "Quebec", "claim_id": "", "claim_name": null, "holder": "Kirkland Lake Gold inc.", "status": "Active", "recorded_date": null, "anniversary_or_expiry": null, "area_ha": null, "tenure_type": null, "source": "GESTIM active titles (MRNF digital data dump). Not legal title.", "as_of": "2026-09-20", "role": "focus", "color": "#e8b040"}}, {"type": "Feature", "geometry": {"type": "Polygon", "coordinates": [[[-79.5177659884732, 49.925000044302244], [-79.5166667536508, 49.925000010596555], [-79.51666675027542, 49.91666667381649], [-79.51776493198393, 49.91666670375852], [-79.51776544826014, 49.92053836748193], [-79.51776545142603, 49.92056552248821], [-79.5177659884732, 49.925000044302244]]]}, "properties": {"company_id": "lake-victoria-gold", "jurisdiction": "Quebec", "claim_id": "", "claim_name": null, "holder": "Kirkland Lake Gold inc.", "status": "Active", "recorded_date": null, "anniversary_or_expiry": null, "area_ha": null, "tenure_type": null, "source": "GESTIM active titles (MRNF digital data dump). Not legal title.", "as_of": "2026-09-20", "role": "focus", "color": "#e8b040"}}, {"type": "Feature", "geometry": {"type": "Polygon", "coordinates": [[[-70.53333333586909, 45.80000000490601], [-70.53333333114689, 45.80833333134721], [-70.52500000401307, 45.808333335672245], [-70.52500000353147, 45.800000001168435], [-70.53333333586909, 45.80000000490601]]]}, "properties": {"company_id": "lake-victoria-gold", "jurisdiction": "Quebec", "claim_id": "", "claim_name": null, "holder": "Leopard Lake Gold Corp.", "status": "Active", "recorded_date": null, "anniversary_or_expiry": null, "area_ha": null, "tenure_type": null, "source": "GESTIM active titles (MRNF digital data dump). Not legal title.", "as_of": "2026-09-20", "role": "focus", "color": "#e8b040"}}, {"type": "Feature", "geometry": {"type": "Polygon", "coordinates": [[[-70.52500000353147, 45.800000001168435], [-70.52500000401307, 45.808333335672245], [-70.51666666474341, 45.80833333502763], [-70.51666667216072, 45.800000001282356], [-70.52500000353147, 45.800000001168435]]]}, "properties": {"company_id": "lake-victoria-gold", "jurisdiction": "Quebec", "claim_id": "", "claim_name": null, "holder": "Leopard Lake Gold Corp.", "status": "Active", "recorded_date": null, "anniversary_or_expiry": null, "area_ha": null, "tenure_type": null, "source": "GESTIM active titles (MRNF digital data dump). Not legal title.", "as_of": "2026-09-20", "role": "focus", "color": "#e8b040"}}, {"type": "Feature", "geometry": {"type": "Polygon", "coordinates": [[[-70.51666667216072, 45.800000001282356], [-70.51666666474341, 45.80833333502763], [-70.50833333930956, 45.80833333807311], [-70.50833332888662, 45.80000000542248], [-70.51666667216072, 45.800000001282356]]]}, "properties": {"company_id": "lake-victoria-gold", "jurisdiction": "Quebec", "claim_id": "", "claim_name": null, "holder": "Leopard Lake Gold Corp.", "status": "Active", "recorded_date": null, "anniversary_or_expiry": null, "area_ha": null, "tenure_type": null, "source": "GESTIM active titles (MRNF digital data dump). Not legal title.", "as_of": "2026-09-20", "role": "focus", "color": "#e8b040"}}, {"type": "Feature", "geometry": {"type": "Polygon", "coordinates": [[[-70.50833332888662, 45.80000000542248], [-70.50833333930956, 45.80833333807311], [-70.50000000173218, 45.80833333615653], [-70.49999999918872, 45.800000004255416], [-70.50833332888662, 45.80000000542248]]]}, "properties": {"company_id": "lake-victoria-gold", "jurisdiction": "Quebec", "claim_id": "", "claim_name": null, "holder": "Leopard Lake Gold Corp.", "status": "Active", "recorded_date": null, "anniversary_or_expiry": null, "area_ha": null, "tenure_type": null, "source": "GESTIM active titles (MRNF digital data dump). Not legal title.", "as_of": "2026-09-20", "role": "focus", "color": "#e8b040"}}, {"type": "Feature", "geometry": {"type": "Polygon", "coordinates": [[[-70.51666666474341, 45.80833333502763], [-70.51666666381252, 45.816666666331464], [-70.50833333031196, 45.816666668615426], [-70.50833333930956, 45.80833333807311], [-70.51666666474341, 45.80833333502763]]]}, "properties": {"company_id": "lake-victoria-gold", "jurisdiction": "Quebec", "claim_id": "", "claim_name": null, "holder": "Leopard Lake Gold Corp.", "status": "Active", "recorded_date": null, "anniversary_or_expiry": null, "area_ha": null, "tenure_type": null, "source": "GESTIM active titles (MRNF digital data dump). Not legal title.", "as_of": "2026-09-20", "role": "focus", "color": "#e8b040"}}, {"type": "Feature", "geometry": {"type": "Polygon", "coordinates": [[[-70.50833333930956, 45.80833333807311], [-70.50833333031196, 45.816666668615426], [-70.49999999754316, 45.81666666577203], [-70.50000000173218, 45.80833333615653], [-70.50833333930956, 45.80833333807311]]]}, "properties": {"company_id": "lake-victoria-gold", "jurisdiction": "Quebec", "claim_id": "", "claim_name": null, "holder": "Leopard Lake Gold Corp.", "status": "Active", "recorded_date": null, "anniversary_or_expiry": null, "area_ha": null, "tenure_type": null, "source": "GESTIM active titles (MRNF digital data dump). Not legal title.", "as_of": "2026-09-20", "role": "focus", "color": "#e8b040"}}, {"type": "Feature", "geometry": {"type": "Polygon", "coordinates": [[[-70.50833333031196, 45.816666668615426], [-70.50833332786242, 45.82500000570738], [-70.4999999997252, 45.82500000193073], [-70.49999999754316, 45.81666666577203], [-70.50833333031196, 45.816666668615426]]]}, "properties": {"company_id": "lake-victoria-gold", "jurisdiction": "Quebec", "claim_id": "", "claim_name": null, "holder": "Leopard Lake Gold Corp.", "status": "Active", "recorded_date": null, "anniversary_or_expiry": null, "area_ha": null, "tenure_type": null, "source": "GESTIM active titles (MRNF digital data dump). Not legal title.", "as_of": "2026-09-20", "role": "focus", "color": "#e8b040"}}, {"type": "Feature", "geometry": {"type": "Polygon", "coordinates": [[[-70.56666666357224, 45.77500000093746], [-70.56666666789488, 45.78333333767297], [-70.55833333463136, 45.78333333828468], [-70.55833333771935, 45.775000002306605], [-70.56666666357224, 45.77500000093746]]]}, "properties": {"company_id": "lake-victoria-gold", "jurisdiction": "Quebec", "claim_id": "", "claim_name": null, "holder": "Leopard Lake Gold Corp.", "status": "Active", "recorded_date": null, "anniversary_or_expiry": null, "area_ha": null, "tenure_type": null, "source": "GESTIM active titles (MRNF digital data dump). Not legal title.", "as_of": "2026-09-20", "role": "focus", "color": "#e8b040"}}, {"type": "Feature", "geometry": {"type": "Polygon", "coordinates": [[[-70.5916666660402, 45.64999999812419], [-70.59166667251512, 45.65833333547539], [-70.58333333926369, 45.65833333667214], [-70.58333333755385, 45.64999999998043], [-70.5916666660402, 45.64999999812419]]]}, "properties": {"company_id": "lake-victoria-gold", "jurisdiction": "Quebec", "claim_id": "", "claim_name": null, "holder": "Leopard Lake Gold Corp.", "status": "Active", "recorded_date": null, "anniversary_or_expiry": null, "area_ha": null, "tenure_type": null, "source": "GESTIM active titles (MRNF digital data dump). Not legal title.", "as_of": "2026-09-20", "role": "focus", "color": "#e8b040"}}, {"type": "Feature", "geometry": {"type": "Polygon", "coordinates": [[[-70.58333333755385, 45.64999999998043], [-70.58333333926369, 45.65833333667214], [-70.57499999376269, 45.658333332793774], [-70.57499999706205, 45.650000005755835], [-70.58333333755385, 45.64999999998043]]]}, "properties": {"company_id": "lake-victoria-gold", "jurisdiction": "Quebec", "claim_id": "", "claim_name": null, "holder": "Leopard Lake Gold Corp.", "status": "Active", "recorded_date": null, "anniversary_or_expiry": null, "area_ha": null, "tenure_type": null, "source": "GESTIM active titles (MRNF digital data dump). Not legal title.", "as_of": "2026-09-20", "role": "focus", "color": "#e8b040"}}, {"type": "Feature", "geometry": {"type": "Polygon", "coordinates": [[[-70.59166667251512, 45.65833333547539], [-70.59166666147615, 45.66666667080059], [-70.58333333611368, 45.66666667115136], [-70.58333333926369, 45.65833333667214], [-70.59166667251512, 45.65833333547539]]]}, "properties": {"company_id": "lake-victoria-gold", "jurisdiction": "Quebec", "claim_id": "", "claim_name": null, "holder": "Leopard Lake Gold Corp.", "status": "Active", "recorded_date": null, "anniversary_or_expiry": null, "area_ha": null, "tenure_type": null, "source": "GESTIM active titles (MRNF digital data dump). Not legal title.", "as_of": "2026-09-20", "role": "focus", "color": "#e8b040"}}, {"type": "Feature", "geometry": {"type": "Polygon", "coordinates": [[[-70.58333333926369, 45.65833333667214], [-70.58333333611368, 45.66666667115136], [-70.57499999851002, 45.666666666432114], [-70.57499999376269, 45.658333332793774], [-70.58333333926369, 45.65833333667214]]]}, "properties": {"company_id": "lake-victoria-gold", "jurisdiction": "Quebec", "claim_id": "", "claim_name": null, "holder": "Leopard Lake Gold Corp.", "status": "Active", "recorded_date": null, "anniversary_or_expiry": null, "area_ha": null, "tenure_type": null, "source": "GESTIM active titles (MRNF digital data dump). Not legal title.", "as_of": "2026-09-20", "role": "focus", "color": "#e8b040"}}, {"type": "Feature", "geometry": {"type": "Polygon", "coordinates": [[[-70.57499999376269, 45.658333332793774], [-70.57499999851002, 45.666666666432114], [-70.56666666174715, 45.666666665466266], [-70.56666666192343, 45.65833333248787], [-70.57499999376269, 45.658333332793774]]]}, "properties": {"company_id": "lake-victoria-gold", "jurisdiction": "Quebec", "claim_id": "", "claim_name": null, "holder": "Leopard Lake Gold Corp.", "status": "Active", "recorded_date": null, "anniversary_or_expiry": null, "area_ha": null, "tenure_type": null, "source": "GESTIM active titles (MRNF digital data dump). Not legal title.", "as_of": "2026-09-20", "role": "focus", "color": "#e8b040"}}, {"type": "Feature", "geometry": {"type": "Polygon", "coordinates": [[[-70.57499999851002, 45.666666666432114], [-70.5749999982157, 45.67499999785038], [-70.56666666943653, 45.675000005038505], [-70.56666666174715, 45.666666665466266], [-70.57499999851002, 45.666666666432114]]]}, "properties": {"company_id": "lake-victoria-gold", "jurisdiction": "Quebec", "claim_id": "", "claim_name": null, "holder": "Leopard Lake Gold Corp.", "status": "Active", "recorded_date": null, "anniversary_or_expiry": null, "area_ha": null, "tenure_type": null, "source": "GESTIM active titles (MRNF digital data dump). Not legal title.", "as_of": "2026-09-20", "role": "focus", "color": "#e8b040"}}, {"type": "Feature", "geometry": {"type": "Polygon", "coordinates": [[[-70.56666666174715, 45.666666665466266], [-70.56666666943653, 45.675000005038505], [-70.55833332816565, 45.6749999981702], [-70.55833333865239, 45.666666668083835], [-70.56666666174715, 45.666666665466266]]]}, "properties": {"company_id": "lake-victoria-gold", "jurisdiction": "Quebec", "claim_id": "", "claim_name": null, "holder": "Leopard Lake Gold Corp.", "status": "Active", "recorded_date": null, "anniversary_or_expiry": null, "area_ha": null, "tenure_type": null, "source": "GESTIM active titles (MRNF digital data dump). Not legal title.", "as_of": "2026-09-20", "role": "focus", "color": "#e8b040"}}, {"type": "Feature", "geometry": {"type": "Polygon", "coordinates": [[[-70.56666666943653, 45.675000005038505], [-70.56666667165108, 45.68333333338563], [-70.558333338196, 45.68333333466873], [-70.55833332816565, 45.6749999981702], [-70.56666666943653, 45.675000005038505]]]}, "properties": {"company_id": "lake-victoria-gold", "jurisdiction": "Quebec", "claim_id": "", "claim_name": null, "holder": "Leopard Lake Gold Corp.", "status": "Active", "recorded_date": null, "anniversary_or_expiry": null, "area_ha": null, "tenure_type": null, "source": "GESTIM active titles (MRNF digital data dump). Not legal title.", "as_of": "2026-09-20", "role": "focus", "color": "#e8b040"}}, {"type": "Feature", "geometry": {"type": "Polygon", "coordinates": [[[-70.55833332816565, 45.6749999981702], [-70.558333338196, 45.68333333466873], [-70.55000000534194, 45.683333330725866], [-70.55000000082036, 45.67500000389177], [-70.55833332816565, 45.6749999981702]]]}, "properties": {"company_id": "lake-victoria-gold", "jurisdiction": "Quebec", "claim_id": "", "claim_name": null, "holder": "Leopard Lake Gold Corp.", "status": "Active", "recorded_date": null, "anniversary_or_expiry": null, "area_ha": null, "tenure_type": null, "source": "GESTIM active titles (MRNF digital data dump). Not legal title.", "as_of": "2026-09-20", "role": "focus", "color": "#e8b040"}}, {"type": "Feature", "geometry": {"type": "Polygon", "coordinates": [[[-70.55000000082036, 45.67500000389177], [-70.55000000534194, 45.683333330725866], [-70.54166666074514, 45.68333333973033], [-70.54166666122732, 45.675000004562335], [-70.55000000082036, 45.67500000389177]]]}, "properties": {"company_id": "lake-victoria-gold", "jurisdiction": "Quebec", "claim_id": "", "claim_name": null, "holder": "Leopard Lake Gold Corp.", "status": "Active", "recorded_date": null, "anniversary_or_expiry": null, "area_ha": null, "tenure_type": null, "source": "GESTIM active titles (MRNF digital data dump). Not legal title.", "as_of": "2026-09-20", "role": "focus", "color": "#e8b040"}}, {"type": "Feature", "geometry": {"type": "Polygon", "coordinates": [[[-70.54166666122732, 45.675000004562335], [-70.54166666074514, 45.68333333973033], [-70.53333332933157, 45.68333333434677], [-70.53333333505441, 45.674999999839244], [-70.54166666122732, 45.675000004562335]]]}, "properties": {"company_id": "lake-victoria-gold", "jurisdiction": "Quebec", "claim_id": "", "claim_name": null, "holder": "Leopard Lake Gold Corp.", "status": "Active", "recorded_date": null, "anniversary_or_expiry": null, "area_ha": null, "tenure_type": null, "source": "GESTIM active titles (MRNF digital data dump). Not legal title.", "as_of": "2026-09-20", "role": "focus", "color": "#e8b040"}}, {"type": "Feature", "geometry": {"type": "Polygon", "coordinates": [[[-70.53333333505441, 45.674999999839244], [-70.53333332933157, 45.68333333434677], [-70.52499999875616, 45.68333333274934], [-70.52499999687491, 45.674999999070494], [-70.53333333505441, 45.674999999839244]]]}, "properties": {"company_id": "lake-victoria-gold", "jurisdiction": "Quebec", "claim_id": "", "claim_name": null, "holder": "Leopard Lake Gold Corp.", "status": "Active", "recorded_date": null, "anniversary_or_expiry": null, "area_ha": null, "tenure_type": null, "source": "GESTIM active titles (MRNF digital data dump). Not legal title.", "as_of": "2026-09-20", "role": "focus", "color": "#e8b040"}}, {"type": "Feature", "geometry": {"type": "Polygon", "coordinates": [[[-70.52499999687491, 45.674999999070494], [-70.52499999875616, 45.68333333274934], [-70.51666666901303, 45.683333334942915], [-70.51666667235286, 45.6750000019172], [-70.52499999687491, 45.674999999070494]]]}, "properties": {"company_id": "lake-victoria-gold", "jurisdiction": "Quebec", "claim_id": "", "claim_name": null, "holder": "Leopard Lake Gold Corp.", "status": "Active", "recorded_date": null, "anniversary_or_expiry": null, "area_ha": null, "tenure_type": null, "source": "GESTIM active titles (MRNF digital data dump). Not legal title.", "as_of": "2026-09-20", "role": "focus", "color": "#e8b040"}}, {"type": "Feature", "geometry": {"type": "Polygon", "coordinates": [[[-70.54166666074514, 45.68333333973033], [-70.54166666733863, 45.69166667247487], [-70.53333333050573, 45.69166666642427], [-70.53333332933157, 45.68333333434677], [-70.54166666074514, 45.68333333973033]]]}, "properties": {"company_id": "lake-victoria-gold", "jurisdiction": "Quebec", "claim_id": "", "claim_name": null, "holder": "Leopard Lake Gold Corp.", "status": "Active", "recorded_date": null, "anniversary_or_expiry": null, "area_ha": null, "tenure_type": null, "source": "GESTIM active titles (MRNF digital data dump). Not legal title.", "as_of": "2026-09-20", "role": "focus", "color": "#e8b040"}}, {"type": "Feature", "geometry": {"type": "Polygon", "coordinates": [[[-70.53333332933157, 45.68333333434677], [-70.53333333050573, 45.69166666642427], [-70.52499999476542, 45.691666673160654], [-70.52499999875616, 45.68333333274934], [-70.53333332933157, 45.68333333434677]]]}, "properties": {"company_id": "lake-victoria-gold", "jurisdiction": "Quebec", "claim_id": "", "claim_name": null, "holder": "Leopard Lake Gold Corp.", "status": "Active", "recorded_date": null, "anniversary_or_expiry": null, "area_ha": null, "tenure_type": null, "source": "GESTIM active titles (MRNF digital data dump). Not legal title.", "as_of": "2026-09-20", "role": "focus", "color": "#e8b040"}}, {"type": "Feature", "geometry": {"type": "Polygon", "coordinates": [[[-70.52499999875616, 45.68333333274934], [-70.52499999476542, 45.691666673160654], [-70.51666667221664, 45.69166666552548], [-70.51666666901303, 45.683333334942915], [-70.52499999875616, 45.68333333274934]]]}, "properties": {"company_id": "lake-victoria-gold", "jurisdiction": "Quebec", "claim_id": "", "claim_name": null, "holder": "Leopard Lake Gold Corp.", "status": "Active", "recorded_date": null, "anniversary_or_expiry": null, "area_ha": null, "tenure_type": null, "source": "GESTIM active titles (MRNF digital data dump). Not legal title.", "as_of": "2026-09-20", "role": "focus", "color": "#e8b040"}}, {"type": "Feature", "geometry": {"type": "Polygon", "coordinates": [[[-70.51666666901303, 45.683333334942915], [-70.51666667221664, 45.69166666552548], [-70.50833333791014, 45.69166667085842], [-70.50833332701775, 45.68333333210412], [-70.51666666901303, 45.683333334942915]]]}, "properties": {"company_id": "lake-victoria-gold", "jurisdiction": "Quebec", "claim_id": "", "claim_name": null, "holder": "Leopard Lake Gold Corp.", "status": "Active", "recorded_date": null, "anniversary_or_expiry": null, "area_ha": null, "tenure_type": null, "source": "GESTIM active titles (MRNF digital data dump). Not legal title.", "as_of": "2026-09-20", "role": "focus", "color": "#e8b040"}}, {"type": "Feature", "geometry": {"type": "Polygon", "coordinates": [[[-70.51666667304892, 45.708333337697894], [-70.51666667042302, 45.71666667029027], [-70.50833333147216, 45.71666666444388], [-70.5083333271813, 45.708333332698906], [-70.51666667304892, 45.708333337697894]]]}, "properties": {"company_id": "lake-victoria-gold", "jurisdiction": "Quebec", "claim_id": "", "claim_name": null, "holder": "Leopard Lake Gold Corp.", "status": "Active", "recorded_date": null, "anniversary_or_expiry": null, "area_ha": null, "tenure_type": null, "source": "GESTIM active titles (MRNF digital data dump). Not legal title.", "as_of": "2026-09-20", "role": "focus", "color": "#e8b040"}}, {"type": "Feature", "geometry": {"type": "Polygon", "coordinates": [[[-70.5083333271813, 45.708333332698906], [-70.50833333147216, 45.71666666444388], [-70.50000000646901, 45.71666667124195], [-70.49999999500895, 45.7083333313415], [-70.5083333271813, 45.708333332698906]]]}, "properties": {"company_id": "lake-victoria-gold", "jurisdiction": "Quebec", "claim_id": "", "claim_name": null, "holder": "Leopard Lake Gold Corp.", "status": "Active", "recorded_date": null, "anniversary_or_expiry": null, "area_ha": null, "tenure_type": null, "source": "GESTIM active titles (MRNF digital data dump). Not legal title.", "as_of": "2026-09-20", "role": "focus", "color": "#e8b040"}}, {"type": "Feature", "geometry": {"type": "Polygon", "coordinates": [[[-70.641666666274, 45.71666666627631], [-70.64166667272679, 45.72499999938484], [-70.63333332864329, 45.72499999893728], [-70.63333332844282, 45.71666666656944], [-70.641666666274, 45.71666666627631]]]}, "properties": {"company_id": "lake-victoria-gold", "jurisdiction": "Quebec", "claim_id": "", "claim_name": null, "holder": "Leopard Lake Gold Corp.", "status": "Active", "recorded_date": null, "anniversary_or_expiry": null, "area_ha": null, "tenure_type": null, "source": "GESTIM active titles (MRNF digital data dump). Not legal title.", "as_of": "2026-09-20", "role": "focus", "color": "#e8b040"}}, {"type": "Feature", "geometry": {"type": "Polygon", "coordinates": [[[-70.63333332844282, 45.71666666656944], [-70.63333332864329, 45.72499999893728], [-70.62499999834796, 45.725000002053385], [-70.62500000438753, 45.71666667042302], [-70.63333332844282, 45.71666666656944]]]}, "properties": {"company_id": "lake-victoria-gold", "jurisdiction": "Quebec", "claim_id": "", "claim_name": null, "holder": "Leopard Lake Gold Corp.", "status": "Active", "recorded_date": null, "anniversary_or_expiry": null, "area_ha": null, "tenure_type": null, "source": "GESTIM active titles (MRNF digital data dump). Not legal title.", "as_of": "2026-09-20", "role": "focus", "color": "#e8b040"}}, {"type": "Feature", "geometry": {"type": "Polygon", "coordinates": [[[-70.62500000438753, 45.71666667042302], [-70.62499999834796, 45.725000002053385], [-70.61666666872958, 45.7249999999258], [-70.61666666815479, 45.716666669211314], [-70.62500000438753, 45.71666667042302]]]}, "properties": {"company_id": "lake-victoria-gold", "jurisdiction": "Quebec", "claim_id": "", "claim_name": null, "holder": "Leopard Lake Gold Corp.", "status": "Active", "recorded_date": null, "anniversary_or_expiry": null, "area_ha": null, "tenure_type": null, "source": "GESTIM active titles (MRNF digital data dump). Not legal title.", "as_of": "2026-09-20", "role": "focus", "color": "#e8b040"}}, {"type": "Feature", "geometry": {"type": "Polygon", "coordinates": [[[-70.61666666815479, 45.716666669211314], [-70.61666666872958, 45.7249999999258], [-70.60833332719838, 45.72500000173765], [-70.60833333284488, 45.71666667175301], [-70.61666666815479, 45.716666669211314]]]}, "properties": {"company_id": "lake-victoria-gold", "jurisdiction": "Quebec", "claim_id": "", "claim_name": null, "holder": "Leopard Lake Gold Corp.", "status": "Active", "recorded_date": null, "anniversary_or_expiry": null, "area_ha": null, "tenure_type": null, "source": "GESTIM active titles (MRNF digital data dump). Not legal title.", "as_of": "2026-09-20", "role": "focus", "color": "#e8b040"}}, {"type": "Feature", "geometry": {"type": "Polygon", "coordinates": [[[-70.60833333284488, 45.71666667175301], [-70.60833332719838, 45.72500000173765], [-70.59999999918355, 45.72499999813408], [-70.59999999819497, 45.716666669055904], [-70.60833333284488, 45.71666667175301]]]}, "properties": {"company_id": "lake-victoria-gold", "jurisdiction": "Quebec", "claim_id": "", "claim_name": null, "holder": "Leopard Lake Gold Corp.", "status": "Active", "recorded_date": null, "anniversary_or_expiry": null, "area_ha": null, "tenure_type": null, "source": "GESTIM active titles (MRNF digital data dump). Not legal title.", "as_of": "2026-09-20", "role": "focus", "color": "#e8b040"}}, {"type": "Feature", "geometry": {"type": "Polygon", "coordinates": [[[-70.59999999819497, 45.716666669055904], [-70.59999999918355, 45.72499999813408], [-70.59166667209274, 45.724999998299175], [-70.59166666445887, 45.716666670122265], [-70.59999999819497, 45.716666669055904]]]}, "properties": {"company_id": "lake-victoria-gold", "jurisdiction": "Quebec", "claim_id": "", "claim_name": null, "holder": "Leopard Lake Gold Corp.", "status": "Active", "recorded_date": null, "anniversary_or_expiry": null, "area_ha": null, "tenure_type": null, "source": "GESTIM active titles (MRNF digital data dump). Not legal title.", "as_of": "2026-09-20", "role": "focus", "color": "#e8b040"}}, {"type": "Feature", "geometry": {"type": "Polygon", "coordinates": [[[-70.59166666445887, 45.716666670122265], [-70.59166667209274, 45.724999998299175], [-70.58333333307394, 45.72500000241607], [-70.58333333137644, 45.71666666595981], [-70.59166666445887, 45.716666670122265]]]}, "properties": {"company_id": "lake-victoria-gold", "jurisdiction": "Quebec", "claim_id": "", "claim_name": null, "holder": "Leopard Lake Gold Corp.", "status": "Active", "recorded_date": null, "anniversary_or_expiry": null, "area_ha": null, "tenure_type": null, "source": "GESTIM active titles (MRNF digital data dump). Not legal title.", "as_of": "2026-09-20", "role": "focus", "color": "#e8b040"}}, {"type": "Feature", "geometry": {"type": "Polygon", "coordinates": [[[-70.64166667272679, 45.72499999938484], [-70.64166666293232, 45.73333333951801], [-70.63333333811153, 45.733333337953574], [-70.63333332864329, 45.72499999893728], [-70.64166667272679, 45.72499999938484]]]}, "properties": {"company_id": "lake-victoria-gold", "jurisdiction": "Quebec", "claim_id": "", "claim_name": null, "holder": "Leopard Lake Gold Corp.", "status": "Active", "recorded_date": null, "anniversary_or_expiry": null, "area_ha": null, "tenure_type": null, "source": "GESTIM active titles (MRNF digital data dump). Not legal title.", "as_of": "2026-09-20", "role": "focus", "color": "#e8b040"}}, {"type": "Feature", "geometry": {"type": "Polygon", "coordinates": [[[-70.63333332864329, 45.72499999893728], [-70.63333333811153, 45.733333337953574], [-70.6250000011349, 45.7333333313283], [-70.62499999834796, 45.725000002053385], [-70.63333332864329, 45.72499999893728]]]}, "properties": {"company_id": "lake-victoria-gold", "jurisdiction": "Quebec", "claim_id": "", "claim_name": null, "holder": "Leopard Lake Gold Corp.", "status": "Active", "recorded_date": null, "anniversary_or_expiry": null, "area_ha": null, "tenure_type": null, "source": "GESTIM active titles (MRNF digital data dump). Not legal title.", "as_of": "2026-09-20", "role": "focus", "color": "#e8b040"}}, {"type": "Feature", "geometry": {"type": "Polygon", "coordinates": [[[-70.62499999834796, 45.725000002053385], [-70.6250000011349, 45.7333333313283], [-70.61666666536745, 45.73333333745697], [-70.61666666872958, 45.7249999999258], [-70.62499999834796, 45.725000002053385]]]}, "properties": {"company_id": "lake-victoria-gold", "jurisdiction": "Quebec", "claim_id": "", "claim_name": null, "holder": "Leopard Lake Gold Corp.", "status": "Active", "recorded_date": null, "anniversary_or_expiry": null, "area_ha": null, "tenure_type": null, "source": "GESTIM active titles (MRNF digital data dump). Not legal title.", "as_of": "2026-09-20", "role": "focus", "color": "#e8b040"}}, {"type": "Feature", "geometry": {"type": "Polygon", "coordinates": [[[-70.61666666872958, 45.7249999999258], [-70.61666666536745, 45.73333333745697], [-70.60833333028265, 45.733333338350356], [-70.60833332719838, 45.72500000173765], [-70.61666666872958, 45.7249999999258]]]}, "properties": {"company_id": "lake-victoria-gold", "jurisdiction": "Quebec", "claim_id": "", "claim_name": null, "holder": "Leopard Lake Gold Corp.", "status": "Active", "recorded_date": null, "anniversary_or_expiry": null, "area_ha": null, "tenure_type": null, "source": "GESTIM active titles (MRNF digital data dump). Not legal title.", "as_of": "2026-09-20", "role": "focus", "color": "#e8b040"}}, {"type": "Feature", "geometry": {"type": "Polygon", "coordinates": [[[-70.60833332719838, 45.72500000173765], [-70.60833333028265, 45.733333338350356], [-70.59999999587839, 45.7333333340135], [-70.59999999918355, 45.72499999813408], [-70.60833332719838, 45.72500000173765]]]}, "properties": {"company_id": "lake-victoria-gold", "jurisdiction": "Quebec", "claim_id": "", "claim_name": null, "holder": "Leopard Lake Gold Corp.", "status": "Active", "recorded_date": null, "anniversary_or_expiry": null, "area_ha": null, "tenure_type": null, "source": "GESTIM active titles (MRNF digital data dump). Not legal title.", "as_of": "2026-09-20", "role": "focus", "color": "#e8b040"}}, {"type": "Feature", "geometry": {"type": "Polygon", "coordinates": [[[-70.59999999918355, 45.72499999813408], [-70.59999999587839, 45.7333333340135], [-70.5916666624083, 45.73333333344862], [-70.59166667209274, 45.724999998299175], [-70.59999999918355, 45.72499999813408]]]}, "properties": {"company_id": "lake-victoria-gold", "jurisdiction": "Quebec", "claim_id": "", "claim_name": null, "holder": "Leopard Lake Gold Corp.", "status": "Active", "recorded_date": null, "anniversary_or_expiry": null, "area_ha": null, "tenure_type": null, "source": "GESTIM active titles (MRNF digital data dump). Not legal title.", "as_of": "2026-09-20", "role": "focus", "color": "#e8b040"}}, {"type": "Feature", "geometry": {"type": "Polygon", "coordinates": [[[-70.59166667209274, 45.724999998299175], [-70.5916666624083, 45.73333333344862], [-70.58333332986669, 45.733333336660834], [-70.58333333307394, 45.72500000241607], [-70.59166667209274, 45.724999998299175]]]}, "properties": {"company_id": "lake-victoria-gold", "jurisdiction": "Quebec", "claim_id": "", "claim_name": null, "holder": "Leopard Lake Gold Corp.", "status": "Active", "recorded_date": null, "anniversary_or_expiry": null, "area_ha": null, "tenure_type": null, "source": "GESTIM active titles (MRNF digital data dump). Not legal title.", "as_of": "2026-09-20", "role": "focus", "color": "#e8b040"}}, {"type": "Feature", "geometry": {"type": "Polygon", "coordinates": [[[-70.58333333307394, 45.72500000241607], [-70.58333332986669, 45.733333336660834], [-70.57499999799431, 45.73333333465779], [-70.57499999471435, 45.72500000131246], [-70.58333333307394, 45.72500000241607]]]}, "properties": {"company_id": "lake-victoria-gold", "jurisdiction": "Quebec", "claim_id": "", "claim_name": null, "holder": "Leopard Lake Gold Corp.", "status": "Active", "recorded_date": null, "anniversary_or_expiry": null, "area_ha": null, "tenure_type": null, "source": "GESTIM active titles (MRNF digital data dump). Not legal title.", "as_of": "2026-09-20", "role": "focus", "color": "#e8b040"}}, {"type": "Feature", "geometry": {"type": "Polygon", "coordinates": [[[-70.57499999471435, 45.72500000131246], [-70.57499999799431, 45.73333333465779], [-70.56666666704095, 45.733333336441774], [-70.56666667010975, 45.72500000381448], [-70.57499999471435, 45.72500000131246]]]}, "properties": {"company_id": "lake-victoria-gold", "jurisdiction": "Quebec", "claim_id": "", "claim_name": null, "holder": "Leopard Lake Gold Corp.", "status": "Active", "recorded_date": null, "anniversary_or_expiry": null, "area_ha": null, "tenure_type": null, "source": "GESTIM active titles (MRNF digital data dump). Not legal title.", "as_of": "2026-09-20", "role": "focus", "color": "#e8b040"}}, {"type": "Feature", "geometry": {"type": "Polygon", "coordinates": [[[-70.56666667010975, 45.72500000381448], [-70.56666666704095, 45.733333336441774], [-70.55833333675031, 45.73333333302031], [-70.55833333331174, 45.725000001283], [-70.56666667010975, 45.72500000381448]]]}, "properties": {"company_id": "lake-victoria-gold", "jurisdiction": "Quebec", "claim_id": "", "claim_name": null, "holder": "Leopard Lake Gold Corp.", "status": "Active", "recorded_date": null, "anniversary_or_expiry": null, "area_ha": null, "tenure_type": null, "source": "GESTIM active titles (MRNF digital data dump). Not legal title.", "as_of": "2026-09-20", "role": "focus", "color": "#e8b040"}}, {"type": "Feature", "geometry": {"type": "Polygon", "coordinates": [[[-70.50833332951251, 45.725000002906896], [-70.50833333390122, 45.73333333892075], [-70.49999999628905, 45.733333335352654], [-70.49999999817395, 45.72500000002626], [-70.50833332951251, 45.725000002906896]]]}, "properties": {"company_id": "lake-victoria-gold", "jurisdiction": "Quebec", "claim_id": "", "claim_name": null, "holder": "Leopard Lake Gold Corp.", "status": "Active", "recorded_date": null, "anniversary_or_expiry": null, "area_ha": null, "tenure_type": null, "source": "GESTIM active titles (MRNF digital data dump). Not legal title.", "as_of": "2026-09-20", "role": "focus", "color": "#e8b040"}}, {"type": "Feature", "geometry": {"type": "Polygon", "coordinates": [[[-70.65833332777157, 45.73333333570622], [-70.65833332728623, 45.74166666621018], [-70.64999999418177, 45.7416666653881], [-70.65000000129469, 45.7333333356482], [-70.65833332777157, 45.73333333570622]]]}, "properties": {"company_id": "lake-victoria-gold", "jurisdiction": "Quebec", "claim_id": "", "claim_name": null, "holder": "Leopard Lake Gold Corp.", "status": "Active", "recorded_date": null, "anniversary_or_expiry": null, "area_ha": null, "tenure_type": null, "source": "GESTIM active titles (MRNF digital data dump). Not legal title.", "as_of": "2026-09-20", "role": "focus", "color": "#e8b040"}}, {"type": "Feature", "geometry": {"type": "Polygon", "coordinates": [[[-70.65000000129469, 45.7333333356482], [-70.64999999418177, 45.7416666653881], [-70.64166666204994, 45.74166666831256], [-70.64166666293232, 45.73333333951801], [-70.65000000129469, 45.7333333356482]]]}, "properties": {"company_id": "lake-victoria-gold", "jurisdiction": "Quebec", "claim_id": "", "claim_name": null, "holder": "Leopard Lake Gold Corp.", "status": "Active", "recorded_date": null, "anniversary_or_expiry": null, "area_ha": null, "tenure_type": null, "source": "GESTIM active titles (MRNF digital data dump). Not legal title.", "as_of": "2026-09-20", "role": "focus", "color": "#e8b040"}}, {"type": "Feature", "geometry": {"type": "Polygon", "coordinates": [[[-70.64166666293232, 45.73333333951801], [-70.64166666204994, 45.74166666831256], [-70.63333333062253, 45.7416666659917], [-70.63333333811153, 45.733333337953574], [-70.64166666293232, 45.73333333951801]]]}, "properties": {"company_id": "lake-victoria-gold", "jurisdiction": "Quebec", "claim_id": "", "claim_name": null, "holder": "Leopard Lake Gold Corp.", "status": "Active", "recorded_date": null, "anniversary_or_expiry": null, "area_ha": null, "tenure_type": null, "source": "GESTIM active titles (MRNF digital data dump). Not legal title.", "as_of": "2026-09-20", "role": "focus", "color": "#e8b040"}}, {"type": "Feature", "geometry": {"type": "Polygon", "coordinates": [[[-70.63333333811153, 45.733333337953574], [-70.63333333062253, 45.7416666659917], [-70.62500000015845, 45.74166666742774], [-70.6250000011349, 45.7333333313283], [-70.63333333811153, 45.733333337953574]]]}, "properties": {"company_id": "lake-victoria-gold", "jurisdiction": "Quebec", "claim_id": "", "claim_name": null, "holder": "Leopard Lake Gold Corp.", "status": "Active", "recorded_date": null, "anniversary_or_expiry": null, "area_ha": null, "tenure_type": null, "source": "GESTIM active titles (MRNF digital data dump). Not legal title.", "as_of": "2026-09-20", "role": "focus", "color": "#e8b040"}}, {"type": "Feature", "geometry": {"type": "Polygon", "coordinates": [[[-70.6250000011349, 45.7333333313283], [-70.62500000015845, 45.74166666742774], [-70.61666667065177, 45.74166667262581], [-70.61666666536745, 45.73333333745697], [-70.6250000011349, 45.7333333313283]]]}, "properties": {"company_id": "lake-victoria-gold", "jurisdiction": "Quebec", "claim_id": "", "claim_name": null, "holder": "Leopard Lake Gold Corp.", "status": "Active", "recorded_date": null, "anniversary_or_expiry": null, "area_ha": null, "tenure_type": null, "source": "GESTIM active titles (MRNF digital data dump). Not legal title.", "as_of": "2026-09-20", "role": "focus", "color": "#e8b040"}}, {"type": "Feature", "geometry": {"type": "Polygon", "coordinates": [[[-70.61666666536745, 45.73333333745697], [-70.61666667065177, 45.74166667262581], [-70.60833332898834, 45.74166667277485], [-70.60833333028265, 45.733333338350356], [-70.61666666536745, 45.73333333745697]]]}, "properties": {"company_id": "lake-victoria-gold", "jurisdiction": "Quebec", "claim_id": "", "claim_name": null, "holder": "Leopard Lake Gold Corp.", "status": "Active", "recorded_date": null, "anniversary_or_expiry": null, "area_ha": null, "tenure_type": null, "source": "GESTIM active titles (MRNF digital data dump). Not legal title.", "as_of": "2026-09-20", "role": "focus", "color": "#e8b040"}}, {"type": "Feature", "geometry": {"type": "Polygon", "coordinates": [[[-70.60833333028265, 45.733333338350356], [-70.60833332898834, 45.74166667277485], [-70.60000000086535, 45.74166666751702], [-70.59999999587839, 45.7333333340135], [-70.60833333028265, 45.733333338350356]]]}, "properties": {"company_id": "lake-victoria-gold", "jurisdiction": "Quebec", "claim_id": "", "claim_name": null, "holder": "Leopard Lake Gold Corp.", "status": "Active", "recorded_date": null, "anniversary_or_expiry": null, "area_ha": null, "tenure_type": null, "source": "GESTIM active titles (MRNF digital data dump). Not legal title.", "as_of": "2026-09-20", "role": "focus", "color": "#e8b040"}}, {"type": "Feature", "geometry": {"type": "Polygon", "coordinates": [[[-70.59999999587839, 45.7333333340135], [-70.60000000086535, 45.74166666751702], [-70.59166666083729, 45.74166666621549], [-70.5916666624083, 45.73333333344862], [-70.59999999587839, 45.7333333340135]]]}, "properties": {"company_id": "lake-victoria-gold", "jurisdiction": "Quebec", "claim_id": "", "claim_name": null, "holder": "Leopard Lake Gold Corp.", "status": "Active", "recorded_date": null, "anniversary_or_expiry": null, "area_ha": null, "tenure_type": null, "source": "GESTIM active titles (MRNF digital data dump). Not legal title.", "as_of": "2026-09-20", "role": "focus", "color": "#e8b040"}}, {"type": "Feature", "geometry": {"type": "Polygon", "coordinates": [[[-70.5916666624083, 45.73333333344862], [-70.59166666083729, 45.74166666621549], [-70.58333333459741, 45.74166666851619], [-70.58333332986669, 45.733333336660834], [-70.5916666624083, 45.73333333344862]]]}, "properties": {"company_id": "lake-victoria-gold", "jurisdiction": "Quebec", "claim_id": "", "claim_name": null, "holder": "Leopard Lake Gold Corp.", "status": "Active", "recorded_date": null, "anniversary_or_expiry": null, "area_ha": null, "tenure_type": null, "source": "GESTIM active titles (MRNF digital data dump). Not legal title.", "as_of": "2026-09-20", "role": "focus", "color": "#e8b040"}}, {"type": "Feature", "geometry": {"type": "Polygon", "coordinates": [[[-70.57499999799431, 45.73333333465779], [-70.57499999618723, 45.741666665784145], [-70.56666667155596, 45.741666666666205], [-70.56666666704095, 45.733333336441774], [-70.57499999799431, 45.73333333465779]]]}, "properties": {"company_id": "lake-victoria-gold", "jurisdiction": "Quebec", "claim_id": "", "claim_name": null, "holder": "Leopard Lake Gold Corp.", "status": "Active", "recorded_date": null, "anniversary_or_expiry": null, "area_ha": null, "tenure_type": null, "source": "GESTIM active titles (MRNF digital data dump). Not legal title.", "as_of": "2026-09-20", "role": "focus", "color": "#e8b040"}}, {"type": "Feature", "geometry": {"type": "Polygon", "coordinates": [[[-70.56666666704095, 45.733333336441774], [-70.56666667155596, 45.741666666666205], [-70.55833333499788, 45.741666671520804], [-70.55833333675031, 45.73333333302031], [-70.56666666704095, 45.733333336441774]]]}, "properties": {"company_id": "lake-victoria-gold", "jurisdiction": "Quebec", "claim_id": "", "claim_name": null, "holder": "Leopard Lake Gold Corp.", "status": "Active", "recorded_date": null, "anniversary_or_expiry": null, "area_ha": null, "tenure_type": null, "source": "GESTIM active titles (MRNF digital data dump). Not legal title.", "as_of": "2026-09-20", "role": "focus", "color": "#e8b040"}}, {"type": "Feature", "geometry": {"type": "Polygon", "coordinates": [[[-70.53333333821789, 45.73333333673186], [-70.53333332981575, 45.741666672916175], [-70.52499999615954, 45.74166666600872], [-70.52499999843813, 45.733333339700394], [-70.53333333821789, 45.73333333673186]]]}, "properties": {"company_id": "lake-victoria-gold", "jurisdiction": "Quebec", "claim_id": "", "claim_name": null, "holder": "Leopard Lake Gold Corp.", "status": "Active", "recorded_date": null, "anniversary_or_expiry": null, "area_ha": null, "tenure_type": null, "source": "GESTIM active titles (MRNF digital data dump). Not legal title.", "as_of": "2026-09-20", "role": "focus", "color": "#e8b040"}}, {"type": "Feature", "geometry": {"type": "Polygon", "coordinates": [[[-70.52499999843813, 45.733333339700394], [-70.52499999615954, 45.74166666600872], [-70.5166666636479, 45.74166667191851], [-70.51666667215126, 45.733333337315166], [-70.52499999843813, 45.733333339700394]]]}, "properties": {"company_id": "lake-victoria-gold", "jurisdiction": "Quebec", "claim_id": "", "claim_name": null, "holder": "Leopard Lake Gold Corp.", "status": "Active", "recorded_date": null, "anniversary_or_expiry": null, "area_ha": null, "tenure_type": null, "source": "GESTIM active titles (MRNF digital data dump). Not legal title.", "as_of": "2026-09-20", "role": "focus", "color": "#e8b040"}}, {"type": "Feature", "geometry": {"type": "Polygon", "coordinates": [[[-70.51666667215126, 45.733333337315166], [-70.5166666636479, 45.74166667191851], [-70.50833333178583, 45.74166667265517], [-70.50833333390122, 45.73333333892075], [-70.51666667215126, 45.733333337315166]]]}, "properties": {"company_id": "lake-victoria-gold", "jurisdiction": "Quebec", "claim_id": "", "claim_name": null, "holder": "Leopard Lake Gold Corp.", "status": "Active", "recorded_date": null, "anniversary_or_expiry": null, "area_ha": null, "tenure_type": null, "source": "GESTIM active titles (MRNF digital data dump). Not legal title.", "as_of": "2026-09-20", "role": "focus", "color": "#e8b040"}}, {"type": "Feature", "geometry": {"type": "Polygon", "coordinates": [[[-70.50833333390122, 45.73333333892075], [-70.50833333178583, 45.74166667265517], [-70.5000000005716, 45.7416666682235], [-70.49999999628905, 45.733333335352654], [-70.50833333390122, 45.73333333892075]]]}, "properties": {"company_id": "lake-victoria-gold", "jurisdiction": "Quebec", "claim_id": "", "claim_name": null, "holder": "Leopard Lake Gold Corp.", "status": "Active", "recorded_date": null, "anniversary_or_expiry": null, "area_ha": null, "tenure_type": null, "source": "GESTIM active titles (MRNF digital data dump). Not legal title.", "as_of": "2026-09-20", "role": "focus", "color": "#e8b040"}}, {"type": "Feature", "geometry": {"type": "Polygon", "coordinates": [[[-70.57499999618723, 45.741666665784145], [-70.57500000239088, 45.75000000351182], [-70.56666667105334, 45.750000003661555], [-70.56666667155596, 45.741666666666205], [-70.57499999618723, 45.741666665784145]]]}, "properties": {"company_id": "lake-victoria-gold", "jurisdiction": "Quebec", "claim_id": "", "claim_name": null, "holder": "Leopard Lake Gold Corp.", "status": "Active", "recorded_date": null, "anniversary_or_expiry": null, "area_ha": null, "tenure_type": null, "source": "GESTIM active titles (MRNF digital data dump). Not legal title.", "as_of": "2026-09-20", "role": "focus", "color": "#e8b040"}}, {"type": "Feature", "geometry": {"type": "Polygon", "coordinates": [[[-70.53333332981575, 45.741666672916175], [-70.53333332803739, 45.74999999767374], [-70.5250000008209, 45.74999999887876], [-70.52499999615954, 45.74166666600872], [-70.53333332981575, 45.741666672916175]]]}, "properties": {"company_id": "lake-victoria-gold", "jurisdiction": "Quebec", "claim_id": "", "claim_name": null, "holder": "Leopard Lake Gold Corp.", "status": "Active", "recorded_date": null, "anniversary_or_expiry": null, "area_ha": null, "tenure_type": null, "source": "GESTIM active titles (MRNF digital data dump). Not legal title.", "as_of": "2026-09-20", "role": "focus", "color": "#e8b040"}}, {"type": "Feature", "geometry": {"type": "Polygon", "coordinates": [[[-70.52499999615954, 45.74166666600872], [-70.5250000008209, 45.74999999887876], [-70.51666666166037, 45.750000004079475], [-70.5166666636479, 45.74166667191851], [-70.52499999615954, 45.74166666600872]]]}, "properties": {"company_id": "lake-victoria-gold", "jurisdiction": "Quebec", "claim_id": "", "claim_name": null, "holder": "Leopard Lake Gold Corp.", "status": "Active", "recorded_date": null, "anniversary_or_expiry": null, "area_ha": null, "tenure_type": null, "source": "GESTIM active titles (MRNF digital data dump). Not legal title.", "as_of": "2026-09-20", "role": "focus", "color": "#e8b040"}}, {"type": "Feature", "geometry": {"type": "Polygon", "coordinates": [[[-70.5166666636479, 45.74166667191851], [-70.51666666166037, 45.750000004079475], [-70.5083333360114, 45.75000000394074], [-70.50833333178583, 45.74166667265517], [-70.5166666636479, 45.74166667191851]]]}, "properties": {"company_id": "lake-victoria-gold", "jurisdiction": "Quebec", "claim_id": "", "claim_name": null, "holder": "Leopard Lake Gold Corp.", "status": "Active", "recorded_date": null, "anniversary_or_expiry": null, "area_ha": null, "tenure_type": null, "source": "GESTIM active titles (MRNF digital data dump). Not legal title.", "as_of": "2026-09-20", "role": "focus", "color": "#e8b040"}}, {"type": "Feature", "geometry": {"type": "Polygon", "coordinates": [[[-70.50833333178583, 45.74166667265517], [-70.5083333360114, 45.75000000394074], [-70.49999999816743, 45.74999999880768], [-70.5000000005716, 45.7416666682235], [-70.50833333178583, 45.74166667265517]]]}, "properties": {"company_id": "lake-victoria-gold", "jurisdiction": "Quebec", "claim_id": "", "claim_name": null, "holder": "Leopard Lake Gold Corp.", "status": "Active", "recorded_date": null, "anniversary_or_expiry": null, "area_ha": null, "tenure_type": null, "source": "GESTIM active titles (MRNF digital data dump). Not legal title.", "as_of": "2026-09-20", "role": "focus", "color": "#e8b040"}}, {"type": "Feature", "geometry": {"type": "Polygon", "coordinates": [[[-70.50833333333331, 45.680270001388024], [-70.50833332701775, 45.68333333210412], [-70.50230415502803, 45.68333339347989], [-70.5023916361832, 45.683288877201484], [-70.50275277648171, 45.68278334353129], [-70.5027583157344, 45.68257500474129], [-70.5024360909488, 45.68217498598958], [-70.50230553498919, 45.681855578060805], [-70.50308053115431, 45.68160277407379], [-70.50363330175902, 45.68140555218881], [-70.50439168103951, 45.68151110253339], [-70.5051194319365, 45.6811666541938], [-70.5059694603224, 45.68117500234978], [-70.50675000763671, 45.680891658750184], [-70.5080805784261, 45.68033056865029], [-70.50833333333331, 45.680270001388024]]]}, "properties": {"company_id": "lake-victoria-gold", "jurisdiction": "Quebec", "claim_id": "", "claim_name": null, "holder": "Leopard Lake Gold Corp.", "status": "Active", "recorded_date": null, "anniversary_or_expiry": null, "area_ha": null, "tenure_type": null, "source": "GESTIM active titles (MRNF digital data dump). Not legal title.", "as_of": "2026-09-20", "role": "focus", "color": "#e8b040"}}, {"type": "Feature", "geometry": {"type": "Polygon", "coordinates": [[[-70.49999999816743, 45.74999999880768], [-70.50000000216414, 45.75833333593418], [-70.49166667126896, 45.75833333376627], [-70.49166666145823, 45.75000000650969], [-70.49999999816743, 45.74999999880768]]]}, "properties": {"company_id": "lake-victoria-gold", "jurisdiction": "Quebec", "claim_id": "", "claim_name": null, "holder": "Leopard Lake Gold Corp.", "status": "Active", "recorded_date": null, "anniversary_or_expiry": null, "area_ha": null, "tenure_type": null, "source": "GESTIM active titles (MRNF digital data dump). Not legal title.", "as_of": "2026-09-20", "role": "focus", "color": "#e8b040"}}, {"type": "Feature", "geometry": {"type": "Polygon", "coordinates": [[[-70.49166666145823, 45.75000000650969], [-70.49166667126896, 45.75833333376627], [-70.48333332841791, 45.75833333561268], [-70.48333333801065, 45.74999999989149], [-70.49166666145823, 45.75000000650969]]]}, "properties": {"company_id": "lake-victoria-gold", "jurisdiction": "Quebec", "claim_id": "", "claim_name": null, "holder": "Leopard Lake Gold Corp.", "status": "Active", "recorded_date": null, "anniversary_or_expiry": null, "area_ha": null, "tenure_type": null, "source": "GESTIM active titles (MRNF digital data dump). Not legal title.", "as_of": "2026-09-20", "role": "focus", "color": "#e8b040"}}, {"type": "Feature", "geometry": {"type": "Polygon", "coordinates": [[[-70.48333333801065, 45.74999999989149], [-70.48333332841791, 45.75833333561268], [-70.47499999907622, 45.75833333214561], [-70.47500000283326, 45.7500000062857], [-70.48333333801065, 45.74999999989149]]]}, "properties": {"company_id": "lake-victoria-gold", "jurisdiction": "Quebec", "claim_id": "", "claim_name": null, "holder": "Leopard Lake Gold Corp.", "status": "Active", "recorded_date": null, "anniversary_or_expiry": null, "area_ha": null, "tenure_type": null, "source": "GESTIM active titles (MRNF digital data dump). Not legal title.", "as_of": "2026-09-20", "role": "focus", "color": "#e8b040"}}, {"type": "Feature", "geometry": {"type": "Polygon", "coordinates": [[[-70.47500000283326, 45.7500000062857], [-70.47499999907622, 45.75833333214561], [-70.46666667062347, 45.7583333325353], [-70.46666666806104, 45.74999999853582], [-70.47500000283326, 45.7500000062857]]]}, "properties": {"company_id": "lake-victoria-gold", "jurisdiction": "Quebec", "claim_id": "", "claim_name": null, "holder": "Leopard Lake Gold Corp.", "status": "Active", "recorded_date": null, "anniversary_or_expiry": null, "area_ha": null, "tenure_type": null, "source": "GESTIM active titles (MRNF digital data dump). Not legal title.", "as_of": "2026-09-20", "role": "focus", "color": "#e8b040"}}, {"type": "Feature", "geometry": {"type": "Polygon", "coordinates": [[[-70.46666666806104, 45.74999999853582], [-70.46666667062347, 45.7583333325353], [-70.45833333019874, 45.75833333695046], [-70.4583333343991, 45.7500000036398], [-70.46666666806104, 45.74999999853582]]]}, "properties": {"company_id": "lake-victoria-gold", "jurisdiction": "Quebec", "claim_id": "", "claim_name": null, "holder": "Leopard Lake Gold Corp.", "status": "Active", "recorded_date": null, "anniversary_or_expiry": null, "area_ha": null, "tenure_type": null, "source": "GESTIM active titles (MRNF digital data dump). Not legal title.", "as_of": "2026-09-20", "role": "focus", "color": "#e8b040"}}, {"type": "Feature", "geometry": {"type": "Polygon", "coordinates": [[[-70.4583333343991, 45.7500000036398], [-70.45833333019874, 45.75833333695046], [-70.45000000327194, 45.758333336068816], [-70.450000001371, 45.75000000360668], [-70.4583333343991, 45.7500000036398]]]}, "properties": {"company_id": "lake-victoria-gold", "jurisdiction": "Quebec", "claim_id": "", "claim_name": null, "holder": "Leopard Lake Gold Corp.", "status": "Active", "recorded_date": null, "anniversary_or_expiry": null, "area_ha": null, "tenure_type": null, "source": "GESTIM active titles (MRNF digital data dump). Not legal title.", "as_of": "2026-09-20", "role": "focus", "color": "#e8b040"}}, {"type": "Feature", "geometry": {"type": "Polygon", "coordinates": [[[-70.450000001371, 45.75000000360668], [-70.45000000327194, 45.758333336068816], [-70.44166666436347, 45.758333339219966], [-70.44166666897493, 45.749999998440956], [-70.450000001371, 45.75000000360668]]]}, "properties": {"company_id": "lake-victoria-gold", "jurisdiction": "Quebec", "claim_id": "", "claim_name": null, "holder": "Leopard Lake Gold Corp.", "status": "Active", "recorded_date": null, "anniversary_or_expiry": null, "area_ha": null, "tenure_type": null, "source": "GESTIM active titles (MRNF digital data dump). Not legal title.", "as_of": "2026-09-20", "role": "focus", "color": "#e8b040"}}, {"type": "Feature", "geometry": {"type": "Polygon", "coordinates": [[[-70.44166666897493, 45.749999998440956], [-70.44166666436347, 45.758333339219966], [-70.43333333894594, 45.75833333708526], [-70.43333333766945, 45.750000006142955], [-70.44166666897493, 45.749999998440956]]]}, "properties": {"company_id": "lake-victoria-gold", "jurisdiction": "Quebec", "claim_id": "", "claim_name": null, "holder": "Leopard Lake Gold Corp.", "status": "Active", "recorded_date": null, "anniversary_or_expiry": null, "area_ha": null, "tenure_type": null, "source": "GESTIM active titles (MRNF digital data dump). Not legal title.", "as_of": "2026-09-20", "role": "focus", "color": "#e8b040"}}, {"type": "Feature", "geometry": {"type": "Polygon", "coordinates": [[[-70.43333333766945, 45.750000006142955], [-70.43333333894594, 45.75833333708526], [-70.42500000153704, 45.75833333899054], [-70.42499999390448, 45.74999999988381], [-70.43333333766945, 45.750000006142955]]]}, "properties": {"company_id": "lake-victoria-gold", "jurisdiction": "Quebec", "claim_id": "", "claim_name": null, "holder": "Leopard Lake Gold Corp.", "status": "Active", "recorded_date": null, "anniversary_or_expiry": null, "area_ha": null, "tenure_type": null, "source": "GESTIM active titles (MRNF digital data dump). Not legal title.", "as_of": "2026-09-20", "role": "focus", "color": "#e8b040"}}, {"type": "Feature", "geometry": {"type": "Polygon", "coordinates": [[[-70.42499999390448, 45.74999999988381], [-70.42500000153704, 45.75833333899054], [-70.41666666475749, 45.75833333578016], [-70.41666666407039, 45.75000000634019], [-70.42499999390448, 45.74999999988381]]]}, "properties": {"company_id": "lake-victoria-gold", "jurisdiction": "Quebec", "claim_id": "", "claim_name": null, "holder": "Leopard Lake Gold Corp.", "status": "Active", "recorded_date": null, "anniversary_or_expiry": null, "area_ha": null, "tenure_type": null, "source": "GESTIM active titles (MRNF digital data dump). Not legal title.", "as_of": "2026-09-20", "role": "focus", "color": "#e8b040"}}, {"type": "Feature", "geometry": {"type": "Polygon", "coordinates": [[[-70.41666666407039, 45.75000000634019], [-70.41666666475749, 45.75833333578016], [-70.40833332883143, 45.75833333645653], [-70.40833333462554, 45.74999999868394], [-70.41666666407039, 45.75000000634019]]]}, "properties": {"company_id": "lake-victoria-gold", "jurisdiction": "Quebec", "claim_id": "", "claim_name": null, "holder": "Leopard Lake Gold Corp.", "status": "Active", "recorded_date": null, "anniversary_or_expiry": null, "area_ha": null, "tenure_type": null, "source": "GESTIM active titles (MRNF digital data dump). Not legal title.", "as_of": "2026-09-20", "role": "focus", "color": "#e8b040"}}, {"type": "Feature", "geometry": {"type": "Polygon", "coordinates": [[[-70.48333332841791, 45.75833333561268], [-70.48333333748111, 45.766666668698775], [-70.47500000118077, 45.76666666452876], [-70.47499999907622, 45.75833333214561], [-70.48333332841791, 45.75833333561268]]]}, "properties": {"company_id": "lake-victoria-gold", "jurisdiction": "Quebec", "claim_id": "", "claim_name": null, "holder": "Leopard Lake Gold Corp.", "status": "Active", "recorded_date": null, "anniversary_or_expiry": null, "area_ha": null, "tenure_type": null, "source": "GESTIM active titles (MRNF digital data dump). Not legal title.", "as_of": "2026-09-20", "role": "focus", "color": "#e8b040"}}, {"type": "Feature", "geometry": {"type": "Polygon", "coordinates": [[[-70.47499999907622, 45.75833333214561], [-70.47500000118077, 45.76666666452876], [-70.46666666577858, 45.766666664218825], [-70.46666667062347, 45.7583333325353], [-70.47499999907622, 45.75833333214561]]]}, "properties": {"company_id": "lake-victoria-gold", "jurisdiction": "Quebec", "claim_id": "", "claim_name": null, "holder": "Leopard Lake Gold Corp.", "status": "Active", "recorded_date": null, "anniversary_or_expiry": null, "area_ha": null, "tenure_type": null, "source": "GESTIM active titles (MRNF digital data dump). Not legal title.", "as_of": "2026-09-20", "role": "focus", "color": "#e8b040"}}, {"type": "Feature", "geometry": {"type": "Polygon", "coordinates": [[[-70.46666667062347, 45.7583333325353], [-70.46666666577858, 45.766666664218825], [-70.4583333312686, 45.76666666777383], [-70.45833333019874, 45.75833333695046], [-70.46666667062347, 45.7583333325353]]]}, "properties": {"company_id": "lake-victoria-gold", "jurisdiction": "Quebec", "claim_id": "", "claim_name": null, "holder": "Leopard Lake Gold Corp.", "status": "Active", "recorded_date": null, "anniversary_or_expiry": null, "area_ha": null, "tenure_type": null, "source": "GESTIM active titles (MRNF digital data dump). Not legal title.", "as_of": "2026-09-20", "role": "focus", "color": "#e8b040"}}, {"type": "Feature", "geometry": {"type": "Polygon", "coordinates": [[[-70.45833333019874, 45.75833333695046], [-70.4583333312686, 45.76666666777383], [-70.44999999741106, 45.76666666620047], [-70.45000000327194, 45.758333336068816], [-70.45833333019874, 45.75833333695046]]]}, "properties": {"company_id": "lake-victoria-gold", "jurisdiction": "Quebec", "claim_id": "", "claim_name": null, "holder": "Leopard Lake Gold Corp.", "status": "Active", "recorded_date": null, "anniversary_or_expiry": null, "area_ha": null, "tenure_type": null, "source": "GESTIM active titles (MRNF digital data dump). Not legal title.", "as_of": "2026-09-20", "role": "focus", "color": "#e8b040"}}, {"type": "Feature", "geometry": {"type": "Polygon", "coordinates": [[[-70.45000000327194, 45.758333336068816], [-70.44999999741106, 45.76666666620047], [-70.44166666443593, 45.76666666850116], [-70.44166666436347, 45.758333339219966], [-70.45000000327194, 45.758333336068816]]]}, "properties": {"company_id": "lake-victoria-gold", "jurisdiction": "Quebec", "claim_id": "", "claim_name": null, "holder": "Leopard Lake Gold Corp.", "status": "Active", "recorded_date": null, "anniversary_or_expiry": null, "area_ha": null, "tenure_type": null, "source": "GESTIM active titles (MRNF digital data dump). Not legal title.", "as_of": "2026-09-20", "role": "focus", "color": "#e8b040"}}, {"type": "Feature", "geometry": {"type": "Polygon", "coordinates": [[[-70.44166666436347, 45.758333339219966], [-70.44166666443593, 45.76666666850116], [-70.43333333210626, 45.766666665682585], [-70.43333333894594, 45.75833333708526], [-70.44166666436347, 45.758333339219966]]]}, "properties": {"company_id": "lake-victoria-gold", "jurisdiction": "Quebec", "claim_id": "", "claim_name": null, "holder": "Leopard Lake Gold Corp.", "status": "Active", "recorded_date": null, "anniversary_or_expiry": null, "area_ha": null, "tenure_type": null, "source": "GESTIM active titles (MRNF digital data dump). Not legal title.", "as_of": "2026-09-20", "role": "focus", "color": "#e8b040"}}, {"type": "Feature", "geometry": {"type": "Polygon", "coordinates": [[[-70.43333333894594, 45.75833333708526], [-70.43333333210626, 45.766666665682585], [-70.42500000064912, 45.76666666674713], [-70.42500000153704, 45.75833333899054], [-70.43333333894594, 45.75833333708526]]]}, "properties": {"company_id": "lake-victoria-gold", "jurisdiction": "Quebec", "claim_id": "", "claim_name": null, "holder": "Leopard Lake Gold Corp.", "status": "Active", "recorded_date": null, "anniversary_or_expiry": null, "area_ha": null, "tenure_type": null, "source": "GESTIM active titles (MRNF digital data dump). Not legal title.", "as_of": "2026-09-20", "role": "focus", "color": "#e8b040"}}, {"type": "Feature", "geometry": {"type": "Polygon", "coordinates": [[[-70.47500000118077, 45.76666666452876], [-70.47499999628668, 45.77500000360116], [-70.46666666661302, 45.77500000241933], [-70.46666666577858, 45.766666664218825], [-70.47500000118077, 45.76666666452876]]]}, "properties": {"company_id": "lake-victoria-gold", "jurisdiction": "Quebec", "claim_id": "", "claim_name": null, "holder": "Leopard Lake Gold Corp.", "status": "Active", "recorded_date": null, "anniversary_or_expiry": null, "area_ha": null, "tenure_type": null, "source": "GESTIM active titles (MRNF digital data dump). Not legal title.", "as_of": "2026-09-20", "role": "focus", "color": "#e8b040"}}, {"type": "Feature", "geometry": {"type": "Polygon", "coordinates": [[[-70.46666666577858, 45.766666664218825], [-70.46666666661302, 45.77500000241933], [-70.45833333784081, 45.77500000510778], [-70.4583333312686, 45.76666666777383], [-70.46666666577858, 45.766666664218825]]]}, "properties": {"company_id": "lake-victoria-gold", "jurisdiction": "Quebec", "claim_id": "", "claim_name": null, "holder": "Leopard Lake Gold Corp.", "status": "Active", "recorded_date": null, "anniversary_or_expiry": null, "area_ha": null, "tenure_type": null, "source": "GESTIM active titles (MRNF digital data dump). Not legal title.", "as_of": "2026-09-20", "role": "focus", "color": "#e8b040"}}, {"type": "Feature", "geometry": {"type": "Polygon", "coordinates": [[[-70.4583333312686, 45.76666666777383], [-70.45833333784081, 45.77500000510778], [-70.44999999687225, 45.775000002836435], [-70.44999999741106, 45.76666666620047], [-70.4583333312686, 45.76666666777383]]]}, "properties": {"company_id": "lake-victoria-gold", "jurisdiction": "Quebec", "claim_id": "", "claim_name": null, "holder": "Leopard Lake Gold Corp.", "status": "Active", "recorded_date": null, "anniversary_or_expiry": null, "area_ha": null, "tenure_type": null, "source": "GESTIM active titles (MRNF digital data dump). Not legal title.", "as_of": "2026-09-20", "role": "focus", "color": "#e8b040"}}, {"type": "Feature", "geometry": {"type": "Polygon", "coordinates": [[[-70.44999999741106, 45.76666666620047], [-70.44999999687225, 45.775000002836435], [-70.44166666965363, 45.77500000428036], [-70.44166666443593, 45.76666666850116], [-70.44999999741106, 45.76666666620047]]]}, "properties": {"company_id": "lake-victoria-gold", "jurisdiction": "Quebec", "claim_id": "", "claim_name": null, "holder": "Leopard Lake Gold Corp.", "status": "Active", "recorded_date": null, "anniversary_or_expiry": null, "area_ha": null, "tenure_type": null, "source": "GESTIM active titles (MRNF digital data dump). Not legal title.", "as_of": "2026-09-20", "role": "focus", "color": "#e8b040"}}, {"type": "Feature", "geometry": {"type": "Polygon", "coordinates": [[[-70.44166666443593, 45.76666666850116], [-70.44166666965363, 45.77500000428036], [-70.43333333023138, 45.775000000771705], [-70.43333333210626, 45.766666665682585], [-70.44166666443593, 45.76666666850116]]]}, "properties": {"company_id": "lake-victoria-gold", "jurisdiction": "Quebec", "claim_id": "", "claim_name": null, "holder": "Leopard Lake Gold Corp.", "status": "Active", "recorded_date": null, "anniversary_or_expiry": null, "area_ha": null, "tenure_type": null, "source": "GESTIM active titles (MRNF digital data dump). Not legal title.", "as_of": "2026-09-20", "role": "focus", "color": "#e8b040"}}, {"type": "Feature", "geometry": {"type": "Polygon", "coordinates": [[[-70.48333333948771, 45.77499999948381], [-70.4833333346686, 45.783333336965576], [-70.47499999677186, 45.783333331201526], [-70.47499999628668, 45.77500000360116], [-70.48333333948771, 45.77499999948381]]]}, "properties": {"company_id": "lake-victoria-gold", "jurisdiction": "Quebec", "claim_id": "", "claim_name": null, "holder": "Leopard Lake Gold Corp.", "status": "Active", "recorded_date": null, "anniversary_or_expiry": null, "area_ha": null, "tenure_type": null, "source": "GESTIM active titles (MRNF digital data dump). Not legal title.", "as_of": "2026-09-20", "role": "focus", "color": "#e8b040"}}, {"type": "Feature", "geometry": {"type": "Polygon", "coordinates": [[[-70.47499999628668, 45.77500000360116], [-70.47499999677186, 45.783333331201526], [-70.46666667288854, 45.7833333381391], [-70.46666666661302, 45.77500000241933], [-70.47499999628668, 45.77500000360116]]]}, "properties": {"company_id": "lake-victoria-gold", "jurisdiction": "Quebec", "claim_id": "", "claim_name": null, "holder": "Leopard Lake Gold Corp.", "status": "Active", "recorded_date": null, "anniversary_or_expiry": null, "area_ha": null, "tenure_type": null, "source": "GESTIM active titles (MRNF digital data dump). Not legal title.", "as_of": "2026-09-20", "role": "focus", "color": "#e8b040"}}, {"type": "Feature", "geometry": {"type": "Polygon", "coordinates": [[[-70.46666666661302, 45.77500000241933], [-70.46666667288854, 45.7833333381391], [-70.45833333658396, 45.78333333112102], [-70.45833333784081, 45.77500000510778], [-70.46666666661302, 45.77500000241933]]]}, "properties": {"company_id": "lake-victoria-gold", "jurisdiction": "Quebec", "claim_id": "", "claim_name": null, "holder": "Leopard Lake Gold Corp.", "status": "Active", "recorded_date": null, "anniversary_or_expiry": null, "area_ha": null, "tenure_type": null, "source": "GESTIM active titles (MRNF digital data dump). Not legal title.", "as_of": "2026-09-20", "role": "focus", "color": "#e8b040"}}, {"type": "Feature", "geometry": {"type": "Polygon", "coordinates": [[[-70.45833333784081, 45.77500000510778], [-70.45833333658396, 45.78333333112102], [-70.45000000141987, 45.783333336978956], [-70.44999999687225, 45.775000002836435], [-70.45833333784081, 45.77500000510778]]]}, "properties": {"company_id": "lake-victoria-gold", "jurisdiction": "Quebec", "claim_id": "", "claim_name": null, "holder": "Leopard Lake Gold Corp.", "status": "Active", "recorded_date": null, "anniversary_or_expiry": null, "area_ha": null, "tenure_type": null, "source": "GESTIM active titles (MRNF digital data dump). Not legal title.", "as_of": "2026-09-20", "role": "focus", "color": "#e8b040"}}, {"type": "Feature", "geometry": {"type": "Polygon", "coordinates": [[[-70.44999999687225, 45.775000002836435], [-70.45000000141987, 45.783333336978956], [-70.4416666669222, 45.78333333772205], [-70.44166666965363, 45.77500000428036], [-70.44999999687225, 45.775000002836435]]]}, "properties": {"company_id": "lake-victoria-gold", "jurisdiction": "Quebec", "claim_id": "", "claim_name": null, "holder": "Leopard Lake Gold Corp.", "status": "Active", "recorded_date": null, "anniversary_or_expiry": null, "area_ha": null, "tenure_type": null, "source": "GESTIM active titles (MRNF digital data dump). Not legal title.", "as_of": "2026-09-20", "role": "focus", "color": "#e8b040"}}, {"type": "Feature", "geometry": {"type": "Polygon", "coordinates": [[[-70.44166666965363, 45.77500000428036], [-70.4416666669222, 45.78333333772205], [-70.43333333308837, 45.78333333335474], [-70.43333333023138, 45.775000000771705], [-70.44166666965363, 45.77500000428036]]]}, "properties": {"company_id": "lake-victoria-gold", "jurisdiction": "Quebec", "claim_id": "", "claim_name": null, "holder": "Leopard Lake Gold Corp.", "status": "Active", "recorded_date": null, "anniversary_or_expiry": null, "area_ha": null, "tenure_type": null, "source": "GESTIM active titles (MRNF digital data dump). Not legal title.", "as_of": "2026-09-20", "role": "focus", "color": "#e8b040"}}, {"type": "Feature", "geometry": {"type": "Polygon", "coordinates": [[[-70.4833333346686, 45.783333336965576], [-70.48333333563946, 45.79166667197955], [-70.47500000310883, 45.79166666532536], [-70.47499999677186, 45.783333331201526], [-70.4833333346686, 45.783333336965576]]]}, "properties": {"company_id": "lake-victoria-gold", "jurisdiction": "Quebec", "claim_id": "", "claim_name": null, "holder": "Leopard Lake Gold Corp.", "status": "Active", "recorded_date": null, "anniversary_or_expiry": null, "area_ha": null, "tenure_type": null, "source": "GESTIM active titles (MRNF digital data dump). Not legal title.", "as_of": "2026-09-20", "role": "focus", "color": "#e8b040"}}, {"type": "Feature", "geometry": {"type": "Polygon", "coordinates": [[[-70.4416666669222, 45.78333333772205], [-70.44166666909581, 45.7916666686641], [-70.43333332804337, 45.79166667259105], [-70.43333333308837, 45.78333333335474], [-70.4416666669222, 45.78333333772205]]]}, "properties": {"company_id": "lake-victoria-gold", "jurisdiction": "Quebec", "claim_id": "", "claim_name": null, "holder": "Leopard Lake Gold Corp.", "status": "Active", "recorded_date": null, "anniversary_or_expiry": null, "area_ha": null, "tenure_type": null, "source": "GESTIM active titles (MRNF digital data dump). Not legal title.", "as_of": "2026-09-20", "role": "focus", "color": "#e8b040"}}, {"type": "Feature", "geometry": {"type": "Polygon", "coordinates": [[[-70.43333333308837, 45.78333333335474], [-70.43333332804337, 45.79166667259105], [-70.42500000052144, 45.79166667125526], [-70.42500000014546, 45.7833333328794], [-70.43333333308837, 45.78333333335474]]]}, "properties": {"company_id": "lake-victoria-gold", "jurisdiction": "Quebec", "claim_id": "", "claim_name": null, "holder": "Leopard Lake Gold Corp.", "status": "Active", "recorded_date": null, "anniversary_or_expiry": null, "area_ha": null, "tenure_type": null, "source": "GESTIM active titles (MRNF digital data dump). Not legal title.", "as_of": "2026-09-20", "role": "focus", "color": "#e8b040"}}, {"type": "Feature", "geometry": {"type": "Polygon", "coordinates": [[[-70.49166666862321, 45.79166666450826], [-70.49166667020091, 45.79999999795656], [-70.48333332953446, 45.800000004692905], [-70.48333333563946, 45.79166667197955], [-70.49166666862321, 45.79166666450826]]]}, "properties": {"company_id": "lake-victoria-gold", "jurisdiction": "Quebec", "claim_id": "", "claim_name": null, "holder": "Leopard Lake Gold Corp.", "status": "Active", "recorded_date": null, "anniversary_or_expiry": null, "area_ha": null, "tenure_type": null, "source": "GESTIM active titles (MRNF digital data dump). Not legal title.", "as_of": "2026-09-20", "role": "focus", "color": "#e8b040"}}, {"type": "Feature", "geometry": {"type": "Polygon", "coordinates": [[[-70.48333333563946, 45.79166667197955], [-70.48333332953446, 45.800000004692905], [-70.47500000243187, 45.80000000613891], [-70.47500000310883, 45.79166666532536], [-70.48333333563946, 45.79166667197955]]]}, "properties": {"company_id": "lake-victoria-gold", "jurisdiction": "Quebec", "claim_id": "", "claim_name": null, "holder": "Leopard Lake Gold Corp.", "status": "Active", "recorded_date": null, "anniversary_or_expiry": null, "area_ha": null, "tenure_type": null, "source": "GESTIM active titles (MRNF digital data dump). Not legal title.", "as_of": "2026-09-20", "role": "focus", "color": "#e8b040"}}, {"type": "Feature", "geometry": {"type": "Polygon", "coordinates": [[[-70.44999999818978, 45.79166666879138], [-70.45000000003793, 45.79999999811062], [-70.44166666354013, 45.80000000626675], [-70.44166666909581, 45.7916666686641], [-70.44999999818978, 45.79166666879138]]]}, "properties": {"company_id": "lake-victoria-gold", "jurisdiction": "Quebec", "claim_id": "", "claim_name": null, "holder": "Leopard Lake Gold Corp.", "status": "Active", "recorded_date": null, "anniversary_or_expiry": null, "area_ha": null, "tenure_type": null, "source": "GESTIM active titles (MRNF digital data dump). Not legal title.", "as_of": "2026-09-20", "role": "focus", "color": "#e8b040"}}, {"type": "Feature", "geometry": {"type": "Polygon", "coordinates": [[[-70.44166666909581, 45.7916666686641], [-70.44166666354013, 45.80000000626675], [-70.43333332749133, 45.800000000323756], [-70.43333332804337, 45.79166667259105], [-70.44166666909581, 45.7916666686641]]]}, "properties": {"company_id": "lake-victoria-gold", "jurisdiction": "Quebec", "claim_id": "", "claim_name": null, "holder": "Leopard Lake Gold Corp.", "status": "Active", "recorded_date": null, "anniversary_or_expiry": null, "area_ha": null, "tenure_type": null, "source": "GESTIM active titles (MRNF digital data dump). Not legal title.", "as_of": "2026-09-20", "role": "focus", "color": "#e8b040"}}, {"type": "Feature", "geometry": {"type": "Polygon", "coordinates": [[[-70.43333332804337, 45.79166667259105], [-70.43333332749133, 45.800000000323756], [-70.42500000521608, 45.79999999812116], [-70.42500000052144, 45.79166667125526], [-70.43333332804337, 45.79166667259105]]]}, "properties": {"company_id": "lake-victoria-gold", "jurisdiction": "Quebec", "claim_id": "", "claim_name": null, "holder": "Leopard Lake Gold Corp.", "status": "Active", "recorded_date": null, "anniversary_or_expiry": null, "area_ha": null, "tenure_type": null, "source": "GESTIM active titles (MRNF digital data dump). Not legal title.", "as_of": "2026-09-20", "role": "focus", "color": "#e8b040"}}, {"type": "Feature", "geometry": {"type": "Polygon", "coordinates": [[[-70.48333332953446, 45.800000004692905], [-70.48333332921165, 45.80833333493871], [-70.47499999425807, 45.80833333564689], [-70.47500000243187, 45.80000000613891], [-70.48333332953446, 45.800000004692905]]]}, "properties": {"company_id": "lake-victoria-gold", "jurisdiction": "Quebec", "claim_id": "", "claim_name": null, "holder": "Leopard Lake Gold Corp.", "status": "Active", "recorded_date": null, "anniversary_or_expiry": null, "area_ha": null, "tenure_type": null, "source": "GESTIM active titles (MRNF digital data dump). Not legal title.", "as_of": "2026-09-20", "role": "focus", "color": "#e8b040"}}, {"type": "Feature", "geometry": {"type": "Polygon", "coordinates": [[[-70.47500000243187, 45.80000000613891], [-70.47499999425807, 45.80833333564689], [-70.4666666728774, 45.808333331075694], [-70.46666666316267, 45.800000002632295], [-70.47500000243187, 45.80000000613891]]]}, "properties": {"company_id": "lake-victoria-gold", "jurisdiction": "Quebec", "claim_id": "", "claim_name": null, "holder": "Leopard Lake Gold Corp.", "status": "Active", "recorded_date": null, "anniversary_or_expiry": null, "area_ha": null, "tenure_type": null, "source": "GESTIM active titles (MRNF digital data dump). Not legal title.", "as_of": "2026-09-20", "role": "focus", "color": "#e8b040"}}, {"type": "Feature", "geometry": {"type": "Polygon", "coordinates": [[[-70.44166666354013, 45.80000000626675], [-70.44166666264907, 45.80833333237226], [-70.4333333318911, 45.808333334548564], [-70.43333332749133, 45.800000000323756], [-70.44166666354013, 45.80000000626675]]]}, "properties": {"company_id": "lake-victoria-gold", "jurisdiction": "Quebec", "claim_id": "", "claim_name": null, "holder": "Leopard Lake Gold Corp.", "status": "Active", "recorded_date": null, "anniversary_or_expiry": null, "area_ha": null, "tenure_type": null, "source": "GESTIM active titles (MRNF digital data dump). Not legal title.", "as_of": "2026-09-20", "role": "focus", "color": "#e8b040"}}, {"type": "Feature", "geometry": {"type": "Polygon", "coordinates": [[[-70.43333332749133, 45.800000000323756], [-70.4333333318911, 45.808333334548564], [-70.42500000181955, 45.80833333163344], [-70.42500000521608, 45.79999999812116], [-70.43333332749133, 45.800000000323756]]]}, "properties": {"company_id": "lake-victoria-gold", "jurisdiction": "Quebec", "claim_id": "", "claim_name": null, "holder": "Leopard Lake Gold Corp.", "status": "Active", "recorded_date": null, "anniversary_or_expiry": null, "area_ha": null, "tenure_type": null, "source": "GESTIM active titles (MRNF digital data dump). Not legal title.", "as_of": "2026-09-20", "role": "focus", "color": "#e8b040"}}, {"type": "Feature", "geometry": {"type": "Polygon", "coordinates": [[[-70.42500000521608, 45.79999999812116], [-70.42500000181955, 45.80833333163344], [-70.41666667266016, 45.80833333262927], [-70.41666667097961, 45.79999999998548], [-70.42500000521608, 45.79999999812116]]]}, "properties": {"company_id": "lake-victoria-gold", "jurisdiction": "Quebec", "claim_id": "", "claim_name": null, "holder": "Leopard Lake Gold Corp.", "status": "Active", "recorded_date": null, "anniversary_or_expiry": null, "area_ha": null, "tenure_type": null, "source": "GESTIM active titles (MRNF digital data dump). Not legal title.", "as_of": "2026-09-20", "role": "focus", "color": "#e8b040"}}, {"type": "Feature", "geometry": {"type": "Polygon", "coordinates": [[[-70.50000000173215, 45.80833333615653], [-70.49999999754318, 45.81666666577203], [-70.49166666574389, 45.81666666680353], [-70.49166666511464, 45.808333338109314], [-70.50000000173215, 45.80833333615653]]]}, "properties": {"company_id": "lake-victoria-gold", "jurisdiction": "Quebec", "claim_id": "", "claim_name": null, "holder": "Leopard Lake Gold Corp.", "status": "Active", "recorded_date": null, "anniversary_or_expiry": null, "area_ha": null, "tenure_type": null, "source": "GESTIM active titles (MRNF digital data dump). Not legal title.", "as_of": "2026-09-20", "role": "focus", "color": "#e8b040"}}, {"type": "Feature", "geometry": {"type": "Polygon", "coordinates": [[[-70.48333332921165, 45.80833333493871], [-70.48333333490768, 45.816666671714664], [-70.47500000479033, 45.816666671512536], [-70.47499999425807, 45.80833333564689], [-70.48333332921165, 45.80833333493871]]]}, "properties": {"company_id": "lake-victoria-gold", "jurisdiction": "Quebec", "claim_id": "", "claim_name": null, "holder": "Leopard Lake Gold Corp.", "status": "Active", "recorded_date": null, "anniversary_or_expiry": null, "area_ha": null, "tenure_type": null, "source": "GESTIM active titles (MRNF digital data dump). Not legal title.", "as_of": "2026-09-20", "role": "focus", "color": "#e8b040"}}, {"type": "Feature", "geometry": {"type": "Polygon", "coordinates": [[[-70.47499999425807, 45.80833333564689], [-70.47500000479033, 45.816666671512536], [-70.46666666252159, 45.816666666366906], [-70.4666666728774, 45.808333331075694], [-70.47499999425807, 45.80833333564689]]]}, "properties": {"company_id": "lake-victoria-gold", "jurisdiction": "Quebec", "claim_id": "", "claim_name": null, "holder": "Leopard Lake Gold Corp.", "status": "Active", "recorded_date": null, "anniversary_or_expiry": null, "area_ha": null, "tenure_type": null, "source": "GESTIM active titles (MRNF digital data dump). Not legal title.", "as_of": "2026-09-20", "role": "focus", "color": "#e8b040"}}, {"type": "Feature", "geometry": {"type": "Polygon", "coordinates": [[[-70.4666666728774, 45.808333331075694], [-70.46666666252159, 45.816666666366906], [-70.4583333340693, 45.8166666649487], [-70.4583333398049, 45.80833333955644], [-70.4666666728774, 45.808333331075694]]]}, "properties": {"company_id": "lake-victoria-gold", "jurisdiction": "Quebec", "claim_id": "", "claim_name": null, "holder": "Leopard Lake Gold Corp.", "status": "Active", "recorded_date": null, "anniversary_or_expiry": null, "area_ha": null, "tenure_type": null, "source": "GESTIM active titles (MRNF digital data dump). Not legal title.", "as_of": "2026-09-20", "role": "focus", "color": "#e8b040"}}, {"type": "Feature", "geometry": {"type": "Polygon", "coordinates": [[[-70.4583333398049, 45.80833333955644], [-70.4583333340693, 45.8166666649487], [-70.44999999369128, 45.81666666759208], [-70.4499999943296, 45.80833333409784], [-70.4583333398049, 45.80833333955644]]]}, "properties": {"company_id": "lake-victoria-gold", "jurisdiction": "Quebec", "claim_id": "", "claim_name": null, "holder": "Leopard Lake Gold Corp.", "status": "Active", "recorded_date": null, "anniversary_or_expiry": null, "area_ha": null, "tenure_type": null, "source": "GESTIM active titles (MRNF digital data dump). Not legal title.", "as_of": "2026-09-20", "role": "focus", "color": "#e8b040"}}, {"type": "Feature", "geometry": {"type": "Polygon", "coordinates": [[[-70.4333333318911, 45.808333334548564], [-70.43333332814174, 45.81666666642922], [-70.42500000319204, 45.816666671631744], [-70.42500000181955, 45.80833333163344], [-70.4333333318911, 45.808333334548564]]]}, "properties": {"company_id": "lake-victoria-gold", "jurisdiction": "Quebec", "claim_id": "", "claim_name": null, "holder": "Leopard Lake Gold Corp.", "status": "Active", "recorded_date": null, "anniversary_or_expiry": null, "area_ha": null, "tenure_type": null, "source": "GESTIM active titles (MRNF digital data dump). Not legal title.", "as_of": "2026-09-20", "role": "focus", "color": "#e8b040"}}, {"type": "Feature", "geometry": {"type": "Polygon", "coordinates": [[[-70.42500000181955, 45.80833333163344], [-70.42500000319204, 45.816666671631744], [-70.41666666606471, 45.81666667191242], [-70.41666667266016, 45.80833333262927], [-70.42500000181955, 45.80833333163344]]]}, "properties": {"company_id": "lake-victoria-gold", "jurisdiction": "Quebec", "claim_id": "", "claim_name": null, "holder": "Leopard Lake Gold Corp.", "status": "Active", "recorded_date": null, "anniversary_or_expiry": null, "area_ha": null, "tenure_type": null, "source": "GESTIM active titles (MRNF digital data dump). Not legal title.", "as_of": "2026-09-20", "role": "focus", "color": "#e8b040"}}, {"type": "Feature", "geometry": {"type": "Polygon", "coordinates": [[[-70.41666667266016, 45.80833333262927], [-70.41666666606471, 45.81666667191242], [-70.40833332962521, 45.816666667114184], [-70.4083333315402, 45.808333337699146], [-70.41666667266016, 45.80833333262927]]]}, "properties": {"company_id": "lake-victoria-gold", "jurisdiction": "Quebec", "claim_id": "", "claim_name": null, "holder": "Leopard Lake Gold Corp.", "status": "Active", "recorded_date": null, "anniversary_or_expiry": null, "area_ha": null, "tenure_type": null, "source": "GESTIM active titles (MRNF digital data dump). Not legal title.", "as_of": "2026-09-20", "role": "focus", "color": "#e8b040"}}, {"type": "Feature", "geometry": {"type": "Polygon", "coordinates": [[[-70.4083333315402, 45.808333337699146], [-70.40833332962521, 45.816666667114184], [-70.39999999409666, 45.81666666623943], [-70.40000000396013, 45.80833333753137], [-70.4083333315402, 45.808333337699146]]]}, "properties": {"company_id": "lake-victoria-gold", "jurisdiction": "Quebec", "claim_id": "", "claim_name": null, "holder": "Leopard Lake Gold Corp.", "status": "Active", "recorded_date": null, "anniversary_or_expiry": null, "area_ha": null, "tenure_type": null, "source": "GESTIM active titles (MRNF digital data dump). Not legal title.", "as_of": "2026-09-20", "role": "focus", "color": "#e8b040"}}, {"type": "Feature", "geometry": {"type": "Polygon", "coordinates": [[[-70.49999999754318, 45.81666666577203], [-70.49999999972515, 45.82500000193072], [-70.49166667256723, 45.82500000203443], [-70.49166666574389, 45.81666666680353], [-70.49999999754318, 45.81666666577203]]]}, "properties": {"company_id": "lake-victoria-gold", "jurisdiction": "Quebec", "claim_id": "", "claim_name": null, "holder": "Leopard Lake Gold Corp.", "status": "Active", "recorded_date": null, "anniversary_or_expiry": null, "area_ha": null, "tenure_type": null, "source": "GESTIM active titles (MRNF digital data dump). Not legal title.", "as_of": "2026-09-20", "role": "focus", "color": "#e8b040"}}, {"type": "Feature", "geometry": {"type": "Polygon", "coordinates": [[[-70.49166666574389, 45.81666666680353], [-70.49166667256723, 45.82500000203443], [-70.4833333335123, 45.8250000061904], [-70.48333333490768, 45.816666671714664], [-70.49166666574389, 45.81666666680353]]]}, "properties": {"company_id": "lake-victoria-gold", "jurisdiction": "Quebec", "claim_id": "", "claim_name": null, "holder": "Leopard Lake Gold Corp.", "status": "Active", "recorded_date": null, "anniversary_or_expiry": null, "area_ha": null, "tenure_type": null, "source": "GESTIM active titles (MRNF digital data dump). Not legal title.", "as_of": "2026-09-20", "role": "focus", "color": "#e8b040"}}, {"type": "Feature", "geometry": {"type": "Polygon", "coordinates": [[[-70.48333333490768, 45.816666671714664], [-70.4833333335123, 45.8250000061904], [-70.4749999951857, 45.82500000523673], [-70.47500000479033, 45.816666671512536], [-70.48333333490768, 45.816666671714664]]]}, "properties": {"company_id": "lake-victoria-gold", "jurisdiction": "Quebec", "claim_id": "", "claim_name": null, "holder": "Leopard Lake Gold Corp.", "status": "Active", "recorded_date": null, "anniversary_or_expiry": null, "area_ha": null, "tenure_type": null, "source": "GESTIM active titles (MRNF digital data dump). Not legal title.", "as_of": "2026-09-20", "role": "focus", "color": "#e8b040"}}, {"type": "Feature", "geometry": {"type": "Polygon", "coordinates": [[[-70.47500000479033, 45.816666671512536], [-70.4749999951857, 45.82500000523673], [-70.46666667045456, 45.824999999012775], [-70.46666666252159, 45.816666666366906], [-70.47500000479033, 45.816666671512536]]]}, "properties": {"company_id": "lake-victoria-gold", "jurisdiction": "Quebec", "claim_id": "", "claim_name": null, "holder": "Leopard Lake Gold Corp.", "status": "Active", "recorded_date": null, "anniversary_or_expiry": null, "area_ha": null, "tenure_type": null, "source": "GESTIM active titles (MRNF digital data dump). Not legal title.", "as_of": "2026-09-20", "role": "focus", "color": "#e8b040"}}, {"type": "Feature", "geometry": {"type": "Polygon", "coordinates": [[[-70.46666666252159, 45.816666666366906], [-70.46666667045456, 45.824999999012775], [-70.45833333404696, 45.825000005849894], [-70.4583333340693, 45.8166666649487], [-70.46666666252159, 45.816666666366906]]]}, "properties": {"company_id": "lake-victoria-gold", "jurisdiction": "Quebec", "claim_id": "", "claim_name": null, "holder": "Leopard Lake Gold Corp.", "status": "Active", "recorded_date": null, "anniversary_or_expiry": null, "area_ha": null, "tenure_type": null, "source": "GESTIM active titles (MRNF digital data dump). Not legal title.", "as_of": "2026-09-20", "role": "focus", "color": "#e8b040"}}, {"type": "Feature", "geometry": {"type": "Polygon", "coordinates": [[[-70.4583333340693, 45.8166666649487], [-70.45833333404696, 45.825000005849894], [-70.44999999812086, 45.82499999859346], [-70.44999999369128, 45.81666666759208], [-70.4583333340693, 45.8166666649487]]]}, "properties": {"company_id": "lake-victoria-gold", "jurisdiction": "Quebec", "claim_id": "", "claim_name": null, "holder": "Leopard Lake Gold Corp.", "status": "Active", "recorded_date": null, "anniversary_or_expiry": null, "area_ha": null, "tenure_type": null, "source": "GESTIM active titles (MRNF digital data dump). Not legal title.", "as_of": "2026-09-20", "role": "focus", "color": "#e8b040"}}, {"type": "Feature", "geometry": {"type": "Polygon", "coordinates": [[[-70.44999999369128, 45.81666666759208], [-70.44999999812086, 45.82499999859346], [-70.44166666337468, 45.82500000424123], [-70.44166666688453, 45.81666666497622], [-70.44999999369128, 45.81666666759208]]]}, "properties": {"company_id": "lake-victoria-gold", "jurisdiction": "Quebec", "claim_id": "", "claim_name": null, "holder": "Leopard Lake Gold Corp.", "status": "Active", "recorded_date": null, "anniversary_or_expiry": null, "area_ha": null, "tenure_type": null, "source": "GESTIM active titles (MRNF digital data dump). Not legal title.", "as_of": "2026-09-20", "role": "focus", "color": "#e8b040"}}, {"type": "Feature", "geometry": {"type": "Polygon", "coordinates": [[[-70.44166666688453, 45.81666666497622], [-70.44166666337468, 45.82500000424123], [-70.43333332933585, 45.82500000480219], [-70.43333332814174, 45.81666666642922], [-70.44166666688453, 45.81666666497622]]]}, "properties": {"company_id": "lake-victoria-gold", "jurisdiction": "Quebec", "claim_id": "", "claim_name": null, "holder": "Leopard Lake Gold Corp.", "status": "Active", "recorded_date": null, "anniversary_or_expiry": null, "area_ha": null, "tenure_type": null, "source": "GESTIM active titles (MRNF digital data dump). Not legal title.", "as_of": "2026-09-20", "role": "focus", "color": "#e8b040"}}, {"type": "Feature", "geometry": {"type": "Polygon", "coordinates": [[[-70.43333332814174, 45.81666666642922], [-70.43333332933585, 45.82500000480219], [-70.42499999600201, 45.825000000280944], [-70.42500000319204, 45.816666671631744], [-70.43333332814174, 45.81666666642922]]]}, "properties": {"company_id": "lake-victoria-gold", "jurisdiction": "Quebec", "claim_id": "", "claim_name": null, "holder": "Leopard Lake Gold Corp.", "status": "Active", "recorded_date": null, "anniversary_or_expiry": null, "area_ha": null, "tenure_type": null, "source": "GESTIM active titles (MRNF digital data dump). Not legal title.", "as_of": "2026-09-20", "role": "focus", "color": "#e8b040"}}, {"type": "Feature", "geometry": {"type": "Polygon", "coordinates": [[[-70.42500000319204, 45.816666671631744], [-70.42499999600201, 45.825000000280944], [-70.41666666359859, 45.82499999967968], [-70.41666666606471, 45.81666667191242], [-70.42500000319204, 45.816666671631744]]]}, "properties": {"company_id": "lake-victoria-gold", "jurisdiction": "Quebec", "claim_id": "", "claim_name": null, "holder": "Leopard Lake Gold Corp.", "status": "Active", "recorded_date": null, "anniversary_or_expiry": null, "area_ha": null, "tenure_type": null, "source": "GESTIM active titles (MRNF digital data dump). Not legal title.", "as_of": "2026-09-20", "role": "focus", "color": "#e8b040"}}, {"type": "Feature", "geometry": {"type": "Polygon", "coordinates": [[[-70.41666666606471, 45.81666667191242], [-70.41666666359859, 45.82499999967968], [-70.40833333211901, 45.82500000300296], [-70.40833332962521, 45.816666667114184], [-70.41666666606471, 45.81666667191242]]]}, "properties": {"company_id": "lake-victoria-gold", "jurisdiction": "Quebec", "claim_id": "", "claim_name": null, "holder": "Leopard Lake Gold Corp.", "status": "Active", "recorded_date": null, "anniversary_or_expiry": null, "area_ha": null, "tenure_type": null, "source": "GESTIM active titles (MRNF digital data dump). Not legal title.", "as_of": "2026-09-20", "role": "focus", "color": "#e8b040"}}, {"type": "Feature", "geometry": {"type": "Polygon", "coordinates": [[[-70.40833332962521, 45.816666667114184], [-70.40833333211901, 45.82500000300296], [-70.4000000013312, 45.825000001257365], [-70.39999999409666, 45.81666666623943], [-70.40833332962521, 45.816666667114184]]]}, "properties": {"company_id": "lake-victoria-gold", "jurisdiction": "Quebec", "claim_id": "", "claim_name": null, "holder": "Leopard Lake Gold Corp.", "status": "Active", "recorded_date": null, "anniversary_or_expiry": null, "area_ha": null, "tenure_type": null, "source": "GESTIM active titles (MRNF digital data dump). Not legal title.", "as_of": "2026-09-20", "role": "focus", "color": "#e8b040"}}, {"type": "Feature", "geometry": {"type": "Polygon", "coordinates": [[[-70.49999999972515, 45.82500000193072], [-70.49999999516338, 45.83333333580411], [-70.49166667247086, 45.83333333497261], [-70.49166667256723, 45.82500000203443], [-70.49999999972515, 45.82500000193072]]]}, "properties": {"company_id": "lake-victoria-gold", "jurisdiction": "Quebec", "claim_id": "", "claim_name": null, "holder": "Leopard Lake Gold Corp.", "status": "Active", "recorded_date": null, "anniversary_or_expiry": null, "area_ha": null, "tenure_type": null, "source": "GESTIM active titles (MRNF digital data dump). Not legal title.", "as_of": "2026-09-20", "role": "focus", "color": "#e8b040"}}, {"type": "Feature", "geometry": {"type": "Polygon", "coordinates": [[[-70.49166667256723, 45.82500000203443], [-70.49166667247086, 45.83333333497261], [-70.48333333788922, 45.83333333819893], [-70.4833333335123, 45.8250000061904], [-70.49166667256723, 45.82500000203443]]]}, "properties": {"company_id": "lake-victoria-gold", "jurisdiction": "Quebec", "claim_id": "", "claim_name": null, "holder": "Leopard Lake Gold Corp.", "status": "Active", "recorded_date": null, "anniversary_or_expiry": null, "area_ha": null, "tenure_type": null, "source": "GESTIM active titles (MRNF digital data dump). Not legal title.", "as_of": "2026-09-20", "role": "focus", "color": "#e8b040"}}, {"type": "Feature", "geometry": {"type": "Polygon", "coordinates": [[[-70.4833333335123, 45.8250000061904], [-70.48333333788922, 45.83333333819893], [-70.47500000404538, 45.83333333632114], [-70.4749999951857, 45.82500000523673], [-70.4833333335123, 45.8250000061904]]]}, "properties": {"company_id": "lake-victoria-gold", "jurisdiction": "Quebec", "claim_id": "", "claim_name": null, "holder": "Leopard Lake Gold Corp.", "status": "Active", "recorded_date": null, "anniversary_or_expiry": null, "area_ha": null, "tenure_type": null, "source": "GESTIM active titles (MRNF digital data dump). Not legal title.", "as_of": "2026-09-20", "role": "focus", "color": "#e8b040"}}, {"type": "Feature", "geometry": {"type": "Polygon", "coordinates": [[[-70.4749999951857, 45.82500000523673], [-70.47500000404538, 45.83333333632114], [-70.46666667117317, 45.833333338341504], [-70.46666667045456, 45.824999999012775], [-70.4749999951857, 45.82500000523673]]]}, "properties": {"company_id": "lake-victoria-gold", "jurisdiction": "Quebec", "claim_id": "", "claim_name": null, "holder": "Leopard Lake Gold Corp.", "status": "Active", "recorded_date": null, "anniversary_or_expiry": null, "area_ha": null, "tenure_type": null, "source": "GESTIM active titles (MRNF digital data dump). Not legal title.", "as_of": "2026-09-20", "role": "focus", "color": "#e8b040"}}, {"type": "Feature", "geometry": {"type": "Polygon", "coordinates": [[[-70.46666667045456, 45.824999999012775], [-70.46666667117317, 45.833333338341504], [-70.45833333903099, 45.833333335266964], [-70.45833333404696, 45.825000005849894], [-70.46666667045456, 45.824999999012775]]]}, "properties": {"company_id": "lake-victoria-gold", "jurisdiction": "Quebec", "claim_id": "", "claim_name": null, "holder": "Leopard Lake Gold Corp.", "status": "Active", "recorded_date": null, "anniversary_or_expiry": null, "area_ha": null, "tenure_type": null, "source": "GESTIM active titles (MRNF digital data dump). Not legal title.", "as_of": "2026-09-20", "role": "focus", "color": "#e8b040"}}, {"type": "Feature", "geometry": {"type": "Polygon", "coordinates": [[[-70.45833333404696, 45.825000005849894], [-70.45833333903099, 45.833333335266964], [-70.44999999497787, 45.83333333626315], [-70.44999999812086, 45.82499999859346], [-70.45833333404696, 45.825000005849894]]]}, "properties": {"company_id": "lake-victoria-gold", "jurisdiction": "Quebec", "claim_id": "", "claim_name": null, "holder": "Leopard Lake Gold Corp.", "status": "Active", "recorded_date": null, "anniversary_or_expiry": null, "area_ha": null, "tenure_type": null, "source": "GESTIM active titles (MRNF digital data dump). Not legal title.", "as_of": "2026-09-20", "role": "focus", "color": "#e8b040"}}, {"type": "Feature", "geometry": {"type": "Polygon", "coordinates": [[[-70.44999999812086, 45.82499999859346], [-70.44999999497787, 45.83333333626315], [-70.44166666451859, 45.83333333200935], [-70.44166666337468, 45.82500000424123], [-70.44999999812086, 45.82499999859346]]]}, "properties": {"company_id": "lake-victoria-gold", "jurisdiction": "Quebec", "claim_id": "", "claim_name": null, "holder": "Leopard Lake Gold Corp.", "status": "Active", "recorded_date": null, "anniversary_or_expiry": null, "area_ha": null, "tenure_type": null, "source": "GESTIM active titles (MRNF digital data dump). Not legal title.", "as_of": "2026-09-20", "role": "focus", "color": "#e8b040"}}, {"type": "Feature", "geometry": {"type": "Polygon", "coordinates": [[[-70.44166666337468, 45.82500000424123], [-70.44166666451859, 45.83333333200935], [-70.43333333500955, 45.83333333167201], [-70.43333332933585, 45.82500000480219], [-70.44166666337468, 45.82500000424123]]]}, "properties": {"company_id": "lake-victoria-gold", "jurisdiction": "Quebec", "claim_id": "", "claim_name": null, "holder": "Leopard Lake Gold Corp.", "status": "Active", "recorded_date": null, "anniversary_or_expiry": null, "area_ha": null, "tenure_type": null, "source": "GESTIM active titles (MRNF digital data dump). Not legal title.", "as_of": "2026-09-20", "role": "focus", "color": "#e8b040"}}, {"type": "Feature", "geometry": {"type": "Polygon", "coordinates": [[[-70.43333332933585, 45.82500000480219], [-70.43333333500955, 45.83333333167201], [-70.42500000644428, 45.83333333525583], [-70.42499999600201, 45.825000000280944], [-70.43333332933585, 45.82500000480219]]]}, "properties": {"company_id": "lake-victoria-gold", "jurisdiction": "Quebec", "claim_id": "", "claim_name": null, "holder": "Leopard Lake Gold Corp.", "status": "Active", "recorded_date": null, "anniversary_or_expiry": null, "area_ha": null, "tenure_type": null, "source": "GESTIM active titles (MRNF digital data dump). Not legal title.", "as_of": "2026-09-20", "role": "focus", "color": "#e8b040"}}, {"type": "Feature", "geometry": {"type": "Polygon", "coordinates": [[[-70.42499999600201, 45.825000000280944], [-70.42500000644428, 45.83333333525583], [-70.4166666657159, 45.83333333392699], [-70.41666666359859, 45.82499999967968], [-70.42499999600201, 45.825000000280944]]]}, "properties": {"company_id": "lake-victoria-gold", "jurisdiction": "Quebec", "claim_id": "", "claim_name": null, "holder": "Leopard Lake Gold Corp.", "status": "Active", "recorded_date": null, "anniversary_or_expiry": null, "area_ha": null, "tenure_type": null, "source": "GESTIM active titles (MRNF digital data dump). Not legal title.", "as_of": "2026-09-20", "role": "focus", "color": "#e8b040"}}, {"type": "Feature", "geometry": {"type": "Polygon", "coordinates": [[[-70.41666666359859, 45.82499999967968], [-70.4166666657159, 45.83333333392699], [-70.40833333879232, 45.83333333636765], [-70.40833333211901, 45.82500000300296], [-70.41666666359859, 45.82499999967968]]]}, "properties": {"company_id": "lake-victoria-gold", "jurisdiction": "Quebec", "claim_id": "", "claim_name": null, "holder": "Leopard Lake Gold Corp.", "status": "Active", "recorded_date": null, "anniversary_or_expiry": null, "area_ha": null, "tenure_type": null, "source": "GESTIM active titles (MRNF digital data dump). Not legal title.", "as_of": "2026-09-20", "role": "focus", "color": "#e8b040"}}, {"type": "Feature", "geometry": {"type": "Polygon", "coordinates": [[[-70.40833333211901, 45.82500000300296], [-70.40833333879232, 45.83333333636765], [-70.39999999969761, 45.833333333902765], [-70.4000000013312, 45.825000001257365], [-70.40833333211901, 45.82500000300296]]]}, "properties": {"company_id": "lake-victoria-gold", "jurisdiction": "Quebec", "claim_id": "", "claim_name": null, "holder": "Leopard Lake Gold Corp.", "status": "Active", "recorded_date": null, "anniversary_or_expiry": null, "area_ha": null, "tenure_type": null, "source": "GESTIM active titles (MRNF digital data dump). Not legal title.", "as_of": "2026-09-20", "role": "focus", "color": "#e8b040"}}, {"type": "Feature", "geometry": {"type": "Polygon", "coordinates": [[[-70.49166667247086, 45.83333333497261], [-70.4916666654472, 45.841666665618256], [-70.4833333351629, 45.84166666790752], [-70.48333333788922, 45.83333333819893], [-70.49166667247086, 45.83333333497261]]]}, "properties": {"company_id": "lake-victoria-gold", "jurisdiction": "Quebec", "claim_id": "", "claim_name": null, "holder": "Leopard Lake Gold Corp.", "status": "Active", "recorded_date": null, "anniversary_or_expiry": null, "area_ha": null, "tenure_type": null, "source": "GESTIM active titles (MRNF digital data dump). Not legal title.", "as_of": "2026-09-20", "role": "focus", "color": "#e8b040"}}, {"type": "Feature", "geometry": {"type": "Polygon", "coordinates": [[[-70.48333333788922, 45.83333333819893], [-70.4833333351629, 45.84166666790752], [-70.47500000562606, 45.84166666509823], [-70.47500000404538, 45.83333333632114], [-70.48333333788922, 45.83333333819893]]]}, "properties": {"company_id": "lake-victoria-gold", "jurisdiction": "Quebec", "claim_id": "", "claim_name": null, "holder": "Leopard Lake Gold Corp.", "status": "Active", "recorded_date": null, "anniversary_or_expiry": null, "area_ha": null, "tenure_type": null, "source": "GESTIM active titles (MRNF digital data dump). Not legal title.", "as_of": "2026-09-20", "role": "focus", "color": "#e8b040"}}, {"type": "Feature", "geometry": {"type": "Polygon", "coordinates": [[[-70.47500000404538, 45.83333333632114], [-70.47500000562606, 45.84166666509823], [-70.46666666419674, 45.8416666663579], [-70.46666667117317, 45.833333338341504], [-70.47500000404538, 45.83333333632114]]]}, "properties": {"company_id": "lake-victoria-gold", "jurisdiction": "Quebec", "claim_id": "", "claim_name": null, "holder": "Leopard Lake Gold Corp.", "status": "Active", "recorded_date": null, "anniversary_or_expiry": null, "area_ha": null, "tenure_type": null, "source": "GESTIM active titles (MRNF digital data dump). Not legal title.", "as_of": "2026-09-20", "role": "focus", "color": "#e8b040"}}, {"type": "Feature", "geometry": {"type": "Polygon", "coordinates": [[[-70.46666667117317, 45.833333338341504], [-70.46666666419674, 45.8416666663579], [-70.45833333661548, 45.84166667135975], [-70.45833333903099, 45.833333335266964], [-70.46666667117317, 45.833333338341504]]]}, "properties": {"company_id": "lake-victoria-gold", "jurisdiction": "Quebec", "claim_id": "", "claim_name": null, "holder": "Leopard Lake Gold Corp.", "status": "Active", "recorded_date": null, "anniversary_or_expiry": null, "area_ha": null, "tenure_type": null, "source": "GESTIM active titles (MRNF digital data dump). Not legal title.", "as_of": "2026-09-20", "role": "focus", "color": "#e8b040"}}, {"type": "Feature", "geometry": {"type": "Polygon", "coordinates": [[[-70.45833333903099, 45.833333335266964], [-70.45833333661548, 45.84166667135975], [-70.44999999689453, 45.841666671440265], [-70.44999999497787, 45.83333333626315], [-70.45833333903099, 45.833333335266964]]]}, "properties": {"company_id": "lake-victoria-gold", "jurisdiction": "Quebec", "claim_id": "", "claim_name": null, "holder": "Leopard Lake Gold Corp.", "status": "Active", "recorded_date": null, "anniversary_or_expiry": null, "area_ha": null, "tenure_type": null, "source": "GESTIM active titles (MRNF digital data dump). Not legal title.", "as_of": "2026-09-20", "role": "focus", "color": "#e8b040"}}, {"type": "Feature", "geometry": {"type": "Polygon", "coordinates": [[[-70.44999999497787, 45.83333333626315], [-70.44999999689453, 45.841666671440265], [-70.44166667077853, 45.84166666627628], [-70.44166666451859, 45.83333333200935], [-70.44999999497787, 45.83333333626315]]]}, "properties": {"company_id": "lake-victoria-gold", "jurisdiction": "Quebec", "claim_id": "", "claim_name": null, "holder": "Leopard Lake Gold Corp.", "status": "Active", "recorded_date": null, "anniversary_or_expiry": null, "area_ha": null, "tenure_type": null, "source": "GESTIM active titles (MRNF digital data dump). Not legal title.", "as_of": "2026-09-20", "role": "focus", "color": "#e8b040"}}, {"type": "Feature", "geometry": {"type": "Polygon", "coordinates": [[[-70.44166666451859, 45.83333333200935], [-70.44166667077853, 45.84166666627628], [-70.43333333274843, 45.84166666519593], [-70.43333333500955, 45.83333333167201], [-70.44166666451859, 45.83333333200935]]]}, "properties": {"company_id": "lake-victoria-gold", "jurisdiction": "Quebec", "claim_id": "", "claim_name": null, "holder": "Leopard Lake Gold Corp.", "status": "Active", "recorded_date": null, "anniversary_or_expiry": null, "area_ha": null, "tenure_type": null, "source": "GESTIM active titles (MRNF digital data dump). Not legal title.", "as_of": "2026-09-20", "role": "focus", "color": "#e8b040"}}, {"type": "Feature", "geometry": {"type": "Polygon", "coordinates": [[[-70.43333333500955, 45.83333333167201], [-70.43333333274843, 45.84166666519593], [-70.42499999567127, 45.84166666804029], [-70.42500000644428, 45.83333333525583], [-70.43333333500955, 45.83333333167201]]]}, "properties": {"company_id": "lake-victoria-gold", "jurisdiction": "Quebec", "claim_id": "", "claim_name": null, "holder": "Leopard Lake Gold Corp.", "status": "Active", "recorded_date": null, "anniversary_or_expiry": null, "area_ha": null, "tenure_type": null, "source": "GESTIM active titles (MRNF digital data dump). Not legal title.", "as_of": "2026-09-20", "role": "focus", "color": "#e8b040"}}, {"type": "Feature", "geometry": {"type": "Polygon", "coordinates": [[[-70.42500000644428, 45.83333333525583], [-70.42499999567127, 45.84166666804029], [-70.4166666721858, 45.841666665656525], [-70.4166666657159, 45.83333333392699], [-70.42500000644428, 45.83333333525583]]]}, "properties": {"company_id": "lake-victoria-gold", "jurisdiction": "Quebec", "claim_id": "", "claim_name": null, "holder": "Leopard Lake Gold Corp.", "status": "Active", "recorded_date": null, "anniversary_or_expiry": null, "area_ha": null, "tenure_type": null, "source": "GESTIM active titles (MRNF digital data dump). Not legal title.", "as_of": "2026-09-20", "role": "focus", "color": "#e8b040"}}, {"type": "Feature", "geometry": {"type": "Polygon", "coordinates": [[[-70.4166666657159, 45.83333333392699], [-70.4166666721858, 45.841666665656525], [-70.40833333676865, 45.84166666736705], [-70.40833333879232, 45.83333333636765], [-70.4166666657159, 45.83333333392699]]]}, "properties": {"company_id": "lake-victoria-gold", "jurisdiction": "Quebec", "claim_id": "", "claim_name": null, "holder": "Leopard Lake Gold Corp.", "status": "Active", "recorded_date": null, "anniversary_or_expiry": null, "area_ha": null, "tenure_type": null, "source": "GESTIM active titles (MRNF digital data dump). Not legal title.", "as_of": "2026-09-20", "role": "focus", "color": "#e8b040"}}, {"type": "Feature", "geometry": {"type": "Polygon", "coordinates": [[[-70.4833333351629, 45.84166666790752], [-70.48333333844019, 45.850000004146715], [-70.47500000015762, 45.85000000056577], [-70.47500000562606, 45.84166666509823], [-70.4833333351629, 45.84166666790752]]]}, "properties": {"company_id": "lake-victoria-gold", "jurisdiction": "Quebec", "claim_id": "", "claim_name": null, "holder": "Leopard Lake Gold Corp.", "status": "Active", "recorded_date": null, "anniversary_or_expiry": null, "area_ha": null, "tenure_type": null, "source": "GESTIM active titles (MRNF digital data dump). Not legal title.", "as_of": "2026-09-20", "role": "focus", "color": "#e8b040"}}, {"type": "Feature", "geometry": {"type": "Polygon", "coordinates": [[[-70.47500000562606, 45.84166666509823], [-70.47500000015762, 45.85000000056577], [-70.46666666286576, 45.85000000089222], [-70.46666666419674, 45.8416666663579], [-70.47500000562606, 45.84166666509823]]]}, "properties": {"company_id": "lake-victoria-gold", "jurisdiction": "Quebec", "claim_id": "", "claim_name": null, "holder": "Leopard Lake Gold Corp.", "status": "Active", "recorded_date": null, "anniversary_or_expiry": null, "area_ha": null, "tenure_type": null, "source": "GESTIM active titles (MRNF digital data dump). Not legal title.", "as_of": "2026-09-20", "role": "focus", "color": "#e8b040"}}, {"type": "Feature", "geometry": {"type": "Polygon", "coordinates": [[[-70.46666666419674, 45.8416666663579], [-70.46666666286576, 45.85000000089222], [-70.45833333943327, 45.850000004966404], [-70.45833333661548, 45.84166667135975], [-70.46666666419674, 45.8416666663579]]]}, "properties": {"company_id": "lake-victoria-gold", "jurisdiction": "Quebec", "claim_id": "", "claim_name": null, "holder": "Leopard Lake Gold Corp.", "status": "Active", "recorded_date": null, "anniversary_or_expiry": null, "area_ha": null, "tenure_type": null, "source": "GESTIM active titles (MRNF digital data dump). Not legal title.", "as_of": "2026-09-20", "role": "focus", "color": "#e8b040"}}, {"type": "Feature", "geometry": {"type": "Polygon", "coordinates": [[[-70.45833333661548, 45.84166667135975], [-70.45833333943327, 45.850000004966404], [-70.45000000386862, 45.850000004124894], [-70.44999999689453, 45.841666671440265], [-70.45833333661548, 45.84166667135975]]]}, "properties": {"company_id": "lake-victoria-gold", "jurisdiction": "Quebec", "claim_id": "", "claim_name": null, "holder": "Leopard Lake Gold Corp.", "status": "Active", "recorded_date": null, "anniversary_or_expiry": null, "area_ha": null, "tenure_type": null, "source": "GESTIM active titles (MRNF digital data dump). Not legal title.", "as_of": "2026-09-20", "role": "focus", "color": "#e8b040"}}, {"type": "Feature", "geometry": {"type": "Polygon", "coordinates": [[[-70.44999999689453, 45.841666671440265], [-70.45000000386862, 45.850000004124894], [-70.44166666904447, 45.849999998206904], [-70.44166667077853, 45.84166666627628], [-70.44999999689453, 45.841666671440265]]]}, "properties": {"company_id": "lake-victoria-gold", "jurisdiction": "Quebec", "claim_id": "", "claim_name": null, "holder": "Leopard Lake Gold Corp.", "status": "Active", "recorded_date": null, "anniversary_or_expiry": null, "area_ha": null, "tenure_type": null, "source": "GESTIM active titles (MRNF digital data dump). Not legal title.", "as_of": "2026-09-20", "role": "focus", "color": "#e8b040"}}, {"type": "Feature", "geometry": {"type": "Polygon", "coordinates": [[[-70.44166667077853, 45.84166666627628], [-70.44166666904447, 45.849999998206904], [-70.43333333542047, 45.850000005212465], [-70.43333333274843, 45.84166666519593], [-70.44166667077853, 45.84166666627628]]]}, "properties": {"company_id": "lake-victoria-gold", "jurisdiction": "Quebec", "claim_id": "", "claim_name": null, "holder": "Leopard Lake Gold Corp.", "status": "Active", "recorded_date": null, "anniversary_or_expiry": null, "area_ha": null, "tenure_type": null, "source": "GESTIM active titles (MRNF digital data dump). Not legal title.", "as_of": "2026-09-20", "role": "focus", "color": "#e8b040"}}, {"type": "Feature", "geometry": {"type": "Polygon", "coordinates": [[[-70.43333333274843, 45.84166666519593], [-70.43333333542047, 45.850000005212465], [-70.42500000229631, 45.849999998152875], [-70.42499999567127, 45.84166666804029], [-70.43333333274843, 45.84166666519593]]]}, "properties": {"company_id": "lake-victoria-gold", "jurisdiction": "Quebec", "claim_id": "", "claim_name": null, "holder": "Leopard Lake Gold Corp.", "status": "Active", "recorded_date": null, "anniversary_or_expiry": null, "area_ha": null, "tenure_type": null, "source": "GESTIM active titles (MRNF digital data dump). Not legal title.", "as_of": "2026-09-20", "role": "focus", "color": "#e8b040"}}, {"type": "Feature", "geometry": {"type": "Polygon", "coordinates": [[[-70.42499999567127, 45.84166666804029], [-70.42500000229631, 45.849999998152875], [-70.41666667035881, 45.850000004025894], [-70.4166666721858, 45.841666665656525], [-70.42499999567127, 45.84166666804029]]]}, "properties": {"company_id": "lake-victoria-gold", "jurisdiction": "Quebec", "claim_id": "", "claim_name": null, "holder": "Leopard Lake Gold Corp.", "status": "Active", "recorded_date": null, "anniversary_or_expiry": null, "area_ha": null, "tenure_type": null, "source": "GESTIM active titles (MRNF digital data dump). Not legal title.", "as_of": "2026-09-20", "role": "focus", "color": "#e8b040"}}, {"type": "Feature", "geometry": {"type": "Polygon", "coordinates": [[[-70.46666666286576, 45.85000000089222], [-70.46666666694153, 45.85833333294688], [-70.4583333346046, 45.8583333362514], [-70.45833333943327, 45.850000004966404], [-70.46666666286576, 45.85000000089222]]]}, "properties": {"company_id": "lake-victoria-gold", "jurisdiction": "Quebec", "claim_id": "", "claim_name": null, "holder": "Leopard Lake Gold Corp.", "status": "Active", "recorded_date": null, "anniversary_or_expiry": null, "area_ha": null, "tenure_type": null, "source": "GESTIM active titles (MRNF digital data dump). Not legal title.", "as_of": "2026-09-20", "role": "focus", "color": "#e8b040"}}, {"type": "Feature", "geometry": {"type": "Polygon", "coordinates": [[[-70.45833333943327, 45.850000004966404], [-70.4583333346046, 45.8583333362514], [-70.45000000302024, 45.8583333344805], [-70.45000000386862, 45.850000004124894], [-70.45833333943327, 45.850000004966404]]]}, "properties": {"company_id": "lake-victoria-gold", "jurisdiction": "Quebec", "claim_id": "", "claim_name": null, "holder": "Leopard Lake Gold Corp.", "status": "Active", "recorded_date": null, "anniversary_or_expiry": null, "area_ha": null, "tenure_type": null, "source": "GESTIM active titles (MRNF digital data dump). Not legal title.", "as_of": "2026-09-20", "role": "focus", "color": "#e8b040"}}, {"type": "Feature", "geometry": {"type": "Polygon", "coordinates": [[[-70.45000000386862, 45.850000004124894], [-70.45000000302024, 45.8583333344805], [-70.44166667241835, 45.858333336636505], [-70.44166666904447, 45.849999998206904], [-70.45000000386862, 45.850000004124894]]]}, "properties": {"company_id": "lake-victoria-gold", "jurisdiction": "Quebec", "claim_id": "", "claim_name": null, "holder": "Leopard Lake Gold Corp.", "status": "Active", "recorded_date": null, "anniversary_or_expiry": null, "area_ha": null, "tenure_type": null, "source": "GESTIM active titles (MRNF digital data dump). Not legal title.", "as_of": "2026-09-20", "role": "focus", "color": "#e8b040"}}, {"type": "Feature", "geometry": {"type": "Polygon", "coordinates": [[[-70.44166666904447, 45.849999998206904], [-70.44166667241835, 45.858333336636505], [-70.43333332968324, 45.85833333388778], [-70.43333333542047, 45.850000005212465], [-70.44166666904447, 45.849999998206904]]]}, "properties": {"company_id": "lake-victoria-gold", "jurisdiction": "Quebec", "claim_id": "", "claim_name": null, "holder": "Leopard Lake Gold Corp.", "status": "Active", "recorded_date": null, "anniversary_or_expiry": null, "area_ha": null, "tenure_type": null, "source": "GESTIM active titles (MRNF digital data dump). Not legal title.", "as_of": "2026-09-20", "role": "focus", "color": "#e8b040"}}, {"type": "Feature", "geometry": {"type": "Polygon", "coordinates": [[[-70.43333333542047, 45.850000005212465], [-70.43333332968324, 45.85833333388778], [-70.42500000079717, 45.85833333491251], [-70.42500000229631, 45.849999998152875], [-70.43333333542047, 45.850000005212465]]]}, "properties": {"company_id": "lake-victoria-gold", "jurisdiction": "Quebec", "claim_id": "", "claim_name": null, "holder": "Leopard Lake Gold Corp.", "status": "Active", "recorded_date": null, "anniversary_or_expiry": null, "area_ha": null, "tenure_type": null, "source": "GESTIM active titles (MRNF digital data dump). Not legal title.", "as_of": "2026-09-20", "role": "focus", "color": "#e8b040"}}, {"type": "Feature", "geometry": {"type": "Polygon", "coordinates": [[[-70.42500000229631, 45.849999998152875], [-70.42500000079717, 45.85833333491251], [-70.4166666726473, 45.85833333087996], [-70.41666667035881, 45.850000004025894], [-70.42500000229631, 45.849999998152875]]]}, "properties": {"company_id": "lake-victoria-gold", "jurisdiction": "Quebec", "claim_id": "", "claim_name": null, "holder": "Leopard Lake Gold Corp.", "status": "Active", "recorded_date": null, "anniversary_or_expiry": null, "area_ha": null, "tenure_type": null, "source": "GESTIM active titles (MRNF digital data dump). Not legal title.", "as_of": "2026-09-20", "role": "focus", "color": "#e8b040"}}, {"type": "Feature", "geometry": {"type": "Polygon", "coordinates": [[[-70.46666666694153, 45.85833333294688], [-70.4666666637794, 45.86666667168492], [-70.45833333500077, 45.86666666505046], [-70.4583333346046, 45.8583333362514], [-70.46666666694153, 45.85833333294688]]]}, "properties": {"company_id": "lake-victoria-gold", "jurisdiction": "Quebec", "claim_id": "", "claim_name": null, "holder": "Leopard Lake Gold Corp.", "status": "Active", "recorded_date": null, "anniversary_or_expiry": null, "area_ha": null, "tenure_type": null, "source": "GESTIM active titles (MRNF digital data dump). Not legal title.", "as_of": "2026-09-20", "role": "focus", "color": "#e8b040"}}, {"type": "Feature", "geometry": {"type": "Polygon", "coordinates": [[[-70.4583333346046, 45.8583333362514], [-70.45833333500077, 45.86666666505046], [-70.44999999457534, 45.866666671505], [-70.45000000302024, 45.8583333344805], [-70.4583333346046, 45.8583333362514]]]}, "properties": {"company_id": "lake-victoria-gold", "jurisdiction": "Quebec", "claim_id": "", "claim_name": null, "holder": "Leopard Lake Gold Corp.", "status": "Active", "recorded_date": null, "anniversary_or_expiry": null, "area_ha": null, "tenure_type": null, "source": "GESTIM active titles (MRNF digital data dump). Not legal title.", "as_of": "2026-09-20", "role": "focus", "color": "#e8b040"}}, {"type": "Feature", "geometry": {"type": "Polygon", "coordinates": [[[-70.45000000302024, 45.8583333344805], [-70.44999999457534, 45.866666671505], [-70.44166666778587, 45.86666667273001], [-70.44166667241835, 45.858333336636505], [-70.45000000302024, 45.8583333344805]]]}, "properties": {"company_id": "lake-victoria-gold", "jurisdiction": "Quebec", "claim_id": "", "claim_name": null, "holder": "Leopard Lake Gold Corp.", "status": "Active", "recorded_date": null, "anniversary_or_expiry": null, "area_ha": null, "tenure_type": null, "source": "GESTIM active titles (MRNF digital data dump). Not legal title.", "as_of": "2026-09-20", "role": "focus", "color": "#e8b040"}}, {"type": "Feature", "geometry": {"type": "Polygon", "coordinates": [[[-70.44166667241835, 45.858333336636505], [-70.44166666778587, 45.86666667273001], [-70.43333332887049, 45.86666666905599], [-70.43333332968324, 45.85833333388778], [-70.44166667241835, 45.858333336636505]]]}, "properties": {"company_id": "lake-victoria-gold", "jurisdiction": "Quebec", "claim_id": "", "claim_name": null, "holder": "Leopard Lake Gold Corp.", "status": "Active", "recorded_date": null, "anniversary_or_expiry": null, "area_ha": null, "tenure_type": null, "source": "GESTIM active titles (MRNF digital data dump). Not legal title.", "as_of": "2026-09-20", "role": "focus", "color": "#e8b040"}}, {"type": "Feature", "geometry": {"type": "Polygon", "coordinates": [[[-70.43333332968324, 45.85833333388778], [-70.43333332887049, 45.86666666905599], [-70.4250000038155, 45.866666669161006], [-70.42500000079717, 45.85833333491251], [-70.43333332968324, 45.85833333388778]]]}, "properties": {"company_id": "lake-victoria-gold", "jurisdiction": "Quebec", "claim_id": "", "claim_name": null, "holder": "Leopard Lake Gold Corp.", "status": "Active", "recorded_date": null, "anniversary_or_expiry": null, "area_ha": null, "tenure_type": null, "source": "GESTIM active titles (MRNF digital data dump). Not legal title.", "as_of": "2026-09-20", "role": "focus", "color": "#e8b040"}}, {"type": "Feature", "geometry": {"type": "Polygon", "coordinates": [[[-70.4666666637794, 45.86666667168492], [-70.46666666577939, 45.87499999894599], [-70.45833332797379, 45.87500000052582], [-70.45833333500077, 45.86666666505046], [-70.4666666637794, 45.86666667168492]]]}, "properties": {"company_id": "lake-victoria-gold", "jurisdiction": "Quebec", "claim_id": "", "claim_name": null, "holder": "Leopard Lake Gold Corp.", "status": "Active", "recorded_date": null, "anniversary_or_expiry": null, "area_ha": null, "tenure_type": null, "source": "GESTIM active titles (MRNF digital data dump). Not legal title.", "as_of": "2026-09-20", "role": "focus", "color": "#e8b040"}}, {"type": "Feature", "geometry": {"type": "Polygon", "coordinates": [[[-70.44166666778587, 45.86666667273001], [-70.4416666680205, 45.8750000063251], [-70.43333333274899, 45.87500000171947], [-70.43333332887049, 45.86666666905599], [-70.44166666778587, 45.86666667273001]]]}, "properties": {"company_id": "lake-victoria-gold", "jurisdiction": "Quebec", "claim_id": "", "claim_name": null, "holder": "Leopard Lake Gold Corp.", "status": "Active", "recorded_date": null, "anniversary_or_expiry": null, "area_ha": null, "tenure_type": null, "source": "GESTIM active titles (MRNF digital data dump). Not legal title.", "as_of": "2026-09-20", "role": "focus", "color": "#e8b040"}}, {"type": "Feature", "geometry": {"type": "Polygon", "coordinates": [[[-70.4416666680205, 45.8750000063251], [-70.44166667311983, 45.883333337421845], [-70.43333332843264, 45.88333333203989], [-70.43333333274899, 45.87500000171947], [-70.4416666680205, 45.8750000063251]]]}, "properties": {"company_id": "lake-victoria-gold", "jurisdiction": "Quebec", "claim_id": "", "claim_name": null, "holder": "Leopard Lake Gold Corp.", "status": "Active", "recorded_date": null, "anniversary_or_expiry": null, "area_ha": null, "tenure_type": null, "source": "GESTIM active titles (MRNF digital data dump). Not legal title.", "as_of": "2026-09-20", "role": "focus", "color": "#e8b040"}}, {"type": "Feature", "geometry": {"type": "Polygon", "coordinates": [[[-70.45833332980338, 45.8916666730173], [-70.45833333842009, 45.900000001036034], [-70.44999999855055, 45.900000003844205], [-70.44999999948986, 45.89166666762631], [-70.45833332980338, 45.8916666730173]]]}, "properties": {"company_id": "lake-victoria-gold", "jurisdiction": "Quebec", "claim_id": "", "claim_name": null, "holder": "Leopard Lake Gold Corp.", "status": "Active", "recorded_date": null, "anniversary_or_expiry": null, "area_ha": null, "tenure_type": null, "source": "GESTIM active titles (MRNF digital data dump). Not legal title.", "as_of": "2026-09-20", "role": "focus", "color": "#e8b040"}}, {"type": "Feature", "geometry": {"type": "Polygon", "coordinates": [[[-70.401979171162, 45.75833338779763], [-70.40833332883143, 45.75833333645653], [-70.40833332724415, 45.76666667170412], [-70.40647002268312, 45.76666672272144], [-70.4064777552889, 45.765966662636956], [-70.40632219055671, 45.764686112974566], [-70.40698335645621, 45.763847235112756], [-70.4070027731085, 45.76360276871745], [-70.40709446460102, 45.76322777277526], [-70.4070277703893, 45.762527786626656], [-70.4064778084263, 45.76198610292595], [-70.405447203936, 45.76139445517447], [-70.40506390579661, 45.760969438399776], [-70.40346111578202, 45.75951943733127], [-70.40291666090911, 45.75898888108739], [-70.4025083082286, 45.758738887611074], [-70.40217777088502, 45.75849720499216], [-70.401979171162, 45.75833338779763]]]}, "properties": {"company_id": "lake-victoria-gold", "jurisdiction": "Quebec", "claim_id": "", "claim_name": null, "holder": "Leopard Lake Gold Corp.", "status": "Active", "recorded_date": null, "anniversary_or_expiry": null, "area_ha": null, "tenure_type": null, "source": "GESTIM active titles (MRNF digital data dump). Not legal title.", "as_of": "2026-09-20", "role": "focus", "color": "#e8b040"}}, {"type": "Feature", "geometry": {"type": "Polygon", "coordinates": [[[-70.42500000014546, 45.7833333328794], [-70.42500000052144, 45.79166667125526], [-70.4166666608029, 45.79166666498298], [-70.41666666808713, 45.783333336300565], [-70.42500000014546, 45.7833333328794]]]}, "properties": {"company_id": "lake-victoria-gold", "jurisdiction": "Quebec", "claim_id": "", "claim_name": null, "holder": "Leopard Lake Gold Corp.", "status": "Active", "recorded_date": null, "anniversary_or_expiry": null, "area_ha": null, "tenure_type": null, "source": "GESTIM active titles (MRNF digital data dump). Not legal title.", "as_of": "2026-09-20", "role": "focus", "color": "#e8b040"}}, {"type": "Feature", "geometry": {"type": "Polygon", "coordinates": [[[-70.49866998808989, 45.80000004345208], [-70.49166666860195, 45.80262000016958], [-70.49166667020091, 45.79999999795656], [-70.49866998808989, 45.80000004345208]]]}, "properties": {"company_id": "lake-victoria-gold", "jurisdiction": "Quebec", "claim_id": "", "claim_name": null, "holder": "Leopard Lake Gold Corp.", "status": "Active", "recorded_date": null, "anniversary_or_expiry": null, "area_ha": null, "tenure_type": null, "source": "GESTIM active titles (MRNF digital data dump). Not legal title.", "as_of": "2026-09-20", "role": "focus", "color": "#e8b040"}}, {"type": "Feature", "geometry": {"type": "Polygon", "coordinates": [[[-70.41666667097961, 45.79999999998548], [-70.41666667266016, 45.80833333262927], [-70.4083333315402, 45.808333337699146], [-70.40833333763955, 45.800000005759735], [-70.41666667097961, 45.79999999998548]]]}, "properties": {"company_id": "lake-victoria-gold", "jurisdiction": "Quebec", "claim_id": "", "claim_name": null, "holder": "Leopard Lake Gold Corp.", "status": "Active", "recorded_date": null, "anniversary_or_expiry": null, "area_ha": null, "tenure_type": null, "source": "GESTIM active titles (MRNF digital data dump). Not legal title.", "as_of": "2026-09-20", "role": "focus", "color": "#e8b040"}}, {"type": "Feature", "geometry": {"type": "Polygon", "coordinates": [[[-70.40833333763955, 45.800000005759735], [-70.4083333315402, 45.808333337699146], [-70.40000000396013, 45.80833333753137], [-70.40000000473881, 45.79999999745252], [-70.40833333763955, 45.800000005759735]]]}, "properties": {"company_id": "lake-victoria-gold", "jurisdiction": "Quebec", "claim_id": "", "claim_name": null, "holder": "Leopard Lake Gold Corp.", "status": "Active", "recorded_date": null, "anniversary_or_expiry": null, "area_ha": null, "tenure_type": null, "source": "GESTIM active titles (MRNF digital data dump). Not legal title.", "as_of": "2026-09-20", "role": "focus", "color": "#e8b040"}}, {"type": "Feature", "geometry": {"type": "Polygon", "coordinates": [[[-70.48333333345529, 45.762965343009256], [-70.48333332841791, 45.75833333561268], [-70.49166667126896, 45.75833333376627], [-70.49636286422441, 45.75833340876492], [-70.48333333345529, 45.762965343009256]]]}, "properties": {"company_id": "lake-victoria-gold", "jurisdiction": "Quebec", "claim_id": "", "claim_name": null, "holder": "Leopard Lake Gold Corp.", "status": "Active", "recorded_date": null, "anniversary_or_expiry": null, "area_ha": null, "tenure_type": null, "source": "GESTIM active titles (MRNF digital data dump). Not legal title.", "as_of": "2026-09-20", "role": "focus", "color": "#e8b040"}}, {"type": "Feature", "geometry": {"type": "Polygon", "coordinates": [[[-70.58333332968843, 45.75867842455308], [-70.57165486597773, 45.76276773965673], [-70.57006733998038, 45.76064287877905], [-70.56928077009111, 45.7595915920104], [-70.56849330712264, 45.75853581152059], [-70.5833333324635, 45.75334882627922], [-70.58333332956111, 45.75833333459087], [-70.58333332968843, 45.75867842455308]]]}, "properties": {"company_id": "lake-victoria-gold", "jurisdiction": "Quebec", "claim_id": "", "claim_name": null, "holder": "Leopard Lake Gold Corp.", "status": "Active", "recorded_date": null, "anniversary_or_expiry": null, "area_ha": null, "tenure_type": null, "source": "GESTIM active titles (MRNF digital data dump). Not legal title.", "as_of": "2026-09-20", "role": "focus", "color": "#e8b040"}}, {"type": "Feature", "geometry": {"type": "Polygon", "coordinates": [[[-70.57479258885994, 45.7669639030736], [-70.57322366782277, 45.764865833282535], [-70.57165486597773, 45.76276773965673], [-70.58333332968843, 45.75867842455308], [-70.58333333164686, 45.76398727314442], [-70.57479258885994, 45.7669639030736]]]}, "properties": {"company_id": "lake-victoria-gold", "jurisdiction": "Quebec", "claim_id": "", "claim_name": null, "holder": "Leopard Lake Gold Corp.", "status": "Active", "recorded_date": null, "anniversary_or_expiry": null, "area_ha": null, "tenure_type": null, "source": "GESTIM active titles (MRNF digital data dump). Not legal title.", "as_of": "2026-09-20", "role": "focus", "color": "#e8b040"}}, {"type": "Feature", "geometry": {"type": "Polygon", "coordinates": [[[-70.57796668281772, 45.77116397569174], [-70.57637516852282, 45.76905726178241], [-70.57479258885994, 45.7669639030736], [-70.58333333164686, 45.76398727314442], [-70.58333333263545, 45.766666668632254], [-70.58333333205195, 45.76928402564352], [-70.57796668281772, 45.77116397569174]]]}, "properties": {"company_id": "lake-victoria-gold", "jurisdiction": "Quebec", "claim_id": "", "claim_name": null, "holder": "Leopard Lake Gold Corp.", "status": "Active", "recorded_date": null, "anniversary_or_expiry": null, "area_ha": null, "tenure_type": null, "source": "GESTIM active titles (MRNF digital data dump). Not legal title.", "as_of": "2026-09-20", "role": "focus", "color": "#e8b040"}}, {"type": "Feature", "geometry": {"type": "Polygon", "coordinates": [[[-70.57796668281772, 45.77116397569174], [-70.56705105559611, 45.775000014235836], [-70.5666666635722, 45.77500000093746], [-70.55833333771938, 45.775000002306605], [-70.55833333728413, 45.77617463712088], [-70.55628114260595, 45.77352266133303], [-70.57479258885994, 45.7669639030736], [-70.57637516852282, 45.76905726178241], [-70.57796668281772, 45.77116397569174]]]}, "properties": {"company_id": "lake-victoria-gold", "jurisdiction": "Quebec", "claim_id": "", "claim_name": null, "holder": "Leopard Lake Gold Corp.", "status": "Active", "recorded_date": null, "anniversary_or_expiry": null, "area_ha": null, "tenure_type": null, "source": "GESTIM active titles (MRNF digital data dump). Not legal title.", "as_of": "2026-09-20", "role": "focus", "color": "#e8b040"}}, {"type": "Feature", "geometry": {"type": "Polygon", "coordinates": [[[-70.55833333728413, 45.77617463712088], [-70.55833333656952, 45.778103420693434], [-70.53992516102925, 45.78521581502483], [-70.53835520666962, 45.78313978874147], [-70.53677826707568, 45.78106833460856], [-70.55628114260595, 45.77352266133303], [-70.55833333728413, 45.77617463712088]]]}, "properties": {"company_id": "lake-victoria-gold", "jurisdiction": "Quebec", "claim_id": "", "claim_name": null, "holder": "Leopard Lake Gold Corp.", "status": "Active", "recorded_date": null, "anniversary_or_expiry": null, "area_ha": null, "tenure_type": null, "source": "GESTIM active titles (MRNF digital data dump). Not legal title.", "as_of": "2026-09-20", "role": "focus", "color": "#e8b040"}}, {"type": "Feature", "geometry": {"type": "Polygon", "coordinates": [[[-70.55833333656952, 45.778103420693434], [-70.55833333463139, 45.78333333828468], [-70.5500000020856, 45.78333333372215], [-70.55000000075539, 45.78670952969542], [-70.54310402052981, 45.789353773661674], [-70.54149642947336, 45.78729180136567], [-70.53992516102925, 45.78521581502483], [-70.55833333656952, 45.778103420693434]]]}, "properties": {"company_id": "lake-victoria-gold", "jurisdiction": "Quebec", "claim_id": "", "claim_name": null, "holder": "Leopard Lake Gold Corp.", "status": "Active", "recorded_date": null, "anniversary_or_expiry": null, "area_ha": null, "tenure_type": null, "source": "GESTIM active titles (MRNF digital data dump). Not legal title.", "as_of": "2026-09-20", "role": "focus", "color": "#e8b040"}}, {"type": "Feature", "geometry": {"type": "Polygon", "coordinates": [[[-70.54489943865835, 45.791666736689706], [-70.54166667251128, 45.79166666486578], [-70.54166667102638, 45.795123787521874], [-70.52820264307375, 45.799859957946175], [-70.5251243114479, 45.795675246046756], [-70.54310402052981, 45.789353773661674], [-70.54470945077942, 45.79142025231179], [-70.54489943865835, 45.791666736689706]]]}, "properties": {"company_id": "lake-victoria-gold", "jurisdiction": "Quebec", "claim_id": "", "claim_name": null, "holder": "Leopard Lake Gold Corp.", "status": "Active", "recorded_date": null, "anniversary_or_expiry": null, "area_ha": null, "tenure_type": null, "source": "GESTIM active titles (MRNF digital data dump). Not legal title.", "as_of": "2026-09-20", "role": "focus", "color": "#e8b040"}}, {"type": "Feature", "geometry": {"type": "Polygon", "coordinates": [[[-79.5166667501241, 49.939932324461495], [-79.51237354007026, 49.93995984094771], [-79.51242514440182, 49.936354918699124], [-79.51666675184356, 49.9363813060703], [-79.5166667501241, 49.939932324461495]]]}, "properties": {"company_id": "lake-victoria-gold", "jurisdiction": "Quebec", "claim_id": "", "claim_name": null, "holder": "Kirkland Lake Gold inc.", "status": "Active", "recorded_date": null, "anniversary_or_expiry": null, "area_ha": null, "tenure_type": null, "source": "GESTIM active titles (MRNF digital data dump). Not legal title.", "as_of": "2026-09-20", "role": "focus", "color": "#e8b040"}}, {"type": "Feature", "geometry": {"type": "Polygon", "coordinates": [[[-79.51776748150846, 49.936388130370425], [-79.51776795807582, 49.93992524282328], [-79.5166667501241, 49.939932324461495], [-79.51666675184356, 49.9363813060703], [-79.51776748150846, 49.936388130370425]]]}, "properties": {"company_id": "lake-victoria-gold", "jurisdiction": "Quebec", "claim_id": "", "claim_name": null, "holder": "Kirkland Lake Gold inc.", "status": "Active", "recorded_date": null, "anniversary_or_expiry": null, "area_ha": null, "tenure_type": null, "source": "GESTIM active titles (MRNF digital data dump). Not legal title.", "as_of": "2026-09-20", "role": "focus", "color": "#e8b040"}}, {"type": "Feature", "geometry": {"type": "Polygon", "coordinates": [[[-79.51666675513394, 49.91049572664298], [-79.51666675027542, 49.91666667381649], [-79.5083334166853, 49.91666667807554], [-79.50833342320965, 49.91049662025899], [-79.51283409439051, 49.91049621705445], [-79.51666675513394, 49.91049572664298]]]}, "properties": {"company_id": "lake-victoria-gold", "jurisdiction": "Quebec", "claim_id": "", "claim_name": null, "holder": "Kirkland Lake Gold inc.", "status": "Active", "recorded_date": null, "anniversary_or_expiry": null, "area_ha": null, "tenure_type": null, "source": "GESTIM active titles (MRNF digital data dump). Not legal title.", "as_of": "2026-09-20", "role": "focus", "color": "#e8b040"}}, {"type": "Feature", "geometry": {"type": "Polygon", "coordinates": [[[-79.50833342320965, 49.91049662025899], [-79.5083334166853, 49.91666667807554], [-79.50187068847723, 49.916666725391444], [-79.50202634694372, 49.91409465208197], [-79.50205273278193, 49.910496901362755], [-79.50731063142958, 49.910496693185], [-79.50752308143937, 49.910496675705545], [-79.50833342320965, 49.91049662025899]]]}, "properties": {"company_id": "lake-victoria-gold", "jurisdiction": "Quebec", "claim_id": "", "claim_name": null, "holder": "Kirkland Lake Gold inc.", "status": "Active", "recorded_date": null, "anniversary_or_expiry": null, "area_ha": null, "tenure_type": null, "source": "GESTIM active titles (MRNF digital data dump). Not legal title.", "as_of": "2026-09-20", "role": "focus", "color": "#e8b040"}}, {"type": "Feature", "geometry": {"type": "Polygon", "coordinates": [[[-79.5177659884732, 49.925000044302244], [-79.51776603866635, 49.92549629054824], [-79.51776626397552, 49.927321448997304], [-79.51776651658716, 49.92924651112619], [-79.51666675348157, 49.9292537222202], [-79.5166667536508, 49.925000010596555], [-79.5177659884732, 49.925000044302244]]]}, "properties": {"company_id": "lake-victoria-gold", "jurisdiction": "Quebec", "claim_id": "", "claim_name": null, "holder": "Kirkland Lake Gold inc.", "status": "Active", "recorded_date": null, "anniversary_or_expiry": null, "area_ha": null, "tenure_type": null, "source": "GESTIM active titles (MRNF digital data dump). Not legal title.", "as_of": "2026-09-20", "role": "focus", "color": "#e8b040"}}, {"type": "Feature", "geometry": {"type": "Polygon", "coordinates": [[[-79.5166667536508, 49.925000010596555], [-79.51666675348157, 49.9292537222202], [-79.51247584389232, 49.92928111347276], [-79.50833341654796, 49.92925594032947], [-79.50833341790766, 49.925000011187095], [-79.5166667536508, 49.925000010596555]]]}, "properties": {"company_id": "lake-victoria-gold", "jurisdiction": "Quebec", "claim_id": "", "claim_name": null, "holder": "Kirkland Lake Gold inc.", "status": "Active", "recorded_date": null, "anniversary_or_expiry": null, "area_ha": null, "tenure_type": null, "source": "GESTIM active titles (MRNF digital data dump). Not legal title.", "as_of": "2026-09-20", "role": "focus", "color": "#e8b040"}}, {"type": "Feature", "geometry": {"type": "Polygon", "coordinates": [[[-79.50833341790766, 49.925000011187095], [-79.50833341654796, 49.92925594032947], [-79.50696032739313, 49.9292475660224], [-79.5018124502886, 49.929315772081], [-79.50000008816009, 49.92932775655352], [-79.50000009090152, 49.92500000644954], [-79.50833341790766, 49.925000011187095]]]}, "properties": {"company_id": "lake-victoria-gold", "jurisdiction": "Quebec", "claim_id": "", "claim_name": null, "holder": "Kirkland Lake Gold inc.", "status": "Active", "recorded_date": null, "anniversary_or_expiry": null, "area_ha": null, "tenure_type": null, "source": "GESTIM active titles (MRNF digital data dump). Not legal title.", "as_of": "2026-09-20", "role": "focus", "color": "#e8b040"}}, {"type": "Feature", "geometry": {"type": "Polygon", "coordinates": [[[-79.50000009173272, 49.917606893611016], [-79.50000009090152, 49.92500000644954], [-79.49166667352289, 49.92500000097244], [-79.4916666641219, 49.91755172837477], [-79.49669067417551, 49.91758452065127], [-79.50000009173272, 49.917606893611016]]]}, "properties": {"company_id": "lake-victoria-gold", "jurisdiction": "Quebec", "claim_id": "", "claim_name": null, "holder": "Kirkland Lake Gold inc.", "status": "Active", "recorded_date": null, "anniversary_or_expiry": null, "area_ha": null, "tenure_type": null, "source": "GESTIM active titles (MRNF digital data dump). Not legal title.", "as_of": "2026-09-20", "role": "focus", "color": "#e8b040"}}, {"type": "Feature", "geometry": {"type": "Polygon", "coordinates": [[[-79.4916666641219, 49.91755172837477], [-79.49166667352289, 49.92500000097244], [-79.48333333658145, 49.925000003160456], [-79.48333332908997, 49.91751425754634], [-79.48569912215143, 49.917514574349056], [-79.49135495851007, 49.917549687209274], [-79.4916666641219, 49.91755172837477]]]}, "properties": {"company_id": "lake-victoria-gold", "jurisdiction": "Quebec", "claim_id": "", "claim_name": null, "holder": "Kirkland Lake Gold inc.", "status": "Active", "recorded_date": null, "anniversary_or_expiry": null, "area_ha": null, "tenure_type": null, "source": "GESTIM active titles (MRNF digital data dump). Not legal title.", "as_of": "2026-09-20", "role": "focus", "color": "#e8b040"}}, {"type": "Feature", "geometry": {"type": "Polygon", "coordinates": [[[-79.48333333658145, 49.925000003160456], [-79.47499999434974, 49.92499999982761], [-79.47500000141896, 49.91742033933402], [-79.48004325839572, 49.9175137428326], [-79.48333332908997, 49.91751425754634], [-79.48333333658145, 49.925000003160456]]]}, "properties": {"company_id": "lake-victoria-gold", "jurisdiction": "Quebec", "claim_id": "", "claim_name": null, "holder": "Kirkland Lake Gold inc.", "status": "Active", "recorded_date": null, "anniversary_or_expiry": null, "area_ha": null, "tenure_type": null, "source": "GESTIM active titles (MRNF digital data dump). Not legal title.", "as_of": "2026-09-20", "role": "focus", "color": "#e8b040"}}, {"type": "Feature", "geometry": {"type": "Polygon", "coordinates": [[[-79.47499999434974, 49.92499999982761], [-79.47433006754937, 49.92500002030514], [-79.47433205319561, 49.92127895029317], [-79.47438746829849, 49.91740898110469], [-79.47500000141896, 49.91742033933402], [-79.47499999434974, 49.92499999982761]]]}, "properties": {"company_id": "lake-victoria-gold", "jurisdiction": "Quebec", "claim_id": "", "claim_name": null, "holder": "Kirkland Lake Gold inc.", "status": "Active", "recorded_date": null, "anniversary_or_expiry": null, "area_ha": null, "tenure_type": null, "source": "GESTIM active titles (MRNF digital data dump). Not legal title.", "as_of": "2026-09-20", "role": "focus", "color": "#e8b040"}}, {"type": "Feature", "geometry": {"type": "Polygon", "coordinates": [[[-79.50000008816009, 49.92932775655352], [-79.49666462186296, 49.92934974433317], [-79.49166666953141, 49.92934949654203], [-79.49166667352289, 49.92500000097244], [-79.50000009090152, 49.92500000644954], [-79.50000008816009, 49.92932775655352]]]}, "properties": {"company_id": "lake-victoria-gold", "jurisdiction": "Quebec", "claim_id": "", "claim_name": null, "holder": "Kirkland Lake Gold inc.", "status": "Active", "recorded_date": null, "anniversary_or_expiry": null, "area_ha": null, "tenure_type": null, "source": "GESTIM active titles (MRNF digital data dump). Not legal title.", "as_of": "2026-09-20", "role": "focus", "color": "#e8b040"}}, {"type": "Feature", "geometry": {"type": "Polygon", "coordinates": [[[-79.49166666953141, 49.92934949654203], [-79.49130668611248, 49.92934947101162], [-79.4855810577422, 49.92934889773439], [-79.4833333311972, 49.92936219720761], [-79.48333333658145, 49.925000003160456], [-79.49166667352289, 49.92500000097244], [-79.49166666953141, 49.92934949654203]]]}, "properties": {"company_id": "lake-victoria-gold", "jurisdiction": "Quebec", "claim_id": "", "claim_name": null, "holder": "Kirkland Lake Gold inc.", "status": "Active", "recorded_date": null, "anniversary_or_expiry": null, "area_ha": null, "tenure_type": null, "source": "GESTIM active titles (MRNF digital data dump). Not legal title.", "as_of": "2026-09-20", "role": "focus", "color": "#e8b040"}}, {"type": "Feature", "geometry": {"type": "Polygon", "coordinates": [[[-79.4833333311972, 49.92936219720761], [-79.47996047127977, 49.92938207840507], [-79.47499999502038, 49.92938111547256], [-79.47499999434974, 49.92499999982761], [-79.48333333658145, 49.925000003160456], [-79.4833333311972, 49.92936219720761]]]}, "properties": {"company_id": "lake-victoria-gold", "jurisdiction": "Quebec", "claim_id": "", "claim_name": null, "holder": "Kirkland Lake Gold inc.", "status": "Active", "recorded_date": null, "anniversary_or_expiry": null, "area_ha": null, "tenure_type": null, "source": "GESTIM active titles (MRNF digital data dump). Not legal title.", "as_of": "2026-09-20", "role": "focus", "color": "#e8b040"}}, {"type": "Feature", "geometry": {"type": "Polygon", "coordinates": [[[-79.47499999502038, 49.92938111547256], [-79.47428735399443, 49.92938096102969], [-79.46866747885667, 49.92938194214656], [-79.46666666704489, 49.929386077014684], [-79.46666666142147, 49.925650636394984], [-79.46874704344762, 49.92563641594241], [-79.47432978523327, 49.92552903132916], [-79.47433006754937, 49.92500002030514], [-79.47499999434974, 49.92499999982761], [-79.47499999502038, 49.92938111547256]]]}, "properties": {"company_id": "lake-victoria-gold", "jurisdiction": "Quebec", "claim_id": "", "claim_name": null, "holder": "Kirkland Lake Gold inc.", "status": "Active", "recorded_date": null, "anniversary_or_expiry": null, "area_ha": null, "tenure_type": null, "source": "GESTIM active titles (MRNF digital data dump). Not legal title.", "as_of": "2026-09-20", "role": "focus", "color": "#e8b040"}}, {"type": "Feature", "geometry": {"type": "Polygon", "coordinates": [[[-79.46666666704489, 49.929386077014684], [-79.46334503737287, 49.92939287105484], [-79.46348284940298, 49.92567233256145], [-79.46666666142147, 49.925650636394984], [-79.46666666704489, 49.929386077014684]]]}, "properties": {"company_id": "lake-victoria-gold", "jurisdiction": "Quebec", "claim_id": "", "claim_name": null, "holder": "Kirkland Lake Gold inc.", "status": "Active", "recorded_date": null, "anniversary_or_expiry": null, "area_ha": null, "tenure_type": null, "source": "GESTIM active titles (MRNF digital data dump). Not legal title.", "as_of": "2026-09-20", "role": "focus", "color": "#e8b040"}}, {"type": "Feature", "geometry": {"type": "Polygon", "coordinates": [[[-70.49999999816743, 45.74999999880768], [-70.50434306570828, 45.750000076347916], [-70.4999999989438, 45.75161910298429], [-70.49999999816743, 45.74999999880768]]]}, "properties": {"company_id": "lake-victoria-gold", "jurisdiction": "Quebec", "claim_id": "", "claim_name": null, "holder": "Leopard Lake Gold Corp.", "status": "Active", "recorded_date": null, "anniversary_or_expiry": null, "area_ha": null, "tenure_type": null, "source": "GESTIM active titles (MRNF digital data dump). Not legal title.", "as_of": "2026-09-20", "role": "focus", "color": "#e8b040"}}, {"type": "Feature", "geometry": {"type": "Polygon", "coordinates": [[[-70.47499999677186, 45.7833333312015], [-70.47500000310883, 45.79166666532537], [-70.466666671741, 45.791666671543354], [-70.46666667288854, 45.783333338139116], [-70.47499999677186, 45.7833333312015]]]}, "properties": {"company_id": "lake-victoria-gold", "jurisdiction": "Quebec", "claim_id": "", "claim_name": null, "holder": "Leopard Lake Gold Corp.", "status": "Active", "recorded_date": null, "anniversary_or_expiry": null, "area_ha": null, "tenure_type": null, "source": "GESTIM active titles (MRNF digital data dump). Not legal title.", "as_of": "2026-09-20", "role": "focus", "color": "#e8b040"}}, {"type": "Feature", "geometry": {"type": "Polygon", "coordinates": [[[-70.45833332819407, 45.79166667278963], [-70.45833333768738, 45.800000002844115], [-70.45000000003793, 45.79999999811062], [-70.44999999818978, 45.791666668791365], [-70.45833332819407, 45.79166667278963]]]}, "properties": {"company_id": "lake-victoria-gold", "jurisdiction": "Quebec", "claim_id": "", "claim_name": null, "holder": "Leopard Lake Gold Corp.", "status": "Active", "recorded_date": null, "anniversary_or_expiry": null, "area_ha": null, "tenure_type": null, "source": "GESTIM active titles (MRNF digital data dump). Not legal title.", "as_of": "2026-09-20", "role": "focus", "color": "#e8b040"}}, {"type": "Feature", "geometry": {"type": "Polygon", "coordinates": [[[-70.46666667288854, 45.7833333381391], [-70.466666671741, 45.791666671543354], [-70.45833332819406, 45.791666672789674], [-70.45833333658396, 45.78333333112104], [-70.46666667288854, 45.7833333381391]]]}, "properties": {"company_id": "lake-victoria-gold", "jurisdiction": "Quebec", "claim_id": "", "claim_name": null, "holder": "Leopard Lake Gold Corp.", "status": "Active", "recorded_date": null, "anniversary_or_expiry": null, "area_ha": null, "tenure_type": null, "source": "GESTIM active titles (MRNF digital data dump). Not legal title.", "as_of": "2026-09-20", "role": "focus", "color": "#e8b040"}}, {"type": "Feature", "geometry": {"type": "Polygon", "coordinates": [[[-70.45000000141985, 45.78333333697917], [-70.44999999818978, 45.79166666879134], [-70.44166666909581, 45.79166666866407], [-70.4416666669222, 45.78333333772205], [-70.45000000141985, 45.78333333697917]]]}, "properties": {"company_id": "lake-victoria-gold", "jurisdiction": "Quebec", "claim_id": "", "claim_name": null, "holder": "Leopard Lake Gold Corp.", "status": "Active", "recorded_date": null, "anniversary_or_expiry": null, "area_ha": null, "tenure_type": null, "source": "GESTIM active titles (MRNF digital data dump). Not legal title.", "as_of": "2026-09-20", "role": "focus", "color": "#e8b040"}}, {"type": "Feature", "geometry": {"type": "Polygon", "coordinates": [[[-70.45833333658396, 45.78333333112104], [-70.45833332819407, 45.79166667278963], [-70.44999999818978, 45.79166666879132], [-70.45000000141985, 45.78333333697916], [-70.45833333658396, 45.78333333112104]]]}, "properties": {"company_id": "lake-victoria-gold", "jurisdiction": "Quebec", "claim_id": "", "claim_name": null, "holder": "Leopard Lake Gold Corp.", "status": "Active", "recorded_date": null, "anniversary_or_expiry": null, "area_ha": null, "tenure_type": null, "source": "GESTIM active titles (MRNF digital data dump). Not legal title.", "as_of": "2026-09-20", "role": "focus", "color": "#e8b040"}}, {"type": "Feature", "geometry": {"type": "Polygon", "coordinates": [[[-70.5386062245915, 45.77500007891866], [-70.54166666666671, 45.773817009707], [-70.5416666666667, 45.775000000017336], [-70.5386062245915, 45.77500007891866]]]}, "properties": {"company_id": "lake-victoria-gold", "jurisdiction": "Quebec", "claim_id": "", "claim_name": null, "holder": "Leopard Lake Gold Corp.", "status": "Active", "recorded_date": null, "anniversary_or_expiry": null, "area_ha": null, "tenure_type": null, "source": "GESTIM active titles (MRNF digital data dump). Not legal title.", "as_of": "2026-09-20", "role": "focus", "color": "#e8b040"}}, {"type": "Feature", "geometry": {"type": "Polygon", "coordinates": [[[-70.53333333333332, 45.75022574915676], [-70.52500000000002, 45.75322395390975], [-70.5250000008209, 45.74999999887876], [-70.53333333333332, 45.750000000017394], [-70.53333333333332, 45.75022574915676]]]}, "properties": {"company_id": "lake-victoria-gold", "jurisdiction": "Quebec", "claim_id": "", "claim_name": null, "holder": "Leopard Lake Gold Corp.", "status": "Active", "recorded_date": null, "anniversary_or_expiry": null, "area_ha": null, "tenure_type": null, "source": "GESTIM active titles (MRNF digital data dump). Not legal title.", "as_of": "2026-09-20", "role": "focus", "color": "#e8b040"}}, {"type": "Feature", "geometry": {"type": "Polygon", "coordinates": [[[-70.55000000000001, 45.77059487502806], [-70.55000000000001, 45.775000000017336], [-70.5416666666667, 45.775000000017336], [-70.54166666666671, 45.773817009707], [-70.55000000000001, 45.77059487502806]]]}, "properties": {"company_id": "lake-victoria-gold", "jurisdiction": "Quebec", "claim_id": "", "claim_name": null, "holder": "Leopard Lake Gold Corp.", "status": "Active", "recorded_date": null, "anniversary_or_expiry": null, "area_ha": null, "tenure_type": null, "source": "GESTIM active titles (MRNF digital data dump). Not legal title.", "as_of": "2026-09-20", "role": "focus", "color": "#e8b040"}}, {"type": "Feature", "geometry": {"type": "Polygon", "coordinates": [[[-70.54166666666671, 45.747238596022235], [-70.53763858837677, 45.74867638482437], [-70.53396060919509, 45.75000002366234], [-70.53333333333332, 45.750000000017394], [-70.5333333333333, 45.7448521010526], [-70.5345909389086, 45.744401473290225], [-70.54166666666671, 45.74186904227497], [-70.54166666666671, 45.747238596022235]]]}, "properties": {"company_id": "lake-victoria-gold", "jurisdiction": "Quebec", "claim_id": "", "claim_name": null, "holder": "Leopard Lake Gold Corp.", "status": "Active", "recorded_date": null, "anniversary_or_expiry": null, "area_ha": null, "tenure_type": null, "source": "GESTIM active titles (MRNF digital data dump). Not legal title.", "as_of": "2026-09-20", "role": "focus", "color": "#e8b040"}}, {"type": "Feature", "geometry": {"type": "Polygon", "coordinates": [[[-70.54166666666671, 45.779177562681625], [-70.5416666666667, 45.775000000017336], [-70.55000000000001, 45.775000000017336], [-70.55, 45.77595348125109], [-70.54166666666671, 45.779177562681625]]]}, "properties": {"company_id": "lake-victoria-gold", "jurisdiction": "Quebec", "claim_id": "", "claim_name": null, "holder": "Leopard Lake Gold Corp.", "status": "Active", "recorded_date": null, "anniversary_or_expiry": null, "area_ha": null, "tenure_type": null, "source": "GESTIM active titles (MRNF digital data dump). Not legal title.", "as_of": "2026-09-20", "role": "focus", "color": "#e8b040"}}, {"type": "Feature", "geometry": {"type": "Polygon", "coordinates": [[[-70.55628114260595, 45.77352266133303], [-70.55246376313949, 45.77500007072339], [-70.55000000000001, 45.775000000017336], [-70.55000000000001, 45.77059487502806], [-70.55309296789947, 45.76939868667646], [-70.55628114260595, 45.77352266133303]]]}, "properties": {"company_id": "lake-victoria-gold", "jurisdiction": "Quebec", "claim_id": "", "claim_name": null, "holder": "Leopard Lake Gold Corp.", "status": "Active", "recorded_date": null, "anniversary_or_expiry": null, "area_ha": null, "tenure_type": null, "source": "GESTIM active titles (MRNF digital data dump). Not legal title.", "as_of": "2026-09-20", "role": "focus", "color": "#e8b040"}}, {"type": "Feature", "geometry": {"type": "Polygon", "coordinates": [[[-70.52500000000002, 45.75322395390975], [-70.51904673580434, 45.755365221387336], [-70.51746610358512, 45.75323503594792], [-70.51666666666671, 45.75217500213493], [-70.51666666666671, 45.750821935922026], [-70.51896185864688, 45.75000007043784], [-70.5250000008209, 45.74999999887876], [-70.52500000000002, 45.75322395390975]]]}, "properties": {"company_id": "lake-victoria-gold", "jurisdiction": "Quebec", "claim_id": "", "claim_name": null, "holder": "Leopard Lake Gold Corp.", "status": "Active", "recorded_date": null, "anniversary_or_expiry": null, "area_ha": null, "tenure_type": null, "source": "GESTIM active titles (MRNF digital data dump). Not legal title.", "as_of": "2026-09-20", "role": "focus", "color": "#e8b040"}}, {"type": "Feature", "geometry": {"type": "Polygon", "coordinates": [[[-70.55000000000001, 45.74426332920232], [-70.54166666666671, 45.747238596022235], [-70.54166666666671, 45.74186904227497], [-70.54223196672069, 45.74166668750242], [-70.55000000000001, 45.741666666684125], [-70.55000000000001, 45.74426332920232]]]}, "properties": {"company_id": "lake-victoria-gold", "jurisdiction": "Quebec", "claim_id": "", "claim_name": null, "holder": "Leopard Lake Gold Corp.", "status": "Active", "recorded_date": null, "anniversary_or_expiry": null, "area_ha": null, "tenure_type": null, "source": "GESTIM active titles (MRNF digital data dump). Not legal title.", "as_of": "2026-09-20", "role": "focus", "color": "#e8b040"}}, {"type": "Feature", "geometry": {"type": "Polygon", "coordinates": [[[-70.54166666666671, 45.779177562681625], [-70.53677826707568, 45.78106833460856], [-70.53520304023344, 45.77899683505747], [-70.53363706614293, 45.776920688538986], [-70.5386062245915, 45.77500007891866], [-70.5416666666667, 45.775000000017336], [-70.54166666666671, 45.779177562681625]]]}, "properties": {"company_id": "lake-victoria-gold", "jurisdiction": "Quebec", "claim_id": "", "claim_name": null, "holder": "Leopard Lake Gold Corp.", "status": "Active", "recorded_date": null, "anniversary_or_expiry": null, "area_ha": null, "tenure_type": null, "source": "GESTIM active titles (MRNF digital data dump). Not legal title.", "as_of": "2026-09-20", "role": "focus", "color": "#e8b040"}}, {"type": "Feature", "geometry": {"type": "Polygon", "coordinates": [[[-70.49166666666672, 45.76534030119624], [-70.49166666666672, 45.76000316933024], [-70.49636283677177, 45.75833341852681], [-70.50000000216414, 45.75833333593418], [-70.50000000000001, 45.76239119909582], [-70.49166666666672, 45.76534030119624]]]}, "properties": {"company_id": "lake-victoria-gold", "jurisdiction": "Quebec", "claim_id": "", "claim_name": null, "holder": "Leopard Lake Gold Corp.", "status": "Active", "recorded_date": null, "anniversary_or_expiry": null, "area_ha": null, "tenure_type": null, "source": "GESTIM active titles (MRNF digital data dump). Not legal title.", "as_of": "2026-09-20", "role": "focus", "color": "#e8b040"}}, {"type": "Feature", "geometry": {"type": "Polygon", "coordinates": [[[-70.49166666666672, 45.76534030119624], [-70.48791756270298, 45.766666750728795], [-70.48333333748111, 45.766666668698775], [-70.48333333345529, 45.762965343009256], [-70.49166666666672, 45.76000316933024], [-70.49166666666672, 45.76534030119624]]]}, "properties": {"company_id": "lake-victoria-gold", "jurisdiction": "Quebec", "claim_id": "", "claim_name": null, "holder": "Leopard Lake Gold Corp.", "status": "Active", "recorded_date": null, "anniversary_or_expiry": null, "area_ha": null, "tenure_type": null, "source": "GESTIM active titles (MRNF digital data dump). Not legal title.", "as_of": "2026-09-20", "role": "focus", "color": "#e8b040"}}, {"type": "Feature", "geometry": {"type": "Polygon", "coordinates": [[[-70.48333333333332, 45.76828839363754], [-70.48333333748111, 45.766666668698775], [-70.48791756270298, 45.766666750728795], [-70.48333333333332, 45.76828839363754]]]}, "properties": {"company_id": "lake-victoria-gold", "jurisdiction": "Quebec", "claim_id": "", "claim_name": null, "holder": "Leopard Lake Gold Corp.", "status": "Active", "recorded_date": null, "anniversary_or_expiry": null, "area_ha": null, "tenure_type": null, "source": "GESTIM active titles (MRNF digital data dump). Not legal title.", "as_of": "2026-09-20", "role": "focus", "color": "#e8b040"}}, {"type": "Feature", "geometry": {"type": "Polygon", "coordinates": [[[-70.51666666666671, 45.75217500213493], [-70.51746610358512, 45.75323503594792], [-70.51904673580434, 45.755365221387336], [-70.51666666666671, 45.75624333740357], [-70.51666666666671, 45.75217500213493]]]}, "properties": {"company_id": "lake-victoria-gold", "jurisdiction": "Quebec", "claim_id": "", "claim_name": null, "holder": "Leopard Lake Gold Corp.", "status": "Active", "recorded_date": null, "anniversary_or_expiry": null, "area_ha": null, "tenure_type": null, "source": "GESTIM active titles (MRNF digital data dump). Not legal title.", "as_of": "2026-09-20", "role": "focus", "color": "#e8b040"}}, {"type": "Feature", "geometry": {"type": "Polygon", "coordinates": [[[-70.50833333333331, 45.75931946601138], [-70.50833333333331, 45.75833333335068], [-70.51100395901854, 45.75833340731445], [-70.50833333333331, 45.75931946601138]]]}, "properties": {"company_id": "lake-victoria-gold", "jurisdiction": "Quebec", "claim_id": "", "claim_name": null, "holder": "Leopard Lake Gold Corp.", "status": "Active", "recorded_date": null, "anniversary_or_expiry": null, "area_ha": null, "tenure_type": null, "source": "GESTIM active titles (MRNF digital data dump). Not legal title.", "as_of": "2026-09-20", "role": "focus", "color": "#e8b040"}}, {"type": "Feature", "geometry": {"type": "Polygon", "coordinates": [[[-70.51666666666671, 45.75217500213493], [-70.51666666666671, 45.75624333740357], [-70.51394715491841, 45.75724658557982], [-70.51100395901854, 45.75833340731445], [-70.50833333333331, 45.75833333335068], [-70.5083333360114, 45.75000000394074], [-70.51501809745868, 45.75000005795825], [-70.51586323603911, 45.75110962344398], [-70.51666666666671, 45.75217500213493]]]}, "properties": {"company_id": "lake-victoria-gold", "jurisdiction": "Quebec", "claim_id": "", "claim_name": null, "holder": "Leopard Lake Gold Corp.", "status": "Active", "recorded_date": null, "anniversary_or_expiry": null, "area_ha": null, "tenure_type": null, "source": "GESTIM active titles (MRNF digital data dump). Not legal title.", "as_of": "2026-09-20", "role": "focus", "color": "#e8b040"}}, {"type": "Feature", "geometry": {"type": "Polygon", "coordinates": [[[-70.50434303913823, 45.75000008625368], [-70.5083333360114, 45.75000000394074], [-70.50833333333331, 45.75833333335068], [-70.50000000216414, 45.75833333593418], [-70.4999999989438, 45.75161910298429], [-70.50434303913823, 45.75000008625368]]]}, "properties": {"company_id": "lake-victoria-gold", "jurisdiction": "Quebec", "claim_id": "", "claim_name": null, "holder": "Leopard Lake Gold Corp.", "status": "Active", "recorded_date": null, "anniversary_or_expiry": null, "area_ha": null, "tenure_type": null, "source": "GESTIM active titles (MRNF digital data dump). Not legal title.", "as_of": "2026-09-20", "role": "focus", "color": "#e8b040"}}, {"type": "Feature", "geometry": {"type": "Polygon", "coordinates": [[[-70.50000000000001, 45.76239119909582], [-70.50000000216414, 45.75833333593418], [-70.50833333333331, 45.75833333335068], [-70.50833333333331, 45.75931946601138], [-70.50029394733157, 45.76228715497441], [-70.50000000000001, 45.76239119909582]]]}, "properties": {"company_id": "lake-victoria-gold", "jurisdiction": "Quebec", "claim_id": "", "claim_name": null, "holder": "Leopard Lake Gold Corp.", "status": "Active", "recorded_date": null, "anniversary_or_expiry": null, "area_ha": null, "tenure_type": null, "source": "GESTIM active titles (MRNF digital data dump). Not legal title.", "as_of": "2026-09-20", "role": "focus", "color": "#e8b040"}}, {"type": "Feature", "geometry": {"type": "Polygon", "coordinates": [[[-70.53333333333332, 45.79278962281917], [-70.5333333333333, 45.79166666668398], [-70.53652694122137, 45.79166674691498], [-70.53333333333332, 45.79278962281917]]]}, "properties": {"company_id": "lake-victoria-gold", "jurisdiction": "Quebec", "claim_id": "", "claim_name": null, "holder": "Leopard Lake Gold Corp.", "status": "Active", "recorded_date": null, "anniversary_or_expiry": null, "area_ha": null, "tenure_type": null, "source": "GESTIM active titles (MRNF digital data dump). Not legal title.", "as_of": "2026-09-20", "role": "focus", "color": "#e8b040"}}, {"type": "Feature", "geometry": {"type": "Polygon", "coordinates": [[[-70.5416666666667, 45.78751016449009], [-70.54166666666671, 45.78985930395402], [-70.53652694122137, 45.79166674691498], [-70.5333333333333, 45.79166666668398], [-70.53333333333332, 45.78752984027521], [-70.53992516102925, 45.78521581502483], [-70.54149642947336, 45.78729180136567], [-70.5416666666667, 45.78751016449009]]]}, "properties": {"company_id": "lake-victoria-gold", "jurisdiction": "Quebec", "claim_id": "", "claim_name": null, "holder": "Leopard Lake Gold Corp.", "status": "Active", "recorded_date": null, "anniversary_or_expiry": null, "area_ha": null, "tenure_type": null, "source": "GESTIM active titles (MRNF digital data dump). Not legal title.", "as_of": "2026-09-20", "role": "focus", "color": "#e8b040"}}, {"type": "Feature", "geometry": {"type": "Polygon", "coordinates": [[[-70.54166666666671, 45.78985930395402], [-70.5416666666667, 45.78751016449009], [-70.54310402052981, 45.789353773661674], [-70.54166666666671, 45.78985930395402]]]}, "properties": {"company_id": "lake-victoria-gold", "jurisdiction": "Quebec", "claim_id": "", "claim_name": null, "holder": "Leopard Lake Gold Corp.", "status": "Active", "recorded_date": null, "anniversary_or_expiry": null, "area_ha": null, "tenure_type": null, "source": "GESTIM active titles (MRNF digital data dump). Not legal title.", "as_of": "2026-09-20", "role": "focus", "color": "#e8b040"}}, {"type": "Feature", "geometry": {"type": "Polygon", "coordinates": [[[-70.52500000000002, 45.79166666668397], [-70.525, 45.79045431225885], [-70.53333333333332, 45.78752984027521], [-70.5333333333333, 45.79166666668398], [-70.52500000000002, 45.79166666668397]]]}, "properties": {"company_id": "lake-victoria-gold", "jurisdiction": "Quebec", "claim_id": "", "claim_name": null, "holder": "Leopard Lake Gold Corp.", "status": "Active", "recorded_date": null, "anniversary_or_expiry": null, "area_ha": null, "tenure_type": null, "source": "GESTIM active titles (MRNF digital data dump). Not legal title.", "as_of": "2026-09-20", "role": "focus", "color": "#e8b040"}}, {"type": "Feature", "geometry": {"type": "Polygon", "coordinates": [[[-70.52217650001147, 45.791666742724814], [-70.52204685830925, 45.791490436907544], [-70.525, 45.79045431225885], [-70.52500000000002, 45.79166666668397], [-70.52217650001147, 45.791666742724814]]]}, "properties": {"company_id": "lake-victoria-gold", "jurisdiction": "Quebec", "claim_id": "", "claim_name": null, "holder": "Leopard Lake Gold Corp.", "status": "Active", "recorded_date": null, "anniversary_or_expiry": null, "area_ha": null, "tenure_type": null, "source": "GESTIM active titles (MRNF digital data dump). Not legal title.", "as_of": "2026-09-20", "role": "focus", "color": "#e8b040"}}, {"type": "Feature", "geometry": {"type": "Polygon", "coordinates": [[[-70.52500000000002, 45.795506218475], [-70.52217650001147, 45.791666742724814], [-70.52500000000002, 45.79166666668397], [-70.52500000000002, 45.795506218475]]]}, "properties": {"company_id": "lake-victoria-gold", "jurisdiction": "Quebec", "claim_id": "", "claim_name": null, "holder": "Leopard Lake Gold Corp.", "status": "Active", "recorded_date": null, "anniversary_or_expiry": null, "area_ha": null, "tenure_type": null, "source": "GESTIM active titles (MRNF digital data dump). Not legal title.", "as_of": "2026-09-20", "role": "focus", "color": "#e8b040"}}, {"type": "Feature", "geometry": {"type": "Polygon", "coordinates": [[[-70.53333333333332, 45.79278962281917], [-70.5251243114479, 45.795675246046756], [-70.52820264307375, 45.799859957946175], [-70.52782142368079, 45.80000007843593], [-70.52500000353142, 45.800000001168435], [-70.52500000000002, 45.79166666668397], [-70.5333333333333, 45.79166666668398], [-70.53333333333332, 45.79278962281917]]]}, "properties": {"company_id": "lake-victoria-gold", "jurisdiction": "Quebec", "claim_id": "", "claim_name": null, "holder": "Leopard Lake Gold Corp.", "status": "Active", "recorded_date": null, "anniversary_or_expiry": null, "area_ha": null, "tenure_type": null, "source": "GESTIM active titles (MRNF digital data dump). Not legal title.", "as_of": "2026-09-20", "role": "focus", "color": "#e8b040"}}, {"type": "Feature", "geometry": {"type": "Polygon", "coordinates": [[[-70.5166666666667, 45.7987591600732], [-70.52500000000002, 45.79572058145726], [-70.52500000353142, 45.800000001168435], [-70.51666667216068, 45.800000001282356], [-70.5166666666667, 45.7987591600732]]]}, "properties": {"company_id": "lake-victoria-gold", "jurisdiction": "Quebec", "claim_id": "", "claim_name": null, "holder": "Leopard Lake Gold Corp.", "status": "Active", "recorded_date": null, "anniversary_or_expiry": null, "area_ha": null, "tenure_type": null, "source": "GESTIM active titles (MRNF digital data dump). Not legal title.", "as_of": "2026-09-20", "role": "focus", "color": "#e8b040"}}, {"type": "Feature", "geometry": {"type": "Polygon", "coordinates": [[[-70.51666667216068, 45.800000001282356], [-70.51326260467147, 45.80000008497784], [-70.5166666666667, 45.7987591600732], [-70.51666667216068, 45.800000001282356]]]}, "properties": {"company_id": "lake-victoria-gold", "jurisdiction": "Quebec", "claim_id": "", "claim_name": null, "holder": "Leopard Lake Gold Corp.", "status": "Active", "recorded_date": null, "anniversary_or_expiry": null, "area_ha": null, "tenure_type": null, "source": "GESTIM active titles (MRNF digital data dump). Not legal title.", "as_of": "2026-09-20", "role": "focus", "color": "#e8b040"}}, {"type": "Feature", "geometry": {"type": "Polygon", "coordinates": [[[-70.4999999991887, 45.800000004255395], [-70.50000000000001, 45.799502442889576], [-70.50299767723708, 45.798380711532474], [-70.50421024809472, 45.80000008968199], [-70.4999999991887, 45.800000004255395]]]}, "properties": {"company_id": "lake-victoria-gold", "jurisdiction": "Quebec", "claim_id": "", "claim_name": null, "holder": "Leopard Lake Gold Corp.", "status": "Active", "recorded_date": null, "anniversary_or_expiry": null, "area_ha": null, "tenure_type": null, "source": "GESTIM active titles (MRNF digital data dump). Not legal title.", "as_of": "2026-09-20", "role": "focus", "color": "#e8b040"}}, {"type": "Feature", "geometry": {"type": "Polygon", "coordinates": [[[-70.4999999991887, 45.800000004255395], [-70.49166667020091, 45.79999999795656], [-70.49166666862321, 45.79166666450826], [-70.50000000278231, 45.79166666989971], [-70.4999999991887, 45.800000004255395]]]}, "properties": {"company_id": "lake-victoria-gold", "jurisdiction": "Quebec", "claim_id": "", "claim_name": null, "holder": "Leopard Lake Gold Corp.", "status": "Active", "recorded_date": null, "anniversary_or_expiry": null, "area_ha": null, "tenure_type": null, "source": "GESTIM active titles (MRNF digital data dump). Not legal title.", "as_of": "2026-09-20", "role": "focus", "color": "#e8b040"}}, {"type": "Feature", "geometry": {"type": "Polygon", "coordinates": [[[-70.55955641554816, 45.74608853222559], [-70.5583333333333, 45.744584410868335], [-70.55833333499788, 45.741666671520804], [-70.56666667155596, 45.741666666666205], [-70.56666667144769, 45.74346244821307], [-70.55955641554816, 45.74608853222559]]]}, "properties": {"company_id": "lake-victoria-gold", "jurisdiction": "Quebec", "claim_id": "", "claim_name": null, "holder": "Leopard Lake Gold Corp.", "status": "Active", "recorded_date": null, "anniversary_or_expiry": null, "area_ha": null, "tenure_type": null, "source": "GESTIM active titles (MRNF digital data dump). Not legal title.", "as_of": "2026-09-20", "role": "focus", "color": "#e8b040"}}, {"type": "Feature", "geometry": {"type": "Polygon", "coordinates": [[[-70.5583333333333, 45.744584410868335], [-70.55625571697439, 45.74202917043246], [-70.55000000000001, 45.74426332920232], [-70.54999999910768, 45.74166667117831], [-70.55833333499788, 45.741666671520804], [-70.5583333333333, 45.744584410868335]]]}, "properties": {"company_id": "lake-victoria-gold", "jurisdiction": "Quebec", "claim_id": "", "claim_name": null, "holder": "Leopard Lake Gold Corp.", "status": "Active", "recorded_date": null, "anniversary_or_expiry": null, "area_ha": null, "tenure_type": null, "source": "GESTIM active titles (MRNF digital data dump). Not legal title.", "as_of": "2026-09-20", "role": "focus", "color": "#e8b040"}}, {"type": "Feature", "geometry": {"type": "Polygon", "coordinates": [[[-70.55833333499788, 45.741666671520804], [-70.54999999910768, 45.74166667117831], [-70.54999999757695, 45.738885655704564], [-70.55286886391517, 45.73785837162393], [-70.55833333622577, 45.73582805466174], [-70.55833333499788, 45.741666671520804]]]}, "properties": {"company_id": "lake-victoria-gold", "jurisdiction": "Quebec", "claim_id": "", "claim_name": null, "holder": "Leopard Lake Gold Corp.", "status": "Active", "recorded_date": null, "anniversary_or_expiry": null, "area_ha": null, "tenure_type": null, "source": "GESTIM active titles (MRNF digital data dump). Not legal title.", "as_of": "2026-09-20", "role": "focus", "color": "#e8b040"}}, {"type": "Feature", "geometry": {"type": "Polygon", "coordinates": [[[-70.56666666666672, 45.75416323131096], [-70.56611626857219, 45.75436504634238], [-70.56285726071383, 45.75025130368461], [-70.56265804099081, 45.750000084818105], [-70.56666667105334, 45.750000003661555], [-70.56666666666672, 45.75416323131096]]]}, "properties": {"company_id": "lake-victoria-gold", "jurisdiction": "Quebec", "claim_id": "", "claim_name": null, "holder": "Leopard Lake Gold Corp.", "status": "Active", "recorded_date": null, "anniversary_or_expiry": null, "area_ha": null, "tenure_type": null, "source": "GESTIM active titles (MRNF digital data dump). Not legal title.", "as_of": "2026-09-20", "role": "focus", "color": "#e8b040"}}, {"type": "Feature", "geometry": {"type": "Polygon", "coordinates": [[[-70.49166666862321, 45.79166666450826], [-70.48333333563946, 45.79166667197955], [-70.48333333540604, 45.78966296804567], [-70.4916666666667, 45.786465047865605], [-70.49166666862321, 45.79166666450826]]]}, "properties": {"company_id": "lake-victoria-gold", "jurisdiction": "Quebec", "claim_id": "", "claim_name": null, "holder": "Leopard Lake Gold Corp.", "status": "Active", "recorded_date": null, "anniversary_or_expiry": null, "area_ha": null, "tenure_type": null, "source": "GESTIM active titles (MRNF digital data dump). Not legal title.", "as_of": "2026-09-20", "role": "focus", "color": "#e8b040"}}, {"type": "Feature", "geometry": {"type": "Polygon", "coordinates": [[[-70.48534792730416, 45.77500006225729], [-70.48333333948771, 45.77499999948381], [-70.48333333333332, 45.772384560864616], [-70.4840617961509, 45.773331640462715], [-70.48534792730416, 45.77500006225729]]]}, "properties": {"company_id": "lake-victoria-gold", "jurisdiction": "Quebec", "claim_id": "", "claim_name": null, "holder": "Leopard Lake Gold Corp.", "status": "Active", "recorded_date": null, "anniversary_or_expiry": null, "area_ha": null, "tenure_type": null, "source": "GESTIM active titles (MRNF digital data dump). Not legal title.", "as_of": "2026-09-20", "role": "focus", "color": "#e8b040"}}, {"type": "Feature", "geometry": {"type": "Polygon", "coordinates": [[[-70.50833333333331, 45.79166666668397], [-70.51666666666671, 45.79166666668397], [-70.5166666666667, 45.7987591600732], [-70.51326260467147, 45.80000008497784], [-70.50833332888662, 45.80000000542248], [-70.50833333333331, 45.79166666668397]]]}, "properties": {"company_id": "lake-victoria-gold", "jurisdiction": "Quebec", "claim_id": "", "claim_name": null, "holder": "Leopard Lake Gold Corp.", "status": "Active", "recorded_date": null, "anniversary_or_expiry": null, "area_ha": null, "tenure_type": null, "source": "GESTIM active titles (MRNF digital data dump). Not legal title.", "as_of": "2026-09-20", "role": "focus", "color": "#e8b040"}}, {"type": "Feature", "geometry": {"type": "Polygon", "coordinates": [[[-70.5333333333333, 45.7822752166008], [-70.53333333333332, 45.783333333350605], [-70.53031240970414, 45.78333341180501], [-70.5333333333333, 45.7822752166008]]]}, "properties": {"company_id": "lake-victoria-gold", "jurisdiction": "Quebec", "claim_id": "", "claim_name": null, "holder": "Leopard Lake Gold Corp.", "status": "Active", "recorded_date": null, "anniversary_or_expiry": null, "area_ha": null, "tenure_type": null, "source": "GESTIM active titles (MRNF digital data dump). Not legal title.", "as_of": "2026-09-20", "role": "focus", "color": "#e8b040"}}, {"type": "Feature", "geometry": {"type": "Polygon", "coordinates": [[[-70.56265804099081, 45.750000084818105], [-70.55955641554816, 45.74608853222559], [-70.56666667144769, 45.74346244821307], [-70.56666667105334, 45.750000003661555], [-70.56265804099081, 45.750000084818105]]]}, "properties": {"company_id": "lake-victoria-gold", "jurisdiction": "Quebec", "claim_id": "", "claim_name": null, "holder": "Leopard Lake Gold Corp.", "status": "Active", "recorded_date": null, "anniversary_or_expiry": null, "area_ha": null, "tenure_type": null, "source": "GESTIM active titles (MRNF digital data dump). Not legal title.", "as_of": "2026-09-20", "role": "focus", "color": "#e8b040"}}, {"type": "Feature", "geometry": {"type": "Polygon", "coordinates": [[[-70.5333333333333, 45.7822752166008], [-70.53677826707568, 45.78106833460856], [-70.53835520666962, 45.78313978874147], [-70.53850162546533, 45.78333341331792], [-70.53333333333332, 45.783333333350605], [-70.5333333333333, 45.7822752166008]]]}, "properties": {"company_id": "lake-victoria-gold", "jurisdiction": "Quebec", "claim_id": "", "claim_name": null, "holder": "Leopard Lake Gold Corp.", "status": "Active", "recorded_date": null, "anniversary_or_expiry": null, "area_ha": null, "tenure_type": null, "source": "GESTIM active titles (MRNF digital data dump). Not legal title.", "as_of": "2026-09-20", "role": "focus", "color": "#e8b040"}}, {"type": "Feature", "geometry": {"type": "Polygon", "coordinates": [[[-70.50833333333331, 45.78581308717531], [-70.51529547857504, 45.78333338001935], [-70.51604936862996, 45.783333356635545], [-70.51666666666671, 45.78417312077137], [-70.51666666666671, 45.79166666668397], [-70.50833333333331, 45.79166666668397], [-70.50833333333331, 45.78581308717531]]]}, "properties": {"company_id": "lake-victoria-gold", "jurisdiction": "Quebec", "claim_id": "", "claim_name": null, "holder": "Leopard Lake Gold Corp.", "status": "Active", "recorded_date": null, "anniversary_or_expiry": null, "area_ha": null, "tenure_type": null, "source": "GESTIM active titles (MRNF digital data dump). Not legal title.", "as_of": "2026-09-20", "role": "focus", "color": "#e8b040"}}, {"type": "Feature", "geometry": {"type": "Polygon", "coordinates": [[[-70.55000000000001, 45.76525308567537], [-70.5583333333333, 45.76222681777396], [-70.55833333333331, 45.76666666668405], [-70.55101743973933, 45.76666670308333], [-70.55000000000001, 45.76532867385587], [-70.55000000000001, 45.76525308567537]]]}, "properties": {"company_id": "lake-victoria-gold", "jurisdiction": "Quebec", "claim_id": "", "claim_name": null, "holder": "Leopard Lake Gold Corp.", "status": "Active", "recorded_date": null, "anniversary_or_expiry": null, "area_ha": null, "tenure_type": null, "source": "GESTIM active titles (MRNF digital data dump). Not legal title.", "as_of": "2026-09-20", "role": "focus", "color": "#e8b040"}}, {"type": "Feature", "geometry": {"type": "Polygon", "coordinates": [[[-70.49166666862321, 45.79166666450826], [-70.4916666666667, 45.786465047865605], [-70.49353951930154, 45.785746192725], [-70.49669202350952, 45.78995779144766], [-70.50000000000001, 45.78878023992315], [-70.50000000278231, 45.79166666989971], [-70.49797121115931, 45.79166673110608], [-70.49669202350952, 45.78995779144766], [-70.49220192547216, 45.791666685256445], [-70.49166666862321, 45.79166666450826]]]}, "properties": {"company_id": "lake-victoria-gold", "jurisdiction": "Quebec", "claim_id": "", "claim_name": null, "holder": "Leopard Lake Gold Corp.", "status": "Active", "recorded_date": null, "anniversary_or_expiry": null, "area_ha": null, "tenure_type": null, "source": "GESTIM active titles (MRNF digital data dump). Not legal title.", "as_of": "2026-09-20", "role": "focus", "color": "#e8b040"}}, {"type": "Feature", "geometry": {"type": "Polygon", "coordinates": [[[-70.56666666666672, 45.75416323131096], [-70.56666667105334, 45.750000003661555], [-70.57500000239088, 45.75000000351182], [-70.57500000000002, 45.751107088215726], [-70.56666666666672, 45.75416323131096]]]}, "properties": {"company_id": "lake-victoria-gold", "jurisdiction": "Quebec", "claim_id": "", "claim_name": null, "holder": "Leopard Lake Gold Corp.", "status": "Active", "recorded_date": null, "anniversary_or_expiry": null, "area_ha": null, "tenure_type": null, "source": "GESTIM active titles (MRNF digital data dump). Not legal title.", "as_of": "2026-09-20", "role": "focus", "color": "#e8b040"}}, {"type": "Feature", "geometry": {"type": "Polygon", "coordinates": [[[-70.50833333333331, 45.78581308717531], [-70.50833333333331, 45.79166666668397], [-70.50000000278231, 45.79166666989971], [-70.50000000000001, 45.78878023992315], [-70.50833333333331, 45.78581308717531]]]}, "properties": {"company_id": "lake-victoria-gold", "jurisdiction": "Quebec", "claim_id": "", "claim_name": null, "holder": "Leopard Lake Gold Corp.", "status": "Active", "recorded_date": null, "anniversary_or_expiry": null, "area_ha": null, "tenure_type": null, "source": "GESTIM active titles (MRNF digital data dump). Not legal title.", "as_of": "2026-09-20", "role": "focus", "color": "#e8b040"}}, {"type": "Feature", "geometry": {"type": "Polygon", "coordinates": [[[-70.48567615961191, 45.77542583905479], [-70.48728276804327, 45.77751111437596], [-70.48333333720385, 45.778949698408276], [-70.48333333948771, 45.77499999948381], [-70.48534792730416, 45.77500006225729], [-70.48567615961191, 45.77542583905479]]]}, "properties": {"company_id": "lake-victoria-gold", "jurisdiction": "Quebec", "claim_id": "", "claim_name": null, "holder": "Leopard Lake Gold Corp.", "status": "Active", "recorded_date": null, "anniversary_or_expiry": null, "area_ha": null, "tenure_type": null, "source": "GESTIM active titles (MRNF digital data dump). Not legal title.", "as_of": "2026-09-20", "role": "focus", "color": "#e8b040"}}, {"type": "Feature", "geometry": {"type": "Polygon", "coordinates": [[[-70.53333333333332, 45.783333333350605], [-70.53333333333332, 45.78752984027521], [-70.525, 45.79045431225885], [-70.52500000000002, 45.785193968848034], [-70.53031240970414, 45.78333341180501], [-70.53333333333332, 45.783333333350605]]]}, "properties": {"company_id": "lake-victoria-gold", "jurisdiction": "Quebec", "claim_id": "", "claim_name": null, "holder": "Leopard Lake Gold Corp.", "status": "Active", "recorded_date": null, "anniversary_or_expiry": null, "area_ha": null, "tenure_type": null, "source": "GESTIM active titles (MRNF digital data dump). Not legal title.", "as_of": "2026-09-20", "role": "focus", "color": "#e8b040"}}, {"type": "Feature", "geometry": {"type": "Polygon", "coordinates": [[[-70.50000000161371, 45.79437686738772], [-70.50000000278231, 45.79166666989971], [-70.50833333333331, 45.79166666668397], [-70.50833332888662, 45.80000000542248], [-70.50421024809472, 45.80000008968199], [-70.50299767723708, 45.798380711532474], [-70.50000000161371, 45.79437686738772]]]}, "properties": {"company_id": "lake-victoria-gold", "jurisdiction": "Quebec", "claim_id": "", "claim_name": null, "holder": "Leopard Lake Gold Corp.", "status": "Active", "recorded_date": null, "anniversary_or_expiry": null, "area_ha": null, "tenure_type": null, "source": "GESTIM active titles (MRNF digital data dump). Not legal title.", "as_of": "2026-09-20", "role": "focus", "color": "#e8b040"}}, {"type": "Feature", "geometry": {"type": "Polygon", "coordinates": [[[-70.52500000000002, 45.785193968848034], [-70.525, 45.79045431225885], [-70.52204685830925, 45.791490436907544], [-70.52217650001147, 45.791666742724814], [-70.51666666666671, 45.79166666668397], [-70.51666666666671, 45.78417312077137], [-70.51896946033854, 45.7873055415436], [-70.52500000000002, 45.785193968848034]]]}, "properties": {"company_id": "lake-victoria-gold", "jurisdiction": "Quebec", "claim_id": "", "claim_name": null, "holder": "Leopard Lake Gold Corp.", "status": "Active", "recorded_date": null, "anniversary_or_expiry": null, "area_ha": null, "tenure_type": null, "source": "GESTIM active titles (MRNF digital data dump). Not legal title.", "as_of": "2026-09-20", "role": "focus", "color": "#e8b040"}}, {"type": "Feature", "geometry": {"type": "Polygon", "coordinates": [[[-70.53850162546533, 45.78333341331792], [-70.53992516102925, 45.78521581502483], [-70.53333333333332, 45.78752984027521], [-70.53333333333332, 45.783333333350605], [-70.53850162546533, 45.78333341331792]]]}, "properties": {"company_id": "lake-victoria-gold", "jurisdiction": "Quebec", "claim_id": "", "claim_name": null, "holder": "Leopard Lake Gold Corp.", "status": "Active", "recorded_date": null, "anniversary_or_expiry": null, "area_ha": null, "tenure_type": null, "source": "GESTIM active titles (MRNF digital data dump). Not legal title.", "as_of": "2026-09-20", "role": "focus", "color": "#e8b040"}}, {"type": "Feature", "geometry": {"type": "Polygon", "coordinates": [[[-70.51666666666671, 45.79166666668397], [-70.52217650001147, 45.791666742724814], [-70.52500000000002, 45.795506218475], [-70.52500000000002, 45.79572058145726], [-70.5166666666667, 45.7987591600732], [-70.51666666666671, 45.79166666668397]]]}, "properties": {"company_id": "lake-victoria-gold", "jurisdiction": "Quebec", "claim_id": "", "claim_name": null, "holder": "Leopard Lake Gold Corp.", "status": "Active", "recorded_date": null, "anniversary_or_expiry": null, "area_ha": null, "tenure_type": null, "source": "GESTIM active titles (MRNF digital data dump). Not legal title.", "as_of": "2026-09-20", "role": "focus", "color": "#e8b040"}}, {"type": "Feature", "geometry": {"type": "Polygon", "coordinates": [[[-70.56074217935803, 45.76666673647137], [-70.55833333333331, 45.76752715897327], [-70.55833333333331, 45.76666666668405], [-70.56074217935803, 45.76666673647137]]]}, "properties": {"company_id": "lake-victoria-gold", "jurisdiction": "Quebec", "claim_id": "", "claim_name": null, "holder": "Leopard Lake Gold Corp.", "status": "Active", "recorded_date": null, "anniversary_or_expiry": null, "area_ha": null, "tenure_type": null, "source": "GESTIM active titles (MRNF digital data dump). Not legal title.", "as_of": "2026-09-20", "role": "focus", "color": "#e8b040"}}, {"type": "Feature", "geometry": {"type": "Polygon", "coordinates": [[[-70.56666666666672, 45.76455019098169], [-70.56666666666672, 45.75919952244595], [-70.56849330712264, 45.75853581152059], [-70.56928077009111, 45.7595915920104], [-70.57006733998038, 45.76064287877905], [-70.57165486597773, 45.76276773965673], [-70.56666666666672, 45.76455019098169]]]}, "properties": {"company_id": "lake-victoria-gold", "jurisdiction": "Quebec", "claim_id": "", "claim_name": null, "holder": "Leopard Lake Gold Corp.", "status": "Active", "recorded_date": null, "anniversary_or_expiry": null, "area_ha": null, "tenure_type": null, "source": "GESTIM active titles (MRNF digital data dump). Not legal title.", "as_of": "2026-09-20", "role": "focus", "color": "#e8b040"}}, {"type": "Feature", "geometry": {"type": "Polygon", "coordinates": [[[-70.55833333333331, 45.76666666668405], [-70.55833333333331, 45.76752715897327], [-70.55309296789947, 45.76939868667646], [-70.55149612994919, 45.76729619882019], [-70.55101743973933, 45.76666670308333], [-70.55833333333331, 45.76666666668405]]]}, "properties": {"company_id": "lake-victoria-gold", "jurisdiction": "Quebec", "claim_id": "", "claim_name": null, "holder": "Leopard Lake Gold Corp.", "status": "Active", "recorded_date": null, "anniversary_or_expiry": null, "area_ha": null, "tenure_type": null, "source": "GESTIM active titles (MRNF digital data dump). Not legal title.", "as_of": "2026-09-20", "role": "focus", "color": "#e8b040"}}, {"type": "Feature", "geometry": {"type": "Polygon", "coordinates": [[[-70.479242956953, 45.7670710918302], [-70.47894349202998, 45.766666751155945], [-70.48333333748111, 45.766666668698775], [-70.48333333333332, 45.76828839363754], [-70.48085374094849, 45.76916540687213], [-70.48245784780408, 45.771246284026894], [-70.48333333333332, 45.772384560864616], [-70.48333333948771, 45.77499999948381], [-70.47499999628668, 45.77500000360116], [-70.47499999846663, 45.77128838715651], [-70.48085374094849, 45.76916540687213], [-70.4793050760704, 45.76715579490284], [-70.479242956953, 45.7670710918302]]]}, "properties": {"company_id": "lake-victoria-gold", "jurisdiction": "Quebec", "claim_id": "", "claim_name": null, "holder": "Leopard Lake Gold Corp.", "status": "Active", "recorded_date": null, "anniversary_or_expiry": null, "area_ha": null, "tenure_type": null, "source": "GESTIM active titles (MRNF digital data dump). Not legal title.", "as_of": "2026-09-20", "role": "focus", "color": "#e8b040"}}, {"type": "Feature", "geometry": {"type": "Polygon", "coordinates": [[[-70.57500000000002, 45.751107088215726], [-70.57500000239088, 45.75000000351182], [-70.57801783717166, 45.75000008004077], [-70.57500000000002, 45.751107088215726]]]}, "properties": {"company_id": "lake-victoria-gold", "jurisdiction": "Quebec", "claim_id": "", "claim_name": null, "holder": "Leopard Lake Gold Corp.", "status": "Active", "recorded_date": null, "anniversary_or_expiry": null, "area_ha": null, "tenure_type": null, "source": "GESTIM active titles (MRNF digital data dump). Not legal title.", "as_of": "2026-09-20", "role": "focus", "color": "#e8b040"}}, {"type": "Feature", "geometry": {"type": "Polygon", "coordinates": [[[-70.5583333333333, 45.76222681777396], [-70.56666666666672, 45.75919952244595], [-70.56666666666672, 45.76455019098169], [-70.56074217935803, 45.76666673647137], [-70.55833333333331, 45.76666666668405], [-70.5583333333333, 45.76222681777396]]]}, "properties": {"company_id": "lake-victoria-gold", "jurisdiction": "Quebec", "claim_id": "", "claim_name": null, "holder": "Leopard Lake Gold Corp.", "status": "Active", "recorded_date": null, "anniversary_or_expiry": null, "area_ha": null, "tenure_type": null, "source": "GESTIM active titles (MRNF digital data dump). Not legal title.", "as_of": "2026-09-20", "role": "focus", "color": "#e8b040"}}, {"type": "Feature", "geometry": {"type": "Polygon", "coordinates": [[[-70.4793050760704, 45.76715579490284], [-70.48085374094849, 45.76916540687213], [-70.47499999846663, 45.77128838715651], [-70.47500000118077, 45.76666666452876], [-70.47894349202998, 45.766666751155945], [-70.479242956953, 45.7670710918302], [-70.4793050760704, 45.76715579490284]]]}, "properties": {"company_id": "lake-victoria-gold", "jurisdiction": "Quebec", "claim_id": "", "claim_name": null, "holder": "Leopard Lake Gold Corp.", "status": "Active", "recorded_date": null, "anniversary_or_expiry": null, "area_ha": null, "tenure_type": null, "source": "GESTIM active titles (MRNF digital data dump). Not legal title.", "as_of": "2026-09-20", "role": "focus", "color": "#e8b040"}}, {"type": "Feature", "geometry": {"type": "Polygon", "coordinates": [[[-70.50000000000001, 45.799502442889576], [-70.50000000161371, 45.79437686738772], [-70.50299767723708, 45.798380711532474], [-70.50000000000001, 45.799502442889576]]]}, "properties": {"company_id": "lake-victoria-gold", "jurisdiction": "Quebec", "claim_id": "", "claim_name": null, "holder": "Leopard Lake Gold Corp.", "status": "Active", "recorded_date": null, "anniversary_or_expiry": null, "area_ha": null, "tenure_type": null, "source": "GESTIM active titles (MRNF digital data dump). Not legal title.", "as_of": "2026-09-20", "role": "focus", "color": "#e8b040"}}, {"type": "Feature", "geometry": {"type": "Polygon", "coordinates": [[[-70.49669202350952, 45.78995779144766], [-70.49797121115931, 45.79166673110608], [-70.49220192547216, 45.791666685256445], [-70.49669202350952, 45.78995779144766]]]}, "properties": {"company_id": "lake-victoria-gold", "jurisdiction": "Quebec", "claim_id": "", "claim_name": null, "holder": "Leopard Lake Gold Corp.", "status": "Active", "recorded_date": null, "anniversary_or_expiry": null, "area_ha": null, "tenure_type": null, "source": "GESTIM active titles (MRNF digital data dump). Not legal title.", "as_of": "2026-09-20", "role": "focus", "color": "#e8b040"}}, {"type": "Feature", "geometry": {"type": "Polygon", "coordinates": [[[-70.50000000419365, 45.6916666709974], [-70.50000000000001, 45.68425974229923], [-70.50175836305701, 45.68361112564648], [-70.50230415502803, 45.68333339347989], [-70.50833332701775, 45.68333333210412], [-70.50833333791014, 45.6916666708584], [-70.50000000419365, 45.6916666709974]]]}, "properties": {"company_id": "lake-victoria-gold", "jurisdiction": "Quebec", "claim_id": "", "claim_name": null, "holder": "Leopard Lake Gold Corp.", "status": "Active", "recorded_date": null, "anniversary_or_expiry": null, "area_ha": null, "tenure_type": null, "source": "GESTIM active titles (MRNF digital data dump). Not legal title.", "as_of": "2026-09-20", "role": "focus", "color": "#e8b040"}}, {"type": "Feature", "geometry": {"type": "Polygon", "coordinates": [[[-70.52500000000002, 45.67500000001761], [-70.52500000000002, 45.666881954472125], [-70.52506943236652, 45.66683889155763], [-70.52554051087607, 45.66666668731904], [-70.52727018569486, 45.66666673411516], [-70.52800832065421, 45.66717224103524], [-70.52817500447802, 45.66744443398823], [-70.52897776164902, 45.66791665984992], [-70.52918609055511, 45.668311115569445], [-70.52976664760541, 45.66870833184422], [-70.53043609843002, 45.66946945542683], [-70.53130833834702, 45.67000553988872], [-70.53203889119422, 45.67033891020134], [-70.53318055804691, 45.67099446159483], [-70.5333333333333, 45.67099677862972], [-70.53333333333332, 45.67500000001761], [-70.52500000000002, 45.67500000001761]]]}, "properties": {"company_id": "lake-victoria-gold", "jurisdiction": "Quebec", "claim_id": "", "claim_name": null, "holder": "Leopard Lake Gold Corp.", "status": "Active", "recorded_date": null, "anniversary_or_expiry": null, "area_ha": null, "tenure_type": null, "source": "GESTIM active titles (MRNF digital data dump). Not legal title.", "as_of": "2026-09-20", "role": "focus", "color": "#e8b040"}}, {"type": "Feature", "geometry": {"type": "Polygon", "coordinates": [[[-70.55833333865239, 45.666666668083835], [-70.55833333859192, 45.66660158561885], [-70.55858887045602, 45.66647501824204], [-70.5591777641268, 45.66580278819386], [-70.55976945175982, 45.66530832433094], [-70.5605805286803, 45.66474444026675], [-70.56024998368741, 45.66413331413945], [-70.56021668591221, 45.66402222742665], [-70.56107220754392, 45.663655550881046], [-70.56370831517691, 45.66274165574824], [-70.56373331531181, 45.661955555238954], [-70.56304445497521, 45.661069435879256], [-70.562197236186, 45.660366677282056], [-70.56251387092911, 45.659722242880655], [-70.56276944719721, 45.65946945399944], [-70.56321429714278, 45.65833341569248], [-70.56666666192343, 45.65833333248787], [-70.56666666666672, 45.65833333335096], [-70.56666666666672, 45.66666666668433], [-70.55833333865239, 45.666666668083835]]]}, "properties": {"company_id": "lake-victoria-gold", "jurisdiction": "Quebec", "claim_id": "", "claim_name": null, "holder": "Leopard Lake Gold Corp.", "status": "Active", "recorded_date": null, "anniversary_or_expiry": null, "area_ha": null, "tenure_type": null, "source": "GESTIM active titles (MRNF digital data dump). Not legal title.", "as_of": "2026-09-20", "role": "focus", "color": "#e8b040"}}, {"type": "Feature", "geometry": {"type": "Polygon", "coordinates": [[[-70.56666666192343, 45.65833333248787], [-70.56666666565599, 45.65419508479844], [-70.56700830853681, 45.65403611216976], [-70.5674444332683, 45.65344442871367], [-70.56831944285872, 45.65220276221598], [-70.57002497112622, 45.65098332177117], [-70.5706888565337, 45.65065553521976], [-70.57128058550941, 45.650172210728485], [-70.57175832454728, 45.65000008170839], [-70.57499999706205, 45.650000005755835], [-70.57500000000002, 45.65833333335097], [-70.56666666192343, 45.65833333248787]]]}, "properties": {"company_id": "lake-victoria-gold", "jurisdiction": "Quebec", "claim_id": "", "claim_name": null, "holder": "Leopard Lake Gold Corp.", "status": "Active", "recorded_date": null, "anniversary_or_expiry": null, "area_ha": null, "tenure_type": null, "source": "GESTIM active titles (MRNF digital data dump). Not legal title.", "as_of": "2026-09-20", "role": "focus", "color": "#e8b040"}}, {"type": "Feature", "geometry": {"type": "Polygon", "coordinates": [[[-70.53333333333332, 45.67500000001761], [-70.5333333333333, 45.67099677862972], [-70.53391109141752, 45.671005539009236], [-70.53440832069042, 45.67060557139141], [-70.53504447200791, 45.66981943157262], [-70.5358833428885, 45.66958889479382], [-70.5367138973841, 45.66943335302594], [-70.53718058364991, 45.669188870797235], [-70.53820277900111, 45.668794459187424], [-70.5393860984945, 45.66777222578553], [-70.5410111315637, 45.66704165779242], [-70.54166666666671, 45.66674135498002], [-70.5416666666667, 45.67500000001761], [-70.53333333333332, 45.67500000001761]]]}, "properties": {"company_id": "lake-victoria-gold", "jurisdiction": "Quebec", "claim_id": "", "claim_name": null, "holder": "Leopard Lake Gold Corp.", "status": "Active", "recorded_date": null, "anniversary_or_expiry": null, "area_ha": null, "tenure_type": null, "source": "GESTIM active titles (MRNF digital data dump). Not legal title.", "as_of": "2026-09-20", "role": "focus", "color": "#e8b040"}}, {"type": "Feature", "geometry": {"type": "Polygon", "coordinates": [[[-70.57499999706205, 45.650000005755835], [-70.57500000000002, 45.648391854488], [-70.57557503064182, 45.64836666118338], [-70.5762888661077, 45.64703332130989], [-70.57712499675861, 45.64656108943019], [-70.5771249802066, 45.64575833644179], [-70.5785055857464, 45.64475557692989], [-70.57912774674232, 45.64400279169529], [-70.5795305792201, 45.64358331047511], [-70.58115276341412, 45.6427499926105], [-70.58174446527231, 45.64250554748041], [-70.5828388580012, 45.64247223152131], [-70.5833333333333, 45.64242165193883], [-70.58333333333331, 45.6500000000177], [-70.57499999706205, 45.650000005755835]]]}, "properties": {"company_id": "lake-victoria-gold", "jurisdiction": "Quebec", "claim_id": "", "claim_name": null, "holder": "Leopard Lake Gold Corp.", "status": "Active", "recorded_date": null, "anniversary_or_expiry": null, "area_ha": null, "tenure_type": null, "source": "GESTIM active titles (MRNF digital data dump). Not legal title.", "as_of": "2026-09-20", "role": "focus", "color": "#e8b040"}}, {"type": "Feature", "geometry": {"type": "Polygon", "coordinates": [[[-70.58333333333331, 45.6500000000177], [-70.5833333333333, 45.64242165193883], [-70.58357222267571, 45.6423972151992], [-70.58372776450761, 45.6418027915105], [-70.58375887930349, 45.641666683177256], [-70.59166666666671, 45.64166666668441], [-70.59166666666671, 45.6500000000177], [-70.58333333333331, 45.6500000000177]]]}, "properties": {"company_id": "lake-victoria-gold", "jurisdiction": "Quebec", "claim_id": "", "claim_name": null, "holder": "Leopard Lake Gold Corp.", "status": "Active", "recorded_date": null, "anniversary_or_expiry": null, "area_ha": null, "tenure_type": null, "source": "GESTIM active titles (MRNF digital data dump). Not legal title.", "as_of": "2026-09-20", "role": "focus", "color": "#e8b040"}}, {"type": "Feature", "geometry": {"type": "Polygon", "coordinates": [[[-70.50833333333331, 45.683333333350895], [-70.50833333333331, 45.680270001388024], [-70.50868335810071, 45.6801861242385], [-70.50906111630202, 45.67974999721069], [-70.50970831894213, 45.67959999498979], [-70.51077775289481, 45.679155546843496], [-70.51081942514561, 45.67811942690939], [-70.5113999789652, 45.67775278384069], [-70.5118722327235, 45.67757500373861], [-70.51250002084382, 45.67678057731741], [-70.51302218954503, 45.67654720956881], [-70.51341110459002, 45.67619724272851], [-70.5151472072134, 45.6751749957247], [-70.51528618451208, 45.67500004744779], [-70.51666667235286, 45.6750000019172], [-70.51666666666671, 45.683333333350895], [-70.50833333333331, 45.683333333350895]]]}, "properties": {"company_id": "lake-victoria-gold", "jurisdiction": "Quebec", "claim_id": "", "claim_name": null, "holder": "Leopard Lake Gold Corp.", "status": "Active", "recorded_date": null, "anniversary_or_expiry": null, "area_ha": null, "tenure_type": null, "source": "GESTIM active titles (MRNF digital data dump). Not legal title.", "as_of": "2026-09-20", "role": "focus", "color": "#e8b040"}}, {"type": "Feature", "geometry": {"type": "Polygon", "coordinates": [[[-70.5416666666667, 45.67500000001761], [-70.54166666666671, 45.66674135498002], [-70.54182968793617, 45.666666673209356], [-70.5433342633263, 45.66666672113937], [-70.54452775425122, 45.66693055718134], [-70.5449361195061, 45.66690276577565], [-70.54527572702918, 45.66666674096541], [-70.54917299945198, 45.666666696261395], [-70.55000000000001, 45.666943881468995], [-70.55000000000001, 45.67500000001761], [-70.5416666666667, 45.67500000001761]]]}, "properties": {"company_id": "lake-victoria-gold", "jurisdiction": "Quebec", "claim_id": "", "claim_name": null, "holder": "Leopard Lake Gold Corp.", "status": "Active", "recorded_date": null, "anniversary_or_expiry": null, "area_ha": null, "tenure_type": null, "source": "GESTIM active titles (MRNF digital data dump). Not legal title.", "as_of": "2026-09-20", "role": "focus", "color": "#e8b040"}}, {"type": "Feature", "geometry": {"type": "Polygon", "coordinates": [[[-70.51666667235286, 45.6750000019172], [-70.51666667210102, 45.674288204251425], [-70.51676668745002, 45.67424722045772], [-70.5171999753464, 45.67402224404081], [-70.51793608560281, 45.67321111948371], [-70.51791108463871, 45.67319722230643], [-70.5176833060894, 45.67264445924681], [-70.5185944135688, 45.67226112183273], [-70.51966112678961, 45.67151113158092], [-70.51980833935662, 45.67136110994033], [-70.51965557252741, 45.671105536449325], [-70.51936386459042, 45.67041665092232], [-70.51933888063219, 45.67041111889063], [-70.5193249705944, 45.66982498739813], [-70.51955557845861, 45.66973888725383], [-70.51985002969491, 45.669638885432825], [-70.5199111156274, 45.66907222782174], [-70.52054445035512, 45.66883055087902], [-70.5211611307871, 45.668888901295425], [-70.52265555473521, 45.668286107100414], [-70.5230860840644, 45.66830001404942], [-70.52391386782111, 45.667555573378735], [-70.52500000000002, 45.666881954472125], [-70.52500000000002, 45.67500000001761], [-70.51666667235286, 45.6750000019172]]]}, "properties": {"company_id": "lake-victoria-gold", "jurisdiction": "Quebec", "claim_id": "", "claim_name": null, "holder": "Leopard Lake Gold Corp.", "status": "Active", "recorded_date": null, "anniversary_or_expiry": null, "area_ha": null, "tenure_type": null, "source": "GESTIM active titles (MRNF digital data dump). Not legal title.", "as_of": "2026-09-20", "role": "focus", "color": "#e8b040"}}, {"type": "Feature", "geometry": {"type": "Polygon", "coordinates": [[[-70.55000000000001, 45.67500000001761], [-70.55000000000001, 45.666943881468995], [-70.55287776319271, 45.667908344457736], [-70.55385557750371, 45.66728889901732], [-70.55530832939651, 45.66684723937873], [-70.55565939135887, 45.66666674081889], [-70.55602876501911, 45.666666734748254], [-70.5564416397592, 45.66679724153492], [-70.55681109466802, 45.66687502019723], [-70.5574055868872, 45.667061099430235], [-70.55820193222466, 45.66666667196411], [-70.55833333333331, 45.666666666684335], [-70.55833333333331, 45.67500000001761], [-70.55000000000001, 45.67500000001761]]]}, "properties": {"company_id": "lake-victoria-gold", "jurisdiction": "Quebec", "claim_id": "", "claim_name": null, "holder": "Leopard Lake Gold Corp.", "status": "Active", "recorded_date": null, "anniversary_or_expiry": null, "area_ha": null, "tenure_type": null, "source": "GESTIM active titles (MRNF digital data dump). Not legal title.", "as_of": "2026-09-20", "role": "focus", "color": "#e8b040"}}, {"type": "Feature", "geometry": {"type": "Polygon", "coordinates": [[[-70.42500000029062, 45.71181219747511], [-70.4257333369833, 45.711716680672694], [-70.4259444140046, 45.7115944599963], [-70.42718608365531, 45.71101666972351], [-70.42753611768211, 45.7109388675685], [-70.42766386115171, 45.71079168083001], [-70.4281111358442, 45.71065002017851], [-70.4283944548669, 45.71034167203801], [-70.42920276168861, 45.7103916643614], [-70.42945835746431, 45.71024723218772], [-70.42960830484851, 45.71004165043071], [-70.42913334154451, 45.70917500132121], [-70.4288333510954, 45.70870276196102], [-70.4288450528464, 45.708333417831156], [-70.43333333871797, 45.70833333263569], [-70.4333333288633, 45.716666666951774], [-70.42499999760109, 45.71666667247734], [-70.42500000029062, 45.71181219747511]]]}, "properties": {"company_id": "lake-victoria-gold", "jurisdiction": "Quebec", "claim_id": "", "claim_name": null, "holder": "Leopard Lake Gold Corp.", "status": "Active", "recorded_date": null, "anniversary_or_expiry": null, "area_ha": null, "tenure_type": null, "source": "GESTIM active titles (MRNF digital data dump). Not legal title.", "as_of": "2026-09-20", "role": "focus", "color": "#e8b040"}}, {"type": "Feature", "geometry": {"type": "Polygon", "coordinates": [[[-70.4916666710655, 45.6916666659471], [-70.49166666266088, 45.68952909608087], [-70.49252220879612, 45.689219428554765], [-70.49330552921711, 45.68892497904327], [-70.49369164300572, 45.688886091529575], [-70.49401946548059, 45.68876109064467], [-70.4943139034228, 45.688658328701074], [-70.4945360982018, 45.68762501660497], [-70.49487502917121, 45.68744722093568], [-70.4958277611404, 45.687105546375584], [-70.49632501700061, 45.686883318738175], [-70.49649446087, 45.686405570122275], [-70.49706385751611, 45.68621943658079], [-70.49686666252029, 45.685938876748494], [-70.49655558091311, 45.68577779236408], [-70.4964639024673, 45.685644437778876], [-70.49706669667061, 45.685341662458164], [-70.50000000000001, 45.68425974229923], [-70.50000000419372, 45.691666670997414], [-70.4916666710655, 45.6916666659471]]]}, "properties": {"company_id": "lake-victoria-gold", "jurisdiction": "Quebec", "claim_id": "", "claim_name": null, "holder": "Leopard Lake Gold Corp.", "status": "Active", "recorded_date": null, "anniversary_or_expiry": null, "area_ha": null, "tenure_type": null, "source": "GESTIM active titles (MRNF digital data dump). Not legal title.", "as_of": "2026-09-20", "role": "focus", "color": "#e8b040"}}, {"type": "Feature", "geometry": {"type": "Polygon", "coordinates": [[[-70.45833333271933, 45.7083333370768], [-70.45833333333331, 45.70660263703183], [-70.4585388723013, 45.70648333079642], [-70.4598361428289, 45.70650278672363], [-70.46044166848061, 45.70594444145573], [-70.46134997216602, 45.70555833533962], [-70.46218608816162, 45.705547219210324], [-70.46314999192872, 45.705838888032225], [-70.46404165416521, 45.70617223573003], [-70.4644416851554, 45.706175020039524], [-70.46532497596391, 45.70645000485502], [-70.46546942389502, 45.70653056438323], [-70.46553053199501, 45.706494442135806], [-70.46639964823245, 45.706038654947356], [-70.46616382408949, 45.70646608928543], [-70.46580818542554, 45.70654719500101], [-70.46666665817214, 45.70719238587607], [-70.46666666118017, 45.70833333729944], [-70.45833333271933, 45.7083333370768]]]}, "properties": {"company_id": "lake-victoria-gold", "jurisdiction": "Quebec", "claim_id": "", "claim_name": null, "holder": "Leopard Lake Gold Corp.", "status": "Active", "recorded_date": null, "anniversary_or_expiry": null, "area_ha": null, "tenure_type": null, "source": "GESTIM active titles (MRNF digital data dump). Not legal title.", "as_of": "2026-09-20", "role": "focus", "color": "#e8b040"}}, {"type": "Feature", "geometry": {"type": "Polygon", "coordinates": [[[-70.45000000484877, 45.70833333169649], [-70.45000000087289, 45.70432122528187], [-70.45022219814193, 45.70423889454593], [-70.4508277617123, 45.70406388732183], [-70.4509138954661, 45.703933343006945], [-70.45144164583091, 45.70435834779142], [-70.45233058812421, 45.70513890040092], [-70.4538499837728, 45.70608890613392], [-70.4541500146645, 45.70640001627323], [-70.45448609629972, 45.706741648712416], [-70.4553361154665, 45.70685279102821], [-70.45592499794381, 45.707052762827715], [-70.4562305437782, 45.707019429876105], [-70.45676947366012, 45.70698054464091], [-70.45737776358379, 45.70700000951112], [-70.45814166374261, 45.70671389185072], [-70.45833333333331, 45.70660263703183], [-70.45833333271933, 45.7083333370768], [-70.45000000484877, 45.70833333169649]]]}, "properties": {"company_id": "lake-victoria-gold", "jurisdiction": "Quebec", "claim_id": "", "claim_name": null, "holder": "Leopard Lake Gold Corp.", "status": "Active", "recorded_date": null, "anniversary_or_expiry": null, "area_ha": null, "tenure_type": null, "source": "GESTIM active titles (MRNF digital data dump). Not legal title.", "as_of": "2026-09-20", "role": "focus", "color": "#e8b040"}}, {"type": "Feature", "geometry": {"type": "Polygon", "coordinates": [[[-70.44166666518625, 45.70833333932091], [-70.44166665822077, 45.705150278822586], [-70.44205279352332, 45.70506387140783], [-70.44294166311352, 45.704691659180924], [-70.44327776833121, 45.704363871726535], [-70.4441194246677, 45.70386387442502], [-70.44447224530731, 45.703755557715425], [-70.44530278945422, 45.70367776254873], [-70.44586388773541, 45.70374442829033], [-70.44626666867741, 45.703649994964934], [-70.44761111920911, 45.70424168723072], [-70.44805554364002, 45.70428888854342], [-70.44907220288171, 45.70445276106342], [-70.44967496775512, 45.704441658442335], [-70.45000000087289, 45.70432122528187], [-70.45000000484877, 45.70833333169649], [-70.44166666518625, 45.70833333932091]]]}, "properties": {"company_id": "lake-victoria-gold", "jurisdiction": "Quebec", "claim_id": "", "claim_name": null, "holder": "Leopard Lake Gold Corp.", "status": "Active", "recorded_date": null, "anniversary_or_expiry": null, "area_ha": null, "tenure_type": null, "source": "GESTIM active titles (MRNF digital data dump). Not legal title.", "as_of": "2026-09-20", "role": "focus", "color": "#e8b040"}}, {"type": "Feature", "geometry": {"type": "Polygon", "coordinates": [[[-70.43333333871797, 45.70833333263569], [-70.4333333333333, 45.706085427928485], [-70.4334639182433, 45.70603056452261], [-70.43403333203611, 45.705850000755035], [-70.4343583042882, 45.705719444403805], [-70.43499444043151, 45.70567779827031], [-70.4368360968528, 45.70478889805503], [-70.43776941290331, 45.70454442695313], [-70.43857220243692, 45.704166646149424], [-70.43916109540943, 45.70387500062723], [-70.43949997098672, 45.70399166074261], [-70.43993609703881, 45.70423608996882], [-70.4403055596704, 45.70438333410632], [-70.44077223630782, 45.705108322216326], [-70.44086387462802, 45.705188884766315], [-70.4410611333365, 45.70539444909553], [-70.44125831805741, 45.705241653232925], [-70.44166665822077, 45.705150278822586], [-70.44166666518625, 45.70833333932091], [-70.43333333871797, 45.70833333263569]]]}, "properties": {"company_id": "lake-victoria-gold", "jurisdiction": "Quebec", "claim_id": "", "claim_name": null, "holder": "Leopard Lake Gold Corp.", "status": "Active", "recorded_date": null, "anniversary_or_expiry": null, "area_ha": null, "tenure_type": null, "source": "GESTIM active titles (MRNF digital data dump). Not legal title.", "as_of": "2026-09-20", "role": "focus", "color": "#e8b040"}}, {"type": "Feature", "geometry": {"type": "Polygon", "coordinates": [[[-70.4166666669228, 45.71666667286656], [-70.41666666155135, 45.713912306334464], [-70.41722500081481, 45.71371945017821], [-70.41765279805222, 45.71338611136651], [-70.41887780041242, 45.7130083361833], [-70.41965001772881, 45.712852781087996], [-70.4200777987083, 45.712688899622286], [-70.42207497973291, 45.7122027914716], [-70.42241665001961, 45.712194426408914], [-70.42294164411582, 45.71184722743521], [-70.42342777284631, 45.7117639083954], [-70.42418888198371, 45.7117027962407], [-70.42494442506091, 45.71181943589719], [-70.42500000029062, 45.71181219747511], [-70.42499999760109, 45.71666667247734], [-70.4166666669228, 45.71666667286656]]]}, "properties": {"company_id": "lake-victoria-gold", "jurisdiction": "Quebec", "claim_id": "", "claim_name": null, "holder": "Leopard Lake Gold Corp.", "status": "Active", "recorded_date": null, "anniversary_or_expiry": null, "area_ha": null, "tenure_type": null, "source": "GESTIM active titles (MRNF digital data dump). Not legal title.", "as_of": "2026-09-20", "role": "focus", "color": "#e8b040"}}, {"type": "Feature", "geometry": {"type": "Polygon", "coordinates": [[[-70.40833333682781, 45.716670845823344], [-70.40841803737105, 45.71666667159166], [-70.4166666669228, 45.71666667286656], [-70.41666666265546, 45.72500000322533], [-70.40833333941212, 45.724999997684556], [-70.40833333682781, 45.716670845823344]]]}, "properties": {"company_id": "lake-victoria-gold", "jurisdiction": "Quebec", "claim_id": "", "claim_name": null, "holder": "Leopard Lake Gold Corp.", "status": "Active", "recorded_date": null, "anniversary_or_expiry": null, "area_ha": null, "tenure_type": null, "source": "GESTIM active titles (MRNF digital data dump). Not legal title.", "as_of": "2026-09-20", "role": "focus", "color": "#e8b040"}}, {"type": "Feature", "geometry": {"type": "Polygon", "coordinates": [[[-70.40000000436044, 45.72500000517508], [-70.39999999802347, 45.72187385073366], [-70.4006222261335, 45.72166112437078], [-70.40020002282631, 45.72129999828369], [-70.39999999531643, 45.721230989766276], [-70.39999999243966, 45.72035778976525], [-70.40006667337381, 45.72033334216967], [-70.40034443360541, 45.719716685827095], [-70.4009722323256, 45.71962778038569], [-70.40133890594741, 45.71959167627117], [-70.40165556319862, 45.719477794703096], [-70.40255002827661, 45.71932499623379], [-70.40283333425371, 45.71921389105057], [-70.40289996970391, 45.71908334471739], [-70.40312497837242, 45.71869168764818], [-70.4037110921024, 45.718361123572286], [-70.40621388038281, 45.71788335323969], [-70.40701945334261, 45.717438888732886], [-70.40736664402522, 45.71719165157099], [-70.407613885393, 45.71680834026291], [-70.40767221484231, 45.71669445227089], [-70.40791107909601, 45.716691654568386], [-70.40833333682781, 45.716670845823344], [-70.40833333941212, 45.724999997684556], [-70.40000000436044, 45.72500000517508]]]}, "properties": {"company_id": "lake-victoria-gold", "jurisdiction": "Quebec", "claim_id": "", "claim_name": null, "holder": "Leopard Lake Gold Corp.", "status": "Active", "recorded_date": null, "anniversary_or_expiry": null, "area_ha": null, "tenure_type": null, "source": "GESTIM active titles (MRNF digital data dump). Not legal title.", "as_of": "2026-09-20", "role": "focus", "color": "#e8b040"}}, {"type": "Feature", "geometry": {"type": "Polygon", "coordinates": [[[-70.39166667234066, 45.81666666913585], [-70.391666667217, 45.811431741808754], [-70.39547218953341, 45.809105535385726], [-70.3958527955757, 45.80879165258723], [-70.39601391264671, 45.808655561520624], [-70.39640496986495, 45.808333408977695], [-70.40000000396013, 45.80833333753137], [-70.39999999409666, 45.81666666623943], [-70.39166667234066, 45.81666666913585]]]}, "properties": {"company_id": "lake-victoria-gold", "jurisdiction": "Quebec", "claim_id": "", "claim_name": null, "holder": "Leopard Lake Gold Corp.", "status": "Active", "recorded_date": null, "anniversary_or_expiry": null, "area_ha": null, "tenure_type": null, "source": "GESTIM active titles (MRNF digital data dump). Not legal title.", "as_of": "2026-09-20", "role": "focus", "color": "#e8b040"}}, {"type": "Feature", "geometry": {"type": "Polygon", "coordinates": [[[-70.40833333462554, 45.74999999868394], [-70.40833332883143, 45.75833333645653], [-70.40197917116201, 45.75833338779763], [-70.40124164186321, 45.75772501623416], [-70.4007805352421, 45.75736112190067], [-70.4001611370747, 45.75733332753827], [-70.40000000636589, 45.75731492741107], [-70.4000000062468, 45.75000000391348], [-70.40833333462554, 45.74999999868394]]]}, "properties": {"company_id": "lake-victoria-gold", "jurisdiction": "Quebec", "claim_id": "", "claim_name": null, "holder": "Leopard Lake Gold Corp.", "status": "Active", "recorded_date": null, "anniversary_or_expiry": null, "area_ha": null, "tenure_type": null, "source": "GESTIM active titles (MRNF digital data dump). Not legal title.", "as_of": "2026-09-20", "role": "focus", "color": "#e8b040"}}, {"type": "Feature", "geometry": {"type": "Polygon", "coordinates": [[[-70.4000000062468, 45.75000000391348], [-70.40000000636589, 45.75731492741107], [-70.39836109559741, 45.75712775881027], [-70.39749442882182, 45.75712500613908], [-70.3958749964805, 45.75663334909008], [-70.39561113387211, 45.75633890954297], [-70.3954222010517, 45.75594444163398], [-70.39488331984931, 45.755491648128476], [-70.3946583148714, 45.754880556650875], [-70.39440554257081, 45.754613886359486], [-70.39391666912852, 45.75431389905957], [-70.3938027523787, 45.754222229713676], [-70.3936833109004, 45.75409998727089], [-70.39200830995611, 45.75297222924499], [-70.39166666764943, 45.75268020048328], [-70.39166666562367, 45.75000000419379], [-70.4000000062468, 45.75000000391348]]]}, "properties": {"company_id": "lake-victoria-gold", "jurisdiction": "Quebec", "claim_id": "", "claim_name": null, "holder": "Leopard Lake Gold Corp.", "status": "Active", "recorded_date": null, "anniversary_or_expiry": null, "area_ha": null, "tenure_type": null, "source": "GESTIM active titles (MRNF digital data dump). Not legal title.", "as_of": "2026-09-20", "role": "focus", "color": "#e8b040"}}, {"type": "Feature", "geometry": {"type": "Polygon", "coordinates": [[[-70.42500000521608, 45.79999999812116], [-70.41666667097961, 45.79999999998548], [-70.41666666561085, 45.79560403369743], [-70.4168694654097, 45.795536100882664], [-70.41697777894191, 45.79538054596257], [-70.41745003087331, 45.79454442337486], [-70.41780557150021, 45.79398056160388], [-70.4170194733019, 45.79343887092168], [-70.41666666307145, 45.79352457140523], [-70.4166666608029, 45.79166666498298], [-70.42500000052144, 45.79166667125526], [-70.42500000521608, 45.79999999812116]]]}, "properties": {"company_id": "lake-victoria-gold", "jurisdiction": "Quebec", "claim_id": "", "claim_name": null, "holder": "Leopard Lake Gold Corp.", "status": "Active", "recorded_date": null, "anniversary_or_expiry": null, "area_ha": null, "tenure_type": null, "source": "GESTIM active titles (MRNF digital data dump). Not legal title.", "as_of": "2026-09-20", "role": "focus", "color": "#e8b040"}}, {"type": "Feature", "geometry": {"type": "Polygon", "coordinates": [[[-70.49166666511462, 45.80833333810934], [-70.49166666574389, 45.81666666680355], [-70.48333333490768, 45.816666671714664], [-70.48333332921165, 45.80833333493871], [-70.49166666511462, 45.80833333810934]]]}, "properties": {"company_id": "lake-victoria-gold", "jurisdiction": "Quebec", "claim_id": "", "claim_name": null, "holder": "Leopard Lake Gold Corp.", "status": "Active", "recorded_date": null, "anniversary_or_expiry": null, "area_ha": null, "tenure_type": null, "source": "GESTIM active titles (MRNF digital data dump). Not legal title.", "as_of": "2026-09-20", "role": "focus", "color": "#e8b040"}}, {"type": "Feature", "geometry": {"type": "Polygon", "coordinates": [[[-70.49166666511462, 45.80833333810934], [-70.48333332921165, 45.80833333493871], [-70.48333332953446, 45.800000004692905], [-70.49166667020091, 45.79999999795656], [-70.49166666860195, 45.80262000016958], [-70.49166666511462, 45.80833333810934]]]}, "properties": {"company_id": "lake-victoria-gold", "jurisdiction": "Quebec", "claim_id": "", "claim_name": null, "holder": "Leopard Lake Gold Corp.", "status": "Active", "recorded_date": null, "anniversary_or_expiry": null, "area_ha": null, "tenure_type": null, "source": "GESTIM active titles (MRNF digital data dump). Not legal title.", "as_of": "2026-09-20", "role": "focus", "color": "#e8b040"}}, {"type": "Feature", "geometry": {"type": "Polygon", "coordinates": [[[-70.49866997387208, 45.80000004877174], [-70.4999999991887, 45.800000004255395], [-70.50000000173218, 45.80833333615653], [-70.49166666511464, 45.808333338109314], [-70.49166666860195, 45.80262000016958], [-70.49866997387208, 45.80000004877174]]]}, "properties": {"company_id": "lake-victoria-gold", "jurisdiction": "Quebec", "claim_id": "", "claim_name": null, "holder": "Leopard Lake Gold Corp.", "status": "Active", "recorded_date": null, "anniversary_or_expiry": null, "area_ha": null, "tenure_type": null, "source": "GESTIM active titles (MRNF digital data dump). Not legal title.", "as_of": "2026-09-20", "role": "focus", "color": "#e8b040"}}, {"type": "Feature", "geometry": {"type": "Polygon", "coordinates": [[[-70.41666666278762, 45.733333331064905], [-70.41624366381168, 45.73333334566682], [-70.41625546312288, 45.73116427355417], [-70.41350059479937, 45.7312231279214], [-70.41349998987096, 45.731225809700646], [-70.41342640010822, 45.731234400364826], [-70.41334930032991, 45.731234299640704], [-70.4133619996565, 45.73131529977877], [-70.41325900030256, 45.731441200368636], [-70.41319480039965, 45.731432100128785], [-70.41318189962493, 45.73147710040534], [-70.41319450002612, 45.73159410040493], [-70.4130015001191, 45.73178289957865], [-70.41275720018461, 45.731908700343716], [-70.41259019967794, 45.73191760003468], [-70.41234570009397, 45.732115299798735], [-70.4122557004402, 45.73215129966023], [-70.4121014999842, 45.73215110001076], [-70.41197310017837, 45.73211510014924], [-70.41184459964853, 45.73213290043055], [-70.4115359001616, 45.73234869995006], [-70.41134280042985, 45.73258250029966], [-70.4111499003476, 45.73269929975039], [-70.41105989979451, 45.73269919992562], [-70.41089280036243, 45.73272610044671], [-70.41061020010062, 45.732707899967124], [-70.41050729967208, 45.732770800349634], [-70.41023739963623, 45.73278859973161], [-70.40990319987276, 45.732923300187664], [-70.40977470024217, 45.7329052004322], [-70.40937590037748, 45.733183799610124], [-70.40897759963649, 45.733210499582405], [-70.40891339973359, 45.733192399826905], [-70.40883620013051, 45.73323740010347], [-70.40854060016852, 45.733264100075665], [-70.40833333359976, 45.73333265132896], [-70.40833333941212, 45.724999997684556], [-70.41666666265546, 45.725000003225276], [-70.41666666278762, 45.733333331064905]]]}, "properties": {"company_id": "lake-victoria-gold", "jurisdiction": "Quebec", "claim_id": "", "claim_name": null, "holder": "Leopard Lake Gold Corp.", "status": "Active", "recorded_date": null, "anniversary_or_expiry": null, "area_ha": null, "tenure_type": null, "source": "GESTIM active titles (MRNF digital data dump). Not legal title.", "as_of": "2026-09-20", "role": "focus", "color": "#e8b040"}}, {"type": "Feature", "geometry": {"type": "Polygon", "coordinates": [[[-70.40833333941212, 45.724999997684556], [-70.40833333359976, 45.73333265132896], [-70.40833126963773, 45.73333333395985], [-70.40822245931815, 45.733333338306345], [-70.40818069957959, 45.7333267999094], [-70.40800099974632, 45.733254700361655], [-70.40775679963654, 45.733281500158625], [-70.4076825745711, 45.73333335815878], [-70.40000000500652, 45.733333331568794], [-70.40000000436044, 45.72500000517508], [-70.40833333941212, 45.724999997684556]]]}, "properties": {"company_id": "lake-victoria-gold", "jurisdiction": "Quebec", "claim_id": "", "claim_name": null, "holder": "Leopard Lake Gold Corp.", "status": "Active", "recorded_date": null, "anniversary_or_expiry": null, "area_ha": null, "tenure_type": null, "source": "GESTIM active titles (MRNF digital data dump). Not legal title.", "as_of": "2026-09-20", "role": "focus", "color": "#e8b040"}}, {"type": "Feature", "geometry": {"type": "Polygon", "coordinates": [[[-70.40000000436044, 45.72500000517508], [-70.40000000500649, 45.733333331568794], [-70.39970391439728, 45.733333343274545], [-70.39970040025321, 45.73331969976185], [-70.39930239988581, 45.73314839959647], [-70.39913559992794, 45.73302220043171], [-70.39894300021922, 45.73294109956957], [-70.39866030013268, 45.732913799749525], [-70.39830089956683, 45.73276060023905], [-70.39779989984542, 45.73269710000868], [-70.39756880015995, 45.732570899944584], [-70.39737599990241, 45.73258880005063], [-70.39696509965961, 45.73247139985273], [-70.3969008997567, 45.732444400406315], [-70.39687550020415, 45.73230939957663], [-70.3966056001683, 45.73230009968739], [-70.3963870001599, 45.73239890010668], [-70.39628419955613, 45.73239880028194], [-70.39611739959827, 45.73229069997337], [-70.39601459989382, 45.73228159973352], [-70.39600189966791, 45.73222759994128], [-70.39583490006055, 45.73220049977075], [-70.39561670025046, 45.7320562997759], [-70.39551400037078, 45.7320291996054], [-70.39524470018273, 45.731759000095266], [-70.39480759999071, 45.73187559989652], [-70.39451219967822, 45.73180329979992], [-70.39431940032006, 45.731839100012], [-70.39407539985979, 45.73179390008597], [-70.39375419979643, 45.73179359971238], [-70.39356129971418, 45.73184739985513], [-70.39331730015323, 45.731820199859825], [-70.39344629980684, 45.73155039964877], [-70.39318969984475, 45.731325200415185], [-70.39306120021416, 45.73136110045192], [-70.39299700031125, 45.73134299979711], [-70.39291979980885, 45.73136990031814], [-70.39284289968003, 45.731288900180104], [-70.39266300019727, 45.731288699631314], [-70.39218699983013, 45.73159420022963], [-70.3916666651733, 45.73174268304552], [-70.3916666666667, 45.72874254960261], [-70.39195834886681, 45.728802780333446], [-70.39246665712712, 45.72924168887244], [-70.39289997464361, 45.72935275804534], [-70.39513608061941, 45.72965001727143], [-70.39641390562791, 45.729127785788265], [-70.39650555946982, 45.72908056820957], [-70.3970361281172, 45.728508332571266], [-70.39691668376071, 45.72768055798285], [-70.39671665671881, 45.726936092595025], [-70.39694722729139, 45.726672208672376], [-70.3974999878232, 45.726513880933766], [-70.39761110071021, 45.726358313265834], [-70.39750002587822, 45.72594164872564], [-70.39737502484981, 45.72570834077056], [-70.39719996937261, 45.725455543310254], [-70.39690555742492, 45.72543056211487], [-70.3967305510728, 45.72514164737578], [-70.39691932615891, 45.725000079207035], [-70.40000000436044, 45.72500000517508]]]}, "properties": {"company_id": "lake-victoria-gold", "jurisdiction": "Quebec", "claim_id": "", "claim_name": null, "holder": "Leopard Lake Gold Corp.", "status": "Active", "recorded_date": null, "anniversary_or_expiry": null, "area_ha": null, "tenure_type": null, "source": "GESTIM active titles (MRNF digital data dump). Not legal title.", "as_of": "2026-09-20", "role": "focus", "color": "#e8b040"}}, {"type": "Feature", "geometry": {"type": "Polygon", "coordinates": [[[-70.4166666675443, 45.741666665383384], [-70.41666666594601, 45.738866958653524], [-70.4169871002744, 45.7387864005894], [-70.41700750049569, 45.73869980037299], [-70.41689060032093, 45.738675200317715], [-70.41703600001136, 45.73857830016592], [-70.41707210059695, 45.73855430085774], [-70.4172288002689, 45.73841629899048], [-70.41760289935426, 45.738222999609214], [-70.41763169924349, 45.738203699258776], [-70.4176892990219, 45.73816499963252], [-70.41765079904508, 45.73810709948059], [-70.4174538996777, 45.73804770015874], [-70.417295000264, 45.73812869939744], [-70.41706169993743, 45.73815899935581], [-70.41695080003933, 45.738059199789696], [-70.41702140041724, 45.738043399600684], [-70.4170995002417, 45.73802589969298], [-70.41716510038901, 45.73798050011745], [-70.41725949952627, 45.73791520034376], [-70.41720089970168, 45.73781550060236], [-70.41702420000678, 45.73780979979991], [-70.4167332009764, 45.737830299845974], [-70.41666666537219, 45.73786169132645], [-70.41666666522885, 45.73761057467506], [-70.41700870019133, 45.737530500949354], [-70.41700870019133, 45.737432000903624], [-70.41720050040271, 45.73729959911474], [-70.41746609988057, 45.73722249933633], [-70.4176307990221, 45.73717459964556], [-70.41780410107839, 45.737124299664195], [-70.41763909976459, 45.7370101001535], [-70.41756769899007, 45.73696069949414], [-70.41780170078783, 45.73687319995568], [-70.41781810082466, 45.73688809992336], [-70.41794370014162, 45.73700129938798], [-70.41810020016408, 45.73698329945719], [-70.41815229968881, 45.736955999637175], [-70.41820790027435, 45.73692679954964], [-70.41826500002969, 45.73681600037562], [-70.41846749947547, 45.73682659978529], [-70.41854639969654, 45.73682239995133], [-70.41872929931765, 45.73669929985029], [-70.41881300101915, 45.736631800334834], [-70.41883130042412, 45.736599500284214], [-70.41887270071453, 45.73652650051505], [-70.41911990006331, 45.73650380072733], [-70.41920719995225, 45.73654200033056], [-70.41922500023355, 45.73654980015067], [-70.41923370027502, 45.73653790032135], [-70.41929189990121, 45.73645850097651], [-70.4196067993143, 45.73635060121677], [-70.4196359994018, 45.73631789916922], [-70.41970209957219, 45.73624399917869], [-70.41947899935627, 45.736152099257474], [-70.41929389999348, 45.73617819938191], [-70.41929110040394, 45.73617859958022], [-70.41919759968943, 45.7361894993634], [-70.41916879980022, 45.73619279987528], [-70.4190924005938, 45.73621049943248], [-70.41899930007759, 45.73623209934937], [-70.41896070027605, 45.736240999040355], [-70.41891350025782, 45.73628329955216], [-70.41886560056696, 45.736326199012396], [-70.41823339965163, 45.736368900621734], [-70.41823260015434, 45.7363689006217], [-70.41823100026039, 45.73636900044649], [-70.4182300002143, 45.73636960119365], [-70.4179032000726, 45.73654270090238], [-70.41773320032688, 45.73656640073624], [-70.41763509958012, 45.736584700141286], [-70.41732609971967, 45.73664240064378], [-70.41732579934614, 45.73664260029332], [-70.41715430043058, 45.736778299896066], [-70.41702550042646, 45.73688009955445], [-70.41688490041776, 45.73690469960971], [-70.41673390064898, 45.73693119993239], [-70.4167278005475, 45.73688640020468], [-70.41672370053828, 45.73685660026936], [-70.41683160029804, 45.73677050007602], [-70.41698190039438, 45.73665060066219], [-70.41708169996042, 45.736641800795994], [-70.41719970000611, 45.73659590029805], [-70.41725429964617, 45.73653810087014], [-70.41745849970994, 45.736483900529066], [-70.41760469979704, 45.73644510107802], [-70.41767159946471, 45.7363985009076], [-70.4178627009029, 45.73635940108297], [-70.41812940025159, 45.736231298952795], [-70.41820969981774, 45.736183399261954], [-70.41820020027899, 45.73595460004223], [-70.41816940029753, 45.73582630006119], [-70.41799440032128, 45.73572850058733], [-70.4178808006584, 45.73579330033807], [-70.41746269954393, 45.7360318994701], [-70.41712639986343, 45.73625359944155], [-70.41711490023243, 45.736261199612215], [-70.41689380010877, 45.73630139930762], [-70.41666666455933, 45.73643760427591], [-70.41666666439221, 45.73614482411609], [-70.41685680020112, 45.736098099465195], [-70.41700640062487, 45.73600399980223], [-70.41703590018659, 45.735904300060895], [-70.41702720014513, 45.73576119993692], [-70.41686600026566, 45.73571730043054], [-70.41669460027555, 45.73576820025974], [-70.41666666416988, 45.735755221176476], [-70.41666666278762, 45.733333331064934], [-70.42500000565106, 45.73333333196786], [-70.4250000039192, 45.741666667102024], [-70.4166666675443, 45.741666665383384]]]}, "properties": {"company_id": "lake-victoria-gold", "jurisdiction": "Quebec", "claim_id": "", "claim_name": null, "holder": "Leopard Lake Gold Corp.", "status": "Active", "recorded_date": null, "anniversary_or_expiry": null, "area_ha": null, "tenure_type": null, "source": "GESTIM active titles (MRNF digital data dump). Not legal title.", "as_of": "2026-09-20", "role": "focus", "color": "#e8b040"}}, {"type": "Feature", "geometry": {"type": "Polygon", "coordinates": [[[-70.40000000624684, 45.75000000391348], [-70.39166666562367, 45.75000000419379], [-70.39166665838984, 45.745817487497305], [-70.3920611132939, 45.745711114116915], [-70.39211947439561, 45.745533315901916], [-70.39240556321622, 45.7452277917909], [-70.3925528093478, 45.74493887159641], [-70.39299720752172, 45.74465276783951], [-70.39311387721172, 45.74450002116931], [-70.39303891263451, 45.744294422742314], [-70.39327775295841, 45.744158348190425], [-70.39373335133192, 45.74417221474052], [-70.3941916358648, 45.744058337891516], [-70.39426946282052, 45.74375001271971], [-70.39451113958451, 45.74358887517923], [-70.39450828562627, 45.74357616407821], [-70.39499120018371, 45.74360019990681], [-70.39576279961346, 45.74333100044278], [-70.39614790010546, 45.743556300400456], [-70.39644340024267, 45.7436016001512], [-70.39666200025107, 45.74353879959343], [-70.39704750004205, 45.74355709989774], [-70.39794769982643, 45.74324299998196], [-70.39897669961493, 45.74274899968408], [-70.39927229957692, 45.742749300057625], [-70.39965356283443, 45.74166667822801], [-70.39999999706937, 45.741666664586575], [-70.40000000624684, 45.75000000391348]]]}, "properties": {"company_id": "lake-victoria-gold", "jurisdiction": "Quebec", "claim_id": "", "claim_name": null, "holder": "Leopard Lake Gold Corp.", "status": "Active", "recorded_date": null, "anniversary_or_expiry": null, "area_ha": null, "tenure_type": null, "source": "GESTIM active titles (MRNF digital data dump). Not legal title.", "as_of": "2026-09-20", "role": "focus", "color": "#e8b040"}}, {"type": "Feature", "geometry": {"type": "Polygon", "coordinates": [[[-70.42500000153704, 45.75833333899054], [-70.42500000064912, 45.76666666674713], [-70.42496696577301, 45.76666666810762], [-70.42482689961454, 45.76663169972178], [-70.42409430069911, 45.76653229986894], [-70.42297649922897, 45.76596460070938], [-70.42302870071427, 45.765424799946054], [-70.42279759949382, 45.765145700359234], [-70.42225890029134, 45.76429050006282], [-70.42265799970056, 45.76387690067513], [-70.42304400069153, 45.76364319945868], [-70.4237768996066, 45.763571699564515], [-70.42445810016063, 45.763671099417365], [-70.42318760047903, 45.762014600307204], [-70.42314910053604, 45.762023600293894], [-70.42290489933504, 45.76193350042728], [-70.42277649952504, 45.76179840062728], [-70.42275109956275, 45.76162739931795], [-70.42285429940995, 45.761339599744026], [-70.42307330064823, 45.76103380019675], [-70.42335650022895, 45.760719000662796], [-70.42338280019004, 45.760287199739544], [-70.4232035004554, 45.759801100459185], [-70.42229120024358, 45.759503599337194], [-70.42216260043396, 45.75957550079318], [-70.42135230007108, 45.75988090034106], [-70.42095340066156, 45.76016849991526], [-70.42068299949939, 45.76048329944922], [-70.42029690007107, 45.760734900639264], [-70.41974389932724, 45.760941500333395], [-70.41967919942304, 45.761202399947145], [-70.41982010077695, 45.7615533994275], [-70.4196268995004, 45.761832200577246], [-70.4193054999763, 45.76182300059088], [-70.41880410071853, 45.76184070056469], [-70.4183924997654, 45.76202930028548], [-70.41808360022269, 45.762227099992614], [-70.41744049961234, 45.76248749960714], [-70.41717040001215, 45.76254129952746], [-70.41705450018367, 45.76266719934106], [-70.41698940028013, 45.7632250000778], [-70.41677070060393, 45.76331489994471], [-70.41666666796445, 45.763375405421634], [-70.41666666475749, 45.75833333578016], [-70.42500000153704, 45.75833333899054]]]}, "properties": {"company_id": "lake-victoria-gold", "jurisdiction": "Quebec", "claim_id": "", "claim_name": null, "holder": "Leopard Lake Gold Corp.", "status": "Active", "recorded_date": null, "anniversary_or_expiry": null, "area_ha": null, "tenure_type": null, "source": "GESTIM active titles (MRNF digital data dump). Not legal title.", "as_of": "2026-09-20", "role": "focus", "color": "#e8b040"}}, {"type": "Feature", "geometry": {"type": "Polygon", "coordinates": [[[-70.41666666475749, 45.75833333578016], [-70.41666666796445, 45.763375405421634], [-70.41661629926996, 45.763404699811744], [-70.41629459974634, 45.76364739945245], [-70.41581850045114, 45.763881000669066], [-70.41540729949739, 45.76377279926679], [-70.41520179980166, 45.76362859948029], [-70.41489330025837, 45.7636553994406], [-70.41480310039184, 45.76375429929416], [-70.4149309002026, 45.76424030013711], [-70.41480210039342, 45.76442919985747], [-70.41432639953507, 45.76442879985807], [-70.41430069957309, 45.76444679983142], [-70.41433919951612, 45.76450079975147], [-70.41430039957358, 45.764608799591564], [-70.41417169976413, 45.76468959947197], [-70.41413299982146, 45.76479759931208], [-70.414209599708, 45.7651216003949], [-70.41406789991781, 45.76532840008874], [-70.41392640012724, 45.76536430003559], [-70.413605100603, 45.765301100129186], [-70.41347639923102, 45.76541799995613], [-70.41345059926917, 45.765462899889634], [-70.41350180075581, 45.7656248996498], [-70.41345029926958, 45.76566989958319], [-70.4131414997267, 45.76580459938376], [-70.4131156997649, 45.76584959931713], [-70.41288430010756, 45.76584039933077], [-70.41283270018394, 45.76599330066693], [-70.41280670022248, 45.766128300467045], [-70.41247220071766, 45.766263000267635], [-70.41247210071771, 45.766335000161014], [-70.41230459940326, 45.76661379974827], [-70.41224944755336, 45.76666675629242], [-70.40833332724415, 45.76666667170412], [-70.40833332883143, 45.75833333645653], [-70.41666666475749, 45.75833333578016]]]}, "properties": {"company_id": "lake-victoria-gold", "jurisdiction": "Quebec", "claim_id": "", "claim_name": null, "holder": "Leopard Lake Gold Corp.", "status": "Active", "recorded_date": null, "anniversary_or_expiry": null, "area_ha": null, "tenure_type": null, "source": "GESTIM active titles (MRNF digital data dump). Not legal title.", "as_of": "2026-09-20", "role": "focus", "color": "#e8b040"}}]}