{"type": "FeatureCollection", "features": [{"type": "Feature", "geometry": {"type": "Polygon", "coordinates": [[[-81.0063, 47.5875], [-81.0063, 47.5917], [-81.0125, 47.5917], [-81.0125, 47.5875], [-81.0063, 47.5875]]]}, "properties": {"company_id": "mcfarlane-lake-mining", "jurisdiction": "Ontario", "claim_id": "100978", "claim_name": null, "holder": "(100) McFarlane Lake Mining Limited", "status": "Active", "recorded_date": "2018-04-10", "anniversary_or_expiry": "2030-09-23", "area_ha": null, "tenure_type": "Single Cell Mining Claim", "source": "Ontario MLAS operational claims (OGSEarth / LIO MapServer). Unofficial viewing data, not legal title.", "as_of": "2026-09-20", "role": "focus", "color": "#e8b040"}}, {"type": "Feature", "geometry": {"type": "Polygon", "coordinates": [[[-81.0125, 47.5875], [-81.0125, 47.5917], [-81.0188, 47.5917], [-81.0188, 47.5875], [-81.0125, 47.5875]]]}, "properties": {"company_id": "mcfarlane-lake-mining", "jurisdiction": "Ontario", "claim_id": "100979", "claim_name": null, "holder": "(100) McFarlane Lake Mining Limited", "status": "Active", "recorded_date": "2018-04-10", "anniversary_or_expiry": "2030-09-23", "area_ha": null, "tenure_type": "Single Cell Mining Claim", "source": "Ontario MLAS operational claims (OGSEarth / LIO MapServer). Unofficial viewing data, not legal title.", "as_of": "2026-09-20", "role": "focus", "color": "#e8b040"}}, {"type": "Feature", "geometry": {"type": "Polygon", "coordinates": [[[-81.025, 47.5875], [-81.025, 47.5917], [-81.0313, 47.5917], [-81.0313, 47.5875], [-81.025, 47.5875]]]}, "properties": {"company_id": "mcfarlane-lake-mining", "jurisdiction": "Ontario", "claim_id": "100980", "claim_name": null, "holder": "(100) McFarlane Lake Mining Limited", "status": "Active", "recorded_date": "2018-04-10", "anniversary_or_expiry": "2030-06-10", "area_ha": null, "tenure_type": "Single Cell Mining Claim", "source": "Ontario MLAS operational claims (OGSEarth / LIO MapServer). Unofficial viewing data, not legal title.", "as_of": "2026-09-20", "role": "focus", "color": "#e8b040"}}, {"type": "Feature", "geometry": {"type": "Polygon", "coordinates": [[[-81.0063, 47.5833], [-81.0063, 47.5875], [-81.0125, 47.5875], [-81.0125, 47.5833], [-81.0063, 47.5833]]]}, "properties": {"company_id": "mcfarlane-lake-mining", "jurisdiction": "Ontario", "claim_id": "100981", "claim_name": null, "holder": "(100) McFarlane Lake Mining Limited", "status": "Active", "recorded_date": "2018-04-10", "anniversary_or_expiry": "2030-09-27", "area_ha": null, "tenure_type": "Single Cell Mining Claim", "source": "Ontario MLAS operational claims (OGSEarth / LIO MapServer). Unofficial viewing data, not legal title.", "as_of": "2026-09-20", "role": "focus", "color": "#e8b040"}}, {"type": "Feature", "geometry": {"type": "Polygon", "coordinates": [[[-80.9875, 47.625], [-80.9875, 47.6292], [-80.9938, 47.6292], [-80.9938, 47.625], [-80.9875, 47.625]]]}, "properties": {"company_id": "mcfarlane-lake-mining", "jurisdiction": "Ontario", "claim_id": "101686", "claim_name": null, "holder": "(100) McFarlane Lake Mining Limited", "status": "Active", "recorded_date": "2018-04-10", "anniversary_or_expiry": "2030-02-02", "area_ha": null, "tenure_type": "Boundary Cell Mining Claim", "source": "Ontario MLAS operational claims (OGSEarth / LIO MapServer). Unofficial viewing data, not legal title.", "as_of": "2026-09-20", "role": "focus", "color": "#e8b040"}}, {"type": "Feature", "geometry": {"type": "Polygon", "coordinates": [[[-81.0125, 47.6083], [-81.0125, 47.6125], [-81.0188, 47.6125], [-81.0188, 47.6083], [-81.0125, 47.6083]]]}, "properties": {"company_id": "mcfarlane-lake-mining", "jurisdiction": "Ontario", "claim_id": "101196", "claim_name": null, "holder": "(100) McFarlane Lake Mining Limited", "status": "Active", "recorded_date": "2018-04-10", "anniversary_or_expiry": "2030-05-25", "area_ha": null, "tenure_type": "Single Cell Mining Claim", "source": "Ontario MLAS operational claims (OGSEarth / LIO MapServer). Unofficial viewing data, not legal title.", "as_of": "2026-09-20", "role": "focus", "color": "#e8b040"}}, {"type": "Feature", "geometry": {"type": "Polygon", "coordinates": [[[-81.0313, 47.6875], [-81.0313, 47.6917], [-81.0375, 47.6917], [-81.0375, 47.6875], [-81.0313, 47.6875]]]}, "properties": {"company_id": "mcfarlane-lake-mining", "jurisdiction": "Ontario", "claim_id": "101794", "claim_name": null, "holder": "(75) ORECAP INVEST CORP., (25) McFarlane Lake Mining Limited", "status": "Active", "recorded_date": "2018-04-10", "anniversary_or_expiry": "2030-09-23", "area_ha": null, "tenure_type": "Boundary Cell Mining Claim", "source": "Ontario MLAS operational claims (OGSEarth / LIO MapServer). Unofficial viewing data, not legal title.", "as_of": "2026-09-20", "role": "focus", "color": "#e8b040"}}, {"type": "Feature", "geometry": {"type": "Polygon", "coordinates": [[[-81.0, 47.5917], [-81.0, 47.5958], [-81.0063, 47.5958], [-81.0063, 47.5917], [-81.0, 47.5917]]]}, "properties": {"company_id": "mcfarlane-lake-mining", "jurisdiction": "Ontario", "claim_id": "100038", "claim_name": null, "holder": "(100) McFarlane Lake Mining Limited", "status": "Active", "recorded_date": "2018-04-10", "anniversary_or_expiry": "2030-10-08", "area_ha": null, "tenure_type": "Single Cell Mining Claim", "source": "Ontario MLAS operational claims (OGSEarth / LIO MapServer). Unofficial viewing data, not legal title.", "as_of": "2026-09-20", "role": "focus", "color": "#e8b040"}}, {"type": "Feature", "geometry": {"type": "Polygon", "coordinates": [[[-81.0188, 47.5917], [-81.0188, 47.5958], [-81.025, 47.5958], [-81.025, 47.5917], [-81.0188, 47.5917]]]}, "properties": {"company_id": "mcfarlane-lake-mining", "jurisdiction": "Ontario", "claim_id": "100070", "claim_name": null, "holder": "(100) McFarlane Lake Mining Limited", "status": "Active", "recorded_date": "2018-04-10", "anniversary_or_expiry": "2030-06-10", "area_ha": null, "tenure_type": "Single Cell Mining Claim", "source": "Ontario MLAS operational claims (OGSEarth / LIO MapServer). Unofficial viewing data, not legal title.", "as_of": "2026-09-20", "role": "focus", "color": "#e8b040"}}, {"type": "Feature", "geometry": {"type": "Polygon", "coordinates": [[[-80.9813, 47.65], [-80.9813, 47.6542], [-80.9875, 47.6542], [-80.9875, 47.65], [-80.9813, 47.65]]]}, "properties": {"company_id": "mcfarlane-lake-mining", "jurisdiction": "Ontario", "claim_id": "100086", "claim_name": null, "holder": "(100) McFarlane Lake Mining Limited", "status": "Active", "recorded_date": "2018-04-10", "anniversary_or_expiry": "2030-12-20", "area_ha": null, "tenure_type": "Boundary Cell Mining Claim", "source": "Ontario MLAS operational claims (OGSEarth / LIO MapServer). Unofficial viewing data, not legal title.", "as_of": "2026-09-20", "role": "focus", "color": "#e8b040"}}, {"type": "Feature", "geometry": {"type": "Polygon", "coordinates": [[[-80.9938, 47.5792], [-80.9938, 47.5833], [-81.0, 47.5833], [-81.0, 47.5792], [-80.9938, 47.5792]]]}, "properties": {"company_id": "mcfarlane-lake-mining", "jurisdiction": "Ontario", "claim_id": "101948", "claim_name": null, "holder": "(100) McFarlane Lake Mining Limited", "status": "Active", "recorded_date": "2018-04-10", "anniversary_or_expiry": "2030-09-27", "area_ha": null, "tenure_type": "Single Cell Mining Claim", "source": "Ontario MLAS operational claims (OGSEarth / LIO MapServer). Unofficial viewing data, not legal title.", "as_of": "2026-09-20", "role": "focus", "color": "#e8b040"}}, {"type": "Feature", "geometry": {"type": "Polygon", "coordinates": [[[-81.0, 47.575], [-81.0, 47.5792], [-81.0063, 47.5792], [-81.0063, 47.575], [-81.0, 47.575]]]}, "properties": {"company_id": "mcfarlane-lake-mining", "jurisdiction": "Ontario", "claim_id": "101949", "claim_name": null, "holder": "(100) McFarlane Lake Mining Limited", "status": "Active", "recorded_date": "2018-04-10", "anniversary_or_expiry": "2030-09-27", "area_ha": null, "tenure_type": "Single Cell Mining Claim", "source": "Ontario MLAS operational claims (OGSEarth / LIO MapServer). Unofficial viewing data, not legal title.", "as_of": "2026-09-20", "role": "focus", "color": "#e8b040"}}, {"type": "Feature", "geometry": {"type": "Polygon", "coordinates": [[[-81.0125, 47.6375], [-81.0125, 47.6417], [-81.0188, 47.6417], [-81.0188, 47.6375], [-81.0125, 47.6375]]]}, "properties": {"company_id": "mcfarlane-lake-mining", "jurisdiction": "Ontario", "claim_id": "103887", "claim_name": null, "holder": "(100) McFarlane Lake Mining Limited", "status": "Active", "recorded_date": "2018-04-10", "anniversary_or_expiry": "2030-11-19", "area_ha": null, "tenure_type": "Boundary Cell Mining Claim", "source": "Ontario MLAS operational claims (OGSEarth / LIO MapServer). Unofficial viewing data, not legal title.", "as_of": "2026-09-20", "role": "focus", "color": "#e8b040"}}, {"type": "Feature", "geometry": {"type": "Polygon", "coordinates": [[[-81.0, 47.6208], [-81.0, 47.625], [-81.0063, 47.625], [-81.0063, 47.6208], [-81.0, 47.6208]]]}, "properties": {"company_id": "mcfarlane-lake-mining", "jurisdiction": "Ontario", "claim_id": "102838", "claim_name": null, "holder": "(100) McFarlane Lake Mining Limited", "status": "Active", "recorded_date": "2018-04-10", "anniversary_or_expiry": "2030-05-11", "area_ha": null, "tenure_type": "Single Cell Mining Claim", "source": "Ontario MLAS operational claims (OGSEarth / LIO MapServer). Unofficial viewing data, not legal title.", "as_of": "2026-09-20", "role": "focus", "color": "#e8b040"}}, {"type": "Feature", "geometry": {"type": "Polygon", "coordinates": [[[-81.0438, 47.6208], [-81.0438, 47.625], [-81.05, 47.625], [-81.05, 47.6208], [-81.0438, 47.6208]]]}, "properties": {"company_id": "mcfarlane-lake-mining", "jurisdiction": "Ontario", "claim_id": "102860", "claim_name": null, "holder": "(100) McFarlane Lake Mining Limited", "status": "Active", "recorded_date": "2018-04-10", "anniversary_or_expiry": "2030-06-07", "area_ha": null, "tenure_type": "Single Cell Mining Claim", "source": "Ontario MLAS operational claims (OGSEarth / LIO MapServer). Unofficial viewing data, not legal title.", "as_of": "2026-09-20", "role": "focus", "color": "#e8b040"}}, {"type": "Feature", "geometry": {"type": "Polygon", "coordinates": [[[-80.9813, 47.6125], [-80.9813, 47.6167], [-80.9875, 47.6167], [-80.9875, 47.6125], [-80.9813, 47.6125]]]}, "properties": {"company_id": "mcfarlane-lake-mining", "jurisdiction": "Ontario", "claim_id": "103705", "claim_name": null, "holder": "(100) McFarlane Lake Mining Limited", "status": "Active", "recorded_date": "2018-04-10", "anniversary_or_expiry": "2030-06-30", "area_ha": null, "tenure_type": "Single Cell Mining Claim", "source": "Ontario MLAS operational claims (OGSEarth / LIO MapServer). Unofficial viewing data, not legal title.", "as_of": "2026-09-20", "role": "focus", "color": "#e8b040"}}, {"type": "Feature", "geometry": {"type": "Polygon", "coordinates": [[[-81.0313, 47.6], [-81.0313, 47.6042], [-81.0375, 47.6042], [-81.0375, 47.6], [-81.0313, 47.6]]]}, "properties": {"company_id": "mcfarlane-lake-mining", "jurisdiction": "Ontario", "claim_id": "105090", "claim_name": null, "holder": "(100) McFarlane Lake Mining Limited", "status": "Active", "recorded_date": "2018-04-10", "anniversary_or_expiry": "2030-05-30", "area_ha": null, "tenure_type": "Single Cell Mining Claim", "source": "Ontario MLAS operational claims (OGSEarth / LIO MapServer). Unofficial viewing data, not legal title.", "as_of": "2026-09-20", "role": "focus", "color": "#e8b040"}}, {"type": "Feature", "geometry": {"type": "Polygon", "coordinates": [[[-81.7875, 46.1375], [-81.7875, 46.1417], [-81.7938, 46.1417], [-81.7938, 46.1375], [-81.7875, 46.1375]]]}, "properties": {"company_id": "mcfarlane-lake-mining", "jurisdiction": "Ontario", "claim_id": "106636", "claim_name": null, "holder": "(100) McFarlane Lake Mining Limited", "status": "Active", "recorded_date": "2018-04-10", "anniversary_or_expiry": "2027-09-02", "area_ha": null, "tenure_type": "Single Cell Mining Claim", "source": "Ontario MLAS operational claims (OGSEarth / LIO MapServer). Unofficial viewing data, not legal title.", "as_of": "2026-09-20", "role": "focus", "color": "#e8b040"}}, {"type": "Feature", "geometry": {"type": "Polygon", "coordinates": [[[-81.0563, 47.6], [-81.0563, 47.6042], [-81.0625, 47.6042], [-81.0625, 47.6], [-81.0563, 47.6]]]}, "properties": {"company_id": "mcfarlane-lake-mining", "jurisdiction": "Ontario", "claim_id": "107101", "claim_name": null, "holder": "(100) McFarlane Lake Mining Limited", "status": "Active", "recorded_date": "2018-04-10", "anniversary_or_expiry": "2030-05-30", "area_ha": null, "tenure_type": "Single Cell Mining Claim", "source": "Ontario MLAS operational claims (OGSEarth / LIO MapServer). Unofficial viewing data, not legal title.", "as_of": "2026-09-20", "role": "focus", "color": "#e8b040"}}, {"type": "Feature", "geometry": {"type": "Polygon", "coordinates": [[[-81.0375, 47.6], [-81.0375, 47.6042], [-81.0438, 47.6042], [-81.0438, 47.6], [-81.0375, 47.6]]]}, "properties": {"company_id": "mcfarlane-lake-mining", "jurisdiction": "Ontario", "claim_id": "107699", "claim_name": null, "holder": "(100) McFarlane Lake Mining Limited", "status": "Active", "recorded_date": "2018-04-10", "anniversary_or_expiry": "2030-05-30", "area_ha": null, "tenure_type": "Single Cell Mining Claim", "source": "Ontario MLAS operational claims (OGSEarth / LIO MapServer). Unofficial viewing data, not legal title.", "as_of": "2026-09-20", "role": "focus", "color": "#e8b040"}}, {"type": "Feature", "geometry": {"type": "Polygon", "coordinates": [[[-81.0, 47.6083], [-81.0, 47.6125], [-81.0063, 47.6125], [-81.0063, 47.6083], [-81.0, 47.6083]]]}, "properties": {"company_id": "mcfarlane-lake-mining", "jurisdiction": "Ontario", "claim_id": "108405", "claim_name": null, "holder": "(100) McFarlane Lake Mining Limited", "status": "Active", "recorded_date": "2018-04-10", "anniversary_or_expiry": "2030-01-09", "area_ha": null, "tenure_type": "Single Cell Mining Claim", "source": "Ontario MLAS operational claims (OGSEarth / LIO MapServer). Unofficial viewing data, not legal title.", "as_of": "2026-09-20", "role": "focus", "color": "#e8b040"}}, {"type": "Feature", "geometry": {"type": "Polygon", "coordinates": [[[-80.925, 47.5958], [-80.925, 47.6], [-80.9313, 47.6], [-80.9313, 47.5958], [-80.925, 47.5958]]]}, "properties": {"company_id": "mcfarlane-lake-mining", "jurisdiction": "Ontario", "claim_id": "108407", "claim_name": null, "holder": "(100) McFarlane Lake Mining Limited", "status": "Active", "recorded_date": "2018-04-10", "anniversary_or_expiry": "2030-09-23", "area_ha": null, "tenure_type": "Single Cell Mining Claim", "source": "Ontario MLAS operational claims (OGSEarth / LIO MapServer). Unofficial viewing data, not legal title.", "as_of": "2026-09-20", "role": "focus", "color": "#e8b040"}}, {"type": "Feature", "geometry": {"type": "Polygon", "coordinates": [[[-80.925, 47.5875], [-80.925, 47.5917], [-80.9313, 47.5917], [-80.9313, 47.5875], [-80.925, 47.5875]]]}, "properties": {"company_id": "mcfarlane-lake-mining", "jurisdiction": "Ontario", "claim_id": "108408", "claim_name": null, "holder": "(100) McFarlane Lake Mining Limited", "status": "Active", "recorded_date": "2018-04-10", "anniversary_or_expiry": "2030-09-23", "area_ha": null, "tenure_type": "Boundary Cell Mining Claim", "source": "Ontario MLAS operational claims (OGSEarth / LIO MapServer). Unofficial viewing data, not legal title.", "as_of": "2026-09-20", "role": "focus", "color": "#e8b040"}}, {"type": "Feature", "geometry": {"type": "Polygon", "coordinates": [[[-81.0063, 47.6375], [-81.0063, 47.6417], [-81.0125, 47.6417], [-81.0125, 47.6375], [-81.0063, 47.6375]]]}, "properties": {"company_id": "mcfarlane-lake-mining", "jurisdiction": "Ontario", "claim_id": "110542", "claim_name": null, "holder": "(100) McFarlane Lake Mining Limited", "status": "Active", "recorded_date": "2018-04-10", "anniversary_or_expiry": "2030-10-04", "area_ha": null, "tenure_type": "Boundary Cell Mining Claim", "source": "Ontario MLAS operational claims (OGSEarth / LIO MapServer). Unofficial viewing data, not legal title.", "as_of": "2026-09-20", "role": "focus", "color": "#e8b040"}}, {"type": "Feature", "geometry": {"type": "Polygon", "coordinates": [[[-81.0125, 47.575], [-81.0125, 47.5792], [-81.0188, 47.5792], [-81.0188, 47.575], [-81.0125, 47.575]]]}, "properties": {"company_id": "mcfarlane-lake-mining", "jurisdiction": "Ontario", "claim_id": "111941", "claim_name": null, "holder": "(100) McFarlane Lake Mining Limited", "status": "Active", "recorded_date": "2018-04-10", "anniversary_or_expiry": "2030-09-27", "area_ha": null, "tenure_type": "Boundary Cell Mining Claim", "source": "Ontario MLAS operational claims (OGSEarth / LIO MapServer). Unofficial viewing data, not legal title.", "as_of": "2026-09-20", "role": "focus", "color": "#e8b040"}}, {"type": "Feature", "geometry": {"type": "Polygon", "coordinates": [[[-81.0313, 47.6083], [-81.0313, 47.6125], [-81.0375, 47.6125], [-81.0375, 47.6083], [-81.0313, 47.6083]]]}, "properties": {"company_id": "mcfarlane-lake-mining", "jurisdiction": "Ontario", "claim_id": "115396", "claim_name": null, "holder": "(100) McFarlane Lake Mining Limited", "status": "Active", "recorded_date": "2018-04-10", "anniversary_or_expiry": "2030-04-04", "area_ha": null, "tenure_type": "Single Cell Mining Claim", "source": "Ontario MLAS operational claims (OGSEarth / LIO MapServer). Unofficial viewing data, not legal title.", "as_of": "2026-09-20", "role": "focus", "color": "#e8b040"}}, {"type": "Feature", "geometry": {"type": "Polygon", "coordinates": [[[-81.0063, 47.5958], [-81.0063, 47.6], [-81.0125, 47.6], [-81.0125, 47.5958], [-81.0063, 47.5958]]]}, "properties": {"company_id": "mcfarlane-lake-mining", "jurisdiction": "Ontario", "claim_id": "115686", "claim_name": null, "holder": "(100) McFarlane Lake Mining Limited", "status": "Active", "recorded_date": "2018-04-10", "anniversary_or_expiry": "2030-07-14", "area_ha": null, "tenure_type": "Single Cell Mining Claim", "source": "Ontario MLAS operational claims (OGSEarth / LIO MapServer). Unofficial viewing data, not legal title.", "as_of": "2026-09-20", "role": "focus", "color": "#e8b040"}}, {"type": "Feature", "geometry": {"type": "Polygon", "coordinates": [[[-81.0125, 47.6042], [-81.0125, 47.6083], [-81.0188, 47.6083], [-81.0188, 47.6042], [-81.0125, 47.6042]]]}, "properties": {"company_id": "mcfarlane-lake-mining", "jurisdiction": "Ontario", "claim_id": "117671", "claim_name": null, "holder": "(100) McFarlane Lake Mining Limited", "status": "Active", "recorded_date": "2018-04-10", "anniversary_or_expiry": "2030-05-25", "area_ha": null, "tenure_type": "Single Cell Mining Claim", "source": "Ontario MLAS operational claims (OGSEarth / LIO MapServer). Unofficial viewing data, not legal title.", "as_of": "2026-09-20", "role": "focus", "color": "#e8b040"}}, {"type": "Feature", "geometry": {"type": "Polygon", "coordinates": [[[-81.0, 47.5708], [-81.0, 47.575], [-81.0063, 47.575], [-81.0063, 47.5708], [-81.0, 47.5708]]]}, "properties": {"company_id": "mcfarlane-lake-mining", "jurisdiction": "Ontario", "claim_id": "117261", "claim_name": null, "holder": "(100) McFarlane Lake Mining Limited", "status": "Active", "recorded_date": "2018-04-10", "anniversary_or_expiry": "2030-09-27", "area_ha": null, "tenure_type": "Single Cell Mining Claim", "source": "Ontario MLAS operational claims (OGSEarth / LIO MapServer). Unofficial viewing data, not legal title.", "as_of": "2026-09-20", "role": "focus", "color": "#e8b040"}}, {"type": "Feature", "geometry": {"type": "Polygon", "coordinates": [[[-81.0063, 47.5625], [-81.0063, 47.5667], [-81.0125, 47.5667], [-81.0125, 47.5625], [-81.0063, 47.5625]]]}, "properties": {"company_id": "mcfarlane-lake-mining", "jurisdiction": "Ontario", "claim_id": "117262", "claim_name": null, "holder": "(100) McFarlane Lake Mining Limited", "status": "Active", "recorded_date": "2018-04-10", "anniversary_or_expiry": "2030-09-27", "area_ha": null, "tenure_type": "Boundary Cell Mining Claim", "source": "Ontario MLAS operational claims (OGSEarth / LIO MapServer). Unofficial viewing data, not legal title.", "as_of": "2026-09-20", "role": "focus", "color": "#e8b040"}}, {"type": "Feature", "geometry": {"type": "Polygon", "coordinates": [[[-81.0375, 47.6375], [-81.0375, 47.6417], [-81.0438, 47.6417], [-81.0438, 47.6375], [-81.0375, 47.6375]]]}, "properties": {"company_id": "mcfarlane-lake-mining", "jurisdiction": "Ontario", "claim_id": "116151", "claim_name": null, "holder": "(100) McFarlane Lake Mining Limited", "status": "Active", "recorded_date": "2018-04-10", "anniversary_or_expiry": "2030-05-01", "area_ha": null, "tenure_type": "Boundary Cell Mining Claim", "source": "Ontario MLAS operational claims (OGSEarth / LIO MapServer). Unofficial viewing data, not legal title.", "as_of": "2026-09-20", "role": "focus", "color": "#e8b040"}}, {"type": "Feature", "geometry": {"type": "Polygon", "coordinates": [[[-81.05, 47.6375], [-81.05, 47.6417], [-81.0563, 47.6417], [-81.0563, 47.6375], [-81.05, 47.6375]]]}, "properties": {"company_id": "mcfarlane-lake-mining", "jurisdiction": "Ontario", "claim_id": "116152", "claim_name": null, "holder": "(100) McFarlane Lake Mining Limited", "status": "Active", "recorded_date": "2018-04-10", "anniversary_or_expiry": "2030-04-09", "area_ha": null, "tenure_type": "Single Cell Mining Claim", "source": "Ontario MLAS operational claims (OGSEarth / LIO MapServer). Unofficial viewing data, not legal title.", "as_of": "2026-09-20", "role": "focus", "color": "#e8b040"}}, {"type": "Feature", "geometry": {"type": "Polygon", "coordinates": [[[-81.0188, 47.6792], [-81.0188, 47.6833], [-81.025, 47.6833], [-81.025, 47.6792], [-81.0188, 47.6792]]]}, "properties": {"company_id": "mcfarlane-lake-mining", "jurisdiction": "Ontario", "claim_id": "116285", "claim_name": null, "holder": "(75) ORECAP INVEST CORP., (25) McFarlane Lake Mining Limited", "status": "Active", "recorded_date": "2018-04-10", "anniversary_or_expiry": "2030-09-23", "area_ha": null, "tenure_type": "Single Cell Mining Claim", "source": "Ontario MLAS operational claims (OGSEarth / LIO MapServer). Unofficial viewing data, not legal title.", "as_of": "2026-09-20", "role": "focus", "color": "#e8b040"}}, {"type": "Feature", "geometry": {"type": "Polygon", "coordinates": [[[-81.0063, 47.6208], [-81.0063, 47.625], [-81.0125, 47.625], [-81.0125, 47.6208], [-81.0063, 47.6208]]]}, "properties": {"company_id": "mcfarlane-lake-mining", "jurisdiction": "Ontario", "claim_id": "118160", "claim_name": null, "holder": "(100) McFarlane Lake Mining Limited", "status": "Active", "recorded_date": "2018-04-10", "anniversary_or_expiry": "2030-05-25", "area_ha": null, "tenure_type": "Single Cell Mining Claim", "source": "Ontario MLAS operational claims (OGSEarth / LIO MapServer). Unofficial viewing data, not legal title.", "as_of": "2026-09-20", "role": "focus", "color": "#e8b040"}}, {"type": "Feature", "geometry": {"type": "Polygon", "coordinates": [[[-80.9375, 47.5958], [-80.9375, 47.6], [-80.9438, 47.6], [-80.9438, 47.5958], [-80.9375, 47.5958]]]}, "properties": {"company_id": "mcfarlane-lake-mining", "jurisdiction": "Ontario", "claim_id": "119500", "claim_name": null, "holder": "(100) McFarlane Lake Mining Limited", "status": "Active", "recorded_date": "2018-04-10", "anniversary_or_expiry": "2030-09-23", "area_ha": null, "tenure_type": "Single Cell Mining Claim", "source": "Ontario MLAS operational claims (OGSEarth / LIO MapServer). Unofficial viewing data, not legal title.", "as_of": "2026-09-20", "role": "focus", "color": "#e8b040"}}, {"type": "Feature", "geometry": {"type": "Polygon", "coordinates": [[[-81.0125, 47.6333], [-81.0125, 47.6375], [-81.0188, 47.6375], [-81.0188, 47.6333], [-81.0125, 47.6333]]]}, "properties": {"company_id": "mcfarlane-lake-mining", "jurisdiction": "Ontario", "claim_id": "119160", "claim_name": null, "holder": "(100) McFarlane Lake Mining Limited", "status": "Active", "recorded_date": "2018-04-10", "anniversary_or_expiry": "2030-11-19", "area_ha": null, "tenure_type": "Single Cell Mining Claim", "source": "Ontario MLAS operational claims (OGSEarth / LIO MapServer). Unofficial viewing data, not legal title.", "as_of": "2026-09-20", "role": "focus", "color": "#e8b040"}}, {"type": "Feature", "geometry": {"type": "Polygon", "coordinates": [[[-81.0563, 47.625], [-81.0563, 47.6292], [-81.0625, 47.6292], [-81.0625, 47.625], [-81.0563, 47.625]]]}, "properties": {"company_id": "mcfarlane-lake-mining", "jurisdiction": "Ontario", "claim_id": "120319", "claim_name": null, "holder": "(100) McFarlane Lake Mining Limited", "status": "Active", "recorded_date": "2018-04-10", "anniversary_or_expiry": "2030-04-09", "area_ha": null, "tenure_type": "Boundary Cell Mining Claim", "source": "Ontario MLAS operational claims (OGSEarth / LIO MapServer). Unofficial viewing data, not legal title.", "as_of": "2026-09-20", "role": "focus", "color": "#e8b040"}}, {"type": "Feature", "geometry": {"type": "Polygon", "coordinates": [[[-81.0563, 47.6167], [-81.0563, 47.6208], [-81.0625, 47.6208], [-81.0625, 47.6167], [-81.0563, 47.6167]]]}, "properties": {"company_id": "mcfarlane-lake-mining", "jurisdiction": "Ontario", "claim_id": "120341", "claim_name": null, "holder": "(100) McFarlane Lake Mining Limited", "status": "Active", "recorded_date": "2018-04-10", "anniversary_or_expiry": "2030-04-03", "area_ha": null, "tenure_type": "Single Cell Mining Claim", "source": "Ontario MLAS operational claims (OGSEarth / LIO MapServer). Unofficial viewing data, not legal title.", "as_of": "2026-09-20", "role": "focus", "color": "#e8b040"}}, {"type": "Feature", "geometry": {"type": "Polygon", "coordinates": [[[-81.0625, 47.6125], [-81.0625, 47.6167], [-81.0688, 47.6167], [-81.0688, 47.6125], [-81.0625, 47.6125]]]}, "properties": {"company_id": "mcfarlane-lake-mining", "jurisdiction": "Ontario", "claim_id": "122337", "claim_name": null, "holder": "(100) McFarlane Lake Mining Limited", "status": "Active", "recorded_date": "2018-04-10", "anniversary_or_expiry": "2030-04-04", "area_ha": null, "tenure_type": "Single Cell Mining Claim", "source": "Ontario MLAS operational claims (OGSEarth / LIO MapServer). Unofficial viewing data, not legal title.", "as_of": "2026-09-20", "role": "focus", "color": "#e8b040"}}, {"type": "Feature", "geometry": {"type": "Polygon", "coordinates": [[[-81.025, 47.6708], [-81.025, 47.675], [-81.0313, 47.675], [-81.0313, 47.6708], [-81.025, 47.6708]]]}, "properties": {"company_id": "mcfarlane-lake-mining", "jurisdiction": "Ontario", "claim_id": "122457", "claim_name": null, "holder": "(75) ORECAP INVEST CORP., (25) McFarlane Lake Mining Limited", "status": "Active", "recorded_date": "2018-04-10", "anniversary_or_expiry": "2030-09-23", "area_ha": null, "tenure_type": "Boundary Cell Mining Claim", "source": "Ontario MLAS operational claims (OGSEarth / LIO MapServer). Unofficial viewing data, not legal title.", "as_of": "2026-09-20", "role": "focus", "color": "#e8b040"}}, {"type": "Feature", "geometry": {"type": "Polygon", "coordinates": [[[-81.0313, 47.6167], [-81.0313, 47.6208], [-81.0375, 47.6208], [-81.0375, 47.6167], [-81.0313, 47.6167]]]}, "properties": {"company_id": "mcfarlane-lake-mining", "jurisdiction": "Ontario", "claim_id": "121099", "claim_name": null, "holder": "(100) McFarlane Lake Mining Limited", "status": "Active", "recorded_date": "2018-04-10", "anniversary_or_expiry": "2030-05-01", "area_ha": null, "tenure_type": "Single Cell Mining Claim", "source": "Ontario MLAS operational claims (OGSEarth / LIO MapServer). Unofficial viewing data, not legal title.", "as_of": "2026-09-20", "role": "focus", "color": "#e8b040"}}, {"type": "Feature", "geometry": {"type": "Polygon", "coordinates": [[[-80.9938, 47.6167], [-80.9938, 47.6208], [-81.0, 47.6208], [-81.0, 47.6167], [-80.9938, 47.6167]]]}, "properties": {"company_id": "mcfarlane-lake-mining", "jurisdiction": "Ontario", "claim_id": "125164", "claim_name": null, "holder": "(100) McFarlane Lake Mining Limited", "status": "Active", "recorded_date": "2018-04-10", "anniversary_or_expiry": "2030-05-11", "area_ha": null, "tenure_type": "Single Cell Mining Claim", "source": "Ontario MLAS operational claims (OGSEarth / LIO MapServer). Unofficial viewing data, not legal title.", "as_of": "2026-09-20", "role": "focus", "color": "#e8b040"}}, {"type": "Feature", "geometry": {"type": "Polygon", "coordinates": [[[-81.075, 47.6375], [-81.075, 47.6417], [-81.0813, 47.6417], [-81.0813, 47.6375], [-81.075, 47.6375]]]}, "properties": {"company_id": "mcfarlane-lake-mining", "jurisdiction": "Ontario", "claim_id": "123119", "claim_name": null, "holder": "(100) McFarlane Lake Mining Limited", "status": "Active", "recorded_date": "2018-04-10", "anniversary_or_expiry": "2030-01-08", "area_ha": null, "tenure_type": "Boundary Cell Mining Claim", "source": "Ontario MLAS operational claims (OGSEarth / LIO MapServer). Unofficial viewing data, not legal title.", "as_of": "2026-09-20", "role": "focus", "color": "#e8b040"}}, {"type": "Feature", "geometry": {"type": "Polygon", "coordinates": [[[-80.9688, 47.6167], [-80.9688, 47.6208], [-80.975, 47.6208], [-80.975, 47.6167], [-80.9688, 47.6167]]]}, "properties": {"company_id": "mcfarlane-lake-mining", "jurisdiction": "Ontario", "claim_id": "123862", "claim_name": null, "holder": "(100) McFarlane Lake Mining Limited", "status": "Active", "recorded_date": "2018-04-10", "anniversary_or_expiry": "2030-09-23", "area_ha": null, "tenure_type": "Boundary Cell Mining Claim", "source": "Ontario MLAS operational claims (OGSEarth / LIO MapServer). Unofficial viewing data, not legal title.", "as_of": "2026-09-20", "role": "focus", "color": "#e8b040"}}, {"type": "Feature", "geometry": {"type": "Polygon", "coordinates": [[[-81.0125, 47.6833], [-81.0125, 47.6875], [-81.0188, 47.6875], [-81.0188, 47.6833], [-81.0125, 47.6833]]]}, "properties": {"company_id": "mcfarlane-lake-mining", "jurisdiction": "Ontario", "claim_id": "125946", "claim_name": null, "holder": "(75) ORECAP INVEST CORP., (25) McFarlane Lake Mining Limited", "status": "Active", "recorded_date": "2018-04-10", "anniversary_or_expiry": "2030-09-23", "area_ha": null, "tenure_type": "Single Cell Mining Claim", "source": "Ontario MLAS operational claims (OGSEarth / LIO MapServer). Unofficial viewing data, not legal title.", "as_of": "2026-09-20", "role": "focus", "color": "#e8b040"}}, {"type": "Feature", "geometry": {"type": "Polygon", "coordinates": [[[-80.9875, 47.6042], [-80.9875, 47.6083], [-80.9938, 47.6083], [-80.9938, 47.6042], [-80.9875, 47.6042]]]}, "properties": {"company_id": "mcfarlane-lake-mining", "jurisdiction": "Ontario", "claim_id": "125549", "claim_name": null, "holder": "(100) McFarlane Lake Mining Limited", "status": "Active", "recorded_date": "2018-04-10", "anniversary_or_expiry": "2030-09-04", "area_ha": null, "tenure_type": "Single Cell Mining Claim", "source": "Ontario MLAS operational claims (OGSEarth / LIO MapServer). Unofficial viewing data, not legal title.", "as_of": "2026-09-20", "role": "focus", "color": "#e8b040"}}, {"type": "Feature", "geometry": {"type": "Polygon", "coordinates": [[[-81.0063, 47.6333], [-81.0063, 47.6375], [-81.0125, 47.6375], [-81.0125, 47.6333], [-81.0063, 47.6333]]]}, "properties": {"company_id": "mcfarlane-lake-mining", "jurisdiction": "Ontario", "claim_id": "125551", "claim_name": null, "holder": "(100) McFarlane Lake Mining Limited", "status": "Active", "recorded_date": "2018-04-10", "anniversary_or_expiry": "2030-10-08", "area_ha": null, "tenure_type": "Boundary Cell Mining Claim", "source": "Ontario MLAS operational claims (OGSEarth / LIO MapServer). Unofficial viewing data, not legal title.", "as_of": "2026-09-20", "role": "focus", "color": "#e8b040"}}, {"type": "Feature", "geometry": {"type": "Polygon", "coordinates": [[[-81.0313, 47.65], [-81.0313, 47.6542], [-81.0375, 47.6542], [-81.0375, 47.65], [-81.0313, 47.65]]]}, "properties": {"company_id": "mcfarlane-lake-mining", "jurisdiction": "Ontario", "claim_id": "127771", "claim_name": null, "holder": "(100) McFarlane Lake Mining Limited", "status": "Active", "recorded_date": "2018-04-10", "anniversary_or_expiry": "2030-01-28", "area_ha": null, "tenure_type": "Boundary Cell Mining Claim", "source": "Ontario MLAS operational claims (OGSEarth / LIO MapServer). Unofficial viewing data, not legal title.", "as_of": "2026-09-20", "role": "focus", "color": "#e8b040"}}, {"type": "Feature", "geometry": {"type": "Polygon", "coordinates": [[[-80.9438, 47.6], [-80.9438, 47.6042], [-80.95, 47.6042], [-80.95, 47.6], [-80.9438, 47.6]]]}, "properties": {"company_id": "mcfarlane-lake-mining", "jurisdiction": "Ontario", "claim_id": "128371", "claim_name": null, "holder": "(100) McFarlane Lake Mining Limited", "status": "Active", "recorded_date": "2018-04-10", "anniversary_or_expiry": "2030-09-23", "area_ha": null, "tenure_type": "Single Cell Mining Claim", "source": "Ontario MLAS operational claims (OGSEarth / LIO MapServer). Unofficial viewing data, not legal title.", "as_of": "2026-09-20", "role": "focus", "color": "#e8b040"}}, {"type": "Feature", "geometry": {"type": "Polygon", "coordinates": [[[-81.0, 47.5792], [-81.0, 47.5833], [-81.0063, 47.5833], [-81.0063, 47.5792], [-81.0, 47.5792]]]}, "properties": {"company_id": "mcfarlane-lake-mining", "jurisdiction": "Ontario", "claim_id": "128923", "claim_name": null, "holder": "(100) McFarlane Lake Mining Limited", "status": "Active", "recorded_date": "2018-04-10", "anniversary_or_expiry": "2030-09-27", "area_ha": null, "tenure_type": "Single Cell Mining Claim", "source": "Ontario MLAS operational claims (OGSEarth / LIO MapServer). Unofficial viewing data, not legal title.", "as_of": "2026-09-20", "role": "focus", "color": "#e8b040"}}, {"type": "Feature", "geometry": {"type": "Polygon", "coordinates": [[[-80.9938, 47.5667], [-80.9938, 47.5708], [-81.0, 47.5708], [-81.0, 47.5667], [-80.9938, 47.5667]]]}, "properties": {"company_id": "mcfarlane-lake-mining", "jurisdiction": "Ontario", "claim_id": "128924", "claim_name": null, "holder": "(100) McFarlane Lake Mining Limited", "status": "Active", "recorded_date": "2018-04-10", "anniversary_or_expiry": "2030-09-27", "area_ha": null, "tenure_type": "Boundary Cell Mining Claim", "source": "Ontario MLAS operational claims (OGSEarth / LIO MapServer). Unofficial viewing data, not legal title.", "as_of": "2026-09-20", "role": "focus", "color": "#e8b040"}}, {"type": "Feature", "geometry": {"type": "Polygon", "coordinates": [[[-80.9938, 47.6083], [-80.9938, 47.6125], [-81.0, 47.6125], [-81.0, 47.6083], [-80.9938, 47.6083]]]}, "properties": {"company_id": "mcfarlane-lake-mining", "jurisdiction": "Ontario", "claim_id": "129541", "claim_name": null, "holder": "(100) McFarlane Lake Mining Limited", "status": "Active", "recorded_date": "2018-04-10", "anniversary_or_expiry": "2030-09-17", "area_ha": null, "tenure_type": "Single Cell Mining Claim", "source": "Ontario MLAS operational claims (OGSEarth / LIO MapServer). Unofficial viewing data, not legal title.", "as_of": "2026-09-20", "role": "focus", "color": "#e8b040"}}, {"type": "Feature", "geometry": {"type": "Polygon", "coordinates": [[[-80.9313, 47.5958], [-80.9313, 47.6], [-80.9375, 47.6], [-80.9375, 47.5958], [-80.9313, 47.5958]]]}, "properties": {"company_id": "mcfarlane-lake-mining", "jurisdiction": "Ontario", "claim_id": "130344", "claim_name": null, "holder": "(100) McFarlane Lake Mining Limited", "status": "Active", "recorded_date": "2018-04-10", "anniversary_or_expiry": "2030-09-23", "area_ha": null, "tenure_type": "Single Cell Mining Claim", "source": "Ontario MLAS operational claims (OGSEarth / LIO MapServer). Unofficial viewing data, not legal title.", "as_of": "2026-09-20", "role": "focus", "color": "#e8b040"}}, {"type": "Feature", "geometry": {"type": "Polygon", "coordinates": [[[-80.9313, 47.5917], [-80.9313, 47.5958], [-80.9375, 47.5958], [-80.9375, 47.5917], [-80.9313, 47.5917]]]}, "properties": {"company_id": "mcfarlane-lake-mining", "jurisdiction": "Ontario", "claim_id": "130345", "claim_name": null, "holder": "(100) McFarlane Lake Mining Limited", "status": "Active", "recorded_date": "2018-04-10", "anniversary_or_expiry": "2030-09-23", "area_ha": null, "tenure_type": "Single Cell Mining Claim", "source": "Ontario MLAS operational claims (OGSEarth / LIO MapServer). Unofficial viewing data, not legal title.", "as_of": "2026-09-20", "role": "focus", "color": "#e8b040"}}, {"type": "Feature", "geometry": {"type": "Polygon", "coordinates": [[[-81.0438, 47.6083], [-81.0438, 47.6125], [-81.05, 47.6125], [-81.05, 47.6083], [-81.0438, 47.6083]]]}, "properties": {"company_id": "mcfarlane-lake-mining", "jurisdiction": "Ontario", "claim_id": "133370", "claim_name": null, "holder": "(100) McFarlane Lake Mining Limited", "status": "Active", "recorded_date": "2018-04-10", "anniversary_or_expiry": "2030-04-04", "area_ha": null, "tenure_type": "Single Cell Mining Claim", "source": "Ontario MLAS operational claims (OGSEarth / LIO MapServer). Unofficial viewing data, not legal title.", "as_of": "2026-09-20", "role": "focus", "color": "#e8b040"}}, {"type": "Feature", "geometry": {"type": "Polygon", "coordinates": [[[-81.0188, 47.5958], [-81.0188, 47.6], [-81.025, 47.6], [-81.025, 47.5958], [-81.0188, 47.5958]]]}, "properties": {"company_id": "mcfarlane-lake-mining", "jurisdiction": "Ontario", "claim_id": "142031", "claim_name": null, "holder": "(100) McFarlane Lake Mining Limited", "status": "Active", "recorded_date": "2018-04-10", "anniversary_or_expiry": "2030-06-10", "area_ha": null, "tenure_type": "Single Cell Mining Claim", "source": "Ontario MLAS operational claims (OGSEarth / LIO MapServer). Unofficial viewing data, not legal title.", "as_of": "2026-09-20", "role": "focus", "color": "#e8b040"}}, {"type": "Feature", "geometry": {"type": "Polygon", "coordinates": [[[-80.95, 47.5917], [-80.95, 47.5958], [-80.9563, 47.5958], [-80.9563, 47.5917], [-80.95, 47.5917]]]}, "properties": {"company_id": "mcfarlane-lake-mining", "jurisdiction": "Ontario", "claim_id": "143342", "claim_name": null, "holder": "(100) McFarlane Lake Mining Limited", "status": "Active", "recorded_date": "2018-04-10", "anniversary_or_expiry": "2030-09-23", "area_ha": null, "tenure_type": "Single Cell Mining Claim", "source": "Ontario MLAS operational claims (OGSEarth / LIO MapServer). Unofficial viewing data, not legal title.", "as_of": "2026-09-20", "role": "focus", "color": "#e8b040"}}, {"type": "Feature", "geometry": {"type": "Polygon", "coordinates": [[[-81.8, 46.1333], [-81.8, 46.1375], [-81.8063, 46.1375], [-81.8063, 46.1333], [-81.8, 46.1333]]]}, "properties": {"company_id": "mcfarlane-lake-mining", "jurisdiction": "Ontario", "claim_id": "144179", "claim_name": null, "holder": "(100) McFarlane Lake Mining Limited", "status": "Active", "recorded_date": "2018-04-10", "anniversary_or_expiry": "2027-06-03", "area_ha": null, "tenure_type": "Single Cell Mining Claim", "source": "Ontario MLAS operational claims (OGSEarth / LIO MapServer). Unofficial viewing data, not legal title.", "as_of": "2026-09-20", "role": "focus", "color": "#e8b040"}}, {"type": "Feature", "geometry": {"type": "Polygon", "coordinates": [[[-80.9438, 47.5875], [-80.9438, 47.5917], [-80.95, 47.5917], [-80.95, 47.5875], [-80.9438, 47.5875]]]}, "properties": {"company_id": "mcfarlane-lake-mining", "jurisdiction": "Ontario", "claim_id": "147024", "claim_name": null, "holder": "(100) McFarlane Lake Mining Limited", "status": "Active", "recorded_date": "2018-04-10", "anniversary_or_expiry": "2030-09-23", "area_ha": null, "tenure_type": "Boundary Cell Mining Claim", "source": "Ontario MLAS operational claims (OGSEarth / LIO MapServer). Unofficial viewing data, not legal title.", "as_of": "2026-09-20", "role": "focus", "color": "#e8b040"}}, {"type": "Feature", "geometry": {"type": "Polygon", "coordinates": [[[-81.8, 46.1417], [-81.8, 46.1458], [-81.8063, 46.1458], [-81.8063, 46.1417], [-81.8, 46.1417]]]}, "properties": {"company_id": "mcfarlane-lake-mining", "jurisdiction": "Ontario", "claim_id": "148095", "claim_name": null, "holder": "(100) McFarlane Lake Mining Limited", "status": "Active", "recorded_date": "2018-04-10", "anniversary_or_expiry": "2027-09-02", "area_ha": null, "tenure_type": "Single Cell Mining Claim", "source": "Ontario MLAS operational claims (OGSEarth / LIO MapServer). Unofficial viewing data, not legal title.", "as_of": "2026-09-20", "role": "focus", "color": "#e8b040"}}, {"type": "Feature", "geometry": {"type": "Polygon", "coordinates": [[[-81.0188, 47.6], [-81.0188, 47.6042], [-81.025, 47.6042], [-81.025, 47.6], [-81.0188, 47.6]]]}, "properties": {"company_id": "mcfarlane-lake-mining", "jurisdiction": "Ontario", "claim_id": "150090", "claim_name": null, "holder": "(100) McFarlane Lake Mining Limited", "status": "Active", "recorded_date": "2018-04-10", "anniversary_or_expiry": "2030-05-25", "area_ha": null, "tenure_type": "Single Cell Mining Claim", "source": "Ontario MLAS operational claims (OGSEarth / LIO MapServer). Unofficial viewing data, not legal title.", "as_of": "2026-09-20", "role": "focus", "color": "#e8b040"}}, {"type": "Feature", "geometry": {"type": "Polygon", "coordinates": [[[-81.0063, 47.6125], [-81.0063, 47.6167], [-81.0125, 47.6167], [-81.0125, 47.6125], [-81.0063, 47.6125]]]}, "properties": {"company_id": "mcfarlane-lake-mining", "jurisdiction": "Ontario", "claim_id": "152295", "claim_name": null, "holder": "(100) McFarlane Lake Mining Limited", "status": "Active", "recorded_date": "2018-04-10", "anniversary_or_expiry": "2030-05-25", "area_ha": null, "tenure_type": "Single Cell Mining Claim", "source": "Ontario MLAS operational claims (OGSEarth / LIO MapServer). Unofficial viewing data, not legal title.", "as_of": "2026-09-20", "role": "focus", "color": "#e8b040"}}, {"type": "Feature", "geometry": {"type": "Polygon", "coordinates": [[[-80.975, 47.625], [-80.975, 47.6292], [-80.9813, 47.6292], [-80.9813, 47.625], [-80.975, 47.625]]]}, "properties": {"company_id": "mcfarlane-lake-mining", "jurisdiction": "Ontario", "claim_id": "151731", "claim_name": null, "holder": "(100) McFarlane Lake Mining Limited", "status": "Active", "recorded_date": "2018-04-10", "anniversary_or_expiry": "2030-10-10", "area_ha": null, "tenure_type": "Boundary Cell Mining Claim", "source": "Ontario MLAS operational claims (OGSEarth / LIO MapServer). Unofficial viewing data, not legal title.", "as_of": "2026-09-20", "role": "focus", "color": "#e8b040"}}, {"type": "Feature", "geometry": {"type": "Polygon", "coordinates": [[[-81.0563, 47.6333], [-81.0563, 47.6375], [-81.0625, 47.6375], [-81.0625, 47.6333], [-81.0563, 47.6333]]]}, "properties": {"company_id": "mcfarlane-lake-mining", "jurisdiction": "Ontario", "claim_id": "151402", "claim_name": null, "holder": "(100) McFarlane Lake Mining Limited", "status": "Active", "recorded_date": "2018-04-10", "anniversary_or_expiry": "2030-04-09", "area_ha": null, "tenure_type": "Boundary Cell Mining Claim", "source": "Ontario MLAS operational claims (OGSEarth / LIO MapServer). Unofficial viewing data, not legal title.", "as_of": "2026-09-20", "role": "focus", "color": "#e8b040"}}, {"type": "Feature", "geometry": {"type": "Polygon", "coordinates": [[[-81.05, 47.6083], [-81.05, 47.6125], [-81.0563, 47.6125], [-81.0563, 47.6083], [-81.05, 47.6083]]]}, "properties": {"company_id": "mcfarlane-lake-mining", "jurisdiction": "Ontario", "claim_id": "151403", "claim_name": null, "holder": "(100) McFarlane Lake Mining Limited", "status": "Active", "recorded_date": "2018-04-10", "anniversary_or_expiry": "2030-04-04", "area_ha": null, "tenure_type": "Single Cell Mining Claim", "source": "Ontario MLAS operational claims (OGSEarth / LIO MapServer). Unofficial viewing data, not legal title.", "as_of": "2026-09-20", "role": "focus", "color": "#e8b040"}}, {"type": "Feature", "geometry": {"type": "Polygon", "coordinates": [[[-80.975, 47.6375], [-80.975, 47.6417], [-80.9813, 47.6417], [-80.9813, 47.6375], [-80.975, 47.6375]]]}, "properties": {"company_id": "mcfarlane-lake-mining", "jurisdiction": "Ontario", "claim_id": "151421", "claim_name": null, "holder": "(100) McFarlane Lake Mining Limited", "status": "Active", "recorded_date": "2018-04-10", "anniversary_or_expiry": "2030-12-20", "area_ha": null, "tenure_type": "Boundary Cell Mining Claim", "source": "Ontario MLAS operational claims (OGSEarth / LIO MapServer). Unofficial viewing data, not legal title.", "as_of": "2026-09-20", "role": "focus", "color": "#e8b040"}}, {"type": "Feature", "geometry": {"type": "Polygon", "coordinates": [[[-81.05, 47.625], [-81.05, 47.6292], [-81.0563, 47.6292], [-81.0563, 47.625], [-81.05, 47.625]]]}, "properties": {"company_id": "mcfarlane-lake-mining", "jurisdiction": "Ontario", "claim_id": "151597", "claim_name": null, "holder": "(100) McFarlane Lake Mining Limited", "status": "Active", "recorded_date": "2018-04-10", "anniversary_or_expiry": "2030-05-01", "area_ha": null, "tenure_type": "Single Cell Mining Claim", "source": "Ontario MLAS operational claims (OGSEarth / LIO MapServer). Unofficial viewing data, not legal title.", "as_of": "2026-09-20", "role": "focus", "color": "#e8b040"}}, {"type": "Feature", "geometry": {"type": "Polygon", "coordinates": [[[-81.025, 47.6333], [-81.025, 47.6375], [-81.0313, 47.6375], [-81.0313, 47.6333], [-81.025, 47.6333]]]}, "properties": {"company_id": "mcfarlane-lake-mining", "jurisdiction": "Ontario", "claim_id": "154116", "claim_name": null, "holder": "(100) McFarlane Lake Mining Limited", "status": "Active", "recorded_date": "2018-04-10", "anniversary_or_expiry": "2030-04-05", "area_ha": null, "tenure_type": "Boundary Cell Mining Claim", "source": "Ontario MLAS operational claims (OGSEarth / LIO MapServer). Unofficial viewing data, not legal title.", "as_of": "2026-09-20", "role": "focus", "color": "#e8b040"}}, {"type": "Feature", "geometry": {"type": "Polygon", "coordinates": [[[-80.9875, 47.6167], [-80.9875, 47.6208], [-80.9938, 47.6208], [-80.9938, 47.6167], [-80.9875, 47.6167]]]}, "properties": {"company_id": "mcfarlane-lake-mining", "jurisdiction": "Ontario", "claim_id": "153651", "claim_name": null, "holder": "(100) McFarlane Lake Mining Limited", "status": "Active", "recorded_date": "2018-04-10", "anniversary_or_expiry": "2030-02-02", "area_ha": null, "tenure_type": "Single Cell Mining Claim", "source": "Ontario MLAS operational claims (OGSEarth / LIO MapServer). Unofficial viewing data, not legal title.", "as_of": "2026-09-20", "role": "focus", "color": "#e8b040"}}, {"type": "Feature", "geometry": {"type": "Polygon", "coordinates": [[[-81.0438, 47.625], [-81.0438, 47.6292], [-81.05, 47.6292], [-81.05, 47.625], [-81.0438, 47.625]]]}, "properties": {"company_id": "mcfarlane-lake-mining", "jurisdiction": "Ontario", "claim_id": "153686", "claim_name": null, "holder": "(100) McFarlane Lake Mining Limited", "status": "Active", "recorded_date": "2018-04-10", "anniversary_or_expiry": "2030-05-01", "area_ha": null, "tenure_type": "Single Cell Mining Claim", "source": "Ontario MLAS operational claims (OGSEarth / LIO MapServer). Unofficial viewing data, not legal title.", "as_of": "2026-09-20", "role": "focus", "color": "#e8b040"}}, {"type": "Feature", "geometry": {"type": "Polygon", "coordinates": [[[-81.0313, 47.6125], [-81.0313, 47.6167], [-81.0375, 47.6167], [-81.0375, 47.6125], [-81.0313, 47.6125]]]}, "properties": {"company_id": "mcfarlane-lake-mining", "jurisdiction": "Ontario", "claim_id": "153689", "claim_name": null, "holder": "(100) McFarlane Lake Mining Limited", "status": "Active", "recorded_date": "2018-04-10", "anniversary_or_expiry": "2030-05-01", "area_ha": null, "tenure_type": "Single Cell Mining Claim", "source": "Ontario MLAS operational claims (OGSEarth / LIO MapServer). Unofficial viewing data, not legal title.", "as_of": "2026-09-20", "role": "focus", "color": "#e8b040"}}, {"type": "Feature", "geometry": {"type": "Polygon", "coordinates": [[[-80.9875, 47.65], [-80.9875, 47.6542], [-80.9938, 47.6542], [-80.9938, 47.65], [-80.9875, 47.65]]]}, "properties": {"company_id": "mcfarlane-lake-mining", "jurisdiction": "Ontario", "claim_id": "154827", "claim_name": null, "holder": "(100) McFarlane Lake Mining Limited", "status": "Active", "recorded_date": "2018-04-10", "anniversary_or_expiry": "2030-10-16", "area_ha": null, "tenure_type": "Boundary Cell Mining Claim", "source": "Ontario MLAS operational claims (OGSEarth / LIO MapServer). Unofficial viewing data, not legal title.", "as_of": "2026-09-20", "role": "focus", "color": "#e8b040"}}, {"type": "Feature", "geometry": {"type": "Polygon", "coordinates": [[[-80.9813, 47.6417], [-80.9813, 47.6458], [-80.9875, 47.6458], [-80.9875, 47.6417], [-80.9813, 47.6417]]]}, "properties": {"company_id": "mcfarlane-lake-mining", "jurisdiction": "Ontario", "claim_id": "154828", "claim_name": null, "holder": "(100) McFarlane Lake Mining Limited", "status": "Active", "recorded_date": "2018-04-10", "anniversary_or_expiry": "2030-12-20", "area_ha": null, "tenure_type": "Boundary Cell Mining Claim", "source": "Ontario MLAS operational claims (OGSEarth / LIO MapServer). Unofficial viewing data, not legal title.", "as_of": "2026-09-20", "role": "focus", "color": "#e8b040"}}, {"type": "Feature", "geometry": {"type": "Polygon", "coordinates": [[[-80.9875, 47.6417], [-80.9875, 47.6458], [-80.9938, 47.6458], [-80.9938, 47.6417], [-80.9875, 47.6417]]]}, "properties": {"company_id": "mcfarlane-lake-mining", "jurisdiction": "Ontario", "claim_id": "154829", "claim_name": null, "holder": "(100) McFarlane Lake Mining Limited", "status": "Active", "recorded_date": "2018-04-10", "anniversary_or_expiry": "2030-10-11", "area_ha": null, "tenure_type": "Single Cell Mining Claim", "source": "Ontario MLAS operational claims (OGSEarth / LIO MapServer). Unofficial viewing data, not legal title.", "as_of": "2026-09-20", "role": "focus", "color": "#e8b040"}}, {"type": "Feature", "geometry": {"type": "Polygon", "coordinates": [[[-80.975, 47.6333], [-80.975, 47.6375], [-80.9813, 47.6375], [-80.9813, 47.6333], [-80.975, 47.6333]]]}, "properties": {"company_id": "mcfarlane-lake-mining", "jurisdiction": "Ontario", "claim_id": "156811", "claim_name": null, "holder": "(100) McFarlane Lake Mining Limited", "status": "Active", "recorded_date": "2018-04-10", "anniversary_or_expiry": "2030-12-20", "area_ha": null, "tenure_type": "Boundary Cell Mining Claim", "source": "Ontario MLAS operational claims (OGSEarth / LIO MapServer). Unofficial viewing data, not legal title.", "as_of": "2026-09-20", "role": "focus", "color": "#e8b040"}}, {"type": "Feature", "geometry": {"type": "Polygon", "coordinates": [[[-80.9688, 47.5917], [-80.9688, 47.5958], [-80.975, 47.5958], [-80.975, 47.5917], [-80.9688, 47.5917]]]}, "properties": {"company_id": "mcfarlane-lake-mining", "jurisdiction": "Ontario", "claim_id": "157447", "claim_name": null, "holder": "(100) McFarlane Lake Mining Limited", "status": "Active", "recorded_date": "2018-04-10", "anniversary_or_expiry": "2030-09-23", "area_ha": null, "tenure_type": "Single Cell Mining Claim", "source": "Ontario MLAS operational claims (OGSEarth / LIO MapServer). Unofficial viewing data, not legal title.", "as_of": "2026-09-20", "role": "focus", "color": "#e8b040"}}, {"type": "Feature", "geometry": {"type": "Polygon", "coordinates": [[[-81.0375, 47.6542], [-81.0375, 47.6583], [-81.0438, 47.6583], [-81.0438, 47.6542], [-81.0375, 47.6542]]]}, "properties": {"company_id": "mcfarlane-lake-mining", "jurisdiction": "Ontario", "claim_id": "155727", "claim_name": null, "holder": "(100) McFarlane Lake Mining Limited", "status": "Active", "recorded_date": "2018-04-10", "anniversary_or_expiry": "2030-01-28", "area_ha": null, "tenure_type": "Boundary Cell Mining Claim", "source": "Ontario MLAS operational claims (OGSEarth / LIO MapServer). Unofficial viewing data, not legal title.", "as_of": "2026-09-20", "role": "focus", "color": "#e8b040"}}, {"type": "Feature", "geometry": {"type": "Polygon", "coordinates": [[[-80.9375, 47.6042], [-80.9375, 47.6083], [-80.9438, 47.6083], [-80.9438, 47.6042], [-80.9375, 47.6042]]]}, "properties": {"company_id": "mcfarlane-lake-mining", "jurisdiction": "Ontario", "claim_id": "156320", "claim_name": null, "holder": "(100) McFarlane Lake Mining Limited", "status": "Active", "recorded_date": "2018-04-10", "anniversary_or_expiry": "2030-09-23", "area_ha": null, "tenure_type": "Boundary Cell Mining Claim", "source": "Ontario MLAS operational claims (OGSEarth / LIO MapServer). Unofficial viewing data, not legal title.", "as_of": "2026-09-20", "role": "focus", "color": "#e8b040"}}, {"type": "Feature", "geometry": {"type": "Polygon", "coordinates": [[[-81.0063, 47.5708], [-81.0063, 47.575], [-81.0125, 47.575], [-81.0125, 47.5708], [-81.0063, 47.5708]]]}, "properties": {"company_id": "mcfarlane-lake-mining", "jurisdiction": "Ontario", "claim_id": "158196", "claim_name": null, "holder": "(100) McFarlane Lake Mining Limited", "status": "Active", "recorded_date": "2018-04-10", "anniversary_or_expiry": "2030-09-27", "area_ha": null, "tenure_type": "Boundary Cell Mining Claim", "source": "Ontario MLAS operational claims (OGSEarth / LIO MapServer). Unofficial viewing data, not legal title.", "as_of": "2026-09-20", "role": "focus", "color": "#e8b040"}}, {"type": "Feature", "geometry": {"type": "Polygon", "coordinates": [[[-81.0188, 47.6333], [-81.0188, 47.6375], [-81.025, 47.6375], [-81.025, 47.6333], [-81.0188, 47.6333]]]}, "properties": {"company_id": "mcfarlane-lake-mining", "jurisdiction": "Ontario", "claim_id": "159003", "claim_name": null, "holder": "(100) McFarlane Lake Mining Limited", "status": "Active", "recorded_date": "2018-04-10", "anniversary_or_expiry": "2030-04-05", "area_ha": null, "tenure_type": "Boundary Cell Mining Claim", "source": "Ontario MLAS operational claims (OGSEarth / LIO MapServer). Unofficial viewing data, not legal title.", "as_of": "2026-09-20", "role": "focus", "color": "#e8b040"}}, {"type": "Feature", "geometry": {"type": "Polygon", "coordinates": [[[-81.0313, 47.6833], [-81.0313, 47.6875], [-81.0375, 47.6875], [-81.0375, 47.6833], [-81.0313, 47.6833]]]}, "properties": {"company_id": "mcfarlane-lake-mining", "jurisdiction": "Ontario", "claim_id": "161555", "claim_name": null, "holder": "(75) ORECAP INVEST CORP., (25) McFarlane Lake Mining Limited", "status": "Active", "recorded_date": "2018-04-10", "anniversary_or_expiry": "2030-09-23", "area_ha": null, "tenure_type": "Boundary Cell Mining Claim", "source": "Ontario MLAS operational claims (OGSEarth / LIO MapServer). Unofficial viewing data, not legal title.", "as_of": "2026-09-20", "role": "focus", "color": "#e8b040"}}, {"type": "Feature", "geometry": {"type": "Polygon", "coordinates": [[[-81.0313, 47.5833], [-81.0313, 47.5875], [-81.0375, 47.5875], [-81.0375, 47.5833], [-81.0313, 47.5833]]]}, "properties": {"company_id": "mcfarlane-lake-mining", "jurisdiction": "Ontario", "claim_id": "161343", "claim_name": null, "holder": "(100) McFarlane Lake Mining Limited", "status": "Active", "recorded_date": "2018-04-10", "anniversary_or_expiry": "2030-09-27", "area_ha": null, "tenure_type": "Single Cell Mining Claim", "source": "Ontario MLAS operational claims (OGSEarth / LIO MapServer). Unofficial viewing data, not legal title.", "as_of": "2026-09-20", "role": "focus", "color": "#e8b040"}}, {"type": "Feature", "geometry": {"type": "Polygon", "coordinates": [[[-80.9875, 47.6333], [-80.9875, 47.6375], [-80.9938, 47.6375], [-80.9938, 47.6333], [-80.9875, 47.6333]]]}, "properties": {"company_id": "mcfarlane-lake-mining", "jurisdiction": "Ontario", "claim_id": "160206", "claim_name": null, "holder": "(100) McFarlane Lake Mining Limited", "status": "Active", "recorded_date": "2018-04-10", "anniversary_or_expiry": "2030-12-20", "area_ha": null, "tenure_type": "Single Cell Mining Claim", "source": "Ontario MLAS operational claims (OGSEarth / LIO MapServer). Unofficial viewing data, not legal title.", "as_of": "2026-09-20", "role": "focus", "color": "#e8b040"}}, {"type": "Feature", "geometry": {"type": "Polygon", "coordinates": [[[-80.9875, 47.6292], [-80.9875, 47.6333], [-80.9938, 47.6333], [-80.9938, 47.6292], [-80.9875, 47.6292]]]}, "properties": {"company_id": "mcfarlane-lake-mining", "jurisdiction": "Ontario", "claim_id": "160207", "claim_name": null, "holder": "(100) McFarlane Lake Mining Limited", "status": "Active", "recorded_date": "2018-04-10", "anniversary_or_expiry": "2030-09-18", "area_ha": null, "tenure_type": "Single Cell Mining Claim", "source": "Ontario MLAS operational claims (OGSEarth / LIO MapServer). Unofficial viewing data, not legal title.", "as_of": "2026-09-20", "role": "focus", "color": "#e8b040"}}, {"type": "Feature", "geometry": {"type": "Polygon", "coordinates": [[[-81.0188, 47.6167], [-81.0188, 47.6208], [-81.025, 47.6208], [-81.025, 47.6167], [-81.0188, 47.6167]]]}, "properties": {"company_id": "mcfarlane-lake-mining", "jurisdiction": "Ontario", "claim_id": "165506", "claim_name": null, "holder": "(100) McFarlane Lake Mining Limited", "status": "Active", "recorded_date": "2018-04-10", "anniversary_or_expiry": "2030-05-25", "area_ha": null, "tenure_type": "Single Cell Mining Claim", "source": "Ontario MLAS operational claims (OGSEarth / LIO MapServer). Unofficial viewing data, not legal title.", "as_of": "2026-09-20", "role": "focus", "color": "#e8b040"}}, {"type": "Feature", "geometry": {"type": "Polygon", "coordinates": [[[-81.7813, 46.1417], [-81.7813, 46.1458], [-81.7875, 46.1458], [-81.7875, 46.1417], [-81.7813, 46.1417]]]}, "properties": {"company_id": "mcfarlane-lake-mining", "jurisdiction": "Ontario", "claim_id": "165931", "claim_name": null, "holder": "(100) McFarlane Lake Mining Limited", "status": "Active", "recorded_date": "2018-04-10", "anniversary_or_expiry": "2027-09-02", "area_ha": null, "tenure_type": "Single Cell Mining Claim", "source": "Ontario MLAS operational claims (OGSEarth / LIO MapServer). Unofficial viewing data, not legal title.", "as_of": "2026-09-20", "role": "focus", "color": "#e8b040"}}, {"type": "Feature", "geometry": {"type": "Polygon", "coordinates": [[[-80.975, 47.6292], [-80.975, 47.6333], [-80.9813, 47.6333], [-80.9813, 47.6292], [-80.975, 47.6292]]]}, "properties": {"company_id": "mcfarlane-lake-mining", "jurisdiction": "Ontario", "claim_id": "168325", "claim_name": null, "holder": "(100) McFarlane Lake Mining Limited", "status": "Active", "recorded_date": "2018-04-10", "anniversary_or_expiry": "2030-10-10", "area_ha": null, "tenure_type": "Boundary Cell Mining Claim", "source": "Ontario MLAS operational claims (OGSEarth / LIO MapServer). Unofficial viewing data, not legal title.", "as_of": "2026-09-20", "role": "focus", "color": "#e8b040"}}, {"type": "Feature", "geometry": {"type": "Polygon", "coordinates": [[[-80.9688, 47.6083], [-80.9688, 47.6125], [-80.975, 47.6125], [-80.975, 47.6083], [-80.9688, 47.6083]]]}, "properties": {"company_id": "mcfarlane-lake-mining", "jurisdiction": "Ontario", "claim_id": "167777", "claim_name": null, "holder": "(100) McFarlane Lake Mining Limited", "status": "Active", "recorded_date": "2018-04-10", "anniversary_or_expiry": "2030-09-23", "area_ha": null, "tenure_type": "Boundary Cell Mining Claim", "source": "Ontario MLAS operational claims (OGSEarth / LIO MapServer). Unofficial viewing data, not legal title.", "as_of": "2026-09-20", "role": "focus", "color": "#e8b040"}}, {"type": "Feature", "geometry": {"type": "Polygon", "coordinates": [[[-80.9563, 47.625], [-80.9563, 47.6292], [-80.9625, 47.6292], [-80.9625, 47.625], [-80.9563, 47.625]]]}, "properties": {"company_id": "mcfarlane-lake-mining", "jurisdiction": "Ontario", "claim_id": "168563", "claim_name": null, "holder": "(100) McFarlane Lake Mining Limited", "status": "Active", "recorded_date": "2018-04-10", "anniversary_or_expiry": "2030-09-23", "area_ha": null, "tenure_type": "Boundary Cell Mining Claim", "source": "Ontario MLAS operational claims (OGSEarth / LIO MapServer). Unofficial viewing data, not legal title.", "as_of": "2026-09-20", "role": "focus", "color": "#e8b040"}}, {"type": "Feature", "geometry": {"type": "Polygon", "coordinates": [[[-81.0688, 47.6083], [-81.0688, 47.6125], [-81.075, 47.6125], [-81.075, 47.6083], [-81.0688, 47.6083]]]}, "properties": {"company_id": "mcfarlane-lake-mining", "jurisdiction": "Ontario", "claim_id": "167544", "claim_name": null, "holder": "(100) McFarlane Lake Mining Limited", "status": "Active", "recorded_date": "2018-04-10", "anniversary_or_expiry": "2030-04-04", "area_ha": null, "tenure_type": "Boundary Cell Mining Claim", "source": "Ontario MLAS operational claims (OGSEarth / LIO MapServer). Unofficial viewing data, not legal title.", "as_of": "2026-09-20", "role": "focus", "color": "#e8b040"}}, {"type": "Feature", "geometry": {"type": "Polygon", "coordinates": [[[-81.0188, 47.5833], [-81.0188, 47.5875], [-81.025, 47.5875], [-81.025, 47.5833], [-81.0188, 47.5833]]]}, "properties": {"company_id": "mcfarlane-lake-mining", "jurisdiction": "Ontario", "claim_id": "167604", "claim_name": null, "holder": "(100) McFarlane Lake Mining Limited", "status": "Active", "recorded_date": "2018-04-10", "anniversary_or_expiry": "2030-09-27", "area_ha": null, "tenure_type": "Single Cell Mining Claim", "source": "Ontario MLAS operational claims (OGSEarth / LIO MapServer). Unofficial viewing data, not legal title.", "as_of": "2026-09-20", "role": "focus", "color": "#e8b040"}}, {"type": "Feature", "geometry": {"type": "Polygon", "coordinates": [[[-81.075, 47.6333], [-81.075, 47.6375], [-81.0813, 47.6375], [-81.0813, 47.6333], [-81.075, 47.6333]]]}, "properties": {"company_id": "mcfarlane-lake-mining", "jurisdiction": "Ontario", "claim_id": "168246", "claim_name": null, "holder": "(100) McFarlane Lake Mining Limited", "status": "Active", "recorded_date": "2018-04-10", "anniversary_or_expiry": "2030-01-08", "area_ha": null, "tenure_type": "Boundary Cell Mining Claim", "source": "Ontario MLAS operational claims (OGSEarth / LIO MapServer). Unofficial viewing data, not legal title.", "as_of": "2026-09-20", "role": "focus", "color": "#e8b040"}}, {"type": "Feature", "geometry": {"type": "Polygon", "coordinates": [[[-81.0063, 47.6], [-81.0063, 47.6042], [-81.0125, 47.6042], [-81.0125, 47.6], [-81.0063, 47.6]]]}, "properties": {"company_id": "mcfarlane-lake-mining", "jurisdiction": "Ontario", "claim_id": "171400", "claim_name": null, "holder": "(100) McFarlane Lake Mining Limited", "status": "Active", "recorded_date": "2018-04-10", "anniversary_or_expiry": "2030-07-14", "area_ha": null, "tenure_type": "Single Cell Mining Claim", "source": "Ontario MLAS operational claims (OGSEarth / LIO MapServer). Unofficial viewing data, not legal title.", "as_of": "2026-09-20", "role": "focus", "color": "#e8b040"}}, {"type": "Feature", "geometry": {"type": "Polygon", "coordinates": [[[-80.9938, 47.6125], [-80.9938, 47.6167], [-81.0, 47.6167], [-81.0, 47.6125], [-80.9938, 47.6125]]]}, "properties": {"company_id": "mcfarlane-lake-mining", "jurisdiction": "Ontario", "claim_id": "170289", "claim_name": null, "holder": "(100) McFarlane Lake Mining Limited", "status": "Active", "recorded_date": "2018-04-10", "anniversary_or_expiry": "2030-09-23", "area_ha": null, "tenure_type": "Single Cell Mining Claim", "source": "Ontario MLAS operational claims (OGSEarth / LIO MapServer). Unofficial viewing data, not legal title.", "as_of": "2026-09-20", "role": "focus", "color": "#e8b040"}}, {"type": "Feature", "geometry": {"type": "Polygon", "coordinates": [[[-80.9938, 47.6042], [-80.9938, 47.6083], [-81.0, 47.6083], [-81.0, 47.6042], [-80.9938, 47.6042]]]}, "properties": {"company_id": "mcfarlane-lake-mining", "jurisdiction": "Ontario", "claim_id": "170866", "claim_name": null, "holder": "(100) McFarlane Lake Mining Limited", "status": "Active", "recorded_date": "2018-04-10", "anniversary_or_expiry": "2030-07-14", "area_ha": null, "tenure_type": "Single Cell Mining Claim", "source": "Ontario MLAS operational claims (OGSEarth / LIO MapServer). Unofficial viewing data, not legal title.", "as_of": "2026-09-20", "role": "focus", "color": "#e8b040"}}, {"type": "Feature", "geometry": {"type": "Polygon", "coordinates": [[[-81.0063, 47.6042], [-81.0063, 47.6083], [-81.0125, 47.6083], [-81.0125, 47.6042], [-81.0063, 47.6042]]]}, "properties": {"company_id": "mcfarlane-lake-mining", "jurisdiction": "Ontario", "claim_id": "170867", "claim_name": null, "holder": "(100) McFarlane Lake Mining Limited", "status": "Active", "recorded_date": "2018-04-10", "anniversary_or_expiry": "2030-05-25", "area_ha": null, "tenure_type": "Single Cell Mining Claim", "source": "Ontario MLAS operational claims (OGSEarth / LIO MapServer). Unofficial viewing data, not legal title.", "as_of": "2026-09-20", "role": "focus", "color": "#e8b040"}}, {"type": "Feature", "geometry": {"type": "Polygon", "coordinates": [[[-80.9813, 47.6042], [-80.9813, 47.6083], [-80.9875, 47.6083], [-80.9875, 47.6042], [-80.9813, 47.6042]]]}, "properties": {"company_id": "mcfarlane-lake-mining", "jurisdiction": "Ontario", "claim_id": "170869", "claim_name": null, "holder": "(100) McFarlane Lake Mining Limited", "status": "Active", "recorded_date": "2018-04-10", "anniversary_or_expiry": "2030-09-04", "area_ha": null, "tenure_type": "Single Cell Mining Claim", "source": "Ontario MLAS operational claims (OGSEarth / LIO MapServer). Unofficial viewing data, not legal title.", "as_of": "2026-09-20", "role": "focus", "color": "#e8b040"}}, {"type": "Feature", "geometry": {"type": "Polygon", "coordinates": [[[-81.025, 47.6125], [-81.025, 47.6167], [-81.0313, 47.6167], [-81.0313, 47.6125], [-81.025, 47.6125]]]}, "properties": {"company_id": "mcfarlane-lake-mining", "jurisdiction": "Ontario", "claim_id": "170330", "claim_name": null, "holder": "(100) McFarlane Lake Mining Limited", "status": "Active", "recorded_date": "2018-04-10", "anniversary_or_expiry": "2030-05-25", "area_ha": null, "tenure_type": "Single Cell Mining Claim", "source": "Ontario MLAS operational claims (OGSEarth / LIO MapServer). Unofficial viewing data, not legal title.", "as_of": "2026-09-20", "role": "focus", "color": "#e8b040"}}, {"type": "Feature", "geometry": {"type": "Polygon", "coordinates": [[[-81.0125, 47.5792], [-81.0125, 47.5833], [-81.0188, 47.5833], [-81.0188, 47.5792], [-81.0125, 47.5792]]]}, "properties": {"company_id": "mcfarlane-lake-mining", "jurisdiction": "Ontario", "claim_id": "173644", "claim_name": null, "holder": "(100) McFarlane Lake Mining Limited", "status": "Active", "recorded_date": "2018-04-10", "anniversary_or_expiry": "2030-09-27", "area_ha": null, "tenure_type": "Single Cell Mining Claim", "source": "Ontario MLAS operational claims (OGSEarth / LIO MapServer). Unofficial viewing data, not legal title.", "as_of": "2026-09-20", "role": "focus", "color": "#e8b040"}}, {"type": "Feature", "geometry": {"type": "Polygon", "coordinates": [[[-81.0, 47.6875], [-81.0, 47.6917], [-81.0063, 47.6917], [-81.0063, 47.6875], [-81.0, 47.6875]]]}, "properties": {"company_id": "mcfarlane-lake-mining", "jurisdiction": "Ontario", "claim_id": "172587", "claim_name": null, "holder": "(75) ORECAP INVEST CORP., (25) McFarlane Lake Mining Limited", "status": "Active", "recorded_date": "2018-04-10", "anniversary_or_expiry": "2030-09-23", "area_ha": null, "tenure_type": "Single Cell Mining Claim", "source": "Ontario MLAS operational claims (OGSEarth / LIO MapServer). Unofficial viewing data, not legal title.", "as_of": "2026-09-20", "role": "focus", "color": "#e8b040"}}, {"type": "Feature", "geometry": {"type": "Polygon", "coordinates": [[[-80.9875, 47.6208], [-80.9875, 47.625], [-80.9938, 47.625], [-80.9938, 47.6208], [-80.9875, 47.6208]]]}, "properties": {"company_id": "mcfarlane-lake-mining", "jurisdiction": "Ontario", "claim_id": "175939", "claim_name": null, "holder": "(100) McFarlane Lake Mining Limited", "status": "Active", "recorded_date": "2018-04-10", "anniversary_or_expiry": "2030-02-02", "area_ha": null, "tenure_type": "Single Cell Mining Claim", "source": "Ontario MLAS operational claims (OGSEarth / LIO MapServer). Unofficial viewing data, not legal title.", "as_of": "2026-09-20", "role": "focus", "color": "#e8b040"}}, {"type": "Feature", "geometry": {"type": "Polygon", "coordinates": [[[-81.0688, 47.6208], [-81.0688, 47.625], [-81.075, 47.625], [-81.075, 47.6208], [-81.0688, 47.6208]]]}, "properties": {"company_id": "mcfarlane-lake-mining", "jurisdiction": "Ontario", "claim_id": "174002", "claim_name": null, "holder": "(100) McFarlane Lake Mining Limited", "status": "Active", "recorded_date": "2018-04-10", "anniversary_or_expiry": "2030-04-03", "area_ha": null, "tenure_type": "Boundary Cell Mining Claim", "source": "Ontario MLAS operational claims (OGSEarth / LIO MapServer). Unofficial viewing data, not legal title.", "as_of": "2026-09-20", "role": "focus", "color": "#e8b040"}}, {"type": "Feature", "geometry": {"type": "Polygon", "coordinates": [[[-80.9438, 47.5917], [-80.9438, 47.5958], [-80.95, 47.5958], [-80.95, 47.5917], [-80.9438, 47.5917]]]}, "properties": {"company_id": "mcfarlane-lake-mining", "jurisdiction": "Ontario", "claim_id": "176136", "claim_name": null, "holder": "(100) McFarlane Lake Mining Limited", "status": "Active", "recorded_date": "2018-04-10", "anniversary_or_expiry": "2030-09-23", "area_ha": null, "tenure_type": "Single Cell Mining Claim", "source": "Ontario MLAS operational claims (OGSEarth / LIO MapServer). Unofficial viewing data, not legal title.", "as_of": "2026-09-20", "role": "focus", "color": "#e8b040"}}, {"type": "Feature", "geometry": {"type": "Polygon", "coordinates": [[[-80.925, 47.5917], [-80.925, 47.5958], [-80.9313, 47.5958], [-80.9313, 47.5917], [-80.925, 47.5917]]]}, "properties": {"company_id": "mcfarlane-lake-mining", "jurisdiction": "Ontario", "claim_id": "176142", "claim_name": null, "holder": "(100) McFarlane Lake Mining Limited", "status": "Active", "recorded_date": "2018-04-10", "anniversary_or_expiry": "2030-09-23", "area_ha": null, "tenure_type": "Single Cell Mining Claim", "source": "Ontario MLAS operational claims (OGSEarth / LIO MapServer). Unofficial viewing data, not legal title.", "as_of": "2026-09-20", "role": "focus", "color": "#e8b040"}}, {"type": "Feature", "geometry": {"type": "Polygon", "coordinates": [[[-80.9938, 47.6375], [-80.9938, 47.6417], [-81.0, 47.6417], [-81.0, 47.6375], [-80.9938, 47.6375]]]}, "properties": {"company_id": "mcfarlane-lake-mining", "jurisdiction": "Ontario", "claim_id": "180424", "claim_name": null, "holder": "(100) McFarlane Lake Mining Limited", "status": "Active", "recorded_date": "2018-04-10", "anniversary_or_expiry": "2030-09-17", "area_ha": null, "tenure_type": "Boundary Cell Mining Claim", "source": "Ontario MLAS operational claims (OGSEarth / LIO MapServer). Unofficial viewing data, not legal title.", "as_of": "2026-09-20", "role": "focus", "color": "#e8b040"}}, {"type": "Feature", "geometry": {"type": "Polygon", "coordinates": [[[-81.025, 47.5833], [-81.025, 47.5875], [-81.0313, 47.5875], [-81.0313, 47.5833], [-81.025, 47.5833]]]}, "properties": {"company_id": "mcfarlane-lake-mining", "jurisdiction": "Ontario", "claim_id": "180437", "claim_name": null, "holder": "(100) McFarlane Lake Mining Limited", "status": "Active", "recorded_date": "2018-04-10", "anniversary_or_expiry": "2030-09-27", "area_ha": null, "tenure_type": "Single Cell Mining Claim", "source": "Ontario MLAS operational claims (OGSEarth / LIO MapServer). Unofficial viewing data, not legal title.", "as_of": "2026-09-20", "role": "focus", "color": "#e8b040"}}, {"type": "Feature", "geometry": {"type": "Polygon", "coordinates": [[[-81.05, 47.6208], [-81.05, 47.625], [-81.0563, 47.625], [-81.0563, 47.6208], [-81.05, 47.6208]]]}, "properties": {"company_id": "mcfarlane-lake-mining", "jurisdiction": "Ontario", "claim_id": "178371", "claim_name": null, "holder": "(100) McFarlane Lake Mining Limited", "status": "Active", "recorded_date": "2018-04-10", "anniversary_or_expiry": "2030-06-07", "area_ha": null, "tenure_type": "Single Cell Mining Claim", "source": "Ontario MLAS operational claims (OGSEarth / LIO MapServer). Unofficial viewing data, not legal title.", "as_of": "2026-09-20", "role": "focus", "color": "#e8b040"}}, {"type": "Feature", "geometry": {"type": "Polygon", "coordinates": [[[-80.9875, 47.5958], [-80.9875, 47.6], [-80.9938, 47.6], [-80.9938, 47.5958], [-80.9875, 47.5958]]]}, "properties": {"company_id": "mcfarlane-lake-mining", "jurisdiction": "Ontario", "claim_id": "179700", "claim_name": null, "holder": "(100) McFarlane Lake Mining Limited", "status": "Active", "recorded_date": "2018-04-10", "anniversary_or_expiry": "2030-07-14", "area_ha": null, "tenure_type": "Single Cell Mining Claim", "source": "Ontario MLAS operational claims (OGSEarth / LIO MapServer). Unofficial viewing data, not legal title.", "as_of": "2026-09-20", "role": "focus", "color": "#e8b040"}}, {"type": "Feature", "geometry": {"type": "Polygon", "coordinates": [[[-81.0625, 47.6167], [-81.0625, 47.6208], [-81.0688, 47.6208], [-81.0688, 47.6167], [-81.0625, 47.6167]]]}, "properties": {"company_id": "mcfarlane-lake-mining", "jurisdiction": "Ontario", "claim_id": "180317", "claim_name": null, "holder": "(100) McFarlane Lake Mining Limited", "status": "Active", "recorded_date": "2018-04-10", "anniversary_or_expiry": "2030-04-03", "area_ha": null, "tenure_type": "Single Cell Mining Claim", "source": "Ontario MLAS operational claims (OGSEarth / LIO MapServer). Unofficial viewing data, not legal title.", "as_of": "2026-09-20", "role": "focus", "color": "#e8b040"}}, {"type": "Feature", "geometry": {"type": "Polygon", "coordinates": [[[-81.0688, 47.6125], [-81.0688, 47.6167], [-81.075, 47.6167], [-81.075, 47.6125], [-81.0688, 47.6125]]]}, "properties": {"company_id": "mcfarlane-lake-mining", "jurisdiction": "Ontario", "claim_id": "180393", "claim_name": null, "holder": "(100) McFarlane Lake Mining Limited", "status": "Active", "recorded_date": "2018-04-10", "anniversary_or_expiry": "2030-04-04", "area_ha": null, "tenure_type": "Boundary Cell Mining Claim", "source": "Ontario MLAS operational claims (OGSEarth / LIO MapServer). Unofficial viewing data, not legal title.", "as_of": "2026-09-20", "role": "focus", "color": "#e8b040"}}, {"type": "Feature", "geometry": {"type": "Polygon", "coordinates": [[[-80.9688, 47.5958], [-80.9688, 47.6], [-80.975, 47.6], [-80.975, 47.5958], [-80.9688, 47.5958]]]}, "properties": {"company_id": "mcfarlane-lake-mining", "jurisdiction": "Ontario", "claim_id": "181019", "claim_name": null, "holder": "(100) McFarlane Lake Mining Limited", "status": "Active", "recorded_date": "2018-04-10", "anniversary_or_expiry": "2030-09-23", "area_ha": null, "tenure_type": "Single Cell Mining Claim", "source": "Ontario MLAS operational claims (OGSEarth / LIO MapServer). Unofficial viewing data, not legal title.", "as_of": "2026-09-20", "role": "focus", "color": "#e8b040"}}, {"type": "Feature", "geometry": {"type": "Polygon", "coordinates": [[[-81.0563, 47.6125], [-81.0563, 47.6167], [-81.0625, 47.6167], [-81.0625, 47.6125], [-81.0563, 47.6125]]]}, "properties": {"company_id": "mcfarlane-lake-mining", "jurisdiction": "Ontario", "claim_id": "181058", "claim_name": null, "holder": "(100) McFarlane Lake Mining Limited", "status": "Active", "recorded_date": "2018-04-10", "anniversary_or_expiry": "2030-04-04", "area_ha": null, "tenure_type": "Single Cell Mining Claim", "source": "Ontario MLAS operational claims (OGSEarth / LIO MapServer). Unofficial viewing data, not legal title.", "as_of": "2026-09-20", "role": "focus", "color": "#e8b040"}}, {"type": "Feature", "geometry": {"type": "Polygon", "coordinates": [[[-81.0063, 47.6083], [-81.0063, 47.6125], [-81.0125, 47.6125], [-81.0125, 47.6083], [-81.0063, 47.6083]]]}, "properties": {"company_id": "mcfarlane-lake-mining", "jurisdiction": "Ontario", "claim_id": "181770", "claim_name": null, "holder": "(100) McFarlane Lake Mining Limited", "status": "Active", "recorded_date": "2018-04-10", "anniversary_or_expiry": "2030-05-25", "area_ha": null, "tenure_type": "Single Cell Mining Claim", "source": "Ontario MLAS operational claims (OGSEarth / LIO MapServer). Unofficial viewing data, not legal title.", "as_of": "2026-09-20", "role": "focus", "color": "#e8b040"}}, {"type": "Feature", "geometry": {"type": "Polygon", "coordinates": [[[-80.975, 47.6208], [-80.975, 47.625], [-80.9813, 47.625], [-80.9813, 47.6208], [-80.975, 47.6208]]]}, "properties": {"company_id": "mcfarlane-lake-mining", "jurisdiction": "Ontario", "claim_id": "181304", "claim_name": null, "holder": "(100) McFarlane Lake Mining Limited", "status": "Active", "recorded_date": "2018-04-10", "anniversary_or_expiry": "2030-09-23", "area_ha": null, "tenure_type": "Single Cell Mining Claim", "source": "Ontario MLAS operational claims (OGSEarth / LIO MapServer). Unofficial viewing data, not legal title.", "as_of": "2026-09-20", "role": "focus", "color": "#e8b040"}}, {"type": "Feature", "geometry": {"type": "Polygon", "coordinates": [[[-81.0438, 47.6], [-81.0438, 47.6042], [-81.05, 47.6042], [-81.05, 47.6], [-81.0438, 47.6]]]}, "properties": {"company_id": "mcfarlane-lake-mining", "jurisdiction": "Ontario", "claim_id": "181335", "claim_name": null, "holder": "(100) McFarlane Lake Mining Limited", "status": "Active", "recorded_date": "2018-04-10", "anniversary_or_expiry": "2030-05-30", "area_ha": null, "tenure_type": "Single Cell Mining Claim", "source": "Ontario MLAS operational claims (OGSEarth / LIO MapServer). Unofficial viewing data, not legal title.", "as_of": "2026-09-20", "role": "focus", "color": "#e8b040"}}, {"type": "Feature", "geometry": {"type": "Polygon", "coordinates": [[[-81.0313, 47.5958], [-81.0313, 47.6], [-81.0375, 47.6], [-81.0375, 47.5958], [-81.0313, 47.5958]]]}, "properties": {"company_id": "mcfarlane-lake-mining", "jurisdiction": "Ontario", "claim_id": "181934", "claim_name": null, "holder": "(100) McFarlane Lake Mining Limited", "status": "Active", "recorded_date": "2018-04-10", "anniversary_or_expiry": "2030-06-10", "area_ha": null, "tenure_type": "Single Cell Mining Claim", "source": "Ontario MLAS operational claims (OGSEarth / LIO MapServer). Unofficial viewing data, not legal title.", "as_of": "2026-09-20", "role": "focus", "color": "#e8b040"}}, {"type": "Feature", "geometry": {"type": "Polygon", "coordinates": [[[-81.7938, 46.1417], [-81.7938, 46.1458], [-81.8, 46.1458], [-81.8, 46.1417], [-81.7938, 46.1417]]]}, "properties": {"company_id": "mcfarlane-lake-mining", "jurisdiction": "Ontario", "claim_id": "181970", "claim_name": null, "holder": "(100) McFarlane Lake Mining Limited", "status": "Active", "recorded_date": "2018-04-10", "anniversary_or_expiry": "2027-09-02", "area_ha": null, "tenure_type": "Single Cell Mining Claim", "source": "Ontario MLAS operational claims (OGSEarth / LIO MapServer). Unofficial viewing data, not legal title.", "as_of": "2026-09-20", "role": "focus", "color": "#e8b040"}}, {"type": "Feature", "geometry": {"type": "Polygon", "coordinates": [[[-81.0188, 47.6375], [-81.0188, 47.6417], [-81.025, 47.6417], [-81.025, 47.6375], [-81.0188, 47.6375]]]}, "properties": {"company_id": "mcfarlane-lake-mining", "jurisdiction": "Ontario", "claim_id": "184550", "claim_name": null, "holder": "(100) McFarlane Lake Mining Limited", "status": "Active", "recorded_date": "2018-04-10", "anniversary_or_expiry": "2030-11-19", "area_ha": null, "tenure_type": "Boundary Cell Mining Claim", "source": "Ontario MLAS operational claims (OGSEarth / LIO MapServer). Unofficial viewing data, not legal title.", "as_of": "2026-09-20", "role": "focus", "color": "#e8b040"}}, {"type": "Feature", "geometry": {"type": "Polygon", "coordinates": [[[-81.8, 46.1375], [-81.8, 46.1417], [-81.8063, 46.1417], [-81.8063, 46.1375], [-81.8, 46.1375]]]}, "properties": {"company_id": "mcfarlane-lake-mining", "jurisdiction": "Ontario", "claim_id": "184120", "claim_name": null, "holder": "(100) McFarlane Lake Mining Limited", "status": "Active", "recorded_date": "2018-04-10", "anniversary_or_expiry": "2027-06-03", "area_ha": null, "tenure_type": "Single Cell Mining Claim", "source": "Ontario MLAS operational claims (OGSEarth / LIO MapServer). Unofficial viewing data, not legal title.", "as_of": "2026-09-20", "role": "focus", "color": "#e8b040"}}, {"type": "Feature", "geometry": {"type": "Polygon", "coordinates": [[[-81.0375, 47.5917], [-81.0375, 47.5958], [-81.0438, 47.5958], [-81.0438, 47.5917], [-81.0375, 47.5917]]]}, "properties": {"company_id": "mcfarlane-lake-mining", "jurisdiction": "Ontario", "claim_id": "183008", "claim_name": null, "holder": "(100) McFarlane Lake Mining Limited", "status": "Active", "recorded_date": "2018-04-10", "anniversary_or_expiry": "2030-01-21", "area_ha": null, "tenure_type": "Boundary Cell Mining Claim", "source": "Ontario MLAS operational claims (OGSEarth / LIO MapServer). Unofficial viewing data, not legal title.", "as_of": "2026-09-20", "role": "focus", "color": "#e8b040"}}, {"type": "Feature", "geometry": {"type": "Polygon", "coordinates": [[[-81.0438, 47.5958], [-81.0438, 47.6], [-81.05, 47.6], [-81.05, 47.5958], [-81.0438, 47.5958]]]}, "properties": {"company_id": "mcfarlane-lake-mining", "jurisdiction": "Ontario", "claim_id": "188101", "claim_name": null, "holder": "(100) McFarlane Lake Mining Limited", "status": "Active", "recorded_date": "2018-04-10", "anniversary_or_expiry": "2030-05-30", "area_ha": null, "tenure_type": "Boundary Cell Mining Claim", "source": "Ontario MLAS operational claims (OGSEarth / LIO MapServer). Unofficial viewing data, not legal title.", "as_of": "2026-09-20", "role": "focus", "color": "#e8b040"}}, {"type": "Feature", "geometry": {"type": "Polygon", "coordinates": [[[-81.0188, 47.575], [-81.0188, 47.5792], [-81.025, 47.5792], [-81.025, 47.575], [-81.0188, 47.575]]]}, "properties": {"company_id": "mcfarlane-lake-mining", "jurisdiction": "Ontario", "claim_id": "191684", "claim_name": null, "holder": "(100) McFarlane Lake Mining Limited", "status": "Active", "recorded_date": "2018-04-10", "anniversary_or_expiry": "2030-09-27", "area_ha": null, "tenure_type": "Boundary Cell Mining Claim", "source": "Ontario MLAS operational claims (OGSEarth / LIO MapServer). Unofficial viewing data, not legal title.", "as_of": "2026-09-20", "role": "focus", "color": "#e8b040"}}, {"type": "Feature", "geometry": {"type": "Polygon", "coordinates": [[[-81.025, 47.575], [-81.025, 47.5792], [-81.0313, 47.5792], [-81.0313, 47.575], [-81.025, 47.575]]]}, "properties": {"company_id": "mcfarlane-lake-mining", "jurisdiction": "Ontario", "claim_id": "191685", "claim_name": null, "holder": "(100) McFarlane Lake Mining Limited", "status": "Active", "recorded_date": "2018-04-10", "anniversary_or_expiry": "2030-09-27", "area_ha": null, "tenure_type": "Boundary Cell Mining Claim", "source": "Ontario MLAS operational claims (OGSEarth / LIO MapServer). Unofficial viewing data, not legal title.", "as_of": "2026-09-20", "role": "focus", "color": "#e8b040"}}, {"type": "Feature", "geometry": {"type": "Polygon", "coordinates": [[[-81.0063, 47.6833], [-81.0063, 47.6875], [-81.0125, 47.6875], [-81.0125, 47.6833], [-81.0063, 47.6833]]]}, "properties": {"company_id": "mcfarlane-lake-mining", "jurisdiction": "Ontario", "claim_id": "189954", "claim_name": null, "holder": "(75) ORECAP INVEST CORP., (25) McFarlane Lake Mining Limited", "status": "Active", "recorded_date": "2018-04-10", "anniversary_or_expiry": "2030-09-23", "area_ha": null, "tenure_type": "Single Cell Mining Claim", "source": "Ontario MLAS operational claims (OGSEarth / LIO MapServer). Unofficial viewing data, not legal title.", "as_of": "2026-09-20", "role": "focus", "color": "#e8b040"}}, {"type": "Feature", "geometry": {"type": "Polygon", "coordinates": [[[-81.0, 47.6708], [-81.0, 47.675], [-81.0063, 47.675], [-81.0063, 47.6708], [-81.0, 47.6708]]]}, "properties": {"company_id": "mcfarlane-lake-mining", "jurisdiction": "Ontario", "claim_id": "189955", "claim_name": null, "holder": "(75) ORECAP INVEST CORP., (25) McFarlane Lake Mining Limited", "status": "Active", "recorded_date": "2018-04-10", "anniversary_or_expiry": "2030-09-23", "area_ha": null, "tenure_type": "Boundary Cell Mining Claim", "source": "Ontario MLAS operational claims (OGSEarth / LIO MapServer). Unofficial viewing data, not legal title.", "as_of": "2026-09-20", "role": "focus", "color": "#e8b040"}}, {"type": "Feature", "geometry": {"type": "Polygon", "coordinates": [[[-81.0188, 47.6292], [-81.0188, 47.6333], [-81.025, 47.6333], [-81.025, 47.6292], [-81.0188, 47.6292]]]}, "properties": {"company_id": "mcfarlane-lake-mining", "jurisdiction": "Ontario", "claim_id": "194271", "claim_name": null, "holder": "(100) McFarlane Lake Mining Limited", "status": "Active", "recorded_date": "2018-04-10", "anniversary_or_expiry": "2030-11-20", "area_ha": null, "tenure_type": "Single Cell Mining Claim", "source": "Ontario MLAS operational claims (OGSEarth / LIO MapServer). Unofficial viewing data, not legal title.", "as_of": "2026-09-20", "role": "focus", "color": "#e8b040"}}, {"type": "Feature", "geometry": {"type": "Polygon", "coordinates": [[[-80.9625, 47.6333], [-80.9625, 47.6375], [-80.9688, 47.6375], [-80.9688, 47.6333], [-80.9625, 47.6333]]]}, "properties": {"company_id": "mcfarlane-lake-mining", "jurisdiction": "Ontario", "claim_id": "194281", "claim_name": null, "holder": "(100) McFarlane Lake Mining Limited", "status": "Active", "recorded_date": "2018-04-10", "anniversary_or_expiry": "2030-09-23", "area_ha": null, "tenure_type": "Boundary Cell Mining Claim", "source": "Ontario MLAS operational claims (OGSEarth / LIO MapServer). Unofficial viewing data, not legal title.", "as_of": "2026-09-20", "role": "focus", "color": "#e8b040"}}, {"type": "Feature", "geometry": {"type": "Polygon", "coordinates": [[[-80.9625, 47.6292], [-80.9625, 47.6333], [-80.9688, 47.6333], [-80.9688, 47.6292], [-80.9625, 47.6292]]]}, "properties": {"company_id": "mcfarlane-lake-mining", "jurisdiction": "Ontario", "claim_id": "194282", "claim_name": null, "holder": "(100) McFarlane Lake Mining Limited", "status": "Active", "recorded_date": "2018-04-10", "anniversary_or_expiry": "2030-09-23", "area_ha": null, "tenure_type": "Boundary Cell Mining Claim", "source": "Ontario MLAS operational claims (OGSEarth / LIO MapServer). Unofficial viewing data, not legal title.", "as_of": "2026-09-20", "role": "focus", "color": "#e8b040"}}, {"type": "Feature", "geometry": {"type": "Polygon", "coordinates": [[[-81.0, 47.6125], [-81.0, 47.6167], [-81.0063, 47.6167], [-81.0063, 47.6125], [-81.0, 47.6125]]]}, "properties": {"company_id": "mcfarlane-lake-mining", "jurisdiction": "Ontario", "claim_id": "193599", "claim_name": null, "holder": "(100) McFarlane Lake Mining Limited", "status": "Active", "recorded_date": "2018-04-10", "anniversary_or_expiry": "2030-09-17", "area_ha": null, "tenure_type": "Single Cell Mining Claim", "source": "Ontario MLAS operational claims (OGSEarth / LIO MapServer). Unofficial viewing data, not legal title.", "as_of": "2026-09-20", "role": "focus", "color": "#e8b040"}}, {"type": "Feature", "geometry": {"type": "Polygon", "coordinates": [[[-80.925, 47.6042], [-80.925, 47.6083], [-80.9313, 47.6083], [-80.9313, 47.6042], [-80.925, 47.6042]]]}, "properties": {"company_id": "mcfarlane-lake-mining", "jurisdiction": "Ontario", "claim_id": "193602", "claim_name": null, "holder": "(100) McFarlane Lake Mining Limited", "status": "Active", "recorded_date": "2018-04-10", "anniversary_or_expiry": "2030-09-23", "area_ha": null, "tenure_type": "Single Cell Mining Claim", "source": "Ontario MLAS operational claims (OGSEarth / LIO MapServer). Unofficial viewing data, not legal title.", "as_of": "2026-09-20", "role": "focus", "color": "#e8b040"}}, {"type": "Feature", "geometry": {"type": "Polygon", "coordinates": [[[-81.0313, 47.575], [-81.0313, 47.5792], [-81.0375, 47.5792], [-81.0375, 47.575], [-81.0313, 47.575]]]}, "properties": {"company_id": "mcfarlane-lake-mining", "jurisdiction": "Ontario", "claim_id": "195458", "claim_name": null, "holder": "(100) McFarlane Lake Mining Limited", "status": "Active", "recorded_date": "2018-04-10", "anniversary_or_expiry": "2030-09-27", "area_ha": null, "tenure_type": "Boundary Cell Mining Claim", "source": "Ontario MLAS operational claims (OGSEarth / LIO MapServer). Unofficial viewing data, not legal title.", "as_of": "2026-09-20", "role": "focus", "color": "#e8b040"}}, {"type": "Feature", "geometry": {"type": "Polygon", "coordinates": [[[-80.9188, 47.6042], [-80.9188, 47.6083], [-80.925, 47.6083], [-80.925, 47.6042], [-80.9188, 47.6042]]]}, "properties": {"company_id": "mcfarlane-lake-mining", "jurisdiction": "Ontario", "claim_id": "195656", "claim_name": null, "holder": "(100) McFarlane Lake Mining Limited", "status": "Active", "recorded_date": "2018-04-10", "anniversary_or_expiry": "2030-09-23", "area_ha": null, "tenure_type": "Boundary Cell Mining Claim", "source": "Ontario MLAS operational claims (OGSEarth / LIO MapServer). Unofficial viewing data, not legal title.", "as_of": "2026-09-20", "role": "focus", "color": "#e8b040"}}, {"type": "Feature", "geometry": {"type": "Polygon", "coordinates": [[[-80.9188, 47.5917], [-80.9188, 47.5958], [-80.925, 47.5958], [-80.925, 47.5917], [-80.9188, 47.5917]]]}, "properties": {"company_id": "mcfarlane-lake-mining", "jurisdiction": "Ontario", "claim_id": "195657", "claim_name": null, "holder": "(100) McFarlane Lake Mining Limited", "status": "Active", "recorded_date": "2018-04-10", "anniversary_or_expiry": "2030-09-23", "area_ha": null, "tenure_type": "Boundary Cell Mining Claim", "source": "Ontario MLAS operational claims (OGSEarth / LIO MapServer). Unofficial viewing data, not legal title.", "as_of": "2026-09-20", "role": "focus", "color": "#e8b040"}}, {"type": "Feature", "geometry": {"type": "Polygon", "coordinates": [[[-81.025, 47.6792], [-81.025, 47.6833], [-81.0313, 47.6833], [-81.0313, 47.6792], [-81.025, 47.6792]]]}, "properties": {"company_id": "mcfarlane-lake-mining", "jurisdiction": "Ontario", "claim_id": "196315", "claim_name": null, "holder": "(75) ORECAP INVEST CORP., (25) McFarlane Lake Mining Limited", "status": "Active", "recorded_date": "2018-04-10", "anniversary_or_expiry": "2030-09-23", "area_ha": null, "tenure_type": "Single Cell Mining Claim", "source": "Ontario MLAS operational claims (OGSEarth / LIO MapServer). Unofficial viewing data, not legal title.", "as_of": "2026-09-20", "role": "focus", "color": "#e8b040"}}, {"type": "Feature", "geometry": {"type": "Polygon", "coordinates": [[[-80.9813, 47.6333], [-80.9813, 47.6375], [-80.9875, 47.6375], [-80.9875, 47.6333], [-80.9813, 47.6333]]]}, "properties": {"company_id": "mcfarlane-lake-mining", "jurisdiction": "Ontario", "claim_id": "197177", "claim_name": null, "holder": "(100) McFarlane Lake Mining Limited", "status": "Active", "recorded_date": "2018-04-10", "anniversary_or_expiry": "2030-12-20", "area_ha": null, "tenure_type": "Single Cell Mining Claim", "source": "Ontario MLAS operational claims (OGSEarth / LIO MapServer). Unofficial viewing data, not legal title.", "as_of": "2026-09-20", "role": "focus", "color": "#e8b040"}}, {"type": "Feature", "geometry": {"type": "Polygon", "coordinates": [[[-81.0063, 47.6167], [-81.0063, 47.6208], [-81.0125, 47.6208], [-81.0125, 47.6167], [-81.0063, 47.6167]]]}, "properties": {"company_id": "mcfarlane-lake-mining", "jurisdiction": "Ontario", "claim_id": "198317", "claim_name": null, "holder": "(100) McFarlane Lake Mining Limited", "status": "Active", "recorded_date": "2018-04-10", "anniversary_or_expiry": "2030-05-25", "area_ha": null, "tenure_type": "Single Cell Mining Claim", "source": "Ontario MLAS operational claims (OGSEarth / LIO MapServer). Unofficial viewing data, not legal title.", "as_of": "2026-09-20", "role": "focus", "color": "#e8b040"}}, {"type": "Feature", "geometry": {"type": "Polygon", "coordinates": [[[-81.0625, 47.5958], [-81.0625, 47.6], [-81.0688, 47.6], [-81.0688, 47.5958], [-81.0625, 47.5958]]]}, "properties": {"company_id": "mcfarlane-lake-mining", "jurisdiction": "Ontario", "claim_id": "197594", "claim_name": null, "holder": "(100) McFarlane Lake Mining Limited", "status": "Active", "recorded_date": "2018-04-10", "anniversary_or_expiry": "2030-12-07", "area_ha": null, "tenure_type": "Boundary Cell Mining Claim", "source": "Ontario MLAS operational claims (OGSEarth / LIO MapServer). Unofficial viewing data, not legal title.", "as_of": "2026-09-20", "role": "focus", "color": "#e8b040"}}, {"type": "Feature", "geometry": {"type": "Polygon", "coordinates": [[[-80.9875, 47.6], [-80.9875, 47.6042], [-80.9938, 47.6042], [-80.9938, 47.6], [-80.9875, 47.6]]]}, "properties": {"company_id": "mcfarlane-lake-mining", "jurisdiction": "Ontario", "claim_id": "197595", "claim_name": null, "holder": "(100) McFarlane Lake Mining Limited", "status": "Active", "recorded_date": "2018-04-10", "anniversary_or_expiry": "2030-11-17", "area_ha": null, "tenure_type": "Single Cell Mining Claim", "source": "Ontario MLAS operational claims (OGSEarth / LIO MapServer). Unofficial viewing data, not legal title.", "as_of": "2026-09-20", "role": "focus", "color": "#e8b040"}}, {"type": "Feature", "geometry": {"type": "Polygon", "coordinates": [[[-80.9938, 47.6458], [-80.9938, 47.65], [-81.0, 47.65], [-81.0, 47.6458], [-80.9938, 47.6458]]]}, "properties": {"company_id": "mcfarlane-lake-mining", "jurisdiction": "Ontario", "claim_id": "197620", "claim_name": null, "holder": "(100) McFarlane Lake Mining Limited", "status": "Active", "recorded_date": "2018-04-10", "anniversary_or_expiry": "2030-10-16", "area_ha": null, "tenure_type": "Single Cell Mining Claim", "source": "Ontario MLAS operational claims (OGSEarth / LIO MapServer). Unofficial viewing data, not legal title.", "as_of": "2026-09-20", "role": "focus", "color": "#e8b040"}}, {"type": "Feature", "geometry": {"type": "Polygon", "coordinates": [[[-81.0438, 47.6125], [-81.0438, 47.6167], [-81.05, 47.6167], [-81.05, 47.6125], [-81.0438, 47.6125]]]}, "properties": {"company_id": "mcfarlane-lake-mining", "jurisdiction": "Ontario", "claim_id": "199434", "claim_name": null, "holder": "(100) McFarlane Lake Mining Limited", "status": "Active", "recorded_date": "2018-04-10", "anniversary_or_expiry": "2030-04-04", "area_ha": null, "tenure_type": "Single Cell Mining Claim", "source": "Ontario MLAS operational claims (OGSEarth / LIO MapServer). Unofficial viewing data, not legal title.", "as_of": "2026-09-20", "role": "focus", "color": "#e8b040"}}, {"type": "Feature", "geometry": {"type": "Polygon", "coordinates": [[[-81.0375, 47.65], [-81.0375, 47.6542], [-81.0438, 47.6542], [-81.0438, 47.65], [-81.0375, 47.65]]]}, "properties": {"company_id": "mcfarlane-lake-mining", "jurisdiction": "Ontario", "claim_id": "199516", "claim_name": null, "holder": "(100) McFarlane Lake Mining Limited", "status": "Active", "recorded_date": "2018-04-10", "anniversary_or_expiry": "2030-01-28", "area_ha": null, "tenure_type": "Boundary Cell Mining Claim", "source": "Ontario MLAS operational claims (OGSEarth / LIO MapServer). Unofficial viewing data, not legal title.", "as_of": "2026-09-20", "role": "focus", "color": "#e8b040"}}, {"type": "Feature", "geometry": {"type": "Polygon", "coordinates": [[[-81.0, 47.6333], [-81.0, 47.6375], [-81.0063, 47.6375], [-81.0063, 47.6333], [-81.0, 47.6333]]]}, "properties": {"company_id": "mcfarlane-lake-mining", "jurisdiction": "Ontario", "claim_id": "200135", "claim_name": null, "holder": "(100) McFarlane Lake Mining Limited", "status": "Active", "recorded_date": "2018-04-10", "anniversary_or_expiry": "2030-09-17", "area_ha": null, "tenure_type": "Boundary Cell Mining Claim", "source": "Ontario MLAS operational claims (OGSEarth / LIO MapServer). Unofficial viewing data, not legal title.", "as_of": "2026-09-20", "role": "focus", "color": "#e8b040"}}, {"type": "Feature", "geometry": {"type": "Polygon", "coordinates": [[[-80.9813, 47.6375], [-80.9813, 47.6417], [-80.9875, 47.6417], [-80.9875, 47.6375], [-80.9813, 47.6375]]]}, "properties": {"company_id": "mcfarlane-lake-mining", "jurisdiction": "Ontario", "claim_id": "200147", "claim_name": null, "holder": "(100) McFarlane Lake Mining Limited", "status": "Active", "recorded_date": "2018-04-10", "anniversary_or_expiry": "2030-12-20", "area_ha": null, "tenure_type": "Single Cell Mining Claim", "source": "Ontario MLAS operational claims (OGSEarth / LIO MapServer). Unofficial viewing data, not legal title.", "as_of": "2026-09-20", "role": "focus", "color": "#e8b040"}}, {"type": "Feature", "geometry": {"type": "Polygon", "coordinates": [[[-80.9563, 47.5917], [-80.9563, 47.5958], [-80.9625, 47.5958], [-80.9625, 47.5917], [-80.9563, 47.5917]]]}, "properties": {"company_id": "mcfarlane-lake-mining", "jurisdiction": "Ontario", "claim_id": "202755", "claim_name": null, "holder": "(100) McFarlane Lake Mining Limited", "status": "Active", "recorded_date": "2018-04-10", "anniversary_or_expiry": "2030-09-23", "area_ha": null, "tenure_type": "Single Cell Mining Claim", "source": "Ontario MLAS operational claims (OGSEarth / LIO MapServer). Unofficial viewing data, not legal title.", "as_of": "2026-09-20", "role": "focus", "color": "#e8b040"}}, {"type": "Feature", "geometry": {"type": "Polygon", "coordinates": [[[-80.975, 47.6417], [-80.975, 47.6458], [-80.9813, 47.6458], [-80.9813, 47.6417], [-80.975, 47.6417]]]}, "properties": {"company_id": "mcfarlane-lake-mining", "jurisdiction": "Ontario", "claim_id": "204763", "claim_name": null, "holder": "(100) McFarlane Lake Mining Limited", "status": "Active", "recorded_date": "2018-04-10", "anniversary_or_expiry": "2030-12-20", "area_ha": null, "tenure_type": "Boundary Cell Mining Claim", "source": "Ontario MLAS operational claims (OGSEarth / LIO MapServer). Unofficial viewing data, not legal title.", "as_of": "2026-09-20", "role": "focus", "color": "#e8b040"}}, {"type": "Feature", "geometry": {"type": "Polygon", "coordinates": [[[-80.975, 47.6042], [-80.975, 47.6083], [-80.9813, 47.6083], [-80.9813, 47.6042], [-80.975, 47.6042]]]}, "properties": {"company_id": "mcfarlane-lake-mining", "jurisdiction": "Ontario", "claim_id": "204877", "claim_name": null, "holder": "(100) McFarlane Lake Mining Limited", "status": "Active", "recorded_date": "2018-04-10", "anniversary_or_expiry": "2030-09-23", "area_ha": null, "tenure_type": "Single Cell Mining Claim", "source": "Ontario MLAS operational claims (OGSEarth / LIO MapServer). Unofficial viewing data, not legal title.", "as_of": "2026-09-20", "role": "focus", "color": "#e8b040"}}, {"type": "Feature", "geometry": {"type": "Polygon", "coordinates": [[[-81.0625, 47.6083], [-81.0625, 47.6125], [-81.0688, 47.6125], [-81.0688, 47.6083], [-81.0625, 47.6083]]]}, "properties": {"company_id": "mcfarlane-lake-mining", "jurisdiction": "Ontario", "claim_id": "204930", "claim_name": null, "holder": "(100) McFarlane Lake Mining Limited", "status": "Active", "recorded_date": "2018-04-10", "anniversary_or_expiry": "2030-04-04", "area_ha": null, "tenure_type": "Single Cell Mining Claim", "source": "Ontario MLAS operational claims (OGSEarth / LIO MapServer). Unofficial viewing data, not legal title.", "as_of": "2026-09-20", "role": "focus", "color": "#e8b040"}}, {"type": "Feature", "geometry": {"type": "Polygon", "coordinates": [[[-81.0688, 47.6042], [-81.0688, 47.6083], [-81.075, 47.6083], [-81.075, 47.6042], [-81.0688, 47.6042]]]}, "properties": {"company_id": "mcfarlane-lake-mining", "jurisdiction": "Ontario", "claim_id": "205598", "claim_name": null, "holder": "(100) McFarlane Lake Mining Limited", "status": "Active", "recorded_date": "2018-04-10", "anniversary_or_expiry": "2030-04-04", "area_ha": null, "tenure_type": "Boundary Cell Mining Claim", "source": "Ontario MLAS operational claims (OGSEarth / LIO MapServer). Unofficial viewing data, not legal title.", "as_of": "2026-09-20", "role": "focus", "color": "#e8b040"}}, {"type": "Feature", "geometry": {"type": "Polygon", "coordinates": [[[-80.9563, 47.6042], [-80.9563, 47.6083], [-80.9625, 47.6083], [-80.9625, 47.6042], [-80.9563, 47.6042]]]}, "properties": {"company_id": "mcfarlane-lake-mining", "jurisdiction": "Ontario", "claim_id": "208154", "claim_name": null, "holder": "(100) McFarlane Lake Mining Limited", "status": "Active", "recorded_date": "2018-04-10", "anniversary_or_expiry": "2030-10-10", "area_ha": null, "tenure_type": "Boundary Cell Mining Claim", "source": "Ontario MLAS operational claims (OGSEarth / LIO MapServer). Unofficial viewing data, not legal title.", "as_of": "2026-09-20", "role": "focus", "color": "#e8b040"}}, {"type": "Feature", "geometry": {"type": "Polygon", "coordinates": [[[-81.0375, 47.6292], [-81.0375, 47.6333], [-81.0438, 47.6333], [-81.0438, 47.6292], [-81.0375, 47.6292]]]}, "properties": {"company_id": "mcfarlane-lake-mining", "jurisdiction": "Ontario", "claim_id": "208281", "claim_name": null, "holder": "(100) McFarlane Lake Mining Limited", "status": "Active", "recorded_date": "2018-04-10", "anniversary_or_expiry": "2030-05-01", "area_ha": null, "tenure_type": "Boundary Cell Mining Claim", "source": "Ontario MLAS operational claims (OGSEarth / LIO MapServer). Unofficial viewing data, not legal title.", "as_of": "2026-09-20", "role": "focus", "color": "#e8b040"}}, {"type": "Feature", "geometry": {"type": "Polygon", "coordinates": [[[-80.9938, 47.5708], [-80.9938, 47.575], [-81.0, 47.575], [-81.0, 47.5708], [-80.9938, 47.5708]]]}, "properties": {"company_id": "mcfarlane-lake-mining", "jurisdiction": "Ontario", "claim_id": "212108", "claim_name": null, "holder": "(100) McFarlane Lake Mining Limited", "status": "Active", "recorded_date": "2018-04-10", "anniversary_or_expiry": "2030-09-27", "area_ha": null, "tenure_type": "Boundary Cell Mining Claim", "source": "Ontario MLAS operational claims (OGSEarth / LIO MapServer). Unofficial viewing data, not legal title.", "as_of": "2026-09-20", "role": "focus", "color": "#e8b040"}}, {"type": "Feature", "geometry": {"type": "Polygon", "coordinates": [[[-81.0, 47.5625], [-81.0, 47.5667], [-81.0063, 47.5667], [-81.0063, 47.5625], [-81.0, 47.5625]]]}, "properties": {"company_id": "mcfarlane-lake-mining", "jurisdiction": "Ontario", "claim_id": "212109", "claim_name": null, "holder": "(100) McFarlane Lake Mining Limited", "status": "Active", "recorded_date": "2018-04-10", "anniversary_or_expiry": "2030-09-27", "area_ha": null, "tenure_type": "Single Cell Mining Claim", "source": "Ontario MLAS operational claims (OGSEarth / LIO MapServer). Unofficial viewing data, not legal title.", "as_of": "2026-09-20", "role": "focus", "color": "#e8b040"}}, {"type": "Feature", "geometry": {"type": "Polygon", "coordinates": [[[-81.025, 47.5792], [-81.025, 47.5833], [-81.0313, 47.5833], [-81.0313, 47.5792], [-81.025, 47.5792]]]}, "properties": {"company_id": "mcfarlane-lake-mining", "jurisdiction": "Ontario", "claim_id": "211160", "claim_name": null, "holder": "(100) McFarlane Lake Mining Limited", "status": "Active", "recorded_date": "2018-04-10", "anniversary_or_expiry": "2030-09-27", "area_ha": null, "tenure_type": "Single Cell Mining Claim", "source": "Ontario MLAS operational claims (OGSEarth / LIO MapServer). Unofficial viewing data, not legal title.", "as_of": "2026-09-20", "role": "focus", "color": "#e8b040"}}, {"type": "Feature", "geometry": {"type": "Polygon", "coordinates": [[[-81.0125, 47.6125], [-81.0125, 47.6167], [-81.0188, 47.6167], [-81.0188, 47.6125], [-81.0125, 47.6125]]]}, "properties": {"company_id": "mcfarlane-lake-mining", "jurisdiction": "Ontario", "claim_id": "213426", "claim_name": null, "holder": "(100) McFarlane Lake Mining Limited", "status": "Active", "recorded_date": "2018-04-10", "anniversary_or_expiry": "2030-05-25", "area_ha": null, "tenure_type": "Single Cell Mining Claim", "source": "Ontario MLAS operational claims (OGSEarth / LIO MapServer). Unofficial viewing data, not legal title.", "as_of": "2026-09-20", "role": "focus", "color": "#e8b040"}}, {"type": "Feature", "geometry": {"type": "Polygon", "coordinates": [[[-81.0188, 47.6125], [-81.0188, 47.6167], [-81.025, 47.6167], [-81.025, 47.6125], [-81.0188, 47.6125]]]}, "properties": {"company_id": "mcfarlane-lake-mining", "jurisdiction": "Ontario", "claim_id": "213427", "claim_name": null, "holder": "(100) McFarlane Lake Mining Limited", "status": "Active", "recorded_date": "2018-04-10", "anniversary_or_expiry": "2030-05-25", "area_ha": null, "tenure_type": "Single Cell Mining Claim", "source": "Ontario MLAS operational claims (OGSEarth / LIO MapServer). Unofficial viewing data, not legal title.", "as_of": "2026-09-20", "role": "focus", "color": "#e8b040"}}, {"type": "Feature", "geometry": {"type": "Polygon", "coordinates": [[[-80.9688, 47.6292], [-80.9688, 47.6333], [-80.975, 47.6333], [-80.975, 47.6292], [-80.9688, 47.6292]]]}, "properties": {"company_id": "mcfarlane-lake-mining", "jurisdiction": "Ontario", "claim_id": "213438", "claim_name": null, "holder": "(100) McFarlane Lake Mining Limited", "status": "Active", "recorded_date": "2018-04-10", "anniversary_or_expiry": "2030-09-23", "area_ha": null, "tenure_type": "Boundary Cell Mining Claim", "source": "Ontario MLAS operational claims (OGSEarth / LIO MapServer). Unofficial viewing data, not legal title.", "as_of": "2026-09-20", "role": "focus", "color": "#e8b040"}}, {"type": "Feature", "geometry": {"type": "Polygon", "coordinates": [[[-81.0563, 47.6208], [-81.0563, 47.625], [-81.0625, 47.625], [-81.0625, 47.6208], [-81.0563, 47.6208]]]}, "properties": {"company_id": "mcfarlane-lake-mining", "jurisdiction": "Ontario", "claim_id": "212903", "claim_name": null, "holder": "(100) McFarlane Lake Mining Limited", "status": "Active", "recorded_date": "2018-04-10", "anniversary_or_expiry": "2030-04-03", "area_ha": null, "tenure_type": "Single Cell Mining Claim", "source": "Ontario MLAS operational claims (OGSEarth / LIO MapServer). Unofficial viewing data, not legal title.", "as_of": "2026-09-20", "role": "focus", "color": "#e8b040"}}, {"type": "Feature", "geometry": {"type": "Polygon", "coordinates": [[[-81.0313, 47.6208], [-81.0313, 47.625], [-81.0375, 47.625], [-81.0375, 47.6208], [-81.0313, 47.6208]]]}, "properties": {"company_id": "mcfarlane-lake-mining", "jurisdiction": "Ontario", "claim_id": "214197", "claim_name": null, "holder": "(100) McFarlane Lake Mining Limited", "status": "Active", "recorded_date": "2018-04-10", "anniversary_or_expiry": "2030-05-01", "area_ha": null, "tenure_type": "Single Cell Mining Claim", "source": "Ontario MLAS operational claims (OGSEarth / LIO MapServer). Unofficial viewing data, not legal title.", "as_of": "2026-09-20", "role": "focus", "color": "#e8b040"}}, {"type": "Feature", "geometry": {"type": "Polygon", "coordinates": [[[-81.0438, 47.6375], [-81.0438, 47.6417], [-81.05, 47.6417], [-81.05, 47.6375], [-81.0438, 47.6375]]]}, "properties": {"company_id": "mcfarlane-lake-mining", "jurisdiction": "Ontario", "claim_id": "214879", "claim_name": null, "holder": "(100) McFarlane Lake Mining Limited", "status": "Active", "recorded_date": "2018-04-10", "anniversary_or_expiry": "2030-04-03", "area_ha": null, "tenure_type": "Single Cell Mining Claim", "source": "Ontario MLAS operational claims (OGSEarth / LIO MapServer). Unofficial viewing data, not legal title.", "as_of": "2026-09-20", "role": "focus", "color": "#e8b040"}}, {"type": "Feature", "geometry": {"type": "Polygon", "coordinates": [[[-81.0375, 47.6208], [-81.0375, 47.625], [-81.0438, 47.625], [-81.0438, 47.6208], [-81.0375, 47.6208]]]}, "properties": {"company_id": "mcfarlane-lake-mining", "jurisdiction": "Ontario", "claim_id": "214907", "claim_name": null, "holder": "(100) McFarlane Lake Mining Limited", "status": "Active", "recorded_date": "2018-04-10", "anniversary_or_expiry": "2030-05-01", "area_ha": null, "tenure_type": "Single Cell Mining Claim", "source": "Ontario MLAS operational claims (OGSEarth / LIO MapServer). Unofficial viewing data, not legal title.", "as_of": "2026-09-20", "role": "focus", "color": "#e8b040"}}, {"type": "Feature", "geometry": {"type": "Polygon", "coordinates": [[[-80.975, 47.6083], [-80.975, 47.6125], [-80.9813, 47.6125], [-80.9813, 47.6083], [-80.975, 47.6083]]]}, "properties": {"company_id": "mcfarlane-lake-mining", "jurisdiction": "Ontario", "claim_id": "216551", "claim_name": null, "holder": "(100) McFarlane Lake Mining Limited", "status": "Active", "recorded_date": "2018-04-10", "anniversary_or_expiry": "2030-09-23", "area_ha": null, "tenure_type": "Single Cell Mining Claim", "source": "Ontario MLAS operational claims (OGSEarth / LIO MapServer). Unofficial viewing data, not legal title.", "as_of": "2026-09-20", "role": "focus", "color": "#e8b040"}}, {"type": "Feature", "geometry": {"type": "Polygon", "coordinates": [[[-80.9875, 47.6083], [-80.9875, 47.6125], [-80.9938, 47.6125], [-80.9938, 47.6083], [-80.9875, 47.6083]]]}, "properties": {"company_id": "mcfarlane-lake-mining", "jurisdiction": "Ontario", "claim_id": "216552", "claim_name": null, "holder": "(100) McFarlane Lake Mining Limited", "status": "Active", "recorded_date": "2018-04-10", "anniversary_or_expiry": "2030-09-17", "area_ha": null, "tenure_type": "Single Cell Mining Claim", "source": "Ontario MLAS operational claims (OGSEarth / LIO MapServer). Unofficial viewing data, not legal title.", "as_of": "2026-09-20", "role": "focus", "color": "#e8b040"}}, {"type": "Feature", "geometry": {"type": "Polygon", "coordinates": [[[-80.9688, 47.6042], [-80.9688, 47.6083], [-80.975, 47.6083], [-80.975, 47.6042], [-80.9688, 47.6042]]]}, "properties": {"company_id": "mcfarlane-lake-mining", "jurisdiction": "Ontario", "claim_id": "216553", "claim_name": null, "holder": "(100) McFarlane Lake Mining Limited", "status": "Active", "recorded_date": "2018-04-10", "anniversary_or_expiry": "2030-09-23", "area_ha": null, "tenure_type": "Boundary Cell Mining Claim", "source": "Ontario MLAS operational claims (OGSEarth / LIO MapServer). Unofficial viewing data, not legal title.", "as_of": "2026-09-20", "role": "focus", "color": "#e8b040"}}, {"type": "Feature", "geometry": {"type": "Polygon", "coordinates": [[[-81.0125, 47.6292], [-81.0125, 47.6333], [-81.0188, 47.6333], [-81.0188, 47.6292], [-81.0125, 47.6292]]]}, "properties": {"company_id": "mcfarlane-lake-mining", "jurisdiction": "Ontario", "claim_id": "218498", "claim_name": null, "holder": "(100) McFarlane Lake Mining Limited", "status": "Active", "recorded_date": "2018-04-10", "anniversary_or_expiry": "2030-11-20", "area_ha": null, "tenure_type": "Single Cell Mining Claim", "source": "Ontario MLAS operational claims (OGSEarth / LIO MapServer). Unofficial viewing data, not legal title.", "as_of": "2026-09-20", "role": "focus", "color": "#e8b040"}}, {"type": "Feature", "geometry": {"type": "Polygon", "coordinates": [[[-81.0438, 47.6417], [-81.0438, 47.6458], [-81.05, 47.6458], [-81.05, 47.6417], [-81.0438, 47.6417]]]}, "properties": {"company_id": "mcfarlane-lake-mining", "jurisdiction": "Ontario", "claim_id": "219646", "claim_name": null, "holder": "(100) McFarlane Lake Mining Limited", "status": "Active", "recorded_date": "2018-04-10", "anniversary_or_expiry": "2030-01-28", "area_ha": null, "tenure_type": "Single Cell Mining Claim", "source": "Ontario MLAS operational claims (OGSEarth / LIO MapServer). Unofficial viewing data, not legal title.", "as_of": "2026-09-20", "role": "focus", "color": "#e8b040"}}, {"type": "Feature", "geometry": {"type": "Polygon", "coordinates": [[[-81.0, 47.6792], [-81.0, 47.6833], [-81.0063, 47.6833], [-81.0063, 47.6792], [-81.0, 47.6792]]]}, "properties": {"company_id": "mcfarlane-lake-mining", "jurisdiction": "Ontario", "claim_id": "219286", "claim_name": null, "holder": "(75) ORECAP INVEST CORP., (25) McFarlane Lake Mining Limited", "status": "Active", "recorded_date": "2018-04-10", "anniversary_or_expiry": "2030-09-23", "area_ha": null, "tenure_type": "Single Cell Mining Claim", "source": "Ontario MLAS operational claims (OGSEarth / LIO MapServer). Unofficial viewing data, not legal title.", "as_of": "2026-09-20", "role": "focus", "color": "#e8b040"}}, {"type": "Feature", "geometry": {"type": "Polygon", "coordinates": [[[-81.0125, 47.675], [-81.0125, 47.6792], [-81.0188, 47.6792], [-81.0188, 47.675], [-81.0125, 47.675]]]}, "properties": {"company_id": "mcfarlane-lake-mining", "jurisdiction": "Ontario", "claim_id": "219287", "claim_name": null, "holder": "(75) ORECAP INVEST CORP., (25) McFarlane Lake Mining Limited", "status": "Active", "recorded_date": "2018-04-10", "anniversary_or_expiry": "2030-09-23", "area_ha": null, "tenure_type": "Single Cell Mining Claim", "source": "Ontario MLAS operational claims (OGSEarth / LIO MapServer). Unofficial viewing data, not legal title.", "as_of": "2026-09-20", "role": "focus", "color": "#e8b040"}}, {"type": "Feature", "geometry": {"type": "Polygon", "coordinates": [[[-81.0125, 47.5958], [-81.0125, 47.6], [-81.0188, 47.6], [-81.0188, 47.5958], [-81.0125, 47.5958]]]}, "properties": {"company_id": "mcfarlane-lake-mining", "jurisdiction": "Ontario", "claim_id": "220255", "claim_name": null, "holder": "(100) McFarlane Lake Mining Limited", "status": "Active", "recorded_date": "2018-04-10", "anniversary_or_expiry": "2030-06-10", "area_ha": null, "tenure_type": "Single Cell Mining Claim", "source": "Ontario MLAS operational claims (OGSEarth / LIO MapServer). Unofficial viewing data, not legal title.", "as_of": "2026-09-20", "role": "focus", "color": "#e8b040"}}, {"type": "Feature", "geometry": {"type": "Polygon", "coordinates": [[[-80.9938, 47.6], [-80.9938, 47.6042], [-81.0, 47.6042], [-81.0, 47.6], [-80.9938, 47.6]]]}, "properties": {"company_id": "mcfarlane-lake-mining", "jurisdiction": "Ontario", "claim_id": "220976", "claim_name": null, "holder": "(100) McFarlane Lake Mining Limited", "status": "Active", "recorded_date": "2018-04-10", "anniversary_or_expiry": "2030-07-14", "area_ha": null, "tenure_type": "Single Cell Mining Claim", "source": "Ontario MLAS operational claims (OGSEarth / LIO MapServer). Unofficial viewing data, not legal title.", "as_of": "2026-09-20", "role": "focus", "color": "#e8b040"}}, {"type": "Feature", "geometry": {"type": "Polygon", "coordinates": [[[-81.0, 47.65], [-81.0, 47.6542], [-81.0063, 47.6542], [-81.0063, 47.65], [-81.0, 47.65]]]}, "properties": {"company_id": "mcfarlane-lake-mining", "jurisdiction": "Ontario", "claim_id": "220500", "claim_name": null, "holder": "(100) McFarlane Lake Mining Limited", "status": "Active", "recorded_date": "2018-04-10", "anniversary_or_expiry": "2030-09-17", "area_ha": null, "tenure_type": "Boundary Cell Mining Claim", "source": "Ontario MLAS operational claims (OGSEarth / LIO MapServer). Unofficial viewing data, not legal title.", "as_of": "2026-09-20", "role": "focus", "color": "#e8b040"}}, {"type": "Feature", "geometry": {"type": "Polygon", "coordinates": [[[-80.9813, 47.5792], [-80.9813, 47.5833], [-80.9875, 47.5833], [-80.9875, 47.5792], [-80.9813, 47.5792]]]}, "properties": {"company_id": "mcfarlane-lake-mining", "jurisdiction": "Ontario", "claim_id": "220624", "claim_name": null, "holder": "(100) McFarlane Lake Mining Limited", "status": "Active", "recorded_date": "2018-04-10", "anniversary_or_expiry": "2030-09-23", "area_ha": null, "tenure_type": "Boundary Cell Mining Claim", "source": "Ontario MLAS operational claims (OGSEarth / LIO MapServer). Unofficial viewing data, not legal title.", "as_of": "2026-09-20", "role": "focus", "color": "#e8b040"}}, {"type": "Feature", "geometry": {"type": "Polygon", "coordinates": [[[-80.9375, 47.6], [-80.9375, 47.6042], [-80.9438, 47.6042], [-80.9438, 47.6], [-80.9375, 47.6]]]}, "properties": {"company_id": "mcfarlane-lake-mining", "jurisdiction": "Ontario", "claim_id": "221179", "claim_name": null, "holder": "(100) McFarlane Lake Mining Limited", "status": "Active", "recorded_date": "2018-04-10", "anniversary_or_expiry": "2030-09-23", "area_ha": null, "tenure_type": "Single Cell Mining Claim", "source": "Ontario MLAS operational claims (OGSEarth / LIO MapServer). Unofficial viewing data, not legal title.", "as_of": "2026-09-20", "role": "focus", "color": "#e8b040"}}, {"type": "Feature", "geometry": {"type": "Polygon", "coordinates": [[[-80.9625, 47.5917], [-80.9625, 47.5958], [-80.9688, 47.5958], [-80.9688, 47.5917], [-80.9625, 47.5917]]]}, "properties": {"company_id": "mcfarlane-lake-mining", "jurisdiction": "Ontario", "claim_id": "222890", "claim_name": null, "holder": "(100) McFarlane Lake Mining Limited", "status": "Active", "recorded_date": "2018-04-10", "anniversary_or_expiry": "2030-09-23", "area_ha": null, "tenure_type": "Single Cell Mining Claim", "source": "Ontario MLAS operational claims (OGSEarth / LIO MapServer). Unofficial viewing data, not legal title.", "as_of": "2026-09-20", "role": "focus", "color": "#e8b040"}}, {"type": "Feature", "geometry": {"type": "Polygon", "coordinates": [[[-81.025, 47.6167], [-81.025, 47.6208], [-81.0313, 47.6208], [-81.0313, 47.6167], [-81.025, 47.6167]]]}, "properties": {"company_id": "mcfarlane-lake-mining", "jurisdiction": "Ontario", "claim_id": "226488", "claim_name": null, "holder": "(100) McFarlane Lake Mining Limited", "status": "Active", "recorded_date": "2018-04-10", "anniversary_or_expiry": "2030-04-05", "area_ha": null, "tenure_type": "Single Cell Mining Claim", "source": "Ontario MLAS operational claims (OGSEarth / LIO MapServer). Unofficial viewing data, not legal title.", "as_of": "2026-09-20", "role": "focus", "color": "#e8b040"}}, {"type": "Feature", "geometry": {"type": "Polygon", "coordinates": [[[-80.9688, 47.625], [-80.9688, 47.6292], [-80.975, 47.6292], [-80.975, 47.625], [-80.9688, 47.625]]]}, "properties": {"company_id": "mcfarlane-lake-mining", "jurisdiction": "Ontario", "claim_id": "224942", "claim_name": null, "holder": "(100) McFarlane Lake Mining Limited", "status": "Active", "recorded_date": "2018-04-10", "anniversary_or_expiry": "2030-09-23", "area_ha": null, "tenure_type": "Single Cell Mining Claim", "source": "Ontario MLAS operational claims (OGSEarth / LIO MapServer). Unofficial viewing data, not legal title.", "as_of": "2026-09-20", "role": "focus", "color": "#e8b040"}}, {"type": "Feature", "geometry": {"type": "Polygon", "coordinates": [[[-81.0313, 47.5917], [-81.0313, 47.5958], [-81.0375, 47.5958], [-81.0375, 47.5917], [-81.0313, 47.5917]]]}, "properties": {"company_id": "mcfarlane-lake-mining", "jurisdiction": "Ontario", "claim_id": "224521", "claim_name": null, "holder": "(100) McFarlane Lake Mining Limited", "status": "Active", "recorded_date": "2018-04-10", "anniversary_or_expiry": "2030-06-10", "area_ha": null, "tenure_type": "Single Cell Mining Claim", "source": "Ontario MLAS operational claims (OGSEarth / LIO MapServer). Unofficial viewing data, not legal title.", "as_of": "2026-09-20", "role": "focus", "color": "#e8b040"}}, {"type": "Feature", "geometry": {"type": "Polygon", "coordinates": [[[-81.025, 47.6083], [-81.025, 47.6125], [-81.0313, 47.6125], [-81.0313, 47.6083], [-81.025, 47.6083]]]}, "properties": {"company_id": "mcfarlane-lake-mining", "jurisdiction": "Ontario", "claim_id": "226453", "claim_name": null, "holder": "(100) McFarlane Lake Mining Limited", "status": "Active", "recorded_date": "2018-04-10", "anniversary_or_expiry": "2030-05-25", "area_ha": null, "tenure_type": "Single Cell Mining Claim", "source": "Ontario MLAS operational claims (OGSEarth / LIO MapServer). Unofficial viewing data, not legal title.", "as_of": "2026-09-20", "role": "focus", "color": "#e8b040"}}, {"type": "Feature", "geometry": {"type": "Polygon", "coordinates": [[[-81.0, 47.6833], [-81.0, 47.6875], [-81.0063, 47.6875], [-81.0063, 47.6833], [-81.0, 47.6833]]]}, "properties": {"company_id": "mcfarlane-lake-mining", "jurisdiction": "Ontario", "claim_id": "227237", "claim_name": null, "holder": "(75) ORECAP INVEST CORP., (25) McFarlane Lake Mining Limited", "status": "Active", "recorded_date": "2018-04-10", "anniversary_or_expiry": "2030-09-23", "area_ha": null, "tenure_type": "Single Cell Mining Claim", "source": "Ontario MLAS operational claims (OGSEarth / LIO MapServer). Unofficial viewing data, not legal title.", "as_of": "2026-09-20", "role": "focus", "color": "#e8b040"}}, {"type": "Feature", "geometry": {"type": "Polygon", "coordinates": [[[-81.0125, 47.6792], [-81.0125, 47.6833], [-81.0188, 47.6833], [-81.0188, 47.6792], [-81.0125, 47.6792]]]}, "properties": {"company_id": "mcfarlane-lake-mining", "jurisdiction": "Ontario", "claim_id": "227238", "claim_name": null, "holder": "(75) ORECAP INVEST CORP., (25) McFarlane Lake Mining Limited", "status": "Active", "recorded_date": "2018-04-10", "anniversary_or_expiry": "2030-09-23", "area_ha": null, "tenure_type": "Single Cell Mining Claim", "source": "Ontario MLAS operational claims (OGSEarth / LIO MapServer). Unofficial viewing data, not legal title.", "as_of": "2026-09-20", "role": "focus", "color": "#e8b040"}}, {"type": "Feature", "geometry": {"type": "Polygon", "coordinates": [[[-81.0063, 47.675], [-81.0063, 47.6792], [-81.0125, 47.6792], [-81.0125, 47.675], [-81.0063, 47.675]]]}, "properties": {"company_id": "mcfarlane-lake-mining", "jurisdiction": "Ontario", "claim_id": "227239", "claim_name": null, "holder": "(75) ORECAP INVEST CORP., (25) McFarlane Lake Mining Limited", "status": "Active", "recorded_date": "2018-04-10", "anniversary_or_expiry": "2030-09-23", "area_ha": null, "tenure_type": "Single Cell Mining Claim", "source": "Ontario MLAS operational claims (OGSEarth / LIO MapServer). Unofficial viewing data, not legal title.", "as_of": "2026-09-20", "role": "focus", "color": "#e8b040"}}, {"type": "Feature", "geometry": {"type": "Polygon", "coordinates": [[[-81.0063, 47.6708], [-81.0063, 47.675], [-81.0125, 47.675], [-81.0125, 47.6708], [-81.0063, 47.6708]]]}, "properties": {"company_id": "mcfarlane-lake-mining", "jurisdiction": "Ontario", "claim_id": "227240", "claim_name": null, "holder": "(75) ORECAP INVEST CORP., (25) McFarlane Lake Mining Limited", "status": "Active", "recorded_date": "2018-04-10", "anniversary_or_expiry": "2030-09-23", "area_ha": null, "tenure_type": "Boundary Cell Mining Claim", "source": "Ontario MLAS operational claims (OGSEarth / LIO MapServer). Unofficial viewing data, not legal title.", "as_of": "2026-09-20", "role": "focus", "color": "#e8b040"}}, {"type": "Feature", "geometry": {"type": "Polygon", "coordinates": [[[-81.0125, 47.6708], [-81.0125, 47.675], [-81.0188, 47.675], [-81.0188, 47.6708], [-81.0125, 47.6708]]]}, "properties": {"company_id": "mcfarlane-lake-mining", "jurisdiction": "Ontario", "claim_id": "227241", "claim_name": null, "holder": "(75) ORECAP INVEST CORP., (25) McFarlane Lake Mining Limited", "status": "Active", "recorded_date": "2018-04-10", "anniversary_or_expiry": "2030-09-23", "area_ha": null, "tenure_type": "Boundary Cell Mining Claim", "source": "Ontario MLAS operational claims (OGSEarth / LIO MapServer). Unofficial viewing data, not legal title.", "as_of": "2026-09-20", "role": "focus", "color": "#e8b040"}}, {"type": "Feature", "geometry": {"type": "Polygon", "coordinates": [[[-81.0063, 47.6292], [-81.0063, 47.6333], [-81.0125, 47.6333], [-81.0125, 47.6292], [-81.0063, 47.6292]]]}, "properties": {"company_id": "mcfarlane-lake-mining", "jurisdiction": "Ontario", "claim_id": "227538", "claim_name": null, "holder": "(100) McFarlane Lake Mining Limited", "status": "Active", "recorded_date": "2018-04-10", "anniversary_or_expiry": "2030-11-20", "area_ha": null, "tenure_type": "Single Cell Mining Claim", "source": "Ontario MLAS operational claims (OGSEarth / LIO MapServer). Unofficial viewing data, not legal title.", "as_of": "2026-09-20", "role": "focus", "color": "#e8b040"}}, {"type": "Feature", "geometry": {"type": "Polygon", "coordinates": [[[-81.0, 47.6], [-81.0, 47.6042], [-81.0063, 47.6042], [-81.0063, 47.6], [-81.0, 47.6]]]}, "properties": {"company_id": "mcfarlane-lake-mining", "jurisdiction": "Ontario", "claim_id": "227566", "claim_name": null, "holder": "(100) McFarlane Lake Mining Limited", "status": "Active", "recorded_date": "2018-04-10", "anniversary_or_expiry": "2030-07-14", "area_ha": null, "tenure_type": "Single Cell Mining Claim", "source": "Ontario MLAS operational claims (OGSEarth / LIO MapServer). Unofficial viewing data, not legal title.", "as_of": "2026-09-20", "role": "focus", "color": "#e8b040"}}, {"type": "Feature", "geometry": {"type": "Polygon", "coordinates": [[[-80.9563, 47.6], [-80.9563, 47.6042], [-80.9625, 47.6042], [-80.9625, 47.6], [-80.9563, 47.6]]]}, "properties": {"company_id": "mcfarlane-lake-mining", "jurisdiction": "Ontario", "claim_id": "227027", "claim_name": null, "holder": "(100) McFarlane Lake Mining Limited", "status": "Active", "recorded_date": "2018-04-10", "anniversary_or_expiry": "2030-09-23", "area_ha": null, "tenure_type": "Single Cell Mining Claim", "source": "Ontario MLAS operational claims (OGSEarth / LIO MapServer). Unofficial viewing data, not legal title.", "as_of": "2026-09-20", "role": "focus", "color": "#e8b040"}}, {"type": "Feature", "geometry": {"type": "Polygon", "coordinates": [[[-80.9938, 47.6208], [-80.9938, 47.625], [-81.0, 47.625], [-81.0, 47.6208], [-80.9938, 47.6208]]]}, "properties": {"company_id": "mcfarlane-lake-mining", "jurisdiction": "Ontario", "claim_id": "229182", "claim_name": null, "holder": "(100) McFarlane Lake Mining Limited", "status": "Active", "recorded_date": "2018-04-10", "anniversary_or_expiry": "2030-05-11", "area_ha": null, "tenure_type": "Single Cell Mining Claim", "source": "Ontario MLAS operational claims (OGSEarth / LIO MapServer). Unofficial viewing data, not legal title.", "as_of": "2026-09-20", "role": "focus", "color": "#e8b040"}}, {"type": "Feature", "geometry": {"type": "Polygon", "coordinates": [[[-81.025, 47.625], [-81.025, 47.6292], [-81.0313, 47.6292], [-81.0313, 47.625], [-81.025, 47.625]]]}, "properties": {"company_id": "mcfarlane-lake-mining", "jurisdiction": "Ontario", "claim_id": "232235", "claim_name": null, "holder": "(100) McFarlane Lake Mining Limited", "status": "Active", "recorded_date": "2018-04-10", "anniversary_or_expiry": "2030-04-05", "area_ha": null, "tenure_type": "Single Cell Mining Claim", "source": "Ontario MLAS operational claims (OGSEarth / LIO MapServer). Unofficial viewing data, not legal title.", "as_of": "2026-09-20", "role": "focus", "color": "#e8b040"}}, {"type": "Feature", "geometry": {"type": "Polygon", "coordinates": [[[-80.975, 47.5875], [-80.975, 47.5917], [-80.9813, 47.5917], [-80.9813, 47.5875], [-80.975, 47.5875]]]}, "properties": {"company_id": "mcfarlane-lake-mining", "jurisdiction": "Ontario", "claim_id": "231841", "claim_name": null, "holder": "(100) McFarlane Lake Mining Limited", "status": "Active", "recorded_date": "2018-04-10", "anniversary_or_expiry": "2030-09-23", "area_ha": null, "tenure_type": "Boundary Cell Mining Claim", "source": "Ontario MLAS operational claims (OGSEarth / LIO MapServer). Unofficial viewing data, not legal title.", "as_of": "2026-09-20", "role": "focus", "color": "#e8b040"}}, {"type": "Feature", "geometry": {"type": "Polygon", "coordinates": [[[-81.0375, 47.5833], [-81.0375, 47.5875], [-81.0438, 47.5875], [-81.0438, 47.5833], [-81.0375, 47.5833]]]}, "properties": {"company_id": "mcfarlane-lake-mining", "jurisdiction": "Ontario", "claim_id": "232173", "claim_name": null, "holder": "(100) McFarlane Lake Mining Limited", "status": "Active", "recorded_date": "2018-04-10", "anniversary_or_expiry": "2030-09-27", "area_ha": null, "tenure_type": "Boundary Cell Mining Claim", "source": "Ontario MLAS operational claims (OGSEarth / LIO MapServer). Unofficial viewing data, not legal title.", "as_of": "2026-09-20", "role": "focus", "color": "#e8b040"}}, {"type": "Feature", "geometry": {"type": "Polygon", "coordinates": [[[-80.975, 47.6125], [-80.975, 47.6167], [-80.9813, 47.6167], [-80.9813, 47.6125], [-80.975, 47.6125]]]}, "properties": {"company_id": "mcfarlane-lake-mining", "jurisdiction": "Ontario", "claim_id": "235107", "claim_name": null, "holder": "(100) McFarlane Lake Mining Limited", "status": "Active", "recorded_date": "2018-04-10", "anniversary_or_expiry": "2030-09-23", "area_ha": null, "tenure_type": "Single Cell Mining Claim", "source": "Ontario MLAS operational claims (OGSEarth / LIO MapServer). Unofficial viewing data, not legal title.", "as_of": "2026-09-20", "role": "focus", "color": "#e8b040"}}, {"type": "Feature", "geometry": {"type": "Polygon", "coordinates": [[[-80.9688, 47.6208], [-80.9688, 47.625], [-80.975, 47.625], [-80.975, 47.6208], [-80.9688, 47.6208]]]}, "properties": {"company_id": "mcfarlane-lake-mining", "jurisdiction": "Ontario", "claim_id": "235178", "claim_name": null, "holder": "(100) McFarlane Lake Mining Limited", "status": "Active", "recorded_date": "2018-04-10", "anniversary_or_expiry": "2030-09-23", "area_ha": null, "tenure_type": "Single Cell Mining Claim", "source": "Ontario MLAS operational claims (OGSEarth / LIO MapServer). Unofficial viewing data, not legal title.", "as_of": "2026-09-20", "role": "focus", "color": "#e8b040"}}, {"type": "Feature", "geometry": {"type": "Polygon", "coordinates": [[[-81.025, 47.6875], [-81.025, 47.6917], [-81.0313, 47.6917], [-81.0313, 47.6875], [-81.025, 47.6875]]]}, "properties": {"company_id": "mcfarlane-lake-mining", "jurisdiction": "Ontario", "claim_id": "234292", "claim_name": null, "holder": "(75) ORECAP INVEST CORP., (25) McFarlane Lake Mining Limited", "status": "Active", "recorded_date": "2018-04-10", "anniversary_or_expiry": "2030-09-23", "area_ha": null, "tenure_type": "Single Cell Mining Claim", "source": "Ontario MLAS operational claims (OGSEarth / LIO MapServer). Unofficial viewing data, not legal title.", "as_of": "2026-09-20", "role": "focus", "color": "#e8b040"}}, {"type": "Feature", "geometry": {"type": "Polygon", "coordinates": [[[-81.0188, 47.5875], [-81.0188, 47.5917], [-81.025, 47.5917], [-81.025, 47.5875], [-81.0188, 47.5875]]]}, "properties": {"company_id": "mcfarlane-lake-mining", "jurisdiction": "Ontario", "claim_id": "234324", "claim_name": null, "holder": "(100) McFarlane Lake Mining Limited", "status": "Active", "recorded_date": "2018-04-10", "anniversary_or_expiry": "2030-09-23", "area_ha": null, "tenure_type": "Single Cell Mining Claim", "source": "Ontario MLAS operational claims (OGSEarth / LIO MapServer). Unofficial viewing data, not legal title.", "as_of": "2026-09-20", "role": "focus", "color": "#e8b040"}}, {"type": "Feature", "geometry": {"type": "Polygon", "coordinates": [[[-81.0563, 47.6292], [-81.0563, 47.6333], [-81.0625, 47.6333], [-81.0625, 47.6292], [-81.0563, 47.6292]]]}, "properties": {"company_id": "mcfarlane-lake-mining", "jurisdiction": "Ontario", "claim_id": "234905", "claim_name": null, "holder": "(100) McFarlane Lake Mining Limited", "status": "Active", "recorded_date": "2018-04-10", "anniversary_or_expiry": "2030-04-09", "area_ha": null, "tenure_type": "Boundary Cell Mining Claim", "source": "Ontario MLAS operational claims (OGSEarth / LIO MapServer). Unofficial viewing data, not legal title.", "as_of": "2026-09-20", "role": "focus", "color": "#e8b040"}}, {"type": "Feature", "geometry": {"type": "Polygon", "coordinates": [[[-81.7875, 46.1417], [-81.7875, 46.1458], [-81.7938, 46.1458], [-81.7938, 46.1417], [-81.7875, 46.1417]]]}, "properties": {"company_id": "mcfarlane-lake-mining", "jurisdiction": "Ontario", "claim_id": "237414", "claim_name": null, "holder": "(100) McFarlane Lake Mining Limited", "status": "Active", "recorded_date": "2018-04-10", "anniversary_or_expiry": "2027-09-02", "area_ha": null, "tenure_type": "Single Cell Mining Claim", "source": "Ontario MLAS operational claims (OGSEarth / LIO MapServer). Unofficial viewing data, not legal title.", "as_of": "2026-09-20", "role": "focus", "color": "#e8b040"}}, {"type": "Feature", "geometry": {"type": "Polygon", "coordinates": [[[-81.0563, 47.6042], [-81.0563, 47.6083], [-81.0625, 47.6083], [-81.0625, 47.6042], [-81.0563, 47.6042]]]}, "properties": {"company_id": "mcfarlane-lake-mining", "jurisdiction": "Ontario", "claim_id": "238146", "claim_name": null, "holder": "(100) McFarlane Lake Mining Limited", "status": "Active", "recorded_date": "2018-04-10", "anniversary_or_expiry": "2030-05-30", "area_ha": null, "tenure_type": "Single Cell Mining Claim", "source": "Ontario MLAS operational claims (OGSEarth / LIO MapServer). Unofficial viewing data, not legal title.", "as_of": "2026-09-20", "role": "focus", "color": "#e8b040"}}, {"type": "Feature", "geometry": {"type": "Polygon", "coordinates": [[[-80.975, 47.6167], [-80.975, 47.6208], [-80.9813, 47.6208], [-80.9813, 47.6167], [-80.975, 47.6167]]]}, "properties": {"company_id": "mcfarlane-lake-mining", "jurisdiction": "Ontario", "claim_id": "236734", "claim_name": null, "holder": "(100) McFarlane Lake Mining Limited", "status": "Active", "recorded_date": "2018-04-10", "anniversary_or_expiry": "2030-09-23", "area_ha": null, "tenure_type": "Single Cell Mining Claim", "source": "Ontario MLAS operational claims (OGSEarth / LIO MapServer). Unofficial viewing data, not legal title.", "as_of": "2026-09-20", "role": "focus", "color": "#e8b040"}}, {"type": "Feature", "geometry": {"type": "Polygon", "coordinates": [[[-80.9813, 47.6167], [-80.9813, 47.6208], [-80.9875, 47.6208], [-80.9875, 47.6167], [-80.9813, 47.6167]]]}, "properties": {"company_id": "mcfarlane-lake-mining", "jurisdiction": "Ontario", "claim_id": "236735", "claim_name": null, "holder": "(100) McFarlane Lake Mining Limited", "status": "Active", "recorded_date": "2018-04-10", "anniversary_or_expiry": "2030-02-02", "area_ha": null, "tenure_type": "Single Cell Mining Claim", "source": "Ontario MLAS operational claims (OGSEarth / LIO MapServer). Unofficial viewing data, not legal title.", "as_of": "2026-09-20", "role": "focus", "color": "#e8b040"}}, {"type": "Feature", "geometry": {"type": "Polygon", "coordinates": [[[-81.025, 47.6], [-81.025, 47.6042], [-81.0313, 47.6042], [-81.0313, 47.6], [-81.025, 47.6]]]}, "properties": {"company_id": "mcfarlane-lake-mining", "jurisdiction": "Ontario", "claim_id": "237375", "claim_name": null, "holder": "(100) McFarlane Lake Mining Limited", "status": "Active", "recorded_date": "2018-04-10", "anniversary_or_expiry": "2030-05-25", "area_ha": null, "tenure_type": "Single Cell Mining Claim", "source": "Ontario MLAS operational claims (OGSEarth / LIO MapServer). Unofficial viewing data, not legal title.", "as_of": "2026-09-20", "role": "focus", "color": "#e8b040"}}, {"type": "Feature", "geometry": {"type": "Polygon", "coordinates": [[[-80.9375, 47.5875], [-80.9375, 47.5917], [-80.9438, 47.5917], [-80.9438, 47.5875], [-80.9375, 47.5875]]]}, "properties": {"company_id": "mcfarlane-lake-mining", "jurisdiction": "Ontario", "claim_id": "242243", "claim_name": null, "holder": "(100) McFarlane Lake Mining Limited", "status": "Active", "recorded_date": "2018-04-10", "anniversary_or_expiry": "2030-09-23", "area_ha": null, "tenure_type": "Boundary Cell Mining Claim", "source": "Ontario MLAS operational claims (OGSEarth / LIO MapServer). Unofficial viewing data, not legal title.", "as_of": "2026-09-20", "role": "focus", "color": "#e8b040"}}, {"type": "Feature", "geometry": {"type": "Polygon", "coordinates": [[[-80.9438, 47.6042], [-80.9438, 47.6083], [-80.95, 47.6083], [-80.95, 47.6042], [-80.9438, 47.6042]]]}, "properties": {"company_id": "mcfarlane-lake-mining", "jurisdiction": "Ontario", "claim_id": "241825", "claim_name": null, "holder": "(100) McFarlane Lake Mining Limited", "status": "Active", "recorded_date": "2018-04-10", "anniversary_or_expiry": "2030-09-23", "area_ha": null, "tenure_type": "Boundary Cell Mining Claim", "source": "Ontario MLAS operational claims (OGSEarth / LIO MapServer). Unofficial viewing data, not legal title.", "as_of": "2026-09-20", "role": "focus", "color": "#e8b040"}}, {"type": "Feature", "geometry": {"type": "Polygon", "coordinates": [[[-80.9438, 47.5958], [-80.9438, 47.6], [-80.95, 47.6], [-80.95, 47.5958], [-80.9438, 47.5958]]]}, "properties": {"company_id": "mcfarlane-lake-mining", "jurisdiction": "Ontario", "claim_id": "241826", "claim_name": null, "holder": "(100) McFarlane Lake Mining Limited", "status": "Active", "recorded_date": "2018-04-10", "anniversary_or_expiry": "2030-09-23", "area_ha": null, "tenure_type": "Single Cell Mining Claim", "source": "Ontario MLAS operational claims (OGSEarth / LIO MapServer). Unofficial viewing data, not legal title.", "as_of": "2026-09-20", "role": "focus", "color": "#e8b040"}}, {"type": "Feature", "geometry": {"type": "Polygon", "coordinates": [[[-81.0, 47.5875], [-81.0, 47.5917], [-81.0063, 47.5917], [-81.0063, 47.5875], [-81.0, 47.5875]]]}, "properties": {"company_id": "mcfarlane-lake-mining", "jurisdiction": "Ontario", "claim_id": "240733", "claim_name": null, "holder": "(100) McFarlane Lake Mining Limited", "status": "Active", "recorded_date": "2018-04-10", "anniversary_or_expiry": "2030-09-23", "area_ha": null, "tenure_type": "Single Cell Mining Claim", "source": "Ontario MLAS operational claims (OGSEarth / LIO MapServer). Unofficial viewing data, not legal title.", "as_of": "2026-09-20", "role": "focus", "color": "#e8b040"}}, {"type": "Feature", "geometry": {"type": "Polygon", "coordinates": [[[-81.025, 47.6208], [-81.025, 47.625], [-81.0313, 47.625], [-81.0313, 47.6208], [-81.025, 47.6208]]]}, "properties": {"company_id": "mcfarlane-lake-mining", "jurisdiction": "Ontario", "claim_id": "243022", "claim_name": null, "holder": "(100) McFarlane Lake Mining Limited", "status": "Active", "recorded_date": "2018-04-10", "anniversary_or_expiry": "2030-04-05", "area_ha": null, "tenure_type": "Single Cell Mining Claim", "source": "Ontario MLAS operational claims (OGSEarth / LIO MapServer). Unofficial viewing data, not legal title.", "as_of": "2026-09-20", "role": "focus", "color": "#e8b040"}}, {"type": "Feature", "geometry": {"type": "Polygon", "coordinates": [[[-81.7875, 46.1333], [-81.7875, 46.1375], [-81.7938, 46.1375], [-81.7938, 46.1333], [-81.7875, 46.1333]]]}, "properties": {"company_id": "mcfarlane-lake-mining", "jurisdiction": "Ontario", "claim_id": "246043", "claim_name": null, "holder": "(100) McFarlane Lake Mining Limited", "status": "Active", "recorded_date": "2018-04-10", "anniversary_or_expiry": "2027-09-02", "area_ha": null, "tenure_type": "Single Cell Mining Claim", "source": "Ontario MLAS operational claims (OGSEarth / LIO MapServer). Unofficial viewing data, not legal title.", "as_of": "2026-09-20", "role": "focus", "color": "#e8b040"}}, {"type": "Feature", "geometry": {"type": "Polygon", "coordinates": [[[-81.7938, 46.1333], [-81.7938, 46.1375], [-81.8, 46.1375], [-81.8, 46.1333], [-81.7938, 46.1333]]]}, "properties": {"company_id": "mcfarlane-lake-mining", "jurisdiction": "Ontario", "claim_id": "246044", "claim_name": null, "holder": "(100) McFarlane Lake Mining Limited", "status": "Active", "recorded_date": "2018-04-10", "anniversary_or_expiry": "2027-06-03", "area_ha": null, "tenure_type": "Single Cell Mining Claim", "source": "Ontario MLAS operational claims (OGSEarth / LIO MapServer). Unofficial viewing data, not legal title.", "as_of": "2026-09-20", "role": "focus", "color": "#e8b040"}}, {"type": "Feature", "geometry": {"type": "Polygon", "coordinates": [[[-80.9563, 47.6208], [-80.9563, 47.625], [-80.9625, 47.625], [-80.9625, 47.6208], [-80.9563, 47.6208]]]}, "properties": {"company_id": "mcfarlane-lake-mining", "jurisdiction": "Ontario", "claim_id": "245720", "claim_name": null, "holder": "(100) McFarlane Lake Mining Limited", "status": "Active", "recorded_date": "2018-04-10", "anniversary_or_expiry": "2030-09-23", "area_ha": null, "tenure_type": "Boundary Cell Mining Claim", "source": "Ontario MLAS operational claims (OGSEarth / LIO MapServer). Unofficial viewing data, not legal title.", "as_of": "2026-09-20", "role": "focus", "color": "#e8b040"}}, {"type": "Feature", "geometry": {"type": "Polygon", "coordinates": [[[-81.05, 47.6292], [-81.05, 47.6333], [-81.0563, 47.6333], [-81.0563, 47.6292], [-81.05, 47.6292]]]}, "properties": {"company_id": "mcfarlane-lake-mining", "jurisdiction": "Ontario", "claim_id": "245786", "claim_name": null, "holder": "(100) McFarlane Lake Mining Limited", "status": "Active", "recorded_date": "2018-04-10", "anniversary_or_expiry": "2030-04-09", "area_ha": null, "tenure_type": "Single Cell Mining Claim", "source": "Ontario MLAS operational claims (OGSEarth / LIO MapServer). Unofficial viewing data, not legal title.", "as_of": "2026-09-20", "role": "focus", "color": "#e8b040"}}, {"type": "Feature", "geometry": {"type": "Polygon", "coordinates": [[[-81.0438, 47.6042], [-81.0438, 47.6083], [-81.05, 47.6083], [-81.05, 47.6042], [-81.0438, 47.6042]]]}, "properties": {"company_id": "mcfarlane-lake-mining", "jurisdiction": "Ontario", "claim_id": "248158", "claim_name": null, "holder": "(100) McFarlane Lake Mining Limited", "status": "Active", "recorded_date": "2018-04-10", "anniversary_or_expiry": "2030-04-05", "area_ha": null, "tenure_type": "Single Cell Mining Claim", "source": "Ontario MLAS operational claims (OGSEarth / LIO MapServer). Unofficial viewing data, not legal title.", "as_of": "2026-09-20", "role": "focus", "color": "#e8b040"}}, {"type": "Feature", "geometry": {"type": "Polygon", "coordinates": [[[-81.025, 47.6042], [-81.025, 47.6083], [-81.0313, 47.6083], [-81.0313, 47.6042], [-81.025, 47.6042]]]}, "properties": {"company_id": "mcfarlane-lake-mining", "jurisdiction": "Ontario", "claim_id": "248268", "claim_name": null, "holder": "(100) McFarlane Lake Mining Limited", "status": "Active", "recorded_date": "2018-04-10", "anniversary_or_expiry": "2030-05-25", "area_ha": null, "tenure_type": "Single Cell Mining Claim", "source": "Ontario MLAS operational claims (OGSEarth / LIO MapServer). Unofficial viewing data, not legal title.", "as_of": "2026-09-20", "role": "focus", "color": "#e8b040"}}, {"type": "Feature", "geometry": {"type": "Polygon", "coordinates": [[[-81.0375, 47.5792], [-81.0375, 47.5833], [-81.0438, 47.5833], [-81.0438, 47.5792], [-81.0375, 47.5792]]]}, "properties": {"company_id": "mcfarlane-lake-mining", "jurisdiction": "Ontario", "claim_id": "250707", "claim_name": null, "holder": "(100) McFarlane Lake Mining Limited", "status": "Active", "recorded_date": "2018-04-10", "anniversary_or_expiry": "2030-09-27", "area_ha": null, "tenure_type": "Boundary Cell Mining Claim", "source": "Ontario MLAS operational claims (OGSEarth / LIO MapServer). Unofficial viewing data, not legal title.", "as_of": "2026-09-20", "role": "focus", "color": "#e8b040"}}, {"type": "Feature", "geometry": {"type": "Polygon", "coordinates": [[[-81.0375, 47.575], [-81.0375, 47.5792], [-81.0438, 47.5792], [-81.0438, 47.575], [-81.0375, 47.575]]]}, "properties": {"company_id": "mcfarlane-lake-mining", "jurisdiction": "Ontario", "claim_id": "250708", "claim_name": null, "holder": "(100) McFarlane Lake Mining Limited", "status": "Active", "recorded_date": "2018-04-10", "anniversary_or_expiry": "2030-09-27", "area_ha": null, "tenure_type": "Boundary Cell Mining Claim", "source": "Ontario MLAS operational claims (OGSEarth / LIO MapServer). Unofficial viewing data, not legal title.", "as_of": "2026-09-20", "role": "focus", "color": "#e8b040"}}, {"type": "Feature", "geometry": {"type": "Polygon", "coordinates": [[[-81.0375, 47.6042], [-81.0375, 47.6083], [-81.0438, 47.6083], [-81.0438, 47.6042], [-81.0375, 47.6042]]]}, "properties": {"company_id": "mcfarlane-lake-mining", "jurisdiction": "Ontario", "claim_id": "250780", "claim_name": null, "holder": "(100) McFarlane Lake Mining Limited", "status": "Active", "recorded_date": "2018-04-10", "anniversary_or_expiry": "2030-04-05", "area_ha": null, "tenure_type": "Single Cell Mining Claim", "source": "Ontario MLAS operational claims (OGSEarth / LIO MapServer). Unofficial viewing data, not legal title.", "as_of": "2026-09-20", "role": "focus", "color": "#e8b040"}}, {"type": "Feature", "geometry": {"type": "Polygon", "coordinates": [[[-80.9188, 47.5958], [-80.9188, 47.6], [-80.925, 47.6], [-80.925, 47.5958], [-80.9188, 47.5958]]]}, "properties": {"company_id": "mcfarlane-lake-mining", "jurisdiction": "Ontario", "claim_id": "250249", "claim_name": null, "holder": "(100) McFarlane Lake Mining Limited", "status": "Active", "recorded_date": "2018-04-10", "anniversary_or_expiry": "2030-09-23", "area_ha": null, "tenure_type": "Boundary Cell Mining Claim", "source": "Ontario MLAS operational claims (OGSEarth / LIO MapServer). Unofficial viewing data, not legal title.", "as_of": "2026-09-20", "role": "focus", "color": "#e8b040"}}, {"type": "Feature", "geometry": {"type": "Polygon", "coordinates": [[[-80.9313, 47.5875], [-80.9313, 47.5917], [-80.9375, 47.5917], [-80.9375, 47.5875], [-80.9313, 47.5875]]]}, "properties": {"company_id": "mcfarlane-lake-mining", "jurisdiction": "Ontario", "claim_id": "250250", "claim_name": null, "holder": "(100) McFarlane Lake Mining Limited", "status": "Active", "recorded_date": "2018-04-10", "anniversary_or_expiry": "2030-09-23", "area_ha": null, "tenure_type": "Boundary Cell Mining Claim", "source": "Ontario MLAS operational claims (OGSEarth / LIO MapServer). Unofficial viewing data, not legal title.", "as_of": "2026-09-20", "role": "focus", "color": "#e8b040"}}, {"type": "Feature", "geometry": {"type": "Polygon", "coordinates": [[[-81.0313, 47.6542], [-81.0313, 47.6583], [-81.0375, 47.6583], [-81.0375, 47.6542], [-81.0313, 47.6542]]]}, "properties": {"company_id": "mcfarlane-lake-mining", "jurisdiction": "Ontario", "claim_id": "257771", "claim_name": null, "holder": "(100) McFarlane Lake Mining Limited", "status": "Active", "recorded_date": "2018-04-10", "anniversary_or_expiry": "2030-01-28", "area_ha": null, "tenure_type": "Boundary Cell Mining Claim", "source": "Ontario MLAS operational claims (OGSEarth / LIO MapServer). Unofficial viewing data, not legal title.", "as_of": "2026-09-20", "role": "focus", "color": "#e8b040"}}, {"type": "Feature", "geometry": {"type": "Polygon", "coordinates": [[[-80.95, 47.5958], [-80.95, 47.6], [-80.9563, 47.6], [-80.9563, 47.5958], [-80.95, 47.5958]]]}, "properties": {"company_id": "mcfarlane-lake-mining", "jurisdiction": "Ontario", "claim_id": "258360", "claim_name": null, "holder": "(100) McFarlane Lake Mining Limited", "status": "Active", "recorded_date": "2018-04-10", "anniversary_or_expiry": "2030-09-23", "area_ha": null, "tenure_type": "Single Cell Mining Claim", "source": "Ontario MLAS operational claims (OGSEarth / LIO MapServer). Unofficial viewing data, not legal title.", "as_of": "2026-09-20", "role": "focus", "color": "#e8b040"}}, {"type": "Feature", "geometry": {"type": "Polygon", "coordinates": [[[-80.9625, 47.6375], [-80.9625, 47.6417], [-80.9688, 47.6417], [-80.9688, 47.6375], [-80.9625, 47.6375]]]}, "properties": {"company_id": "mcfarlane-lake-mining", "jurisdiction": "Ontario", "claim_id": "260903", "claim_name": null, "holder": "(100) McFarlane Lake Mining Limited", "status": "Active", "recorded_date": "2018-04-10", "anniversary_or_expiry": "2030-09-23", "area_ha": null, "tenure_type": "Boundary Cell Mining Claim", "source": "Ontario MLAS operational claims (OGSEarth / LIO MapServer). Unofficial viewing data, not legal title.", "as_of": "2026-09-20", "role": "focus", "color": "#e8b040"}}, {"type": "Feature", "geometry": {"type": "Polygon", "coordinates": [[[-81.0375, 47.6333], [-81.0375, 47.6375], [-81.0438, 47.6375], [-81.0438, 47.6333], [-81.0375, 47.6333]]]}, "properties": {"company_id": "mcfarlane-lake-mining", "jurisdiction": "Ontario", "claim_id": "262851", "claim_name": null, "holder": "(100) McFarlane Lake Mining Limited", "status": "Active", "recorded_date": "2018-04-10", "anniversary_or_expiry": "2030-05-01", "area_ha": null, "tenure_type": "Boundary Cell Mining Claim", "source": "Ontario MLAS operational claims (OGSEarth / LIO MapServer). Unofficial viewing data, not legal title.", "as_of": "2026-09-20", "role": "focus", "color": "#e8b040"}}, {"type": "Feature", "geometry": {"type": "Polygon", "coordinates": [[[-81.025, 47.6833], [-81.025, 47.6875], [-81.0313, 47.6875], [-81.0313, 47.6833], [-81.025, 47.6833]]]}, "properties": {"company_id": "mcfarlane-lake-mining", "jurisdiction": "Ontario", "claim_id": "263483", "claim_name": null, "holder": "(75) ORECAP INVEST CORP., (25) McFarlane Lake Mining Limited", "status": "Active", "recorded_date": "2018-04-10", "anniversary_or_expiry": "2030-09-23", "area_ha": null, "tenure_type": "Single Cell Mining Claim", "source": "Ontario MLAS operational claims (OGSEarth / LIO MapServer). Unofficial viewing data, not legal title.", "as_of": "2026-09-20", "role": "focus", "color": "#e8b040"}}, {"type": "Feature", "geometry": {"type": "Polygon", "coordinates": [[[-81.025, 47.5917], [-81.025, 47.5958], [-81.0313, 47.5958], [-81.0313, 47.5917], [-81.025, 47.5917]]]}, "properties": {"company_id": "mcfarlane-lake-mining", "jurisdiction": "Ontario", "claim_id": "263514", "claim_name": null, "holder": "(100) McFarlane Lake Mining Limited", "status": "Active", "recorded_date": "2018-04-10", "anniversary_or_expiry": "2030-06-10", "area_ha": null, "tenure_type": "Single Cell Mining Claim", "source": "Ontario MLAS operational claims (OGSEarth / LIO MapServer). Unofficial viewing data, not legal title.", "as_of": "2026-09-20", "role": "focus", "color": "#e8b040"}}, {"type": "Feature", "geometry": {"type": "Polygon", "coordinates": [[[-81.0313, 47.625], [-81.0313, 47.6292], [-81.0375, 47.6292], [-81.0375, 47.625], [-81.0313, 47.625]]]}, "properties": {"company_id": "mcfarlane-lake-mining", "jurisdiction": "Ontario", "claim_id": "264528", "claim_name": null, "holder": "(100) McFarlane Lake Mining Limited", "status": "Active", "recorded_date": "2018-04-10", "anniversary_or_expiry": "2030-05-01", "area_ha": null, "tenure_type": "Single Cell Mining Claim", "source": "Ontario MLAS operational claims (OGSEarth / LIO MapServer). Unofficial viewing data, not legal title.", "as_of": "2026-09-20", "role": "focus", "color": "#e8b040"}}, {"type": "Feature", "geometry": {"type": "Polygon", "coordinates": [[[-81.0188, 47.6083], [-81.0188, 47.6125], [-81.025, 47.6125], [-81.025, 47.6083], [-81.0188, 47.6083]]]}, "properties": {"company_id": "mcfarlane-lake-mining", "jurisdiction": "Ontario", "claim_id": "264231", "claim_name": null, "holder": "(100) McFarlane Lake Mining Limited", "status": "Active", "recorded_date": "2018-04-10", "anniversary_or_expiry": "2030-05-25", "area_ha": null, "tenure_type": "Single Cell Mining Claim", "source": "Ontario MLAS operational claims (OGSEarth / LIO MapServer). Unofficial viewing data, not legal title.", "as_of": "2026-09-20", "role": "focus", "color": "#e8b040"}}, {"type": "Feature", "geometry": {"type": "Polygon", "coordinates": [[[-81.0125, 47.6], [-81.0125, 47.6042], [-81.0188, 47.6042], [-81.0188, 47.6], [-81.0125, 47.6]]]}, "properties": {"company_id": "mcfarlane-lake-mining", "jurisdiction": "Ontario", "claim_id": "264312", "claim_name": null, "holder": "(100) McFarlane Lake Mining Limited", "status": "Active", "recorded_date": "2018-04-10", "anniversary_or_expiry": "2030-05-25", "area_ha": null, "tenure_type": "Single Cell Mining Claim", "source": "Ontario MLAS operational claims (OGSEarth / LIO MapServer). Unofficial viewing data, not legal title.", "as_of": "2026-09-20", "role": "focus", "color": "#e8b040"}}, {"type": "Feature", "geometry": {"type": "Polygon", "coordinates": [[[-81.0063, 47.5917], [-81.0063, 47.5958], [-81.0125, 47.5958], [-81.0125, 47.5917], [-81.0063, 47.5917]]]}, "properties": {"company_id": "mcfarlane-lake-mining", "jurisdiction": "Ontario", "claim_id": "266745", "claim_name": null, "holder": "(100) McFarlane Lake Mining Limited", "status": "Active", "recorded_date": "2018-04-10", "anniversary_or_expiry": "2030-10-08", "area_ha": null, "tenure_type": "Single Cell Mining Claim", "source": "Ontario MLAS operational claims (OGSEarth / LIO MapServer). Unofficial viewing data, not legal title.", "as_of": "2026-09-20", "role": "focus", "color": "#e8b040"}}, {"type": "Feature", "geometry": {"type": "Polygon", "coordinates": [[[-81.0125, 47.5917], [-81.0125, 47.5958], [-81.0188, 47.5958], [-81.0188, 47.5917], [-81.0125, 47.5917]]]}, "properties": {"company_id": "mcfarlane-lake-mining", "jurisdiction": "Ontario", "claim_id": "266746", "claim_name": null, "holder": "(100) McFarlane Lake Mining Limited", "status": "Active", "recorded_date": "2018-04-10", "anniversary_or_expiry": "2030-10-08", "area_ha": null, "tenure_type": "Single Cell Mining Claim", "source": "Ontario MLAS operational claims (OGSEarth / LIO MapServer). Unofficial viewing data, not legal title.", "as_of": "2026-09-20", "role": "focus", "color": "#e8b040"}}, {"type": "Feature", "geometry": {"type": "Polygon", "coordinates": [[[-80.9813, 47.6458], [-80.9813, 47.65], [-80.9875, 47.65], [-80.9875, 47.6458], [-80.9813, 47.6458]]]}, "properties": {"company_id": "mcfarlane-lake-mining", "jurisdiction": "Ontario", "claim_id": "266770", "claim_name": null, "holder": "(100) McFarlane Lake Mining Limited", "status": "Active", "recorded_date": "2018-04-10", "anniversary_or_expiry": "2030-12-20", "area_ha": null, "tenure_type": "Boundary Cell Mining Claim", "source": "Ontario MLAS operational claims (OGSEarth / LIO MapServer). Unofficial viewing data, not legal title.", "as_of": "2026-09-20", "role": "focus", "color": "#e8b040"}}, {"type": "Feature", "geometry": {"type": "Polygon", "coordinates": [[[-80.9875, 47.6375], [-80.9875, 47.6417], [-80.9938, 47.6417], [-80.9938, 47.6375], [-80.9875, 47.6375]]]}, "properties": {"company_id": "mcfarlane-lake-mining", "jurisdiction": "Ontario", "claim_id": "266771", "claim_name": null, "holder": "(100) McFarlane Lake Mining Limited", "status": "Active", "recorded_date": "2018-04-10", "anniversary_or_expiry": "2030-12-20", "area_ha": null, "tenure_type": "Single Cell Mining Claim", "source": "Ontario MLAS operational claims (OGSEarth / LIO MapServer). Unofficial viewing data, not legal title.", "as_of": "2026-09-20", "role": "focus", "color": "#e8b040"}}, {"type": "Feature", "geometry": {"type": "Polygon", "coordinates": [[[-81.0, 47.6167], [-81.0, 47.6208], [-81.0063, 47.6208], [-81.0063, 47.6167], [-81.0, 47.6167]]]}, "properties": {"company_id": "mcfarlane-lake-mining", "jurisdiction": "Ontario", "claim_id": "266220", "claim_name": null, "holder": "(100) McFarlane Lake Mining Limited", "status": "Active", "recorded_date": "2018-04-10", "anniversary_or_expiry": "2030-05-11", "area_ha": null, "tenure_type": "Single Cell Mining Claim", "source": "Ontario MLAS operational claims (OGSEarth / LIO MapServer). Unofficial viewing data, not legal title.", "as_of": "2026-09-20", "role": "focus", "color": "#e8b040"}}, {"type": "Feature", "geometry": {"type": "Polygon", "coordinates": [[[-80.9938, 47.5917], [-80.9938, 47.5958], [-81.0, 47.5958], [-81.0, 47.5917], [-80.9938, 47.5917]]]}, "properties": {"company_id": "mcfarlane-lake-mining", "jurisdiction": "Ontario", "claim_id": "266711", "claim_name": null, "holder": "(100) McFarlane Lake Mining Limited", "status": "Active", "recorded_date": "2018-04-10", "anniversary_or_expiry": "2030-07-14", "area_ha": null, "tenure_type": "Single Cell Mining Claim", "source": "Ontario MLAS operational claims (OGSEarth / LIO MapServer). Unofficial viewing data, not legal title.", "as_of": "2026-09-20", "role": "focus", "color": "#e8b040"}}, {"type": "Feature", "geometry": {"type": "Polygon", "coordinates": [[[-80.9688, 47.6375], [-80.9688, 47.6417], [-80.975, 47.6417], [-80.975, 47.6375], [-80.9688, 47.6375]]]}, "properties": {"company_id": "mcfarlane-lake-mining", "jurisdiction": "Ontario", "claim_id": "268905", "claim_name": null, "holder": "(100) McFarlane Lake Mining Limited", "status": "Active", "recorded_date": "2018-04-10", "anniversary_or_expiry": "2030-09-23", "area_ha": null, "tenure_type": "Boundary Cell Mining Claim", "source": "Ontario MLAS operational claims (OGSEarth / LIO MapServer). Unofficial viewing data, not legal title.", "as_of": "2026-09-20", "role": "focus", "color": "#e8b040"}}, {"type": "Feature", "geometry": {"type": "Polygon", "coordinates": [[[-81.0125, 47.5833], [-81.0125, 47.5875], [-81.0188, 47.5875], [-81.0188, 47.5833], [-81.0125, 47.5833]]]}, "properties": {"company_id": "mcfarlane-lake-mining", "jurisdiction": "Ontario", "claim_id": "270971", "claim_name": null, "holder": "(100) McFarlane Lake Mining Limited", "status": "Active", "recorded_date": "2018-04-10", "anniversary_or_expiry": "2030-09-27", "area_ha": null, "tenure_type": "Single Cell Mining Claim", "source": "Ontario MLAS operational claims (OGSEarth / LIO MapServer). Unofficial viewing data, not legal title.", "as_of": "2026-09-20", "role": "focus", "color": "#e8b040"}}, {"type": "Feature", "geometry": {"type": "Polygon", "coordinates": [[[-80.9813, 47.6083], [-80.9813, 47.6125], [-80.9875, 47.6125], [-80.9875, 47.6083], [-80.9813, 47.6083]]]}, "properties": {"company_id": "mcfarlane-lake-mining", "jurisdiction": "Ontario", "claim_id": "270444", "claim_name": null, "holder": "(100) McFarlane Lake Mining Limited", "status": "Active", "recorded_date": "2018-04-10", "anniversary_or_expiry": "2030-09-23", "area_ha": null, "tenure_type": "Single Cell Mining Claim", "source": "Ontario MLAS operational claims (OGSEarth / LIO MapServer). Unofficial viewing data, not legal title.", "as_of": "2026-09-20", "role": "focus", "color": "#e8b040"}}, {"type": "Feature", "geometry": {"type": "Polygon", "coordinates": [[[-80.9625, 47.6208], [-80.9625, 47.625], [-80.9688, 47.625], [-80.9688, 47.6208], [-80.9625, 47.6208]]]}, "properties": {"company_id": "mcfarlane-lake-mining", "jurisdiction": "Ontario", "claim_id": "272378", "claim_name": null, "holder": "(100) McFarlane Lake Mining Limited", "status": "Active", "recorded_date": "2018-04-10", "anniversary_or_expiry": "2030-09-23", "area_ha": null, "tenure_type": "Boundary Cell Mining Claim", "source": "Ontario MLAS operational claims (OGSEarth / LIO MapServer). Unofficial viewing data, not legal title.", "as_of": "2026-09-20", "role": "focus", "color": "#e8b040"}}, {"type": "Feature", "geometry": {"type": "Polygon", "coordinates": [[[-81.0375, 47.6167], [-81.0375, 47.6208], [-81.0438, 47.6208], [-81.0438, 47.6167], [-81.0375, 47.6167]]]}, "properties": {"company_id": "mcfarlane-lake-mining", "jurisdiction": "Ontario", "claim_id": "273696", "claim_name": null, "holder": "(100) McFarlane Lake Mining Limited", "status": "Active", "recorded_date": "2018-04-10", "anniversary_or_expiry": "2030-05-01", "area_ha": null, "tenure_type": "Single Cell Mining Claim", "source": "Ontario MLAS operational claims (OGSEarth / LIO MapServer). Unofficial viewing data, not legal title.", "as_of": "2026-09-20", "role": "focus", "color": "#e8b040"}}, {"type": "Feature", "geometry": {"type": "Polygon", "coordinates": [[[-81.0375, 47.6083], [-81.0375, 47.6125], [-81.0438, 47.6125], [-81.0438, 47.6083], [-81.0375, 47.6083]]]}, "properties": {"company_id": "mcfarlane-lake-mining", "jurisdiction": "Ontario", "claim_id": "273379", "claim_name": null, "holder": "(100) McFarlane Lake Mining Limited", "status": "Active", "recorded_date": "2018-04-10", "anniversary_or_expiry": "2030-04-04", "area_ha": null, "tenure_type": "Single Cell Mining Claim", "source": "Ontario MLAS operational claims (OGSEarth / LIO MapServer). Unofficial viewing data, not legal title.", "as_of": "2026-09-20", "role": "focus", "color": "#e8b040"}}, {"type": "Feature", "geometry": {"type": "Polygon", "coordinates": [[[-81.0438, 47.6333], [-81.0438, 47.6375], [-81.05, 47.6375], [-81.05, 47.6333], [-81.0438, 47.6333]]]}, "properties": {"company_id": "mcfarlane-lake-mining", "jurisdiction": "Ontario", "claim_id": "272867", "claim_name": null, "holder": "(100) McFarlane Lake Mining Limited", "status": "Active", "recorded_date": "2018-04-10", "anniversary_or_expiry": "2030-04-03", "area_ha": null, "tenure_type": "Single Cell Mining Claim", "source": "Ontario MLAS operational claims (OGSEarth / LIO MapServer). Unofficial viewing data, not legal title.", "as_of": "2026-09-20", "role": "focus", "color": "#e8b040"}}, {"type": "Feature", "geometry": {"type": "Polygon", "coordinates": [[[-81.0375, 47.6417], [-81.0375, 47.6458], [-81.0438, 47.6458], [-81.0438, 47.6417], [-81.0375, 47.6417]]]}, "properties": {"company_id": "mcfarlane-lake-mining", "jurisdiction": "Ontario", "claim_id": "274062", "claim_name": null, "holder": "(100) McFarlane Lake Mining Limited", "status": "Active", "recorded_date": "2018-04-10", "anniversary_or_expiry": "2030-01-28", "area_ha": null, "tenure_type": "Boundary Cell Mining Claim", "source": "Ontario MLAS operational claims (OGSEarth / LIO MapServer). Unofficial viewing data, not legal title.", "as_of": "2026-09-20", "role": "focus", "color": "#e8b040"}}, {"type": "Feature", "geometry": {"type": "Polygon", "coordinates": [[[-81.0125, 47.625], [-81.0125, 47.6292], [-81.0188, 47.6292], [-81.0188, 47.625], [-81.0125, 47.625]]]}, "properties": {"company_id": "mcfarlane-lake-mining", "jurisdiction": "Ontario", "claim_id": "273564", "claim_name": null, "holder": "(100) McFarlane Lake Mining Limited", "status": "Active", "recorded_date": "2018-04-10", "anniversary_or_expiry": "2030-05-25", "area_ha": null, "tenure_type": "Single Cell Mining Claim", "source": "Ontario MLAS operational claims (OGSEarth / LIO MapServer). Unofficial viewing data, not legal title.", "as_of": "2026-09-20", "role": "focus", "color": "#e8b040"}}, {"type": "Feature", "geometry": {"type": "Polygon", "coordinates": [[[-81.0, 47.6042], [-81.0, 47.6083], [-81.0063, 47.6083], [-81.0063, 47.6042], [-81.0, 47.6042]]]}, "properties": {"company_id": "mcfarlane-lake-mining", "jurisdiction": "Ontario", "claim_id": "274175", "claim_name": null, "holder": "(100) McFarlane Lake Mining Limited", "status": "Active", "recorded_date": "2018-04-10", "anniversary_or_expiry": "2030-07-14", "area_ha": null, "tenure_type": "Single Cell Mining Claim", "source": "Ontario MLAS operational claims (OGSEarth / LIO MapServer). Unofficial viewing data, not legal title.", "as_of": "2026-09-20", "role": "focus", "color": "#e8b040"}}, {"type": "Feature", "geometry": {"type": "Polygon", "coordinates": [[[-80.9688, 47.6333], [-80.9688, 47.6375], [-80.975, 47.6375], [-80.975, 47.6333], [-80.9688, 47.6333]]]}, "properties": {"company_id": "mcfarlane-lake-mining", "jurisdiction": "Ontario", "claim_id": "276202", "claim_name": null, "holder": "(100) McFarlane Lake Mining Limited", "status": "Active", "recorded_date": "2018-04-10", "anniversary_or_expiry": "2030-09-23", "area_ha": null, "tenure_type": "Boundary Cell Mining Claim", "source": "Ontario MLAS operational claims (OGSEarth / LIO MapServer). Unofficial viewing data, not legal title.", "as_of": "2026-09-20", "role": "focus", "color": "#e8b040"}}, {"type": "Feature", "geometry": {"type": "Polygon", "coordinates": [[[-81.0188, 47.5792], [-81.0188, 47.5833], [-81.025, 47.5833], [-81.025, 47.5792], [-81.0188, 47.5792]]]}, "properties": {"company_id": "mcfarlane-lake-mining", "jurisdiction": "Ontario", "claim_id": "277049", "claim_name": null, "holder": "(100) McFarlane Lake Mining Limited", "status": "Active", "recorded_date": "2018-04-10", "anniversary_or_expiry": "2030-09-27", "area_ha": null, "tenure_type": "Single Cell Mining Claim", "source": "Ontario MLAS operational claims (OGSEarth / LIO MapServer). Unofficial viewing data, not legal title.", "as_of": "2026-09-20", "role": "focus", "color": "#e8b040"}}, {"type": "Feature", "geometry": {"type": "Polygon", "coordinates": [[[-81.0, 47.5667], [-81.0, 47.5708], [-81.0063, 47.5708], [-81.0063, 47.5667], [-81.0, 47.5667]]]}, "properties": {"company_id": "mcfarlane-lake-mining", "jurisdiction": "Ontario", "claim_id": "278132", "claim_name": null, "holder": "(100) McFarlane Lake Mining Limited", "status": "Active", "recorded_date": "2018-04-10", "anniversary_or_expiry": "2030-09-27", "area_ha": null, "tenure_type": "Single Cell Mining Claim", "source": "Ontario MLAS operational claims (OGSEarth / LIO MapServer). Unofficial viewing data, not legal title.", "as_of": "2026-09-20", "role": "focus", "color": "#e8b040"}}, {"type": "Feature", "geometry": {"type": "Polygon", "coordinates": [[[-80.9375, 47.5917], [-80.9375, 47.5958], [-80.9438, 47.5958], [-80.9438, 47.5917], [-80.9375, 47.5917]]]}, "properties": {"company_id": "mcfarlane-lake-mining", "jurisdiction": "Ontario", "claim_id": "278790", "claim_name": null, "holder": "(100) McFarlane Lake Mining Limited", "status": "Active", "recorded_date": "2018-04-10", "anniversary_or_expiry": "2030-09-23", "area_ha": null, "tenure_type": "Single Cell Mining Claim", "source": "Ontario MLAS operational claims (OGSEarth / LIO MapServer). Unofficial viewing data, not legal title.", "as_of": "2026-09-20", "role": "focus", "color": "#e8b040"}}, {"type": "Feature", "geometry": {"type": "Polygon", "coordinates": [[[-80.9188, 47.6], [-80.9188, 47.6042], [-80.925, 47.6042], [-80.925, 47.6], [-80.9188, 47.6]]]}, "properties": {"company_id": "mcfarlane-lake-mining", "jurisdiction": "Ontario", "claim_id": "278794", "claim_name": null, "holder": "(100) McFarlane Lake Mining Limited", "status": "Active", "recorded_date": "2018-04-10", "anniversary_or_expiry": "2030-09-23", "area_ha": null, "tenure_type": "Boundary Cell Mining Claim", "source": "Ontario MLAS operational claims (OGSEarth / LIO MapServer). Unofficial viewing data, not legal title.", "as_of": "2026-09-20", "role": "focus", "color": "#e8b040"}}, {"type": "Feature", "geometry": {"type": "Polygon", "coordinates": [[[-80.9938, 47.575], [-80.9938, 47.5792], [-81.0, 47.5792], [-81.0, 47.575], [-80.9938, 47.575]]]}, "properties": {"company_id": "mcfarlane-lake-mining", "jurisdiction": "Ontario", "claim_id": "279644", "claim_name": null, "holder": "(100) McFarlane Lake Mining Limited", "status": "Active", "recorded_date": "2018-04-10", "anniversary_or_expiry": "2030-09-27", "area_ha": null, "tenure_type": "Boundary Cell Mining Claim", "source": "Ontario MLAS operational claims (OGSEarth / LIO MapServer). Unofficial viewing data, not legal title.", "as_of": "2026-09-20", "role": "focus", "color": "#e8b040"}}, {"type": "Feature", "geometry": {"type": "Polygon", "coordinates": [[[-81.0063, 47.575], [-81.0063, 47.5792], [-81.0125, 47.5792], [-81.0125, 47.575], [-81.0063, 47.575]]]}, "properties": {"company_id": "mcfarlane-lake-mining", "jurisdiction": "Ontario", "claim_id": "279645", "claim_name": null, "holder": "(100) McFarlane Lake Mining Limited", "status": "Active", "recorded_date": "2018-04-10", "anniversary_or_expiry": "2030-09-27", "area_ha": null, "tenure_type": "Boundary Cell Mining Claim", "source": "Ontario MLAS operational claims (OGSEarth / LIO MapServer). Unofficial viewing data, not legal title.", "as_of": "2026-09-20", "role": "focus", "color": "#e8b040"}}, {"type": "Feature", "geometry": {"type": "Polygon", "coordinates": [[[-81.05, 47.6167], [-81.05, 47.6208], [-81.0563, 47.6208], [-81.0563, 47.6167], [-81.05, 47.6167]]]}, "properties": {"company_id": "mcfarlane-lake-mining", "jurisdiction": "Ontario", "claim_id": "280941", "claim_name": null, "holder": "(100) McFarlane Lake Mining Limited", "status": "Active", "recorded_date": "2018-04-10", "anniversary_or_expiry": "2030-06-07", "area_ha": null, "tenure_type": "Single Cell Mining Claim", "source": "Ontario MLAS operational claims (OGSEarth / LIO MapServer). Unofficial viewing data, not legal title.", "as_of": "2026-09-20", "role": "focus", "color": "#e8b040"}}, {"type": "Feature", "geometry": {"type": "Polygon", "coordinates": [[[-81.025, 47.6375], [-81.025, 47.6417], [-81.0313, 47.6417], [-81.0313, 47.6375], [-81.025, 47.6375]]]}, "properties": {"company_id": "mcfarlane-lake-mining", "jurisdiction": "Ontario", "claim_id": "279863", "claim_name": null, "holder": "(100) McFarlane Lake Mining Limited", "status": "Active", "recorded_date": "2018-04-10", "anniversary_or_expiry": "2030-11-19", "area_ha": null, "tenure_type": "Boundary Cell Mining Claim", "source": "Ontario MLAS operational claims (OGSEarth / LIO MapServer). Unofficial viewing data, not legal title.", "as_of": "2026-09-20", "role": "focus", "color": "#e8b040"}}, {"type": "Feature", "geometry": {"type": "Polygon", "coordinates": [[[-81.0375, 47.625], [-81.0375, 47.6292], [-81.0438, 47.6292], [-81.0438, 47.625], [-81.0375, 47.625]]]}, "properties": {"company_id": "mcfarlane-lake-mining", "jurisdiction": "Ontario", "claim_id": "282926", "claim_name": null, "holder": "(100) McFarlane Lake Mining Limited", "status": "Active", "recorded_date": "2018-04-10", "anniversary_or_expiry": "2030-05-01", "area_ha": null, "tenure_type": "Single Cell Mining Claim", "source": "Ontario MLAS operational claims (OGSEarth / LIO MapServer). Unofficial viewing data, not legal title.", "as_of": "2026-09-20", "role": "focus", "color": "#e8b040"}}, {"type": "Feature", "geometry": {"type": "Polygon", "coordinates": [[[-81.0188, 47.675], [-81.0188, 47.6792], [-81.025, 47.6792], [-81.025, 47.675], [-81.0188, 47.675]]]}, "properties": {"company_id": "mcfarlane-lake-mining", "jurisdiction": "Ontario", "claim_id": "283047", "claim_name": null, "holder": "(75) ORECAP INVEST CORP., (25) McFarlane Lake Mining Limited", "status": "Active", "recorded_date": "2018-04-10", "anniversary_or_expiry": "2030-09-23", "area_ha": null, "tenure_type": "Single Cell Mining Claim", "source": "Ontario MLAS operational claims (OGSEarth / LIO MapServer). Unofficial viewing data, not legal title.", "as_of": "2026-09-20", "role": "focus", "color": "#e8b040"}}, {"type": "Feature", "geometry": {"type": "Polygon", "coordinates": [[[-80.9688, 47.6125], [-80.9688, 47.6167], [-80.975, 47.6167], [-80.975, 47.6125], [-80.9688, 47.6125]]]}, "properties": {"company_id": "mcfarlane-lake-mining", "jurisdiction": "Ontario", "claim_id": "282554", "claim_name": null, "holder": "(100) McFarlane Lake Mining Limited", "status": "Active", "recorded_date": "2018-04-10", "anniversary_or_expiry": "2030-09-23", "area_ha": null, "tenure_type": "Boundary Cell Mining Claim", "source": "Ontario MLAS operational claims (OGSEarth / LIO MapServer). Unofficial viewing data, not legal title.", "as_of": "2026-09-20", "role": "focus", "color": "#e8b040"}}, {"type": "Feature", "geometry": {"type": "Polygon", "coordinates": [[[-80.9813, 47.625], [-80.9813, 47.6292], [-80.9875, 47.6292], [-80.9875, 47.625], [-80.9813, 47.625]]]}, "properties": {"company_id": "mcfarlane-lake-mining", "jurisdiction": "Ontario", "claim_id": "284310", "claim_name": null, "holder": "(100) McFarlane Lake Mining Limited", "status": "Active", "recorded_date": "2018-04-10", "anniversary_or_expiry": "2030-02-02", "area_ha": null, "tenure_type": "Boundary Cell Mining Claim", "source": "Ontario MLAS operational claims (OGSEarth / LIO MapServer). Unofficial viewing data, not legal title.", "as_of": "2026-09-20", "role": "focus", "color": "#e8b040"}}, {"type": "Feature", "geometry": {"type": "Polygon", "coordinates": [[[-81.0625, 47.6042], [-81.0625, 47.6083], [-81.0688, 47.6083], [-81.0688, 47.6042], [-81.0625, 47.6042]]]}, "properties": {"company_id": "mcfarlane-lake-mining", "jurisdiction": "Ontario", "claim_id": "286064", "claim_name": null, "holder": "(100) McFarlane Lake Mining Limited", "status": "Active", "recorded_date": "2018-04-10", "anniversary_or_expiry": "2030-04-04", "area_ha": null, "tenure_type": "Single Cell Mining Claim", "source": "Ontario MLAS operational claims (OGSEarth / LIO MapServer). Unofficial viewing data, not legal title.", "as_of": "2026-09-20", "role": "focus", "color": "#e8b040"}}, {"type": "Feature", "geometry": {"type": "Polygon", "coordinates": [[[-81.0563, 47.6375], [-81.0563, 47.6417], [-81.0625, 47.6417], [-81.0625, 47.6375], [-81.0563, 47.6375]]]}, "properties": {"company_id": "mcfarlane-lake-mining", "jurisdiction": "Ontario", "claim_id": "285588", "claim_name": null, "holder": "(100) McFarlane Lake Mining Limited", "status": "Active", "recorded_date": "2018-04-10", "anniversary_or_expiry": "2030-04-09", "area_ha": null, "tenure_type": "Boundary Cell Mining Claim", "source": "Ontario MLAS operational claims (OGSEarth / LIO MapServer). Unofficial viewing data, not legal title.", "as_of": "2026-09-20", "role": "focus", "color": "#e8b040"}}, {"type": "Feature", "geometry": {"type": "Polygon", "coordinates": [[[-81.0313, 47.6292], [-81.0313, 47.6333], [-81.0375, 47.6333], [-81.0375, 47.6292], [-81.0313, 47.6292]]]}, "properties": {"company_id": "mcfarlane-lake-mining", "jurisdiction": "Ontario", "claim_id": "285589", "claim_name": null, "holder": "(100) McFarlane Lake Mining Limited", "status": "Active", "recorded_date": "2018-04-10", "anniversary_or_expiry": "2030-05-01", "area_ha": null, "tenure_type": "Boundary Cell Mining Claim", "source": "Ontario MLAS operational claims (OGSEarth / LIO MapServer). Unofficial viewing data, not legal title.", "as_of": "2026-09-20", "role": "focus", "color": "#e8b040"}}, {"type": "Feature", "geometry": {"type": "Polygon", "coordinates": [[[-81.0375, 47.6458], [-81.0375, 47.65], [-81.0438, 47.65], [-81.0438, 47.6458], [-81.0375, 47.6458]]]}, "properties": {"company_id": "mcfarlane-lake-mining", "jurisdiction": "Ontario", "claim_id": "286207", "claim_name": null, "holder": "(100) McFarlane Lake Mining Limited", "status": "Active", "recorded_date": "2018-04-10", "anniversary_or_expiry": "2030-01-28", "area_ha": null, "tenure_type": "Boundary Cell Mining Claim", "source": "Ontario MLAS operational claims (OGSEarth / LIO MapServer). Unofficial viewing data, not legal title.", "as_of": "2026-09-20", "role": "focus", "color": "#e8b040"}}, {"type": "Feature", "geometry": {"type": "Polygon", "coordinates": [[[-81.0438, 47.6458], [-81.0438, 47.65], [-81.05, 47.65], [-81.05, 47.6458], [-81.0438, 47.6458]]]}, "properties": {"company_id": "mcfarlane-lake-mining", "jurisdiction": "Ontario", "claim_id": "286208", "claim_name": null, "holder": "(100) McFarlane Lake Mining Limited", "status": "Active", "recorded_date": "2018-04-10", "anniversary_or_expiry": "2030-01-28", "area_ha": null, "tenure_type": "Single Cell Mining Claim", "source": "Ontario MLAS operational claims (OGSEarth / LIO MapServer). Unofficial viewing data, not legal title.", "as_of": "2026-09-20", "role": "focus", "color": "#e8b040"}}, {"type": "Feature", "geometry": {"type": "Polygon", "coordinates": [[[-81.0, 47.5958], [-81.0, 47.6], [-81.0063, 47.6], [-81.0063, 47.5958], [-81.0, 47.5958]]]}, "properties": {"company_id": "mcfarlane-lake-mining", "jurisdiction": "Ontario", "claim_id": "286267", "claim_name": null, "holder": "(100) McFarlane Lake Mining Limited", "status": "Active", "recorded_date": "2018-04-10", "anniversary_or_expiry": "2030-07-14", "area_ha": null, "tenure_type": "Single Cell Mining Claim", "source": "Ontario MLAS operational claims (OGSEarth / LIO MapServer). Unofficial viewing data, not legal title.", "as_of": "2026-09-20", "role": "focus", "color": "#e8b040"}}, {"type": "Feature", "geometry": {"type": "Polygon", "coordinates": [[[-80.9938, 47.5875], [-80.9938, 47.5917], [-81.0, 47.5917], [-81.0, 47.5875], [-80.9938, 47.5875]]]}, "properties": {"company_id": "mcfarlane-lake-mining", "jurisdiction": "Ontario", "claim_id": "287149", "claim_name": null, "holder": "(100) McFarlane Lake Mining Limited", "status": "Active", "recorded_date": "2018-04-10", "anniversary_or_expiry": "2030-09-23", "area_ha": null, "tenure_type": "Single Cell Mining Claim", "source": "Ontario MLAS operational claims (OGSEarth / LIO MapServer). Unofficial viewing data, not legal title.", "as_of": "2026-09-20", "role": "focus", "color": "#e8b040"}}, {"type": "Feature", "geometry": {"type": "Polygon", "coordinates": [[[-80.9875, 47.5833], [-80.9875, 47.5875], [-80.9938, 47.5875], [-80.9938, 47.5833], [-80.9875, 47.5833]]]}, "properties": {"company_id": "mcfarlane-lake-mining", "jurisdiction": "Ontario", "claim_id": "287150", "claim_name": null, "holder": "(100) McFarlane Lake Mining Limited", "status": "Active", "recorded_date": "2018-04-10", "anniversary_or_expiry": "2030-09-23", "area_ha": null, "tenure_type": "Single Cell Mining Claim", "source": "Ontario MLAS operational claims (OGSEarth / LIO MapServer). Unofficial viewing data, not legal title.", "as_of": "2026-09-20", "role": "focus", "color": "#e8b040"}}, {"type": "Feature", "geometry": {"type": "Polygon", "coordinates": [[[-80.9875, 47.5792], [-80.9875, 47.5833], [-80.9938, 47.5833], [-80.9938, 47.5792], [-80.9875, 47.5792]]]}, "properties": {"company_id": "mcfarlane-lake-mining", "jurisdiction": "Ontario", "claim_id": "287151", "claim_name": null, "holder": "(100) McFarlane Lake Mining Limited", "status": "Active", "recorded_date": "2018-04-10", "anniversary_or_expiry": "2030-09-23", "area_ha": null, "tenure_type": "Boundary Cell Mining Claim", "source": "Ontario MLAS operational claims (OGSEarth / LIO MapServer). Unofficial viewing data, not legal title.", "as_of": "2026-09-20", "role": "focus", "color": "#e8b040"}}, {"type": "Feature", "geometry": {"type": "Polygon", "coordinates": [[[-81.05, 47.6042], [-81.05, 47.6083], [-81.0563, 47.6083], [-81.0563, 47.6042], [-81.05, 47.6042]]]}, "properties": {"company_id": "mcfarlane-lake-mining", "jurisdiction": "Ontario", "claim_id": "287269", "claim_name": null, "holder": "(100) McFarlane Lake Mining Limited", "status": "Active", "recorded_date": "2018-04-10", "anniversary_or_expiry": "2030-05-30", "area_ha": null, "tenure_type": "Single Cell Mining Claim", "source": "Ontario MLAS operational claims (OGSEarth / LIO MapServer). Unofficial viewing data, not legal title.", "as_of": "2026-09-20", "role": "focus", "color": "#e8b040"}}, {"type": "Feature", "geometry": {"type": "Polygon", "coordinates": [[[-80.95, 47.6], [-80.95, 47.6042], [-80.9563, 47.6042], [-80.9563, 47.6], [-80.95, 47.6]]]}, "properties": {"company_id": "mcfarlane-lake-mining", "jurisdiction": "Ontario", "claim_id": "288427", "claim_name": null, "holder": "(100) McFarlane Lake Mining Limited", "status": "Active", "recorded_date": "2018-04-10", "anniversary_or_expiry": "2030-09-23", "area_ha": null, "tenure_type": "Single Cell Mining Claim", "source": "Ontario MLAS operational claims (OGSEarth / LIO MapServer). Unofficial viewing data, not legal title.", "as_of": "2026-09-20", "role": "focus", "color": "#e8b040"}}, {"type": "Feature", "geometry": {"type": "Polygon", "coordinates": [[[-81.0625, 47.6], [-81.0625, 47.6042], [-81.0688, 47.6042], [-81.0688, 47.6], [-81.0625, 47.6]]]}, "properties": {"company_id": "mcfarlane-lake-mining", "jurisdiction": "Ontario", "claim_id": "286845", "claim_name": null, "holder": "(100) McFarlane Lake Mining Limited", "status": "Active", "recorded_date": "2018-04-10", "anniversary_or_expiry": "2030-04-04", "area_ha": null, "tenure_type": "Single Cell Mining Claim", "source": "Ontario MLAS operational claims (OGSEarth / LIO MapServer). Unofficial viewing data, not legal title.", "as_of": "2026-09-20", "role": "focus", "color": "#e8b040"}}, {"type": "Feature", "geometry": {"type": "Polygon", "coordinates": [[[-81.0, 47.6292], [-81.0, 47.6333], [-81.0063, 47.6333], [-81.0063, 47.6292], [-81.0, 47.6292]]]}, "properties": {"company_id": "mcfarlane-lake-mining", "jurisdiction": "Ontario", "claim_id": "286846", "claim_name": null, "holder": "(100) McFarlane Lake Mining Limited", "status": "Active", "recorded_date": "2018-04-10", "anniversary_or_expiry": "2030-09-18", "area_ha": null, "tenure_type": "Boundary Cell Mining Claim", "source": "Ontario MLAS operational claims (OGSEarth / LIO MapServer). Unofficial viewing data, not legal title.", "as_of": "2026-09-20", "role": "focus", "color": "#e8b040"}}, {"type": "Feature", "geometry": {"type": "Polygon", "coordinates": [[[-81.0188, 47.6875], [-81.0188, 47.6917], [-81.025, 47.6917], [-81.025, 47.6875], [-81.0188, 47.6875]]]}, "properties": {"company_id": "mcfarlane-lake-mining", "jurisdiction": "Ontario", "claim_id": "290383", "claim_name": null, "holder": "(75) ORECAP INVEST CORP., (25) McFarlane Lake Mining Limited", "status": "Active", "recorded_date": "2018-04-10", "anniversary_or_expiry": "2030-09-23", "area_ha": null, "tenure_type": "Single Cell Mining Claim", "source": "Ontario MLAS operational claims (OGSEarth / LIO MapServer). Unofficial viewing data, not legal title.", "as_of": "2026-09-20", "role": "focus", "color": "#e8b040"}}, {"type": "Feature", "geometry": {"type": "Polygon", "coordinates": [[[-81.0313, 47.6792], [-81.0313, 47.6833], [-81.0375, 47.6833], [-81.0375, 47.6792], [-81.0313, 47.6792]]]}, "properties": {"company_id": "mcfarlane-lake-mining", "jurisdiction": "Ontario", "claim_id": "290384", "claim_name": null, "holder": "(75) ORECAP INVEST CORP., (25) McFarlane Lake Mining Limited", "status": "Active", "recorded_date": "2018-04-10", "anniversary_or_expiry": "2030-09-23", "area_ha": null, "tenure_type": "Boundary Cell Mining Claim", "source": "Ontario MLAS operational claims (OGSEarth / LIO MapServer). Unofficial viewing data, not legal title.", "as_of": "2026-09-20", "role": "focus", "color": "#e8b040"}}, {"type": "Feature", "geometry": {"type": "Polygon", "coordinates": [[[-81.0313, 47.6708], [-81.0313, 47.675], [-81.0375, 47.675], [-81.0375, 47.6708], [-81.0313, 47.6708]]]}, "properties": {"company_id": "mcfarlane-lake-mining", "jurisdiction": "Ontario", "claim_id": "290385", "claim_name": null, "holder": "(75) ORECAP INVEST CORP., (25) McFarlane Lake Mining Limited", "status": "Active", "recorded_date": "2018-04-10", "anniversary_or_expiry": "2030-09-23", "area_ha": null, "tenure_type": "Boundary Cell Mining Claim", "source": "Ontario MLAS operational claims (OGSEarth / LIO MapServer). Unofficial viewing data, not legal title.", "as_of": "2026-09-20", "role": "focus", "color": "#e8b040"}}, {"type": "Feature", "geometry": {"type": "Polygon", "coordinates": [[[-81.0688, 47.5958], [-81.0688, 47.6], [-81.075, 47.6], [-81.075, 47.5958], [-81.0688, 47.5958]]]}, "properties": {"company_id": "mcfarlane-lake-mining", "jurisdiction": "Ontario", "claim_id": "290978", "claim_name": null, "holder": "(100) McFarlane Lake Mining Limited", "status": "Active", "recorded_date": "2018-04-10", "anniversary_or_expiry": "2030-12-07", "area_ha": null, "tenure_type": "Boundary Cell Mining Claim", "source": "Ontario MLAS operational claims (OGSEarth / LIO MapServer). Unofficial viewing data, not legal title.", "as_of": "2026-09-20", "role": "focus", "color": "#e8b040"}}, {"type": "Feature", "geometry": {"type": "Polygon", "coordinates": [[[-81.7938, 46.1375], [-81.7938, 46.1417], [-81.8, 46.1417], [-81.8, 46.1375], [-81.7938, 46.1375]]]}, "properties": {"company_id": "mcfarlane-lake-mining", "jurisdiction": "Ontario", "claim_id": "289949", "claim_name": null, "holder": "(100) McFarlane Lake Mining Limited", "status": "Active", "recorded_date": "2018-04-10", "anniversary_or_expiry": "2027-06-03", "area_ha": null, "tenure_type": "Single Cell Mining Claim", "source": "Ontario MLAS operational claims (OGSEarth / LIO MapServer). Unofficial viewing data, not legal title.", "as_of": "2026-09-20", "role": "focus", "color": "#e8b040"}}, {"type": "Feature", "geometry": {"type": "Polygon", "coordinates": [[[-80.9813, 47.5958], [-80.9813, 47.6], [-80.9875, 47.6], [-80.9875, 47.5958], [-80.9813, 47.5958]]]}, "properties": {"company_id": "mcfarlane-lake-mining", "jurisdiction": "Ontario", "claim_id": "289684", "claim_name": null, "holder": "(100) McFarlane Lake Mining Limited", "status": "Active", "recorded_date": "2018-04-10", "anniversary_or_expiry": "2030-09-23", "area_ha": null, "tenure_type": "Single Cell Mining Claim", "source": "Ontario MLAS operational claims (OGSEarth / LIO MapServer). Unofficial viewing data, not legal title.", "as_of": "2026-09-20", "role": "focus", "color": "#e8b040"}}, {"type": "Feature", "geometry": {"type": "Polygon", "coordinates": [[[-80.9875, 47.5917], [-80.9875, 47.5958], [-80.9938, 47.5958], [-80.9938, 47.5917], [-80.9875, 47.5917]]]}, "properties": {"company_id": "mcfarlane-lake-mining", "jurisdiction": "Ontario", "claim_id": "289685", "claim_name": null, "holder": "(100) McFarlane Lake Mining Limited", "status": "Active", "recorded_date": "2018-04-10", "anniversary_or_expiry": "2030-07-14", "area_ha": null, "tenure_type": "Single Cell Mining Claim", "source": "Ontario MLAS operational claims (OGSEarth / LIO MapServer). Unofficial viewing data, not legal title.", "as_of": "2026-09-20", "role": "focus", "color": "#e8b040"}}, {"type": "Feature", "geometry": {"type": "Polygon", "coordinates": [[[-81.0125, 47.6208], [-81.0125, 47.625], [-81.0188, 47.625], [-81.0188, 47.6208], [-81.0125, 47.6208]]]}, "properties": {"company_id": "mcfarlane-lake-mining", "jurisdiction": "Ontario", "claim_id": "292447", "claim_name": null, "holder": "(100) McFarlane Lake Mining Limited", "status": "Active", "recorded_date": "2018-04-10", "anniversary_or_expiry": "2030-05-25", "area_ha": null, "tenure_type": "Single Cell Mining Claim", "source": "Ontario MLAS operational claims (OGSEarth / LIO MapServer). Unofficial viewing data, not legal title.", "as_of": "2026-09-20", "role": "focus", "color": "#e8b040"}}, {"type": "Feature", "geometry": {"type": "Polygon", "coordinates": [[[-81.0063, 47.625], [-81.0063, 47.6292], [-81.0125, 47.6292], [-81.0125, 47.625], [-81.0063, 47.625]]]}, "properties": {"company_id": "mcfarlane-lake-mining", "jurisdiction": "Ontario", "claim_id": "293070", "claim_name": null, "holder": "(100) McFarlane Lake Mining Limited", "status": "Active", "recorded_date": "2018-04-10", "anniversary_or_expiry": "2030-11-20", "area_ha": null, "tenure_type": "Single Cell Mining Claim", "source": "Ontario MLAS operational claims (OGSEarth / LIO MapServer). Unofficial viewing data, not legal title.", "as_of": "2026-09-20", "role": "focus", "color": "#e8b040"}}, {"type": "Feature", "geometry": {"type": "Polygon", "coordinates": [[[-81.0563, 47.5958], [-81.0563, 47.6], [-81.0625, 47.6], [-81.0625, 47.5958], [-81.0563, 47.5958]]]}, "properties": {"company_id": "mcfarlane-lake-mining", "jurisdiction": "Ontario", "claim_id": "291482", "claim_name": null, "holder": "(100) McFarlane Lake Mining Limited", "status": "Active", "recorded_date": "2018-04-10", "anniversary_or_expiry": "2030-05-30", "area_ha": null, "tenure_type": "Boundary Cell Mining Claim", "source": "Ontario MLAS operational claims (OGSEarth / LIO MapServer). Unofficial viewing data, not legal title.", "as_of": "2026-09-20", "role": "focus", "color": "#e8b040"}}, {"type": "Feature", "geometry": {"type": "Polygon", "coordinates": [[[-81.0, 47.6458], [-81.0, 47.65], [-81.0063, 47.65], [-81.0063, 47.6458], [-81.0, 47.6458]]]}, "properties": {"company_id": "mcfarlane-lake-mining", "jurisdiction": "Ontario", "claim_id": "295090", "claim_name": null, "holder": "(100) McFarlane Lake Mining Limited", "status": "Active", "recorded_date": "2018-04-10", "anniversary_or_expiry": "2030-09-17", "area_ha": null, "tenure_type": "Boundary Cell Mining Claim", "source": "Ontario MLAS operational claims (OGSEarth / LIO MapServer). Unofficial viewing data, not legal title.", "as_of": "2026-09-20", "role": "focus", "color": "#e8b040"}}, {"type": "Feature", "geometry": {"type": "Polygon", "coordinates": [[[-81.025, 47.65], [-81.025, 47.6542], [-81.0313, 47.6542], [-81.0313, 47.65], [-81.025, 47.65]]]}, "properties": {"company_id": "mcfarlane-lake-mining", "jurisdiction": "Ontario", "claim_id": "295148", "claim_name": null, "holder": "(100) McFarlane Lake Mining Limited", "status": "Active", "recorded_date": "2018-04-10", "anniversary_or_expiry": "2030-01-28", "area_ha": null, "tenure_type": "Boundary Cell Mining Claim", "source": "Ontario MLAS operational claims (OGSEarth / LIO MapServer). Unofficial viewing data, not legal title.", "as_of": "2026-09-20", "role": "focus", "color": "#e8b040"}}, {"type": "Feature", "geometry": {"type": "Polygon", "coordinates": [[[-80.9875, 47.5875], [-80.9875, 47.5917], [-80.9938, 47.5917], [-80.9938, 47.5875], [-80.9875, 47.5875]]]}, "properties": {"company_id": "mcfarlane-lake-mining", "jurisdiction": "Ontario", "claim_id": "295282", "claim_name": null, "holder": "(100) McFarlane Lake Mining Limited", "status": "Active", "recorded_date": "2018-04-10", "anniversary_or_expiry": "2030-09-23", "area_ha": null, "tenure_type": "Single Cell Mining Claim", "source": "Ontario MLAS operational claims (OGSEarth / LIO MapServer). Unofficial viewing data, not legal title.", "as_of": "2026-09-20", "role": "focus", "color": "#e8b040"}}, {"type": "Feature", "geometry": {"type": "Polygon", "coordinates": [[[-80.9813, 47.5833], [-80.9813, 47.5875], [-80.9875, 47.5875], [-80.9875, 47.5833], [-80.9813, 47.5833]]]}, "properties": {"company_id": "mcfarlane-lake-mining", "jurisdiction": "Ontario", "claim_id": "295283", "claim_name": null, "holder": "(100) McFarlane Lake Mining Limited", "status": "Active", "recorded_date": "2018-04-10", "anniversary_or_expiry": "2030-09-23", "area_ha": null, "tenure_type": "Boundary Cell Mining Claim", "source": "Ontario MLAS operational claims (OGSEarth / LIO MapServer). Unofficial viewing data, not legal title.", "as_of": "2026-09-20", "role": "focus", "color": "#e8b040"}}, {"type": "Feature", "geometry": {"type": "Polygon", "coordinates": [[[-81.0, 47.5833], [-81.0, 47.5875], [-81.0063, 47.5875], [-81.0063, 47.5833], [-81.0, 47.5833]]]}, "properties": {"company_id": "mcfarlane-lake-mining", "jurisdiction": "Ontario", "claim_id": "295284", "claim_name": null, "holder": "(100) McFarlane Lake Mining Limited", "status": "Active", "recorded_date": "2018-04-10", "anniversary_or_expiry": "2030-09-23", "area_ha": null, "tenure_type": "Single Cell Mining Claim", "source": "Ontario MLAS operational claims (OGSEarth / LIO MapServer). Unofficial viewing data, not legal title.", "as_of": "2026-09-20", "role": "focus", "color": "#e8b040"}}, {"type": "Feature", "geometry": {"type": "Polygon", "coordinates": [[[-81.0063, 47.5667], [-81.0063, 47.5708], [-81.0125, 47.5708], [-81.0125, 47.5667], [-81.0063, 47.5667]]]}, "properties": {"company_id": "mcfarlane-lake-mining", "jurisdiction": "Ontario", "claim_id": "296943", "claim_name": null, "holder": "(100) McFarlane Lake Mining Limited", "status": "Active", "recorded_date": "2018-04-10", "anniversary_or_expiry": "2030-09-27", "area_ha": null, "tenure_type": "Boundary Cell Mining Claim", "source": "Ontario MLAS operational claims (OGSEarth / LIO MapServer). Unofficial viewing data, not legal title.", "as_of": "2026-09-20", "role": "focus", "color": "#e8b040"}}, {"type": "Feature", "geometry": {"type": "Polygon", "coordinates": [[[-80.9938, 47.5625], [-80.9938, 47.5667], [-81.0, 47.5667], [-81.0, 47.5625], [-80.9938, 47.5625]]]}, "properties": {"company_id": "mcfarlane-lake-mining", "jurisdiction": "Ontario", "claim_id": "296944", "claim_name": null, "holder": "(100) McFarlane Lake Mining Limited", "status": "Active", "recorded_date": "2018-04-10", "anniversary_or_expiry": "2030-09-27", "area_ha": null, "tenure_type": "Boundary Cell Mining Claim", "source": "Ontario MLAS operational claims (OGSEarth / LIO MapServer). Unofficial viewing data, not legal title.", "as_of": "2026-09-20", "role": "focus", "color": "#e8b040"}}, {"type": "Feature", "geometry": {"type": "Polygon", "coordinates": [[[-81.025, 47.6292], [-81.025, 47.6333], [-81.0313, 47.6333], [-81.0313, 47.6292], [-81.025, 47.6292]]]}, "properties": {"company_id": "mcfarlane-lake-mining", "jurisdiction": "Ontario", "claim_id": "298248", "claim_name": null, "holder": "(100) McFarlane Lake Mining Limited", "status": "Active", "recorded_date": "2018-04-10", "anniversary_or_expiry": "2030-04-05", "area_ha": null, "tenure_type": "Single Cell Mining Claim", "source": "Ontario MLAS operational claims (OGSEarth / LIO MapServer). Unofficial viewing data, not legal title.", "as_of": "2026-09-20", "role": "focus", "color": "#e8b040"}}, {"type": "Feature", "geometry": {"type": "Polygon", "coordinates": [[[-81.0313, 47.6042], [-81.0313, 47.6083], [-81.0375, 47.6083], [-81.0375, 47.6042], [-81.0313, 47.6042]]]}, "properties": {"company_id": "mcfarlane-lake-mining", "jurisdiction": "Ontario", "claim_id": "300046", "claim_name": null, "holder": "(100) McFarlane Lake Mining Limited", "status": "Active", "recorded_date": "2018-04-10", "anniversary_or_expiry": "2030-05-25", "area_ha": null, "tenure_type": "Single Cell Mining Claim", "source": "Ontario MLAS operational claims (OGSEarth / LIO MapServer). Unofficial viewing data, not legal title.", "as_of": "2026-09-20", "role": "focus", "color": "#e8b040"}}, {"type": "Feature", "geometry": {"type": "Polygon", "coordinates": [[[-81.7813, 46.1375], [-81.7813, 46.1417], [-81.7875, 46.1417], [-81.7875, 46.1375], [-81.7813, 46.1375]]]}, "properties": {"company_id": "mcfarlane-lake-mining", "jurisdiction": "Ontario", "claim_id": "301403", "claim_name": null, "holder": "(100) McFarlane Lake Mining Limited", "status": "Active", "recorded_date": "2018-04-10", "anniversary_or_expiry": "2027-09-02", "area_ha": null, "tenure_type": "Single Cell Mining Claim", "source": "Ontario MLAS operational claims (OGSEarth / LIO MapServer). Unofficial viewing data, not legal title.", "as_of": "2026-09-20", "role": "focus", "color": "#e8b040"}}, {"type": "Feature", "geometry": {"type": "Polygon", "coordinates": [[[-80.9875, 47.6458], [-80.9875, 47.65], [-80.9938, 47.65], [-80.9938, 47.6458], [-80.9875, 47.6458]]]}, "properties": {"company_id": "mcfarlane-lake-mining", "jurisdiction": "Ontario", "claim_id": "302647", "claim_name": null, "holder": "(100) McFarlane Lake Mining Limited", "status": "Active", "recorded_date": "2018-04-10", "anniversary_or_expiry": "2030-10-11", "area_ha": null, "tenure_type": "Single Cell Mining Claim", "source": "Ontario MLAS operational claims (OGSEarth / LIO MapServer). Unofficial viewing data, not legal title.", "as_of": "2026-09-20", "role": "focus", "color": "#e8b040"}}, {"type": "Feature", "geometry": {"type": "Polygon", "coordinates": [[[-81.05, 47.6333], [-81.05, 47.6375], [-81.0563, 47.6375], [-81.0563, 47.6333], [-81.05, 47.6333]]]}, "properties": {"company_id": "mcfarlane-lake-mining", "jurisdiction": "Ontario", "claim_id": "303364", "claim_name": null, "holder": "(100) McFarlane Lake Mining Limited", "status": "Active", "recorded_date": "2018-04-10", "anniversary_or_expiry": "2030-04-09", "area_ha": null, "tenure_type": "Single Cell Mining Claim", "source": "Ontario MLAS operational claims (OGSEarth / LIO MapServer). Unofficial viewing data, not legal title.", "as_of": "2026-09-20", "role": "focus", "color": "#e8b040"}}, {"type": "Feature", "geometry": {"type": "Polygon", "coordinates": [[[-81.0375, 47.6125], [-81.0375, 47.6167], [-81.0438, 47.6167], [-81.0438, 47.6125], [-81.0375, 47.6125]]]}, "properties": {"company_id": "mcfarlane-lake-mining", "jurisdiction": "Ontario", "claim_id": "303366", "claim_name": null, "holder": "(100) McFarlane Lake Mining Limited", "status": "Active", "recorded_date": "2018-04-10", "anniversary_or_expiry": "2030-04-04", "area_ha": null, "tenure_type": "Single Cell Mining Claim", "source": "Ontario MLAS operational claims (OGSEarth / LIO MapServer). Unofficial viewing data, not legal title.", "as_of": "2026-09-20", "role": "focus", "color": "#e8b040"}}, {"type": "Feature", "geometry": {"type": "Polygon", "coordinates": [[[-81.05, 47.6125], [-81.05, 47.6167], [-81.0563, 47.6167], [-81.0563, 47.6125], [-81.05, 47.6125]]]}, "properties": {"company_id": "mcfarlane-lake-mining", "jurisdiction": "Ontario", "claim_id": "303963", "claim_name": null, "holder": "(100) McFarlane Lake Mining Limited", "status": "Active", "recorded_date": "2018-04-10", "anniversary_or_expiry": "2030-04-04", "area_ha": null, "tenure_type": "Single Cell Mining Claim", "source": "Ontario MLAS operational claims (OGSEarth / LIO MapServer). Unofficial viewing data, not legal title.", "as_of": "2026-09-20", "role": "focus", "color": "#e8b040"}}, {"type": "Feature", "geometry": {"type": "Polygon", "coordinates": [[[-81.0438, 47.6167], [-81.0438, 47.6208], [-81.05, 47.6208], [-81.05, 47.6167], [-81.0438, 47.6167]]]}, "properties": {"company_id": "mcfarlane-lake-mining", "jurisdiction": "Ontario", "claim_id": "303964", "claim_name": null, "holder": "(100) McFarlane Lake Mining Limited", "status": "Active", "recorded_date": "2018-04-10", "anniversary_or_expiry": "2030-06-07", "area_ha": null, "tenure_type": "Single Cell Mining Claim", "source": "Ontario MLAS operational claims (OGSEarth / LIO MapServer). Unofficial viewing data, not legal title.", "as_of": "2026-09-20", "role": "focus", "color": "#e8b040"}}, {"type": "Feature", "geometry": {"type": "Polygon", "coordinates": [[[-80.9625, 47.6042], [-80.9625, 47.6083], [-80.9688, 47.6083], [-80.9688, 47.6042], [-80.9625, 47.6042]]]}, "properties": {"company_id": "mcfarlane-lake-mining", "jurisdiction": "Ontario", "claim_id": "304130", "claim_name": null, "holder": "(100) McFarlane Lake Mining Limited", "status": "Active", "recorded_date": "2018-04-10", "anniversary_or_expiry": "2030-10-10", "area_ha": null, "tenure_type": "Boundary Cell Mining Claim", "source": "Ontario MLAS operational claims (OGSEarth / LIO MapServer). Unofficial viewing data, not legal title.", "as_of": "2026-09-20", "role": "focus", "color": "#e8b040"}}, {"type": "Feature", "geometry": {"type": "Polygon", "coordinates": [[[-81.0063, 47.6875], [-81.0063, 47.6917], [-81.0125, 47.6917], [-81.0125, 47.6875], [-81.0063, 47.6875]]]}, "properties": {"company_id": "mcfarlane-lake-mining", "jurisdiction": "Ontario", "claim_id": "305969", "claim_name": null, "holder": "(75) ORECAP INVEST CORP., (25) McFarlane Lake Mining Limited", "status": "Active", "recorded_date": "2018-04-10", "anniversary_or_expiry": "2030-09-23", "area_ha": null, "tenure_type": "Single Cell Mining Claim", "source": "Ontario MLAS operational claims (OGSEarth / LIO MapServer). Unofficial viewing data, not legal title.", "as_of": "2026-09-20", "role": "focus", "color": "#e8b040"}}, {"type": "Feature", "geometry": {"type": "Polygon", "coordinates": [[[-81.0125, 47.6875], [-81.0125, 47.6917], [-81.0188, 47.6917], [-81.0188, 47.6875], [-81.0125, 47.6875]]]}, "properties": {"company_id": "mcfarlane-lake-mining", "jurisdiction": "Ontario", "claim_id": "305970", "claim_name": null, "holder": "(75) ORECAP INVEST CORP., (25) McFarlane Lake Mining Limited", "status": "Active", "recorded_date": "2018-04-10", "anniversary_or_expiry": "2030-09-23", "area_ha": null, "tenure_type": "Single Cell Mining Claim", "source": "Ontario MLAS operational claims (OGSEarth / LIO MapServer). Unofficial viewing data, not legal title.", "as_of": "2026-09-20", "role": "focus", "color": "#e8b040"}}, {"type": "Feature", "geometry": {"type": "Polygon", "coordinates": [[[-81.7813, 46.1333], [-81.7813, 46.1375], [-81.7875, 46.1375], [-81.7875, 46.1333], [-81.7813, 46.1333]]]}, "properties": {"company_id": "mcfarlane-lake-mining", "jurisdiction": "Ontario", "claim_id": "306223", "claim_name": null, "holder": "(100) McFarlane Lake Mining Limited", "status": "Active", "recorded_date": "2018-04-10", "anniversary_or_expiry": "2027-09-02", "area_ha": null, "tenure_type": "Single Cell Mining Claim", "source": "Ontario MLAS operational claims (OGSEarth / LIO MapServer). Unofficial viewing data, not legal title.", "as_of": "2026-09-20", "role": "focus", "color": "#e8b040"}}, {"type": "Feature", "geometry": {"type": "Polygon", "coordinates": [[[-81.0563, 47.6083], [-81.0563, 47.6125], [-81.0625, 47.6125], [-81.0625, 47.6083], [-81.0563, 47.6083]]]}, "properties": {"company_id": "mcfarlane-lake-mining", "jurisdiction": "Ontario", "claim_id": "305322", "claim_name": null, "holder": "(100) McFarlane Lake Mining Limited", "status": "Active", "recorded_date": "2018-04-10", "anniversary_or_expiry": "2030-04-04", "area_ha": null, "tenure_type": "Single Cell Mining Claim", "source": "Ontario MLAS operational claims (OGSEarth / LIO MapServer). Unofficial viewing data, not legal title.", "as_of": "2026-09-20", "role": "focus", "color": "#e8b040"}}, {"type": "Feature", "geometry": {"type": "Polygon", "coordinates": [[[-80.9938, 47.5833], [-80.9938, 47.5875], [-81.0, 47.5875], [-81.0, 47.5833], [-80.9938, 47.5833]]]}, "properties": {"company_id": "mcfarlane-lake-mining", "jurisdiction": "Ontario", "claim_id": "307384", "claim_name": null, "holder": "(100) McFarlane Lake Mining Limited", "status": "Active", "recorded_date": "2018-04-10", "anniversary_or_expiry": "2030-09-23", "area_ha": null, "tenure_type": "Single Cell Mining Claim", "source": "Ontario MLAS operational claims (OGSEarth / LIO MapServer). Unofficial viewing data, not legal title.", "as_of": "2026-09-20", "role": "focus", "color": "#e8b040"}}, {"type": "Feature", "geometry": {"type": "Polygon", "coordinates": [[[-80.9313, 47.6], [-80.9313, 47.6042], [-80.9375, 47.6042], [-80.9375, 47.6], [-80.9313, 47.6]]]}, "properties": {"company_id": "mcfarlane-lake-mining", "jurisdiction": "Ontario", "claim_id": "309605", "claim_name": null, "holder": "(100) McFarlane Lake Mining Limited", "status": "Active", "recorded_date": "2018-04-10", "anniversary_or_expiry": "2030-09-23", "area_ha": null, "tenure_type": "Single Cell Mining Claim", "source": "Ontario MLAS operational claims (OGSEarth / LIO MapServer). Unofficial viewing data, not legal title.", "as_of": "2026-09-20", "role": "focus", "color": "#e8b040"}}, {"type": "Feature", "geometry": {"type": "Polygon", "coordinates": [[[-81.0375, 47.5958], [-81.0375, 47.6], [-81.0438, 47.6], [-81.0438, 47.5958], [-81.0375, 47.5958]]]}, "properties": {"company_id": "mcfarlane-lake-mining", "jurisdiction": "Ontario", "claim_id": "310885", "claim_name": null, "holder": "(100) McFarlane Lake Mining Limited", "status": "Active", "recorded_date": "2018-04-10", "anniversary_or_expiry": "2030-05-30", "area_ha": null, "tenure_type": "Boundary Cell Mining Claim", "source": "Ontario MLAS operational claims (OGSEarth / LIO MapServer). Unofficial viewing data, not legal title.", "as_of": "2026-09-20", "role": "focus", "color": "#e8b040"}}, {"type": "Feature", "geometry": {"type": "Polygon", "coordinates": [[[-80.9188, 47.5875], [-80.9188, 47.5917], [-80.925, 47.5917], [-80.925, 47.5875], [-80.9188, 47.5875]]]}, "properties": {"company_id": "mcfarlane-lake-mining", "jurisdiction": "Ontario", "claim_id": "316330", "claim_name": null, "holder": "(100) McFarlane Lake Mining Limited", "status": "Active", "recorded_date": "2018-04-10", "anniversary_or_expiry": "2030-09-23", "area_ha": null, "tenure_type": "Boundary Cell Mining Claim", "source": "Ontario MLAS operational claims (OGSEarth / LIO MapServer). Unofficial viewing data, not legal title.", "as_of": "2026-09-20", "role": "focus", "color": "#e8b040"}}, {"type": "Feature", "geometry": {"type": "Polygon", "coordinates": [[[-81.05, 47.6], [-81.05, 47.6042], [-81.0563, 47.6042], [-81.0563, 47.6], [-81.05, 47.6]]]}, "properties": {"company_id": "mcfarlane-lake-mining", "jurisdiction": "Ontario", "claim_id": "316024", "claim_name": null, "holder": "(100) McFarlane Lake Mining Limited", "status": "Active", "recorded_date": "2018-04-10", "anniversary_or_expiry": "2030-05-30", "area_ha": null, "tenure_type": "Single Cell Mining Claim", "source": "Ontario MLAS operational claims (OGSEarth / LIO MapServer). Unofficial viewing data, not legal title.", "as_of": "2026-09-20", "role": "focus", "color": "#e8b040"}}, {"type": "Feature", "geometry": {"type": "Polygon", "coordinates": [[[-81.0313, 47.5875], [-81.0313, 47.5917], [-81.0375, 47.5917], [-81.0375, 47.5875], [-81.0313, 47.5875]]]}, "properties": {"company_id": "mcfarlane-lake-mining", "jurisdiction": "Ontario", "claim_id": "317435", "claim_name": null, "holder": "(100) McFarlane Lake Mining Limited", "status": "Active", "recorded_date": "2018-04-10", "anniversary_or_expiry": "2030-06-10", "area_ha": null, "tenure_type": "Single Cell Mining Claim", "source": "Ontario MLAS operational claims (OGSEarth / LIO MapServer). Unofficial viewing data, not legal title.", "as_of": "2026-09-20", "role": "focus", "color": "#e8b040"}}, {"type": "Feature", "geometry": {"type": "Polygon", "coordinates": [[[-81.0438, 47.65], [-81.0438, 47.6542], [-81.05, 47.6542], [-81.05, 47.65], [-81.0438, 47.65]]]}, "properties": {"company_id": "mcfarlane-lake-mining", "jurisdiction": "Ontario", "claim_id": "320630", "claim_name": null, "holder": "(100) McFarlane Lake Mining Limited", "status": "Active", "recorded_date": "2018-04-10", "anniversary_or_expiry": "2030-01-28", "area_ha": null, "tenure_type": "Boundary Cell Mining Claim", "source": "Ontario MLAS operational claims (OGSEarth / LIO MapServer). Unofficial viewing data, not legal title.", "as_of": "2026-09-20", "role": "focus", "color": "#e8b040"}}, {"type": "Feature", "geometry": {"type": "Polygon", "coordinates": [[[-81.05, 47.5958], [-81.05, 47.6], [-81.0563, 47.6], [-81.0563, 47.5958], [-81.05, 47.5958]]]}, "properties": {"company_id": "mcfarlane-lake-mining", "jurisdiction": "Ontario", "claim_id": "323357", "claim_name": null, "holder": "(100) McFarlane Lake Mining Limited", "status": "Active", "recorded_date": "2018-04-10", "anniversary_or_expiry": "2030-05-30", "area_ha": null, "tenure_type": "Boundary Cell Mining Claim", "source": "Ontario MLAS operational claims (OGSEarth / LIO MapServer). Unofficial viewing data, not legal title.", "as_of": "2026-09-20", "role": "focus", "color": "#e8b040"}}, {"type": "Feature", "geometry": {"type": "Polygon", "coordinates": [[[-81.0188, 47.6208], [-81.0188, 47.625], [-81.025, 47.625], [-81.025, 47.6208], [-81.0188, 47.6208]]]}, "properties": {"company_id": "mcfarlane-lake-mining", "jurisdiction": "Ontario", "claim_id": "321692", "claim_name": null, "holder": "(100) McFarlane Lake Mining Limited", "status": "Active", "recorded_date": "2018-04-10", "anniversary_or_expiry": "2030-05-25", "area_ha": null, "tenure_type": "Single Cell Mining Claim", "source": "Ontario MLAS operational claims (OGSEarth / LIO MapServer). Unofficial viewing data, not legal title.", "as_of": "2026-09-20", "role": "focus", "color": "#e8b040"}}, {"type": "Feature", "geometry": {"type": "Polygon", "coordinates": [[[-80.9938, 47.5958], [-80.9938, 47.6], [-81.0, 47.6], [-81.0, 47.5958], [-80.9938, 47.5958]]]}, "properties": {"company_id": "mcfarlane-lake-mining", "jurisdiction": "Ontario", "claim_id": "322854", "claim_name": null, "holder": "(100) McFarlane Lake Mining Limited", "status": "Active", "recorded_date": "2018-04-10", "anniversary_or_expiry": "2030-07-14", "area_ha": null, "tenure_type": "Single Cell Mining Claim", "source": "Ontario MLAS operational claims (OGSEarth / LIO MapServer). Unofficial viewing data, not legal title.", "as_of": "2026-09-20", "role": "focus", "color": "#e8b040"}}, {"type": "Feature", "geometry": {"type": "Polygon", "coordinates": [[[-81.0688, 47.6], [-81.0688, 47.6042], [-81.075, 47.6042], [-81.075, 47.6], [-81.0688, 47.6]]]}, "properties": {"company_id": "mcfarlane-lake-mining", "jurisdiction": "Ontario", "claim_id": "322892", "claim_name": null, "holder": "(100) McFarlane Lake Mining Limited", "status": "Active", "recorded_date": "2018-04-10", "anniversary_or_expiry": "2030-04-04", "area_ha": null, "tenure_type": "Boundary Cell Mining Claim", "source": "Ontario MLAS operational claims (OGSEarth / LIO MapServer). Unofficial viewing data, not legal title.", "as_of": "2026-09-20", "role": "focus", "color": "#e8b040"}}, {"type": "Feature", "geometry": {"type": "Polygon", "coordinates": [[[-81.0, 47.625], [-81.0, 47.6292], [-81.0063, 47.6292], [-81.0063, 47.625], [-81.0, 47.625]]]}, "properties": {"company_id": "mcfarlane-lake-mining", "jurisdiction": "Ontario", "claim_id": "321212", "claim_name": null, "holder": "(100) McFarlane Lake Mining Limited", "status": "Active", "recorded_date": "2018-04-10", "anniversary_or_expiry": "2030-05-11", "area_ha": null, "tenure_type": "Single Cell Mining Claim", "source": "Ontario MLAS operational claims (OGSEarth / LIO MapServer). Unofficial viewing data, not legal title.", "as_of": "2026-09-20", "role": "focus", "color": "#e8b040"}}, {"type": "Feature", "geometry": {"type": "Polygon", "coordinates": [[[-80.95, 47.6042], [-80.95, 47.6083], [-80.9563, 47.6083], [-80.9563, 47.6042], [-80.95, 47.6042]]]}, "properties": {"company_id": "mcfarlane-lake-mining", "jurisdiction": "Ontario", "claim_id": "324963", "claim_name": null, "holder": "(100) McFarlane Lake Mining Limited", "status": "Active", "recorded_date": "2018-04-10", "anniversary_or_expiry": "2030-09-23", "area_ha": null, "tenure_type": "Boundary Cell Mining Claim", "source": "Ontario MLAS operational claims (OGSEarth / LIO MapServer). Unofficial viewing data, not legal title.", "as_of": "2026-09-20", "role": "focus", "color": "#e8b040"}}, {"type": "Feature", "geometry": {"type": "Polygon", "coordinates": [[[-80.9813, 47.5875], [-80.9813, 47.5917], [-80.9875, 47.5917], [-80.9875, 47.5875], [-80.9813, 47.5875]]]}, "properties": {"company_id": "mcfarlane-lake-mining", "jurisdiction": "Ontario", "claim_id": "324561", "claim_name": null, "holder": "(100) McFarlane Lake Mining Limited", "status": "Active", "recorded_date": "2018-04-10", "anniversary_or_expiry": "2030-09-23", "area_ha": null, "tenure_type": "Boundary Cell Mining Claim", "source": "Ontario MLAS operational claims (OGSEarth / LIO MapServer). Unofficial viewing data, not legal title.", "as_of": "2026-09-20", "role": "focus", "color": "#e8b040"}}, {"type": "Feature", "geometry": {"type": "Polygon", "coordinates": [[[-80.9625, 47.5875], [-80.9625, 47.5917], [-80.9688, 47.5917], [-80.9688, 47.5875], [-80.9625, 47.5875]]]}, "properties": {"company_id": "mcfarlane-lake-mining", "jurisdiction": "Ontario", "claim_id": "325492", "claim_name": null, "holder": "(100) McFarlane Lake Mining Limited", "status": "Active", "recorded_date": "2018-04-10", "anniversary_or_expiry": "2030-09-23", "area_ha": null, "tenure_type": "Boundary Cell Mining Claim", "source": "Ontario MLAS operational claims (OGSEarth / LIO MapServer). Unofficial viewing data, not legal title.", "as_of": "2026-09-20", "role": "focus", "color": "#e8b040"}}, {"type": "Feature", "geometry": {"type": "Polygon", "coordinates": [[[-81.0063, 47.5792], [-81.0063, 47.5833], [-81.0125, 47.5833], [-81.0125, 47.5792], [-81.0063, 47.5792]]]}, "properties": {"company_id": "mcfarlane-lake-mining", "jurisdiction": "Ontario", "claim_id": "326226", "claim_name": null, "holder": "(100) McFarlane Lake Mining Limited", "status": "Active", "recorded_date": "2018-04-10", "anniversary_or_expiry": "2030-09-27", "area_ha": null, "tenure_type": "Single Cell Mining Claim", "source": "Ontario MLAS operational claims (OGSEarth / LIO MapServer). Unofficial viewing data, not legal title.", "as_of": "2026-09-20", "role": "focus", "color": "#e8b040"}}, {"type": "Feature", "geometry": {"type": "Polygon", "coordinates": [[[-81.0625, 47.625], [-81.0625, 47.6292], [-81.0688, 47.6292], [-81.0688, 47.625], [-81.0625, 47.625]]]}, "properties": {"company_id": "mcfarlane-lake-mining", "jurisdiction": "Ontario", "claim_id": "327526", "claim_name": null, "holder": "(100) McFarlane Lake Mining Limited", "status": "Active", "recorded_date": "2018-04-10", "anniversary_or_expiry": "2030-04-03", "area_ha": null, "tenure_type": "Boundary Cell Mining Claim", "source": "Ontario MLAS operational claims (OGSEarth / LIO MapServer). Unofficial viewing data, not legal title.", "as_of": "2026-09-20", "role": "focus", "color": "#e8b040"}}, {"type": "Feature", "geometry": {"type": "Polygon", "coordinates": [[[-81.0625, 47.6208], [-81.0625, 47.625], [-81.0688, 47.625], [-81.0688, 47.6208], [-81.0625, 47.6208]]]}, "properties": {"company_id": "mcfarlane-lake-mining", "jurisdiction": "Ontario", "claim_id": "327527", "claim_name": null, "holder": "(100) McFarlane Lake Mining Limited", "status": "Active", "recorded_date": "2018-04-10", "anniversary_or_expiry": "2030-04-03", "area_ha": null, "tenure_type": "Boundary Cell Mining Claim", "source": "Ontario MLAS operational claims (OGSEarth / LIO MapServer). Unofficial viewing data, not legal title.", "as_of": "2026-09-20", "role": "focus", "color": "#e8b040"}}, {"type": "Feature", "geometry": {"type": "Polygon", "coordinates": [[[-81.0188, 47.625], [-81.0188, 47.6292], [-81.025, 47.6292], [-81.025, 47.625], [-81.0188, 47.625]]]}, "properties": {"company_id": "mcfarlane-lake-mining", "jurisdiction": "Ontario", "claim_id": "327550", "claim_name": null, "holder": "(100) McFarlane Lake Mining Limited", "status": "Active", "recorded_date": "2018-04-10", "anniversary_or_expiry": "2030-05-25", "area_ha": null, "tenure_type": "Single Cell Mining Claim", "source": "Ontario MLAS operational claims (OGSEarth / LIO MapServer). Unofficial viewing data, not legal title.", "as_of": "2026-09-20", "role": "focus", "color": "#e8b040"}}, {"type": "Feature", "geometry": {"type": "Polygon", "coordinates": [[[-81.0125, 47.6167], [-81.0125, 47.6208], [-81.0188, 47.6208], [-81.0188, 47.6167], [-81.0125, 47.6167]]]}, "properties": {"company_id": "mcfarlane-lake-mining", "jurisdiction": "Ontario", "claim_id": "327553", "claim_name": null, "holder": "(100) McFarlane Lake Mining Limited", "status": "Active", "recorded_date": "2018-04-10", "anniversary_or_expiry": "2030-05-25", "area_ha": null, "tenure_type": "Single Cell Mining Claim", "source": "Ontario MLAS operational claims (OGSEarth / LIO MapServer). Unofficial viewing data, not legal title.", "as_of": "2026-09-20", "role": "focus", "color": "#e8b040"}}, {"type": "Feature", "geometry": {"type": "Polygon", "coordinates": [[[-80.9938, 47.625], [-80.9938, 47.6292], [-81.0, 47.6292], [-81.0, 47.625], [-80.9938, 47.625]]]}, "properties": {"company_id": "mcfarlane-lake-mining", "jurisdiction": "Ontario", "claim_id": "329525", "claim_name": null, "holder": "(100) McFarlane Lake Mining Limited", "status": "Active", "recorded_date": "2018-04-10", "anniversary_or_expiry": "2030-05-11", "area_ha": null, "tenure_type": "Boundary Cell Mining Claim", "source": "Ontario MLAS operational claims (OGSEarth / LIO MapServer). Unofficial viewing data, not legal title.", "as_of": "2026-09-20", "role": "focus", "color": "#e8b040"}}, {"type": "Feature", "geometry": {"type": "Polygon", "coordinates": [[[-81.0188, 47.6833], [-81.0188, 47.6875], [-81.025, 47.6875], [-81.025, 47.6833], [-81.0188, 47.6833]]]}, "properties": {"company_id": "mcfarlane-lake-mining", "jurisdiction": "Ontario", "claim_id": "330146", "claim_name": null, "holder": "(75) ORECAP INVEST CORP., (25) McFarlane Lake Mining Limited", "status": "Active", "recorded_date": "2018-04-10", "anniversary_or_expiry": "2030-09-23", "area_ha": null, "tenure_type": "Single Cell Mining Claim", "source": "Ontario MLAS operational claims (OGSEarth / LIO MapServer). Unofficial viewing data, not legal title.", "as_of": "2026-09-20", "role": "focus", "color": "#e8b040"}}, {"type": "Feature", "geometry": {"type": "Polygon", "coordinates": [[[-80.9938, 47.6417], [-80.9938, 47.6458], [-81.0, 47.6458], [-81.0, 47.6417], [-80.9938, 47.6417]]]}, "properties": {"company_id": "mcfarlane-lake-mining", "jurisdiction": "Ontario", "claim_id": "330161", "claim_name": null, "holder": "(100) McFarlane Lake Mining Limited", "status": "Active", "recorded_date": "2018-04-10", "anniversary_or_expiry": "2030-10-16", "area_ha": null, "tenure_type": "Single Cell Mining Claim", "source": "Ontario MLAS operational claims (OGSEarth / LIO MapServer). Unofficial viewing data, not legal title.", "as_of": "2026-09-20", "role": "focus", "color": "#e8b040"}}, {"type": "Feature", "geometry": {"type": "Polygon", "coordinates": [[[-80.975, 47.5917], [-80.975, 47.5958], [-80.9813, 47.5958], [-80.9813, 47.5917], [-80.975, 47.5917]]]}, "properties": {"company_id": "mcfarlane-lake-mining", "jurisdiction": "Ontario", "claim_id": "330248", "claim_name": null, "holder": "(100) McFarlane Lake Mining Limited", "status": "Active", "recorded_date": "2018-04-10", "anniversary_or_expiry": "2030-09-23", "area_ha": null, "tenure_type": "Single Cell Mining Claim", "source": "Ontario MLAS operational claims (OGSEarth / LIO MapServer). Unofficial viewing data, not legal title.", "as_of": "2026-09-20", "role": "focus", "color": "#e8b040"}}, {"type": "Feature", "geometry": {"type": "Polygon", "coordinates": [[[-81.0313, 47.5792], [-81.0313, 47.5833], [-81.0375, 47.5833], [-81.0375, 47.5792], [-81.0313, 47.5792]]]}, "properties": {"company_id": "mcfarlane-lake-mining", "jurisdiction": "Ontario", "claim_id": "329350", "claim_name": null, "holder": "(100) McFarlane Lake Mining Limited", "status": "Active", "recorded_date": "2018-04-10", "anniversary_or_expiry": "2030-09-27", "area_ha": null, "tenure_type": "Single Cell Mining Claim", "source": "Ontario MLAS operational claims (OGSEarth / LIO MapServer). Unofficial viewing data, not legal title.", "as_of": "2026-09-20", "role": "focus", "color": "#e8b040"}}, {"type": "Feature", "geometry": {"type": "Polygon", "coordinates": [[[-80.9938, 47.6333], [-80.9938, 47.6375], [-81.0, 47.6375], [-81.0, 47.6333], [-80.9938, 47.6333]]]}, "properties": {"company_id": "mcfarlane-lake-mining", "jurisdiction": "Ontario", "claim_id": "328242", "claim_name": null, "holder": "(100) McFarlane Lake Mining Limited", "status": "Active", "recorded_date": "2018-04-10", "anniversary_or_expiry": "2030-09-17", "area_ha": null, "tenure_type": "Boundary Cell Mining Claim", "source": "Ontario MLAS operational claims (OGSEarth / LIO MapServer). Unofficial viewing data, not legal title.", "as_of": "2026-09-20", "role": "focus", "color": "#e8b040"}}, {"type": "Feature", "geometry": {"type": "Polygon", "coordinates": [[[-80.9938, 47.6292], [-80.9938, 47.6333], [-81.0, 47.6333], [-81.0, 47.6292], [-80.9938, 47.6292]]]}, "properties": {"company_id": "mcfarlane-lake-mining", "jurisdiction": "Ontario", "claim_id": "328243", "claim_name": null, "holder": "(100) McFarlane Lake Mining Limited", "status": "Active", "recorded_date": "2018-04-10", "anniversary_or_expiry": "2030-09-18", "area_ha": null, "tenure_type": "Boundary Cell Mining Claim", "source": "Ontario MLAS operational claims (OGSEarth / LIO MapServer). Unofficial viewing data, not legal title.", "as_of": "2026-09-20", "role": "focus", "color": "#e8b040"}}, {"type": "Feature", "geometry": {"type": "Polygon", "coordinates": [[[-81.0688, 47.6375], [-81.0688, 47.6417], [-81.075, 47.6417], [-81.075, 47.6375], [-81.0688, 47.6375]]]}, "properties": {"company_id": "mcfarlane-lake-mining", "jurisdiction": "Ontario", "claim_id": "330796", "claim_name": null, "holder": "(100) McFarlane Lake Mining Limited", "status": "Active", "recorded_date": "2018-04-10", "anniversary_or_expiry": "2030-01-08", "area_ha": null, "tenure_type": "Boundary Cell Mining Claim", "source": "Ontario MLAS operational claims (OGSEarth / LIO MapServer). Unofficial viewing data, not legal title.", "as_of": "2026-09-20", "role": "focus", "color": "#e8b040"}}, {"type": "Feature", "geometry": {"type": "Polygon", "coordinates": [[[-81.0688, 47.6333], [-81.0688, 47.6375], [-81.075, 47.6375], [-81.075, 47.6333], [-81.0688, 47.6333]]]}, "properties": {"company_id": "mcfarlane-lake-mining", "jurisdiction": "Ontario", "claim_id": "330797", "claim_name": null, "holder": "(100) McFarlane Lake Mining Limited", "status": "Active", "recorded_date": "2018-04-10", "anniversary_or_expiry": "2030-01-08", "area_ha": null, "tenure_type": "Boundary Cell Mining Claim", "source": "Ontario MLAS operational claims (OGSEarth / LIO MapServer). Unofficial viewing data, not legal title.", "as_of": "2026-09-20", "role": "focus", "color": "#e8b040"}}, {"type": "Feature", "geometry": {"type": "Polygon", "coordinates": [[[-80.9813, 47.6292], [-80.9813, 47.6333], [-80.9875, 47.6333], [-80.9875, 47.6292], [-80.9813, 47.6292]]]}, "properties": {"company_id": "mcfarlane-lake-mining", "jurisdiction": "Ontario", "claim_id": "330887", "claim_name": null, "holder": "(100) McFarlane Lake Mining Limited", "status": "Active", "recorded_date": "2018-04-10", "anniversary_or_expiry": "2030-10-10", "area_ha": null, "tenure_type": "Boundary Cell Mining Claim", "source": "Ontario MLAS operational claims (OGSEarth / LIO MapServer). Unofficial viewing data, not legal title.", "as_of": "2026-09-20", "role": "focus", "color": "#e8b040"}}, {"type": "Feature", "geometry": {"type": "Polygon", "coordinates": [[[-80.9625, 47.6167], [-80.9625, 47.6208], [-80.9688, 47.6208], [-80.9688, 47.6167], [-80.9625, 47.6167]]]}, "properties": {"company_id": "mcfarlane-lake-mining", "jurisdiction": "Ontario", "claim_id": "330421", "claim_name": null, "holder": "(100) McFarlane Lake Mining Limited", "status": "Active", "recorded_date": "2018-04-10", "anniversary_or_expiry": "2030-09-23", "area_ha": null, "tenure_type": "Boundary Cell Mining Claim", "source": "Ontario MLAS operational claims (OGSEarth / LIO MapServer). Unofficial viewing data, not legal title.", "as_of": "2026-09-20", "role": "focus", "color": "#e8b040"}}, {"type": "Feature", "geometry": {"type": "Polygon", "coordinates": [[[-81.025, 47.5958], [-81.025, 47.6], [-81.0313, 47.6], [-81.0313, 47.5958], [-81.025, 47.5958]]]}, "properties": {"company_id": "mcfarlane-lake-mining", "jurisdiction": "Ontario", "claim_id": "331055", "claim_name": null, "holder": "(100) McFarlane Lake Mining Limited", "status": "Active", "recorded_date": "2018-04-10", "anniversary_or_expiry": "2030-06-10", "area_ha": null, "tenure_type": "Single Cell Mining Claim", "source": "Ontario MLAS operational claims (OGSEarth / LIO MapServer). Unofficial viewing data, not legal title.", "as_of": "2026-09-20", "role": "focus", "color": "#e8b040"}}, {"type": "Feature", "geometry": {"type": "Polygon", "coordinates": [[[-81.0063, 47.6458], [-81.0063, 47.65], [-81.0125, 47.65], [-81.0125, 47.6458], [-81.0063, 47.6458]]]}, "properties": {"company_id": "mcfarlane-lake-mining", "jurisdiction": "Ontario", "claim_id": "334460", "claim_name": null, "holder": "(100) McFarlane Lake Mining Limited", "status": "Active", "recorded_date": "2018-04-10", "anniversary_or_expiry": "2030-11-20", "area_ha": null, "tenure_type": "Boundary Cell Mining Claim", "source": "Ontario MLAS operational claims (OGSEarth / LIO MapServer). Unofficial viewing data, not legal title.", "as_of": "2026-09-20", "role": "focus", "color": "#e8b040"}}, {"type": "Feature", "geometry": {"type": "Polygon", "coordinates": [[[-81.0438, 47.6292], [-81.0438, 47.6333], [-81.05, 47.6333], [-81.05, 47.6292], [-81.0438, 47.6292]]]}, "properties": {"company_id": "mcfarlane-lake-mining", "jurisdiction": "Ontario", "claim_id": "333936", "claim_name": null, "holder": "(100) McFarlane Lake Mining Limited", "status": "Active", "recorded_date": "2018-04-10", "anniversary_or_expiry": "2030-04-03", "area_ha": null, "tenure_type": "Single Cell Mining Claim", "source": "Ontario MLAS operational claims (OGSEarth / LIO MapServer). Unofficial viewing data, not legal title.", "as_of": "2026-09-20", "role": "focus", "color": "#e8b040"}}, {"type": "Feature", "geometry": {"type": "Polygon", "coordinates": [[[-81.0375, 47.5875], [-81.0375, 47.5917], [-81.0438, 47.5917], [-81.0438, 47.5875], [-81.0375, 47.5875]]]}, "properties": {"company_id": "mcfarlane-lake-mining", "jurisdiction": "Ontario", "claim_id": "333397", "claim_name": null, "holder": "(100) McFarlane Lake Mining Limited", "status": "Active", "recorded_date": "2018-04-10", "anniversary_or_expiry": "2030-01-21", "area_ha": null, "tenure_type": "Boundary Cell Mining Claim", "source": "Ontario MLAS operational claims (OGSEarth / LIO MapServer). Unofficial viewing data, not legal title.", "as_of": "2026-09-20", "role": "focus", "color": "#e8b040"}}, {"type": "Feature", "geometry": {"type": "Polygon", "coordinates": [[[-80.9938, 47.65], [-80.9938, 47.6542], [-81.0, 47.6542], [-81.0, 47.65], [-80.9938, 47.65]]]}, "properties": {"company_id": "mcfarlane-lake-mining", "jurisdiction": "Ontario", "claim_id": "336145", "claim_name": null, "holder": "(100) McFarlane Lake Mining Limited", "status": "Active", "recorded_date": "2018-04-10", "anniversary_or_expiry": "2030-10-16", "area_ha": null, "tenure_type": "Boundary Cell Mining Claim", "source": "Ontario MLAS operational claims (OGSEarth / LIO MapServer). Unofficial viewing data, not legal title.", "as_of": "2026-09-20", "role": "focus", "color": "#e8b040"}}, {"type": "Feature", "geometry": {"type": "Polygon", "coordinates": [[[-80.9313, 47.6042], [-80.9313, 47.6083], [-80.9375, 47.6083], [-80.9375, 47.6042], [-80.9313, 47.6042]]]}, "properties": {"company_id": "mcfarlane-lake-mining", "jurisdiction": "Ontario", "claim_id": "337706", "claim_name": null, "holder": "(100) McFarlane Lake Mining Limited", "status": "Active", "recorded_date": "2018-04-10", "anniversary_or_expiry": "2030-09-23", "area_ha": null, "tenure_type": "Boundary Cell Mining Claim", "source": "Ontario MLAS operational claims (OGSEarth / LIO MapServer). Unofficial viewing data, not legal title.", "as_of": "2026-09-20", "role": "focus", "color": "#e8b040"}}, {"type": "Feature", "geometry": {"type": "Polygon", "coordinates": [[[-80.925, 47.6], [-80.925, 47.6042], [-80.9313, 47.6042], [-80.9313, 47.6], [-80.925, 47.6]]]}, "properties": {"company_id": "mcfarlane-lake-mining", "jurisdiction": "Ontario", "claim_id": "337707", "claim_name": null, "holder": "(100) McFarlane Lake Mining Limited", "status": "Active", "recorded_date": "2018-04-10", "anniversary_or_expiry": "2030-09-23", "area_ha": null, "tenure_type": "Single Cell Mining Claim", "source": "Ontario MLAS operational claims (OGSEarth / LIO MapServer). Unofficial viewing data, not legal title.", "as_of": "2026-09-20", "role": "focus", "color": "#e8b040"}}, {"type": "Feature", "geometry": {"type": "Polygon", "coordinates": [[[-80.9625, 47.625], [-80.9625, 47.6292], [-80.9688, 47.6292], [-80.9688, 47.625], [-80.9625, 47.625]]]}, "properties": {"company_id": "mcfarlane-lake-mining", "jurisdiction": "Ontario", "claim_id": "339897", "claim_name": null, "holder": "(100) McFarlane Lake Mining Limited", "status": "Active", "recorded_date": "2018-04-10", "anniversary_or_expiry": "2030-09-23", "area_ha": null, "tenure_type": "Boundary Cell Mining Claim", "source": "Ontario MLAS operational claims (OGSEarth / LIO MapServer). Unofficial viewing data, not legal title.", "as_of": "2026-09-20", "role": "focus", "color": "#e8b040"}}, {"type": "Feature", "geometry": {"type": "Polygon", "coordinates": [[[-80.9813, 47.5917], [-80.9813, 47.5958], [-80.9875, 47.5958], [-80.9875, 47.5917], [-80.9813, 47.5917]]]}, "properties": {"company_id": "mcfarlane-lake-mining", "jurisdiction": "Ontario", "claim_id": "341251", "claim_name": null, "holder": "(100) McFarlane Lake Mining Limited", "status": "Active", "recorded_date": "2018-04-10", "anniversary_or_expiry": "2030-09-23", "area_ha": null, "tenure_type": "Single Cell Mining Claim", "source": "Ontario MLAS operational claims (OGSEarth / LIO MapServer). Unofficial viewing data, not legal title.", "as_of": "2026-09-20", "role": "focus", "color": "#e8b040"}}, {"type": "Feature", "geometry": {"type": "Polygon", "coordinates": [[[-81.0313, 47.6333], [-81.0313, 47.6375], [-81.0375, 47.6375], [-81.0375, 47.6333], [-81.0313, 47.6333]]]}, "properties": {"company_id": "mcfarlane-lake-mining", "jurisdiction": "Ontario", "claim_id": "341331", "claim_name": null, "holder": "(100) McFarlane Lake Mining Limited", "status": "Active", "recorded_date": "2018-04-10", "anniversary_or_expiry": "2030-05-01", "area_ha": null, "tenure_type": "Boundary Cell Mining Claim", "source": "Ontario MLAS operational claims (OGSEarth / LIO MapServer). Unofficial viewing data, not legal title.", "as_of": "2026-09-20", "role": "focus", "color": "#e8b040"}}, {"type": "Feature", "geometry": {"type": "Polygon", "coordinates": [[[-81.0688, 47.6167], [-81.0688, 47.6208], [-81.075, 47.6208], [-81.075, 47.6167], [-81.0688, 47.6167]]]}, "properties": {"company_id": "mcfarlane-lake-mining", "jurisdiction": "Ontario", "claim_id": "342646", "claim_name": null, "holder": "(100) McFarlane Lake Mining Limited", "status": "Active", "recorded_date": "2018-04-10", "anniversary_or_expiry": "2030-04-03", "area_ha": null, "tenure_type": "Boundary Cell Mining Claim", "source": "Ontario MLAS operational claims (OGSEarth / LIO MapServer). Unofficial viewing data, not legal title.", "as_of": "2026-09-20", "role": "focus", "color": "#e8b040"}}, {"type": "Feature", "geometry": {"type": "Polygon", "coordinates": [[[-81.0188, 47.6042], [-81.0188, 47.6083], [-81.025, 47.6083], [-81.025, 47.6042], [-81.0188, 47.6042]]]}, "properties": {"company_id": "mcfarlane-lake-mining", "jurisdiction": "Ontario", "claim_id": "343237", "claim_name": null, "holder": "(100) McFarlane Lake Mining Limited", "status": "Active", "recorded_date": "2018-04-10", "anniversary_or_expiry": "2030-05-25", "area_ha": null, "tenure_type": "Single Cell Mining Claim", "source": "Ontario MLAS operational claims (OGSEarth / LIO MapServer). Unofficial viewing data, not legal title.", "as_of": "2026-09-20", "role": "focus", "color": "#e8b040"}}, {"type": "Feature", "geometry": {"type": "Polygon", "coordinates": [[[-80.9813, 47.6208], [-80.9813, 47.625], [-80.9875, 47.625], [-80.9875, 47.6208], [-80.9813, 47.6208]]]}, "properties": {"company_id": "mcfarlane-lake-mining", "jurisdiction": "Ontario", "claim_id": "342788", "claim_name": null, "holder": "(100) McFarlane Lake Mining Limited", "status": "Active", "recorded_date": "2018-04-10", "anniversary_or_expiry": "2030-02-02", "area_ha": null, "tenure_type": "Single Cell Mining Claim", "source": "Ontario MLAS operational claims (OGSEarth / LIO MapServer). Unofficial viewing data, not legal title.", "as_of": "2026-09-20", "role": "focus", "color": "#e8b040"}}, {"type": "Feature", "geometry": {"type": "Polygon", "coordinates": [[[-81.025, 47.675], [-81.025, 47.6792], [-81.0313, 47.6792], [-81.0313, 47.675], [-81.025, 47.675]]]}, "properties": {"company_id": "mcfarlane-lake-mining", "jurisdiction": "Ontario", "claim_id": "341984", "claim_name": null, "holder": "(75) ORECAP INVEST CORP., (25) McFarlane Lake Mining Limited", "status": "Active", "recorded_date": "2018-04-10", "anniversary_or_expiry": "2030-09-23", "area_ha": null, "tenure_type": "Single Cell Mining Claim", "source": "Ontario MLAS operational claims (OGSEarth / LIO MapServer). Unofficial viewing data, not legal title.", "as_of": "2026-09-20", "role": "focus", "color": "#e8b040"}}, {"type": "Feature", "geometry": {"type": "Polygon", "coordinates": [[[-81.0313, 47.675], [-81.0313, 47.6792], [-81.0375, 47.6792], [-81.0375, 47.675], [-81.0313, 47.675]]]}, "properties": {"company_id": "mcfarlane-lake-mining", "jurisdiction": "Ontario", "claim_id": "341985", "claim_name": null, "holder": "(75) ORECAP INVEST CORP., (25) McFarlane Lake Mining Limited", "status": "Active", "recorded_date": "2018-04-10", "anniversary_or_expiry": "2030-09-23", "area_ha": null, "tenure_type": "Boundary Cell Mining Claim", "source": "Ontario MLAS operational claims (OGSEarth / LIO MapServer). Unofficial viewing data, not legal title.", "as_of": "2026-09-20", "role": "focus", "color": "#e8b040"}}, {"type": "Feature", "geometry": {"type": "Polygon", "coordinates": [[[-81.0188, 47.6708], [-81.0188, 47.675], [-81.025, 47.675], [-81.025, 47.6708], [-81.0188, 47.6708]]]}, "properties": {"company_id": "mcfarlane-lake-mining", "jurisdiction": "Ontario", "claim_id": "341986", "claim_name": null, "holder": "(75) ORECAP INVEST CORP., (25) McFarlane Lake Mining Limited", "status": "Active", "recorded_date": "2018-04-10", "anniversary_or_expiry": "2030-09-23", "area_ha": null, "tenure_type": "Boundary Cell Mining Claim", "source": "Ontario MLAS operational claims (OGSEarth / LIO MapServer). Unofficial viewing data, not legal title.", "as_of": "2026-09-20", "role": "focus", "color": "#e8b040"}}, {"type": "Feature", "geometry": {"type": "Polygon", "coordinates": [[[-80.975, 47.5958], [-80.975, 47.6], [-80.9813, 47.6], [-80.9813, 47.5958], [-80.975, 47.5958]]]}, "properties": {"company_id": "mcfarlane-lake-mining", "jurisdiction": "Ontario", "claim_id": "342611", "claim_name": null, "holder": "(100) McFarlane Lake Mining Limited", "status": "Active", "recorded_date": "2018-04-10", "anniversary_or_expiry": "2030-09-23", "area_ha": null, "tenure_type": "Single Cell Mining Claim", "source": "Ontario MLAS operational claims (OGSEarth / LIO MapServer). Unofficial viewing data, not legal title.", "as_of": "2026-09-20", "role": "focus", "color": "#e8b040"}}, {"type": "Feature", "geometry": {"type": "Polygon", "coordinates": [[[-80.9875, 47.6125], [-80.9875, 47.6167], [-80.9938, 47.6167], [-80.9938, 47.6125], [-80.9875, 47.6125]]]}, "properties": {"company_id": "mcfarlane-lake-mining", "jurisdiction": "Ontario", "claim_id": "344667", "claim_name": null, "holder": "(100) McFarlane Lake Mining Limited", "status": "Active", "recorded_date": "2018-04-10", "anniversary_or_expiry": "2030-09-23", "area_ha": null, "tenure_type": "Single Cell Mining Claim", "source": "Ontario MLAS operational claims (OGSEarth / LIO MapServer). Unofficial viewing data, not legal title.", "as_of": "2026-09-20", "role": "focus", "color": "#e8b040"}}, {"type": "Feature", "geometry": {"type": "Polygon", "coordinates": [[[-81.0063, 47.6792], [-81.0063, 47.6833], [-81.0125, 47.6833], [-81.0125, 47.6792], [-81.0063, 47.6792]]]}, "properties": {"company_id": "mcfarlane-lake-mining", "jurisdiction": "Ontario", "claim_id": "344907", "claim_name": null, "holder": "(75) ORECAP INVEST CORP., (25) McFarlane Lake Mining Limited", "status": "Active", "recorded_date": "2018-04-10", "anniversary_or_expiry": "2030-09-23", "area_ha": null, "tenure_type": "Single Cell Mining Claim", "source": "Ontario MLAS operational claims (OGSEarth / LIO MapServer). Unofficial viewing data, not legal title.", "as_of": "2026-09-20", "role": "focus", "color": "#e8b040"}}, {"type": "Feature", "geometry": {"type": "Polygon", "coordinates": [[[-81.0, 47.675], [-81.0, 47.6792], [-81.0063, 47.6792], [-81.0063, 47.675], [-81.0, 47.675]]]}, "properties": {"company_id": "mcfarlane-lake-mining", "jurisdiction": "Ontario", "claim_id": "344908", "claim_name": null, "holder": "(75) ORECAP INVEST CORP., (25) McFarlane Lake Mining Limited", "status": "Active", "recorded_date": "2018-04-10", "anniversary_or_expiry": "2030-09-23", "area_ha": null, "tenure_type": "Single Cell Mining Claim", "source": "Ontario MLAS operational claims (OGSEarth / LIO MapServer). Unofficial viewing data, not legal title.", "as_of": "2026-09-20", "role": "focus", "color": "#e8b040"}}, {"type": "Feature", "geometry": {"type": "Polygon", "coordinates": [[[-81.7813, 46.1583], [-81.7813, 46.1625], [-81.7875, 46.1625], [-81.7875, 46.1583], [-81.7813, 46.1583]]]}, "properties": {"company_id": "mcfarlane-lake-mining", "jurisdiction": "Ontario", "claim_id": "600587", "claim_name": null, "holder": "(100) McFarlane Lake Mining Limited", "status": "Active", "recorded_date": "2020-07-23", "anniversary_or_expiry": "2027-07-23", "area_ha": null, "tenure_type": "Single Cell Mining Claim", "source": "Ontario MLAS operational claims (OGSEarth / LIO MapServer). Unofficial viewing data, not legal title.", "as_of": "2026-09-20", "role": "focus", "color": "#e8b040"}}, {"type": "Feature", "geometry": {"type": "Polygon", "coordinates": [[[-81.7813, 46.1625], [-81.7813, 46.1667], [-81.7875, 46.1667], [-81.7875, 46.1625], [-81.7813, 46.1625]]]}, "properties": {"company_id": "mcfarlane-lake-mining", "jurisdiction": "Ontario", "claim_id": "600588", "claim_name": null, "holder": "(100) McFarlane Lake Mining Limited", "status": "Active", "recorded_date": "2020-07-23", "anniversary_or_expiry": "2027-07-23", "area_ha": null, "tenure_type": "Single Cell Mining Claim", "source": "Ontario MLAS operational claims (OGSEarth / LIO MapServer). Unofficial viewing data, not legal title.", "as_of": "2026-09-20", "role": "focus", "color": "#e8b040"}}, {"type": "Feature", "geometry": {"type": "Polygon", "coordinates": [[[-81.7875, 46.1708], [-81.7875, 46.175], [-81.7938, 46.175], [-81.7938, 46.1708], [-81.7875, 46.1708]]]}, "properties": {"company_id": "mcfarlane-lake-mining", "jurisdiction": "Ontario", "claim_id": "600589", "claim_name": null, "holder": "(100) McFarlane Lake Mining Limited", "status": "Active", "recorded_date": "2020-07-23", "anniversary_or_expiry": "2027-07-23", "area_ha": null, "tenure_type": "Single Cell Mining Claim", "source": "Ontario MLAS operational claims (OGSEarth / LIO MapServer). Unofficial viewing data, not legal title.", "as_of": "2026-09-20", "role": "focus", "color": "#e8b040"}}, {"type": "Feature", "geometry": {"type": "Polygon", "coordinates": [[[-81.775, 46.1583], [-81.775, 46.1625], [-81.7813, 46.1625], [-81.7813, 46.1583], [-81.775, 46.1583]]]}, "properties": {"company_id": "mcfarlane-lake-mining", "jurisdiction": "Ontario", "claim_id": "600590", "claim_name": null, "holder": "(100) McFarlane Lake Mining Limited", "status": "Active", "recorded_date": "2020-07-23", "anniversary_or_expiry": "2027-07-23", "area_ha": null, "tenure_type": "Single Cell Mining Claim", "source": "Ontario MLAS operational claims (OGSEarth / LIO MapServer). Unofficial viewing data, not legal title.", "as_of": "2026-09-20", "role": "focus", "color": "#e8b040"}}, {"type": "Feature", "geometry": {"type": "Polygon", "coordinates": [[[-81.775, 46.175], [-81.775, 46.1792], [-81.7813, 46.1792], [-81.7813, 46.175], [-81.775, 46.175]]]}, "properties": {"company_id": "mcfarlane-lake-mining", "jurisdiction": "Ontario", "claim_id": "600591", "claim_name": null, "holder": "(100) McFarlane Lake Mining Limited", "status": "Active", "recorded_date": "2020-07-23", "anniversary_or_expiry": "2027-07-23", "area_ha": null, "tenure_type": "Single Cell Mining Claim", "source": "Ontario MLAS operational claims (OGSEarth / LIO MapServer). Unofficial viewing data, not legal title.", "as_of": "2026-09-20", "role": "focus", "color": "#e8b040"}}, {"type": "Feature", "geometry": {"type": "Polygon", "coordinates": [[[-81.7563, 46.1625], [-81.7563, 46.1667], [-81.7625, 46.1667], [-81.7625, 46.1625], [-81.7563, 46.1625]]]}, "properties": {"company_id": "mcfarlane-lake-mining", "jurisdiction": "Ontario", "claim_id": "600592", "claim_name": null, "holder": "(100) McFarlane Lake Mining Limited", "status": "Active", "recorded_date": "2020-07-23", "anniversary_or_expiry": "2027-07-23", "area_ha": null, "tenure_type": "Single Cell Mining Claim", "source": "Ontario MLAS operational claims (OGSEarth / LIO MapServer). Unofficial viewing data, not legal title.", "as_of": "2026-09-20", "role": "focus", "color": "#e8b040"}}, {"type": "Feature", "geometry": {"type": "Polygon", "coordinates": [[[-81.7563, 46.1667], [-81.7563, 46.1708], [-81.7625, 46.1708], [-81.7625, 46.1667], [-81.7563, 46.1667]]]}, "properties": {"company_id": "mcfarlane-lake-mining", "jurisdiction": "Ontario", "claim_id": "600593", "claim_name": null, "holder": "(100) McFarlane Lake Mining Limited", "status": "Active", "recorded_date": "2020-07-23", "anniversary_or_expiry": "2027-07-23", "area_ha": null, "tenure_type": "Single Cell Mining Claim", "source": "Ontario MLAS operational claims (OGSEarth / LIO MapServer). Unofficial viewing data, not legal title.", "as_of": "2026-09-20", "role": "focus", "color": "#e8b040"}}, {"type": "Feature", "geometry": {"type": "Polygon", "coordinates": [[[-81.7563, 46.1708], [-81.7563, 46.175], [-81.7625, 46.175], [-81.7625, 46.1708], [-81.7563, 46.1708]]]}, "properties": {"company_id": "mcfarlane-lake-mining", "jurisdiction": "Ontario", "claim_id": "600594", "claim_name": null, "holder": "(100) McFarlane Lake Mining Limited", "status": "Active", "recorded_date": "2020-07-23", "anniversary_or_expiry": "2027-07-23", "area_ha": null, "tenure_type": "Single Cell Mining Claim", "source": "Ontario MLAS operational claims (OGSEarth / LIO MapServer). Unofficial viewing data, not legal title.", "as_of": "2026-09-20", "role": "focus", "color": "#e8b040"}}, {"type": "Feature", "geometry": {"type": "Polygon", "coordinates": [[[-81.75, 46.1708], [-81.75, 46.175], [-81.7563, 46.175], [-81.7563, 46.1708], [-81.75, 46.1708]]]}, "properties": {"company_id": "mcfarlane-lake-mining", "jurisdiction": "Ontario", "claim_id": "600595", "claim_name": null, "holder": "(100) McFarlane Lake Mining Limited", "status": "Active", "recorded_date": "2020-07-23", "anniversary_or_expiry": "2027-07-23", "area_ha": null, "tenure_type": "Single Cell Mining Claim", "source": "Ontario MLAS operational claims (OGSEarth / LIO MapServer). Unofficial viewing data, not legal title.", "as_of": "2026-09-20", "role": "focus", "color": "#e8b040"}}, {"type": "Feature", "geometry": {"type": "Polygon", "coordinates": [[[-81.7875, 46.1625], [-81.7875, 46.1667], [-81.7938, 46.1667], [-81.7938, 46.1625], [-81.7875, 46.1625]]]}, "properties": {"company_id": "mcfarlane-lake-mining", "jurisdiction": "Ontario", "claim_id": "600596", "claim_name": null, "holder": "(100) McFarlane Lake Mining Limited", "status": "Active", "recorded_date": "2020-07-23", "anniversary_or_expiry": "2027-07-23", "area_ha": null, "tenure_type": "Single Cell Mining Claim", "source": "Ontario MLAS operational claims (OGSEarth / LIO MapServer). Unofficial viewing data, not legal title.", "as_of": "2026-09-20", "role": "focus", "color": "#e8b040"}}, {"type": "Feature", "geometry": {"type": "Polygon", "coordinates": [[[-81.7875, 46.1667], [-81.7875, 46.1708], [-81.7938, 46.1708], [-81.7938, 46.1667], [-81.7875, 46.1667]]]}, "properties": {"company_id": "mcfarlane-lake-mining", "jurisdiction": "Ontario", "claim_id": "600597", "claim_name": null, "holder": "(100) McFarlane Lake Mining Limited", "status": "Active", "recorded_date": "2020-07-23", "anniversary_or_expiry": "2027-07-23", "area_ha": null, "tenure_type": "Single Cell Mining Claim", "source": "Ontario MLAS operational claims (OGSEarth / LIO MapServer). Unofficial viewing data, not legal title.", "as_of": "2026-09-20", "role": "focus", "color": "#e8b040"}}, {"type": "Feature", "geometry": {"type": "Polygon", "coordinates": [[[-81.775, 46.1667], [-81.775, 46.1708], [-81.7813, 46.1708], [-81.7813, 46.1667], [-81.775, 46.1667]]]}, "properties": {"company_id": "mcfarlane-lake-mining", "jurisdiction": "Ontario", "claim_id": "600598", "claim_name": null, "holder": "(100) McFarlane Lake Mining Limited", "status": "Active", "recorded_date": "2020-07-23", "anniversary_or_expiry": "2027-07-23", "area_ha": null, "tenure_type": "Single Cell Mining Claim", "source": "Ontario MLAS operational claims (OGSEarth / LIO MapServer). Unofficial viewing data, not legal title.", "as_of": "2026-09-20", "role": "focus", "color": "#e8b040"}}, {"type": "Feature", "geometry": {"type": "Polygon", "coordinates": [[[-81.7563, 46.1583], [-81.7563, 46.1625], [-81.7625, 46.1625], [-81.7625, 46.1583], [-81.7563, 46.1583]]]}, "properties": {"company_id": "mcfarlane-lake-mining", "jurisdiction": "Ontario", "claim_id": "600599", "claim_name": null, "holder": "(100) McFarlane Lake Mining Limited", "status": "Active", "recorded_date": "2020-07-23", "anniversary_or_expiry": "2027-07-23", "area_ha": null, "tenure_type": "Single Cell Mining Claim", "source": "Ontario MLAS operational claims (OGSEarth / LIO MapServer). Unofficial viewing data, not legal title.", "as_of": "2026-09-20", "role": "focus", "color": "#e8b040"}}, {"type": "Feature", "geometry": {"type": "Polygon", "coordinates": [[[-81.75, 46.1625], [-81.75, 46.1667], [-81.7563, 46.1667], [-81.7563, 46.1625], [-81.75, 46.1625]]]}, "properties": {"company_id": "mcfarlane-lake-mining", "jurisdiction": "Ontario", "claim_id": "600600", "claim_name": null, "holder": "(100) McFarlane Lake Mining Limited", "status": "Active", "recorded_date": "2020-07-23", "anniversary_or_expiry": "2027-07-23", "area_ha": null, "tenure_type": "Single Cell Mining Claim", "source": "Ontario MLAS operational claims (OGSEarth / LIO MapServer). Unofficial viewing data, not legal title.", "as_of": "2026-09-20", "role": "focus", "color": "#e8b040"}}, {"type": "Feature", "geometry": {"type": "Polygon", "coordinates": [[[-81.7438, 46.1583], [-81.7438, 46.1625], [-81.75, 46.1625], [-81.75, 46.1583], [-81.7438, 46.1583]]]}, "properties": {"company_id": "mcfarlane-lake-mining", "jurisdiction": "Ontario", "claim_id": "600601", "claim_name": null, "holder": "(100) McFarlane Lake Mining Limited", "status": "Active", "recorded_date": "2020-07-23", "anniversary_or_expiry": "2027-07-23", "area_ha": null, "tenure_type": "Single Cell Mining Claim", "source": "Ontario MLAS operational claims (OGSEarth / LIO MapServer). Unofficial viewing data, not legal title.", "as_of": "2026-09-20", "role": "focus", "color": "#e8b040"}}, {"type": "Feature", "geometry": {"type": "Polygon", "coordinates": [[[-81.7438, 46.1708], [-81.7438, 46.175], [-81.75, 46.175], [-81.75, 46.1708], [-81.7438, 46.1708]]]}, "properties": {"company_id": "mcfarlane-lake-mining", "jurisdiction": "Ontario", "claim_id": "600602", "claim_name": null, "holder": "(100) McFarlane Lake Mining Limited", "status": "Active", "recorded_date": "2020-07-23", "anniversary_or_expiry": "2027-07-23", "area_ha": null, "tenure_type": "Single Cell Mining Claim", "source": "Ontario MLAS operational claims (OGSEarth / LIO MapServer). Unofficial viewing data, not legal title.", "as_of": "2026-09-20", "role": "focus", "color": "#e8b040"}}, {"type": "Feature", "geometry": {"type": "Polygon", "coordinates": [[[-81.7625, 46.1708], [-81.7625, 46.175], [-81.7688, 46.175], [-81.7688, 46.1708], [-81.7625, 46.1708]]]}, "properties": {"company_id": "mcfarlane-lake-mining", "jurisdiction": "Ontario", "claim_id": "600603", "claim_name": null, "holder": "(100) McFarlane Lake Mining Limited", "status": "Active", "recorded_date": "2020-07-23", "anniversary_or_expiry": "2027-07-23", "area_ha": null, "tenure_type": "Single Cell Mining Claim", "source": "Ontario MLAS operational claims (OGSEarth / LIO MapServer). Unofficial viewing data, not legal title.", "as_of": "2026-09-20", "role": "focus", "color": "#e8b040"}}, {"type": "Feature", "geometry": {"type": "Polygon", "coordinates": [[[-81.7625, 46.175], [-81.7625, 46.1792], [-81.7688, 46.1792], [-81.7688, 46.175], [-81.7625, 46.175]]]}, "properties": {"company_id": "mcfarlane-lake-mining", "jurisdiction": "Ontario", "claim_id": "600604", "claim_name": null, "holder": "(100) McFarlane Lake Mining Limited", "status": "Active", "recorded_date": "2020-07-23", "anniversary_or_expiry": "2027-07-23", "area_ha": null, "tenure_type": "Single Cell Mining Claim", "source": "Ontario MLAS operational claims (OGSEarth / LIO MapServer). Unofficial viewing data, not legal title.", "as_of": "2026-09-20", "role": "focus", "color": "#e8b040"}}, {"type": "Feature", "geometry": {"type": "Polygon", "coordinates": [[[-81.7313, 46.1667], [-81.7313, 46.1708], [-81.7375, 46.1708], [-81.7375, 46.1667], [-81.7313, 46.1667]]]}, "properties": {"company_id": "mcfarlane-lake-mining", "jurisdiction": "Ontario", "claim_id": "600605", "claim_name": null, "holder": "(100) McFarlane Lake Mining Limited", "status": "Active", "recorded_date": "2020-07-23", "anniversary_or_expiry": "2027-07-23", "area_ha": null, "tenure_type": "Single Cell Mining Claim", "source": "Ontario MLAS operational claims (OGSEarth / LIO MapServer). Unofficial viewing data, not legal title.", "as_of": "2026-09-20", "role": "focus", "color": "#e8b040"}}, {"type": "Feature", "geometry": {"type": "Polygon", "coordinates": [[[-81.7625, 46.1583], [-81.7625, 46.1625], [-81.7688, 46.1625], [-81.7688, 46.1583], [-81.7625, 46.1583]]]}, "properties": {"company_id": "mcfarlane-lake-mining", "jurisdiction": "Ontario", "claim_id": "600607", "claim_name": null, "holder": "(100) McFarlane Lake Mining Limited", "status": "Active", "recorded_date": "2020-07-23", "anniversary_or_expiry": "2027-07-23", "area_ha": null, "tenure_type": "Single Cell Mining Claim", "source": "Ontario MLAS operational claims (OGSEarth / LIO MapServer). Unofficial viewing data, not legal title.", "as_of": "2026-09-20", "role": "focus", "color": "#e8b040"}}, {"type": "Feature", "geometry": {"type": "Polygon", "coordinates": [[[-81.7438, 46.1625], [-81.7438, 46.1667], [-81.75, 46.1667], [-81.75, 46.1625], [-81.7438, 46.1625]]]}, "properties": {"company_id": "mcfarlane-lake-mining", "jurisdiction": "Ontario", "claim_id": "600608", "claim_name": null, "holder": "(100) McFarlane Lake Mining Limited", "status": "Active", "recorded_date": "2020-07-23", "anniversary_or_expiry": "2027-07-23", "area_ha": null, "tenure_type": "Single Cell Mining Claim", "source": "Ontario MLAS operational claims (OGSEarth / LIO MapServer). Unofficial viewing data, not legal title.", "as_of": "2026-09-20", "role": "focus", "color": "#e8b040"}}, {"type": "Feature", "geometry": {"type": "Polygon", "coordinates": [[[-81.7438, 46.1667], [-81.7438, 46.1708], [-81.75, 46.1708], [-81.75, 46.1667], [-81.7438, 46.1667]]]}, "properties": {"company_id": "mcfarlane-lake-mining", "jurisdiction": "Ontario", "claim_id": "600609", "claim_name": null, "holder": "(100) McFarlane Lake Mining Limited", "status": "Active", "recorded_date": "2020-07-23", "anniversary_or_expiry": "2027-07-23", "area_ha": null, "tenure_type": "Single Cell Mining Claim", "source": "Ontario MLAS operational claims (OGSEarth / LIO MapServer). Unofficial viewing data, not legal title.", "as_of": "2026-09-20", "role": "focus", "color": "#e8b040"}}, {"type": "Feature", "geometry": {"type": "Polygon", "coordinates": [[[-81.7875, 46.175], [-81.7875, 46.1792], [-81.7938, 46.1792], [-81.7938, 46.175], [-81.7875, 46.175]]]}, "properties": {"company_id": "mcfarlane-lake-mining", "jurisdiction": "Ontario", "claim_id": "600610", "claim_name": null, "holder": "(100) McFarlane Lake Mining Limited", "status": "Active", "recorded_date": "2020-07-23", "anniversary_or_expiry": "2027-07-23", "area_ha": null, "tenure_type": "Single Cell Mining Claim", "source": "Ontario MLAS operational claims (OGSEarth / LIO MapServer). Unofficial viewing data, not legal title.", "as_of": "2026-09-20", "role": "focus", "color": "#e8b040"}}, {"type": "Feature", "geometry": {"type": "Polygon", "coordinates": [[[-81.775, 46.1708], [-81.775, 46.175], [-81.7813, 46.175], [-81.7813, 46.1708], [-81.775, 46.1708]]]}, "properties": {"company_id": "mcfarlane-lake-mining", "jurisdiction": "Ontario", "claim_id": "600611", "claim_name": null, "holder": "(100) McFarlane Lake Mining Limited", "status": "Active", "recorded_date": "2020-07-23", "anniversary_or_expiry": "2027-07-23", "area_ha": null, "tenure_type": "Single Cell Mining Claim", "source": "Ontario MLAS operational claims (OGSEarth / LIO MapServer). Unofficial viewing data, not legal title.", "as_of": "2026-09-20", "role": "focus", "color": "#e8b040"}}, {"type": "Feature", "geometry": {"type": "Polygon", "coordinates": [[[-81.7688, 46.1708], [-81.7688, 46.175], [-81.775, 46.175], [-81.775, 46.1708], [-81.7688, 46.1708]]]}, "properties": {"company_id": "mcfarlane-lake-mining", "jurisdiction": "Ontario", "claim_id": "600612", "claim_name": null, "holder": "(100) McFarlane Lake Mining Limited", "status": "Active", "recorded_date": "2020-07-23", "anniversary_or_expiry": "2027-07-23", "area_ha": null, "tenure_type": "Single Cell Mining Claim", "source": "Ontario MLAS operational claims (OGSEarth / LIO MapServer). Unofficial viewing data, not legal title.", "as_of": "2026-09-20", "role": "focus", "color": "#e8b040"}}, {"type": "Feature", "geometry": {"type": "Polygon", "coordinates": [[[-81.7688, 46.175], [-81.7688, 46.1792], [-81.775, 46.1792], [-81.775, 46.175], [-81.7688, 46.175]]]}, "properties": {"company_id": "mcfarlane-lake-mining", "jurisdiction": "Ontario", "claim_id": "600613", "claim_name": null, "holder": "(100) McFarlane Lake Mining Limited", "status": "Active", "recorded_date": "2020-07-23", "anniversary_or_expiry": "2027-07-23", "area_ha": null, "tenure_type": "Single Cell Mining Claim", "source": "Ontario MLAS operational claims (OGSEarth / LIO MapServer). Unofficial viewing data, not legal title.", "as_of": "2026-09-20", "role": "focus", "color": "#e8b040"}}, {"type": "Feature", "geometry": {"type": "Polygon", "coordinates": [[[-81.7625, 46.1667], [-81.7625, 46.1708], [-81.7688, 46.1708], [-81.7688, 46.1667], [-81.7625, 46.1667]]]}, "properties": {"company_id": "mcfarlane-lake-mining", "jurisdiction": "Ontario", "claim_id": "600614", "claim_name": null, "holder": "(100) McFarlane Lake Mining Limited", "status": "Active", "recorded_date": "2020-07-23", "anniversary_or_expiry": "2027-07-23", "area_ha": null, "tenure_type": "Single Cell Mining Claim", "source": "Ontario MLAS operational claims (OGSEarth / LIO MapServer). Unofficial viewing data, not legal title.", "as_of": "2026-09-20", "role": "focus", "color": "#e8b040"}}, {"type": "Feature", "geometry": {"type": "Polygon", "coordinates": [[[-81.75, 46.1667], [-81.75, 46.1708], [-81.7563, 46.1708], [-81.7563, 46.1667], [-81.75, 46.1667]]]}, "properties": {"company_id": "mcfarlane-lake-mining", "jurisdiction": "Ontario", "claim_id": "600615", "claim_name": null, "holder": "(100) McFarlane Lake Mining Limited", "status": "Active", "recorded_date": "2020-07-23", "anniversary_or_expiry": "2027-07-23", "area_ha": null, "tenure_type": "Single Cell Mining Claim", "source": "Ontario MLAS operational claims (OGSEarth / LIO MapServer). Unofficial viewing data, not legal title.", "as_of": "2026-09-20", "role": "focus", "color": "#e8b040"}}, {"type": "Feature", "geometry": {"type": "Polygon", "coordinates": [[[-81.7438, 46.175], [-81.7438, 46.1792], [-81.75, 46.1792], [-81.75, 46.175], [-81.7438, 46.175]]]}, "properties": {"company_id": "mcfarlane-lake-mining", "jurisdiction": "Ontario", "claim_id": "600616", "claim_name": null, "holder": "(100) McFarlane Lake Mining Limited", "status": "Active", "recorded_date": "2020-07-23", "anniversary_or_expiry": "2027-07-23", "area_ha": null, "tenure_type": "Single Cell Mining Claim", "source": "Ontario MLAS operational claims (OGSEarth / LIO MapServer). Unofficial viewing data, not legal title.", "as_of": "2026-09-20", "role": "focus", "color": "#e8b040"}}, {"type": "Feature", "geometry": {"type": "Polygon", "coordinates": [[[-81.7375, 46.1708], [-81.7375, 46.175], [-81.7438, 46.175], [-81.7438, 46.1708], [-81.7375, 46.1708]]]}, "properties": {"company_id": "mcfarlane-lake-mining", "jurisdiction": "Ontario", "claim_id": "600617", "claim_name": null, "holder": "(100) McFarlane Lake Mining Limited", "status": "Active", "recorded_date": "2020-07-23", "anniversary_or_expiry": "2027-07-23", "area_ha": null, "tenure_type": "Single Cell Mining Claim", "source": "Ontario MLAS operational claims (OGSEarth / LIO MapServer). Unofficial viewing data, not legal title.", "as_of": "2026-09-20", "role": "focus", "color": "#e8b040"}}, {"type": "Feature", "geometry": {"type": "Polygon", "coordinates": [[[-81.7375, 46.175], [-81.7375, 46.1792], [-81.7438, 46.1792], [-81.7438, 46.175], [-81.7375, 46.175]]]}, "properties": {"company_id": "mcfarlane-lake-mining", "jurisdiction": "Ontario", "claim_id": "600618", "claim_name": null, "holder": "(100) McFarlane Lake Mining Limited", "status": "Active", "recorded_date": "2020-07-23", "anniversary_or_expiry": "2027-07-23", "area_ha": null, "tenure_type": "Single Cell Mining Claim", "source": "Ontario MLAS operational claims (OGSEarth / LIO MapServer). Unofficial viewing data, not legal title.", "as_of": "2026-09-20", "role": "focus", "color": "#e8b040"}}, {"type": "Feature", "geometry": {"type": "Polygon", "coordinates": [[[-81.7813, 46.1708], [-81.7813, 46.175], [-81.7875, 46.175], [-81.7875, 46.1708], [-81.7813, 46.1708]]]}, "properties": {"company_id": "mcfarlane-lake-mining", "jurisdiction": "Ontario", "claim_id": "600619", "claim_name": null, "holder": "(100) McFarlane Lake Mining Limited", "status": "Active", "recorded_date": "2020-07-23", "anniversary_or_expiry": "2027-07-23", "area_ha": null, "tenure_type": "Single Cell Mining Claim", "source": "Ontario MLAS operational claims (OGSEarth / LIO MapServer). Unofficial viewing data, not legal title.", "as_of": "2026-09-20", "role": "focus", "color": "#e8b040"}}, {"type": "Feature", "geometry": {"type": "Polygon", "coordinates": [[[-81.7688, 46.1583], [-81.7688, 46.1625], [-81.775, 46.1625], [-81.775, 46.1583], [-81.7688, 46.1583]]]}, "properties": {"company_id": "mcfarlane-lake-mining", "jurisdiction": "Ontario", "claim_id": "600620", "claim_name": null, "holder": "(100) McFarlane Lake Mining Limited", "status": "Active", "recorded_date": "2020-07-23", "anniversary_or_expiry": "2027-07-23", "area_ha": null, "tenure_type": "Single Cell Mining Claim", "source": "Ontario MLAS operational claims (OGSEarth / LIO MapServer). Unofficial viewing data, not legal title.", "as_of": "2026-09-20", "role": "focus", "color": "#e8b040"}}, {"type": "Feature", "geometry": {"type": "Polygon", "coordinates": [[[-81.7563, 46.175], [-81.7563, 46.1792], [-81.7625, 46.1792], [-81.7625, 46.175], [-81.7563, 46.175]]]}, "properties": {"company_id": "mcfarlane-lake-mining", "jurisdiction": "Ontario", "claim_id": "600621", "claim_name": null, "holder": "(100) McFarlane Lake Mining Limited", "status": "Active", "recorded_date": "2020-07-23", "anniversary_or_expiry": "2027-07-23", "area_ha": null, "tenure_type": "Single Cell Mining Claim", "source": "Ontario MLAS operational claims (OGSEarth / LIO MapServer). Unofficial viewing data, not legal title.", "as_of": "2026-09-20", "role": "focus", "color": "#e8b040"}}, {"type": "Feature", "geometry": {"type": "Polygon", "coordinates": [[[-81.7438, 46.1542], [-81.7438, 46.1583], [-81.75, 46.1583], [-81.75, 46.1542], [-81.7438, 46.1542]]]}, "properties": {"company_id": "mcfarlane-lake-mining", "jurisdiction": "Ontario", "claim_id": "600622", "claim_name": null, "holder": "(100) McFarlane Lake Mining Limited", "status": "Active", "recorded_date": "2020-07-23", "anniversary_or_expiry": "2027-07-23", "area_ha": null, "tenure_type": "Single Cell Mining Claim", "source": "Ontario MLAS operational claims (OGSEarth / LIO MapServer). Unofficial viewing data, not legal title.", "as_of": "2026-09-20", "role": "focus", "color": "#e8b040"}}, {"type": "Feature", "geometry": {"type": "Polygon", "coordinates": [[[-81.7875, 46.1583], [-81.7875, 46.1625], [-81.7938, 46.1625], [-81.7938, 46.1583], [-81.7875, 46.1583]]]}, "properties": {"company_id": "mcfarlane-lake-mining", "jurisdiction": "Ontario", "claim_id": "600623", "claim_name": null, "holder": "(100) McFarlane Lake Mining Limited", "status": "Active", "recorded_date": "2020-07-23", "anniversary_or_expiry": "2027-07-23", "area_ha": null, "tenure_type": "Single Cell Mining Claim", "source": "Ontario MLAS operational claims (OGSEarth / LIO MapServer). Unofficial viewing data, not legal title.", "as_of": "2026-09-20", "role": "focus", "color": "#e8b040"}}, {"type": "Feature", "geometry": {"type": "Polygon", "coordinates": [[[-81.7813, 46.1667], [-81.7813, 46.1708], [-81.7875, 46.1708], [-81.7875, 46.1667], [-81.7813, 46.1667]]]}, "properties": {"company_id": "mcfarlane-lake-mining", "jurisdiction": "Ontario", "claim_id": "600624", "claim_name": null, "holder": "(100) McFarlane Lake Mining Limited", "status": "Active", "recorded_date": "2020-07-23", "anniversary_or_expiry": "2027-07-23", "area_ha": null, "tenure_type": "Single Cell Mining Claim", "source": "Ontario MLAS operational claims (OGSEarth / LIO MapServer). Unofficial viewing data, not legal title.", "as_of": "2026-09-20", "role": "focus", "color": "#e8b040"}}, {"type": "Feature", "geometry": {"type": "Polygon", "coordinates": [[[-81.7813, 46.175], [-81.7813, 46.1792], [-81.7875, 46.1792], [-81.7875, 46.175], [-81.7813, 46.175]]]}, "properties": {"company_id": "mcfarlane-lake-mining", "jurisdiction": "Ontario", "claim_id": "600625", "claim_name": null, "holder": "(100) McFarlane Lake Mining Limited", "status": "Active", "recorded_date": "2020-07-23", "anniversary_or_expiry": "2027-07-23", "area_ha": null, "tenure_type": "Single Cell Mining Claim", "source": "Ontario MLAS operational claims (OGSEarth / LIO MapServer). Unofficial viewing data, not legal title.", "as_of": "2026-09-20", "role": "focus", "color": "#e8b040"}}, {"type": "Feature", "geometry": {"type": "Polygon", "coordinates": [[[-81.775, 46.1625], [-81.775, 46.1667], [-81.7813, 46.1667], [-81.7813, 46.1625], [-81.775, 46.1625]]]}, "properties": {"company_id": "mcfarlane-lake-mining", "jurisdiction": "Ontario", "claim_id": "600626", "claim_name": null, "holder": "(100) McFarlane Lake Mining Limited", "status": "Active", "recorded_date": "2020-07-23", "anniversary_or_expiry": "2027-07-23", "area_ha": null, "tenure_type": "Single Cell Mining Claim", "source": "Ontario MLAS operational claims (OGSEarth / LIO MapServer). Unofficial viewing data, not legal title.", "as_of": "2026-09-20", "role": "focus", "color": "#e8b040"}}, {"type": "Feature", "geometry": {"type": "Polygon", "coordinates": [[[-81.7625, 46.1625], [-81.7625, 46.1667], [-81.7688, 46.1667], [-81.7688, 46.1625], [-81.7625, 46.1625]]]}, "properties": {"company_id": "mcfarlane-lake-mining", "jurisdiction": "Ontario", "claim_id": "600627", "claim_name": null, "holder": "(100) McFarlane Lake Mining Limited", "status": "Active", "recorded_date": "2020-07-23", "anniversary_or_expiry": "2027-07-23", "area_ha": null, "tenure_type": "Single Cell Mining Claim", "source": "Ontario MLAS operational claims (OGSEarth / LIO MapServer). Unofficial viewing data, not legal title.", "as_of": "2026-09-20", "role": "focus", "color": "#e8b040"}}, {"type": "Feature", "geometry": {"type": "Polygon", "coordinates": [[[-81.7563, 46.1542], [-81.7563, 46.1583], [-81.7625, 46.1583], [-81.7625, 46.1542], [-81.7563, 46.1542]]]}, "properties": {"company_id": "mcfarlane-lake-mining", "jurisdiction": "Ontario", "claim_id": "600628", "claim_name": null, "holder": "(100) McFarlane Lake Mining Limited", "status": "Active", "recorded_date": "2020-07-23", "anniversary_or_expiry": "2027-07-23", "area_ha": null, "tenure_type": "Single Cell Mining Claim", "source": "Ontario MLAS operational claims (OGSEarth / LIO MapServer). Unofficial viewing data, not legal title.", "as_of": "2026-09-20", "role": "focus", "color": "#e8b040"}}, {"type": "Feature", "geometry": {"type": "Polygon", "coordinates": [[[-81.75, 46.1583], [-81.75, 46.1625], [-81.7563, 46.1625], [-81.7563, 46.1583], [-81.75, 46.1583]]]}, "properties": {"company_id": "mcfarlane-lake-mining", "jurisdiction": "Ontario", "claim_id": "600629", "claim_name": null, "holder": "(100) McFarlane Lake Mining Limited", "status": "Active", "recorded_date": "2020-07-23", "anniversary_or_expiry": "2027-07-23", "area_ha": null, "tenure_type": "Single Cell Mining Claim", "source": "Ontario MLAS operational claims (OGSEarth / LIO MapServer). Unofficial viewing data, not legal title.", "as_of": "2026-09-20", "role": "focus", "color": "#e8b040"}}, {"type": "Feature", "geometry": {"type": "Polygon", "coordinates": [[[-81.75, 46.175], [-81.75, 46.1792], [-81.7563, 46.1792], [-81.7563, 46.175], [-81.75, 46.175]]]}, "properties": {"company_id": "mcfarlane-lake-mining", "jurisdiction": "Ontario", "claim_id": "600630", "claim_name": null, "holder": "(100) McFarlane Lake Mining Limited", "status": "Active", "recorded_date": "2020-07-23", "anniversary_or_expiry": "2027-07-23", "area_ha": null, "tenure_type": "Single Cell Mining Claim", "source": "Ontario MLAS operational claims (OGSEarth / LIO MapServer). Unofficial viewing data, not legal title.", "as_of": "2026-09-20", "role": "focus", "color": "#e8b040"}}, {"type": "Feature", "geometry": {"type": "Polygon", "coordinates": [[[-81.7688, 46.1625], [-81.7688, 46.1667], [-81.775, 46.1667], [-81.775, 46.1625], [-81.7688, 46.1625]]]}, "properties": {"company_id": "mcfarlane-lake-mining", "jurisdiction": "Ontario", "claim_id": "600631", "claim_name": null, "holder": "(100) McFarlane Lake Mining Limited", "status": "Active", "recorded_date": "2020-07-23", "anniversary_or_expiry": "2027-07-23", "area_ha": null, "tenure_type": "Single Cell Mining Claim", "source": "Ontario MLAS operational claims (OGSEarth / LIO MapServer). Unofficial viewing data, not legal title.", "as_of": "2026-09-20", "role": "focus", "color": "#e8b040"}}, {"type": "Feature", "geometry": {"type": "Polygon", "coordinates": [[[-81.7688, 46.1667], [-81.7688, 46.1708], [-81.775, 46.1708], [-81.775, 46.1667], [-81.7688, 46.1667]]]}, "properties": {"company_id": "mcfarlane-lake-mining", "jurisdiction": "Ontario", "claim_id": "600632", "claim_name": null, "holder": "(100) McFarlane Lake Mining Limited", "status": "Active", "recorded_date": "2020-07-23", "anniversary_or_expiry": "2027-07-23", "area_ha": null, "tenure_type": "Single Cell Mining Claim", "source": "Ontario MLAS operational claims (OGSEarth / LIO MapServer). Unofficial viewing data, not legal title.", "as_of": "2026-09-20", "role": "focus", "color": "#e8b040"}}, {"type": "Feature", "geometry": {"type": "Polygon", "coordinates": [[[-81.75, 46.1542], [-81.75, 46.1583], [-81.7563, 46.1583], [-81.7563, 46.1542], [-81.75, 46.1542]]]}, "properties": {"company_id": "mcfarlane-lake-mining", "jurisdiction": "Ontario", "claim_id": "600633", "claim_name": null, "holder": "(100) McFarlane Lake Mining Limited", "status": "Active", "recorded_date": "2020-07-23", "anniversary_or_expiry": "2027-07-23", "area_ha": null, "tenure_type": "Single Cell Mining Claim", "source": "Ontario MLAS operational claims (OGSEarth / LIO MapServer). Unofficial viewing data, not legal title.", "as_of": "2026-09-20", "role": "focus", "color": "#e8b040"}}, {"type": "Feature", "geometry": {"type": "Polygon", "coordinates": [[[-81.7375, 46.1667], [-81.7375, 46.1708], [-81.7438, 46.1708], [-81.7438, 46.1667], [-81.7375, 46.1667]]]}, "properties": {"company_id": "mcfarlane-lake-mining", "jurisdiction": "Ontario", "claim_id": "600634", "claim_name": null, "holder": "(100) McFarlane Lake Mining Limited", "status": "Active", "recorded_date": "2020-07-23", "anniversary_or_expiry": "2027-07-23", "area_ha": null, "tenure_type": "Single Cell Mining Claim", "source": "Ontario MLAS operational claims (OGSEarth / LIO MapServer). Unofficial viewing data, not legal title.", "as_of": "2026-09-20", "role": "focus", "color": "#e8b040"}}, {"type": "Feature", "geometry": {"type": "Polygon", "coordinates": [[[-81.7313, 46.1708], [-81.7313, 46.175], [-81.7375, 46.175], [-81.7375, 46.1708], [-81.7313, 46.1708]]]}, "properties": {"company_id": "mcfarlane-lake-mining", "jurisdiction": "Ontario", "claim_id": "600635", "claim_name": null, "holder": "(100) McFarlane Lake Mining Limited", "status": "Active", "recorded_date": "2020-07-23", "anniversary_or_expiry": "2027-07-23", "area_ha": null, "tenure_type": "Single Cell Mining Claim", "source": "Ontario MLAS operational claims (OGSEarth / LIO MapServer). Unofficial viewing data, not legal title.", "as_of": "2026-09-20", "role": "focus", "color": "#e8b040"}}, {"type": "Feature", "geometry": {"type": "Polygon", "coordinates": [[[-81.8125, 46.1333], [-81.8125, 46.1375], [-81.8188, 46.1375], [-81.8188, 46.1333], [-81.8125, 46.1333]]]}, "properties": {"company_id": "mcfarlane-lake-mining", "jurisdiction": "Ontario", "claim_id": "600637", "claim_name": null, "holder": "(100) McFarlane Lake Mining Limited", "status": "Active", "recorded_date": "2020-07-23", "anniversary_or_expiry": "2027-07-23", "area_ha": null, "tenure_type": "Single Cell Mining Claim", "source": "Ontario MLAS operational claims (OGSEarth / LIO MapServer). Unofficial viewing data, not legal title.", "as_of": "2026-09-20", "role": "focus", "color": "#e8b040"}}, {"type": "Feature", "geometry": {"type": "Polygon", "coordinates": [[[-81.8063, 46.1375], [-81.8063, 46.1417], [-81.8125, 46.1417], [-81.8125, 46.1375], [-81.8063, 46.1375]]]}, "properties": {"company_id": "mcfarlane-lake-mining", "jurisdiction": "Ontario", "claim_id": "600638", "claim_name": null, "holder": "(100) McFarlane Lake Mining Limited", "status": "Active", "recorded_date": "2020-07-23", "anniversary_or_expiry": "2027-07-23", "area_ha": null, "tenure_type": "Single Cell Mining Claim", "source": "Ontario MLAS operational claims (OGSEarth / LIO MapServer). Unofficial viewing data, not legal title.", "as_of": "2026-09-20", "role": "focus", "color": "#e8b040"}}, {"type": "Feature", "geometry": {"type": "Polygon", "coordinates": [[[-81.8, 46.15], [-81.8, 46.1542], [-81.8063, 46.1542], [-81.8063, 46.15], [-81.8, 46.15]]]}, "properties": {"company_id": "mcfarlane-lake-mining", "jurisdiction": "Ontario", "claim_id": "600639", "claim_name": null, "holder": "(100) McFarlane Lake Mining Limited", "status": "Active", "recorded_date": "2020-07-23", "anniversary_or_expiry": "2027-07-23", "area_ha": null, "tenure_type": "Single Cell Mining Claim", "source": "Ontario MLAS operational claims (OGSEarth / LIO MapServer). Unofficial viewing data, not legal title.", "as_of": "2026-09-20", "role": "focus", "color": "#e8b040"}}, {"type": "Feature", "geometry": {"type": "Polygon", "coordinates": [[[-81.7688, 46.15], [-81.7688, 46.1542], [-81.775, 46.1542], [-81.775, 46.15], [-81.7688, 46.15]]]}, "properties": {"company_id": "mcfarlane-lake-mining", "jurisdiction": "Ontario", "claim_id": "600640", "claim_name": null, "holder": "(100) McFarlane Lake Mining Limited", "status": "Active", "recorded_date": "2020-07-23", "anniversary_or_expiry": "2027-07-23", "area_ha": null, "tenure_type": "Single Cell Mining Claim", "source": "Ontario MLAS operational claims (OGSEarth / LIO MapServer). Unofficial viewing data, not legal title.", "as_of": "2026-09-20", "role": "focus", "color": "#e8b040"}}, {"type": "Feature", "geometry": {"type": "Polygon", "coordinates": [[[-81.7688, 46.1542], [-81.7688, 46.1583], [-81.775, 46.1583], [-81.775, 46.1542], [-81.7688, 46.1542]]]}, "properties": {"company_id": "mcfarlane-lake-mining", "jurisdiction": "Ontario", "claim_id": "600641", "claim_name": null, "holder": "(100) McFarlane Lake Mining Limited", "status": "Active", "recorded_date": "2020-07-23", "anniversary_or_expiry": "2027-07-23", "area_ha": null, "tenure_type": "Single Cell Mining Claim", "source": "Ontario MLAS operational claims (OGSEarth / LIO MapServer). Unofficial viewing data, not legal title.", "as_of": "2026-09-20", "role": "focus", "color": "#e8b040"}}, {"type": "Feature", "geometry": {"type": "Polygon", "coordinates": [[[-81.7625, 46.15], [-81.7625, 46.1542], [-81.7688, 46.1542], [-81.7688, 46.15], [-81.7625, 46.15]]]}, "properties": {"company_id": "mcfarlane-lake-mining", "jurisdiction": "Ontario", "claim_id": "600642", "claim_name": null, "holder": "(100) McFarlane Lake Mining Limited", "status": "Active", "recorded_date": "2020-07-23", "anniversary_or_expiry": "2027-07-23", "area_ha": null, "tenure_type": "Single Cell Mining Claim", "source": "Ontario MLAS operational claims (OGSEarth / LIO MapServer). Unofficial viewing data, not legal title.", "as_of": "2026-09-20", "role": "focus", "color": "#e8b040"}}, {"type": "Feature", "geometry": {"type": "Polygon", "coordinates": [[[-81.8125, 46.1458], [-81.8125, 46.15], [-81.8188, 46.15], [-81.8188, 46.1458], [-81.8125, 46.1458]]]}, "properties": {"company_id": "mcfarlane-lake-mining", "jurisdiction": "Ontario", "claim_id": "600643", "claim_name": null, "holder": "(100) McFarlane Lake Mining Limited", "status": "Active", "recorded_date": "2020-07-23", "anniversary_or_expiry": "2027-07-23", "area_ha": null, "tenure_type": "Single Cell Mining Claim", "source": "Ontario MLAS operational claims (OGSEarth / LIO MapServer). Unofficial viewing data, not legal title.", "as_of": "2026-09-20", "role": "focus", "color": "#e8b040"}}, {"type": "Feature", "geometry": {"type": "Polygon", "coordinates": [[[-81.7813, 46.15], [-81.7813, 46.1542], [-81.7875, 46.1542], [-81.7875, 46.15], [-81.7813, 46.15]]]}, "properties": {"company_id": "mcfarlane-lake-mining", "jurisdiction": "Ontario", "claim_id": "600644", "claim_name": null, "holder": "(100) McFarlane Lake Mining Limited", "status": "Active", "recorded_date": "2020-07-23", "anniversary_or_expiry": "2027-07-23", "area_ha": null, "tenure_type": "Single Cell Mining Claim", "source": "Ontario MLAS operational claims (OGSEarth / LIO MapServer). Unofficial viewing data, not legal title.", "as_of": "2026-09-20", "role": "focus", "color": "#e8b040"}}, {"type": "Feature", "geometry": {"type": "Polygon", "coordinates": [[[-81.8188, 46.1375], [-81.8188, 46.1417], [-81.825, 46.1417], [-81.825, 46.1375], [-81.8188, 46.1375]]]}, "properties": {"company_id": "mcfarlane-lake-mining", "jurisdiction": "Ontario", "claim_id": "600645", "claim_name": null, "holder": "(100) McFarlane Lake Mining Limited", "status": "Active", "recorded_date": "2020-07-23", "anniversary_or_expiry": "2027-07-23", "area_ha": null, "tenure_type": "Single Cell Mining Claim", "source": "Ontario MLAS operational claims (OGSEarth / LIO MapServer). Unofficial viewing data, not legal title.", "as_of": "2026-09-20", "role": "focus", "color": "#e8b040"}}, {"type": "Feature", "geometry": {"type": "Polygon", "coordinates": [[[-81.8063, 46.1333], [-81.8063, 46.1375], [-81.8125, 46.1375], [-81.8125, 46.1333], [-81.8063, 46.1333]]]}, "properties": {"company_id": "mcfarlane-lake-mining", "jurisdiction": "Ontario", "claim_id": "600646", "claim_name": null, "holder": "(100) McFarlane Lake Mining Limited", "status": "Active", "recorded_date": "2020-07-23", "anniversary_or_expiry": "2027-07-23", "area_ha": null, "tenure_type": "Single Cell Mining Claim", "source": "Ontario MLAS operational claims (OGSEarth / LIO MapServer). Unofficial viewing data, not legal title.", "as_of": "2026-09-20", "role": "focus", "color": "#e8b040"}}, {"type": "Feature", "geometry": {"type": "Polygon", "coordinates": [[[-81.8063, 46.1417], [-81.8063, 46.1458], [-81.8125, 46.1458], [-81.8125, 46.1417], [-81.8063, 46.1417]]]}, "properties": {"company_id": "mcfarlane-lake-mining", "jurisdiction": "Ontario", "claim_id": "600647", "claim_name": null, "holder": "(100) McFarlane Lake Mining Limited", "status": "Active", "recorded_date": "2020-07-23", "anniversary_or_expiry": "2027-07-23", "area_ha": null, "tenure_type": "Single Cell Mining Claim", "source": "Ontario MLAS operational claims (OGSEarth / LIO MapServer). Unofficial viewing data, not legal title.", "as_of": "2026-09-20", "role": "focus", "color": "#e8b040"}}, {"type": "Feature", "geometry": {"type": "Polygon", "coordinates": [[[-81.8188, 46.1333], [-81.8188, 46.1375], [-81.825, 46.1375], [-81.825, 46.1333], [-81.8188, 46.1333]]]}, "properties": {"company_id": "mcfarlane-lake-mining", "jurisdiction": "Ontario", "claim_id": "600648", "claim_name": null, "holder": "(100) McFarlane Lake Mining Limited", "status": "Active", "recorded_date": "2020-07-23", "anniversary_or_expiry": "2027-07-23", "area_ha": null, "tenure_type": "Single Cell Mining Claim", "source": "Ontario MLAS operational claims (OGSEarth / LIO MapServer). Unofficial viewing data, not legal title.", "as_of": "2026-09-20", "role": "focus", "color": "#e8b040"}}, {"type": "Feature", "geometry": {"type": "Polygon", "coordinates": [[[-81.8125, 46.15], [-81.8125, 46.1542], [-81.8188, 46.1542], [-81.8188, 46.15], [-81.8125, 46.15]]]}, "properties": {"company_id": "mcfarlane-lake-mining", "jurisdiction": "Ontario", "claim_id": "600649", "claim_name": null, "holder": "(100) McFarlane Lake Mining Limited", "status": "Active", "recorded_date": "2020-07-23", "anniversary_or_expiry": "2027-07-23", "area_ha": null, "tenure_type": "Single Cell Mining Claim", "source": "Ontario MLAS operational claims (OGSEarth / LIO MapServer). Unofficial viewing data, not legal title.", "as_of": "2026-09-20", "role": "focus", "color": "#e8b040"}}, {"type": "Feature", "geometry": {"type": "Polygon", "coordinates": [[[-81.8, 46.1542], [-81.8, 46.1583], [-81.8063, 46.1583], [-81.8063, 46.1542], [-81.8, 46.1542]]]}, "properties": {"company_id": "mcfarlane-lake-mining", "jurisdiction": "Ontario", "claim_id": "600650", "claim_name": null, "holder": "(100) McFarlane Lake Mining Limited", "status": "Active", "recorded_date": "2020-07-23", "anniversary_or_expiry": "2027-07-23", "area_ha": null, "tenure_type": "Single Cell Mining Claim", "source": "Ontario MLAS operational claims (OGSEarth / LIO MapServer). Unofficial viewing data, not legal title.", "as_of": "2026-09-20", "role": "focus", "color": "#e8b040"}}, {"type": "Feature", "geometry": {"type": "Polygon", "coordinates": [[[-81.7875, 46.1458], [-81.7875, 46.15], [-81.7938, 46.15], [-81.7938, 46.1458], [-81.7875, 46.1458]]]}, "properties": {"company_id": "mcfarlane-lake-mining", "jurisdiction": "Ontario", "claim_id": "600651", "claim_name": null, "holder": "(100) McFarlane Lake Mining Limited", "status": "Active", "recorded_date": "2020-07-23", "anniversary_or_expiry": "2027-07-23", "area_ha": null, "tenure_type": "Single Cell Mining Claim", "source": "Ontario MLAS operational claims (OGSEarth / LIO MapServer). Unofficial viewing data, not legal title.", "as_of": "2026-09-20", "role": "focus", "color": "#e8b040"}}, {"type": "Feature", "geometry": {"type": "Polygon", "coordinates": [[[-81.7813, 46.1458], [-81.7813, 46.15], [-81.7875, 46.15], [-81.7875, 46.1458], [-81.7813, 46.1458]]]}, "properties": {"company_id": "mcfarlane-lake-mining", "jurisdiction": "Ontario", "claim_id": "600652", "claim_name": null, "holder": "(100) McFarlane Lake Mining Limited", "status": "Active", "recorded_date": "2020-07-23", "anniversary_or_expiry": "2027-07-23", "area_ha": null, "tenure_type": "Single Cell Mining Claim", "source": "Ontario MLAS operational claims (OGSEarth / LIO MapServer). Unofficial viewing data, not legal title.", "as_of": "2026-09-20", "role": "focus", "color": "#e8b040"}}, {"type": "Feature", "geometry": {"type": "Polygon", "coordinates": [[[-81.7625, 46.1458], [-81.7625, 46.15], [-81.7688, 46.15], [-81.7688, 46.1458], [-81.7625, 46.1458]]]}, "properties": {"company_id": "mcfarlane-lake-mining", "jurisdiction": "Ontario", "claim_id": "600653", "claim_name": null, "holder": "(100) McFarlane Lake Mining Limited", "status": "Active", "recorded_date": "2020-07-23", "anniversary_or_expiry": "2027-07-23", "area_ha": null, "tenure_type": "Single Cell Mining Claim", "source": "Ontario MLAS operational claims (OGSEarth / LIO MapServer). Unofficial viewing data, not legal title.", "as_of": "2026-09-20", "role": "focus", "color": "#e8b040"}}, {"type": "Feature", "geometry": {"type": "Polygon", "coordinates": [[[-81.8, 46.1458], [-81.8, 46.15], [-81.8063, 46.15], [-81.8063, 46.1458], [-81.8, 46.1458]]]}, "properties": {"company_id": "mcfarlane-lake-mining", "jurisdiction": "Ontario", "claim_id": "600654", "claim_name": null, "holder": "(100) McFarlane Lake Mining Limited", "status": "Active", "recorded_date": "2020-07-23", "anniversary_or_expiry": "2027-07-23", "area_ha": null, "tenure_type": "Single Cell Mining Claim", "source": "Ontario MLAS operational claims (OGSEarth / LIO MapServer). Unofficial viewing data, not legal title.", "as_of": "2026-09-20", "role": "focus", "color": "#e8b040"}}, {"type": "Feature", "geometry": {"type": "Polygon", "coordinates": [[[-81.7813, 46.1542], [-81.7813, 46.1583], [-81.7875, 46.1583], [-81.7875, 46.1542], [-81.7813, 46.1542]]]}, "properties": {"company_id": "mcfarlane-lake-mining", "jurisdiction": "Ontario", "claim_id": "600655", "claim_name": null, "holder": "(100) McFarlane Lake Mining Limited", "status": "Active", "recorded_date": "2020-07-23", "anniversary_or_expiry": "2027-07-23", "area_ha": null, "tenure_type": "Single Cell Mining Claim", "source": "Ontario MLAS operational claims (OGSEarth / LIO MapServer). Unofficial viewing data, not legal title.", "as_of": "2026-09-20", "role": "focus", "color": "#e8b040"}}, {"type": "Feature", "geometry": {"type": "Polygon", "coordinates": [[[-81.775, 46.1542], [-81.775, 46.1583], [-81.7813, 46.1583], [-81.7813, 46.1542], [-81.775, 46.1542]]]}, "properties": {"company_id": "mcfarlane-lake-mining", "jurisdiction": "Ontario", "claim_id": "600656", "claim_name": null, "holder": "(100) McFarlane Lake Mining Limited", "status": "Active", "recorded_date": "2020-07-23", "anniversary_or_expiry": "2027-07-23", "area_ha": null, "tenure_type": "Single Cell Mining Claim", "source": "Ontario MLAS operational claims (OGSEarth / LIO MapServer). Unofficial viewing data, not legal title.", "as_of": "2026-09-20", "role": "focus", "color": "#e8b040"}}, {"type": "Feature", "geometry": {"type": "Polygon", "coordinates": [[[-81.8125, 46.1375], [-81.8125, 46.1417], [-81.8188, 46.1417], [-81.8188, 46.1375], [-81.8125, 46.1375]]]}, "properties": {"company_id": "mcfarlane-lake-mining", "jurisdiction": "Ontario", "claim_id": "600657", "claim_name": null, "holder": "(100) McFarlane Lake Mining Limited", "status": "Active", "recorded_date": "2020-07-23", "anniversary_or_expiry": "2027-07-23", "area_ha": null, "tenure_type": "Single Cell Mining Claim", "source": "Ontario MLAS operational claims (OGSEarth / LIO MapServer). Unofficial viewing data, not legal title.", "as_of": "2026-09-20", "role": "focus", "color": "#e8b040"}}, {"type": "Feature", "geometry": {"type": "Polygon", "coordinates": [[[-81.8125, 46.1417], [-81.8125, 46.1458], [-81.8188, 46.1458], [-81.8188, 46.1417], [-81.8125, 46.1417]]]}, "properties": {"company_id": "mcfarlane-lake-mining", "jurisdiction": "Ontario", "claim_id": "600658", "claim_name": null, "holder": "(100) McFarlane Lake Mining Limited", "status": "Active", "recorded_date": "2020-07-23", "anniversary_or_expiry": "2027-07-23", "area_ha": null, "tenure_type": "Single Cell Mining Claim", "source": "Ontario MLAS operational claims (OGSEarth / LIO MapServer). Unofficial viewing data, not legal title.", "as_of": "2026-09-20", "role": "focus", "color": "#e8b040"}}, {"type": "Feature", "geometry": {"type": "Polygon", "coordinates": [[[-81.8063, 46.1458], [-81.8063, 46.15], [-81.8125, 46.15], [-81.8125, 46.1458], [-81.8063, 46.1458]]]}, "properties": {"company_id": "mcfarlane-lake-mining", "jurisdiction": "Ontario", "claim_id": "600659", "claim_name": null, "holder": "(100) McFarlane Lake Mining Limited", "status": "Active", "recorded_date": "2020-07-23", "anniversary_or_expiry": "2027-07-23", "area_ha": null, "tenure_type": "Single Cell Mining Claim", "source": "Ontario MLAS operational claims (OGSEarth / LIO MapServer). Unofficial viewing data, not legal title.", "as_of": "2026-09-20", "role": "focus", "color": "#e8b040"}}, {"type": "Feature", "geometry": {"type": "Polygon", "coordinates": [[[-81.7938, 46.15], [-81.7938, 46.1542], [-81.8, 46.1542], [-81.8, 46.15], [-81.7938, 46.15]]]}, "properties": {"company_id": "mcfarlane-lake-mining", "jurisdiction": "Ontario", "claim_id": "600660", "claim_name": null, "holder": "(100) McFarlane Lake Mining Limited", "status": "Active", "recorded_date": "2020-07-23", "anniversary_or_expiry": "2027-07-23", "area_ha": null, "tenure_type": "Single Cell Mining Claim", "source": "Ontario MLAS operational claims (OGSEarth / LIO MapServer). Unofficial viewing data, not legal title.", "as_of": "2026-09-20", "role": "focus", "color": "#e8b040"}}, {"type": "Feature", "geometry": {"type": "Polygon", "coordinates": [[[-81.7875, 46.15], [-81.7875, 46.1542], [-81.7938, 46.1542], [-81.7938, 46.15], [-81.7875, 46.15]]]}, "properties": {"company_id": "mcfarlane-lake-mining", "jurisdiction": "Ontario", "claim_id": "600661", "claim_name": null, "holder": "(100) McFarlane Lake Mining Limited", "status": "Active", "recorded_date": "2020-07-23", "anniversary_or_expiry": "2027-07-23", "area_ha": null, "tenure_type": "Single Cell Mining Claim", "source": "Ontario MLAS operational claims (OGSEarth / LIO MapServer). Unofficial viewing data, not legal title.", "as_of": "2026-09-20", "role": "focus", "color": "#e8b040"}}, {"type": "Feature", "geometry": {"type": "Polygon", "coordinates": [[[-81.8188, 46.1417], [-81.8188, 46.1458], [-81.825, 46.1458], [-81.825, 46.1417], [-81.8188, 46.1417]]]}, "properties": {"company_id": "mcfarlane-lake-mining", "jurisdiction": "Ontario", "claim_id": "600662", "claim_name": null, "holder": "(100) McFarlane Lake Mining Limited", "status": "Active", "recorded_date": "2020-07-23", "anniversary_or_expiry": "2027-07-23", "area_ha": null, "tenure_type": "Single Cell Mining Claim", "source": "Ontario MLAS operational claims (OGSEarth / LIO MapServer). Unofficial viewing data, not legal title.", "as_of": "2026-09-20", "role": "focus", "color": "#e8b040"}}, {"type": "Feature", "geometry": {"type": "Polygon", "coordinates": [[[-81.8063, 46.15], [-81.8063, 46.1542], [-81.8125, 46.1542], [-81.8125, 46.15], [-81.8063, 46.15]]]}, "properties": {"company_id": "mcfarlane-lake-mining", "jurisdiction": "Ontario", "claim_id": "600663", "claim_name": null, "holder": "(100) McFarlane Lake Mining Limited", "status": "Active", "recorded_date": "2020-07-23", "anniversary_or_expiry": "2027-07-23", "area_ha": null, "tenure_type": "Single Cell Mining Claim", "source": "Ontario MLAS operational claims (OGSEarth / LIO MapServer). Unofficial viewing data, not legal title.", "as_of": "2026-09-20", "role": "focus", "color": "#e8b040"}}, {"type": "Feature", "geometry": {"type": "Polygon", "coordinates": [[[-81.7938, 46.1458], [-81.7938, 46.15], [-81.8, 46.15], [-81.8, 46.1458], [-81.7938, 46.1458]]]}, "properties": {"company_id": "mcfarlane-lake-mining", "jurisdiction": "Ontario", "claim_id": "600664", "claim_name": null, "holder": "(100) McFarlane Lake Mining Limited", "status": "Active", "recorded_date": "2020-07-23", "anniversary_or_expiry": "2027-07-23", "area_ha": null, "tenure_type": "Single Cell Mining Claim", "source": "Ontario MLAS operational claims (OGSEarth / LIO MapServer). Unofficial viewing data, not legal title.", "as_of": "2026-09-20", "role": "focus", "color": "#e8b040"}}, {"type": "Feature", "geometry": {"type": "Polygon", "coordinates": [[[-81.7938, 46.1542], [-81.7938, 46.1583], [-81.8, 46.1583], [-81.8, 46.1542], [-81.7938, 46.1542]]]}, "properties": {"company_id": "mcfarlane-lake-mining", "jurisdiction": "Ontario", "claim_id": "600665", "claim_name": null, "holder": "(100) McFarlane Lake Mining Limited", "status": "Active", "recorded_date": "2020-07-23", "anniversary_or_expiry": "2027-07-23", "area_ha": null, "tenure_type": "Single Cell Mining Claim", "source": "Ontario MLAS operational claims (OGSEarth / LIO MapServer). Unofficial viewing data, not legal title.", "as_of": "2026-09-20", "role": "focus", "color": "#e8b040"}}, {"type": "Feature", "geometry": {"type": "Polygon", "coordinates": [[[-81.775, 46.1458], [-81.775, 46.15], [-81.7813, 46.15], [-81.7813, 46.1458], [-81.775, 46.1458]]]}, "properties": {"company_id": "mcfarlane-lake-mining", "jurisdiction": "Ontario", "claim_id": "600666", "claim_name": null, "holder": "(100) McFarlane Lake Mining Limited", "status": "Active", "recorded_date": "2020-07-23", "anniversary_or_expiry": "2027-07-23", "area_ha": null, "tenure_type": "Single Cell Mining Claim", "source": "Ontario MLAS operational claims (OGSEarth / LIO MapServer). Unofficial viewing data, not legal title.", "as_of": "2026-09-20", "role": "focus", "color": "#e8b040"}}, {"type": "Feature", "geometry": {"type": "Polygon", "coordinates": [[[-81.775, 46.15], [-81.775, 46.1542], [-81.7813, 46.1542], [-81.7813, 46.15], [-81.775, 46.15]]]}, "properties": {"company_id": "mcfarlane-lake-mining", "jurisdiction": "Ontario", "claim_id": "600667", "claim_name": null, "holder": "(100) McFarlane Lake Mining Limited", "status": "Active", "recorded_date": "2020-07-23", "anniversary_or_expiry": "2027-07-23", "area_ha": null, "tenure_type": "Single Cell Mining Claim", "source": "Ontario MLAS operational claims (OGSEarth / LIO MapServer). Unofficial viewing data, not legal title.", "as_of": "2026-09-20", "role": "focus", "color": "#e8b040"}}, {"type": "Feature", "geometry": {"type": "Polygon", "coordinates": [[[-81.7875, 46.1542], [-81.7875, 46.1583], [-81.7938, 46.1583], [-81.7938, 46.1542], [-81.7875, 46.1542]]]}, "properties": {"company_id": "mcfarlane-lake-mining", "jurisdiction": "Ontario", "claim_id": "600668", "claim_name": null, "holder": "(100) McFarlane Lake Mining Limited", "status": "Active", "recorded_date": "2020-07-23", "anniversary_or_expiry": "2027-07-23", "area_ha": null, "tenure_type": "Single Cell Mining Claim", "source": "Ontario MLAS operational claims (OGSEarth / LIO MapServer). Unofficial viewing data, not legal title.", "as_of": "2026-09-20", "role": "focus", "color": "#e8b040"}}, {"type": "Feature", "geometry": {"type": "Polygon", "coordinates": [[[-81.7688, 46.1458], [-81.7688, 46.15], [-81.775, 46.15], [-81.775, 46.1458], [-81.7688, 46.1458]]]}, "properties": {"company_id": "mcfarlane-lake-mining", "jurisdiction": "Ontario", "claim_id": "600669", "claim_name": null, "holder": "(100) McFarlane Lake Mining Limited", "status": "Active", "recorded_date": "2020-07-23", "anniversary_or_expiry": "2027-07-23", "area_ha": null, "tenure_type": "Single Cell Mining Claim", "source": "Ontario MLAS operational claims (OGSEarth / LIO MapServer). Unofficial viewing data, not legal title.", "as_of": "2026-09-20", "role": "focus", "color": "#e8b040"}}, {"type": "Feature", "geometry": {"type": "Polygon", "coordinates": [[[-81.7938, 46.1625], [-81.7938, 46.1667], [-81.8, 46.1667], [-81.8, 46.1625], [-81.7938, 46.1625]]]}, "properties": {"company_id": "mcfarlane-lake-mining", "jurisdiction": "Ontario", "claim_id": "600670", "claim_name": null, "holder": "(100) McFarlane Lake Mining Limited", "status": "Active", "recorded_date": "2020-07-23", "anniversary_or_expiry": "2027-07-23", "area_ha": null, "tenure_type": "Single Cell Mining Claim", "source": "Ontario MLAS operational claims (OGSEarth / LIO MapServer). Unofficial viewing data, not legal title.", "as_of": "2026-09-20", "role": "focus", "color": "#e8b040"}}, {"type": "Feature", "geometry": {"type": "Polygon", "coordinates": [[[-81.8, 46.1583], [-81.8, 46.1625], [-81.8063, 46.1625], [-81.8063, 46.1583], [-81.8, 46.1583]]]}, "properties": {"company_id": "mcfarlane-lake-mining", "jurisdiction": "Ontario", "claim_id": "600671", "claim_name": null, "holder": "(100) McFarlane Lake Mining Limited", "status": "Active", "recorded_date": "2020-07-23", "anniversary_or_expiry": "2027-07-23", "area_ha": null, "tenure_type": "Single Cell Mining Claim", "source": "Ontario MLAS operational claims (OGSEarth / LIO MapServer). Unofficial viewing data, not legal title.", "as_of": "2026-09-20", "role": "focus", "color": "#e8b040"}}, {"type": "Feature", "geometry": {"type": "Polygon", "coordinates": [[[-81.8, 46.1625], [-81.8, 46.1667], [-81.8063, 46.1667], [-81.8063, 46.1625], [-81.8, 46.1625]]]}, "properties": {"company_id": "mcfarlane-lake-mining", "jurisdiction": "Ontario", "claim_id": "600672", "claim_name": null, "holder": "(100) McFarlane Lake Mining Limited", "status": "Active", "recorded_date": "2020-07-23", "anniversary_or_expiry": "2027-07-23", "area_ha": null, "tenure_type": "Single Cell Mining Claim", "source": "Ontario MLAS operational claims (OGSEarth / LIO MapServer). Unofficial viewing data, not legal title.", "as_of": "2026-09-20", "role": "focus", "color": "#e8b040"}}, {"type": "Feature", "geometry": {"type": "Polygon", "coordinates": [[[-81.7938, 46.1583], [-81.7938, 46.1625], [-81.8, 46.1625], [-81.8, 46.1583], [-81.7938, 46.1583]]]}, "properties": {"company_id": "mcfarlane-lake-mining", "jurisdiction": "Ontario", "claim_id": "600673", "claim_name": null, "holder": "(100) McFarlane Lake Mining Limited", "status": "Active", "recorded_date": "2020-07-23", "anniversary_or_expiry": "2027-07-23", "area_ha": null, "tenure_type": "Single Cell Mining Claim", "source": "Ontario MLAS operational claims (OGSEarth / LIO MapServer). Unofficial viewing data, not legal title.", "as_of": "2026-09-20", "role": "focus", "color": "#e8b040"}}, {"type": "Feature", "geometry": {"type": "Polygon", "coordinates": [[[-81.8, 46.1667], [-81.8, 46.1708], [-81.8063, 46.1708], [-81.8063, 46.1667], [-81.8, 46.1667]]]}, "properties": {"company_id": "mcfarlane-lake-mining", "jurisdiction": "Ontario", "claim_id": "600674", "claim_name": null, "holder": "(100) McFarlane Lake Mining Limited", "status": "Active", "recorded_date": "2020-07-23", "anniversary_or_expiry": "2027-07-23", "area_ha": null, "tenure_type": "Single Cell Mining Claim", "source": "Ontario MLAS operational claims (OGSEarth / LIO MapServer). Unofficial viewing data, not legal title.", "as_of": "2026-09-20", "role": "focus", "color": "#e8b040"}}, {"type": "Feature", "geometry": {"type": "Polygon", "coordinates": [[[-81.7938, 46.1667], [-81.7938, 46.1708], [-81.8, 46.1708], [-81.8, 46.1667], [-81.7938, 46.1667]]]}, "properties": {"company_id": "mcfarlane-lake-mining", "jurisdiction": "Ontario", "claim_id": "600675", "claim_name": null, "holder": "(100) McFarlane Lake Mining Limited", "status": "Active", "recorded_date": "2020-07-23", "anniversary_or_expiry": "2027-07-23", "area_ha": null, "tenure_type": "Single Cell Mining Claim", "source": "Ontario MLAS operational claims (OGSEarth / LIO MapServer). Unofficial viewing data, not legal title.", "as_of": "2026-09-20", "role": "focus", "color": "#e8b040"}}, {"type": "Feature", "geometry": {"type": "Polygon", "coordinates": [[[-81.75, 46.1458], [-81.75, 46.15], [-81.7563, 46.15], [-81.7563, 46.1458], [-81.75, 46.1458]]]}, "properties": {"company_id": "mcfarlane-lake-mining", "jurisdiction": "Ontario", "claim_id": "600676", "claim_name": null, "holder": "(100) McFarlane Lake Mining Limited", "status": "Active", "recorded_date": "2020-07-23", "anniversary_or_expiry": "2027-07-23", "area_ha": null, "tenure_type": "Single Cell Mining Claim", "source": "Ontario MLAS operational claims (OGSEarth / LIO MapServer). Unofficial viewing data, not legal title.", "as_of": "2026-09-20", "role": "focus", "color": "#e8b040"}}, {"type": "Feature", "geometry": {"type": "Polygon", "coordinates": [[[-81.7438, 46.1458], [-81.7438, 46.15], [-81.75, 46.15], [-81.75, 46.1458], [-81.7438, 46.1458]]]}, "properties": {"company_id": "mcfarlane-lake-mining", "jurisdiction": "Ontario", "claim_id": "600677", "claim_name": null, "holder": "(100) McFarlane Lake Mining Limited", "status": "Active", "recorded_date": "2020-07-23", "anniversary_or_expiry": "2027-07-23", "area_ha": null, "tenure_type": "Single Cell Mining Claim", "source": "Ontario MLAS operational claims (OGSEarth / LIO MapServer). Unofficial viewing data, not legal title.", "as_of": "2026-09-20", "role": "focus", "color": "#e8b040"}}, {"type": "Feature", "geometry": {"type": "Polygon", "coordinates": [[[-81.7375, 46.1458], [-81.7375, 46.15], [-81.7438, 46.15], [-81.7438, 46.1458], [-81.7375, 46.1458]]]}, "properties": {"company_id": "mcfarlane-lake-mining", "jurisdiction": "Ontario", "claim_id": "600678", "claim_name": null, "holder": "(100) McFarlane Lake Mining Limited", "status": "Active", "recorded_date": "2020-07-23", "anniversary_or_expiry": "2027-07-23", "area_ha": null, "tenure_type": "Single Cell Mining Claim", "source": "Ontario MLAS operational claims (OGSEarth / LIO MapServer). Unofficial viewing data, not legal title.", "as_of": "2026-09-20", "role": "focus", "color": "#e8b040"}}, {"type": "Feature", "geometry": {"type": "Polygon", "coordinates": [[[-81.7313, 46.1458], [-81.7313, 46.15], [-81.7375, 46.15], [-81.7375, 46.1458], [-81.7313, 46.1458]]]}, "properties": {"company_id": "mcfarlane-lake-mining", "jurisdiction": "Ontario", "claim_id": "600679", "claim_name": null, "holder": "(100) McFarlane Lake Mining Limited", "status": "Active", "recorded_date": "2020-07-23", "anniversary_or_expiry": "2027-07-23", "area_ha": null, "tenure_type": "Single Cell Mining Claim", "source": "Ontario MLAS operational claims (OGSEarth / LIO MapServer). Unofficial viewing data, not legal title.", "as_of": "2026-09-20", "role": "focus", "color": "#e8b040"}}, {"type": "Feature", "geometry": {"type": "Polygon", "coordinates": [[[-81.7438, 46.1417], [-81.7438, 46.1458], [-81.75, 46.1458], [-81.75, 46.1417], [-81.7438, 46.1417]]]}, "properties": {"company_id": "mcfarlane-lake-mining", "jurisdiction": "Ontario", "claim_id": "600680", "claim_name": null, "holder": "(100) McFarlane Lake Mining Limited", "status": "Active", "recorded_date": "2020-07-23", "anniversary_or_expiry": "2027-07-23", "area_ha": null, "tenure_type": "Single Cell Mining Claim", "source": "Ontario MLAS operational claims (OGSEarth / LIO MapServer). Unofficial viewing data, not legal title.", "as_of": "2026-09-20", "role": "focus", "color": "#e8b040"}}, {"type": "Feature", "geometry": {"type": "Polygon", "coordinates": [[[-81.7375, 46.1417], [-81.7375, 46.1458], [-81.7438, 46.1458], [-81.7438, 46.1417], [-81.7375, 46.1417]]]}, "properties": {"company_id": "mcfarlane-lake-mining", "jurisdiction": "Ontario", "claim_id": "600681", "claim_name": null, "holder": "(100) McFarlane Lake Mining Limited", "status": "Active", "recorded_date": "2020-07-23", "anniversary_or_expiry": "2027-07-23", "area_ha": null, "tenure_type": "Single Cell Mining Claim", "source": "Ontario MLAS operational claims (OGSEarth / LIO MapServer). Unofficial viewing data, not legal title.", "as_of": "2026-09-20", "role": "focus", "color": "#e8b040"}}, {"type": "Feature", "geometry": {"type": "Polygon", "coordinates": [[[-81.7313, 46.1417], [-81.7313, 46.1458], [-81.7375, 46.1458], [-81.7375, 46.1417], [-81.7313, 46.1417]]]}, "properties": {"company_id": "mcfarlane-lake-mining", "jurisdiction": "Ontario", "claim_id": "600682", "claim_name": null, "holder": "(100) McFarlane Lake Mining Limited", "status": "Active", "recorded_date": "2020-07-23", "anniversary_or_expiry": "2027-07-23", "area_ha": null, "tenure_type": "Single Cell Mining Claim", "source": "Ontario MLAS operational claims (OGSEarth / LIO MapServer). Unofficial viewing data, not legal title.", "as_of": "2026-09-20", "role": "focus", "color": "#e8b040"}}, {"type": "Feature", "geometry": {"type": "Polygon", "coordinates": [[[-81.8313, 46.1375], [-81.8313, 46.1417], [-81.8375, 46.1417], [-81.8375, 46.1375], [-81.8313, 46.1375]]]}, "properties": {"company_id": "mcfarlane-lake-mining", "jurisdiction": "Ontario", "claim_id": "746060", "claim_name": null, "holder": "(100) McFarlane Lake Mining Limited", "status": "Active", "recorded_date": "2022-09-14", "anniversary_or_expiry": "2027-09-14", "area_ha": null, "tenure_type": "Single Cell Mining Claim", "source": "Ontario MLAS operational claims (OGSEarth / LIO MapServer). Unofficial viewing data, not legal title.", "as_of": "2026-09-20", "role": "focus", "color": "#e8b040"}}, {"type": "Feature", "geometry": {"type": "Polygon", "coordinates": [[[-81.8313, 46.1458], [-81.8313, 46.15], [-81.8375, 46.15], [-81.8375, 46.1458], [-81.8313, 46.1458]]]}, "properties": {"company_id": "mcfarlane-lake-mining", "jurisdiction": "Ontario", "claim_id": "746061", "claim_name": null, "holder": "(100) McFarlane Lake Mining Limited", "status": "Active", "recorded_date": "2022-09-14", "anniversary_or_expiry": "2027-09-14", "area_ha": null, "tenure_type": "Single Cell Mining Claim", "source": "Ontario MLAS operational claims (OGSEarth / LIO MapServer). Unofficial viewing data, not legal title.", "as_of": "2026-09-20", "role": "focus", "color": "#e8b040"}}, {"type": "Feature", "geometry": {"type": "Polygon", "coordinates": [[[-81.8438, 46.1333], [-81.8438, 46.1375], [-81.85, 46.1375], [-81.85, 46.1333], [-81.8438, 46.1333]]]}, "properties": {"company_id": "mcfarlane-lake-mining", "jurisdiction": "Ontario", "claim_id": "746062", "claim_name": null, "holder": "(100) McFarlane Lake Mining Limited", "status": "Active", "recorded_date": "2022-09-14", "anniversary_or_expiry": "2027-09-14", "area_ha": null, "tenure_type": "Single Cell Mining Claim", "source": "Ontario MLAS operational claims (OGSEarth / LIO MapServer). Unofficial viewing data, not legal title.", "as_of": "2026-09-20", "role": "focus", "color": "#e8b040"}}, {"type": "Feature", "geometry": {"type": "Polygon", "coordinates": [[[-81.8313, 46.1417], [-81.8313, 46.1458], [-81.8375, 46.1458], [-81.8375, 46.1417], [-81.8313, 46.1417]]]}, "properties": {"company_id": "mcfarlane-lake-mining", "jurisdiction": "Ontario", "claim_id": "746063", "claim_name": null, "holder": "(100) McFarlane Lake Mining Limited", "status": "Active", "recorded_date": "2022-09-14", "anniversary_or_expiry": "2027-09-14", "area_ha": null, "tenure_type": "Single Cell Mining Claim", "source": "Ontario MLAS operational claims (OGSEarth / LIO MapServer). Unofficial viewing data, not legal title.", "as_of": "2026-09-20", "role": "focus", "color": "#e8b040"}}, {"type": "Feature", "geometry": {"type": "Polygon", "coordinates": [[[-81.825, 46.1417], [-81.825, 46.1458], [-81.8313, 46.1458], [-81.8313, 46.1417], [-81.825, 46.1417]]]}, "properties": {"company_id": "mcfarlane-lake-mining", "jurisdiction": "Ontario", "claim_id": "746064", "claim_name": null, "holder": "(100) McFarlane Lake Mining Limited", "status": "Active", "recorded_date": "2022-09-14", "anniversary_or_expiry": "2027-09-14", "area_ha": null, "tenure_type": "Single Cell Mining Claim", "source": "Ontario MLAS operational claims (OGSEarth / LIO MapServer). Unofficial viewing data, not legal title.", "as_of": "2026-09-20", "role": "focus", "color": "#e8b040"}}, {"type": "Feature", "geometry": {"type": "Polygon", "coordinates": [[[-81.8438, 46.1417], [-81.8438, 46.1458], [-81.85, 46.1458], [-81.85, 46.1417], [-81.8438, 46.1417]]]}, "properties": {"company_id": "mcfarlane-lake-mining", "jurisdiction": "Ontario", "claim_id": "746065", "claim_name": null, "holder": "(100) McFarlane Lake Mining Limited", "status": "Active", "recorded_date": "2022-09-14", "anniversary_or_expiry": "2027-09-14", "area_ha": null, "tenure_type": "Single Cell Mining Claim", "source": "Ontario MLAS operational claims (OGSEarth / LIO MapServer). Unofficial viewing data, not legal title.", "as_of": "2026-09-20", "role": "focus", "color": "#e8b040"}}, {"type": "Feature", "geometry": {"type": "Polygon", "coordinates": [[[-81.8375, 46.1417], [-81.8375, 46.1458], [-81.8438, 46.1458], [-81.8438, 46.1417], [-81.8375, 46.1417]]]}, "properties": {"company_id": "mcfarlane-lake-mining", "jurisdiction": "Ontario", "claim_id": "746066", "claim_name": null, "holder": "(100) McFarlane Lake Mining Limited", "status": "Active", "recorded_date": "2022-09-14", "anniversary_or_expiry": "2027-09-14", "area_ha": null, "tenure_type": "Single Cell Mining Claim", "source": "Ontario MLAS operational claims (OGSEarth / LIO MapServer). Unofficial viewing data, not legal title.", "as_of": "2026-09-20", "role": "focus", "color": "#e8b040"}}, {"type": "Feature", "geometry": {"type": "Polygon", "coordinates": [[[-81.8438, 46.1375], [-81.8438, 46.1417], [-81.85, 46.1417], [-81.85, 46.1375], [-81.8438, 46.1375]]]}, "properties": {"company_id": "mcfarlane-lake-mining", "jurisdiction": "Ontario", "claim_id": "746067", "claim_name": null, "holder": "(100) McFarlane Lake Mining Limited", "status": "Active", "recorded_date": "2022-09-14", "anniversary_or_expiry": "2027-09-14", "area_ha": null, "tenure_type": "Single Cell Mining Claim", "source": "Ontario MLAS operational claims (OGSEarth / LIO MapServer). Unofficial viewing data, not legal title.", "as_of": "2026-09-20", "role": "focus", "color": "#e8b040"}}, {"type": "Feature", "geometry": {"type": "Polygon", "coordinates": [[[-81.8375, 46.1375], [-81.8375, 46.1417], [-81.8438, 46.1417], [-81.8438, 46.1375], [-81.8375, 46.1375]]]}, "properties": {"company_id": "mcfarlane-lake-mining", "jurisdiction": "Ontario", "claim_id": "746068", "claim_name": null, "holder": "(100) McFarlane Lake Mining Limited", "status": "Active", "recorded_date": "2022-09-14", "anniversary_or_expiry": "2027-09-14", "area_ha": null, "tenure_type": "Single Cell Mining Claim", "source": "Ontario MLAS operational claims (OGSEarth / LIO MapServer). Unofficial viewing data, not legal title.", "as_of": "2026-09-20", "role": "focus", "color": "#e8b040"}}, {"type": "Feature", "geometry": {"type": "Polygon", "coordinates": [[[-81.8438, 46.1458], [-81.8438, 46.15], [-81.85, 46.15], [-81.85, 46.1458], [-81.8438, 46.1458]]]}, "properties": {"company_id": "mcfarlane-lake-mining", "jurisdiction": "Ontario", "claim_id": "746069", "claim_name": null, "holder": "(100) McFarlane Lake Mining Limited", "status": "Active", "recorded_date": "2022-09-14", "anniversary_or_expiry": "2027-09-14", "area_ha": null, "tenure_type": "Single Cell Mining Claim", "source": "Ontario MLAS operational claims (OGSEarth / LIO MapServer). Unofficial viewing data, not legal title.", "as_of": "2026-09-20", "role": "focus", "color": "#e8b040"}}, {"type": "Feature", "geometry": {"type": "Polygon", "coordinates": [[[-81.8375, 46.1333], [-81.8375, 46.1375], [-81.8438, 46.1375], [-81.8438, 46.1333], [-81.8375, 46.1333]]]}, "properties": {"company_id": "mcfarlane-lake-mining", "jurisdiction": "Ontario", "claim_id": "746070", "claim_name": null, "holder": "(100) McFarlane Lake Mining Limited", "status": "Active", "recorded_date": "2022-09-14", "anniversary_or_expiry": "2027-09-14", "area_ha": null, "tenure_type": "Single Cell Mining Claim", "source": "Ontario MLAS operational claims (OGSEarth / LIO MapServer). Unofficial viewing data, not legal title.", "as_of": "2026-09-20", "role": "focus", "color": "#e8b040"}}, {"type": "Feature", "geometry": {"type": "Polygon", "coordinates": [[[-81.8313, 46.1333], [-81.8313, 46.1375], [-81.8375, 46.1375], [-81.8375, 46.1333], [-81.8313, 46.1333]]]}, "properties": {"company_id": "mcfarlane-lake-mining", "jurisdiction": "Ontario", "claim_id": "746071", "claim_name": null, "holder": "(100) McFarlane Lake Mining Limited", "status": "Active", "recorded_date": "2022-09-14", "anniversary_or_expiry": "2027-09-14", "area_ha": null, "tenure_type": "Single Cell Mining Claim", "source": "Ontario MLAS operational claims (OGSEarth / LIO MapServer). Unofficial viewing data, not legal title.", "as_of": "2026-09-20", "role": "focus", "color": "#e8b040"}}, {"type": "Feature", "geometry": {"type": "Polygon", "coordinates": [[[-81.825, 46.1333], [-81.825, 46.1375], [-81.8313, 46.1375], [-81.8313, 46.1333], [-81.825, 46.1333]]]}, "properties": {"company_id": "mcfarlane-lake-mining", "jurisdiction": "Ontario", "claim_id": "746072", "claim_name": null, "holder": "(100) McFarlane Lake Mining Limited", "status": "Active", "recorded_date": "2022-09-14", "anniversary_or_expiry": "2027-09-14", "area_ha": null, "tenure_type": "Single Cell Mining Claim", "source": "Ontario MLAS operational claims (OGSEarth / LIO MapServer). Unofficial viewing data, not legal title.", "as_of": "2026-09-20", "role": "focus", "color": "#e8b040"}}, {"type": "Feature", "geometry": {"type": "Polygon", "coordinates": [[[-81.8375, 46.1458], [-81.8375, 46.15], [-81.8438, 46.15], [-81.8438, 46.1458], [-81.8375, 46.1458]]]}, "properties": {"company_id": "mcfarlane-lake-mining", "jurisdiction": "Ontario", "claim_id": "746073", "claim_name": null, "holder": "(100) McFarlane Lake Mining Limited", "status": "Active", "recorded_date": "2022-09-14", "anniversary_or_expiry": "2027-09-14", "area_ha": null, "tenure_type": "Single Cell Mining Claim", "source": "Ontario MLAS operational claims (OGSEarth / LIO MapServer). Unofficial viewing data, not legal title.", "as_of": "2026-09-20", "role": "focus", "color": "#e8b040"}}, {"type": "Feature", "geometry": {"type": "Polygon", "coordinates": [[[-81.825, 46.1375], [-81.825, 46.1417], [-81.8313, 46.1417], [-81.8313, 46.1375], [-81.825, 46.1375]]]}, "properties": {"company_id": "mcfarlane-lake-mining", "jurisdiction": "Ontario", "claim_id": "746074", "claim_name": null, "holder": "(100) McFarlane Lake Mining Limited", "status": "Active", "recorded_date": "2022-09-14", "anniversary_or_expiry": "2027-09-14", "area_ha": null, "tenure_type": "Single Cell Mining Claim", "source": "Ontario MLAS operational claims (OGSEarth / LIO MapServer). Unofficial viewing data, not legal title.", "as_of": "2026-09-20", "role": "focus", "color": "#e8b040"}}, {"type": "Feature", "geometry": {"type": "Polygon", "coordinates": [[[-81.825, 46.1458], [-81.825, 46.15], [-81.8313, 46.15], [-81.8313, 46.1458], [-81.825, 46.1458]]]}, "properties": {"company_id": "mcfarlane-lake-mining", "jurisdiction": "Ontario", "claim_id": "746075", "claim_name": null, "holder": "(100) McFarlane Lake Mining Limited", "status": "Active", "recorded_date": "2022-09-14", "anniversary_or_expiry": "2027-09-14", "area_ha": null, "tenure_type": "Single Cell Mining Claim", "source": "Ontario MLAS operational claims (OGSEarth / LIO MapServer). Unofficial viewing data, not legal title.", "as_of": "2026-09-20", "role": "focus", "color": "#e8b040"}}, {"type": "Feature", "geometry": {"type": "Polygon", "coordinates": [[[-80.175, 48.6042], [-80.175, 48.6083], [-80.1813, 48.6083], [-80.1813, 48.6042], [-80.175, 48.6042]]]}, "properties": {"company_id": "mcfarlane-lake-mining", "jurisdiction": "Ontario", "claim_id": "752338", "claim_name": null, "holder": "(100) McFarlane Lake Mining Limited", "status": "Active", "recorded_date": "2022-10-19", "anniversary_or_expiry": "2026-10-19", "area_ha": null, "tenure_type": "Single Cell Mining Claim", "source": "Ontario MLAS operational claims (OGSEarth / LIO MapServer). Unofficial viewing data, not legal title.", "as_of": "2026-09-20", "role": "focus", "color": "#e8b040"}}, {"type": "Feature", "geometry": {"type": "Polygon", "coordinates": [[[-80.175, 48.6], [-80.175, 48.6042], [-80.1813, 48.6042], [-80.1813, 48.6], [-80.175, 48.6]]]}, "properties": {"company_id": "mcfarlane-lake-mining", "jurisdiction": "Ontario", "claim_id": "752339", "claim_name": null, "holder": "(100) McFarlane Lake Mining Limited", "status": "Active", "recorded_date": "2022-10-19", "anniversary_or_expiry": "2026-10-19", "area_ha": null, "tenure_type": "Single Cell Mining Claim", "source": "Ontario MLAS operational claims (OGSEarth / LIO MapServer). Unofficial viewing data, not legal title.", "as_of": "2026-09-20", "role": "focus", "color": "#e8b040"}}, {"type": "Feature", "geometry": {"type": "Polygon", "coordinates": [[[-80.1813, 48.5958], [-80.1813, 48.6], [-80.1875, 48.6], [-80.1875, 48.5958], [-80.1813, 48.5958]]]}, "properties": {"company_id": "mcfarlane-lake-mining", "jurisdiction": "Ontario", "claim_id": "752340", "claim_name": null, "holder": "(100) McFarlane Lake Mining Limited", "status": "Active", "recorded_date": "2022-10-19", "anniversary_or_expiry": "2026-10-19", "area_ha": null, "tenure_type": "Single Cell Mining Claim", "source": "Ontario MLAS operational claims (OGSEarth / LIO MapServer). Unofficial viewing data, not legal title.", "as_of": "2026-09-20", "role": "focus", "color": "#e8b040"}}, {"type": "Feature", "geometry": {"type": "Polygon", "coordinates": [[[-80.175, 48.5958], [-80.175, 48.6], [-80.1813, 48.6], [-80.1813, 48.5958], [-80.175, 48.5958]]]}, "properties": {"company_id": "mcfarlane-lake-mining", "jurisdiction": "Ontario", "claim_id": "752341", "claim_name": null, "holder": "(100) McFarlane Lake Mining Limited", "status": "Active", "recorded_date": "2022-10-19", "anniversary_or_expiry": "2026-10-19", "area_ha": null, "tenure_type": "Single Cell Mining Claim", "source": "Ontario MLAS operational claims (OGSEarth / LIO MapServer). Unofficial viewing data, not legal title.", "as_of": "2026-09-20", "role": "focus", "color": "#e8b040"}}, {"type": "Feature", "geometry": {"type": "Polygon", "coordinates": [[[-80.1813, 48.6083], [-80.1813, 48.6125], [-80.1875, 48.6125], [-80.1875, 48.6083], [-80.1813, 48.6083]]]}, "properties": {"company_id": "mcfarlane-lake-mining", "jurisdiction": "Ontario", "claim_id": "752745", "claim_name": null, "holder": "(100) McFarlane Lake Mining Limited", "status": "Active", "recorded_date": "2022-10-21", "anniversary_or_expiry": "2026-10-21", "area_ha": null, "tenure_type": "Single Cell Mining Claim", "source": "Ontario MLAS operational claims (OGSEarth / LIO MapServer). Unofficial viewing data, not legal title.", "as_of": "2026-09-20", "role": "focus", "color": "#e8b040"}}, {"type": "Feature", "geometry": {"type": "Polygon", "coordinates": [[[-81.8125, 46.1542], [-81.8125, 46.1583], [-81.8188, 46.1583], [-81.8188, 46.1542], [-81.8125, 46.1542]]]}, "properties": {"company_id": "mcfarlane-lake-mining", "jurisdiction": "Ontario", "claim_id": "902731", "claim_name": null, "holder": "(100) McFarlane Lake Mining Limited", "status": "Active", "recorded_date": "2024-09-25", "anniversary_or_expiry": "2027-09-25", "area_ha": null, "tenure_type": "Single Cell Mining Claim", "source": "Ontario MLAS operational claims (OGSEarth / LIO MapServer). Unofficial viewing data, not legal title.", "as_of": "2026-09-20", "role": "focus", "color": "#e8b040"}}, {"type": "Feature", "geometry": {"type": "Polygon", "coordinates": [[[-81.8063, 46.1542], [-81.8063, 46.1583], [-81.8125, 46.1583], [-81.8125, 46.1542], [-81.8063, 46.1542]]]}, "properties": {"company_id": "mcfarlane-lake-mining", "jurisdiction": "Ontario", "claim_id": "902732", "claim_name": null, "holder": "(100) McFarlane Lake Mining Limited", "status": "Active", "recorded_date": "2024-09-25", "anniversary_or_expiry": "2027-09-25", "area_ha": null, "tenure_type": "Single Cell Mining Claim", "source": "Ontario MLAS operational claims (OGSEarth / LIO MapServer). Unofficial viewing data, not legal title.", "as_of": "2026-09-20", "role": "focus", "color": "#e8b040"}}, {"type": "Feature", "geometry": {"type": "Polygon", "coordinates": [[[-80.9688, 47.5875], [-80.9688, 47.5917], [-80.975, 47.5917], [-80.975, 47.5875], [-80.9688, 47.5875]]]}, "properties": {"company_id": "mcfarlane-lake-mining", "jurisdiction": "Ontario", "claim_id": "210837", "claim_name": null, "holder": "(100) McFarlane Lake Mining Limited", "status": "Active", "recorded_date": "2018-04-10", "anniversary_or_expiry": "2030-09-23", "area_ha": null, "tenure_type": "Boundary Cell Mining Claim", "source": "Ontario MLAS operational claims (OGSEarth / LIO MapServer). Unofficial viewing data, not legal title.", "as_of": "2026-09-20", "role": "focus", "color": "#e8b040"}}, {"type": "Feature", "geometry": {"type": "Polygon", "coordinates": [[[-80.95, 47.5875], [-80.95, 47.5917], [-80.9563, 47.5917], [-80.9563, 47.5875], [-80.95, 47.5875]]]}, "properties": {"company_id": "mcfarlane-lake-mining", "jurisdiction": "Ontario", "claim_id": "157448", "claim_name": null, "holder": "(100) McFarlane Lake Mining Limited", "status": "Active", "recorded_date": "2018-04-10", "anniversary_or_expiry": "2030-09-23", "area_ha": null, "tenure_type": "Boundary Cell Mining Claim", "source": "Ontario MLAS operational claims (OGSEarth / LIO MapServer). Unofficial viewing data, not legal title.", "as_of": "2026-09-20", "role": "focus", "color": "#e8b040"}}, {"type": "Feature", "geometry": {"type": "Polygon", "coordinates": [[[-80.9563, 47.5875], [-80.9563, 47.5917], [-80.9625, 47.5917], [-80.9625, 47.5875], [-80.9563, 47.5875]]]}, "properties": {"company_id": "mcfarlane-lake-mining", "jurisdiction": "Ontario", "claim_id": "127651", "claim_name": null, "holder": "(100) McFarlane Lake Mining Limited", "status": "Active", "recorded_date": "2018-04-10", "anniversary_or_expiry": "2030-09-23", "area_ha": null, "tenure_type": "Boundary Cell Mining Claim", "source": "Ontario MLAS operational claims (OGSEarth / LIO MapServer). Unofficial viewing data, not legal title.", "as_of": "2026-09-20", "role": "focus", "color": "#e8b040"}}, {"type": "Feature", "geometry": {"type": "Polygon", "coordinates": [[[-81.7875, 46.1083], [-81.7875, 46.1125], [-81.7938, 46.1125], [-81.7938, 46.1083], [-81.7875, 46.1083]]]}, "properties": {"company_id": "mcfarlane-lake-mining", "jurisdiction": "Ontario", "claim_id": "943809", "claim_name": null, "holder": "(100) McFarlane Lake Mining Limited", "status": "Active", "recorded_date": "2025-04-30", "anniversary_or_expiry": "2027-04-30", "area_ha": null, "tenure_type": "Single Cell Mining Claim", "source": "Ontario MLAS operational claims (OGSEarth / LIO MapServer). Unofficial viewing data, not legal title.", "as_of": "2026-09-20", "role": "focus", "color": "#e8b040"}}, {"type": "Feature", "geometry": {"type": "Polygon", "coordinates": [[[-81.75, 46.1042], [-81.75, 46.1083], [-81.7563, 46.1083], [-81.7563, 46.1042], [-81.75, 46.1042]]]}, "properties": {"company_id": "mcfarlane-lake-mining", "jurisdiction": "Ontario", "claim_id": "943810", "claim_name": null, "holder": "(100) McFarlane Lake Mining Limited", "status": "Active", "recorded_date": "2025-04-30", "anniversary_or_expiry": "2027-09-25", "area_ha": null, "tenure_type": "Single Cell Mining Claim", "source": "Ontario MLAS operational claims (OGSEarth / LIO MapServer). Unofficial viewing data, not legal title.", "as_of": "2026-09-20", "role": "focus", "color": "#e8b040"}}, {"type": "Feature", "geometry": {"type": "Polygon", "coordinates": [[[-81.7563, 46.1333], [-81.7563, 46.1375], [-81.7625, 46.1375], [-81.7625, 46.1333], [-81.7563, 46.1333]]]}, "properties": {"company_id": "mcfarlane-lake-mining", "jurisdiction": "Ontario", "claim_id": "943811", "claim_name": null, "holder": "(100) McFarlane Lake Mining Limited", "status": "Active", "recorded_date": "2025-04-30", "anniversary_or_expiry": "2027-04-30", "area_ha": null, "tenure_type": "Single Cell Mining Claim", "source": "Ontario MLAS operational claims (OGSEarth / LIO MapServer). Unofficial viewing data, not legal title.", "as_of": "2026-09-20", "role": "focus", "color": "#e8b040"}}, {"type": "Feature", "geometry": {"type": "Polygon", "coordinates": [[[-81.7438, 46.1167], [-81.7438, 46.1208], [-81.75, 46.1208], [-81.75, 46.1167], [-81.7438, 46.1167]]]}, "properties": {"company_id": "mcfarlane-lake-mining", "jurisdiction": "Ontario", "claim_id": "943812", "claim_name": null, "holder": "(100) McFarlane Lake Mining Limited", "status": "Active", "recorded_date": "2025-04-30", "anniversary_or_expiry": "2027-09-25", "area_ha": null, "tenure_type": "Single Cell Mining Claim", "source": "Ontario MLAS operational claims (OGSEarth / LIO MapServer). Unofficial viewing data, not legal title.", "as_of": "2026-09-20", "role": "focus", "color": "#e8b040"}}, {"type": "Feature", "geometry": {"type": "Polygon", "coordinates": [[[-81.7438, 46.1208], [-81.7438, 46.125], [-81.75, 46.125], [-81.75, 46.1208], [-81.7438, 46.1208]]]}, "properties": {"company_id": "mcfarlane-lake-mining", "jurisdiction": "Ontario", "claim_id": "943813", "claim_name": null, "holder": "(100) McFarlane Lake Mining Limited", "status": "Active", "recorded_date": "2025-04-30", "anniversary_or_expiry": "2027-04-30", "area_ha": null, "tenure_type": "Single Cell Mining Claim", "source": "Ontario MLAS operational claims (OGSEarth / LIO MapServer). Unofficial viewing data, not legal title.", "as_of": "2026-09-20", "role": "focus", "color": "#e8b040"}}, {"type": "Feature", "geometry": {"type": "Polygon", "coordinates": [[[-81.7375, 46.1167], [-81.7375, 46.1208], [-81.7438, 46.1208], [-81.7438, 46.1167], [-81.7375, 46.1167]]]}, "properties": {"company_id": "mcfarlane-lake-mining", "jurisdiction": "Ontario", "claim_id": "943814", "claim_name": null, "holder": "(100) McFarlane Lake Mining Limited", "status": "Active", "recorded_date": "2025-04-30", "anniversary_or_expiry": "2027-04-30", "area_ha": null, "tenure_type": "Single Cell Mining Claim", "source": "Ontario MLAS operational claims (OGSEarth / LIO MapServer). Unofficial viewing data, not legal title.", "as_of": "2026-09-20", "role": "focus", "color": "#e8b040"}}, {"type": "Feature", "geometry": {"type": "Polygon", "coordinates": [[[-81.7813, 46.1125], [-81.7813, 46.1167], [-81.7875, 46.1167], [-81.7875, 46.1125], [-81.7813, 46.1125]]]}, "properties": {"company_id": "mcfarlane-lake-mining", "jurisdiction": "Ontario", "claim_id": "943815", "claim_name": null, "holder": "(100) McFarlane Lake Mining Limited", "status": "Active", "recorded_date": "2025-04-30", "anniversary_or_expiry": "2027-09-25", "area_ha": null, "tenure_type": "Single Cell Mining Claim", "source": "Ontario MLAS operational claims (OGSEarth / LIO MapServer). Unofficial viewing data, not legal title.", "as_of": "2026-09-20", "role": "focus", "color": "#e8b040"}}, {"type": "Feature", "geometry": {"type": "Polygon", "coordinates": [[[-81.7563, 46.125], [-81.7563, 46.1292], [-81.7625, 46.1292], [-81.7625, 46.125], [-81.7563, 46.125]]]}, "properties": {"company_id": "mcfarlane-lake-mining", "jurisdiction": "Ontario", "claim_id": "943816", "claim_name": null, "holder": "(100) McFarlane Lake Mining Limited", "status": "Active", "recorded_date": "2025-04-30", "anniversary_or_expiry": "2027-09-25", "area_ha": null, "tenure_type": "Single Cell Mining Claim", "source": "Ontario MLAS operational claims (OGSEarth / LIO MapServer). Unofficial viewing data, not legal title.", "as_of": "2026-09-20", "role": "focus", "color": "#e8b040"}}, {"type": "Feature", "geometry": {"type": "Polygon", "coordinates": [[[-81.7438, 46.1083], [-81.7438, 46.1125], [-81.75, 46.1125], [-81.75, 46.1083], [-81.7438, 46.1083]]]}, "properties": {"company_id": "mcfarlane-lake-mining", "jurisdiction": "Ontario", "claim_id": "943817", "claim_name": null, "holder": "(100) McFarlane Lake Mining Limited", "status": "Active", "recorded_date": "2025-04-30", "anniversary_or_expiry": "2027-09-25", "area_ha": null, "tenure_type": "Single Cell Mining Claim", "source": "Ontario MLAS operational claims (OGSEarth / LIO MapServer). Unofficial viewing data, not legal title.", "as_of": "2026-09-20", "role": "focus", "color": "#e8b040"}}, {"type": "Feature", "geometry": {"type": "Polygon", "coordinates": [[[-81.7375, 46.1292], [-81.7375, 46.1333], [-81.7438, 46.1333], [-81.7438, 46.1292], [-81.7375, 46.1292]]]}, "properties": {"company_id": "mcfarlane-lake-mining", "jurisdiction": "Ontario", "claim_id": "943818", "claim_name": null, "holder": "(100) McFarlane Lake Mining Limited", "status": "Active", "recorded_date": "2025-04-30", "anniversary_or_expiry": "2027-04-30", "area_ha": null, "tenure_type": "Single Cell Mining Claim", "source": "Ontario MLAS operational claims (OGSEarth / LIO MapServer). Unofficial viewing data, not legal title.", "as_of": "2026-09-20", "role": "focus", "color": "#e8b040"}}, {"type": "Feature", "geometry": {"type": "Polygon", "coordinates": [[[-81.7813, 46.1167], [-81.7813, 46.1208], [-81.7875, 46.1208], [-81.7875, 46.1167], [-81.7813, 46.1167]]]}, "properties": {"company_id": "mcfarlane-lake-mining", "jurisdiction": "Ontario", "claim_id": "943819", "claim_name": null, "holder": "(100) McFarlane Lake Mining Limited", "status": "Active", "recorded_date": "2025-04-30", "anniversary_or_expiry": "2027-09-25", "area_ha": null, "tenure_type": "Single Cell Mining Claim", "source": "Ontario MLAS operational claims (OGSEarth / LIO MapServer). Unofficial viewing data, not legal title.", "as_of": "2026-09-20", "role": "focus", "color": "#e8b040"}}, {"type": "Feature", "geometry": {"type": "Polygon", "coordinates": [[[-81.775, 46.1208], [-81.775, 46.125], [-81.7813, 46.125], [-81.7813, 46.1208], [-81.775, 46.1208]]]}, "properties": {"company_id": "mcfarlane-lake-mining", "jurisdiction": "Ontario", "claim_id": "943820", "claim_name": null, "holder": "(100) McFarlane Lake Mining Limited", "status": "Active", "recorded_date": "2025-04-30", "anniversary_or_expiry": "2027-09-25", "area_ha": null, "tenure_type": "Single Cell Mining Claim", "source": "Ontario MLAS operational claims (OGSEarth / LIO MapServer). Unofficial viewing data, not legal title.", "as_of": "2026-09-20", "role": "focus", "color": "#e8b040"}}, {"type": "Feature", "geometry": {"type": "Polygon", "coordinates": [[[-81.7688, 46.1208], [-81.7688, 46.125], [-81.775, 46.125], [-81.775, 46.1208], [-81.7688, 46.1208]]]}, "properties": {"company_id": "mcfarlane-lake-mining", "jurisdiction": "Ontario", "claim_id": "943821", "claim_name": null, "holder": "(100) McFarlane Lake Mining Limited", "status": "Active", "recorded_date": "2025-04-30", "anniversary_or_expiry": "2027-09-25", "area_ha": null, "tenure_type": "Single Cell Mining Claim", "source": "Ontario MLAS operational claims (OGSEarth / LIO MapServer). Unofficial viewing data, not legal title.", "as_of": "2026-09-20", "role": "focus", "color": "#e8b040"}}, {"type": "Feature", "geometry": {"type": "Polygon", "coordinates": [[[-81.7625, 46.1083], [-81.7625, 46.1125], [-81.7688, 46.1125], [-81.7688, 46.1083], [-81.7625, 46.1083]]]}, "properties": {"company_id": "mcfarlane-lake-mining", "jurisdiction": "Ontario", "claim_id": "943822", "claim_name": null, "holder": "(100) McFarlane Lake Mining Limited", "status": "Active", "recorded_date": "2025-04-30", "anniversary_or_expiry": "2027-09-25", "area_ha": null, "tenure_type": "Single Cell Mining Claim", "source": "Ontario MLAS operational claims (OGSEarth / LIO MapServer). Unofficial viewing data, not legal title.", "as_of": "2026-09-20", "role": "focus", "color": "#e8b040"}}, {"type": "Feature", "geometry": {"type": "Polygon", "coordinates": [[[-81.7563, 46.1292], [-81.7563, 46.1333], [-81.7625, 46.1333], [-81.7625, 46.1292], [-81.7563, 46.1292]]]}, "properties": {"company_id": "mcfarlane-lake-mining", "jurisdiction": "Ontario", "claim_id": "943823", "claim_name": null, "holder": "(100) McFarlane Lake Mining Limited", "status": "Active", "recorded_date": "2025-04-30", "anniversary_or_expiry": "2027-04-30", "area_ha": null, "tenure_type": "Single Cell Mining Claim", "source": "Ontario MLAS operational claims (OGSEarth / LIO MapServer). Unofficial viewing data, not legal title.", "as_of": "2026-09-20", "role": "focus", "color": "#e8b040"}}, {"type": "Feature", "geometry": {"type": "Polygon", "coordinates": [[[-81.7375, 46.125], [-81.7375, 46.1292], [-81.7438, 46.1292], [-81.7438, 46.125], [-81.7375, 46.125]]]}, "properties": {"company_id": "mcfarlane-lake-mining", "jurisdiction": "Ontario", "claim_id": "943824", "claim_name": null, "holder": "(100) McFarlane Lake Mining Limited", "status": "Active", "recorded_date": "2025-04-30", "anniversary_or_expiry": "2027-04-30", "area_ha": null, "tenure_type": "Single Cell Mining Claim", "source": "Ontario MLAS operational claims (OGSEarth / LIO MapServer). Unofficial viewing data, not legal title.", "as_of": "2026-09-20", "role": "focus", "color": "#e8b040"}}, {"type": "Feature", "geometry": {"type": "Polygon", "coordinates": [[[-81.7438, 46.1333], [-81.7438, 46.1375], [-81.75, 46.1375], [-81.75, 46.1333], [-81.7438, 46.1333]]]}, "properties": {"company_id": "mcfarlane-lake-mining", "jurisdiction": "Ontario", "claim_id": "943825", "claim_name": null, "holder": "(100) McFarlane Lake Mining Limited", "status": "Active", "recorded_date": "2025-04-30", "anniversary_or_expiry": "2027-04-30", "area_ha": null, "tenure_type": "Single Cell Mining Claim", "source": "Ontario MLAS operational claims (OGSEarth / LIO MapServer). Unofficial viewing data, not legal title.", "as_of": "2026-09-20", "role": "focus", "color": "#e8b040"}}, {"type": "Feature", "geometry": {"type": "Polygon", "coordinates": [[[-81.7375, 46.1125], [-81.7375, 46.1167], [-81.7438, 46.1167], [-81.7438, 46.1125], [-81.7375, 46.1125]]]}, "properties": {"company_id": "mcfarlane-lake-mining", "jurisdiction": "Ontario", "claim_id": "943826", "claim_name": null, "holder": "(100) McFarlane Lake Mining Limited", "status": "Active", "recorded_date": "2025-04-30", "anniversary_or_expiry": "2027-09-25", "area_ha": null, "tenure_type": "Single Cell Mining Claim", "source": "Ontario MLAS operational claims (OGSEarth / LIO MapServer). Unofficial viewing data, not legal title.", "as_of": "2026-09-20", "role": "focus", "color": "#e8b040"}}, {"type": "Feature", "geometry": {"type": "Polygon", "coordinates": [[[-81.7375, 46.1208], [-81.7375, 46.125], [-81.7438, 46.125], [-81.7438, 46.1208], [-81.7375, 46.1208]]]}, "properties": {"company_id": "mcfarlane-lake-mining", "jurisdiction": "Ontario", "claim_id": "943827", "claim_name": null, "holder": "(100) McFarlane Lake Mining Limited", "status": "Active", "recorded_date": "2025-04-30", "anniversary_or_expiry": "2027-09-25", "area_ha": null, "tenure_type": "Single Cell Mining Claim", "source": "Ontario MLAS operational claims (OGSEarth / LIO MapServer). Unofficial viewing data, not legal title.", "as_of": "2026-09-20", "role": "focus", "color": "#e8b040"}}, {"type": "Feature", "geometry": {"type": "Polygon", "coordinates": [[[-81.7813, 46.1083], [-81.7813, 46.1125], [-81.7875, 46.1125], [-81.7875, 46.1083], [-81.7813, 46.1083]]]}, "properties": {"company_id": "mcfarlane-lake-mining", "jurisdiction": "Ontario", "claim_id": "943828", "claim_name": null, "holder": "(100) McFarlane Lake Mining Limited", "status": "Active", "recorded_date": "2025-04-30", "anniversary_or_expiry": "2027-09-25", "area_ha": null, "tenure_type": "Single Cell Mining Claim", "source": "Ontario MLAS operational claims (OGSEarth / LIO MapServer). Unofficial viewing data, not legal title.", "as_of": "2026-09-20", "role": "focus", "color": "#e8b040"}}, {"type": "Feature", "geometry": {"type": "Polygon", "coordinates": [[[-81.775, 46.1167], [-81.775, 46.1208], [-81.7813, 46.1208], [-81.7813, 46.1167], [-81.775, 46.1167]]]}, "properties": {"company_id": "mcfarlane-lake-mining", "jurisdiction": "Ontario", "claim_id": "943829", "claim_name": null, "holder": "(100) McFarlane Lake Mining Limited", "status": "Active", "recorded_date": "2025-04-30", "anniversary_or_expiry": "2027-09-25", "area_ha": null, "tenure_type": "Single Cell Mining Claim", "source": "Ontario MLAS operational claims (OGSEarth / LIO MapServer). Unofficial viewing data, not legal title.", "as_of": "2026-09-20", "role": "focus", "color": "#e8b040"}}, {"type": "Feature", "geometry": {"type": "Polygon", "coordinates": [[[-81.7438, 46.1292], [-81.7438, 46.1333], [-81.75, 46.1333], [-81.75, 46.1292], [-81.7438, 46.1292]]]}, "properties": {"company_id": "mcfarlane-lake-mining", "jurisdiction": "Ontario", "claim_id": "943830", "claim_name": null, "holder": "(100) McFarlane Lake Mining Limited", "status": "Active", "recorded_date": "2025-04-30", "anniversary_or_expiry": "2027-04-30", "area_ha": null, "tenure_type": "Single Cell Mining Claim", "source": "Ontario MLAS operational claims (OGSEarth / LIO MapServer). Unofficial viewing data, not legal title.", "as_of": "2026-09-20", "role": "focus", "color": "#e8b040"}}, {"type": "Feature", "geometry": {"type": "Polygon", "coordinates": [[[-81.7688, 46.1042], [-81.7688, 46.1083], [-81.775, 46.1083], [-81.775, 46.1042], [-81.7688, 46.1042]]]}, "properties": {"company_id": "mcfarlane-lake-mining", "jurisdiction": "Ontario", "claim_id": "943831", "claim_name": null, "holder": "(100) McFarlane Lake Mining Limited", "status": "Active", "recorded_date": "2025-04-30", "anniversary_or_expiry": "2027-09-25", "area_ha": null, "tenure_type": "Single Cell Mining Claim", "source": "Ontario MLAS operational claims (OGSEarth / LIO MapServer). Unofficial viewing data, not legal title.", "as_of": "2026-09-20", "role": "focus", "color": "#e8b040"}}, {"type": "Feature", "geometry": {"type": "Polygon", "coordinates": [[[-81.775, 46.1042], [-81.775, 46.1083], [-81.7813, 46.1083], [-81.7813, 46.1042], [-81.775, 46.1042]]]}, "properties": {"company_id": "mcfarlane-lake-mining", "jurisdiction": "Ontario", "claim_id": "943832", "claim_name": null, "holder": "(100) McFarlane Lake Mining Limited", "status": "Active", "recorded_date": "2025-04-30", "anniversary_or_expiry": "2027-09-25", "area_ha": null, "tenure_type": "Single Cell Mining Claim", "source": "Ontario MLAS operational claims (OGSEarth / LIO MapServer). Unofficial viewing data, not legal title.", "as_of": "2026-09-20", "role": "focus", "color": "#e8b040"}}, {"type": "Feature", "geometry": {"type": "Polygon", "coordinates": [[[-81.775, 46.1083], [-81.775, 46.1125], [-81.7813, 46.1125], [-81.7813, 46.1083], [-81.775, 46.1083]]]}, "properties": {"company_id": "mcfarlane-lake-mining", "jurisdiction": "Ontario", "claim_id": "943833", "claim_name": null, "holder": "(100) McFarlane Lake Mining Limited", "status": "Active", "recorded_date": "2025-04-30", "anniversary_or_expiry": "2027-09-25", "area_ha": null, "tenure_type": "Single Cell Mining Claim", "source": "Ontario MLAS operational claims (OGSEarth / LIO MapServer). Unofficial viewing data, not legal title.", "as_of": "2026-09-20", "role": "focus", "color": "#e8b040"}}, {"type": "Feature", "geometry": {"type": "Polygon", "coordinates": [[[-81.775, 46.1125], [-81.775, 46.1167], [-81.7813, 46.1167], [-81.7813, 46.1125], [-81.775, 46.1125]]]}, "properties": {"company_id": "mcfarlane-lake-mining", "jurisdiction": "Ontario", "claim_id": "943834", "claim_name": null, "holder": "(100) McFarlane Lake Mining Limited", "status": "Active", "recorded_date": "2025-04-30", "anniversary_or_expiry": "2027-09-25", "area_ha": null, "tenure_type": "Single Cell Mining Claim", "source": "Ontario MLAS operational claims (OGSEarth / LIO MapServer). Unofficial viewing data, not legal title.", "as_of": "2026-09-20", "role": "focus", "color": "#e8b040"}}, {"type": "Feature", "geometry": {"type": "Polygon", "coordinates": [[[-81.7688, 46.1083], [-81.7688, 46.1125], [-81.775, 46.1125], [-81.775, 46.1083], [-81.7688, 46.1083]]]}, "properties": {"company_id": "mcfarlane-lake-mining", "jurisdiction": "Ontario", "claim_id": "943835", "claim_name": null, "holder": "(100) McFarlane Lake Mining Limited", "status": "Active", "recorded_date": "2025-04-30", "anniversary_or_expiry": "2027-09-25", "area_ha": null, "tenure_type": "Single Cell Mining Claim", "source": "Ontario MLAS operational claims (OGSEarth / LIO MapServer). Unofficial viewing data, not legal title.", "as_of": "2026-09-20", "role": "focus", "color": "#e8b040"}}, {"type": "Feature", "geometry": {"type": "Polygon", "coordinates": [[[-81.7625, 46.1042], [-81.7625, 46.1083], [-81.7688, 46.1083], [-81.7688, 46.1042], [-81.7625, 46.1042]]]}, "properties": {"company_id": "mcfarlane-lake-mining", "jurisdiction": "Ontario", "claim_id": "943836", "claim_name": null, "holder": "(100) McFarlane Lake Mining Limited", "status": "Active", "recorded_date": "2025-04-30", "anniversary_or_expiry": "2027-09-25", "area_ha": null, "tenure_type": "Single Cell Mining Claim", "source": "Ontario MLAS operational claims (OGSEarth / LIO MapServer). Unofficial viewing data, not legal title.", "as_of": "2026-09-20", "role": "focus", "color": "#e8b040"}}, {"type": "Feature", "geometry": {"type": "Polygon", "coordinates": [[[-81.7625, 46.1208], [-81.7625, 46.125], [-81.7688, 46.125], [-81.7688, 46.1208], [-81.7625, 46.1208]]]}, "properties": {"company_id": "mcfarlane-lake-mining", "jurisdiction": "Ontario", "claim_id": "943837", "claim_name": null, "holder": "(100) McFarlane Lake Mining Limited", "status": "Active", "recorded_date": "2025-04-30", "anniversary_or_expiry": "2027-09-25", "area_ha": null, "tenure_type": "Single Cell Mining Claim", "source": "Ontario MLAS operational claims (OGSEarth / LIO MapServer). Unofficial viewing data, not legal title.", "as_of": "2026-09-20", "role": "focus", "color": "#e8b040"}}, {"type": "Feature", "geometry": {"type": "Polygon", "coordinates": [[[-81.7625, 46.125], [-81.7625, 46.1292], [-81.7688, 46.1292], [-81.7688, 46.125], [-81.7625, 46.125]]]}, "properties": {"company_id": "mcfarlane-lake-mining", "jurisdiction": "Ontario", "claim_id": "943838", "claim_name": null, "holder": "(100) McFarlane Lake Mining Limited", "status": "Active", "recorded_date": "2025-04-30", "anniversary_or_expiry": "2027-09-25", "area_ha": null, "tenure_type": "Single Cell Mining Claim", "source": "Ontario MLAS operational claims (OGSEarth / LIO MapServer). Unofficial viewing data, not legal title.", "as_of": "2026-09-20", "role": "focus", "color": "#e8b040"}}, {"type": "Feature", "geometry": {"type": "Polygon", "coordinates": [[[-81.7563, 46.1042], [-81.7563, 46.1083], [-81.7625, 46.1083], [-81.7625, 46.1042], [-81.7563, 46.1042]]]}, "properties": {"company_id": "mcfarlane-lake-mining", "jurisdiction": "Ontario", "claim_id": "943839", "claim_name": null, "holder": "(100) McFarlane Lake Mining Limited", "status": "Active", "recorded_date": "2025-04-30", "anniversary_or_expiry": "2027-09-25", "area_ha": null, "tenure_type": "Single Cell Mining Claim", "source": "Ontario MLAS operational claims (OGSEarth / LIO MapServer). Unofficial viewing data, not legal title.", "as_of": "2026-09-20", "role": "focus", "color": "#e8b040"}}, {"type": "Feature", "geometry": {"type": "Polygon", "coordinates": [[[-81.75, 46.1083], [-81.75, 46.1125], [-81.7563, 46.1125], [-81.7563, 46.1083], [-81.75, 46.1083]]]}, "properties": {"company_id": "mcfarlane-lake-mining", "jurisdiction": "Ontario", "claim_id": "943840", "claim_name": null, "holder": "(100) McFarlane Lake Mining Limited", "status": "Active", "recorded_date": "2025-04-30", "anniversary_or_expiry": "2027-09-25", "area_ha": null, "tenure_type": "Single Cell Mining Claim", "source": "Ontario MLAS operational claims (OGSEarth / LIO MapServer). Unofficial viewing data, not legal title.", "as_of": "2026-09-20", "role": "focus", "color": "#e8b040"}}, {"type": "Feature", "geometry": {"type": "Polygon", "coordinates": [[[-81.75, 46.1333], [-81.75, 46.1375], [-81.7563, 46.1375], [-81.7563, 46.1333], [-81.75, 46.1333]]]}, "properties": {"company_id": "mcfarlane-lake-mining", "jurisdiction": "Ontario", "claim_id": "943841", "claim_name": null, "holder": "(100) McFarlane Lake Mining Limited", "status": "Active", "recorded_date": "2025-04-30", "anniversary_or_expiry": "2027-04-30", "area_ha": null, "tenure_type": "Single Cell Mining Claim", "source": "Ontario MLAS operational claims (OGSEarth / LIO MapServer). Unofficial viewing data, not legal title.", "as_of": "2026-09-20", "role": "focus", "color": "#e8b040"}}, {"type": "Feature", "geometry": {"type": "Polygon", "coordinates": [[[-81.7375, 46.1083], [-81.7375, 46.1125], [-81.7438, 46.1125], [-81.7438, 46.1083], [-81.7375, 46.1083]]]}, "properties": {"company_id": "mcfarlane-lake-mining", "jurisdiction": "Ontario", "claim_id": "943842", "claim_name": null, "holder": "(100) McFarlane Lake Mining Limited", "status": "Active", "recorded_date": "2025-04-30", "anniversary_or_expiry": "2027-09-25", "area_ha": null, "tenure_type": "Single Cell Mining Claim", "source": "Ontario MLAS operational claims (OGSEarth / LIO MapServer). Unofficial viewing data, not legal title.", "as_of": "2026-09-20", "role": "focus", "color": "#e8b040"}}, {"type": "Feature", "geometry": {"type": "Polygon", "coordinates": [[[-81.7563, 46.1208], [-81.7563, 46.125], [-81.7625, 46.125], [-81.7625, 46.1208], [-81.7563, 46.1208]]]}, "properties": {"company_id": "mcfarlane-lake-mining", "jurisdiction": "Ontario", "claim_id": "943843", "claim_name": null, "holder": "(100) McFarlane Lake Mining Limited", "status": "Active", "recorded_date": "2025-04-30", "anniversary_or_expiry": "2027-09-25", "area_ha": null, "tenure_type": "Single Cell Mining Claim", "source": "Ontario MLAS operational claims (OGSEarth / LIO MapServer). Unofficial viewing data, not legal title.", "as_of": "2026-09-20", "role": "focus", "color": "#e8b040"}}, {"type": "Feature", "geometry": {"type": "Polygon", "coordinates": [[[-81.7563, 46.1125], [-81.7563, 46.1167], [-81.7625, 46.1167], [-81.7625, 46.1125], [-81.7563, 46.1125]]]}, "properties": {"company_id": "mcfarlane-lake-mining", "jurisdiction": "Ontario", "claim_id": "943844", "claim_name": null, "holder": "(100) McFarlane Lake Mining Limited", "status": "Active", "recorded_date": "2025-04-30", "anniversary_or_expiry": "2027-09-25", "area_ha": null, "tenure_type": "Single Cell Mining Claim", "source": "Ontario MLAS operational claims (OGSEarth / LIO MapServer). Unofficial viewing data, not legal title.", "as_of": "2026-09-20", "role": "focus", "color": "#e8b040"}}, {"type": "Feature", "geometry": {"type": "Polygon", "coordinates": [[[-81.7563, 46.1167], [-81.7563, 46.1208], [-81.7625, 46.1208], [-81.7625, 46.1167], [-81.7563, 46.1167]]]}, "properties": {"company_id": "mcfarlane-lake-mining", "jurisdiction": "Ontario", "claim_id": "943845", "claim_name": null, "holder": "(100) McFarlane Lake Mining Limited", "status": "Active", "recorded_date": "2025-04-30", "anniversary_or_expiry": "2027-09-25", "area_ha": null, "tenure_type": "Single Cell Mining Claim", "source": "Ontario MLAS operational claims (OGSEarth / LIO MapServer). Unofficial viewing data, not legal title.", "as_of": "2026-09-20", "role": "focus", "color": "#e8b040"}}, {"type": "Feature", "geometry": {"type": "Polygon", "coordinates": [[[-81.75, 46.1167], [-81.75, 46.1208], [-81.7563, 46.1208], [-81.7563, 46.1167], [-81.75, 46.1167]]]}, "properties": {"company_id": "mcfarlane-lake-mining", "jurisdiction": "Ontario", "claim_id": "943846", "claim_name": null, "holder": "(100) McFarlane Lake Mining Limited", "status": "Active", "recorded_date": "2025-04-30", "anniversary_or_expiry": "2027-09-25", "area_ha": null, "tenure_type": "Single Cell Mining Claim", "source": "Ontario MLAS operational claims (OGSEarth / LIO MapServer). Unofficial viewing data, not legal title.", "as_of": "2026-09-20", "role": "focus", "color": "#e8b040"}}, {"type": "Feature", "geometry": {"type": "Polygon", "coordinates": [[[-81.75, 46.125], [-81.75, 46.1292], [-81.7563, 46.1292], [-81.7563, 46.125], [-81.75, 46.125]]]}, "properties": {"company_id": "mcfarlane-lake-mining", "jurisdiction": "Ontario", "claim_id": "943847", "claim_name": null, "holder": "(100) McFarlane Lake Mining Limited", "status": "Active", "recorded_date": "2025-04-30", "anniversary_or_expiry": "2027-09-25", "area_ha": null, "tenure_type": "Single Cell Mining Claim", "source": "Ontario MLAS operational claims (OGSEarth / LIO MapServer). Unofficial viewing data, not legal title.", "as_of": "2026-09-20", "role": "focus", "color": "#e8b040"}}, {"type": "Feature", "geometry": {"type": "Polygon", "coordinates": [[[-81.7563, 46.1083], [-81.7563, 46.1125], [-81.7625, 46.1125], [-81.7625, 46.1083], [-81.7563, 46.1083]]]}, "properties": {"company_id": "mcfarlane-lake-mining", "jurisdiction": "Ontario", "claim_id": "943848", "claim_name": null, "holder": "(100) McFarlane Lake Mining Limited", "status": "Active", "recorded_date": "2025-04-30", "anniversary_or_expiry": "2027-09-25", "area_ha": null, "tenure_type": "Single Cell Mining Claim", "source": "Ontario MLAS operational claims (OGSEarth / LIO MapServer). Unofficial viewing data, not legal title.", "as_of": "2026-09-20", "role": "focus", "color": "#e8b040"}}, {"type": "Feature", "geometry": {"type": "Polygon", "coordinates": [[[-81.7438, 46.1125], [-81.7438, 46.1167], [-81.75, 46.1167], [-81.75, 46.1125], [-81.7438, 46.1125]]]}, "properties": {"company_id": "mcfarlane-lake-mining", "jurisdiction": "Ontario", "claim_id": "943849", "claim_name": null, "holder": "(100) McFarlane Lake Mining Limited", "status": "Active", "recorded_date": "2025-04-30", "anniversary_or_expiry": "2027-09-25", "area_ha": null, "tenure_type": "Single Cell Mining Claim", "source": "Ontario MLAS operational claims (OGSEarth / LIO MapServer). Unofficial viewing data, not legal title.", "as_of": "2026-09-20", "role": "focus", "color": "#e8b040"}}, {"type": "Feature", "geometry": {"type": "Polygon", "coordinates": [[[-81.75, 46.1125], [-81.75, 46.1167], [-81.7563, 46.1167], [-81.7563, 46.1125], [-81.75, 46.1125]]]}, "properties": {"company_id": "mcfarlane-lake-mining", "jurisdiction": "Ontario", "claim_id": "943850", "claim_name": null, "holder": "(100) McFarlane Lake Mining Limited", "status": "Active", "recorded_date": "2025-04-30", "anniversary_or_expiry": "2027-09-25", "area_ha": null, "tenure_type": "Single Cell Mining Claim", "source": "Ontario MLAS operational claims (OGSEarth / LIO MapServer). Unofficial viewing data, not legal title.", "as_of": "2026-09-20", "role": "focus", "color": "#e8b040"}}, {"type": "Feature", "geometry": {"type": "Polygon", "coordinates": [[[-81.75, 46.1292], [-81.75, 46.1333], [-81.7563, 46.1333], [-81.7563, 46.1292], [-81.75, 46.1292]]]}, "properties": {"company_id": "mcfarlane-lake-mining", "jurisdiction": "Ontario", "claim_id": "943851", "claim_name": null, "holder": "(100) McFarlane Lake Mining Limited", "status": "Active", "recorded_date": "2025-04-30", "anniversary_or_expiry": "2027-04-30", "area_ha": null, "tenure_type": "Single Cell Mining Claim", "source": "Ontario MLAS operational claims (OGSEarth / LIO MapServer). Unofficial viewing data, not legal title.", "as_of": "2026-09-20", "role": "focus", "color": "#e8b040"}}, {"type": "Feature", "geometry": {"type": "Polygon", "coordinates": [[[-81.75, 46.1208], [-81.75, 46.125], [-81.7563, 46.125], [-81.7563, 46.1208], [-81.75, 46.1208]]]}, "properties": {"company_id": "mcfarlane-lake-mining", "jurisdiction": "Ontario", "claim_id": "943852", "claim_name": null, "holder": "(100) McFarlane Lake Mining Limited", "status": "Active", "recorded_date": "2025-04-30", "anniversary_or_expiry": "2027-04-30", "area_ha": null, "tenure_type": "Single Cell Mining Claim", "source": "Ontario MLAS operational claims (OGSEarth / LIO MapServer). Unofficial viewing data, not legal title.", "as_of": "2026-09-20", "role": "focus", "color": "#e8b040"}}, {"type": "Feature", "geometry": {"type": "Polygon", "coordinates": [[[-81.7438, 46.125], [-81.7438, 46.1292], [-81.75, 46.1292], [-81.75, 46.125], [-81.7438, 46.125]]]}, "properties": {"company_id": "mcfarlane-lake-mining", "jurisdiction": "Ontario", "claim_id": "943853", "claim_name": null, "holder": "(100) McFarlane Lake Mining Limited", "status": "Active", "recorded_date": "2025-04-30", "anniversary_or_expiry": "2027-09-25", "area_ha": null, "tenure_type": "Single Cell Mining Claim", "source": "Ontario MLAS operational claims (OGSEarth / LIO MapServer). Unofficial viewing data, not legal title.", "as_of": "2026-09-20", "role": "focus", "color": "#e8b040"}}, {"type": "Feature", "geometry": {"type": "Polygon", "coordinates": [[[-81.7688, 46.1167], [-81.7688, 46.1208], [-81.775, 46.1208], [-81.775, 46.1167], [-81.7688, 46.1167]]]}, "properties": {"company_id": "mcfarlane-lake-mining", "jurisdiction": "Ontario", "claim_id": "943854", "claim_name": null, "holder": "(100) McFarlane Lake Mining Limited", "status": "Active", "recorded_date": "2025-04-30", "anniversary_or_expiry": "2027-09-25", "area_ha": null, "tenure_type": "Single Cell Mining Claim", "source": "Ontario MLAS operational claims (OGSEarth / LIO MapServer). Unofficial viewing data, not legal title.", "as_of": "2026-09-20", "role": "focus", "color": "#e8b040"}}, {"type": "Feature", "geometry": {"type": "Polygon", "coordinates": [[[-81.7625, 46.1125], [-81.7625, 46.1167], [-81.7688, 46.1167], [-81.7688, 46.1125], [-81.7625, 46.1125]]]}, "properties": {"company_id": "mcfarlane-lake-mining", "jurisdiction": "Ontario", "claim_id": "943855", "claim_name": null, "holder": "(100) McFarlane Lake Mining Limited", "status": "Active", "recorded_date": "2025-04-30", "anniversary_or_expiry": "2027-09-25", "area_ha": null, "tenure_type": "Single Cell Mining Claim", "source": "Ontario MLAS operational claims (OGSEarth / LIO MapServer). Unofficial viewing data, not legal title.", "as_of": "2026-09-20", "role": "focus", "color": "#e8b040"}}, {"type": "Feature", "geometry": {"type": "Polygon", "coordinates": [[[-81.7625, 46.1167], [-81.7625, 46.1208], [-81.7688, 46.1208], [-81.7688, 46.1167], [-81.7625, 46.1167]]]}, "properties": {"company_id": "mcfarlane-lake-mining", "jurisdiction": "Ontario", "claim_id": "943856", "claim_name": null, "holder": "(100) McFarlane Lake Mining Limited", "status": "Active", "recorded_date": "2025-04-30", "anniversary_or_expiry": "2027-09-25", "area_ha": null, "tenure_type": "Single Cell Mining Claim", "source": "Ontario MLAS operational claims (OGSEarth / LIO MapServer). Unofficial viewing data, not legal title.", "as_of": "2026-09-20", "role": "focus", "color": "#e8b040"}}, {"type": "Feature", "geometry": {"type": "Polygon", "coordinates": [[[-81.7688, 46.1125], [-81.7688, 46.1167], [-81.775, 46.1167], [-81.775, 46.1125], [-81.7688, 46.1125]]]}, "properties": {"company_id": "mcfarlane-lake-mining", "jurisdiction": "Ontario", "claim_id": "943857", "claim_name": null, "holder": "(100) McFarlane Lake Mining Limited", "status": "Active", "recorded_date": "2025-04-30", "anniversary_or_expiry": "2027-09-25", "area_ha": null, "tenure_type": "Single Cell Mining Claim", "source": "Ontario MLAS operational claims (OGSEarth / LIO MapServer). Unofficial viewing data, not legal title.", "as_of": "2026-09-20", "role": "focus", "color": "#e8b040"}}, {"type": "Feature", "geometry": {"type": "Polygon", "coordinates": [[[-81.7375, 46.1333], [-81.7375, 46.1375], [-81.7438, 46.1375], [-81.7438, 46.1333], [-81.7375, 46.1333]]]}, "properties": {"company_id": "mcfarlane-lake-mining", "jurisdiction": "Ontario", "claim_id": "943858", "claim_name": null, "holder": "(100) McFarlane Lake Mining Limited", "status": "Active", "recorded_date": "2025-04-30", "anniversary_or_expiry": "2027-04-30", "area_ha": null, "tenure_type": "Single Cell Mining Claim", "source": "Ontario MLAS operational claims (OGSEarth / LIO MapServer). Unofficial viewing data, not legal title.", "as_of": "2026-09-20", "role": "focus", "color": "#e8b040"}}, {"type": "Feature", "geometry": {"type": "Polygon", "coordinates": [[[-81.725, 46.1417], [-81.725, 46.1458], [-81.7313, 46.1458], [-81.7313, 46.1417], [-81.725, 46.1417]]]}, "properties": {"company_id": "mcfarlane-lake-mining", "jurisdiction": "Ontario", "claim_id": "943859", "claim_name": null, "holder": "(100) McFarlane Lake Mining Limited", "status": "Active", "recorded_date": "2025-04-30", "anniversary_or_expiry": "2027-04-30", "area_ha": null, "tenure_type": "Single Cell Mining Claim", "source": "Ontario MLAS operational claims (OGSEarth / LIO MapServer). Unofficial viewing data, not legal title.", "as_of": "2026-09-20", "role": "focus", "color": "#e8b040"}}, {"type": "Feature", "geometry": {"type": "Polygon", "coordinates": [[[-81.7313, 46.1375], [-81.7313, 46.1417], [-81.7375, 46.1417], [-81.7375, 46.1375], [-81.7313, 46.1375]]]}, "properties": {"company_id": "mcfarlane-lake-mining", "jurisdiction": "Ontario", "claim_id": "943860", "claim_name": null, "holder": "(100) McFarlane Lake Mining Limited", "status": "Active", "recorded_date": "2025-04-30", "anniversary_or_expiry": "2027-04-30", "area_ha": null, "tenure_type": "Single Cell Mining Claim", "source": "Ontario MLAS operational claims (OGSEarth / LIO MapServer). Unofficial viewing data, not legal title.", "as_of": "2026-09-20", "role": "focus", "color": "#e8b040"}}, {"type": "Feature", "geometry": {"type": "Polygon", "coordinates": [[[-81.725, 46.1375], [-81.725, 46.1417], [-81.7313, 46.1417], [-81.7313, 46.1375], [-81.725, 46.1375]]]}, "properties": {"company_id": "mcfarlane-lake-mining", "jurisdiction": "Ontario", "claim_id": "943861", "claim_name": null, "holder": "(100) McFarlane Lake Mining Limited", "status": "Active", "recorded_date": "2025-04-30", "anniversary_or_expiry": "2027-04-30", "area_ha": null, "tenure_type": "Single Cell Mining Claim", "source": "Ontario MLAS operational claims (OGSEarth / LIO MapServer). Unofficial viewing data, not legal title.", "as_of": "2026-09-20", "role": "focus", "color": "#e8b040"}}, {"type": "Feature", "geometry": {"type": "Polygon", "coordinates": [[[-81.7188, 46.1375], [-81.7188, 46.1417], [-81.725, 46.1417], [-81.725, 46.1375], [-81.7188, 46.1375]]]}, "properties": {"company_id": "mcfarlane-lake-mining", "jurisdiction": "Ontario", "claim_id": "943862", "claim_name": null, "holder": "(100) McFarlane Lake Mining Limited", "status": "Active", "recorded_date": "2025-04-30", "anniversary_or_expiry": "2027-04-30", "area_ha": null, "tenure_type": "Single Cell Mining Claim", "source": "Ontario MLAS operational claims (OGSEarth / LIO MapServer). Unofficial viewing data, not legal title.", "as_of": "2026-09-20", "role": "focus", "color": "#e8b040"}}, {"type": "Feature", "geometry": {"type": "Polygon", "coordinates": [[[-81.7125, 46.1375], [-81.7125, 46.1417], [-81.7188, 46.1417], [-81.7188, 46.1375], [-81.7125, 46.1375]]]}, "properties": {"company_id": "mcfarlane-lake-mining", "jurisdiction": "Ontario", "claim_id": "943863", "claim_name": null, "holder": "(100) McFarlane Lake Mining Limited", "status": "Active", "recorded_date": "2025-04-30", "anniversary_or_expiry": "2027-04-30", "area_ha": null, "tenure_type": "Single Cell Mining Claim", "source": "Ontario MLAS operational claims (OGSEarth / LIO MapServer). Unofficial viewing data, not legal title.", "as_of": "2026-09-20", "role": "focus", "color": "#e8b040"}}, {"type": "Feature", "geometry": {"type": "Polygon", "coordinates": [[[-81.7313, 46.1333], [-81.7313, 46.1375], [-81.7375, 46.1375], [-81.7375, 46.1333], [-81.7313, 46.1333]]]}, "properties": {"company_id": "mcfarlane-lake-mining", "jurisdiction": "Ontario", "claim_id": "943864", "claim_name": null, "holder": "(100) McFarlane Lake Mining Limited", "status": "Active", "recorded_date": "2025-04-30", "anniversary_or_expiry": "2027-04-30", "area_ha": null, "tenure_type": "Single Cell Mining Claim", "source": "Ontario MLAS operational claims (OGSEarth / LIO MapServer). Unofficial viewing data, not legal title.", "as_of": "2026-09-20", "role": "focus", "color": "#e8b040"}}, {"type": "Feature", "geometry": {"type": "Polygon", "coordinates": [[[-81.725, 46.1333], [-81.725, 46.1375], [-81.7313, 46.1375], [-81.7313, 46.1333], [-81.725, 46.1333]]]}, "properties": {"company_id": "mcfarlane-lake-mining", "jurisdiction": "Ontario", "claim_id": "943865", "claim_name": null, "holder": "(100) McFarlane Lake Mining Limited", "status": "Active", "recorded_date": "2025-04-30", "anniversary_or_expiry": "2027-04-30", "area_ha": null, "tenure_type": "Single Cell Mining Claim", "source": "Ontario MLAS operational claims (OGSEarth / LIO MapServer). Unofficial viewing data, not legal title.", "as_of": "2026-09-20", "role": "focus", "color": "#e8b040"}}, {"type": "Feature", "geometry": {"type": "Polygon", "coordinates": [[[-81.7188, 46.1333], [-81.7188, 46.1375], [-81.725, 46.1375], [-81.725, 46.1333], [-81.7188, 46.1333]]]}, "properties": {"company_id": "mcfarlane-lake-mining", "jurisdiction": "Ontario", "claim_id": "943866", "claim_name": null, "holder": "(100) McFarlane Lake Mining Limited", "status": "Active", "recorded_date": "2025-04-30", "anniversary_or_expiry": "2027-04-30", "area_ha": null, "tenure_type": "Single Cell Mining Claim", "source": "Ontario MLAS operational claims (OGSEarth / LIO MapServer). Unofficial viewing data, not legal title.", "as_of": "2026-09-20", "role": "focus", "color": "#e8b040"}}, {"type": "Feature", "geometry": {"type": "Polygon", "coordinates": [[[-81.7875, 46.1042], [-81.7875, 46.1083], [-81.7938, 46.1083], [-81.7938, 46.1042], [-81.7875, 46.1042]]]}, "properties": {"company_id": "mcfarlane-lake-mining", "jurisdiction": "Ontario", "claim_id": "943867", "claim_name": null, "holder": "(100) McFarlane Lake Mining Limited", "status": "Active", "recorded_date": "2025-04-30", "anniversary_or_expiry": "2027-04-30", "area_ha": null, "tenure_type": "Single Cell Mining Claim", "source": "Ontario MLAS operational claims (OGSEarth / LIO MapServer). Unofficial viewing data, not legal title.", "as_of": "2026-09-20", "role": "focus", "color": "#e8b040"}}, {"type": "Feature", "geometry": {"type": "Polygon", "coordinates": [[[-81.7813, 46.1042], [-81.7813, 46.1083], [-81.7875, 46.1083], [-81.7875, 46.1042], [-81.7813, 46.1042]]]}, "properties": {"company_id": "mcfarlane-lake-mining", "jurisdiction": "Ontario", "claim_id": "943868", "claim_name": null, "holder": "(100) McFarlane Lake Mining Limited", "status": "Active", "recorded_date": "2025-04-30", "anniversary_or_expiry": "2027-09-25", "area_ha": null, "tenure_type": "Single Cell Mining Claim", "source": "Ontario MLAS operational claims (OGSEarth / LIO MapServer). Unofficial viewing data, not legal title.", "as_of": "2026-09-20", "role": "focus", "color": "#e8b040"}}, {"type": "Feature", "geometry": {"type": "Polygon", "coordinates": [[[-81.7875, 46.1], [-81.7875, 46.1042], [-81.7938, 46.1042], [-81.7938, 46.1], [-81.7875, 46.1]]]}, "properties": {"company_id": "mcfarlane-lake-mining", "jurisdiction": "Ontario", "claim_id": "943869", "claim_name": null, "holder": "(100) McFarlane Lake Mining Limited", "status": "Active", "recorded_date": "2025-04-30", "anniversary_or_expiry": "2027-04-30", "area_ha": null, "tenure_type": "Single Cell Mining Claim", "source": "Ontario MLAS operational claims (OGSEarth / LIO MapServer). Unofficial viewing data, not legal title.", "as_of": "2026-09-20", "role": "focus", "color": "#e8b040"}}, {"type": "Feature", "geometry": {"type": "Polygon", "coordinates": [[[-81.7813, 46.1], [-81.7813, 46.1042], [-81.7875, 46.1042], [-81.7875, 46.1], [-81.7813, 46.1]]]}, "properties": {"company_id": "mcfarlane-lake-mining", "jurisdiction": "Ontario", "claim_id": "943870", "claim_name": null, "holder": "(100) McFarlane Lake Mining Limited", "status": "Active", "recorded_date": "2025-04-30", "anniversary_or_expiry": "2027-04-30", "area_ha": null, "tenure_type": "Single Cell Mining Claim", "source": "Ontario MLAS operational claims (OGSEarth / LIO MapServer). Unofficial viewing data, not legal title.", "as_of": "2026-09-20", "role": "focus", "color": "#e8b040"}}, {"type": "Feature", "geometry": {"type": "Polygon", "coordinates": [[[-81.7313, 46.1125], [-81.7313, 46.1167], [-81.7375, 46.1167], [-81.7375, 46.1125], [-81.7313, 46.1125]]]}, "properties": {"company_id": "mcfarlane-lake-mining", "jurisdiction": "Ontario", "claim_id": "943940", "claim_name": null, "holder": "(100) McFarlane Lake Mining Limited", "status": "Active", "recorded_date": "2025-05-01", "anniversary_or_expiry": "2027-05-01", "area_ha": null, "tenure_type": "Single Cell Mining Claim", "source": "Ontario MLAS operational claims (OGSEarth / LIO MapServer). Unofficial viewing data, not legal title.", "as_of": "2026-09-20", "role": "focus", "color": "#e8b040"}}, {"type": "Feature", "geometry": {"type": "Polygon", "coordinates": [[[-81.7313, 46.1083], [-81.7313, 46.1125], [-81.7375, 46.1125], [-81.7375, 46.1083], [-81.7313, 46.1083]]]}, "properties": {"company_id": "mcfarlane-lake-mining", "jurisdiction": "Ontario", "claim_id": "943941", "claim_name": null, "holder": "(100) McFarlane Lake Mining Limited", "status": "Active", "recorded_date": "2025-05-01", "anniversary_or_expiry": "2027-05-01", "area_ha": null, "tenure_type": "Single Cell Mining Claim", "source": "Ontario MLAS operational claims (OGSEarth / LIO MapServer). Unofficial viewing data, not legal title.", "as_of": "2026-09-20", "role": "focus", "color": "#e8b040"}}, {"type": "Feature", "geometry": {"type": "Polygon", "coordinates": [[[-81.7313, 46.125], [-81.7313, 46.1292], [-81.7375, 46.1292], [-81.7375, 46.125], [-81.7313, 46.125]]]}, "properties": {"company_id": "mcfarlane-lake-mining", "jurisdiction": "Ontario", "claim_id": "943942", "claim_name": null, "holder": "(100) McFarlane Lake Mining Limited", "status": "Active", "recorded_date": "2025-05-01", "anniversary_or_expiry": "2027-05-01", "area_ha": null, "tenure_type": "Single Cell Mining Claim", "source": "Ontario MLAS operational claims (OGSEarth / LIO MapServer). Unofficial viewing data, not legal title.", "as_of": "2026-09-20", "role": "focus", "color": "#e8b040"}}, {"type": "Feature", "geometry": {"type": "Polygon", "coordinates": [[[-81.7313, 46.1208], [-81.7313, 46.125], [-81.7375, 46.125], [-81.7375, 46.1208], [-81.7313, 46.1208]]]}, "properties": {"company_id": "mcfarlane-lake-mining", "jurisdiction": "Ontario", "claim_id": "943943", "claim_name": null, "holder": "(100) McFarlane Lake Mining Limited", "status": "Active", "recorded_date": "2025-05-01", "anniversary_or_expiry": "2027-05-01", "area_ha": null, "tenure_type": "Single Cell Mining Claim", "source": "Ontario MLAS operational claims (OGSEarth / LIO MapServer). Unofficial viewing data, not legal title.", "as_of": "2026-09-20", "role": "focus", "color": "#e8b040"}}, {"type": "Feature", "geometry": {"type": "Polygon", "coordinates": [[[-81.7688, 46.125], [-81.7688, 46.1292], [-81.775, 46.1292], [-81.775, 46.125], [-81.7688, 46.125]]]}, "properties": {"company_id": "mcfarlane-lake-mining", "jurisdiction": "Ontario", "claim_id": "943944", "claim_name": null, "holder": "(100) McFarlane Lake Mining Limited", "status": "Active", "recorded_date": "2025-05-01", "anniversary_or_expiry": "2027-05-01", "area_ha": null, "tenure_type": "Single Cell Mining Claim", "source": "Ontario MLAS operational claims (OGSEarth / LIO MapServer). Unofficial viewing data, not legal title.", "as_of": "2026-09-20", "role": "focus", "color": "#e8b040"}}, {"type": "Feature", "geometry": {"type": "Polygon", "coordinates": [[[-81.775, 46.1417], [-81.775, 46.1458], [-81.7813, 46.1458], [-81.7813, 46.1417], [-81.775, 46.1417]]]}, "properties": {"company_id": "mcfarlane-lake-mining", "jurisdiction": "Ontario", "claim_id": "502922", "claim_name": null, "holder": "(100) McFarlane Lake Mining Limited", "status": "Active", "recorded_date": "2018-04-10", "anniversary_or_expiry": "2027-04-10", "area_ha": null, "tenure_type": "Single Cell Mining Claim", "source": "Ontario MLAS operational claims (OGSEarth / LIO MapServer). Unofficial viewing data, not legal title.", "as_of": "2026-09-20", "role": "focus", "color": "#e8b040"}}, {"type": "Feature", "geometry": {"type": "Polygon", "coordinates": [[[-81.7688, 46.1417], [-81.7688, 46.1458], [-81.775, 46.1458], [-81.775, 46.1417], [-81.7688, 46.1417]]]}, "properties": {"company_id": "mcfarlane-lake-mining", "jurisdiction": "Ontario", "claim_id": "502923", "claim_name": null, "holder": "(100) McFarlane Lake Mining Limited", "status": "Active", "recorded_date": "2018-04-10", "anniversary_or_expiry": "2027-04-10", "area_ha": null, "tenure_type": "Single Cell Mining Claim", "source": "Ontario MLAS operational claims (OGSEarth / LIO MapServer). Unofficial viewing data, not legal title.", "as_of": "2026-09-20", "role": "focus", "color": "#e8b040"}}, {"type": "Feature", "geometry": {"type": "Polygon", "coordinates": [[[-81.7625, 46.1417], [-81.7625, 46.1458], [-81.7688, 46.1458], [-81.7688, 46.1417], [-81.7625, 46.1417]]]}, "properties": {"company_id": "mcfarlane-lake-mining", "jurisdiction": "Ontario", "claim_id": "502924", "claim_name": null, "holder": "(100) McFarlane Lake Mining Limited", "status": "Active", "recorded_date": "2018-04-10", "anniversary_or_expiry": "2027-04-10", "area_ha": null, "tenure_type": "Single Cell Mining Claim", "source": "Ontario MLAS operational claims (OGSEarth / LIO MapServer). Unofficial viewing data, not legal title.", "as_of": "2026-09-20", "role": "focus", "color": "#e8b040"}}, {"type": "Feature", "geometry": {"type": "Polygon", "coordinates": [[[-81.7563, 46.1417], [-81.7563, 46.1458], [-81.7625, 46.1458], [-81.7625, 46.1417], [-81.7563, 46.1417]]]}, "properties": {"company_id": "mcfarlane-lake-mining", "jurisdiction": "Ontario", "claim_id": "502925", "claim_name": null, "holder": "(100) McFarlane Lake Mining Limited", "status": "Active", "recorded_date": "2018-04-10", "anniversary_or_expiry": "2027-04-10", "area_ha": null, "tenure_type": "Single Cell Mining Claim", "source": "Ontario MLAS operational claims (OGSEarth / LIO MapServer). Unofficial viewing data, not legal title.", "as_of": "2026-09-20", "role": "focus", "color": "#e8b040"}}, {"type": "Feature", "geometry": {"type": "Polygon", "coordinates": [[[-81.775, 46.1375], [-81.775, 46.1417], [-81.7813, 46.1417], [-81.7813, 46.1375], [-81.775, 46.1375]]]}, "properties": {"company_id": "mcfarlane-lake-mining", "jurisdiction": "Ontario", "claim_id": "502926", "claim_name": null, "holder": "(100) McFarlane Lake Mining Limited", "status": "Active", "recorded_date": "2018-04-10", "anniversary_or_expiry": "2027-04-10", "area_ha": null, "tenure_type": "Single Cell Mining Claim", "source": "Ontario MLAS operational claims (OGSEarth / LIO MapServer). Unofficial viewing data, not legal title.", "as_of": "2026-09-20", "role": "focus", "color": "#e8b040"}}, {"type": "Feature", "geometry": {"type": "Polygon", "coordinates": [[[-81.7688, 46.1375], [-81.7688, 46.1417], [-81.775, 46.1417], [-81.775, 46.1375], [-81.7688, 46.1375]]]}, "properties": {"company_id": "mcfarlane-lake-mining", "jurisdiction": "Ontario", "claim_id": "502927", "claim_name": null, "holder": "(100) McFarlane Lake Mining Limited", "status": "Active", "recorded_date": "2018-04-10", "anniversary_or_expiry": "2027-04-10", "area_ha": null, "tenure_type": "Single Cell Mining Claim", "source": "Ontario MLAS operational claims (OGSEarth / LIO MapServer). Unofficial viewing data, not legal title.", "as_of": "2026-09-20", "role": "focus", "color": "#e8b040"}}, {"type": "Feature", "geometry": {"type": "Polygon", "coordinates": [[[-81.7625, 46.1375], [-81.7625, 46.1417], [-81.7688, 46.1417], [-81.7688, 46.1375], [-81.7625, 46.1375]]]}, "properties": {"company_id": "mcfarlane-lake-mining", "jurisdiction": "Ontario", "claim_id": "502928", "claim_name": null, "holder": "(100) McFarlane Lake Mining Limited", "status": "Active", "recorded_date": "2018-04-10", "anniversary_or_expiry": "2027-04-10", "area_ha": null, "tenure_type": "Single Cell Mining Claim", "source": "Ontario MLAS operational claims (OGSEarth / LIO MapServer). Unofficial viewing data, not legal title.", "as_of": "2026-09-20", "role": "focus", "color": "#e8b040"}}, {"type": "Feature", "geometry": {"type": "Polygon", "coordinates": [[[-81.7563, 46.1375], [-81.7563, 46.1417], [-81.7625, 46.1417], [-81.7625, 46.1375], [-81.7563, 46.1375]]]}, "properties": {"company_id": "mcfarlane-lake-mining", "jurisdiction": "Ontario", "claim_id": "502929", "claim_name": null, "holder": "(100) McFarlane Lake Mining Limited", "status": "Active", "recorded_date": "2018-04-10", "anniversary_or_expiry": "2027-04-10", "area_ha": null, "tenure_type": "Single Cell Mining Claim", "source": "Ontario MLAS operational claims (OGSEarth / LIO MapServer). Unofficial viewing data, not legal title.", "as_of": "2026-09-20", "role": "focus", "color": "#e8b040"}}, {"type": "Feature", "geometry": {"type": "Polygon", "coordinates": [[[-81.75, 46.1417], [-81.75, 46.1458], [-81.7563, 46.1458], [-81.7563, 46.1417], [-81.75, 46.1417]]]}, "properties": {"company_id": "mcfarlane-lake-mining", "jurisdiction": "Ontario", "claim_id": "502930", "claim_name": null, "holder": "(100) McFarlane Lake Mining Limited", "status": "Active", "recorded_date": "2018-04-10", "anniversary_or_expiry": "2027-04-10", "area_ha": null, "tenure_type": "Single Cell Mining Claim", "source": "Ontario MLAS operational claims (OGSEarth / LIO MapServer). Unofficial viewing data, not legal title.", "as_of": "2026-09-20", "role": "focus", "color": "#e8b040"}}, {"type": "Feature", "geometry": {"type": "Polygon", "coordinates": [[[-81.75, 46.1375], [-81.75, 46.1417], [-81.7563, 46.1417], [-81.7563, 46.1375], [-81.75, 46.1375]]]}, "properties": {"company_id": "mcfarlane-lake-mining", "jurisdiction": "Ontario", "claim_id": "502931", "claim_name": null, "holder": "(100) McFarlane Lake Mining Limited", "status": "Active", "recorded_date": "2018-04-10", "anniversary_or_expiry": "2027-04-10", "area_ha": null, "tenure_type": "Single Cell Mining Claim", "source": "Ontario MLAS operational claims (OGSEarth / LIO MapServer). Unofficial viewing data, not legal title.", "as_of": "2026-09-20", "role": "focus", "color": "#e8b040"}}, {"type": "Feature", "geometry": {"type": "Polygon", "coordinates": [[[-81.7375, 46.1542], [-81.7375, 46.1583], [-81.7438, 46.1583], [-81.7438, 46.1542], [-81.7375, 46.1542]]]}, "properties": {"company_id": "mcfarlane-lake-mining", "jurisdiction": "Ontario", "claim_id": "583927", "claim_name": null, "holder": "(100) McFarlane Lake Mining Limited", "status": "Active", "recorded_date": "2020-04-13", "anniversary_or_expiry": "2027-04-13", "area_ha": null, "tenure_type": "Single Cell Mining Claim", "source": "Ontario MLAS operational claims (OGSEarth / LIO MapServer). Unofficial viewing data, not legal title.", "as_of": "2026-09-20", "role": "focus", "color": "#e8b040"}}, {"type": "Feature", "geometry": {"type": "Polygon", "coordinates": [[[-81.7563, 46.15], [-81.7563, 46.1542], [-81.7625, 46.1542], [-81.7625, 46.15], [-81.7563, 46.15]]]}, "properties": {"company_id": "mcfarlane-lake-mining", "jurisdiction": "Ontario", "claim_id": "583928", "claim_name": null, "holder": "(100) McFarlane Lake Mining Limited", "status": "Active", "recorded_date": "2020-04-13", "anniversary_or_expiry": "2027-04-13", "area_ha": null, "tenure_type": "Single Cell Mining Claim", "source": "Ontario MLAS operational claims (OGSEarth / LIO MapServer). Unofficial viewing data, not legal title.", "as_of": "2026-09-20", "role": "focus", "color": "#e8b040"}}, {"type": "Feature", "geometry": {"type": "Polygon", "coordinates": [[[-81.7313, 46.15], [-81.7313, 46.1542], [-81.7375, 46.1542], [-81.7375, 46.15], [-81.7313, 46.15]]]}, "properties": {"company_id": "mcfarlane-lake-mining", "jurisdiction": "Ontario", "claim_id": "583929", "claim_name": null, "holder": "(100) McFarlane Lake Mining Limited", "status": "Active", "recorded_date": "2020-04-13", "anniversary_or_expiry": "2027-04-13", "area_ha": null, "tenure_type": "Single Cell Mining Claim", "source": "Ontario MLAS operational claims (OGSEarth / LIO MapServer). Unofficial viewing data, not legal title.", "as_of": "2026-09-20", "role": "focus", "color": "#e8b040"}}, {"type": "Feature", "geometry": {"type": "Polygon", "coordinates": [[[-81.7313, 46.1625], [-81.7313, 46.1667], [-81.7375, 46.1667], [-81.7375, 46.1625], [-81.7313, 46.1625]]]}, "properties": {"company_id": "mcfarlane-lake-mining", "jurisdiction": "Ontario", "claim_id": "583930", "claim_name": null, "holder": "(100) McFarlane Lake Mining Limited", "status": "Active", "recorded_date": "2020-04-13", "anniversary_or_expiry": "2027-04-13", "area_ha": null, "tenure_type": "Single Cell Mining Claim", "source": "Ontario MLAS operational claims (OGSEarth / LIO MapServer). Unofficial viewing data, not legal title.", "as_of": "2026-09-20", "role": "focus", "color": "#e8b040"}}, {"type": "Feature", "geometry": {"type": "Polygon", "coordinates": [[[-81.7375, 46.1625], [-81.7375, 46.1667], [-81.7438, 46.1667], [-81.7438, 46.1625], [-81.7375, 46.1625]]]}, "properties": {"company_id": "mcfarlane-lake-mining", "jurisdiction": "Ontario", "claim_id": "583931", "claim_name": null, "holder": "(100) McFarlane Lake Mining Limited", "status": "Active", "recorded_date": "2020-04-13", "anniversary_or_expiry": "2027-04-13", "area_ha": null, "tenure_type": "Single Cell Mining Claim", "source": "Ontario MLAS operational claims (OGSEarth / LIO MapServer). Unofficial viewing data, not legal title.", "as_of": "2026-09-20", "role": "focus", "color": "#e8b040"}}, {"type": "Feature", "geometry": {"type": "Polygon", "coordinates": [[[-81.7313, 46.1542], [-81.7313, 46.1583], [-81.7375, 46.1583], [-81.7375, 46.1542], [-81.7313, 46.1542]]]}, "properties": {"company_id": "mcfarlane-lake-mining", "jurisdiction": "Ontario", "claim_id": "583932", "claim_name": null, "holder": "(100) McFarlane Lake Mining Limited", "status": "Active", "recorded_date": "2020-04-13", "anniversary_or_expiry": "2027-04-13", "area_ha": null, "tenure_type": "Single Cell Mining Claim", "source": "Ontario MLAS operational claims (OGSEarth / LIO MapServer). Unofficial viewing data, not legal title.", "as_of": "2026-09-20", "role": "focus", "color": "#e8b040"}}, {"type": "Feature", "geometry": {"type": "Polygon", "coordinates": [[[-81.7438, 46.15], [-81.7438, 46.1542], [-81.75, 46.1542], [-81.75, 46.15], [-81.7438, 46.15]]]}, "properties": {"company_id": "mcfarlane-lake-mining", "jurisdiction": "Ontario", "claim_id": "583933", "claim_name": null, "holder": "(100) McFarlane Lake Mining Limited", "status": "Active", "recorded_date": "2020-04-13", "anniversary_or_expiry": "2027-04-13", "area_ha": null, "tenure_type": "Single Cell Mining Claim", "source": "Ontario MLAS operational claims (OGSEarth / LIO MapServer). Unofficial viewing data, not legal title.", "as_of": "2026-09-20", "role": "focus", "color": "#e8b040"}}, {"type": "Feature", "geometry": {"type": "Polygon", "coordinates": [[[-81.7375, 46.1583], [-81.7375, 46.1625], [-81.7438, 46.1625], [-81.7438, 46.1583], [-81.7375, 46.1583]]]}, "properties": {"company_id": "mcfarlane-lake-mining", "jurisdiction": "Ontario", "claim_id": "583934", "claim_name": null, "holder": "(100) McFarlane Lake Mining Limited", "status": "Active", "recorded_date": "2020-04-13", "anniversary_or_expiry": "2027-04-13", "area_ha": null, "tenure_type": "Single Cell Mining Claim", "source": "Ontario MLAS operational claims (OGSEarth / LIO MapServer). Unofficial viewing data, not legal title.", "as_of": "2026-09-20", "role": "focus", "color": "#e8b040"}}, {"type": "Feature", "geometry": {"type": "Polygon", "coordinates": [[[-81.7313, 46.1583], [-81.7313, 46.1625], [-81.7375, 46.1625], [-81.7375, 46.1583], [-81.7313, 46.1583]]]}, "properties": {"company_id": "mcfarlane-lake-mining", "jurisdiction": "Ontario", "claim_id": "583935", "claim_name": null, "holder": "(100) McFarlane Lake Mining Limited", "status": "Active", "recorded_date": "2020-04-13", "anniversary_or_expiry": "2027-04-13", "area_ha": null, "tenure_type": "Single Cell Mining Claim", "source": "Ontario MLAS operational claims (OGSEarth / LIO MapServer). Unofficial viewing data, not legal title.", "as_of": "2026-09-20", "role": "focus", "color": "#e8b040"}}, {"type": "Feature", "geometry": {"type": "Polygon", "coordinates": [[[-81.7563, 46.1458], [-81.7563, 46.15], [-81.7625, 46.15], [-81.7625, 46.1458], [-81.7563, 46.1458]]]}, "properties": {"company_id": "mcfarlane-lake-mining", "jurisdiction": "Ontario", "claim_id": "583936", "claim_name": null, "holder": "(100) McFarlane Lake Mining Limited", "status": "Active", "recorded_date": "2020-04-13", "anniversary_or_expiry": "2027-04-13", "area_ha": null, "tenure_type": "Single Cell Mining Claim", "source": "Ontario MLAS operational claims (OGSEarth / LIO MapServer). Unofficial viewing data, not legal title.", "as_of": "2026-09-20", "role": "focus", "color": "#e8b040"}}, {"type": "Feature", "geometry": {"type": "Polygon", "coordinates": [[[-81.75, 46.15], [-81.75, 46.1542], [-81.7563, 46.1542], [-81.7563, 46.15], [-81.75, 46.15]]]}, "properties": {"company_id": "mcfarlane-lake-mining", "jurisdiction": "Ontario", "claim_id": "583937", "claim_name": null, "holder": "(100) McFarlane Lake Mining Limited", "status": "Active", "recorded_date": "2020-04-13", "anniversary_or_expiry": "2027-04-13", "area_ha": null, "tenure_type": "Single Cell Mining Claim", "source": "Ontario MLAS operational claims (OGSEarth / LIO MapServer). Unofficial viewing data, not legal title.", "as_of": "2026-09-20", "role": "focus", "color": "#e8b040"}}, {"type": "Feature", "geometry": {"type": "Polygon", "coordinates": [[[-81.7375, 46.15], [-81.7375, 46.1542], [-81.7438, 46.1542], [-81.7438, 46.15], [-81.7375, 46.15]]]}, "properties": {"company_id": "mcfarlane-lake-mining", "jurisdiction": "Ontario", "claim_id": "583938", "claim_name": null, "holder": "(100) McFarlane Lake Mining Limited", "status": "Active", "recorded_date": "2020-04-13", "anniversary_or_expiry": "2027-04-13", "area_ha": null, "tenure_type": "Single Cell Mining Claim", "source": "Ontario MLAS operational claims (OGSEarth / LIO MapServer). Unofficial viewing data, not legal title.", "as_of": "2026-09-20", "role": "focus", "color": "#e8b040"}}, {"type": "Feature", "geometry": {"type": "Polygon", "coordinates": [[[-81.7625, 46.1542], [-81.7625, 46.1583], [-81.7688, 46.1583], [-81.7688, 46.1542], [-81.7625, 46.1542]]]}, "properties": {"company_id": "mcfarlane-lake-mining", "jurisdiction": "Ontario", "claim_id": "721687", "claim_name": null, "holder": "(100) McFarlane Lake Mining Limited", "status": "Active", "recorded_date": "2022-04-26", "anniversary_or_expiry": "2027-04-26", "area_ha": null, "tenure_type": "Single Cell Mining Claim", "source": "Ontario MLAS operational claims (OGSEarth / LIO MapServer). Unofficial viewing data, not legal title.", "as_of": "2026-09-20", "role": "focus", "color": "#e8b040"}}]}