{"type": "FeatureCollection", "features": [{"type": "Feature", "geometry": {"type": "Polygon", "coordinates": [[[-75.54166666230992, 49.49166666836093], [-75.5416666600278, 49.500000005095806], [-75.53333333199681, 49.49999999979367], [-75.53333332698838, 49.491666673851455], [-75.54166666230992, 49.49166666836093]]]}, "properties": {"company_id": "mosaic-company", "jurisdiction": "Quebec", "claim_id": "", "claim_name": null, "holder": "Mosaic minerals corp.", "status": "Active", "recorded_date": null, "anniversary_or_expiry": null, "area_ha": null, "tenure_type": null, "source": "GESTIM active titles (MRNF digital data dump). Not legal title.", "as_of": "2026-09-20", "role": "focus", "color": "#e8b040"}}, {"type": "Feature", "geometry": {"type": "Polygon", "coordinates": [[[-75.00000000000003, 52.03333333945881], [-75.00000000000003, 52.041666672906544], [-74.99166666051609, 52.04166667495529], [-74.99166666464953, 52.033333341486475], [-75.00000000000003, 52.03333333945881]]]}, "properties": {"company_id": "mosaic-company", "jurisdiction": "Quebec", "claim_id": "", "claim_name": null, "holder": "Mosaic minerals corp.", "status": "Active", "recorded_date": null, "anniversary_or_expiry": null, "area_ha": null, "tenure_type": null, "source": "GESTIM active titles (MRNF digital data dump). Not legal title.", "as_of": "2026-09-20", "role": "focus", "color": "#e8b040"}}, {"type": "Feature", "geometry": {"type": "Polygon", "coordinates": [[[-74.99166666464953, 52.033333341486475], [-74.99166666051609, 52.04166667495529], [-74.98333333557055, 52.041666672112626], [-74.98333332925743, 52.03333333857857], [-74.99166666464953, 52.033333341486475]]]}, "properties": {"company_id": "mosaic-company", "jurisdiction": "Quebec", "claim_id": "", "claim_name": null, "holder": "Mosaic minerals corp.", "status": "Active", "recorded_date": null, "anniversary_or_expiry": null, "area_ha": null, "tenure_type": null, "source": "GESTIM active titles (MRNF digital data dump). Not legal title.", "as_of": "2026-09-20", "role": "focus", "color": "#e8b040"}}, {"type": "Feature", "geometry": {"type": "Polygon", "coordinates": [[[-74.98333332925743, 52.03333333857857], [-74.98333333557055, 52.041666672112626], [-74.97499999595827, 52.04166667336633], [-74.97499999377881, 52.03333333972597], [-74.98333332925743, 52.03333333857857]]]}, "properties": {"company_id": "mosaic-company", "jurisdiction": "Quebec", "claim_id": "", "claim_name": null, "holder": "Mosaic minerals corp.", "status": "Active", "recorded_date": null, "anniversary_or_expiry": null, "area_ha": null, "tenure_type": null, "source": "GESTIM active titles (MRNF digital data dump). Not legal title.", "as_of": "2026-09-20", "role": "focus", "color": "#e8b040"}}, {"type": "Feature", "geometry": {"type": "Polygon", "coordinates": [[[-74.97499999377881, 52.03333333972597], [-74.97499999595827, 52.04166667336633], [-74.96666667080105, 52.0416666697306], [-74.9666666727528, 52.03333333594181], [-74.97499999377881, 52.03333333972597]]]}, "properties": {"company_id": "mosaic-company", "jurisdiction": "Quebec", "claim_id": "", "claim_name": null, "holder": "Mosaic minerals corp.", "status": "Active", "recorded_date": null, "anniversary_or_expiry": null, "area_ha": null, "tenure_type": null, "source": "GESTIM active titles (MRNF digital data dump). Not legal title.", "as_of": "2026-09-20", "role": "focus", "color": "#e8b040"}}, {"type": "Feature", "geometry": {"type": "Polygon", "coordinates": [[[-74.9666666727528, 52.03333333594181], [-74.96666667080105, 52.0416666697306], [-74.9583333308904, 52.04166667018902], [-74.95833333697631, 52.03333333620968], [-74.9666666727528, 52.03333333594181]]]}, "properties": {"company_id": "mosaic-company", "jurisdiction": "Quebec", "claim_id": "", "claim_name": null, "holder": "Mosaic minerals corp.", "status": "Active", "recorded_date": null, "anniversary_or_expiry": null, "area_ha": null, "tenure_type": null, "source": "GESTIM active titles (MRNF digital data dump). Not legal title.", "as_of": "2026-09-20", "role": "focus", "color": "#e8b040"}}, {"type": "Feature", "geometry": {"type": "Polygon", "coordinates": [[[-75.00000000000003, 52.041666672906544], [-75.00000000000004, 52.05000000349096], [-74.99166667078634, 52.05000000556177], [-74.99166666051609, 52.04166667495529], [-75.00000000000003, 52.041666672906544]]]}, "properties": {"company_id": "mosaic-company", "jurisdiction": "Quebec", "claim_id": "", "claim_name": null, "holder": "Mosaic minerals corp.", "status": "Active", "recorded_date": null, "anniversary_or_expiry": null, "area_ha": null, "tenure_type": null, "source": "GESTIM active titles (MRNF digital data dump). Not legal title.", "as_of": "2026-09-20", "role": "focus", "color": "#e8b040"}}, {"type": "Feature", "geometry": {"type": "Polygon", "coordinates": [[[-74.98333333557055, 52.041666672112626], [-74.98333332694814, 52.0500000027813], [-74.9749999976059, 52.05000000414347], [-74.97499999595827, 52.04166667336633], [-74.98333333557055, 52.041666672112626]]]}, "properties": {"company_id": "mosaic-company", "jurisdiction": "Quebec", "claim_id": "", "claim_name": null, "holder": "Mosaic minerals corp.", "status": "Active", "recorded_date": null, "anniversary_or_expiry": null, "area_ha": null, "tenure_type": null, "source": "GESTIM active titles (MRNF digital data dump). Not legal title.", "as_of": "2026-09-20", "role": "focus", "color": "#e8b040"}}, {"type": "Feature", "geometry": {"type": "Polygon", "coordinates": [[[-74.97499999595827, 52.04166667336633], [-74.9749999976059, 52.05000000414347], [-74.96666666813843, 52.05000000065627], [-74.96666667080105, 52.0416666697306], [-74.97499999595827, 52.04166667336633]]]}, "properties": {"company_id": "mosaic-company", "jurisdiction": "Quebec", "claim_id": "", "claim_name": null, "holder": "Mosaic minerals corp.", "status": "Active", "recorded_date": null, "anniversary_or_expiry": null, "area_ha": null, "tenure_type": null, "source": "GESTIM active titles (MRNF digital data dump). Not legal title.", "as_of": "2026-09-20", "role": "focus", "color": "#e8b040"}}, {"type": "Feature", "geometry": {"type": "Polygon", "coordinates": [[[-74.96666667080105, 52.0416666697306], [-74.96666666813843, 52.05000000065627], [-74.95833333849731, 52.050000001310494], [-74.9583333308904, 52.04166667018902], [-74.96666667080105, 52.0416666697306]]]}, "properties": {"company_id": "mosaic-company", "jurisdiction": "Quebec", "claim_id": "", "claim_name": null, "holder": "Mosaic minerals corp.", "status": "Active", "recorded_date": null, "anniversary_or_expiry": null, "area_ha": null, "tenure_type": null, "source": "GESTIM active titles (MRNF digital data dump). Not legal title.", "as_of": "2026-09-20", "role": "focus", "color": "#e8b040"}}, {"type": "Feature", "geometry": {"type": "Polygon", "coordinates": [[[-74.9583333308904, 52.04166667018902], [-74.95833333849731, 52.050000001310494], [-74.94999999405468, 52.050000006099836], [-74.95000000534144, 52.04166667475072], [-74.9583333308904, 52.04166667018902]]]}, "properties": {"company_id": "mosaic-company", "jurisdiction": "Quebec", "claim_id": "", "claim_name": null, "holder": "Mosaic minerals corp.", "status": "Active", "recorded_date": null, "anniversary_or_expiry": null, "area_ha": null, "tenure_type": null, "source": "GESTIM active titles (MRNF digital data dump). Not legal title.", "as_of": "2026-09-20", "role": "focus", "color": "#e8b040"}}, {"type": "Feature", "geometry": {"type": "Polygon", "coordinates": [[[-75.00000000000004, 52.05000000349096], [-75.00000000000001, 52.058333340203745], [-74.99166666629571, 52.05833334229565], [-74.99166667078634, 52.05000000556177], [-75.00000000000004, 52.05000000349096]]]}, "properties": {"company_id": "mosaic-company", "jurisdiction": "Quebec", "claim_id": "", "claim_name": null, "holder": "Mosaic minerals corp.", "status": "Active", "recorded_date": null, "anniversary_or_expiry": null, "area_ha": null, "tenure_type": null, "source": "GESTIM active titles (MRNF digital data dump). Not legal title.", "as_of": "2026-09-20", "role": "focus", "color": "#e8b040"}}, {"type": "Feature", "geometry": {"type": "Polygon", "coordinates": [[[-74.99166667078634, 52.05000000556177], [-74.99166666629571, 52.05833334229565], [-74.98333333254959, 52.058333339580486], [-74.98333332694814, 52.0500000027813], [-74.99166667078634, 52.05000000556177]]]}, "properties": {"company_id": "mosaic-company", "jurisdiction": "Quebec", "claim_id": "", "claim_name": null, "holder": "Mosaic minerals corp.", "status": "Active", "recorded_date": null, "anniversary_or_expiry": null, "area_ha": null, "tenure_type": null, "source": "GESTIM active titles (MRNF digital data dump). Not legal title.", "as_of": "2026-09-20", "role": "focus", "color": "#e8b040"}}, {"type": "Feature", "geometry": {"type": "Polygon", "coordinates": [[[-74.98333332694814, 52.0500000027813], [-74.98333333254959, 52.058333339580486], [-74.97499999871651, 52.05833334104909], [-74.9749999976059, 52.05000000414347], [-74.98333332694814, 52.0500000027813]]]}, "properties": {"company_id": "mosaic-company", "jurisdiction": "Quebec", "claim_id": "", "claim_name": null, "holder": "Mosaic minerals corp.", "status": "Active", "recorded_date": null, "anniversary_or_expiry": null, "area_ha": null, "tenure_type": null, "source": "GESTIM active titles (MRNF digital data dump). Not legal title.", "as_of": "2026-09-20", "role": "focus", "color": "#e8b040"}}, {"type": "Feature", "geometry": {"type": "Polygon", "coordinates": [[[-74.9749999976059, 52.05000000414347], [-74.97499999871651, 52.05833334104909], [-74.96666666475797, 52.05833333771051], [-74.96666666813843, 52.05000000065627], [-74.9749999976059, 52.05000000414347]]]}, "properties": {"company_id": "mosaic-company", "jurisdiction": "Quebec", "claim_id": "", "claim_name": null, "holder": "Mosaic minerals corp.", "status": "Active", "recorded_date": null, "anniversary_or_expiry": null, "area_ha": null, "tenure_type": null, "source": "GESTIM active titles (MRNF digital data dump). Not legal title.", "as_of": "2026-09-20", "role": "focus", "color": "#e8b040"}}, {"type": "Feature", "geometry": {"type": "Polygon", "coordinates": [[[-74.96666666813843, 52.05000000065627], [-74.96666666475797, 52.05833333771051], [-74.95833333062546, 52.05833333855553], [-74.95833333849731, 52.050000001310494], [-74.96666666813843, 52.05000000065627]]]}, "properties": {"company_id": "mosaic-company", "jurisdiction": "Quebec", "claim_id": "", "claim_name": null, "holder": "Mosaic minerals corp.", "status": "Active", "recorded_date": null, "anniversary_or_expiry": null, "area_ha": null, "tenure_type": null, "source": "GESTIM active titles (MRNF digital data dump). Not legal title.", "as_of": "2026-09-20", "role": "focus", "color": "#e8b040"}}, {"type": "Feature", "geometry": {"type": "Polygon", "coordinates": [[[-74.95833333849731, 52.050000001310494], [-74.95833333062546, 52.05833333855553], [-74.94999999628392, 52.05833333459311], [-74.94999999405468, 52.050000006099836], [-74.95833333849731, 52.050000001310494]]]}, "properties": {"company_id": "mosaic-company", "jurisdiction": "Quebec", "claim_id": "", "claim_name": null, "holder": "Mosaic minerals corp.", "status": "Active", "recorded_date": null, "anniversary_or_expiry": null, "area_ha": null, "tenure_type": null, "source": "GESTIM active titles (MRNF digital data dump). Not legal title.", "as_of": "2026-09-20", "role": "focus", "color": "#e8b040"}}, {"type": "Feature", "geometry": {"type": "Polygon", "coordinates": [[[-74.98333333254959, 52.058333339580486], [-74.98333333779807, 52.06666667351803], [-74.97499999929491, 52.06666667509313], [-74.97499999871651, 52.05833334104909], [-74.98333333254959, 52.058333339580486]]]}, "properties": {"company_id": "mosaic-company", "jurisdiction": "Quebec", "claim_id": "", "claim_name": null, "holder": "Mosaic minerals corp.", "status": "Active", "recorded_date": null, "anniversary_or_expiry": null, "area_ha": null, "tenure_type": null, "source": "GESTIM active titles (MRNF digital data dump). Not legal title.", "as_of": "2026-09-20", "role": "focus", "color": "#e8b040"}}, {"type": "Feature", "geometry": {"type": "Polygon", "coordinates": [[[-74.97499999871651, 52.05833334104909], [-74.97499999929491, 52.06666667509313], [-74.96666666066608, 52.06666667190326], [-74.96666666475797, 52.05833333771051], [-74.97499999871651, 52.05833334104909]]]}, "properties": {"company_id": "mosaic-company", "jurisdiction": "Quebec", "claim_id": "", "claim_name": null, "holder": "Mosaic minerals corp.", "status": "Active", "recorded_date": null, "anniversary_or_expiry": null, "area_ha": null, "tenure_type": null, "source": "GESTIM active titles (MRNF digital data dump). Not legal title.", "as_of": "2026-09-20", "role": "focus", "color": "#e8b040"}}, {"type": "Feature", "geometry": {"type": "Polygon", "coordinates": [[[-74.96666666475797, 52.05833333771051], [-74.96666666066608, 52.06666667190326], [-74.95833333645123, 52.06666667294429], [-74.95833333062546, 52.05833333855553], [-74.96666666475797, 52.05833333771051]]]}, "properties": {"company_id": "mosaic-company", "jurisdiction": "Quebec", "claim_id": "", "claim_name": null, "holder": "Mosaic minerals corp.", "status": "Active", "recorded_date": null, "anniversary_or_expiry": null, "area_ha": null, "tenure_type": null, "source": "GESTIM active titles (MRNF digital data dump). Not legal title.", "as_of": "2026-09-20", "role": "focus", "color": "#e8b040"}}, {"type": "Feature", "geometry": {"type": "Polygon", "coordinates": [[[-74.95833333062546, 52.05833333855553], [-74.95833333645123, 52.06666667294429], [-74.94999999743872, 52.06666666921602], [-74.94999999628392, 52.05833333459311], [-74.95833333062546, 52.05833333855553]]]}, "properties": {"company_id": "mosaic-company", "jurisdiction": "Quebec", "claim_id": "", "claim_name": null, "holder": "Mosaic minerals corp.", "status": "Active", "recorded_date": null, "anniversary_or_expiry": null, "area_ha": null, "tenure_type": null, "source": "GESTIM active titles (MRNF digital data dump). Not legal title.", "as_of": "2026-09-20", "role": "focus", "color": "#e8b040"}}, {"type": "Feature", "geometry": {"type": "Polygon", "coordinates": [[[-75.00000000000003, 52.06666667405485], [-75.00000000000001, 52.075000005045126], [-74.99166667136768, 52.075000007180286], [-74.99166666162755, 52.06666666717699], [-75.00000000000003, 52.06666667405485]]]}, "properties": {"company_id": "mosaic-company", "jurisdiction": "Quebec", "claim_id": "", "claim_name": null, "holder": "Mosaic minerals corp.", "status": "Active", "recorded_date": null, "anniversary_or_expiry": null, "area_ha": null, "tenure_type": null, "source": "GESTIM active titles (MRNF digital data dump). Not legal title.", "as_of": "2026-09-20", "role": "focus", "color": "#e8b040"}}, {"type": "Feature", "geometry": {"type": "Polygon", "coordinates": [[[-74.96666666066608, 52.06666667190326], [-74.96666667045344, 52.07500000323952], [-74.95833332680051, 52.075000004467434], [-74.95833333645123, 52.06666667294429], [-74.96666666066608, 52.06666667190326]]]}, "properties": {"company_id": "mosaic-company", "jurisdiction": "Quebec", "claim_id": "", "claim_name": null, "holder": "Mosaic minerals corp.", "status": "Active", "recorded_date": null, "anniversary_or_expiry": null, "area_ha": null, "tenure_type": null, "source": "GESTIM active titles (MRNF digital data dump). Not legal title.", "as_of": "2026-09-20", "role": "focus", "color": "#e8b040"}}, {"type": "Feature", "geometry": {"type": "Polygon", "coordinates": [[[-74.95833333645123, 52.06666667294429], [-74.95833332680051, 52.075000004467434], [-74.9499999975287, 52.07500000097857], [-74.94999999743872, 52.06666666921602], [-74.95833333645123, 52.06666667294429]]]}, "properties": {"company_id": "mosaic-company", "jurisdiction": "Quebec", "claim_id": "", "claim_name": null, "holder": "Mosaic minerals corp.", "status": "Active", "recorded_date": null, "anniversary_or_expiry": null, "area_ha": null, "tenure_type": null, "source": "GESTIM active titles (MRNF digital data dump). Not legal title.", "as_of": "2026-09-20", "role": "focus", "color": "#e8b040"}}, {"type": "Feature", "geometry": {"type": "Polygon", "coordinates": [[[-74.99166666634194, 52.08333333533172], [-74.9916666611351, 52.091666669614874], [-74.98333333682442, 52.091666667158265], [-74.98333333263845, 52.08333334180046], [-74.99166666634194, 52.08333333533172]]]}, "properties": {"company_id": "mosaic-company", "jurisdiction": "Quebec", "claim_id": "", "claim_name": null, "holder": "Mosaic minerals corp.", "status": "Active", "recorded_date": null, "anniversary_or_expiry": null, "area_ha": null, "tenure_type": null, "source": "GESTIM active titles (MRNF digital data dump). Not legal title.", "as_of": "2026-09-20", "role": "focus", "color": "#e8b040"}}, {"type": "Feature", "geometry": {"type": "Polygon", "coordinates": [[[-74.98333333263845, 52.08333334180046], [-74.98333333682442, 52.091666667158265], [-74.9749999978298, 52.091666669055314], [-74.97499999885429, 52.083333334600006], [-74.98333333263845, 52.08333334180046]]]}, "properties": {"company_id": "mosaic-company", "jurisdiction": "Quebec", "claim_id": "", "claim_name": null, "holder": "Mosaic minerals corp.", "status": "Active", "recorded_date": null, "anniversary_or_expiry": null, "area_ha": null, "tenure_type": null, "source": "GESTIM active titles (MRNF digital data dump). Not legal title.", "as_of": "2026-09-20", "role": "focus", "color": "#e8b040"}}, {"type": "Feature", "geometry": {"type": "Polygon", "coordinates": [[[-75.02500000622115, 52.03333333972596], [-75.02500000404174, 52.04166667336633], [-75.01666666442944, 52.041666672112605], [-75.01666667074255, 52.033333338578565], [-75.02500000622115, 52.03333333972596]]]}, "properties": {"company_id": "mosaic-company", "jurisdiction": "Quebec", "claim_id": "", "claim_name": null, "holder": "Mosaic minerals corp.", "status": "Active", "recorded_date": null, "anniversary_or_expiry": null, "area_ha": null, "tenure_type": null, "source": "GESTIM active titles (MRNF digital data dump). Not legal title.", "as_of": "2026-09-20", "role": "focus", "color": "#e8b040"}}, {"type": "Feature", "geometry": {"type": "Polygon", "coordinates": [[[-75.01666667074255, 52.033333338578565], [-75.01666666442944, 52.041666672112605], [-75.01230662947142, 52.04166673951974], [-75.00833333948393, 52.04166667495529], [-75.0083333353505, 52.03333334148647], [-75.01666667074255, 52.033333338578565]]]}, "properties": {"company_id": "mosaic-company", "jurisdiction": "Quebec", "claim_id": "", "claim_name": null, "holder": "Mosaic minerals corp.", "status": "Active", "recorded_date": null, "anniversary_or_expiry": null, "area_ha": null, "tenure_type": null, "source": "GESTIM active titles (MRNF digital data dump). Not legal title.", "as_of": "2026-09-20", "role": "focus", "color": "#e8b040"}}, {"type": "Feature", "geometry": {"type": "Polygon", "coordinates": [[[-75.0083333353505, 52.03333334148647], [-75.00833333948393, 52.04166667495529], [-75.00000000000003, 52.041666672906544], [-74.99999999999999, 52.03333333945879], [-75.0083333353505, 52.03333334148647]]]}, "properties": {"company_id": "mosaic-company", "jurisdiction": "Quebec", "claim_id": "", "claim_name": null, "holder": "Mosaic minerals corp.", "status": "Active", "recorded_date": null, "anniversary_or_expiry": null, "area_ha": null, "tenure_type": null, "source": "GESTIM active titles (MRNF digital data dump). Not legal title.", "as_of": "2026-09-20", "role": "focus", "color": "#e8b040"}}, {"type": "Feature", "geometry": {"type": "Polygon", "coordinates": [[[-75.24999999748134, 52.04166667348899], [-75.24999999577254, 52.050000005333324], [-75.24166666250586, 52.05000000012081], [-75.24166666855054, 52.041666669528915], [-75.24999999748134, 52.04166667348899]]]}, "properties": {"company_id": "mosaic-company", "jurisdiction": "Quebec", "claim_id": "", "claim_name": null, "holder": "Mosaic minerals corp.", "status": "Active", "recorded_date": null, "anniversary_or_expiry": null, "area_ha": null, "tenure_type": null, "source": "GESTIM active titles (MRNF digital data dump). Not legal title.", "as_of": "2026-09-20", "role": "focus", "color": "#e8b040"}}, {"type": "Feature", "geometry": {"type": "Polygon", "coordinates": [[[-75.24166666855054, 52.041666669528915], [-75.24166666250586, 52.05000000012081], [-75.23333333055012, 52.050000008031006], [-75.23333332630168, 52.04166666968743], [-75.24166666855054, 52.041666669528915]]]}, "properties": {"company_id": "mosaic-company", "jurisdiction": "Quebec", "claim_id": "", "claim_name": null, "holder": "Mosaic minerals corp.", "status": "Active", "recorded_date": null, "anniversary_or_expiry": null, "area_ha": null, "tenure_type": null, "source": "GESTIM active titles (MRNF digital data dump). Not legal title.", "as_of": "2026-09-20", "role": "focus", "color": "#e8b040"}}, {"type": "Feature", "geometry": {"type": "Polygon", "coordinates": [[[-75.23333332630168, 52.04166666968743], [-75.23333333055012, 52.050000008031006], [-75.22499999971957, 52.05000000209226], [-75.2249999998495, 52.04166667390663], [-75.23333332630168, 52.04166666968743]]]}, "properties": {"company_id": "mosaic-company", "jurisdiction": "Quebec", "claim_id": "", "claim_name": null, "holder": "Mosaic minerals corp.", "status": "Active", "recorded_date": null, "anniversary_or_expiry": null, "area_ha": null, "tenure_type": null, "source": "GESTIM active titles (MRNF digital data dump). Not legal title.", "as_of": "2026-09-20", "role": "focus", "color": "#e8b040"}}, {"type": "Feature", "geometry": {"type": "Polygon", "coordinates": [[[-75.2249999998495, 52.04166667390663], [-75.22499999971957, 52.05000000209226], [-75.21666667006623, 52.05000000028703], [-75.21666665994587, 52.041666673253175], [-75.2249999998495, 52.04166667390663]]]}, "properties": {"company_id": "mosaic-company", "jurisdiction": "Quebec", "claim_id": "", "claim_name": null, "holder": "Mosaic minerals corp.", "status": "Active", "recorded_date": null, "anniversary_or_expiry": null, "area_ha": null, "tenure_type": null, "source": "GESTIM active titles (MRNF digital data dump). Not legal title.", "as_of": "2026-09-20", "role": "focus", "color": "#e8b040"}}, {"type": "Feature", "geometry": {"type": "Polygon", "coordinates": [[[-75.21666665994587, 52.041666673253175], [-75.21666667006623, 52.05000000028703], [-75.20833332696239, 52.05000000264176], [-75.20833333571039, 52.04166666767309], [-75.21666665994587, 52.041666673253175]]]}, "properties": {"company_id": "mosaic-company", "jurisdiction": "Quebec", "claim_id": "", "claim_name": null, "holder": "Mosaic minerals corp.", "status": "Active", "recorded_date": null, "anniversary_or_expiry": null, "area_ha": null, "tenure_type": null, "source": "GESTIM active titles (MRNF digital data dump). Not legal title.", "as_of": "2026-09-20", "role": "focus", "color": "#e8b040"}}, {"type": "Feature", "geometry": {"type": "Polygon", "coordinates": [[[-75.20833333571039, 52.04166666767309], [-75.20833332696239, 52.05000000264176], [-75.19999999948793, 52.05000000011379], [-75.19999999802374, 52.041666675201405], [-75.20833333571039, 52.04166666767309]]]}, "properties": {"company_id": "mosaic-company", "jurisdiction": "Quebec", "claim_id": "", "claim_name": null, "holder": "Mosaic minerals corp.", "status": "Active", "recorded_date": null, "anniversary_or_expiry": null, "area_ha": null, "tenure_type": null, "source": "GESTIM active titles (MRNF digital data dump). Not legal title.", "as_of": "2026-09-20", "role": "focus", "color": "#e8b040"}}, {"type": "Feature", "geometry": {"type": "Polygon", "coordinates": [[[-75.06666666113156, 52.04166666919009], [-75.06666666646149, 52.050000001139495], [-75.05833333605732, 52.050000006044634], [-75.05833333503921, 52.04166667441334], [-75.06666666113156, 52.04166666919009]]]}, "properties": {"company_id": "mosaic-company", "jurisdiction": "Quebec", "claim_id": "", "claim_name": null, "holder": "Mosaic minerals corp.", "status": "Active", "recorded_date": null, "anniversary_or_expiry": null, "area_ha": null, "tenure_type": null, "source": "GESTIM active titles (MRNF digital data dump). Not legal title.", "as_of": "2026-09-20", "role": "focus", "color": "#e8b040"}}, {"type": "Feature", "geometry": {"type": "Polygon", "coordinates": [[[-75.05833333503921, 52.04166667441334], [-75.05833333605732, 52.050000006044634], [-75.05000000594536, 52.05000000609984], [-75.04999999465856, 52.04166667475072], [-75.05833333503921, 52.04166667441334]]]}, "properties": {"company_id": "mosaic-company", "jurisdiction": "Quebec", "claim_id": "", "claim_name": null, "holder": "Mosaic minerals corp.", "status": "Active", "recorded_date": null, "anniversary_or_expiry": null, "area_ha": null, "tenure_type": null, "source": "GESTIM active titles (MRNF digital data dump). Not legal title.", "as_of": "2026-09-20", "role": "focus", "color": "#e8b040"}}, {"type": "Feature", "geometry": {"type": "Polygon", "coordinates": [[[-75.04999999465856, 52.04166667475072], [-75.05000000594536, 52.05000000609984], [-75.04166666150266, 52.050000001310494], [-75.04166666910962, 52.04166667018902], [-75.04999999465856, 52.04166667475072]]]}, "properties": {"company_id": "mosaic-company", "jurisdiction": "Quebec", "claim_id": "", "claim_name": null, "holder": "Mosaic minerals corp.", "status": "Active", "recorded_date": null, "anniversary_or_expiry": null, "area_ha": null, "tenure_type": null, "source": "GESTIM active titles (MRNF digital data dump). Not legal title.", "as_of": "2026-09-20", "role": "focus", "color": "#e8b040"}}, {"type": "Feature", "geometry": {"type": "Polygon", "coordinates": [[[-75.04166666910962, 52.04166667018902], [-75.04166666150266, 52.050000001310494], [-75.03333333186158, 52.0500000006563], [-75.03333332919907, 52.04166666973062], [-75.04166666910962, 52.04166667018902]]]}, "properties": {"company_id": "mosaic-company", "jurisdiction": "Quebec", "claim_id": "", "claim_name": null, "holder": "Mosaic minerals corp.", "status": "Active", "recorded_date": null, "anniversary_or_expiry": null, "area_ha": null, "tenure_type": null, "source": "GESTIM active titles (MRNF digital data dump). Not legal title.", "as_of": "2026-09-20", "role": "focus", "color": "#e8b040"}}, {"type": "Feature", "geometry": {"type": "Polygon", "coordinates": [[[-75.03333332919907, 52.04166666973062], [-75.03333333186158, 52.0500000006563], [-75.02500000239411, 52.05000000414347], [-75.02500000404174, 52.04166667336633], [-75.03333332919907, 52.04166666973062]]]}, "properties": {"company_id": "mosaic-company", "jurisdiction": "Quebec", "claim_id": "", "claim_name": null, "holder": "Mosaic minerals corp.", "status": "Active", "recorded_date": null, "anniversary_or_expiry": null, "area_ha": null, "tenure_type": null, "source": "GESTIM active titles (MRNF digital data dump). Not legal title.", "as_of": "2026-09-20", "role": "focus", "color": "#e8b040"}}, {"type": "Feature", "geometry": {"type": "Polygon", "coordinates": [[[-75.02500000404174, 52.04166667336633], [-75.02500000239411, 52.05000000414347], [-75.01666667305183, 52.0500000027813], [-75.01666666442944, 52.041666672112605], [-75.02500000404174, 52.04166667336633]]]}, "properties": {"company_id": "mosaic-company", "jurisdiction": "Quebec", "claim_id": "", "claim_name": null, "holder": "Mosaic minerals corp.", "status": "Active", "recorded_date": null, "anniversary_or_expiry": null, "area_ha": null, "tenure_type": null, "source": "GESTIM active titles (MRNF digital data dump). Not legal title.", "as_of": "2026-09-20", "role": "focus", "color": "#e8b040"}}, {"type": "Feature", "geometry": {"type": "Polygon", "coordinates": [[[-75.01666666442944, 52.041666672112605], [-75.01666667305183, 52.0500000027813], [-75.00833332921376, 52.050000005561785], [-75.00833333948393, 52.04166667495529], [-75.01230662947142, 52.04166673951974], [-75.01666666442944, 52.041666672112605]]]}, "properties": {"company_id": "mosaic-company", "jurisdiction": "Quebec", "claim_id": "", "claim_name": null, "holder": "Mosaic minerals corp.", "status": "Active", "recorded_date": null, "anniversary_or_expiry": null, "area_ha": null, "tenure_type": null, "source": "GESTIM active titles (MRNF digital data dump). Not legal title.", "as_of": "2026-09-20", "role": "focus", "color": "#e8b040"}}, {"type": "Feature", "geometry": {"type": "Polygon", "coordinates": [[[-75.00833333948393, 52.04166667495529], [-75.00833332921376, 52.050000005561785], [-74.99999999999997, 52.050000003490936], [-75.00000000000003, 52.041666672906544], [-75.00833333948393, 52.04166667495529]]]}, "properties": {"company_id": "mosaic-company", "jurisdiction": "Quebec", "claim_id": "", "claim_name": null, "holder": "Mosaic minerals corp.", "status": "Active", "recorded_date": null, "anniversary_or_expiry": null, "area_ha": null, "tenure_type": null, "source": "GESTIM active titles (MRNF digital data dump). Not legal title.", "as_of": "2026-09-20", "role": "focus", "color": "#e8b040"}}, {"type": "Feature", "geometry": {"type": "Polygon", "coordinates": [[[-75.24999999577254, 52.050000005333324], [-75.24999999938926, 52.05833333432632], [-75.24166666165625, 52.05833333685145], [-75.24166666250586, 52.05000000012081], [-75.24999999577254, 52.050000005333324]]]}, "properties": {"company_id": "mosaic-company", "jurisdiction": "Quebec", "claim_id": "", "claim_name": null, "holder": "Mosaic minerals corp.", "status": "Active", "recorded_date": null, "anniversary_or_expiry": null, "area_ha": null, "tenure_type": null, "source": "GESTIM active titles (MRNF digital data dump). Not legal title.", "as_of": "2026-09-20", "role": "focus", "color": "#e8b040"}}, {"type": "Feature", "geometry": {"type": "Polygon", "coordinates": [[[-75.24166666250586, 52.05000000012081], [-75.24166666165625, 52.05833333685145], [-75.23333333972454, 52.058333334531], [-75.23333333055012, 52.050000008031006], [-75.24166666250586, 52.05000000012081]]]}, "properties": {"company_id": "mosaic-company", "jurisdiction": "Quebec", "claim_id": "", "claim_name": null, "holder": "Mosaic minerals corp.", "status": "Active", "recorded_date": null, "anniversary_or_expiry": null, "area_ha": null, "tenure_type": null, "source": "GESTIM active titles (MRNF digital data dump). Not legal title.", "as_of": "2026-09-20", "role": "focus", "color": "#e8b040"}}, {"type": "Feature", "geometry": {"type": "Polygon", "coordinates": [[[-75.23333333055012, 52.050000008031006], [-75.23333333972454, 52.058333334531], [-75.22500000442841, 52.0583333364153], [-75.22499999971957, 52.05000000209226], [-75.23333333055012, 52.050000008031006]]]}, "properties": {"company_id": "mosaic-company", "jurisdiction": "Quebec", "claim_id": "", "claim_name": null, "holder": "Mosaic minerals corp.", "status": "Active", "recorded_date": null, "anniversary_or_expiry": null, "area_ha": null, "tenure_type": null, "source": "GESTIM active titles (MRNF digital data dump). Not legal title.", "as_of": "2026-09-20", "role": "focus", "color": "#e8b040"}}, {"type": "Feature", "geometry": {"type": "Polygon", "coordinates": [[[-75.22499999971957, 52.05000000209226], [-75.22500000442841, 52.0583333364153], [-75.21666667026467, 52.0583333334844], [-75.21666667006623, 52.05000000028703], [-75.22499999971957, 52.05000000209226]]]}, "properties": {"company_id": "mosaic-company", "jurisdiction": "Quebec", "claim_id": "", "claim_name": null, "holder": "Mosaic minerals corp.", "status": "Active", "recorded_date": null, "anniversary_or_expiry": null, "area_ha": null, "tenure_type": null, "source": "GESTIM active titles (MRNF digital data dump). Not legal title.", "as_of": "2026-09-20", "role": "focus", "color": "#e8b040"}}, {"type": "Feature", "geometry": {"type": "Polygon", "coordinates": [[[-75.21666667006623, 52.05000000028703], [-75.21666667026467, 52.0583333334844], [-75.20833333723483, 52.05833333472988], [-75.20833332696239, 52.05000000264176], [-75.21666667006623, 52.05000000028703]]]}, "properties": {"company_id": "mosaic-company", "jurisdiction": "Quebec", "claim_id": "", "claim_name": null, "holder": "Mosaic minerals corp.", "status": "Active", "recorded_date": null, "anniversary_or_expiry": null, "area_ha": null, "tenure_type": null, "source": "GESTIM active titles (MRNF digital data dump). Not legal title.", "as_of": "2026-09-20", "role": "focus", "color": "#e8b040"}}, {"type": "Feature", "geometry": {"type": "Polygon", "coordinates": [[[-75.20833332696239, 52.05000000264176], [-75.20833333723483, 52.05833333472988], [-75.20000000529397, 52.05833334015251], [-75.19999999948793, 52.05000000011379], [-75.20833332696239, 52.05000000264176]]]}, "properties": {"company_id": "mosaic-company", "jurisdiction": "Quebec", "claim_id": "", "claim_name": null, "holder": "Mosaic minerals corp.", "status": "Active", "recorded_date": null, "anniversary_or_expiry": null, "area_ha": null, "tenure_type": null, "source": "GESTIM active titles (MRNF digital data dump). Not legal title.", "as_of": "2026-09-20", "role": "focus", "color": "#e8b040"}}, {"type": "Feature", "geometry": {"type": "Polygon", "coordinates": [[[-75.14999999647253, 52.050000008954605], [-75.15000000439296, 52.058333334609216], [-75.14166666413385, 52.058333333341324], [-75.14166666071195, 52.050000008429734], [-75.14999999647253, 52.050000008954605]]]}, "properties": {"company_id": "mosaic-company", "jurisdiction": "Quebec", "claim_id": "", "claim_name": null, "holder": "Mosaic minerals corp.", "status": "Active", "recorded_date": null, "anniversary_or_expiry": null, "area_ha": null, "tenure_type": null, "source": "GESTIM active titles (MRNF digital data dump). Not legal title.", "as_of": "2026-09-20", "role": "focus", "color": "#e8b040"}}, {"type": "Feature", "geometry": {"type": "Polygon", "coordinates": [[[-75.14166666071195, 52.050000008429734], [-75.14166666413385, 52.058333333341324], [-75.1333333392011, 52.05833333623672], [-75.133333340247, 52.050000003035144], [-75.14166666071195, 52.050000008429734]]]}, "properties": {"company_id": "mosaic-company", "jurisdiction": "Quebec", "claim_id": "", "claim_name": null, "holder": "Mosaic minerals corp.", "status": "Active", "recorded_date": null, "anniversary_or_expiry": null, "area_ha": null, "tenure_type": null, "source": "GESTIM active titles (MRNF digital data dump). Not legal title.", "as_of": "2026-09-20", "role": "focus", "color": "#e8b040"}}, {"type": "Feature", "geometry": {"type": "Polygon", "coordinates": [[[-75.133333340247, 52.050000003035144], [-75.1333333392011, 52.05833333623672], [-75.12500000035357, 52.05833333433893], [-75.12500000589719, 52.05000000179612], [-75.133333340247, 52.050000003035144]]]}, "properties": {"company_id": "mosaic-company", "jurisdiction": "Quebec", "claim_id": "", "claim_name": null, "holder": "Mosaic minerals corp.", "status": "Active", "recorded_date": null, "anniversary_or_expiry": null, "area_ha": null, "tenure_type": null, "source": "GESTIM active titles (MRNF digital data dump). Not legal title.", "as_of": "2026-09-20", "role": "focus", "color": "#e8b040"}}, {"type": "Feature", "geometry": {"type": "Polygon", "coordinates": [[[-75.06666666646149, 52.050000001139495], [-75.06666667322713, 52.058333339218066], [-75.05833333831853, 52.058333334814016], [-75.05833333605732, 52.050000006044634], [-75.06666666646149, 52.050000001139495]]]}, "properties": {"company_id": "mosaic-company", "jurisdiction": "Quebec", "claim_id": "", "claim_name": null, "holder": "Mosaic minerals corp.", "status": "Active", "recorded_date": null, "anniversary_or_expiry": null, "area_ha": null, "tenure_type": null, "source": "GESTIM active titles (MRNF digital data dump). Not legal title.", "as_of": "2026-09-20", "role": "focus", "color": "#e8b040"}}, {"type": "Feature", "geometry": {"type": "Polygon", "coordinates": [[[-75.05833333605732, 52.050000006044634], [-75.05833333831853, 52.058333334814016], [-75.0500000037161, 52.0583333345931], [-75.05000000594536, 52.05000000609984], [-75.05833333605732, 52.050000006044634]]]}, "properties": {"company_id": "mosaic-company", "jurisdiction": "Quebec", "claim_id": "", "claim_name": null, "holder": "Mosaic minerals corp.", "status": "Active", "recorded_date": null, "anniversary_or_expiry": null, "area_ha": null, "tenure_type": null, "source": "GESTIM active titles (MRNF digital data dump). Not legal title.", "as_of": "2026-09-20", "role": "focus", "color": "#e8b040"}}, {"type": "Feature", "geometry": {"type": "Polygon", "coordinates": [[[-75.05000000594536, 52.05000000609984], [-75.0500000037161, 52.0583333345931], [-75.04166666937454, 52.058333338555535], [-75.04166666150266, 52.050000001310494], [-75.05000000594536, 52.05000000609984]]]}, "properties": {"company_id": "mosaic-company", "jurisdiction": "Quebec", "claim_id": "", "claim_name": null, "holder": "Mosaic minerals corp.", "status": "Active", "recorded_date": null, "anniversary_or_expiry": null, "area_ha": null, "tenure_type": null, "source": "GESTIM active titles (MRNF digital data dump). Not legal title.", "as_of": "2026-09-20", "role": "focus", "color": "#e8b040"}}, {"type": "Feature", "geometry": {"type": "Polygon", "coordinates": [[[-75.04166666150266, 52.050000001310494], [-75.04166666937454, 52.058333338555535], [-75.0333333352421, 52.058333337710515], [-75.03333333186158, 52.0500000006563], [-75.04166666150266, 52.050000001310494]]]}, "properties": {"company_id": "mosaic-company", "jurisdiction": "Quebec", "claim_id": "", "claim_name": null, "holder": "Mosaic minerals corp.", "status": "Active", "recorded_date": null, "anniversary_or_expiry": null, "area_ha": null, "tenure_type": null, "source": "GESTIM active titles (MRNF digital data dump). Not legal title.", "as_of": "2026-09-20", "role": "focus", "color": "#e8b040"}}, {"type": "Feature", "geometry": {"type": "Polygon", "coordinates": [[[-75.03333333186158, 52.0500000006563], [-75.0333333352421, 52.058333337710515], [-75.02500000128354, 52.05833334104909], [-75.02500000239411, 52.05000000414347], [-75.03333333186158, 52.0500000006563]]]}, "properties": {"company_id": "mosaic-company", "jurisdiction": "Quebec", "claim_id": "", "claim_name": null, "holder": "Mosaic minerals corp.", "status": "Active", "recorded_date": null, "anniversary_or_expiry": null, "area_ha": null, "tenure_type": null, "source": "GESTIM active titles (MRNF digital data dump). Not legal title.", "as_of": "2026-09-20", "role": "focus", "color": "#e8b040"}}, {"type": "Feature", "geometry": {"type": "Polygon", "coordinates": [[[-75.02500000239411, 52.05000000414347], [-75.02500000128354, 52.05833334104909], [-75.01666666745038, 52.05833333958048], [-75.01666667305183, 52.0500000027813], [-75.02500000239411, 52.05000000414347]]]}, "properties": {"company_id": "mosaic-company", "jurisdiction": "Quebec", "claim_id": "", "claim_name": null, "holder": "Mosaic minerals corp.", "status": "Active", "recorded_date": null, "anniversary_or_expiry": null, "area_ha": null, "tenure_type": null, "source": "GESTIM active titles (MRNF digital data dump). Not legal title.", "as_of": "2026-09-20", "role": "focus", "color": "#e8b040"}}, {"type": "Feature", "geometry": {"type": "Polygon", "coordinates": [[[-75.24999999938926, 52.05833333432632], [-75.24999999379556, 52.06666666949048], [-75.24166666595487, 52.06666667073087], [-75.24166666165625, 52.05833333685145], [-75.24999999938926, 52.05833333432632]]]}, "properties": {"company_id": "mosaic-company", "jurisdiction": "Quebec", "claim_id": "", "claim_name": null, "holder": "Mosaic minerals corp.", "status": "Active", "recorded_date": null, "anniversary_or_expiry": null, "area_ha": null, "tenure_type": null, "source": "GESTIM active titles (MRNF digital data dump). Not legal title.", "as_of": "2026-09-20", "role": "focus", "color": "#e8b040"}}, {"type": "Feature", "geometry": {"type": "Polygon", "coordinates": [[[-75.24166666165625, 52.05833333685145], [-75.24166666595487, 52.06666667073087], [-75.23333333933209, 52.066666667198696], [-75.23333333972454, 52.058333334531], [-75.24166666165625, 52.05833333685145]]]}, "properties": {"company_id": "mosaic-company", "jurisdiction": "Quebec", "claim_id": "", "claim_name": null, "holder": "Mosaic minerals corp.", "status": "Active", "recorded_date": null, "anniversary_or_expiry": null, "area_ha": null, "tenure_type": null, "source": "GESTIM active titles (MRNF digital data dump). Not legal title.", "as_of": "2026-09-20", "role": "focus", "color": "#e8b040"}}, {"type": "Feature", "geometry": {"type": "Polygon", "coordinates": [[[-75.23333333972454, 52.058333334531], [-75.23333333933209, 52.066666667198696], [-75.2249999993444, 52.06666666791351], [-75.22500000442841, 52.0583333364153], [-75.23333333972454, 52.058333334531]]]}, "properties": {"company_id": "mosaic-company", "jurisdiction": "Quebec", "claim_id": "", "claim_name": null, "holder": "Mosaic minerals corp.", "status": "Active", "recorded_date": null, "anniversary_or_expiry": null, "area_ha": null, "tenure_type": null, "source": "GESTIM active titles (MRNF digital data dump). Not legal title.", "as_of": "2026-09-20", "role": "focus", "color": "#e8b040"}}, {"type": "Feature", "geometry": {"type": "Polygon", "coordinates": [[[-75.22500000442841, 52.0583333364153], [-75.2249999993444, 52.06666666791351], [-75.21666666053449, 52.066666672846125], [-75.21666667026467, 52.0583333334844], [-75.22500000442841, 52.0583333364153]]]}, "properties": {"company_id": "mosaic-company", "jurisdiction": "Quebec", "claim_id": "", "claim_name": null, "holder": "Mosaic minerals corp.", "status": "Active", "recorded_date": null, "anniversary_or_expiry": null, "area_ha": null, "tenure_type": null, "source": "GESTIM active titles (MRNF digital data dump). Not legal title.", "as_of": "2026-09-20", "role": "focus", "color": "#e8b040"}}, {"type": "Feature", "geometry": {"type": "Polygon", "coordinates": [[[-75.21666667026467, 52.0583333334844], [-75.21666666053449, 52.066666672846125], [-75.20833333740342, 52.06666667298071], [-75.20833333723483, 52.05833333472988], [-75.21666667026467, 52.0583333334844]]]}, "properties": {"company_id": "mosaic-company", "jurisdiction": "Quebec", "claim_id": "", "claim_name": null, "holder": "Mosaic minerals corp.", "status": "Active", "recorded_date": null, "anniversary_or_expiry": null, "area_ha": null, "tenure_type": null, "source": "GESTIM active titles (MRNF digital data dump). Not legal title.", "as_of": "2026-09-20", "role": "focus", "color": "#e8b040"}}, {"type": "Feature", "geometry": {"type": "Polygon", "coordinates": [[[-75.20833333723483, 52.05833333472988], [-75.20833333740342, 52.06666667298071], [-75.20000000073476, 52.06666666837058], [-75.20000000529397, 52.05833334015251], [-75.20833333723483, 52.05833333472988]]]}, "properties": {"company_id": "mosaic-company", "jurisdiction": "Quebec", "claim_id": "", "claim_name": null, "holder": "Mosaic minerals corp.", "status": "Active", "recorded_date": null, "anniversary_or_expiry": null, "area_ha": null, "tenure_type": null, "source": "GESTIM active titles (MRNF digital data dump). Not legal title.", "as_of": "2026-09-20", "role": "focus", "color": "#e8b040"}}, {"type": "Feature", "geometry": {"type": "Polygon", "coordinates": [[[-75.20000000529397, 52.05833334015251], [-75.20000000073476, 52.06666666837058], [-75.19166666511504, 52.06666666798046], [-75.19166665977284, 52.05833334078575], [-75.20000000529397, 52.05833334015251]]]}, "properties": {"company_id": "mosaic-company", "jurisdiction": "Quebec", "claim_id": "", "claim_name": null, "holder": "Mosaic minerals corp.", "status": "Active", "recorded_date": null, "anniversary_or_expiry": null, "area_ha": null, "tenure_type": null, "source": "GESTIM active titles (MRNF digital data dump). Not legal title.", "as_of": "2026-09-20", "role": "focus", "color": "#e8b040"}}, {"type": "Feature", "geometry": {"type": "Polygon", "coordinates": [[[-75.19166665977284, 52.05833334078575], [-75.19166666511504, 52.06666666798046], [-75.18333333049871, 52.066666671810914], [-75.18333332980215, 52.0583333365819], [-75.19166665977284, 52.05833334078575]]]}, "properties": {"company_id": "mosaic-company", "jurisdiction": "Quebec", "claim_id": "", "claim_name": null, "holder": "Mosaic minerals corp.", "status": "Active", "recorded_date": null, "anniversary_or_expiry": null, "area_ha": null, "tenure_type": null, "source": "GESTIM active titles (MRNF digital data dump). Not legal title.", "as_of": "2026-09-20", "role": "focus", "color": "#e8b040"}}, {"type": "Feature", "geometry": {"type": "Polygon", "coordinates": [[[-75.18333332980215, 52.0583333365819], [-75.18333333049871, 52.066666671810914], [-75.1749999968058, 52.06666667087186], [-75.17500000079168, 52.05833333655714], [-75.18333332980215, 52.0583333365819]]]}, "properties": {"company_id": "mosaic-company", "jurisdiction": "Quebec", "claim_id": "", "claim_name": null, "holder": "Mosaic minerals corp.", "status": "Active", "recorded_date": null, "anniversary_or_expiry": null, "area_ha": null, "tenure_type": null, "source": "GESTIM active titles (MRNF digital data dump). Not legal title.", "as_of": "2026-09-20", "role": "focus", "color": "#e8b040"}}, {"type": "Feature", "geometry": {"type": "Polygon", "coordinates": [[[-75.17500000079168, 52.05833333655714], [-75.1749999968058, 52.06666667087186], [-75.16666666402912, 52.06666667415463], [-75.16666667269605, 52.058333340712046], [-75.17500000079168, 52.05833333655714]]]}, "properties": {"company_id": "mosaic-company", "jurisdiction": "Quebec", "claim_id": "", "claim_name": null, "holder": "Mosaic minerals corp.", "status": "Active", "recorded_date": null, "anniversary_or_expiry": null, "area_ha": null, "tenure_type": null, "source": "GESTIM active titles (MRNF digital data dump). Not legal title.", "as_of": "2026-09-20", "role": "focus", "color": "#e8b040"}}, {"type": "Feature", "geometry": {"type": "Polygon", "coordinates": [[[-75.16666667269605, 52.058333340712046], [-75.16666666402912, 52.06666667415463], [-75.15833333209204, 52.06666667266906], [-75.15833333085293, 52.05833334007596], [-75.16666667269605, 52.058333340712046]]]}, "properties": {"company_id": "mosaic-company", "jurisdiction": "Quebec", "claim_id": "", "claim_name": null, "holder": "Mosaic minerals corp.", "status": "Active", "recorded_date": null, "anniversary_or_expiry": null, "area_ha": null, "tenure_type": null, "source": "GESTIM active titles (MRNF digital data dump). Not legal title.", "as_of": "2026-09-20", "role": "focus", "color": "#e8b040"}}, {"type": "Feature", "geometry": {"type": "Polygon", "coordinates": [[[-75.15833333085293, 52.05833334007596], [-75.15833333209204, 52.06666667266906], [-75.15000000098424, 52.06666667540645], [-75.15000000439296, 52.058333334609216], [-75.15833333085293, 52.05833334007596]]]}, "properties": {"company_id": "mosaic-company", "jurisdiction": "Quebec", "claim_id": "", "claim_name": null, "holder": "Mosaic minerals corp.", "status": "Active", "recorded_date": null, "anniversary_or_expiry": null, "area_ha": null, "tenure_type": null, "source": "GESTIM active titles (MRNF digital data dump). Not legal title.", "as_of": "2026-09-20", "role": "focus", "color": "#e8b040"}}, {"type": "Feature", "geometry": {"type": "Polygon", "coordinates": [[[-75.15000000439296, 52.058333334609216], [-75.15000000098424, 52.06666667540645], [-75.14166667063208, 52.06666667337651], [-75.14166666413385, 52.058333333341324], [-75.15000000439296, 52.058333334609216]]]}, "properties": {"company_id": "mosaic-company", "jurisdiction": "Quebec", "claim_id": "", "claim_name": null, "holder": "Mosaic minerals corp.", "status": "Active", "recorded_date": null, "anniversary_or_expiry": null, "area_ha": null, "tenure_type": null, "source": "GESTIM active titles (MRNF digital data dump). Not legal title.", "as_of": "2026-09-20", "role": "focus", "color": "#e8b040"}}, {"type": "Feature", "geometry": {"type": "Polygon", "coordinates": [[[-75.14166666413385, 52.058333333341324], [-75.14166667063208, 52.06666667337651], [-75.13333332643406, 52.06666667558712], [-75.1333333392011, 52.05833333623672], [-75.14166666413385, 52.058333333341324]]]}, "properties": {"company_id": "mosaic-company", "jurisdiction": "Quebec", "claim_id": "", "claim_name": null, "holder": "Mosaic minerals corp.", "status": "Active", "recorded_date": null, "anniversary_or_expiry": null, "area_ha": null, "tenure_type": null, "source": "GESTIM active titles (MRNF digital data dump). Not legal title.", "as_of": "2026-09-20", "role": "focus", "color": "#e8b040"}}, {"type": "Feature", "geometry": {"type": "Polygon", "coordinates": [[[-75.1333333392011, 52.05833333623672], [-75.13333332643406, 52.06666667558712], [-75.12499999749592, 52.06666667301378], [-75.12500000035357, 52.05833333433893], [-75.1333333392011, 52.05833333623672]]]}, "properties": {"company_id": "mosaic-company", "jurisdiction": "Quebec", "claim_id": "", "claim_name": null, "holder": "Mosaic minerals corp.", "status": "Active", "recorded_date": null, "anniversary_or_expiry": null, "area_ha": null, "tenure_type": null, "source": "GESTIM active titles (MRNF digital data dump). Not legal title.", "as_of": "2026-09-20", "role": "focus", "color": "#e8b040"}}, {"type": "Feature", "geometry": {"type": "Polygon", "coordinates": [[[-75.12500000035357, 52.05833333433893], [-75.12499999749592, 52.06666667301378], [-75.11666666921307, 52.06666667466536], [-75.11666666216003, 52.0583333366219], [-75.12500000035357, 52.05833333433893]]]}, "properties": {"company_id": "mosaic-company", "jurisdiction": "Quebec", "claim_id": "", "claim_name": null, "holder": "Mosaic minerals corp.", "status": "Active", "recorded_date": null, "anniversary_or_expiry": null, "area_ha": null, "tenure_type": null, "source": "GESTIM active titles (MRNF digital data dump). Not legal title.", "as_of": "2026-09-20", "role": "focus", "color": "#e8b040"}}, {"type": "Feature", "geometry": {"type": "Polygon", "coordinates": [[[-75.11666666216003, 52.0583333366219], [-75.11666666921307, 52.06666667466536], [-75.10833332693008, 52.066666671564796], [-75.10833333913894, 52.058333334081595], [-75.11666666216003, 52.0583333366219]]]}, "properties": {"company_id": "mosaic-company", "jurisdiction": "Quebec", "claim_id": "", "claim_name": null, "holder": "Mosaic minerals corp.", "status": "Active", "recorded_date": null, "anniversary_or_expiry": null, "area_ha": null, "tenure_type": null, "source": "GESTIM active titles (MRNF digital data dump). Not legal title.", "as_of": "2026-09-20", "role": "focus", "color": "#e8b040"}}, {"type": "Feature", "geometry": {"type": "Polygon", "coordinates": [[[-75.10833333913894, 52.058333334081595], [-75.10833332693008, 52.066666671564796], [-75.09999999980312, 52.06666667267549], [-75.10000000209949, 52.0583333357372], [-75.10833333913894, 52.058333334081595]]]}, "properties": {"company_id": "mosaic-company", "jurisdiction": "Quebec", "claim_id": "", "claim_name": null, "holder": "Mosaic minerals corp.", "status": "Active", "recorded_date": null, "anniversary_or_expiry": null, "area_ha": null, "tenure_type": null, "source": "GESTIM active titles (MRNF digital data dump). Not legal title.", "as_of": "2026-09-20", "role": "focus", "color": "#e8b040"}}, {"type": "Feature", "geometry": {"type": "Polygon", "coordinates": [[[-75.10000000209949, 52.0583333357372], [-75.09999999980312, 52.06666667267549], [-75.09166667318065, 52.06666666902139], [-75.09166666558191, 52.058333341574595], [-75.10000000209949, 52.0583333357372]]]}, "properties": {"company_id": "mosaic-company", "jurisdiction": "Quebec", "claim_id": "", "claim_name": null, "holder": "Mosaic minerals corp.", "status": "Active", "recorded_date": null, "anniversary_or_expiry": null, "area_ha": null, "tenure_type": null, "source": "GESTIM active titles (MRNF digital data dump). Not legal title.", "as_of": "2026-09-20", "role": "focus", "color": "#e8b040"}}, {"type": "Feature", "geometry": {"type": "Polygon", "coordinates": [[[-75.06666667322713, 52.058333339218066], [-75.06666666682747, 52.066666674444015], [-75.05833332724698, 52.06666666972046], [-75.05833333831853, 52.058333334814016], [-75.06666667322713, 52.058333339218066]]]}, "properties": {"company_id": "mosaic-company", "jurisdiction": "Quebec", "claim_id": "", "claim_name": null, "holder": "Mosaic minerals corp.", "status": "Active", "recorded_date": null, "anniversary_or_expiry": null, "area_ha": null, "tenure_type": null, "source": "GESTIM active titles (MRNF digital data dump). Not legal title.", "as_of": "2026-09-20", "role": "focus", "color": "#e8b040"}}, {"type": "Feature", "geometry": {"type": "Polygon", "coordinates": [[[-75.05833333831853, 52.058333334814016], [-75.05833332724698, 52.06666666972046], [-75.05000000256136, 52.06666666921603], [-75.0500000037161, 52.0583333345931], [-75.05833333831853, 52.058333334814016]]]}, "properties": {"company_id": "mosaic-company", "jurisdiction": "Quebec", "claim_id": "", "claim_name": null, "holder": "Mosaic minerals corp.", "status": "Active", "recorded_date": null, "anniversary_or_expiry": null, "area_ha": null, "tenure_type": null, "source": "GESTIM active titles (MRNF digital data dump). Not legal title.", "as_of": "2026-09-20", "role": "focus", "color": "#e8b040"}}, {"type": "Feature", "geometry": {"type": "Polygon", "coordinates": [[[-75.0500000037161, 52.0583333345931], [-75.05000000256136, 52.06666666921603], [-75.04166666354878, 52.06666667294429], [-75.04166666937454, 52.058333338555535], [-75.0500000037161, 52.0583333345931]]]}, "properties": {"company_id": "mosaic-company", "jurisdiction": "Quebec", "claim_id": "", "claim_name": null, "holder": "Mosaic minerals corp.", "status": "Active", "recorded_date": null, "anniversary_or_expiry": null, "area_ha": null, "tenure_type": null, "source": "GESTIM active titles (MRNF digital data dump). Not legal title.", "as_of": "2026-09-20", "role": "focus", "color": "#e8b040"}}, {"type": "Feature", "geometry": {"type": "Polygon", "coordinates": [[[-75.04166666937454, 52.058333338555535], [-75.04166666354878, 52.06666667294429], [-75.03333333933391, 52.06666667190327], [-75.0333333352421, 52.058333337710515], [-75.04166666937454, 52.058333338555535]]]}, "properties": {"company_id": "mosaic-company", "jurisdiction": "Quebec", "claim_id": "", "claim_name": null, "holder": "Mosaic minerals corp.", "status": "Active", "recorded_date": null, "anniversary_or_expiry": null, "area_ha": null, "tenure_type": null, "source": "GESTIM active titles (MRNF digital data dump). Not legal title.", "as_of": "2026-09-20", "role": "focus", "color": "#e8b040"}}, {"type": "Feature", "geometry": {"type": "Polygon", "coordinates": [[[-75.0333333352421, 52.058333337710515], [-75.03333333933391, 52.06666667190327], [-75.02976971977873, 52.0666667379095], [-75.02500000070519, 52.06666667509314], [-75.02500000128354, 52.05833334104909], [-75.0333333352421, 52.058333337710515]]]}, "properties": {"company_id": "mosaic-company", "jurisdiction": "Quebec", "claim_id": "", "claim_name": null, "holder": "Mosaic minerals corp.", "status": "Active", "recorded_date": null, "anniversary_or_expiry": null, "area_ha": null, "tenure_type": null, "source": "GESTIM active titles (MRNF digital data dump). Not legal title.", "as_of": "2026-09-20", "role": "focus", "color": "#e8b040"}}, {"type": "Feature", "geometry": {"type": "Polygon", "coordinates": [[[-75.02500000128354, 52.05833334104909], [-75.02500000070519, 52.06666667509314], [-75.01666666220201, 52.066666673518036], [-75.01666666745038, 52.05833333958048], [-75.02500000128354, 52.05833334104909]]]}, "properties": {"company_id": "mosaic-company", "jurisdiction": "Quebec", "claim_id": "", "claim_name": null, "holder": "Mosaic minerals corp.", "status": "Active", "recorded_date": null, "anniversary_or_expiry": null, "area_ha": null, "tenure_type": null, "source": "GESTIM active titles (MRNF digital data dump). Not legal title.", "as_of": "2026-09-20", "role": "focus", "color": "#e8b040"}}, {"type": "Feature", "geometry": {"type": "Polygon", "coordinates": [[[-75.01666666745038, 52.05833333958048], [-75.01666666220201, 52.066666673518036], [-75.00833333837241, 52.06666666717699], [-75.00833333370437, 52.05833334229567], [-75.01486260433471, 52.05833338497357], [-75.01666666745038, 52.05833333958048]]]}, "properties": {"company_id": "mosaic-company", "jurisdiction": "Quebec", "claim_id": "", "claim_name": null, "holder": "Mosaic minerals corp.", "status": "Active", "recorded_date": null, "anniversary_or_expiry": null, "area_ha": null, "tenure_type": null, "source": "GESTIM active titles (MRNF digital data dump). Not legal title.", "as_of": "2026-09-20", "role": "focus", "color": "#e8b040"}}, {"type": "Feature", "geometry": {"type": "Polygon", "coordinates": [[[-75.24166666595487, 52.06666667073087], [-75.24166666081284, 52.075000001789746], [-75.23333332936687, 52.07500000603496], [-75.23333333933209, 52.066666667198696], [-75.24166666595487, 52.06666667073087]]]}, "properties": {"company_id": "mosaic-company", "jurisdiction": "Quebec", "claim_id": "", "claim_name": null, "holder": "Mosaic minerals corp.", "status": "Active", "recorded_date": null, "anniversary_or_expiry": null, "area_ha": null, "tenure_type": null, "source": "GESTIM active titles (MRNF digital data dump). Not legal title.", "as_of": "2026-09-20", "role": "focus", "color": "#e8b040"}}, {"type": "Feature", "geometry": {"type": "Polygon", "coordinates": [[[-75.23333333933209, 52.066666667198696], [-75.23333332936687, 52.07500000603496], [-75.22499999909728, 52.07500000555073], [-75.2249999993444, 52.06666666791351], [-75.23333333933209, 52.066666667198696]]]}, "properties": {"company_id": "mosaic-company", "jurisdiction": "Quebec", "claim_id": "", "claim_name": null, "holder": "Mosaic minerals corp.", "status": "Active", "recorded_date": null, "anniversary_or_expiry": null, "area_ha": null, "tenure_type": null, "source": "GESTIM active titles (MRNF digital data dump). Not legal title.", "as_of": "2026-09-20", "role": "focus", "color": "#e8b040"}}, {"type": "Feature", "geometry": {"type": "Polygon", "coordinates": [[[-75.2249999993444, 52.06666666791351], [-75.22499999909728, 52.07500000555073], [-75.21666666996406, 52.07500000033777], [-75.21666666053449, 52.066666672846125], [-75.2249999993444, 52.06666666791351]]]}, "properties": {"company_id": "mosaic-company", "jurisdiction": "Quebec", "claim_id": "", "claim_name": null, "holder": "Mosaic minerals corp.", "status": "Active", "recorded_date": null, "anniversary_or_expiry": null, "area_ha": null, "tenure_type": null, "source": "GESTIM active titles (MRNF digital data dump). Not legal title.", "as_of": "2026-09-20", "role": "focus", "color": "#e8b040"}}, {"type": "Feature", "geometry": {"type": "Polygon", "coordinates": [[[-75.21666666053449, 52.066666672846125], [-75.21666666996406, 52.07500000033777], [-75.2083333274198, 52.07500000840423], [-75.20833333740342, 52.06666667298071], [-75.21666666053449, 52.066666672846125]]]}, "properties": {"company_id": "mosaic-company", "jurisdiction": "Quebec", "claim_id": "", "claim_name": null, "holder": "Mosaic minerals corp.", "status": "Active", "recorded_date": null, "anniversary_or_expiry": null, "area_ha": null, "tenure_type": null, "source": "GESTIM active titles (MRNF digital data dump). Not legal title.", "as_of": "2026-09-20", "role": "focus", "color": "#e8b040"}}, {"type": "Feature", "geometry": {"type": "Polygon", "coordinates": [[[-75.20833333740342, 52.06666667298071], [-75.2083333274198, 52.07500000840423], [-75.20000000047519, 52.07500000272585], [-75.20000000073476, 52.06666666837058], [-75.20833333740342, 52.06666667298071]]]}, "properties": {"company_id": "mosaic-company", "jurisdiction": "Quebec", "claim_id": "", "claim_name": null, "holder": "Mosaic minerals corp.", "status": "Active", "recorded_date": null, "anniversary_or_expiry": null, "area_ha": null, "tenure_type": null, "source": "GESTIM active titles (MRNF digital data dump). Not legal title.", "as_of": "2026-09-20", "role": "focus", "color": "#e8b040"}}, {"type": "Feature", "geometry": {"type": "Polygon", "coordinates": [[[-75.19166666511504, 52.06666666798046], [-75.19166665999019, 52.07500000133541], [-75.18333333510151, 52.07500000418512], [-75.18333333049871, 52.066666671810914], [-75.19166666511504, 52.06666666798046]]]}, "properties": {"company_id": "mosaic-company", "jurisdiction": "Quebec", "claim_id": "", "claim_name": null, "holder": "Mosaic minerals corp.", "status": "Active", "recorded_date": null, "anniversary_or_expiry": null, "area_ha": null, "tenure_type": null, "source": "GESTIM active titles (MRNF digital data dump). Not legal title.", "as_of": "2026-09-20", "role": "focus", "color": "#e8b040"}}, {"type": "Feature", "geometry": {"type": "Polygon", "coordinates": [[[-75.18333333049871, 52.066666671810914], [-75.18333333510151, 52.07500000418512], [-75.17499999654676, 52.07500000233126], [-75.1749999968058, 52.06666667087186], [-75.18333333049871, 52.066666671810914]]]}, "properties": {"company_id": "mosaic-company", "jurisdiction": "Quebec", "claim_id": "", "claim_name": null, "holder": "Mosaic minerals corp.", "status": "Active", "recorded_date": null, "anniversary_or_expiry": null, "area_ha": null, "tenure_type": null, "source": "GESTIM active titles (MRNF digital data dump). Not legal title.", "as_of": "2026-09-20", "role": "focus", "color": "#e8b040"}}, {"type": "Feature", "geometry": {"type": "Polygon", "coordinates": [[[-75.1749999968058, 52.06666667087186], [-75.17499999654676, 52.07500000233126], [-75.16666667350077, 52.075000004720785], [-75.16666666402912, 52.06666667415463], [-75.1749999968058, 52.06666667087186]]]}, "properties": {"company_id": "mosaic-company", "jurisdiction": "Quebec", "claim_id": "", "claim_name": null, "holder": "Mosaic minerals corp.", "status": "Active", "recorded_date": null, "anniversary_or_expiry": null, "area_ha": null, "tenure_type": null, "source": "GESTIM active titles (MRNF digital data dump). Not legal title.", "as_of": "2026-09-20", "role": "focus", "color": "#e8b040"}}, {"type": "Feature", "geometry": {"type": "Polygon", "coordinates": [[[-75.16666666402912, 52.06666667415463], [-75.16666667350077, 52.075000004720785], [-75.1583333367049, 52.07500000240581], [-75.15833333209204, 52.06666667266906], [-75.16666666402912, 52.06666667415463]]]}, "properties": {"company_id": "mosaic-company", "jurisdiction": "Quebec", "claim_id": "", "claim_name": null, "holder": "Mosaic minerals corp.", "status": "Active", "recorded_date": null, "anniversary_or_expiry": null, "area_ha": null, "tenure_type": null, "source": "GESTIM active titles (MRNF digital data dump). Not legal title.", "as_of": "2026-09-20", "role": "focus", "color": "#e8b040"}}, {"type": "Feature", "geometry": {"type": "Polygon", "coordinates": [[[-75.15833333209204, 52.06666667266906], [-75.1583333367049, 52.07500000240581], [-75.15000000073981, 52.07500000435606], [-75.15000000098424, 52.06666667540645], [-75.15833333209204, 52.06666667266906]]]}, "properties": {"company_id": "mosaic-company", "jurisdiction": "Quebec", "claim_id": "", "claim_name": null, "holder": "Mosaic minerals corp.", "status": "Active", "recorded_date": null, "anniversary_or_expiry": null, "area_ha": null, "tenure_type": null, "source": "GESTIM active titles (MRNF digital data dump). Not legal title.", "as_of": "2026-09-20", "role": "focus", "color": "#e8b040"}}, {"type": "Feature", "geometry": {"type": "Polygon", "coordinates": [[[-75.14166667063208, 52.06666667337651], [-75.14166666553159, 52.07500000158117], [-75.13333333106698, 52.07500000307254], [-75.13333332643406, 52.06666667558712], [-75.14166667063208, 52.06666667337651]]]}, "properties": {"company_id": "mosaic-company", "jurisdiction": "Quebec", "claim_id": "", "claim_name": null, "holder": "Mosaic minerals corp.", "status": "Active", "recorded_date": null, "anniversary_or_expiry": null, "area_ha": null, "tenure_type": null, "source": "GESTIM active titles (MRNF digital data dump). Not legal title.", "as_of": "2026-09-20", "role": "focus", "color": "#e8b040"}}, {"type": "Feature", "geometry": {"type": "Polygon", "coordinates": [[[-75.13333332643406, 52.06666667558712], [-75.13333333106698, 52.07500000307254], [-75.12499999730043, 52.075000008830536], [-75.12499999749592, 52.06666667301378], [-75.13333332643406, 52.06666667558712]]]}, "properties": {"company_id": "mosaic-company", "jurisdiction": "Quebec", "claim_id": "", "claim_name": null, "holder": "Mosaic minerals corp.", "status": "Active", "recorded_date": null, "anniversary_or_expiry": null, "area_ha": null, "tenure_type": null, "source": "GESTIM active titles (MRNF digital data dump). Not legal title.", "as_of": "2026-09-20", "role": "focus", "color": "#e8b040"}}, {"type": "Feature", "geometry": {"type": "Polygon", "coordinates": [[[-75.12499999749592, 52.06666667301378], [-75.12499999730043, 52.075000008830536], [-75.1166666641399, 52.07500000087401], [-75.11666666921307, 52.06666667466536], [-75.12499999749592, 52.06666667301378]]]}, "properties": {"company_id": "mosaic-company", "jurisdiction": "Quebec", "claim_id": "", "claim_name": null, "holder": "Mosaic minerals corp.", "status": "Active", "recorded_date": null, "anniversary_or_expiry": null, "area_ha": null, "tenure_type": null, "source": "GESTIM active titles (MRNF digital data dump). Not legal title.", "as_of": "2026-09-20", "role": "focus", "color": "#e8b040"}}, {"type": "Feature", "geometry": {"type": "Polygon", "coordinates": [[[-75.11666666921307, 52.06666667466536], [-75.1166666641399, 52.07500000087401], [-75.10833333161543, 52.07500000617586], [-75.10833332693008, 52.066666671564796], [-75.11666666921307, 52.06666667466536]]]}, "properties": {"company_id": "mosaic-company", "jurisdiction": "Quebec", "claim_id": "", "claim_name": null, "holder": "Mosaic minerals corp.", "status": "Active", "recorded_date": null, "anniversary_or_expiry": null, "area_ha": null, "tenure_type": null, "source": "GESTIM active titles (MRNF digital data dump). Not legal title.", "as_of": "2026-09-20", "role": "focus", "color": "#e8b040"}}, {"type": "Feature", "geometry": {"type": "Polygon", "coordinates": [[[-75.10833332693008, 52.066666671564796], [-75.10833333161543, 52.07500000617586], [-75.09999999963638, 52.07500000675471], [-75.09999999980312, 52.06666667267549], [-75.10833332693008, 52.066666671564796]]]}, "properties": {"company_id": "mosaic-company", "jurisdiction": "Quebec", "claim_id": "", "claim_name": null, "holder": "Mosaic minerals corp.", "status": "Active", "recorded_date": null, "anniversary_or_expiry": null, "area_ha": null, "tenure_type": null, "source": "GESTIM active titles (MRNF digital data dump). Not legal title.", "as_of": "2026-09-20", "role": "focus", "color": "#e8b040"}}, {"type": "Feature", "geometry": {"type": "Polygon", "coordinates": [[[-75.09166667318065, 52.06666666902139], [-75.09166666816269, 52.075000002611056], [-75.08333333717046, 52.07500000273592], [-75.0833333324507, 52.066666669603926], [-75.09166667318065, 52.06666666902139]]]}, "properties": {"company_id": "mosaic-company", "jurisdiction": "Quebec", "claim_id": "", "claim_name": null, "holder": "Mosaic minerals corp.", "status": "Active", "recorded_date": null, "anniversary_or_expiry": null, "area_ha": null, "tenure_type": null, "source": "GESTIM active titles (MRNF digital data dump). Not legal title.", "as_of": "2026-09-20", "role": "focus", "color": "#e8b040"}}, {"type": "Feature", "geometry": {"type": "Polygon", "coordinates": [[[-75.0833333324507, 52.066666669603926], [-75.08333333717046, 52.07500000273592], [-75.07500000661476, 52.07500000712964], [-75.0750000067447, 52.06666667440181], [-75.0833333324507, 52.066666669603926]]]}, "properties": {"company_id": "mosaic-company", "jurisdiction": "Quebec", "claim_id": "", "claim_name": null, "holder": "Mosaic minerals corp.", "status": "Active", "recorded_date": null, "anniversary_or_expiry": null, "area_ha": null, "tenure_type": null, "source": "GESTIM active titles (MRNF digital data dump). Not legal title.", "as_of": "2026-09-20", "role": "focus", "color": "#e8b040"}}, {"type": "Feature", "geometry": {"type": "Polygon", "coordinates": [[[-75.0750000067447, 52.06666667440181], [-75.07500000661476, 52.07500000712964], [-75.06666666184567, 52.075000006809915], [-75.06666666682747, 52.066666674444015], [-75.0750000067447, 52.06666667440181]]]}, "properties": {"company_id": "mosaic-company", "jurisdiction": "Quebec", "claim_id": "", "claim_name": null, "holder": "Mosaic minerals corp.", "status": "Active", "recorded_date": null, "anniversary_or_expiry": null, "area_ha": null, "tenure_type": null, "source": "GESTIM active titles (MRNF digital data dump). Not legal title.", "as_of": "2026-09-20", "role": "focus", "color": "#e8b040"}}, {"type": "Feature", "geometry": {"type": "Polygon", "coordinates": [[[-75.06666666682747, 52.066666674444015], [-75.06666666184567, 52.075000006809915], [-75.05833333200499, 52.07500000175947], [-75.05833332724698, 52.06666666972046], [-75.06666666682747, 52.066666674444015]]]}, "properties": {"company_id": "mosaic-company", "jurisdiction": "Quebec", "claim_id": "", "claim_name": null, "holder": "Mosaic minerals corp.", "status": "Active", "recorded_date": null, "anniversary_or_expiry": null, "area_ha": null, "tenure_type": null, "source": "GESTIM active titles (MRNF digital data dump). Not legal title.", "as_of": "2026-09-20", "role": "focus", "color": "#e8b040"}}, {"type": "Feature", "geometry": {"type": "Polygon", "coordinates": [[[-75.05833332724698, 52.06666666972046], [-75.05833333200499, 52.07500000175947], [-75.05000000247134, 52.07500000097857], [-75.05000000256136, 52.06666666921603], [-75.05833332724698, 52.06666666972046]]]}, "properties": {"company_id": "mosaic-company", "jurisdiction": "Quebec", "claim_id": "", "claim_name": null, "holder": "Mosaic minerals corp.", "status": "Active", "recorded_date": null, "anniversary_or_expiry": null, "area_ha": null, "tenure_type": null, "source": "GESTIM active titles (MRNF digital data dump). Not legal title.", "as_of": "2026-09-20", "role": "focus", "color": "#e8b040"}}, {"type": "Feature", "geometry": {"type": "Polygon", "coordinates": [[[-75.04166666354878, 52.06666667294429], [-75.04166667319954, 52.07500000446744], [-75.03333332954662, 52.07500000323953], [-75.03333333933391, 52.06666667190327], [-75.04166666354878, 52.06666667294429]]]}, "properties": {"company_id": "mosaic-company", "jurisdiction": "Quebec", "claim_id": "", "claim_name": null, "holder": "Mosaic minerals corp.", "status": "Active", "recorded_date": null, "anniversary_or_expiry": null, "area_ha": null, "tenure_type": null, "source": "GESTIM active titles (MRNF digital data dump). Not legal title.", "as_of": "2026-09-20", "role": "focus", "color": "#e8b040"}}, {"type": "Feature", "geometry": {"type": "Polygon", "coordinates": [[[-75.03333333933391, 52.06666667190327], [-75.03333332954662, 52.07500000323953], [-75.02500000065919, 52.0750000062765], [-75.02500000070519, 52.06666667509314], [-75.02976971977873, 52.0666667379095], [-75.03333333933391, 52.06666667190327]]]}, "properties": {"company_id": "mosaic-company", "jurisdiction": "Quebec", "claim_id": "", "claim_name": null, "holder": "Mosaic minerals corp.", "status": "Active", "recorded_date": null, "anniversary_or_expiry": null, "area_ha": null, "tenure_type": null, "source": "GESTIM active titles (MRNF digital data dump). Not legal title.", "as_of": "2026-09-20", "role": "focus", "color": "#e8b040"}}, {"type": "Feature", "geometry": {"type": "Polygon", "coordinates": [[[-75.02500000070519, 52.06666667509314], [-75.02500000065919, 52.0750000062765], [-75.01666667189755, 52.075000004592745], [-75.01666666220201, 52.066666673518036], [-75.02500000070519, 52.06666667509314]]]}, "properties": {"company_id": "mosaic-company", "jurisdiction": "Quebec", "claim_id": "", "claim_name": null, "holder": "Mosaic minerals corp.", "status": "Active", "recorded_date": null, "anniversary_or_expiry": null, "area_ha": null, "tenure_type": null, "source": "GESTIM active titles (MRNF digital data dump). Not legal title.", "as_of": "2026-09-20", "role": "focus", "color": "#e8b040"}}, {"type": "Feature", "geometry": {"type": "Polygon", "coordinates": [[[-75.01666666220201, 52.066666673518036], [-75.01666667189755, 52.075000004592745], [-75.00833332863232, 52.07500000718026], [-75.00833333837241, 52.06666666717699], [-75.01666666220201, 52.066666673518036]]]}, "properties": {"company_id": "mosaic-company", "jurisdiction": "Quebec", "claim_id": "", "claim_name": null, "holder": "Mosaic minerals corp.", "status": "Active", "recorded_date": null, "anniversary_or_expiry": null, "area_ha": null, "tenure_type": null, "source": "GESTIM active titles (MRNF digital data dump). Not legal title.", "as_of": "2026-09-20", "role": "focus", "color": "#e8b040"}}, {"type": "Feature", "geometry": {"type": "Polygon", "coordinates": [[[-75.00833333837241, 52.06666666717699], [-75.00833332863232, 52.07500000718026], [-75.0, 52.075000005045126], [-74.99999999999997, 52.066666674054844], [-75.00833333837241, 52.06666666717699]]]}, "properties": {"company_id": "mosaic-company", "jurisdiction": "Quebec", "claim_id": "", "claim_name": null, "holder": "Mosaic minerals corp.", "status": "Active", "recorded_date": null, "anniversary_or_expiry": null, "area_ha": null, "tenure_type": null, "source": "GESTIM active titles (MRNF digital data dump). Not legal title.", "as_of": "2026-09-20", "role": "focus", "color": "#e8b040"}}, {"type": "Feature", "geometry": {"type": "Polygon", "coordinates": [[[-75.24166666081284, 52.075000001789746], [-75.24166666086639, 52.08333333898989], [-75.23333333896245, 52.08333334199207], [-75.23333332936687, 52.07500000603496], [-75.24166666081284, 52.075000001789746]]]}, "properties": {"company_id": "mosaic-company", "jurisdiction": "Quebec", "claim_id": "", "claim_name": null, "holder": "Mosaic minerals corp.", "status": "Active", "recorded_date": null, "anniversary_or_expiry": null, "area_ha": null, "tenure_type": null, "source": "GESTIM active titles (MRNF digital data dump). Not legal title.", "as_of": "2026-09-20", "role": "focus", "color": "#e8b040"}}, {"type": "Feature", "geometry": {"type": "Polygon", "coordinates": [[[-75.23333332936687, 52.07500000603496], [-75.23333333896245, 52.08333334199207], [-75.22500000364374, 52.083333340337], [-75.22499999909728, 52.07500000555073], [-75.23333332936687, 52.07500000603496]]]}, "properties": {"company_id": "mosaic-company", "jurisdiction": "Quebec", "claim_id": "", "claim_name": null, "holder": "Mosaic minerals corp.", "status": "Active", "recorded_date": null, "anniversary_or_expiry": null, "area_ha": null, "tenure_type": null, "source": "GESTIM active titles (MRNF digital data dump). Not legal title.", "as_of": "2026-09-20", "role": "focus", "color": "#e8b040"}}, {"type": "Feature", "geometry": {"type": "Polygon", "coordinates": [[[-75.22499999909728, 52.07500000555073], [-75.22500000364374, 52.083333340337], [-75.21666666946331, 52.08333333399545], [-75.21666666996406, 52.07500000033777], [-75.22499999909728, 52.07500000555073]]]}, "properties": {"company_id": "mosaic-company", "jurisdiction": "Quebec", "claim_id": "", "claim_name": null, "holder": "Mosaic minerals corp.", "status": "Active", "recorded_date": null, "anniversary_or_expiry": null, "area_ha": null, "tenure_type": null, "source": "GESTIM active titles (MRNF digital data dump). Not legal title.", "as_of": "2026-09-20", "role": "focus", "color": "#e8b040"}}, {"type": "Feature", "geometry": {"type": "Polygon", "coordinates": [[[-75.21666666996406, 52.07500000033777], [-75.21666666946331, 52.08333333399545], [-75.20833333646442, 52.08333334094973], [-75.2083333274198, 52.07500000840423], [-75.21666666996406, 52.07500000033777]]]}, "properties": {"company_id": "mosaic-company", "jurisdiction": "Quebec", "claim_id": "", "claim_name": null, "holder": "Mosaic minerals corp.", "status": "Active", "recorded_date": null, "anniversary_or_expiry": null, "area_ha": null, "tenure_type": null, "source": "GESTIM active titles (MRNF digital data dump). Not legal title.", "as_of": "2026-09-20", "role": "focus", "color": "#e8b040"}}, {"type": "Feature", "geometry": {"type": "Polygon", "coordinates": [[[-75.2083333274198, 52.07500000840423], [-75.20833333646442, 52.08333334094973], [-75.20000000447635, 52.08333333422826], [-75.20000000047519, 52.07500000272585], [-75.2083333274198, 52.07500000840423]]]}, "properties": {"company_id": "mosaic-company", "jurisdiction": "Quebec", "claim_id": "", "claim_name": null, "holder": "Mosaic minerals corp.", "status": "Active", "recorded_date": null, "anniversary_or_expiry": null, "area_ha": null, "tenure_type": null, "source": "GESTIM active titles (MRNF digital data dump). Not legal title.", "as_of": "2026-09-20", "role": "focus", "color": "#e8b040"}}, {"type": "Feature", "geometry": {"type": "Polygon", "coordinates": [[[-75.19166665999019, 52.07500000133541], [-75.19166667357915, 52.083333340804025], [-75.18333332901834, 52.083333333728056], [-75.18333333510151, 52.07500000418512], [-75.19166665999019, 52.07500000133541]]]}, "properties": {"company_id": "mosaic-company", "jurisdiction": "Quebec", "claim_id": "", "claim_name": null, "holder": "Mosaic minerals corp.", "status": "Active", "recorded_date": null, "anniversary_or_expiry": null, "area_ha": null, "tenure_type": null, "source": "GESTIM active titles (MRNF digital data dump). Not legal title.", "as_of": "2026-09-20", "role": "focus", "color": "#e8b040"}}, {"type": "Feature", "geometry": {"type": "Polygon", "coordinates": [[[-75.18333333510151, 52.07500000418512], [-75.18333332901834, 52.083333333728056], [-75.17500000005111, 52.08333333992689], [-75.17499999654676, 52.07500000233126], [-75.18333333510151, 52.07500000418512]]]}, "properties": {"company_id": "mosaic-company", "jurisdiction": "Quebec", "claim_id": "", "claim_name": null, "holder": "Mosaic minerals corp.", "status": "Active", "recorded_date": null, "anniversary_or_expiry": null, "area_ha": null, "tenure_type": null, "source": "GESTIM active titles (MRNF digital data dump). Not legal title.", "as_of": "2026-09-20", "role": "focus", "color": "#e8b040"}}, {"type": "Feature", "geometry": {"type": "Polygon", "coordinates": [[[-75.17499999654676, 52.07500000233126], [-75.17500000005111, 52.08333333992689], [-75.16666667196665, 52.08333334144331], [-75.16666667350077, 52.075000004720785], [-75.17499999654676, 52.07500000233126]]]}, "properties": {"company_id": "mosaic-company", "jurisdiction": "Quebec", "claim_id": "", "claim_name": null, "holder": "Mosaic minerals corp.", "status": "Active", "recorded_date": null, "anniversary_or_expiry": null, "area_ha": null, "tenure_type": null, "source": "GESTIM active titles (MRNF digital data dump). Not legal title.", "as_of": "2026-09-20", "role": "focus", "color": "#e8b040"}}, {"type": "Feature", "geometry": {"type": "Polygon", "coordinates": [[[-75.16666667350077, 52.075000004720785], [-75.16666667196665, 52.08333334144331], [-75.15833333013109, 52.083333338297464], [-75.1583333367049, 52.07500000240581], [-75.16666667350077, 52.075000004720785]]]}, "properties": {"company_id": "mosaic-company", "jurisdiction": "Quebec", "claim_id": "", "claim_name": null, "holder": "Mosaic minerals corp.", "status": "Active", "recorded_date": null, "anniversary_or_expiry": null, "area_ha": null, "tenure_type": null, "source": "GESTIM active titles (MRNF digital data dump). Not legal title.", "as_of": "2026-09-20", "role": "focus", "color": "#e8b040"}}, {"type": "Feature", "geometry": {"type": "Polygon", "coordinates": [[[-75.09166666816269, 52.075000002611056], [-75.0916666651142, 52.083333342333056], [-75.08333332909051, 52.08333334201028], [-75.08333333717046, 52.07500000273592], [-75.09166666816269, 52.075000002611056]]]}, "properties": {"company_id": "mosaic-company", "jurisdiction": "Quebec", "claim_id": "", "claim_name": null, "holder": "Mosaic minerals corp.", "status": "Active", "recorded_date": null, "anniversary_or_expiry": null, "area_ha": null, "tenure_type": null, "source": "GESTIM active titles (MRNF digital data dump). Not legal title.", "as_of": "2026-09-20", "role": "focus", "color": "#e8b040"}}, {"type": "Feature", "geometry": {"type": "Polygon", "coordinates": [[[-75.08333333717046, 52.07500000273592], [-75.08333332909051, 52.08333334201028], [-75.07499999348892, 52.08333333700777], [-75.07500000661476, 52.07500000712964], [-75.08333333717046, 52.07500000273592]]]}, "properties": {"company_id": "mosaic-company", "jurisdiction": "Quebec", "claim_id": "", "claim_name": null, "holder": "Mosaic minerals corp.", "status": "Active", "recorded_date": null, "anniversary_or_expiry": null, "area_ha": null, "tenure_type": null, "source": "GESTIM active titles (MRNF digital data dump). Not legal title.", "as_of": "2026-09-20", "role": "focus", "color": "#e8b040"}}, {"type": "Feature", "geometry": {"type": "Polygon", "coordinates": [[[-75.07500000661476, 52.07500000712964], [-75.07499999348892, 52.08333333700777], [-75.06666667287605, 52.0833333363084], [-75.06666666184567, 52.075000006809915], [-75.07500000661476, 52.07500000712964]]]}, "properties": {"company_id": "mosaic-company", "jurisdiction": "Quebec", "claim_id": "", "claim_name": null, "holder": "Mosaic minerals corp.", "status": "Active", "recorded_date": null, "anniversary_or_expiry": null, "area_ha": null, "tenure_type": null, "source": "GESTIM active titles (MRNF digital data dump). Not legal title.", "as_of": "2026-09-20", "role": "focus", "color": "#e8b040"}}, {"type": "Feature", "geometry": {"type": "Polygon", "coordinates": [[[-75.06666666184567, 52.075000006809915], [-75.06666667287605, 52.0833333363084], [-75.0583333380192, 52.0833333399299], [-75.05833333200499, 52.07500000175947], [-75.06666666184567, 52.075000006809915]]]}, "properties": {"company_id": "mosaic-company", "jurisdiction": "Quebec", "claim_id": "", "claim_name": null, "holder": "Mosaic minerals corp.", "status": "Active", "recorded_date": null, "anniversary_or_expiry": null, "area_ha": null, "tenure_type": null, "source": "GESTIM active titles (MRNF digital data dump). Not legal title.", "as_of": "2026-09-20", "role": "focus", "color": "#e8b040"}}, {"type": "Feature", "geometry": {"type": "Polygon", "coordinates": [[[-75.05833333200499, 52.07500000175947], [-75.0583333380192, 52.0833333399299], [-75.05000000345666, 52.083333338872414], [-75.05000000247134, 52.07500000097857], [-75.05833333200499, 52.07500000175947]]]}, "properties": {"company_id": "mosaic-company", "jurisdiction": "Quebec", "claim_id": "", "claim_name": null, "holder": "Mosaic minerals corp.", "status": "Active", "recorded_date": null, "anniversary_or_expiry": null, "area_ha": null, "tenure_type": null, "source": "GESTIM active titles (MRNF digital data dump). Not legal title.", "as_of": "2026-09-20", "role": "focus", "color": "#e8b040"}}, {"type": "Feature", "geometry": {"type": "Polygon", "coordinates": [[[-75.05000000247134, 52.07500000097857], [-75.05000000345666, 52.083333338872414], [-75.04166666915624, 52.083333342126906], [-75.04166667319954, 52.07500000446744], [-75.05000000247134, 52.07500000097857]]]}, "properties": {"company_id": "mosaic-company", "jurisdiction": "Quebec", "claim_id": "", "claim_name": null, "holder": "Mosaic minerals corp.", "status": "Active", "recorded_date": null, "anniversary_or_expiry": null, "area_ha": null, "tenure_type": null, "source": "GESTIM active titles (MRNF digital data dump). Not legal title.", "as_of": "2026-09-20", "role": "focus", "color": "#e8b040"}}, {"type": "Feature", "geometry": {"type": "Polygon", "coordinates": [[[-75.04166667319954, 52.07500000446744], [-75.04166666915624, 52.083333342126906], [-75.03333333506619, 52.08333334070272], [-75.03333332954662, 52.07500000323953], [-75.04166667319954, 52.07500000446744]]]}, "properties": {"company_id": "mosaic-company", "jurisdiction": "Quebec", "claim_id": "", "claim_name": null, "holder": "Mosaic minerals corp.", "status": "Active", "recorded_date": null, "anniversary_or_expiry": null, "area_ha": null, "tenure_type": null, "source": "GESTIM active titles (MRNF digital data dump). Not legal title.", "as_of": "2026-09-20", "role": "focus", "color": "#e8b040"}}, {"type": "Feature", "geometry": {"type": "Polygon", "coordinates": [[[-75.03333332954662, 52.07500000323953], [-75.03333333506619, 52.08333334070272], [-75.02500000114578, 52.083333334600006], [-75.02500000065919, 52.0750000062765], [-75.03333332954662, 52.07500000323953]]]}, "properties": {"company_id": "mosaic-company", "jurisdiction": "Quebec", "claim_id": "", "claim_name": null, "holder": "Mosaic minerals corp.", "status": "Active", "recorded_date": null, "anniversary_or_expiry": null, "area_ha": null, "tenure_type": null, "source": "GESTIM active titles (MRNF digital data dump). Not legal title.", "as_of": "2026-09-20", "role": "focus", "color": "#e8b040"}}, {"type": "Feature", "geometry": {"type": "Polygon", "coordinates": [[[-75.02500000065919, 52.0750000062765], [-75.02500000114578, 52.083333334600006], [-75.01666666736153, 52.08333334180046], [-75.01666667189755, 52.075000004592745], [-75.02500000065919, 52.0750000062765]]]}, "properties": {"company_id": "mosaic-company", "jurisdiction": "Quebec", "claim_id": "", "claim_name": null, "holder": "Mosaic minerals corp.", "status": "Active", "recorded_date": null, "anniversary_or_expiry": null, "area_ha": null, "tenure_type": null, "source": "GESTIM active titles (MRNF digital data dump). Not legal title.", "as_of": "2026-09-20", "role": "focus", "color": "#e8b040"}}, {"type": "Feature", "geometry": {"type": "Polygon", "coordinates": [[[-75.01666667189755, 52.075000004592745], [-75.01666666736153, 52.08333334180046], [-75.00833333365817, 52.08333333533172], [-75.00833332863232, 52.07500000718026], [-75.01666667189755, 52.075000004592745]]]}, "properties": {"company_id": "mosaic-company", "jurisdiction": "Quebec", "claim_id": "", "claim_name": null, "holder": "Mosaic minerals corp.", "status": "Active", "recorded_date": null, "anniversary_or_expiry": null, "area_ha": null, "tenure_type": null, "source": "GESTIM active titles (MRNF digital data dump). Not legal title.", "as_of": "2026-09-20", "role": "focus", "color": "#e8b040"}}, {"type": "Feature", "geometry": {"type": "Polygon", "coordinates": [[[-75.07499999348892, 52.08333333700777], [-75.07499999656761, 52.091666673009364], [-75.06666667074786, 52.09166667194764], [-75.06666667287605, 52.0833333363084], [-75.07499999348892, 52.08333333700777]]]}, "properties": {"company_id": "mosaic-company", "jurisdiction": "Quebec", "claim_id": "", "claim_name": null, "holder": "Mosaic minerals corp.", "status": "Active", "recorded_date": null, "anniversary_or_expiry": null, "area_ha": null, "tenure_type": null, "source": "GESTIM active titles (MRNF digital data dump). Not legal title.", "as_of": "2026-09-20", "role": "focus", "color": "#e8b040"}}, {"type": "Feature", "geometry": {"type": "Polygon", "coordinates": [[[-75.06666667287605, 52.0833333363084], [-75.06666667074786, 52.09166667194764], [-75.05833333068213, 52.09166667524907], [-75.0583333380192, 52.0833333399299], [-75.06666667287605, 52.0833333363084]]]}, "properties": {"company_id": "mosaic-company", "jurisdiction": "Quebec", "claim_id": "", "claim_name": null, "holder": "Mosaic minerals corp.", "status": "Active", "recorded_date": null, "anniversary_or_expiry": null, "area_ha": null, "tenure_type": null, "source": "GESTIM active titles (MRNF digital data dump). Not legal title.", "as_of": "2026-09-20", "role": "focus", "color": "#e8b040"}}, {"type": "Feature", "geometry": {"type": "Polygon", "coordinates": [[[-75.0583333380192, 52.0833333399299], [-75.05833333068213, 52.09166667524907], [-75.05000000550753, 52.091666673907575], [-75.05000000345666, 52.083333338872414], [-75.0583333380192, 52.0833333399299]]]}, "properties": {"company_id": "mosaic-company", "jurisdiction": "Quebec", "claim_id": "", "claim_name": null, "holder": "Mosaic minerals corp.", "status": "Active", "recorded_date": null, "anniversary_or_expiry": null, "area_ha": null, "tenure_type": null, "source": "GESTIM active titles (MRNF digital data dump). Not legal title.", "as_of": "2026-09-20", "role": "focus", "color": "#e8b040"}}, {"type": "Feature", "geometry": {"type": "Polygon", "coordinates": [[[-75.05000000345666, 52.083333338872414], [-75.05000000550753, 52.091666673907575], [-75.04166666599083, 52.09166666793672], [-75.04166666915624, 52.083333342126906], [-75.05000000345666, 52.083333338872414]]]}, "properties": {"company_id": "mosaic-company", "jurisdiction": "Quebec", "claim_id": "", "claim_name": null, "holder": "Mosaic minerals corp.", "status": "Active", "recorded_date": null, "anniversary_or_expiry": null, "area_ha": null, "tenure_type": null, "source": "GESTIM active titles (MRNF digital data dump). Not legal title.", "as_of": "2026-09-20", "role": "focus", "color": "#e8b040"}}, {"type": "Feature", "geometry": {"type": "Polygon", "coordinates": [[[-75.04166666915624, 52.083333342126906], [-75.04166666599083, 52.09166666793672], [-75.03333332670157, 52.091666675311124], [-75.03333333506619, 52.08333334070272], [-75.04166666915624, 52.083333342126906]]]}, "properties": {"company_id": "mosaic-company", "jurisdiction": "Quebec", "claim_id": "", "claim_name": null, "holder": "Mosaic minerals corp.", "status": "Active", "recorded_date": null, "anniversary_or_expiry": null, "area_ha": null, "tenure_type": null, "source": "GESTIM active titles (MRNF digital data dump). Not legal title.", "as_of": "2026-09-20", "role": "focus", "color": "#e8b040"}}, {"type": "Feature", "geometry": {"type": "Polygon", "coordinates": [[[-75.03333333506619, 52.08333334070272], [-75.03333332670157, 52.091666675311124], [-75.02500000217027, 52.09166666905531], [-75.02500000114578, 52.083333334600006], [-75.03333333506619, 52.08333334070272]]]}, "properties": {"company_id": "mosaic-company", "jurisdiction": "Quebec", "claim_id": "", "claim_name": null, "holder": "Mosaic minerals corp.", "status": "Active", "recorded_date": null, "anniversary_or_expiry": null, "area_ha": null, "tenure_type": null, "source": "GESTIM active titles (MRNF digital data dump). Not legal title.", "as_of": "2026-09-20", "role": "focus", "color": "#e8b040"}}, {"type": "Feature", "geometry": {"type": "Polygon", "coordinates": [[[-75.02500000114578, 52.083333334600006], [-75.02500000217027, 52.09166666905531], [-75.01666666317567, 52.091666667158265], [-75.01666666736153, 52.08333334180046], [-75.02500000114578, 52.083333334600006]]]}, "properties": {"company_id": "mosaic-company", "jurisdiction": "Quebec", "claim_id": "", "claim_name": null, "holder": "Mosaic minerals corp.", "status": "Active", "recorded_date": null, "anniversary_or_expiry": null, "area_ha": null, "tenure_type": null, "source": "GESTIM active titles (MRNF digital data dump). Not legal title.", "as_of": "2026-09-20", "role": "focus", "color": "#e8b040"}}, {"type": "Feature", "geometry": {"type": "Polygon", "coordinates": [[[-75.01666666736153, 52.08333334180046], [-75.01666666317567, 52.091666667158265], [-75.0083333388649, 52.091666669614874], [-75.00833333365817, 52.08333333533172], [-75.01666666736153, 52.08333334180046]]]}, "properties": {"company_id": "mosaic-company", "jurisdiction": "Quebec", "claim_id": "", "claim_name": null, "holder": "Mosaic minerals corp.", "status": "Active", "recorded_date": null, "anniversary_or_expiry": null, "area_ha": null, "tenure_type": null, "source": "GESTIM active titles (MRNF digital data dump). Not legal title.", "as_of": "2026-09-20", "role": "focus", "color": "#e8b040"}}, {"type": "Feature", "geometry": {"type": "Polygon", "coordinates": [[[-75.00833333365817, 52.08333333533172], [-75.0083333388649, 52.091666669614874], [-75.00000000000003, 52.091666667437536], [-75.00000000000007, 52.08333334216631], [-75.00833333365817, 52.08333333533172]]]}, "properties": {"company_id": "mosaic-company", "jurisdiction": "Quebec", "claim_id": "", "claim_name": null, "holder": "Mosaic minerals corp.", "status": "Active", "recorded_date": null, "anniversary_or_expiry": null, "area_ha": null, "tenure_type": null, "source": "GESTIM active titles (MRNF digital data dump). Not legal title.", "as_of": "2026-09-20", "role": "focus", "color": "#e8b040"}}, {"type": "Feature", "geometry": {"type": "Polygon", "coordinates": [[[-75.55833333989341, 49.483333339023645], [-75.55833333848422, 49.49166667332902], [-75.54999999953237, 49.49166667418368], [-75.54999999328473, 49.48333333273523], [-75.55833333989341, 49.483333339023645]]]}, "properties": {"company_id": "mosaic-company", "jurisdiction": "Quebec", "claim_id": "", "claim_name": null, "holder": "Mosaic minerals corp.", "status": "Active", "recorded_date": null, "anniversary_or_expiry": null, "area_ha": null, "tenure_type": null, "source": "GESTIM active titles (MRNF digital data dump). Not legal title.", "as_of": "2026-09-20", "role": "focus", "color": "#e8b040"}}, {"type": "Feature", "geometry": {"type": "Polygon", "coordinates": [[[-75.54999999328473, 49.48333333273523], [-75.54999999953237, 49.49166667418368], [-75.54166666230992, 49.49166666836093], [-75.54166666240808, 49.48333333766524], [-75.54999999328473, 49.48333333273523]]]}, "properties": {"company_id": "mosaic-company", "jurisdiction": "Quebec", "claim_id": "", "claim_name": null, "holder": "Mosaic minerals corp.", "status": "Active", "recorded_date": null, "anniversary_or_expiry": null, "area_ha": null, "tenure_type": null, "source": "GESTIM active titles (MRNF digital data dump). Not legal title.", "as_of": "2026-09-20", "role": "focus", "color": "#e8b040"}}, {"type": "Feature", "geometry": {"type": "Polygon", "coordinates": [[[-75.54166666240808, 49.48333333766524], [-75.54166666230992, 49.49166666836093], [-75.53333332698838, 49.491666673851455], [-75.53333333322962, 49.483333335893235], [-75.54166666240808, 49.48333333766524]]]}, "properties": {"company_id": "mosaic-company", "jurisdiction": "Quebec", "claim_id": "", "claim_name": null, "holder": "Mosaic minerals corp.", "status": "Active", "recorded_date": null, "anniversary_or_expiry": null, "area_ha": null, "tenure_type": null, "source": "GESTIM active titles (MRNF digital data dump). Not legal title.", "as_of": "2026-09-20", "role": "focus", "color": "#e8b040"}}, {"type": "Feature", "geometry": {"type": "Polygon", "coordinates": [[[-75.53333333322962, 49.483333335893235], [-75.53333332698838, 49.491666673851455], [-75.52499999334226, 49.49166667266814], [-75.52500000582175, 49.48333333641546], [-75.53333333322962, 49.483333335893235]]]}, "properties": {"company_id": "mosaic-company", "jurisdiction": "Quebec", "claim_id": "", "claim_name": null, "holder": "Mosaic minerals corp.", "status": "Active", "recorded_date": null, "anniversary_or_expiry": null, "area_ha": null, "tenure_type": null, "source": "GESTIM active titles (MRNF digital data dump). Not legal title.", "as_of": "2026-09-20", "role": "focus", "color": "#e8b040"}}, {"type": "Feature", "geometry": {"type": "Polygon", "coordinates": [[[-75.52500000582175, 49.48333333641546], [-75.52499999334226, 49.49166667266814], [-75.51666666144231, 49.49166667380719], [-75.5166666663505, 49.48333333929529], [-75.52500000582175, 49.48333333641546]]]}, "properties": {"company_id": "mosaic-company", "jurisdiction": "Quebec", "claim_id": "", "claim_name": null, "holder": "Mosaic minerals corp.", "status": "Active", "recorded_date": null, "anniversary_or_expiry": null, "area_ha": null, "tenure_type": null, "source": "GESTIM active titles (MRNF digital data dump). Not legal title.", "as_of": "2026-09-20", "role": "focus", "color": "#e8b040"}}, {"type": "Feature", "geometry": {"type": "Polygon", "coordinates": [[[-75.5166666663505, 49.48333333929529], [-75.51666666144231, 49.49166667380719], [-75.50833333116692, 49.491666668275826], [-75.50833332849979, 49.48333333547637], [-75.5166666663505, 49.48333333929529]]]}, "properties": {"company_id": "mosaic-company", "jurisdiction": "Quebec", "claim_id": "", "claim_name": null, "holder": "Mosaic minerals corp.", "status": "Active", "recorded_date": null, "anniversary_or_expiry": null, "area_ha": null, "tenure_type": null, "source": "GESTIM active titles (MRNF digital data dump). Not legal title.", "as_of": "2026-09-20", "role": "focus", "color": "#e8b040"}}, {"type": "Feature", "geometry": {"type": "Polygon", "coordinates": [[[-75.50833332849979, 49.48333333547637], [-75.50833333116692, 49.491666668275826], [-75.50000000267534, 49.49166667406474], [-75.50000000614283, 49.483333333895054], [-75.50833332849979, 49.48333333547637]]]}, "properties": {"company_id": "mosaic-company", "jurisdiction": "Quebec", "claim_id": "", "claim_name": null, "holder": "Mosaic minerals corp.", "status": "Active", "recorded_date": null, "anniversary_or_expiry": null, "area_ha": null, "tenure_type": null, "source": "GESTIM active titles (MRNF digital data dump). Not legal title.", "as_of": "2026-09-20", "role": "focus", "color": "#e8b040"}}, {"type": "Feature", "geometry": {"type": "Polygon", "coordinates": [[[-75.55833333848422, 49.49166667332902], [-75.558333335146, 49.500000004684495], [-75.5500000035755, 49.5000000036851], [-75.54999999953237, 49.49166667418368], [-75.55833333848422, 49.49166667332902]]]}, "properties": {"company_id": "mosaic-company", "jurisdiction": "Quebec", "claim_id": "", "claim_name": null, "holder": "Mosaic minerals corp.", "status": "Active", "recorded_date": null, "anniversary_or_expiry": null, "area_ha": null, "tenure_type": null, "source": "GESTIM active titles (MRNF digital data dump). Not legal title.", "as_of": "2026-09-20", "role": "focus", "color": "#e8b040"}}, {"type": "Feature", "geometry": {"type": "Polygon", "coordinates": [[[-75.54999999953237, 49.49166667418368], [-75.5500000035755, 49.5000000036851], [-75.5416666600278, 49.500000005095806], [-75.54166666230992, 49.49166666836093], [-75.54999999953237, 49.49166667418368]]]}, "properties": {"company_id": "mosaic-company", "jurisdiction": "Quebec", "claim_id": "", "claim_name": null, "holder": "Mosaic minerals corp.", "status": "Active", "recorded_date": null, "anniversary_or_expiry": null, "area_ha": null, "tenure_type": null, "source": "GESTIM active titles (MRNF digital data dump). Not legal title.", "as_of": "2026-09-20", "role": "focus", "color": "#e8b040"}}, {"type": "Feature", "geometry": {"type": "Polygon", "coordinates": [[[-75.53333332698838, 49.491666673851455], [-75.53333333199681, 49.49999999979367], [-75.5250000058409, 49.500000005835034], [-75.52499999334226, 49.49166667266814], [-75.53333332698838, 49.491666673851455]]]}, "properties": {"company_id": "mosaic-company", "jurisdiction": "Quebec", "claim_id": "", "claim_name": null, "holder": "Mosaic minerals corp.", "status": "Active", "recorded_date": null, "anniversary_or_expiry": null, "area_ha": null, "tenure_type": null, "source": "GESTIM active titles (MRNF digital data dump). Not legal title.", "as_of": "2026-09-20", "role": "focus", "color": "#e8b040"}}, {"type": "Feature", "geometry": {"type": "Polygon", "coordinates": [[[-75.52499999334226, 49.49166667266814], [-75.5250000058409, 49.500000005835034], [-75.51666666752736, 49.50000000529438], [-75.51666666144231, 49.49166667380719], [-75.52499999334226, 49.49166667266814]]]}, "properties": {"company_id": "mosaic-company", "jurisdiction": "Quebec", "claim_id": "", "claim_name": null, "holder": "Mosaic minerals corp.", "status": "Active", "recorded_date": null, "anniversary_or_expiry": null, "area_ha": null, "tenure_type": null, "source": "GESTIM active titles (MRNF digital data dump). Not legal title.", "as_of": "2026-09-20", "role": "focus", "color": "#e8b040"}}, {"type": "Feature", "geometry": {"type": "Polygon", "coordinates": [[[-75.51666666439529, 49.458333335965044], [-75.51666666782374, 49.466666670374764], [-75.50833332809758, 49.46666666991228], [-75.50833333036442, 49.458333337146684], [-75.51666666439529, 49.458333335965044]]]}, "properties": {"company_id": "mosaic-company", "jurisdiction": "Quebec", "claim_id": "", "claim_name": null, "holder": "Mosaic minerals corp.", "status": "Active", "recorded_date": null, "anniversary_or_expiry": null, "area_ha": null, "tenure_type": null, "source": "GESTIM active titles (MRNF digital data dump). Not legal title.", "as_of": "2026-09-20", "role": "focus", "color": "#e8b040"}}, {"type": "Feature", "geometry": {"type": "Polygon", "coordinates": [[[-75.50833333036442, 49.458333337146684], [-75.50833332809758, 49.46666666991228], [-75.50000000385256, 49.46666667163284], [-75.49999999800995, 49.4583333405447], [-75.50833333036442, 49.458333337146684]]]}, "properties": {"company_id": "mosaic-company", "jurisdiction": "Quebec", "claim_id": "", "claim_name": null, "holder": "Mosaic minerals corp.", "status": "Active", "recorded_date": null, "anniversary_or_expiry": null, "area_ha": null, "tenure_type": null, "source": "GESTIM active titles (MRNF digital data dump). Not legal title.", "as_of": "2026-09-20", "role": "focus", "color": "#e8b040"}}, {"type": "Feature", "geometry": {"type": "Polygon", "coordinates": [[[-75.5416666695676, 49.466666667341386], [-75.54166666022601, 49.47500000401378], [-75.53333333710903, 49.47500000397112], [-75.53333333853195, 49.466666669090024], [-75.5416666695676, 49.466666667341386]]]}, "properties": {"company_id": "mosaic-company", "jurisdiction": "Quebec", "claim_id": "", "claim_name": null, "holder": "Mosaic minerals corp.", "status": "Active", "recorded_date": null, "anniversary_or_expiry": null, "area_ha": null, "tenure_type": null, "source": "GESTIM active titles (MRNF digital data dump). Not legal title.", "as_of": "2026-09-20", "role": "focus", "color": "#e8b040"}}, {"type": "Feature", "geometry": {"type": "Polygon", "coordinates": [[[-75.53333333853195, 49.466666669090024], [-75.53333333710903, 49.47500000397112], [-75.52500000195532, 49.47500000625892], [-75.52499999545779, 49.46666667314087], [-75.53333333853195, 49.466666669090024]]]}, "properties": {"company_id": "mosaic-company", "jurisdiction": "Quebec", "claim_id": "", "claim_name": null, "holder": "Mosaic minerals corp.", "status": "Active", "recorded_date": null, "anniversary_or_expiry": null, "area_ha": null, "tenure_type": null, "source": "GESTIM active titles (MRNF digital data dump). Not legal title.", "as_of": "2026-09-20", "role": "focus", "color": "#e8b040"}}, {"type": "Feature", "geometry": {"type": "Polygon", "coordinates": [[[-75.52499999545779, 49.46666667314087], [-75.52500000195532, 49.47500000625892], [-75.51666666844503, 49.47500000181983], [-75.51666666782374, 49.466666670374764], [-75.52499999545779, 49.46666667314087]]]}, "properties": {"company_id": "mosaic-company", "jurisdiction": "Quebec", "claim_id": "", "claim_name": null, "holder": "Mosaic minerals corp.", "status": "Active", "recorded_date": null, "anniversary_or_expiry": null, "area_ha": null, "tenure_type": null, "source": "GESTIM active titles (MRNF digital data dump). Not legal title.", "as_of": "2026-09-20", "role": "focus", "color": "#e8b040"}}, {"type": "Feature", "geometry": {"type": "Polygon", "coordinates": [[[-75.51666666782374, 49.466666670374764], [-75.51666666844503, 49.47500000181983], [-75.50833333664742, 49.47499999965004], [-75.50833332809758, 49.46666666991228], [-75.51666666782374, 49.466666670374764]]]}, "properties": {"company_id": "mosaic-company", "jurisdiction": "Quebec", "claim_id": "", "claim_name": null, "holder": "Mosaic minerals corp.", "status": "Active", "recorded_date": null, "anniversary_or_expiry": null, "area_ha": null, "tenure_type": null, "source": "GESTIM active titles (MRNF digital data dump). Not legal title.", "as_of": "2026-09-20", "role": "focus", "color": "#e8b040"}}, {"type": "Feature", "geometry": {"type": "Polygon", "coordinates": [[[-75.50833332809758, 49.46666666991228], [-75.50833333664742, 49.47499999965004], [-75.50000000653414, 49.47499999975128], [-75.50000000385256, 49.46666667163284], [-75.50833332809758, 49.46666666991228]]]}, "properties": {"company_id": "mosaic-company", "jurisdiction": "Quebec", "claim_id": "", "claim_name": null, "holder": "Mosaic minerals corp.", "status": "Active", "recorded_date": null, "anniversary_or_expiry": null, "area_ha": null, "tenure_type": null, "source": "GESTIM active titles (MRNF digital data dump). Not legal title.", "as_of": "2026-09-20", "role": "focus", "color": "#e8b040"}}, {"type": "Feature", "geometry": {"type": "Polygon", "coordinates": [[[-75.55833333937656, 49.47500000176784], [-75.55833333989341, 49.483333339023645], [-75.54999999328473, 49.48333333273523], [-75.54999999894085, 49.475000006256906], [-75.55833333937656, 49.47500000176784]]]}, "properties": {"company_id": "mosaic-company", "jurisdiction": "Quebec", "claim_id": "", "claim_name": null, "holder": "Mosaic minerals corp.", "status": "Active", "recorded_date": null, "anniversary_or_expiry": null, "area_ha": null, "tenure_type": null, "source": "GESTIM active titles (MRNF digital data dump). Not legal title.", "as_of": "2026-09-20", "role": "focus", "color": "#e8b040"}}, {"type": "Feature", "geometry": {"type": "Polygon", "coordinates": [[[-75.54999999894085, 49.475000006256906], [-75.54999999328473, 49.48333333273523], [-75.54166666240808, 49.48333333766524], [-75.54166666022601, 49.47500000401378], [-75.54999999894085, 49.475000006256906]]]}, "properties": {"company_id": "mosaic-company", "jurisdiction": "Quebec", "claim_id": "", "claim_name": null, "holder": "Mosaic minerals corp.", "status": "Active", "recorded_date": null, "anniversary_or_expiry": null, "area_ha": null, "tenure_type": null, "source": "GESTIM active titles (MRNF digital data dump). Not legal title.", "as_of": "2026-09-20", "role": "focus", "color": "#e8b040"}}, {"type": "Feature", "geometry": {"type": "Polygon", "coordinates": [[[-75.54166666022601, 49.47500000401378], [-75.54166666240808, 49.48333333766524], [-75.53333333322962, 49.483333335893235], [-75.53333333710903, 49.47500000397112], [-75.54166666022601, 49.47500000401378]]]}, "properties": {"company_id": "mosaic-company", "jurisdiction": "Quebec", "claim_id": "", "claim_name": null, "holder": "Mosaic minerals corp.", "status": "Active", "recorded_date": null, "anniversary_or_expiry": null, "area_ha": null, "tenure_type": null, "source": "GESTIM active titles (MRNF digital data dump). Not legal title.", "as_of": "2026-09-20", "role": "focus", "color": "#e8b040"}}, {"type": "Feature", "geometry": {"type": "Polygon", "coordinates": [[[-75.53333333710903, 49.47500000397112], [-75.53333333322962, 49.483333335893235], [-75.52500000582175, 49.48333333641546], [-75.52500000195532, 49.47500000625892], [-75.53333333710903, 49.47500000397112]]]}, "properties": {"company_id": "mosaic-company", "jurisdiction": "Quebec", "claim_id": "", "claim_name": null, "holder": "Mosaic minerals corp.", "status": "Active", "recorded_date": null, "anniversary_or_expiry": null, "area_ha": null, "tenure_type": null, "source": "GESTIM active titles (MRNF digital data dump). Not legal title.", "as_of": "2026-09-20", "role": "focus", "color": "#e8b040"}}, {"type": "Feature", "geometry": {"type": "Polygon", "coordinates": [[[-75.52500000195532, 49.47500000625892], [-75.52500000582175, 49.48333333641546], [-75.5166666663505, 49.48333333929529], [-75.51666666844503, 49.47500000181983], [-75.52500000195532, 49.47500000625892]]]}, "properties": {"company_id": "mosaic-company", "jurisdiction": "Quebec", "claim_id": "", "claim_name": null, "holder": "Mosaic minerals corp.", "status": "Active", "recorded_date": null, "anniversary_or_expiry": null, "area_ha": null, "tenure_type": null, "source": "GESTIM active titles (MRNF digital data dump). Not legal title.", "as_of": "2026-09-20", "role": "focus", "color": "#e8b040"}}, {"type": "Feature", "geometry": {"type": "Polygon", "coordinates": [[[-75.51666666844503, 49.47500000181983], [-75.5166666663505, 49.48333333929529], [-75.50833332849979, 49.48333333547637], [-75.50833333664742, 49.47499999965004], [-75.51666666844503, 49.47500000181983]]]}, "properties": {"company_id": "mosaic-company", "jurisdiction": "Quebec", "claim_id": "", "claim_name": null, "holder": "Mosaic minerals corp.", "status": "Active", "recorded_date": null, "anniversary_or_expiry": null, "area_ha": null, "tenure_type": null, "source": "GESTIM active titles (MRNF digital data dump). Not legal title.", "as_of": "2026-09-20", "role": "focus", "color": "#e8b040"}}, {"type": "Feature", "geometry": {"type": "Polygon", "coordinates": [[[-75.50833333664742, 49.47499999965004], [-75.50833332849979, 49.48333333547637], [-75.50000000614283, 49.483333333895054], [-75.50000000653414, 49.47499999975128], [-75.50833333664742, 49.47499999965004]]]}, "properties": {"company_id": "mosaic-company", "jurisdiction": "Quebec", "claim_id": "", "claim_name": null, "holder": "Mosaic minerals corp.", "status": "Active", "recorded_date": null, "anniversary_or_expiry": null, "area_ha": null, "tenure_type": null, "source": "GESTIM active titles (MRNF digital data dump). Not legal title.", "as_of": "2026-09-20", "role": "focus", "color": "#e8b040"}}, {"type": "Feature", "geometry": {"type": "Polygon", "coordinates": [[[-75.49166667069, 49.441666669193374], [-75.49166666372166, 49.450000004695696], [-75.48333334005284, 49.450000005098495], [-75.4833333385527, 49.44166667121402], [-75.49166667069, 49.441666669193374]]]}, "properties": {"company_id": "mosaic-company", "jurisdiction": "Quebec", "claim_id": "", "claim_name": null, "holder": "Mosaic minerals corp.", "status": "Active", "recorded_date": null, "anniversary_or_expiry": null, "area_ha": null, "tenure_type": null, "source": "GESTIM active titles (MRNF digital data dump). Not legal title.", "as_of": "2026-09-20", "role": "focus", "color": "#e8b040"}}, {"type": "Feature", "geometry": {"type": "Polygon", "coordinates": [[[-75.4833333385527, 49.44166667121402], [-75.48333334005284, 49.450000005098495], [-75.47500000417881, 49.450000007752884], [-75.47499999412186, 49.44166666646339], [-75.4833333385527, 49.44166667121402]]]}, "properties": {"company_id": "mosaic-company", "jurisdiction": "Quebec", "claim_id": "", "claim_name": null, "holder": "Mosaic minerals corp.", "status": "Active", "recorded_date": null, "anniversary_or_expiry": null, "area_ha": null, "tenure_type": null, "source": "GESTIM active titles (MRNF digital data dump). Not legal title.", "as_of": "2026-09-20", "role": "focus", "color": "#e8b040"}}, {"type": "Feature", "geometry": {"type": "Polygon", "coordinates": [[[-75.47499999412186, 49.44166666646339], [-75.47500000417881, 49.450000007752884], [-75.46666666978216, 49.450000003607244], [-75.46666666513238, 49.44166667281801], [-75.47499999412186, 49.44166666646339]]]}, "properties": {"company_id": "mosaic-company", "jurisdiction": "Quebec", "claim_id": "", "claim_name": null, "holder": "Mosaic minerals corp.", "status": "Active", "recorded_date": null, "anniversary_or_expiry": null, "area_ha": null, "tenure_type": null, "source": "GESTIM active titles (MRNF digital data dump). Not legal title.", "as_of": "2026-09-20", "role": "focus", "color": "#e8b040"}}, {"type": "Feature", "geometry": {"type": "Polygon", "coordinates": [[[-75.46666666513238, 49.44166667281801], [-75.46666666978216, 49.450000003607244], [-75.45833333692316, 49.45000000165765], [-75.45833333759002, 49.44166667234783], [-75.46666666513238, 49.44166667281801]]]}, "properties": {"company_id": "mosaic-company", "jurisdiction": "Quebec", "claim_id": "", "claim_name": null, "holder": "Mosaic minerals corp.", "status": "Active", "recorded_date": null, "anniversary_or_expiry": null, "area_ha": null, "tenure_type": null, "source": "GESTIM active titles (MRNF digital data dump). Not legal title.", "as_of": "2026-09-20", "role": "focus", "color": "#e8b040"}}, {"type": "Feature", "geometry": {"type": "Polygon", "coordinates": [[[-75.49166666372166, 49.450000004695696], [-75.49166666721368, 49.45833333716615], [-75.48333333804038, 49.45833333600722], [-75.48333334005284, 49.450000005098495], [-75.49166666372166, 49.450000004695696]]]}, "properties": {"company_id": "mosaic-company", "jurisdiction": "Quebec", "claim_id": "", "claim_name": null, "holder": "Mosaic minerals corp.", "status": "Active", "recorded_date": null, "anniversary_or_expiry": null, "area_ha": null, "tenure_type": null, "source": "GESTIM active titles (MRNF digital data dump). Not legal title.", "as_of": "2026-09-20", "role": "focus", "color": "#e8b040"}}, {"type": "Feature", "geometry": {"type": "Polygon", "coordinates": [[[-75.48333334005284, 49.450000005098495], [-75.48333333804038, 49.45833333600722], [-75.47499999666326, 49.458333337126234], [-75.47500000417881, 49.450000007752884], [-75.48333334005284, 49.450000005098495]]]}, "properties": {"company_id": "mosaic-company", "jurisdiction": "Quebec", "claim_id": "", "claim_name": null, "holder": "Mosaic minerals corp.", "status": "Active", "recorded_date": null, "anniversary_or_expiry": null, "area_ha": null, "tenure_type": null, "source": "GESTIM active titles (MRNF digital data dump). Not legal title.", "as_of": "2026-09-20", "role": "focus", "color": "#e8b040"}}, {"type": "Feature", "geometry": {"type": "Polygon", "coordinates": [[[-75.47500000417881, 49.450000007752884], [-75.47499999666326, 49.458333337126234], [-75.46666667065111, 49.458333340410434], [-75.46666666978216, 49.450000003607244], [-75.47500000417881, 49.450000007752884]]]}, "properties": {"company_id": "mosaic-company", "jurisdiction": "Quebec", "claim_id": "", "claim_name": null, "holder": "Mosaic minerals corp.", "status": "Active", "recorded_date": null, "anniversary_or_expiry": null, "area_ha": null, "tenure_type": null, "source": "GESTIM active titles (MRNF digital data dump). Not legal title.", "as_of": "2026-09-20", "role": "focus", "color": "#e8b040"}}, {"type": "Feature", "geometry": {"type": "Polygon", "coordinates": [[[-75.46666666978216, 49.450000003607244], [-75.46666667065111, 49.458333340410434], [-75.45833333229476, 49.45833333697913], [-75.45833333692316, 49.45000000165765], [-75.46666666978216, 49.450000003607244]]]}, "properties": {"company_id": "mosaic-company", "jurisdiction": "Quebec", "claim_id": "", "claim_name": null, "holder": "Mosaic minerals corp.", "status": "Active", "recorded_date": null, "anniversary_or_expiry": null, "area_ha": null, "tenure_type": null, "source": "GESTIM active titles (MRNF digital data dump). Not legal title.", "as_of": "2026-09-20", "role": "focus", "color": "#e8b040"}}, {"type": "Feature", "geometry": {"type": "Polygon", "coordinates": [[[-75.45833333692316, 49.45000000165765], [-75.45833333229476, 49.45833333697913], [-75.44999999545142, 49.458333335771684], [-75.4500000055736, 49.450000001905735], [-75.45833333692316, 49.45000000165765]]]}, "properties": {"company_id": "mosaic-company", "jurisdiction": "Quebec", "claim_id": "", "claim_name": null, "holder": "Mosaic minerals corp.", "status": "Active", "recorded_date": null, "anniversary_or_expiry": null, "area_ha": null, "tenure_type": null, "source": "GESTIM active titles (MRNF digital data dump). Not legal title.", "as_of": "2026-09-20", "role": "focus", "color": "#e8b040"}}, {"type": "Feature", "geometry": {"type": "Polygon", "coordinates": [[[-75.49999999800995, 49.4583333405447], [-75.50000000385256, 49.46666667163284], [-75.4916666673688, 49.466666666663805], [-75.49166666721368, 49.45833333716615], [-75.49999999800995, 49.4583333405447]]]}, "properties": {"company_id": "mosaic-company", "jurisdiction": "Quebec", "claim_id": "", "claim_name": null, "holder": "Mosaic minerals corp.", "status": "Active", "recorded_date": null, "anniversary_or_expiry": null, "area_ha": null, "tenure_type": null, "source": "GESTIM active titles (MRNF digital data dump). Not legal title.", "as_of": "2026-09-20", "role": "focus", "color": "#e8b040"}}, {"type": "Feature", "geometry": {"type": "Polygon", "coordinates": [[[-75.49166666721368, 49.45833333716615], [-75.4916666673688, 49.466666666663805], [-75.48333333260025, 49.466666672935325], [-75.48333333804038, 49.45833333600722], [-75.49166666721368, 49.45833333716615]]]}, "properties": {"company_id": "mosaic-company", "jurisdiction": "Quebec", "claim_id": "", "claim_name": null, "holder": "Mosaic minerals corp.", "status": "Active", "recorded_date": null, "anniversary_or_expiry": null, "area_ha": null, "tenure_type": null, "source": "GESTIM active titles (MRNF digital data dump). Not legal title.", "as_of": "2026-09-20", "role": "focus", "color": "#e8b040"}}, {"type": "Feature", "geometry": {"type": "Polygon", "coordinates": [[[-75.48333333804038, 49.45833333600722], [-75.48333333260025, 49.466666672935325], [-75.47499999934017, 49.46666667245986], [-75.47499999666326, 49.458333337126234], [-75.48333333804038, 49.45833333600722]]]}, "properties": {"company_id": "mosaic-company", "jurisdiction": "Quebec", "claim_id": "", "claim_name": null, "holder": "Mosaic minerals corp.", "status": "Active", "recorded_date": null, "anniversary_or_expiry": null, "area_ha": null, "tenure_type": null, "source": "GESTIM active titles (MRNF digital data dump). Not legal title.", "as_of": "2026-09-20", "role": "focus", "color": "#e8b040"}}, {"type": "Feature", "geometry": {"type": "Polygon", "coordinates": [[[-75.47499999666326, 49.458333337126234], [-75.47499999934017, 49.46666667245986], [-75.46666666765024, 49.466666674233565], [-75.46666667065111, 49.458333340410434], [-75.47499999666326, 49.458333337126234]]]}, "properties": {"company_id": "mosaic-company", "jurisdiction": "Quebec", "claim_id": "", "claim_name": null, "holder": "Mosaic minerals corp.", "status": "Active", "recorded_date": null, "anniversary_or_expiry": null, "area_ha": null, "tenure_type": null, "source": "GESTIM active titles (MRNF digital data dump). Not legal title.", "as_of": "2026-09-20", "role": "focus", "color": "#e8b040"}}, {"type": "Feature", "geometry": {"type": "Polygon", "coordinates": [[[-75.46666667065111, 49.458333340410434], [-75.46666666765024, 49.466666674233565], [-75.45833333741824, 49.466666669263375], [-75.45833333229476, 49.45833333697913], [-75.46666667065111, 49.458333340410434]]]}, "properties": {"company_id": "mosaic-company", "jurisdiction": "Quebec", "claim_id": "", "claim_name": null, "holder": "Mosaic minerals corp.", "status": "Active", "recorded_date": null, "anniversary_or_expiry": null, "area_ha": null, "tenure_type": null, "source": "GESTIM active titles (MRNF digital data dump). Not legal title.", "as_of": "2026-09-20", "role": "focus", "color": "#e8b040"}}, {"type": "Feature", "geometry": {"type": "Polygon", "coordinates": [[[-75.45833333229476, 49.45833333697913], [-75.45833333741824, 49.466666669263375], [-75.4499999949019, 49.4666666665991], [-75.44999999545142, 49.458333335771684], [-75.45833333229476, 49.45833333697913]]]}, "properties": {"company_id": "mosaic-company", "jurisdiction": "Quebec", "claim_id": "", "claim_name": null, "holder": "Mosaic minerals corp.", "status": "Active", "recorded_date": null, "anniversary_or_expiry": null, "area_ha": null, "tenure_type": null, "source": "GESTIM active titles (MRNF digital data dump). Not legal title.", "as_of": "2026-09-20", "role": "focus", "color": "#e8b040"}}, {"type": "Feature", "geometry": {"type": "Polygon", "coordinates": [[[-75.50000000385256, 49.46666667163284], [-75.50000000653414, 49.47499999975128], [-75.49166666427358, 49.47500000218386], [-75.4916666673688, 49.466666666663805], [-75.50000000385256, 49.46666667163284]]]}, "properties": {"company_id": "mosaic-company", "jurisdiction": "Quebec", "claim_id": "", "claim_name": null, "holder": "Mosaic minerals corp.", "status": "Active", "recorded_date": null, "anniversary_or_expiry": null, "area_ha": null, "tenure_type": null, "source": "GESTIM active titles (MRNF digital data dump). Not legal title.", "as_of": "2026-09-20", "role": "focus", "color": "#e8b040"}}, {"type": "Feature", "geometry": {"type": "Polygon", "coordinates": [[[-75.48333333260025, 49.466666672935325], [-75.48333333744375, 49.475000006831074], [-75.47499999832294, 49.47500000481634], [-75.47499999934017, 49.46666667245986], [-75.48333333260025, 49.466666672935325]]]}, "properties": {"company_id": "mosaic-company", "jurisdiction": "Quebec", "claim_id": "", "claim_name": null, "holder": "Mosaic minerals corp.", "status": "Active", "recorded_date": null, "anniversary_or_expiry": null, "area_ha": null, "tenure_type": null, "source": "GESTIM active titles (MRNF digital data dump). Not legal title.", "as_of": "2026-09-20", "role": "focus", "color": "#e8b040"}}, {"type": "Feature", "geometry": {"type": "Polygon", "coordinates": [[[-75.47499999934017, 49.46666667245986], [-75.47499999832294, 49.47500000481634], [-75.46666666077593, 49.475000005077135], [-75.46666666765024, 49.466666674233565], [-75.47499999934017, 49.46666667245986]]]}, "properties": {"company_id": "mosaic-company", "jurisdiction": "Quebec", "claim_id": "", "claim_name": null, "holder": "Mosaic minerals corp.", "status": "Active", "recorded_date": null, "anniversary_or_expiry": null, "area_ha": null, "tenure_type": null, "source": "GESTIM active titles (MRNF digital data dump). Not legal title.", "as_of": "2026-09-20", "role": "focus", "color": "#e8b040"}}, {"type": "Feature", "geometry": {"type": "Polygon", "coordinates": [[[-75.46666666765024, 49.466666674233565], [-75.46666666077593, 49.475000005077135], [-75.45833333857762, 49.4750000075603], [-75.45833333741824, 49.466666669263375], [-75.46666666765024, 49.466666674233565]]]}, "properties": {"company_id": "mosaic-company", "jurisdiction": "Quebec", "claim_id": "", "claim_name": null, "holder": "Mosaic minerals corp.", "status": "Active", "recorded_date": null, "anniversary_or_expiry": null, "area_ha": null, "tenure_type": null, "source": "GESTIM active titles (MRNF digital data dump). Not legal title.", "as_of": "2026-09-20", "role": "focus", "color": "#e8b040"}}, {"type": "Feature", "geometry": {"type": "Polygon", "coordinates": [[[-75.45833333741824, 49.466666669263375], [-75.45833333857762, 49.4750000075603], [-75.45000000401075, 49.47500000338313], [-75.4499999949019, 49.4666666665991], [-75.45833333741824, 49.466666669263375]]]}, "properties": {"company_id": "mosaic-company", "jurisdiction": "Quebec", "claim_id": "", "claim_name": null, "holder": "Mosaic minerals corp.", "status": "Active", "recorded_date": null, "anniversary_or_expiry": null, "area_ha": null, "tenure_type": null, "source": "GESTIM active titles (MRNF digital data dump). Not legal title.", "as_of": "2026-09-20", "role": "focus", "color": "#e8b040"}}, {"type": "Feature", "geometry": {"type": "Polygon", "coordinates": [[[-75.50000000653414, 49.47499999975128], [-75.50000000614283, 49.483333333895054], [-75.49166667164016, 49.48333333467353], [-75.49166666427358, 49.47500000218386], [-75.50000000653414, 49.47499999975128]]]}, "properties": {"company_id": "mosaic-company", "jurisdiction": "Quebec", "claim_id": "", "claim_name": null, "holder": "Mosaic minerals corp.", "status": "Active", "recorded_date": null, "anniversary_or_expiry": null, "area_ha": null, "tenure_type": null, "source": "GESTIM active titles (MRNF digital data dump). Not legal title.", "as_of": "2026-09-20", "role": "focus", "color": "#e8b040"}}, {"type": "Feature", "geometry": {"type": "Polygon", "coordinates": [[[-75.49166666427358, 49.47500000218386], [-75.49166667164016, 49.48333333467353], [-75.48333333876887, 49.48333333775267], [-75.48333333744375, 49.475000006831074], [-75.49166666427358, 49.47500000218386]]]}, "properties": {"company_id": "mosaic-company", "jurisdiction": "Quebec", "claim_id": "", "claim_name": null, "holder": "Mosaic minerals corp.", "status": "Active", "recorded_date": null, "anniversary_or_expiry": null, "area_ha": null, "tenure_type": null, "source": "GESTIM active titles (MRNF digital data dump). Not legal title.", "as_of": "2026-09-20", "role": "focus", "color": "#e8b040"}}, {"type": "Feature", "geometry": {"type": "Polygon", "coordinates": [[[-75.50000000614283, 49.483333333895054], [-75.50000000267534, 49.49166667406474], [-75.49166666194648, 49.491666673245255], [-75.49166667164016, 49.48333333467353], [-75.50000000614283, 49.483333333895054]]]}, "properties": {"company_id": "mosaic-company", "jurisdiction": "Quebec", "claim_id": "", "claim_name": null, "holder": "Mosaic minerals corp.", "status": "Active", "recorded_date": null, "anniversary_or_expiry": null, "area_ha": null, "tenure_type": null, "source": "GESTIM active titles (MRNF digital data dump). Not legal title.", "as_of": "2026-09-20", "role": "focus", "color": "#e8b040"}}, {"type": "Feature", "geometry": {"type": "Polygon", "coordinates": [[[-75.49166667164016, 49.48333333467353], [-75.49166666194648, 49.491666673245255], [-75.48333333657209, 49.49166666570065], [-75.48333333876887, 49.48333333775267], [-75.49166667164016, 49.48333333467353]]]}, "properties": {"company_id": "mosaic-company", "jurisdiction": "Quebec", "claim_id": "", "claim_name": null, "holder": "Mosaic minerals corp.", "status": "Active", "recorded_date": null, "anniversary_or_expiry": null, "area_ha": null, "tenure_type": null, "source": "GESTIM active titles (MRNF digital data dump). Not legal title.", "as_of": "2026-09-20", "role": "focus", "color": "#e8b040"}}, {"type": "Feature", "geometry": {"type": "Polygon", "coordinates": [[[-75.48333333876887, 49.48333333775267], [-75.48333333657209, 49.49166666570065], [-75.4749999990866, 49.491666669537956], [-75.474999993608, 49.483333334196246], [-75.48333333876887, 49.48333333775267]]]}, "properties": {"company_id": "mosaic-company", "jurisdiction": "Quebec", "claim_id": "", "claim_name": null, "holder": "Mosaic minerals corp.", "status": "Active", "recorded_date": null, "anniversary_or_expiry": null, "area_ha": null, "tenure_type": null, "source": "GESTIM active titles (MRNF digital data dump). Not legal title.", "as_of": "2026-09-20", "role": "focus", "color": "#e8b040"}}, {"type": "Feature", "geometry": {"type": "Polygon", "coordinates": [[[-75.77499999471681, 49.51666666646004], [-75.77500000169194, 49.52500000111562], [-75.76666666205803, 49.52500000382159], [-75.76666666216234, 49.51666667166326], [-75.77499999471681, 49.51666666646004]]]}, "properties": {"company_id": "mosaic-company", "jurisdiction": "Quebec", "claim_id": "", "claim_name": null, "holder": "Mosaic minerals corp.", "status": "Active", "recorded_date": null, "anniversary_or_expiry": null, "area_ha": null, "tenure_type": null, "source": "GESTIM active titles (MRNF digital data dump). Not legal title.", "as_of": "2026-09-20", "role": "focus", "color": "#e8b040"}}, {"type": "Feature", "geometry": {"type": "Polygon", "coordinates": [[[-75.86666666452805, 49.52500000351777], [-75.8666666710098, 49.53333333819979], [-75.85833333584355, 49.533333338776565], [-75.85833333667912, 49.52500000689273], [-75.86666666452805, 49.52500000351777]]]}, "properties": {"company_id": "mosaic-company", "jurisdiction": "Quebec", "claim_id": "", "claim_name": null, "holder": "Mosaic minerals corp.", "status": "Active", "recorded_date": null, "anniversary_or_expiry": null, "area_ha": null, "tenure_type": null, "source": "GESTIM active titles (MRNF digital data dump). Not legal title.", "as_of": "2026-09-20", "role": "focus", "color": "#e8b040"}}, {"type": "Feature", "geometry": {"type": "Polygon", "coordinates": [[[-75.85833333667912, 49.52500000689273], [-75.85833333584355, 49.533333338776565], [-75.85000000340423, 49.53333333274079], [-75.84999999773424, 49.52500000373019], [-75.85833333667912, 49.52500000689273]]]}, "properties": {"company_id": "mosaic-company", "jurisdiction": "Quebec", "claim_id": "", "claim_name": null, "holder": "Mosaic minerals corp.", "status": "Active", "recorded_date": null, "anniversary_or_expiry": null, "area_ha": null, "tenure_type": null, "source": "GESTIM active titles (MRNF digital data dump). Not legal title.", "as_of": "2026-09-20", "role": "focus", "color": "#e8b040"}}, {"type": "Feature", "geometry": {"type": "Polygon", "coordinates": [[[-75.84999999773424, 49.52500000373019], [-75.85000000340423, 49.53333333274079], [-75.84166666015791, 49.533333338183425], [-75.84166666163985, 49.52500000292324], [-75.84999999773424, 49.52500000373019]]]}, "properties": {"company_id": "mosaic-company", "jurisdiction": "Quebec", "claim_id": "", "claim_name": null, "holder": "Mosaic minerals corp.", "status": "Active", "recorded_date": null, "anniversary_or_expiry": null, "area_ha": null, "tenure_type": null, "source": "GESTIM active titles (MRNF digital data dump). Not legal title.", "as_of": "2026-09-20", "role": "focus", "color": "#e8b040"}}, {"type": "Feature", "geometry": {"type": "Polygon", "coordinates": [[[-75.84166666163985, 49.52500000292324], [-75.84166666015791, 49.533333338183425], [-75.83333333340255, 49.53333333691762], [-75.8333333283672, 49.52500000447464], [-75.84166666163985, 49.52500000292324]]]}, "properties": {"company_id": "mosaic-company", "jurisdiction": "Quebec", "claim_id": "", "claim_name": null, "holder": "Mosaic minerals corp.", "status": "Active", "recorded_date": null, "anniversary_or_expiry": null, "area_ha": null, "tenure_type": null, "source": "GESTIM active titles (MRNF digital data dump). Not legal title.", "as_of": "2026-09-20", "role": "focus", "color": "#e8b040"}}, {"type": "Feature", "geometry": {"type": "Polygon", "coordinates": [[[-75.82499999773626, 49.52499999939334], [-75.82499999562802, 49.53333333814], [-75.81666666047433, 49.533333332758936], [-75.81666667002246, 49.525000005669774], [-75.82499999773626, 49.52499999939334]]]}, "properties": {"company_id": "mosaic-company", "jurisdiction": "Quebec", "claim_id": "", "claim_name": null, "holder": "Mosaic minerals corp.", "status": "Active", "recorded_date": null, "anniversary_or_expiry": null, "area_ha": null, "tenure_type": null, "source": "GESTIM active titles (MRNF digital data dump). Not legal title.", "as_of": "2026-09-20", "role": "focus", "color": "#e8b040"}}, {"type": "Feature", "geometry": {"type": "Polygon", "coordinates": [[[-75.81666667002246, 49.525000005669774], [-75.81666666047433, 49.533333332758936], [-75.8083333282139, 49.53333333876481], [-75.80833333107954, 49.52500000541544], [-75.81666667002246, 49.525000005669774]]]}, "properties": {"company_id": "mosaic-company", "jurisdiction": "Quebec", "claim_id": "", "claim_name": null, "holder": "Mosaic minerals corp.", "status": "Active", "recorded_date": null, "anniversary_or_expiry": null, "area_ha": null, "tenure_type": null, "source": "GESTIM active titles (MRNF digital data dump). Not legal title.", "as_of": "2026-09-20", "role": "focus", "color": "#e8b040"}}, {"type": "Feature", "geometry": {"type": "Polygon", "coordinates": [[[-75.80833333107954, 49.52500000541544], [-75.8083333282139, 49.53333333876481], [-75.79999999851977, 49.533333338172625], [-75.79999999484643, 49.525000007528405], [-75.80833333107954, 49.52500000541544]]]}, "properties": {"company_id": "mosaic-company", "jurisdiction": "Quebec", "claim_id": "", "claim_name": null, "holder": "Mosaic minerals corp.", "status": "Active", "recorded_date": null, "anniversary_or_expiry": null, "area_ha": null, "tenure_type": null, "source": "GESTIM active titles (MRNF digital data dump). Not legal title.", "as_of": "2026-09-20", "role": "focus", "color": "#e8b040"}}, {"type": "Feature", "geometry": {"type": "Polygon", "coordinates": [[[-75.79999999484643, 49.525000007528405], [-75.79999999851977, 49.533333338172625], [-75.79166667151294, 49.53333333997885], [-75.79166666114914, 49.525000003017375], [-75.79999999484643, 49.525000007528405]]]}, "properties": {"company_id": "mosaic-company", "jurisdiction": "Quebec", "claim_id": "", "claim_name": null, "holder": "Mosaic minerals corp.", "status": "Active", "recorded_date": null, "anniversary_or_expiry": null, "area_ha": null, "tenure_type": null, "source": "GESTIM active titles (MRNF digital data dump). Not legal title.", "as_of": "2026-09-20", "role": "focus", "color": "#e8b040"}}, {"type": "Feature", "geometry": {"type": "Polygon", "coordinates": [[[-75.77500000169194, 49.52500000111562], [-75.77499999752392, 49.533333332994445], [-75.76666666444966, 49.53333333310729], [-75.76666666205803, 49.52500000382159], [-75.77500000169194, 49.52500000111562]]]}, "properties": {"company_id": "mosaic-company", "jurisdiction": "Quebec", "claim_id": "", "claim_name": null, "holder": "Mosaic minerals corp.", "status": "Active", "recorded_date": null, "anniversary_or_expiry": null, "area_ha": null, "tenure_type": null, "source": "GESTIM active titles (MRNF digital data dump). Not legal title.", "as_of": "2026-09-20", "role": "focus", "color": "#e8b040"}}, {"type": "Feature", "geometry": {"type": "Polygon", "coordinates": [[[-75.76666666205803, 49.52500000382159], [-75.76666666444966, 49.53333333310729], [-75.7583333339505, 49.53333333562696], [-75.75833333867065, 49.52499999982134], [-75.76666666205803, 49.52500000382159]]]}, "properties": {"company_id": "mosaic-company", "jurisdiction": "Quebec", "claim_id": "", "claim_name": null, "holder": "Mosaic minerals corp.", "status": "Active", "recorded_date": null, "anniversary_or_expiry": null, "area_ha": null, "tenure_type": null, "source": "GESTIM active titles (MRNF digital data dump). Not legal title.", "as_of": "2026-09-20", "role": "focus", "color": "#e8b040"}}, {"type": "Feature", "geometry": {"type": "Polygon", "coordinates": [[[-75.75833333867065, 49.52499999982134], [-75.7583333339505, 49.53333333562696], [-75.75000000599763, 49.53333334055597], [-75.75000000414775, 49.52500000728745], [-75.75833333867065, 49.52499999982134]]]}, "properties": {"company_id": "mosaic-company", "jurisdiction": "Quebec", "claim_id": "", "claim_name": null, "holder": "Mosaic minerals corp.", "status": "Active", "recorded_date": null, "anniversary_or_expiry": null, "area_ha": null, "tenure_type": null, "source": "GESTIM active titles (MRNF digital data dump). Not legal title.", "as_of": "2026-09-20", "role": "focus", "color": "#e8b040"}}, {"type": "Feature", "geometry": {"type": "Polygon", "coordinates": [[[-75.8666666710098, 49.53333333819979], [-75.8666666682947, 49.541666670154854], [-75.8583333394522, 49.541666667826256], [-75.85833333584355, 49.533333338776565], [-75.8666666710098, 49.53333333819979]]]}, "properties": {"company_id": "mosaic-company", "jurisdiction": "Quebec", "claim_id": "", "claim_name": null, "holder": "Mosaic minerals corp.", "status": "Active", "recorded_date": null, "anniversary_or_expiry": null, "area_ha": null, "tenure_type": null, "source": "GESTIM active titles (MRNF digital data dump). Not legal title.", "as_of": "2026-09-20", "role": "focus", "color": "#e8b040"}}, {"type": "Feature", "geometry": {"type": "Polygon", "coordinates": [[[-75.85000000340423, 49.53333333274079], [-75.84999999967839, 49.54166666800903], [-75.84166666276526, 49.54166667060244], [-75.84166666015791, 49.533333338183425], [-75.85000000340423, 49.53333333274079]]]}, "properties": {"company_id": "mosaic-company", "jurisdiction": "Quebec", "claim_id": "", "claim_name": null, "holder": "Mosaic minerals corp.", "status": "Active", "recorded_date": null, "anniversary_or_expiry": null, "area_ha": null, "tenure_type": null, "source": "GESTIM active titles (MRNF digital data dump). Not legal title.", "as_of": "2026-09-20", "role": "focus", "color": "#e8b040"}}, {"type": "Feature", "geometry": {"type": "Polygon", "coordinates": [[[-75.84166666015791, 49.533333338183425], [-75.84166666276526, 49.54166667060244], [-75.833333328531, 49.541666666615406], [-75.83333333340255, 49.53333333691762], [-75.84166666015791, 49.533333338183425]]]}, "properties": {"company_id": "mosaic-company", "jurisdiction": "Quebec", "claim_id": "", "claim_name": null, "holder": "Mosaic minerals corp.", "status": "Active", "recorded_date": null, "anniversary_or_expiry": null, "area_ha": null, "tenure_type": null, "source": "GESTIM active titles (MRNF digital data dump). Not legal title.", "as_of": "2026-09-20", "role": "focus", "color": "#e8b040"}}, {"type": "Feature", "geometry": {"type": "Polygon", "coordinates": [[[-75.83333333340255, 49.53333333691762], [-75.833333328531, 49.541666666615406], [-75.82499999725418, 49.54166667403842], [-75.82499999562802, 49.53333333814], [-75.83333333340255, 49.53333333691762]]]}, "properties": {"company_id": "mosaic-company", "jurisdiction": "Quebec", "claim_id": "", "claim_name": null, "holder": "Mosaic minerals corp.", "status": "Active", "recorded_date": null, "anniversary_or_expiry": null, "area_ha": null, "tenure_type": null, "source": "GESTIM active titles (MRNF digital data dump). Not legal title.", "as_of": "2026-09-20", "role": "focus", "color": "#e8b040"}}, {"type": "Feature", "geometry": {"type": "Polygon", "coordinates": [[[-75.82499999562802, 49.53333333814], [-75.82499999725418, 49.54166667403842], [-75.81666666845162, 49.54166666589269], [-75.81666666047433, 49.533333332758936], [-75.82499999562802, 49.53333333814]]]}, "properties": {"company_id": "mosaic-company", "jurisdiction": "Quebec", "claim_id": "", "claim_name": null, "holder": "Mosaic minerals corp.", "status": "Active", "recorded_date": null, "anniversary_or_expiry": null, "area_ha": null, "tenure_type": null, "source": "GESTIM active titles (MRNF digital data dump). Not legal title.", "as_of": "2026-09-20", "role": "focus", "color": "#e8b040"}}, {"type": "Feature", "geometry": {"type": "Polygon", "coordinates": [[[-75.81666666047433, 49.533333332758936], [-75.81666666845162, 49.54166666589269], [-75.80833332872771, 49.54166666925899], [-75.8083333282139, 49.53333333876481], [-75.81666666047433, 49.533333332758936]]]}, "properties": {"company_id": "mosaic-company", "jurisdiction": "Quebec", "claim_id": "", "claim_name": null, "holder": "Mosaic minerals corp.", "status": "Active", "recorded_date": null, "anniversary_or_expiry": null, "area_ha": null, "tenure_type": null, "source": "GESTIM active titles (MRNF digital data dump). Not legal title.", "as_of": "2026-09-20", "role": "focus", "color": "#e8b040"}}, {"type": "Feature", "geometry": {"type": "Polygon", "coordinates": [[[-75.8083333282139, 49.53333333876481], [-75.80833332872771, 49.54166666925899], [-75.8000000053974, 49.54166666595821], [-75.79999999851977, 49.533333338172625], [-75.8083333282139, 49.53333333876481]]]}, "properties": {"company_id": "mosaic-company", "jurisdiction": "Quebec", "claim_id": "", "claim_name": null, "holder": "Mosaic minerals corp.", "status": "Active", "recorded_date": null, "anniversary_or_expiry": null, "area_ha": null, "tenure_type": null, "source": "GESTIM active titles (MRNF digital data dump). Not legal title.", "as_of": "2026-09-20", "role": "focus", "color": "#e8b040"}}, {"type": "Feature", "geometry": {"type": "Polygon", "coordinates": [[[-75.79166667151294, 49.53333333997885], [-75.79166667108484, 49.54166667417286], [-75.78333333914632, 49.54166666682729], [-75.78333333320208, 49.53333333528582], [-75.79166667151294, 49.53333333997885]]]}, "properties": {"company_id": "mosaic-company", "jurisdiction": "Quebec", "claim_id": "", "claim_name": null, "holder": "Mosaic minerals corp.", "status": "Active", "recorded_date": null, "anniversary_or_expiry": null, "area_ha": null, "tenure_type": null, "source": "GESTIM active titles (MRNF digital data dump). Not legal title.", "as_of": "2026-09-20", "role": "focus", "color": "#e8b040"}}, {"type": "Feature", "geometry": {"type": "Polygon", "coordinates": [[[-75.78333333320208, 49.53333333528582], [-75.78333333914632, 49.54166666682729], [-75.77499999616775, 49.54166667099844], [-75.77499999752392, 49.533333332994445], [-75.78333333320208, 49.53333333528582]]]}, "properties": {"company_id": "mosaic-company", "jurisdiction": "Quebec", "claim_id": "", "claim_name": null, "holder": "Mosaic minerals corp.", "status": "Active", "recorded_date": null, "anniversary_or_expiry": null, "area_ha": null, "tenure_type": null, "source": "GESTIM active titles (MRNF digital data dump). Not legal title.", "as_of": "2026-09-20", "role": "focus", "color": "#e8b040"}}, {"type": "Feature", "geometry": {"type": "Polygon", "coordinates": [[[-75.77499999752392, 49.533333332994445], [-75.77499999616775, 49.54166667099844], [-75.76666666947649, 49.54166666851486], [-75.76666666444966, 49.53333333310729], [-75.77499999752392, 49.533333332994445]]]}, "properties": {"company_id": "mosaic-company", "jurisdiction": "Quebec", "claim_id": "", "claim_name": null, "holder": "Mosaic minerals corp.", "status": "Active", "recorded_date": null, "anniversary_or_expiry": null, "area_ha": null, "tenure_type": null, "source": "GESTIM active titles (MRNF digital data dump). Not legal title.", "as_of": "2026-09-20", "role": "focus", "color": "#e8b040"}}, {"type": "Feature", "geometry": {"type": "Polygon", "coordinates": [[[-75.76666666444966, 49.53333333310729], [-75.76666666947649, 49.54166666851486], [-75.75833333154509, 49.54166666855717], [-75.7583333339505, 49.53333333562696], [-75.76666666444966, 49.53333333310729]]]}, "properties": {"company_id": "mosaic-company", "jurisdiction": "Quebec", "claim_id": "", "claim_name": null, "holder": "Mosaic minerals corp.", "status": "Active", "recorded_date": null, "anniversary_or_expiry": null, "area_ha": null, "tenure_type": null, "source": "GESTIM active titles (MRNF digital data dump). Not legal title.", "as_of": "2026-09-20", "role": "focus", "color": "#e8b040"}}, {"type": "Feature", "geometry": {"type": "Polygon", "coordinates": [[[-75.7583333339505, 49.53333333562696], [-75.75833333154509, 49.54166666855717], [-75.74999999616587, 49.54166667103541], [-75.75000000599763, 49.53333334055597], [-75.7583333339505, 49.53333333562696]]]}, "properties": {"company_id": "mosaic-company", "jurisdiction": "Quebec", "claim_id": "", "claim_name": null, "holder": "Mosaic minerals corp.", "status": "Active", "recorded_date": null, "anniversary_or_expiry": null, "area_ha": null, "tenure_type": null, "source": "GESTIM active titles (MRNF digital data dump). Not legal title.", "as_of": "2026-09-20", "role": "focus", "color": "#e8b040"}}, {"type": "Feature", "geometry": {"type": "Polygon", "coordinates": [[[-75.8666666682947, 49.541666670154854], [-75.86666667019819, 49.54999999928002], [-75.85833333383856, 49.55000000313879], [-75.8583333394522, 49.541666667826256], [-75.8666666682947, 49.541666670154854]]]}, "properties": {"company_id": "mosaic-company", "jurisdiction": "Quebec", "claim_id": "", "claim_name": null, "holder": "Mosaic minerals corp.", "status": "Active", "recorded_date": null, "anniversary_or_expiry": null, "area_ha": null, "tenure_type": null, "source": "GESTIM active titles (MRNF digital data dump). Not legal title.", "as_of": "2026-09-20", "role": "focus", "color": "#e8b040"}}, {"type": "Feature", "geometry": {"type": "Polygon", "coordinates": [[[-75.8583333394522, 49.541666667826256], [-75.85833333383856, 49.55000000313879], [-75.85000000021611, 49.55000000044019], [-75.84999999967839, 49.54166666800903], [-75.8583333394522, 49.541666667826256]]]}, "properties": {"company_id": "mosaic-company", "jurisdiction": "Quebec", "claim_id": "", "claim_name": null, "holder": "Mosaic minerals corp.", "status": "Active", "recorded_date": null, "anniversary_or_expiry": null, "area_ha": null, "tenure_type": null, "source": "GESTIM active titles (MRNF digital data dump). Not legal title.", "as_of": "2026-09-20", "role": "focus", "color": "#e8b040"}}, {"type": "Feature", "geometry": {"type": "Polygon", "coordinates": [[[-75.84999999967839, 49.54166666800903], [-75.85000000021611, 49.55000000044019], [-75.84166666946099, 49.550000000180745], [-75.84166666276526, 49.54166667060244], [-75.84999999967839, 49.54166666800903]]]}, "properties": {"company_id": "mosaic-company", "jurisdiction": "Quebec", "claim_id": "", "claim_name": null, "holder": "Mosaic minerals corp.", "status": "Active", "recorded_date": null, "anniversary_or_expiry": null, "area_ha": null, "tenure_type": null, "source": "GESTIM active titles (MRNF digital data dump). Not legal title.", "as_of": "2026-09-20", "role": "focus", "color": "#e8b040"}}, {"type": "Feature", "geometry": {"type": "Polygon", "coordinates": [[[-75.84166666276526, 49.54166667060244], [-75.84166666946099, 49.550000000180745], [-75.83333332772098, 49.550000002462816], [-75.833333328531, 49.541666666615406], [-75.84166666276526, 49.54166667060244]]]}, "properties": {"company_id": "mosaic-company", "jurisdiction": "Quebec", "claim_id": "", "claim_name": null, "holder": "Mosaic minerals corp.", "status": "Active", "recorded_date": null, "anniversary_or_expiry": null, "area_ha": null, "tenure_type": null, "source": "GESTIM active titles (MRNF digital data dump). Not legal title.", "as_of": "2026-09-20", "role": "focus", "color": "#e8b040"}}, {"type": "Feature", "geometry": {"type": "Polygon", "coordinates": [[[-75.833333328531, 49.541666666615406], [-75.83333332772098, 49.550000002462816], [-75.82500000261368, 49.55000000708916], [-75.82499999725418, 49.54166667403842], [-75.833333328531, 49.541666666615406]]]}, "properties": {"company_id": "mosaic-company", "jurisdiction": "Quebec", "claim_id": "", "claim_name": null, "holder": "Mosaic minerals corp.", "status": "Active", "recorded_date": null, "anniversary_or_expiry": null, "area_ha": null, "tenure_type": null, "source": "GESTIM active titles (MRNF digital data dump). Not legal title.", "as_of": "2026-09-20", "role": "focus", "color": "#e8b040"}}, {"type": "Feature", "geometry": {"type": "Polygon", "coordinates": [[[-75.82499999725418, 49.54166667403842], [-75.82500000261368, 49.55000000708916], [-75.81666666631365, 49.55000000526668], [-75.81666666845162, 49.54166666589269], [-75.82499999725418, 49.54166667403842]]]}, "properties": {"company_id": "mosaic-company", "jurisdiction": "Quebec", "claim_id": "", "claim_name": null, "holder": "Mosaic minerals corp.", "status": "Active", "recorded_date": null, "anniversary_or_expiry": null, "area_ha": null, "tenure_type": null, "source": "GESTIM active titles (MRNF digital data dump). Not legal title.", "as_of": "2026-09-20", "role": "focus", "color": "#e8b040"}}, {"type": "Feature", "geometry": {"type": "Polygon", "coordinates": [[[-75.81666666845162, 49.54166666589269], [-75.81666666631365, 49.55000000526668], [-75.80833333276819, 49.550000005892414], [-75.80833332872771, 49.54166666925899], [-75.81666666845162, 49.54166666589269]]]}, "properties": {"company_id": "mosaic-company", "jurisdiction": "Quebec", "claim_id": "", "claim_name": null, "holder": "Mosaic minerals corp.", "status": "Active", "recorded_date": null, "anniversary_or_expiry": null, "area_ha": null, "tenure_type": null, "source": "GESTIM active titles (MRNF digital data dump). Not legal title.", "as_of": "2026-09-20", "role": "focus", "color": "#e8b040"}}, {"type": "Feature", "geometry": {"type": "Polygon", "coordinates": [[[-75.80833332872771, 49.54166666925899], [-75.80833333276819, 49.550000005892414], [-75.80000000180154, 49.54999999997515], [-75.8000000053974, 49.54166666595821], [-75.80833332872771, 49.54166666925899]]]}, "properties": {"company_id": "mosaic-company", "jurisdiction": "Quebec", "claim_id": "", "claim_name": null, "holder": "Mosaic minerals corp.", "status": "Active", "recorded_date": null, "anniversary_or_expiry": null, "area_ha": null, "tenure_type": null, "source": "GESTIM active titles (MRNF digital data dump). Not legal title.", "as_of": "2026-09-20", "role": "focus", "color": "#e8b040"}}, {"type": "Feature", "geometry": {"type": "Polygon", "coordinates": [[[-75.8000000053974, 49.54166666595821], [-75.80000000180154, 49.54999999997515], [-75.79166667368003, 49.55000000550531], [-75.79166667108484, 49.54166667417286], [-75.8000000053974, 49.54166666595821]]]}, "properties": {"company_id": "mosaic-company", "jurisdiction": "Quebec", "claim_id": "", "claim_name": null, "holder": "Mosaic minerals corp.", "status": "Active", "recorded_date": null, "anniversary_or_expiry": null, "area_ha": null, "tenure_type": null, "source": "GESTIM active titles (MRNF digital data dump). Not legal title.", "as_of": "2026-09-20", "role": "focus", "color": "#e8b040"}}, {"type": "Feature", "geometry": {"type": "Polygon", "coordinates": [[[-75.79166667108484, 49.54166667417286], [-75.79166667368003, 49.55000000550531], [-75.783333334259, 49.550000004591375], [-75.78333333914632, 49.54166666682729], [-75.79166667108484, 49.54166667417286]]]}, "properties": {"company_id": "mosaic-company", "jurisdiction": "Quebec", "claim_id": "", "claim_name": null, "holder": "Mosaic minerals corp.", "status": "Active", "recorded_date": null, "anniversary_or_expiry": null, "area_ha": null, "tenure_type": null, "source": "GESTIM active titles (MRNF digital data dump). Not legal title.", "as_of": "2026-09-20", "role": "focus", "color": "#e8b040"}}, {"type": "Feature", "geometry": {"type": "Polygon", "coordinates": [[[-75.78333333914632, 49.54166666682729], [-75.783333334259, 49.550000004591375], [-75.77499999747982, 49.55000000613418], [-75.77499999616775, 49.54166667099844], [-75.78333333914632, 49.54166666682729]]]}, "properties": {"company_id": "mosaic-company", "jurisdiction": "Quebec", "claim_id": "", "claim_name": null, "holder": "Mosaic minerals corp.", "status": "Active", "recorded_date": null, "anniversary_or_expiry": null, "area_ha": null, "tenure_type": null, "source": "GESTIM active titles (MRNF digital data dump). Not legal title.", "as_of": "2026-09-20", "role": "focus", "color": "#e8b040"}}, {"type": "Feature", "geometry": {"type": "Polygon", "coordinates": [[[-75.77499999616775, 49.54166667099844], [-75.77499999747982, 49.55000000613418], [-75.76666666317281, 49.55000000114243], [-75.76666666947649, 49.54166666851486], [-75.77499999616775, 49.54166667099844]]]}, "properties": {"company_id": "mosaic-company", "jurisdiction": "Quebec", "claim_id": "", "claim_name": null, "holder": "Mosaic minerals corp.", "status": "Active", "recorded_date": null, "anniversary_or_expiry": null, "area_ha": null, "tenure_type": null, "source": "GESTIM active titles (MRNF digital data dump). Not legal title.", "as_of": "2026-09-20", "role": "focus", "color": "#e8b040"}}, {"type": "Feature", "geometry": {"type": "Polygon", "coordinates": [[[-75.76666666947649, 49.54166666851486], [-75.76666666317281, 49.55000000114243], [-75.7583333315921, 49.55000000760651], [-75.75833333154509, 49.54166666855717], [-75.76666666947649, 49.54166666851486]]]}, "properties": {"company_id": "mosaic-company", "jurisdiction": "Quebec", "claim_id": "", "claim_name": null, "holder": "Mosaic minerals corp.", "status": "Active", "recorded_date": null, "anniversary_or_expiry": null, "area_ha": null, "tenure_type": null, "source": "GESTIM active titles (MRNF digital data dump). Not legal title.", "as_of": "2026-09-20", "role": "focus", "color": "#e8b040"}}, {"type": "Feature", "geometry": {"type": "Polygon", "coordinates": [[[-75.75833333154509, 49.54166666855717], [-75.7583333315921, 49.55000000760651], [-75.75000000242872, 49.55000000754108], [-75.74999999616587, 49.54166667103541], [-75.75833333154509, 49.54166666855717]]]}, "properties": {"company_id": "mosaic-company", "jurisdiction": "Quebec", "claim_id": "", "claim_name": null, "holder": "Mosaic minerals corp.", "status": "Active", "recorded_date": null, "anniversary_or_expiry": null, "area_ha": null, "tenure_type": null, "source": "GESTIM active titles (MRNF digital data dump). Not legal title.", "as_of": "2026-09-20", "role": "focus", "color": "#e8b040"}}, {"type": "Feature", "geometry": {"type": "Polygon", "coordinates": [[[-75.86666667019819, 49.54999999928002], [-75.86666666305315, 49.558333334673115], [-75.85833333266292, 49.55833333561834], [-75.85833333383856, 49.55000000313879], [-75.86666667019819, 49.54999999928002]]]}, "properties": {"company_id": "mosaic-company", "jurisdiction": "Quebec", "claim_id": "", "claim_name": null, "holder": "Mosaic minerals corp.", "status": "Active", "recorded_date": null, "anniversary_or_expiry": null, "area_ha": null, "tenure_type": null, "source": "GESTIM active titles (MRNF digital data dump). Not legal title.", "as_of": "2026-09-20", "role": "focus", "color": "#e8b040"}}, {"type": "Feature", "geometry": {"type": "Polygon", "coordinates": [[[-75.85833333383856, 49.55000000313879], [-75.85833333266292, 49.55833333561834], [-75.85000000517266, 49.558333339028536], [-75.85000000021611, 49.55000000044019], [-75.85833333383856, 49.55000000313879]]]}, "properties": {"company_id": "mosaic-company", "jurisdiction": "Quebec", "claim_id": "", "claim_name": null, "holder": "Mosaic minerals corp.", "status": "Active", "recorded_date": null, "anniversary_or_expiry": null, "area_ha": null, "tenure_type": null, "source": "GESTIM active titles (MRNF digital data dump). Not legal title.", "as_of": "2026-09-20", "role": "focus", "color": "#e8b040"}}, {"type": "Feature", "geometry": {"type": "Polygon", "coordinates": [[[-75.85000000021611, 49.55000000044019], [-75.85000000517266, 49.558333339028536], [-75.84166666657308, 49.55833333601327], [-75.84166666946099, 49.550000000180745], [-75.85000000021611, 49.55000000044019]]]}, "properties": {"company_id": "mosaic-company", "jurisdiction": "Quebec", "claim_id": "", "claim_name": null, "holder": "Mosaic minerals corp.", "status": "Active", "recorded_date": null, "anniversary_or_expiry": null, "area_ha": null, "tenure_type": null, "source": "GESTIM active titles (MRNF digital data dump). Not legal title.", "as_of": "2026-09-20", "role": "focus", "color": "#e8b040"}}, {"type": "Feature", "geometry": {"type": "Polygon", "coordinates": [[[-75.84166666946099, 49.550000000180745], [-75.84166666657308, 49.55833333601327], [-75.83333333081848, 49.55833333546659], [-75.83333332772098, 49.550000002462816], [-75.84166666946099, 49.550000000180745]]]}, "properties": {"company_id": "mosaic-company", "jurisdiction": "Quebec", "claim_id": "", "claim_name": null, "holder": "Mosaic minerals corp.", "status": "Active", "recorded_date": null, "anniversary_or_expiry": null, "area_ha": null, "tenure_type": null, "source": "GESTIM active titles (MRNF digital data dump). Not legal title.", "as_of": "2026-09-20", "role": "focus", "color": "#e8b040"}}, {"type": "Feature", "geometry": {"type": "Polygon", "coordinates": [[[-75.83333332772098, 49.550000002462816], [-75.83333333081848, 49.55833333546659], [-75.82499999787981, 49.55833333739125], [-75.82500000261368, 49.55000000708916], [-75.83333332772098, 49.550000002462816]]]}, "properties": {"company_id": "mosaic-company", "jurisdiction": "Quebec", "claim_id": "", "claim_name": null, "holder": "Mosaic minerals corp.", "status": "Active", "recorded_date": null, "anniversary_or_expiry": null, "area_ha": null, "tenure_type": null, "source": "GESTIM active titles (MRNF digital data dump). Not legal title.", "as_of": "2026-09-20", "role": "focus", "color": "#e8b040"}}, {"type": "Feature", "geometry": {"type": "Polygon", "coordinates": [[[-75.82500000261368, 49.55000000708916], [-75.82499999787981, 49.55833333739125], [-75.81666666757812, 49.55833333279616], [-75.81666666631365, 49.55000000526668], [-75.82500000261368, 49.55000000708916]]]}, "properties": {"company_id": "mosaic-company", "jurisdiction": "Quebec", "claim_id": "", "claim_name": null, "holder": "Mosaic minerals corp.", "status": "Active", "recorded_date": null, "anniversary_or_expiry": null, "area_ha": null, "tenure_type": null, "source": "GESTIM active titles (MRNF digital data dump). Not legal title.", "as_of": "2026-09-20", "role": "focus", "color": "#e8b040"}}, {"type": "Feature", "geometry": {"type": "Polygon", "coordinates": [[[-75.81666666631365, 49.55000000526668], [-75.81666666757812, 49.55833333279616], [-75.80833334018585, 49.55833333967169], [-75.80833333276819, 49.550000005892414], [-75.81666666631365, 49.55000000526668]]]}, "properties": {"company_id": "mosaic-company", "jurisdiction": "Quebec", "claim_id": "", "claim_name": null, "holder": "Mosaic minerals corp.", "status": "Active", "recorded_date": null, "anniversary_or_expiry": null, "area_ha": null, "tenure_type": null, "source": "GESTIM active titles (MRNF digital data dump). Not legal title.", "as_of": "2026-09-20", "role": "focus", "color": "#e8b040"}}, {"type": "Feature", "geometry": {"type": "Polygon", "coordinates": [[[-75.80833333276819, 49.550000005892414], [-75.80833334018585, 49.55833333967169], [-75.80000000154983, 49.558333340128414], [-75.80000000180154, 49.54999999997515], [-75.80833333276819, 49.550000005892414]]]}, "properties": {"company_id": "mosaic-company", "jurisdiction": "Quebec", "claim_id": "", "claim_name": null, "holder": "Mosaic minerals corp.", "status": "Active", "recorded_date": null, "anniversary_or_expiry": null, "area_ha": null, "tenure_type": null, "source": "GESTIM active titles (MRNF digital data dump). Not legal title.", "as_of": "2026-09-20", "role": "focus", "color": "#e8b040"}}, {"type": "Feature", "geometry": {"type": "Polygon", "coordinates": [[[-75.80000000180154, 49.54999999997515], [-75.80000000154983, 49.558333340128414], [-75.7916666654714, 49.558333334071456], [-75.79166667368003, 49.55000000550531], [-75.80000000180154, 49.54999999997515]]]}, "properties": {"company_id": "mosaic-company", "jurisdiction": "Quebec", "claim_id": "", "claim_name": null, "holder": "Mosaic minerals corp.", "status": "Active", "recorded_date": null, "anniversary_or_expiry": null, "area_ha": null, "tenure_type": null, "source": "GESTIM active titles (MRNF digital data dump). Not legal title.", "as_of": "2026-09-20", "role": "focus", "color": "#e8b040"}}, {"type": "Feature", "geometry": {"type": "Polygon", "coordinates": [[[-75.79166667368003, 49.55000000550531], [-75.7916666654714, 49.558333334071456], [-75.78333333221376, 49.55833333949111], [-75.783333334259, 49.550000004591375], [-75.79166667368003, 49.55000000550531]]]}, "properties": {"company_id": "mosaic-company", "jurisdiction": "Quebec", "claim_id": "", "claim_name": null, "holder": "Mosaic minerals corp.", "status": "Active", "recorded_date": null, "anniversary_or_expiry": null, "area_ha": null, "tenure_type": null, "source": "GESTIM active titles (MRNF digital data dump). Not legal title.", "as_of": "2026-09-20", "role": "focus", "color": "#e8b040"}}, {"type": "Feature", "geometry": {"type": "Polygon", "coordinates": [[[-75.783333334259, 49.550000004591375], [-75.78333333221376, 49.55833333949111], [-75.7750000014588, 49.55833333840224], [-75.77499999747982, 49.55000000613418], [-75.783333334259, 49.550000004591375]]]}, "properties": {"company_id": "mosaic-company", "jurisdiction": "Quebec", "claim_id": "", "claim_name": null, "holder": "Mosaic minerals corp.", "status": "Active", "recorded_date": null, "anniversary_or_expiry": null, "area_ha": null, "tenure_type": null, "source": "GESTIM active titles (MRNF digital data dump). Not legal title.", "as_of": "2026-09-20", "role": "focus", "color": "#e8b040"}}, {"type": "Feature", "geometry": {"type": "Polygon", "coordinates": [[[-75.77499999747982, 49.55000000613418], [-75.7750000014588, 49.55833333840224], [-75.7666666733228, 49.5583333398013], [-75.76666666317281, 49.55000000114243], [-75.77499999747982, 49.55000000613418]]]}, "properties": {"company_id": "mosaic-company", "jurisdiction": "Quebec", "claim_id": "", "claim_name": null, "holder": "Mosaic minerals corp.", "status": "Active", "recorded_date": null, "anniversary_or_expiry": null, "area_ha": null, "tenure_type": null, "source": "GESTIM active titles (MRNF digital data dump). Not legal title.", "as_of": "2026-09-20", "role": "focus", "color": "#e8b040"}}, {"type": "Feature", "geometry": {"type": "Polygon", "coordinates": [[[-75.76666666317281, 49.55000000114243], [-75.7666666733228, 49.5583333398013], [-75.75833333381162, 49.558333334787534], [-75.7583333315921, 49.55000000760651], [-75.76666666317281, 49.55000000114243]]]}, "properties": {"company_id": "mosaic-company", "jurisdiction": "Quebec", "claim_id": "", "claim_name": null, "holder": "Mosaic minerals corp.", "status": "Active", "recorded_date": null, "anniversary_or_expiry": null, "area_ha": null, "tenure_type": null, "source": "GESTIM active titles (MRNF digital data dump). Not legal title.", "as_of": "2026-09-20", "role": "focus", "color": "#e8b040"}}, {"type": "Feature", "geometry": {"type": "Polygon", "coordinates": [[[-75.7583333315921, 49.55000000760651], [-75.75833333381162, 49.558333334787534], [-75.7499999968644, 49.55833333226478], [-75.75000000242872, 49.55000000754108], [-75.7583333315921, 49.55000000760651]]]}, "properties": {"company_id": "mosaic-company", "jurisdiction": "Quebec", "claim_id": "", "claim_name": null, "holder": "Mosaic minerals corp.", "status": "Active", "recorded_date": null, "anniversary_or_expiry": null, "area_ha": null, "tenure_type": null, "source": "GESTIM active titles (MRNF digital data dump). Not legal title.", "as_of": "2026-09-20", "role": "focus", "color": "#e8b040"}}, {"type": "Feature", "geometry": {"type": "Polygon", "coordinates": [[[-75.83333333081848, 49.55833333546659], [-75.83333333782262, 49.56666666562724], [-75.82499999702408, 49.5666666738405], [-75.82499999787981, 49.55833333739125], [-75.83333333081848, 49.55833333546659]]]}, "properties": {"company_id": "mosaic-company", "jurisdiction": "Quebec", "claim_id": "", "claim_name": null, "holder": "Mosaic minerals corp.", "status": "Active", "recorded_date": null, "anniversary_or_expiry": null, "area_ha": null, "tenure_type": null, "source": "GESTIM active titles (MRNF digital data dump). Not legal title.", "as_of": "2026-09-20", "role": "focus", "color": "#e8b040"}}, {"type": "Feature", "geometry": {"type": "Polygon", "coordinates": [[[-75.82499999787981, 49.55833333739125], [-75.82499999702408, 49.5666666738405], [-75.81666667254386, 49.56666666646938], [-75.81666666757812, 49.55833333279616], [-75.82499999787981, 49.55833333739125]]]}, "properties": {"company_id": "mosaic-company", "jurisdiction": "Quebec", "claim_id": "", "claim_name": null, "holder": "Mosaic minerals corp.", "status": "Active", "recorded_date": null, "anniversary_or_expiry": null, "area_ha": null, "tenure_type": null, "source": "GESTIM active titles (MRNF digital data dump). Not legal title.", "as_of": "2026-09-20", "role": "focus", "color": "#e8b040"}}, {"type": "Feature", "geometry": {"type": "Polygon", "coordinates": [[[-75.81666666757812, 49.55833333279616], [-75.81666667254386, 49.56666666646938], [-75.80833333715147, 49.56666667069396], [-75.80833334018585, 49.55833333967169], [-75.81666666757812, 49.55833333279616]]]}, "properties": {"company_id": "mosaic-company", "jurisdiction": "Quebec", "claim_id": "", "claim_name": null, "holder": "Mosaic minerals corp.", "status": "Active", "recorded_date": null, "anniversary_or_expiry": null, "area_ha": null, "tenure_type": null, "source": "GESTIM active titles (MRNF digital data dump). Not legal title.", "as_of": "2026-09-20", "role": "focus", "color": "#e8b040"}}, {"type": "Feature", "geometry": {"type": "Polygon", "coordinates": [[[-75.80000000154983, 49.558333340128414], [-75.8000000043473, 49.56666666843084], [-75.7916666604242, 49.566666668771056], [-75.7916666654714, 49.558333334071456], [-75.80000000154983, 49.558333340128414]]]}, "properties": {"company_id": "mosaic-company", "jurisdiction": "Quebec", "claim_id": "", "claim_name": null, "holder": "Mosaic minerals corp.", "status": "Active", "recorded_date": null, "anniversary_or_expiry": null, "area_ha": null, "tenure_type": null, "source": "GESTIM active titles (MRNF digital data dump). Not legal title.", "as_of": "2026-09-20", "role": "focus", "color": "#e8b040"}}, {"type": "Feature", "geometry": {"type": "Polygon", "coordinates": [[[-75.7916666654714, 49.558333334071456], [-75.7916666604242, 49.566666668771056], [-75.78333333300937, 49.566666671527045], [-75.78333333221376, 49.55833333949111], [-75.7916666654714, 49.558333334071456]]]}, "properties": {"company_id": "mosaic-company", "jurisdiction": "Quebec", "claim_id": "", "claim_name": null, "holder": "Mosaic minerals corp.", "status": "Active", "recorded_date": null, "anniversary_or_expiry": null, "area_ha": null, "tenure_type": null, "source": "GESTIM active titles (MRNF digital data dump). Not legal title.", "as_of": "2026-09-20", "role": "focus", "color": "#e8b040"}}, {"type": "Feature", "geometry": {"type": "Polygon", "coordinates": [[[-75.78333333221376, 49.55833333949111], [-75.78333333300937, 49.566666671527045], [-75.774999994275, 49.56666666789574], [-75.7750000014588, 49.55833333840224], [-75.78333333221376, 49.55833333949111]]]}, "properties": {"company_id": "mosaic-company", "jurisdiction": "Quebec", "claim_id": "", "claim_name": null, "holder": "Mosaic minerals corp.", "status": "Active", "recorded_date": null, "anniversary_or_expiry": null, "area_ha": null, "tenure_type": null, "source": "GESTIM active titles (MRNF digital data dump). Not legal title.", "as_of": "2026-09-20", "role": "focus", "color": "#e8b040"}}, {"type": "Feature", "geometry": {"type": "Polygon", "coordinates": [[[-75.7750000014588, 49.55833333840224], [-75.774999994275, 49.56666666789574], [-75.76666667199395, 49.566666666687375], [-75.7666666733228, 49.5583333398013], [-75.7750000014588, 49.55833333840224]]]}, "properties": {"company_id": "mosaic-company", "jurisdiction": "Quebec", "claim_id": "", "claim_name": null, "holder": "Mosaic minerals corp.", "status": "Active", "recorded_date": null, "anniversary_or_expiry": null, "area_ha": null, "tenure_type": null, "source": "GESTIM active titles (MRNF digital data dump). Not legal title.", "as_of": "2026-09-20", "role": "focus", "color": "#e8b040"}}, {"type": "Feature", "geometry": {"type": "Polygon", "coordinates": [[[-75.7666666733228, 49.5583333398013], [-75.76666667199395, 49.566666666687375], [-75.75833333848058, 49.56666666808873], [-75.75833333381162, 49.558333334787534], [-75.7666666733228, 49.5583333398013]]]}, "properties": {"company_id": "mosaic-company", "jurisdiction": "Quebec", "claim_id": "", "claim_name": null, "holder": "Mosaic minerals corp.", "status": "Active", "recorded_date": null, "anniversary_or_expiry": null, "area_ha": null, "tenure_type": null, "source": "GESTIM active titles (MRNF digital data dump). Not legal title.", "as_of": "2026-09-20", "role": "focus", "color": "#e8b040"}}, {"type": "Feature", "geometry": {"type": "Polygon", "coordinates": [[[-75.75833333381162, 49.558333334787534], [-75.75833333848058, 49.56666666808873], [-75.7499999937058, 49.56666667209933], [-75.7499999968644, 49.55833333226478], [-75.75833333381162, 49.558333334787534]]]}, "properties": {"company_id": "mosaic-company", "jurisdiction": "Quebec", "claim_id": "", "claim_name": null, "holder": "Mosaic minerals corp.", "status": "Active", "recorded_date": null, "anniversary_or_expiry": null, "area_ha": null, "tenure_type": null, "source": "GESTIM active titles (MRNF digital data dump). Not legal title.", "as_of": "2026-09-20", "role": "focus", "color": "#e8b040"}}, {"type": "Feature", "geometry": {"type": "Polygon", "coordinates": [[[-75.62500000073841, 49.500000007245106], [-75.6250000068015, 49.508333333167016], [-75.61666666706641, 49.50833333837201], [-75.61666666752726, 49.50000000546143], [-75.62500000073841, 49.500000007245106]]]}, "properties": {"company_id": "mosaic-company", "jurisdiction": "Quebec", "claim_id": "", "claim_name": null, "holder": "Mosaic minerals corp.", "status": "Active", "recorded_date": null, "anniversary_or_expiry": null, "area_ha": null, "tenure_type": null, "source": "GESTIM active titles (MRNF digital data dump). Not legal title.", "as_of": "2026-09-20", "role": "focus", "color": "#e8b040"}}, {"type": "Feature", "geometry": {"type": "Polygon", "coordinates": [[[-75.61666666752726, 49.50000000546143], [-75.61666666706641, 49.50833333837201], [-75.6083333292769, 49.50833333694118], [-75.60833333637149, 49.5000000060098], [-75.61666666752726, 49.50000000546143]]]}, "properties": {"company_id": "mosaic-company", "jurisdiction": "Quebec", "claim_id": "", "claim_name": null, "holder": "Mosaic minerals corp.", "status": "Active", "recorded_date": null, "anniversary_or_expiry": null, "area_ha": null, "tenure_type": null, "source": "GESTIM active titles (MRNF digital data dump). Not legal title.", "as_of": "2026-09-20", "role": "focus", "color": "#e8b040"}}, {"type": "Feature", "geometry": {"type": "Polygon", "coordinates": [[[-75.60833333637149, 49.5000000060098], [-75.6083333292769, 49.50833333694118], [-75.59999999351895, 49.50833333787086], [-75.5999999933226, 49.49999999996951], [-75.60833333637149, 49.5000000060098]]]}, "properties": {"company_id": "mosaic-company", "jurisdiction": "Quebec", "claim_id": "", "claim_name": null, "holder": "Mosaic minerals corp.", "status": "Active", "recorded_date": null, "anniversary_or_expiry": null, "area_ha": null, "tenure_type": null, "source": "GESTIM active titles (MRNF digital data dump). Not legal title.", "as_of": "2026-09-20", "role": "focus", "color": "#e8b040"}}, {"type": "Feature", "geometry": {"type": "Polygon", "coordinates": [[[-75.5999999933226, 49.49999999996951], [-75.59999999351895, 49.50833333787086], [-75.59166667357621, 49.50833334109244], [-75.5916666661934, 49.50000000518697], [-75.5999999933226, 49.49999999996951]]]}, "properties": {"company_id": "mosaic-company", "jurisdiction": "Quebec", "claim_id": "", "claim_name": null, "holder": "Mosaic minerals corp.", "status": "Active", "recorded_date": null, "anniversary_or_expiry": null, "area_ha": null, "tenure_type": null, "source": "GESTIM active titles (MRNF digital data dump). Not legal title.", "as_of": "2026-09-20", "role": "focus", "color": "#e8b040"}}, {"type": "Feature", "geometry": {"type": "Polygon", "coordinates": [[[-75.5916666661934, 49.50000000518697], [-75.59166667357621, 49.50833334109244], [-75.58333332787613, 49.50833333782537], [-75.58333332711697, 49.50000000381777], [-75.5916666661934, 49.50000000518697]]]}, "properties": {"company_id": "mosaic-company", "jurisdiction": "Quebec", "claim_id": "", "claim_name": null, "holder": "Mosaic minerals corp.", "status": "Active", "recorded_date": null, "anniversary_or_expiry": null, "area_ha": null, "tenure_type": null, "source": "GESTIM active titles (MRNF digital data dump). Not legal title.", "as_of": "2026-09-20", "role": "focus", "color": "#e8b040"}}, {"type": "Feature", "geometry": {"type": "Polygon", "coordinates": [[[-75.58333332711697, 49.50000000381777], [-75.58333332787613, 49.50833333782537], [-75.57499999793708, 49.508333336854065], [-75.57500000379468, 49.500000004717876], [-75.58333332711697, 49.50000000381777]]]}, "properties": {"company_id": "mosaic-company", "jurisdiction": "Quebec", "claim_id": "", "claim_name": null, "holder": "Mosaic minerals corp.", "status": "Active", "recorded_date": null, "anniversary_or_expiry": null, "area_ha": null, "tenure_type": null, "source": "GESTIM active titles (MRNF digital data dump). Not legal title.", "as_of": "2026-09-20", "role": "focus", "color": "#e8b040"}}, {"type": "Feature", "geometry": {"type": "Polygon", "coordinates": [[[-75.57500000379468, 49.500000004717876], [-75.57499999793708, 49.508333336854065], [-75.56666666991812, 49.50833333825109], [-75.56666666847416, 49.49999999903309], [-75.57500000379468, 49.500000004717876]]]}, "properties": {"company_id": "mosaic-company", "jurisdiction": "Quebec", "claim_id": "", "claim_name": null, "holder": "Mosaic minerals corp.", "status": "Active", "recorded_date": null, "anniversary_or_expiry": null, "area_ha": null, "tenure_type": null, "source": "GESTIM active titles (MRNF digital data dump). Not legal title.", "as_of": "2026-09-20", "role": "focus", "color": "#e8b040"}}, {"type": "Feature", "geometry": {"type": "Polygon", "coordinates": [[[-75.56666666847416, 49.49999999903309], [-75.56666666991812, 49.50833333825109], [-75.55833332987584, 49.508333333090576], [-75.558333335146, 49.500000004684495], [-75.56666666847416, 49.49999999903309]]]}, "properties": {"company_id": "mosaic-company", "jurisdiction": "Quebec", "claim_id": "", "claim_name": null, "holder": "Mosaic minerals corp.", "status": "Active", "recorded_date": null, "anniversary_or_expiry": null, "area_ha": null, "tenure_type": null, "source": "GESTIM active titles (MRNF digital data dump). Not legal title.", "as_of": "2026-09-20", "role": "focus", "color": "#e8b040"}}, {"type": "Feature", "geometry": {"type": "Polygon", "coordinates": [[[-75.558333335146, 49.500000004684495], [-75.55833332987584, 49.508333333090576], [-75.55000000561262, 49.50833333922888], [-75.5500000035755, 49.5000000036851], [-75.558333335146, 49.500000004684495]]]}, "properties": {"company_id": "mosaic-company", "jurisdiction": "Quebec", "claim_id": "", "claim_name": null, "holder": "Mosaic minerals corp.", "status": "Active", "recorded_date": null, "anniversary_or_expiry": null, "area_ha": null, "tenure_type": null, "source": "GESTIM active titles (MRNF digital data dump). Not legal title.", "as_of": "2026-09-20", "role": "focus", "color": "#e8b040"}}, {"type": "Feature", "geometry": {"type": "Polygon", "coordinates": [[[-75.67500000689407, 49.508333333843495], [-75.67499999817629, 49.51666666976821], [-75.66666666640484, 49.51666666752407], [-75.6666666681525, 49.50833333385029], [-75.67500000689407, 49.508333333843495]]]}, "properties": {"company_id": "mosaic-company", "jurisdiction": "Quebec", "claim_id": "", "claim_name": null, "holder": "Mosaic minerals corp.", "status": "Active", "recorded_date": null, "anniversary_or_expiry": null, "area_ha": null, "tenure_type": null, "source": "GESTIM active titles (MRNF digital data dump). Not legal title.", "as_of": "2026-09-20", "role": "focus", "color": "#e8b040"}}, {"type": "Feature", "geometry": {"type": "Polygon", "coordinates": [[[-75.6666666681525, 49.50833333385029], [-75.66666666640484, 49.51666666752407], [-75.65833333686447, 49.5166666676562], [-75.65833333163678, 49.50833333620485], [-75.6666666681525, 49.50833333385029]]]}, "properties": {"company_id": "mosaic-company", "jurisdiction": "Quebec", "claim_id": "", "claim_name": null, "holder": "Mosaic minerals corp.", "status": "Active", "recorded_date": null, "anniversary_or_expiry": null, "area_ha": null, "tenure_type": null, "source": "GESTIM active titles (MRNF digital data dump). Not legal title.", "as_of": "2026-09-20", "role": "focus", "color": "#e8b040"}}, {"type": "Feature", "geometry": {"type": "Polygon", "coordinates": [[[-75.65833333163678, 49.50833333620485], [-75.65833333686447, 49.5166666676562], [-75.64999999571198, 49.51666667024435], [-75.64999999731828, 49.50833334090935], [-75.65833333163678, 49.50833333620485]]]}, "properties": {"company_id": "mosaic-company", "jurisdiction": "Quebec", "claim_id": "", "claim_name": null, "holder": "Mosaic minerals corp.", "status": "Active", "recorded_date": null, "anniversary_or_expiry": null, "area_ha": null, "tenure_type": null, "source": "GESTIM active titles (MRNF digital data dump). Not legal title.", "as_of": "2026-09-20", "role": "focus", "color": "#e8b040"}}, {"type": "Feature", "geometry": {"type": "Polygon", "coordinates": [[[-75.64999999731828, 49.50833334090935], [-75.64999999571198, 49.51666667024435], [-75.64166667042998, 49.51666666614017], [-75.64166666505074, 49.508333338971724], [-75.64999999731828, 49.50833334090935]]]}, "properties": {"company_id": "mosaic-company", "jurisdiction": "Quebec", "claim_id": "", "claim_name": null, "holder": "Mosaic minerals corp.", "status": "Active", "recorded_date": null, "anniversary_or_expiry": null, "area_ha": null, "tenure_type": null, "source": "GESTIM active titles (MRNF digital data dump). Not legal title.", "as_of": "2026-09-20", "role": "focus", "color": "#e8b040"}}, {"type": "Feature", "geometry": {"type": "Polygon", "coordinates": [[[-75.64166666505074, 49.508333338971724], [-75.64166667042998, 49.51666666614017], [-75.63333333359763, 49.5166666734886], [-75.6333333349262, 49.508333339388344], [-75.64166666505074, 49.508333338971724]]]}, "properties": {"company_id": "mosaic-company", "jurisdiction": "Quebec", "claim_id": "", "claim_name": null, "holder": "Mosaic minerals corp.", "status": "Active", "recorded_date": null, "anniversary_or_expiry": null, "area_ha": null, "tenure_type": null, "source": "GESTIM active titles (MRNF digital data dump). Not legal title.", "as_of": "2026-09-20", "role": "focus", "color": "#e8b040"}}, {"type": "Feature", "geometry": {"type": "Polygon", "coordinates": [[[-75.6333333349262, 49.508333339388344], [-75.63333333359763, 49.5166666734886], [-75.6249999987669, 49.51666667422559], [-75.6250000068015, 49.508333333167016], [-75.6333333349262, 49.508333339388344]]]}, "properties": {"company_id": "mosaic-company", "jurisdiction": "Quebec", "claim_id": "", "claim_name": null, "holder": "Mosaic minerals corp.", "status": "Active", "recorded_date": null, "anniversary_or_expiry": null, "area_ha": null, "tenure_type": null, "source": "GESTIM active titles (MRNF digital data dump). Not legal title.", "as_of": "2026-09-20", "role": "focus", "color": "#e8b040"}}, {"type": "Feature", "geometry": {"type": "Polygon", "coordinates": [[[-75.6250000068015, 49.508333333167016], [-75.6249999987669, 49.51666667422559], [-75.6166666659137, 49.51666666835318], [-75.61666666706641, 49.50833333837201], [-75.6250000068015, 49.508333333167016]]]}, "properties": {"company_id": "mosaic-company", "jurisdiction": "Quebec", "claim_id": "", "claim_name": null, "holder": "Mosaic minerals corp.", "status": "Active", "recorded_date": null, "anniversary_or_expiry": null, "area_ha": null, "tenure_type": null, "source": "GESTIM active titles (MRNF digital data dump). Not legal title.", "as_of": "2026-09-20", "role": "focus", "color": "#e8b040"}}, {"type": "Feature", "geometry": {"type": "Polygon", "coordinates": [[[-75.61666666706641, 49.50833333837201], [-75.6166666659137, 49.51666666835318], [-75.60833333523706, 49.51666667386202], [-75.6083333292769, 49.50833333694118], [-75.61666666706641, 49.50833333837201]]]}, "properties": {"company_id": "mosaic-company", "jurisdiction": "Quebec", "claim_id": "", "claim_name": null, "holder": "Mosaic minerals corp.", "status": "Active", "recorded_date": null, "anniversary_or_expiry": null, "area_ha": null, "tenure_type": null, "source": "GESTIM active titles (MRNF digital data dump). Not legal title.", "as_of": "2026-09-20", "role": "focus", "color": "#e8b040"}}, {"type": "Feature", "geometry": {"type": "Polygon", "coordinates": [[[-75.6083333292769, 49.50833333694118], [-75.60833333523706, 49.51666667386202], [-75.6000000064836, 49.51666667276551], [-75.59999999351895, 49.50833333787086], [-75.6083333292769, 49.50833333694118]]]}, "properties": {"company_id": "mosaic-company", "jurisdiction": "Quebec", "claim_id": "", "claim_name": null, "holder": "Mosaic minerals corp.", "status": "Active", "recorded_date": null, "anniversary_or_expiry": null, "area_ha": null, "tenure_type": null, "source": "GESTIM active titles (MRNF digital data dump). Not legal title.", "as_of": "2026-09-20", "role": "focus", "color": "#e8b040"}}, {"type": "Feature", "geometry": {"type": "Polygon", "coordinates": [[[-75.59999999351895, 49.50833333787086], [-75.6000000064836, 49.51666667276551], [-75.59166666592309, 49.516666674130605], [-75.59166667357621, 49.50833334109244], [-75.59999999351895, 49.50833333787086]]]}, "properties": {"company_id": "mosaic-company", "jurisdiction": "Quebec", "claim_id": "", "claim_name": null, "holder": "Mosaic minerals corp.", "status": "Active", "recorded_date": null, "anniversary_or_expiry": null, "area_ha": null, "tenure_type": null, "source": "GESTIM active titles (MRNF digital data dump). Not legal title.", "as_of": "2026-09-20", "role": "focus", "color": "#e8b040"}}, {"type": "Feature", "geometry": {"type": "Polygon", "coordinates": [[[-75.59166667357621, 49.50833334109244], [-75.59166666592309, 49.516666674130605], [-75.58333332723446, 49.516666668892306], [-75.58333332787613, 49.50833333782537], [-75.59166667357621, 49.50833334109244]]]}, "properties": {"company_id": "mosaic-company", "jurisdiction": "Quebec", "claim_id": "", "claim_name": null, "holder": "Mosaic minerals corp.", "status": "Active", "recorded_date": null, "anniversary_or_expiry": null, "area_ha": null, "tenure_type": null, "source": "GESTIM active titles (MRNF digital data dump). Not legal title.", "as_of": "2026-09-20", "role": "focus", "color": "#e8b040"}}, {"type": "Feature", "geometry": {"type": "Polygon", "coordinates": [[[-75.74166666554075, 49.5166666745004], [-75.74166667186432, 49.52499999914883], [-75.73333332838777, 49.52500000247754], [-75.73333332898807, 49.516666671224385], [-75.74166666554075, 49.5166666745004]]]}, "properties": {"company_id": "mosaic-company", "jurisdiction": "Quebec", "claim_id": "", "claim_name": null, "holder": "Mosaic minerals corp.", "status": "Active", "recorded_date": null, "anniversary_or_expiry": null, "area_ha": null, "tenure_type": null, "source": "GESTIM active titles (MRNF digital data dump). Not legal title.", "as_of": "2026-09-20", "role": "focus", "color": "#e8b040"}}, {"type": "Feature", "geometry": {"type": "Polygon", "coordinates": [[[-75.73333332898807, 49.516666671224385], [-75.73333332838777, 49.52500000247754], [-75.72500000105197, 49.52499999911186], [-75.72499999488987, 49.51666667030805], [-75.73333332898807, 49.516666671224385]]]}, "properties": {"company_id": "mosaic-company", "jurisdiction": "Quebec", "claim_id": "", "claim_name": null, "holder": "Mosaic minerals corp.", "status": "Active", "recorded_date": null, "anniversary_or_expiry": null, "area_ha": null, "tenure_type": null, "source": "GESTIM active titles (MRNF digital data dump). Not legal title.", "as_of": "2026-09-20", "role": "focus", "color": "#e8b040"}}, {"type": "Feature", "geometry": {"type": "Polygon", "coordinates": [[[-75.72499999488987, 49.51666667030805], [-75.72500000105197, 49.52499999911186], [-75.71666666246249, 49.52500000721645], [-75.7166666632175, 49.51666667175384], [-75.72499999488987, 49.51666667030805]]]}, "properties": {"company_id": "mosaic-company", "jurisdiction": "Quebec", "claim_id": "", "claim_name": null, "holder": "Mosaic minerals corp.", "status": "Active", "recorded_date": null, "anniversary_or_expiry": null, "area_ha": null, "tenure_type": null, "source": "GESTIM active titles (MRNF digital data dump). Not legal title.", "as_of": "2026-09-20", "role": "focus", "color": "#e8b040"}}, {"type": "Feature", "geometry": {"type": "Polygon", "coordinates": [[[-75.7166666632175, 49.51666667175384], [-75.71666666246249, 49.52500000721645], [-75.7083333398294, 49.52499999963926], [-75.70833333381233, 49.516666666570025], [-75.7166666632175, 49.51666667175384]]]}, "properties": {"company_id": "mosaic-company", "jurisdiction": "Quebec", "claim_id": "", "claim_name": null, "holder": "Mosaic minerals corp.", "status": "Active", "recorded_date": null, "anniversary_or_expiry": null, "area_ha": null, "tenure_type": null, "source": "GESTIM active titles (MRNF digital data dump). Not legal title.", "as_of": "2026-09-20", "role": "focus", "color": "#e8b040"}}, {"type": "Feature", "geometry": {"type": "Polygon", "coordinates": [[[-75.70833333381233, 49.516666666570025], [-75.7083333398294, 49.52499999963926], [-75.70000000588502, 49.525000003535126], [-75.70000000690698, 49.51666667274719], [-75.70833333381233, 49.516666666570025]]]}, "properties": {"company_id": "mosaic-company", "jurisdiction": "Quebec", "claim_id": "", "claim_name": null, "holder": "Mosaic minerals corp.", "status": "Active", "recorded_date": null, "anniversary_or_expiry": null, "area_ha": null, "tenure_type": null, "source": "GESTIM active titles (MRNF digital data dump). Not legal title.", "as_of": "2026-09-20", "role": "focus", "color": "#e8b040"}}, {"type": "Feature", "geometry": {"type": "Polygon", "coordinates": [[[-75.70000000690698, 49.51666667274719], [-75.70000000588502, 49.525000003535126], [-75.69166666034221, 49.52500000091515], [-75.69166666840017, 49.516666672382], [-75.70000000690698, 49.51666667274719]]]}, "properties": {"company_id": "mosaic-company", "jurisdiction": "Quebec", "claim_id": "", "claim_name": null, "holder": "Mosaic minerals corp.", "status": "Active", "recorded_date": null, "anniversary_or_expiry": null, "area_ha": null, "tenure_type": null, "source": "GESTIM active titles (MRNF digital data dump). Not legal title.", "as_of": "2026-09-20", "role": "focus", "color": "#e8b040"}}, {"type": "Feature", "geometry": {"type": "Polygon", "coordinates": [[[-75.69166666840017, 49.516666672382], [-75.69166666034221, 49.52500000091515], [-75.68333333093558, 49.525000000609516], [-75.68333333220741, 49.51666667438633], [-75.69166666840017, 49.516666672382]]]}, "properties": {"company_id": "mosaic-company", "jurisdiction": "Quebec", "claim_id": "", "claim_name": null, "holder": "Mosaic minerals corp.", "status": "Active", "recorded_date": null, "anniversary_or_expiry": null, "area_ha": null, "tenure_type": null, "source": "GESTIM active titles (MRNF digital data dump). Not legal title.", "as_of": "2026-09-20", "role": "focus", "color": "#e8b040"}}, {"type": "Feature", "geometry": {"type": "Polygon", "coordinates": [[[-75.68333333220741, 49.51666667438633], [-75.68333333093558, 49.525000000609516], [-75.67500000381969, 49.52500000270415], [-75.67499999817629, 49.51666666976821], [-75.68333333220741, 49.51666667438633]]]}, "properties": {"company_id": "mosaic-company", "jurisdiction": "Quebec", "claim_id": "", "claim_name": null, "holder": "Mosaic minerals corp.", "status": "Active", "recorded_date": null, "anniversary_or_expiry": null, "area_ha": null, "tenure_type": null, "source": "GESTIM active titles (MRNF digital data dump). Not legal title.", "as_of": "2026-09-20", "role": "focus", "color": "#e8b040"}}, {"type": "Feature", "geometry": {"type": "Polygon", "coordinates": [[[-75.67499999817629, 49.51666666976821], [-75.67500000381969, 49.52500000270415], [-75.66666666514897, 49.525000007280894], [-75.66666666640484, 49.51666666752407], [-75.67499999817629, 49.51666666976821]]]}, "properties": {"company_id": "mosaic-company", "jurisdiction": "Quebec", "claim_id": "", "claim_name": null, "holder": "Mosaic minerals corp.", "status": "Active", "recorded_date": null, "anniversary_or_expiry": null, "area_ha": null, "tenure_type": null, "source": "GESTIM active titles (MRNF digital data dump). Not legal title.", "as_of": "2026-09-20", "role": "focus", "color": "#e8b040"}}, {"type": "Feature", "geometry": {"type": "Polygon", "coordinates": [[[-75.66666666640484, 49.51666666752407], [-75.66666666514897, 49.525000007280894], [-75.65833332859063, 49.52500000526617], [-75.65833333686447, 49.5166666676562], [-75.66666666640484, 49.51666666752407]]]}, "properties": {"company_id": "mosaic-company", "jurisdiction": "Quebec", "claim_id": "", "claim_name": null, "holder": "Mosaic minerals corp.", "status": "Active", "recorded_date": null, "anniversary_or_expiry": null, "area_ha": null, "tenure_type": null, "source": "GESTIM active titles (MRNF digital data dump). Not legal title.", "as_of": "2026-09-20", "role": "focus", "color": "#e8b040"}}, {"type": "Feature", "geometry": {"type": "Polygon", "coordinates": [[[-75.65833333686447, 49.5166666676562], [-75.65833332859063, 49.52500000526617], [-75.64999999423982, 49.52500000565634], [-75.64999999571198, 49.51666667024435], [-75.65833333686447, 49.5166666676562]]]}, "properties": {"company_id": "mosaic-company", "jurisdiction": "Quebec", "claim_id": "", "claim_name": null, "holder": "Mosaic minerals corp.", "status": "Active", "recorded_date": null, "anniversary_or_expiry": null, "area_ha": null, "tenure_type": null, "source": "GESTIM active titles (MRNF digital data dump). Not legal title.", "as_of": "2026-09-20", "role": "focus", "color": "#e8b040"}}, {"type": "Feature", "geometry": {"type": "Polygon", "coordinates": [[[-75.64999999571198, 49.51666667024435], [-75.64999999423982, 49.52500000565634], [-75.64166666194994, 49.52499999945936], [-75.64166667042998, 49.51666666614017], [-75.64999999571198, 49.51666667024435]]]}, "properties": {"company_id": "mosaic-company", "jurisdiction": "Quebec", "claim_id": "", "claim_name": null, "holder": "Mosaic minerals corp.", "status": "Active", "recorded_date": null, "anniversary_or_expiry": null, "area_ha": null, "tenure_type": null, "source": "GESTIM active titles (MRNF digital data dump). Not legal title.", "as_of": "2026-09-20", "role": "focus", "color": "#e8b040"}}, {"type": "Feature", "geometry": {"type": "Polygon", "coordinates": [[[-75.64166667042998, 49.51666666614017], [-75.64166666194994, 49.52499999945936], [-75.63333333192931, 49.5250000046658], [-75.63333333359763, 49.5166666734886], [-75.64166667042998, 49.51666666614017]]]}, "properties": {"company_id": "mosaic-company", "jurisdiction": "Quebec", "claim_id": "", "claim_name": null, "holder": "Mosaic minerals corp.", "status": "Active", "recorded_date": null, "anniversary_or_expiry": null, "area_ha": null, "tenure_type": null, "source": "GESTIM active titles (MRNF digital data dump). Not legal title.", "as_of": "2026-09-20", "role": "focus", "color": "#e8b040"}}, {"type": "Feature", "geometry": {"type": "Polygon", "coordinates": [[[-75.75000000414775, 49.52500000728745], [-75.75000000599763, 49.53333334055597], [-75.7416666666072, 49.533333338991376], [-75.74166667186432, 49.52499999914883], [-75.75000000414775, 49.52500000728745]]]}, "properties": {"company_id": "mosaic-company", "jurisdiction": "Quebec", "claim_id": "", "claim_name": null, "holder": "Mosaic minerals corp.", "status": "Active", "recorded_date": null, "anniversary_or_expiry": null, "area_ha": null, "tenure_type": null, "source": "GESTIM active titles (MRNF digital data dump). Not legal title.", "as_of": "2026-09-20", "role": "focus", "color": "#e8b040"}}, {"type": "Feature", "geometry": {"type": "Polygon", "coordinates": [[[-75.74166667186432, 49.52499999914883], [-75.7416666666072, 49.533333338991376], [-75.73333332970843, 49.53333333983907], [-75.73333332838777, 49.52500000247754], [-75.74166667186432, 49.52499999914883]]]}, "properties": {"company_id": "mosaic-company", "jurisdiction": "Quebec", "claim_id": "", "claim_name": null, "holder": "Mosaic minerals corp.", "status": "Active", "recorded_date": null, "anniversary_or_expiry": null, "area_ha": null, "tenure_type": null, "source": "GESTIM active titles (MRNF digital data dump). Not legal title.", "as_of": "2026-09-20", "role": "focus", "color": "#e8b040"}}, {"type": "Feature", "geometry": {"type": "Polygon", "coordinates": [[[-75.73333332838777, 49.52500000247754], [-75.73333332970843, 49.53333333983907], [-75.72499999513944, 49.53333333410741], [-75.72500000105197, 49.52499999911186], [-75.73333332838777, 49.52500000247754]]]}, "properties": {"company_id": "mosaic-company", "jurisdiction": "Quebec", "claim_id": "", "claim_name": null, "holder": "Mosaic minerals corp.", "status": "Active", "recorded_date": null, "anniversary_or_expiry": null, "area_ha": null, "tenure_type": null, "source": "GESTIM active titles (MRNF digital data dump). Not legal title.", "as_of": "2026-09-20", "role": "focus", "color": "#e8b040"}}, {"type": "Feature", "geometry": {"type": "Polygon", "coordinates": [[[-75.72500000105197, 49.52499999911186], [-75.72499999513944, 49.53333333410741], [-75.71666666313911, 49.53333333978693], [-75.71666666246249, 49.52500000721645], [-75.72500000105197, 49.52499999911186]]]}, "properties": {"company_id": "mosaic-company", "jurisdiction": "Quebec", "claim_id": "", "claim_name": null, "holder": "Mosaic minerals corp.", "status": "Active", "recorded_date": null, "anniversary_or_expiry": null, "area_ha": null, "tenure_type": null, "source": "GESTIM active titles (MRNF digital data dump). Not legal title.", "as_of": "2026-09-20", "role": "focus", "color": "#e8b040"}}, {"type": "Feature", "geometry": {"type": "Polygon", "coordinates": [[[-75.71666666246249, 49.52500000721645], [-75.71666666313911, 49.53333333978693], [-75.70833333341399, 49.53333333889192], [-75.7083333398294, 49.52499999963926], [-75.71666666246249, 49.52500000721645]]]}, "properties": {"company_id": "mosaic-company", "jurisdiction": "Quebec", "claim_id": "", "claim_name": null, "holder": "Mosaic minerals corp.", "status": "Active", "recorded_date": null, "anniversary_or_expiry": null, "area_ha": null, "tenure_type": null, "source": "GESTIM active titles (MRNF digital data dump). Not legal title.", "as_of": "2026-09-20", "role": "focus", "color": "#e8b040"}}, {"type": "Feature", "geometry": {"type": "Polygon", "coordinates": [[[-75.70000000588502, 49.525000003535126], [-75.70000000606835, 49.53333334041877], [-75.69166666712734, 49.53333333545829], [-75.69166666034221, 49.52500000091515], [-75.70000000588502, 49.525000003535126]]]}, "properties": {"company_id": "mosaic-company", "jurisdiction": "Quebec", "claim_id": "", "claim_name": null, "holder": "Mosaic minerals corp.", "status": "Active", "recorded_date": null, "anniversary_or_expiry": null, "area_ha": null, "tenure_type": null, "source": "GESTIM active titles (MRNF digital data dump). Not legal title.", "as_of": "2026-09-20", "role": "focus", "color": "#e8b040"}}, {"type": "Feature", "geometry": {"type": "Polygon", "coordinates": [[[-75.69166666034221, 49.52500000091515], [-75.69166666712734, 49.53333333545829], [-75.68333333051119, 49.53333333292229], [-75.68333333093558, 49.525000000609516], [-75.69166666034221, 49.52500000091515]]]}, "properties": {"company_id": "mosaic-company", "jurisdiction": "Quebec", "claim_id": "", "claim_name": null, "holder": "Mosaic minerals corp.", "status": "Active", "recorded_date": null, "anniversary_or_expiry": null, "area_ha": null, "tenure_type": null, "source": "GESTIM active titles (MRNF digital data dump). Not legal title.", "as_of": "2026-09-20", "role": "focus", "color": "#e8b040"}}, {"type": "Feature", "geometry": {"type": "Polygon", "coordinates": [[[-75.68333333093558, 49.525000000609516], [-75.68333333051119, 49.53333333292229], [-75.67499999619106, 49.533333332813044], [-75.67500000381969, 49.52500000270415], [-75.68333333093558, 49.525000000609516]]]}, "properties": {"company_id": "mosaic-company", "jurisdiction": "Quebec", "claim_id": "", "claim_name": null, "holder": "Mosaic minerals corp.", "status": "Active", "recorded_date": null, "anniversary_or_expiry": null, "area_ha": null, "tenure_type": null, "source": "GESTIM active titles (MRNF digital data dump). Not legal title.", "as_of": "2026-09-20", "role": "focus", "color": "#e8b040"}}, {"type": "Feature", "geometry": {"type": "Polygon", "coordinates": [[[-75.67500000381969, 49.52500000270415], [-75.67499999619106, 49.533333332813044], [-75.66666666413813, 49.5333333351328], [-75.66666666514897, 49.525000007280894], [-75.67500000381969, 49.52500000270415]]]}, "properties": {"company_id": "mosaic-company", "jurisdiction": "Quebec", "claim_id": "", "claim_name": null, "holder": "Mosaic minerals corp.", "status": "Active", "recorded_date": null, "anniversary_or_expiry": null, "area_ha": null, "tenure_type": null, "source": "GESTIM active titles (MRNF digital data dump). Not legal title.", "as_of": "2026-09-20", "role": "focus", "color": "#e8b040"}}, {"type": "Feature", "geometry": {"type": "Polygon", "coordinates": [[[-75.66666666514897, 49.525000007280894], [-75.66666666413813, 49.5333333351328], [-75.65833333432361, 49.53333333988382], [-75.65833332859063, 49.52500000526617], [-75.66666666514897, 49.525000007280894]]]}, "properties": {"company_id": "mosaic-company", "jurisdiction": "Quebec", "claim_id": "", "claim_name": null, "holder": "Mosaic minerals corp.", "status": "Active", "recorded_date": null, "anniversary_or_expiry": null, "area_ha": null, "tenure_type": null, "source": "GESTIM active titles (MRNF digital data dump). Not legal title.", "as_of": "2026-09-20", "role": "focus", "color": "#e8b040"}}, {"type": "Feature", "geometry": {"type": "Polygon", "coordinates": [[[-75.7416666666072, 49.533333338991376], [-75.74166666317376, 49.54166666695796], [-75.7333333328138, 49.541666674315366], [-75.73333332970843, 49.53333333983907], [-75.7416666666072, 49.533333338991376]]]}, "properties": {"company_id": "mosaic-company", "jurisdiction": "Quebec", "claim_id": "", "claim_name": null, "holder": "Mosaic minerals corp.", "status": "Active", "recorded_date": null, "anniversary_or_expiry": null, "area_ha": null, "tenure_type": null, "source": "GESTIM active titles (MRNF digital data dump). Not legal title.", "as_of": "2026-09-20", "role": "focus", "color": "#e8b040"}}, {"type": "Feature", "geometry": {"type": "Polygon", "coordinates": [[[-75.73333332970843, 49.53333333983907], [-75.7333333328138, 49.541666674315366], [-75.72500000465317, 49.54166666612795], [-75.72499999513944, 49.53333333410741], [-75.73333332970843, 49.53333333983907]]]}, "properties": {"company_id": "mosaic-company", "jurisdiction": "Quebec", "claim_id": "", "claim_name": null, "holder": "Mosaic minerals corp.", "status": "Active", "recorded_date": null, "anniversary_or_expiry": null, "area_ha": null, "tenure_type": null, "source": "GESTIM active titles (MRNF digital data dump). Not legal title.", "as_of": "2026-09-20", "role": "focus", "color": "#e8b040"}}, {"type": "Feature", "geometry": {"type": "Polygon", "coordinates": [[[-75.72499999513944, 49.53333333410741], [-75.72500000465317, 49.54166666612795], [-75.71666666524553, 49.54166666946587], [-75.71666666313911, 49.53333333978693], [-75.72499999513944, 49.53333333410741]]]}, "properties": {"company_id": "mosaic-company", "jurisdiction": "Quebec", "claim_id": "", "claim_name": null, "holder": "Mosaic minerals corp.", "status": "Active", "recorded_date": null, "anniversary_or_expiry": null, "area_ha": null, "tenure_type": null, "source": "GESTIM active titles (MRNF digital data dump). Not legal title.", "as_of": "2026-09-20", "role": "focus", "color": "#e8b040"}}, {"type": "Feature", "geometry": {"type": "Polygon", "coordinates": [[[-75.71666666313911, 49.53333333978693], [-75.71666666524553, 49.54166666946587], [-75.70833332811864, 49.54166666625573], [-75.70833333341399, 49.53333333889192], [-75.71666666313911, 49.53333333978693]]]}, "properties": {"company_id": "mosaic-company", "jurisdiction": "Quebec", "claim_id": "", "claim_name": null, "holder": "Mosaic minerals corp.", "status": "Active", "recorded_date": null, "anniversary_or_expiry": null, "area_ha": null, "tenure_type": null, "source": "GESTIM active titles (MRNF digital data dump). Not legal title.", "as_of": "2026-09-20", "role": "focus", "color": "#e8b040"}}, {"type": "Feature", "geometry": {"type": "Polygon", "coordinates": [[[-75.70833333341399, 49.53333333889192], [-75.70833332811864, 49.54166666625573], [-75.6999999935052, 49.54166667448814], [-75.70000000606835, 49.53333334041877], [-75.70833333341399, 49.53333333889192]]]}, "properties": {"company_id": "mosaic-company", "jurisdiction": "Quebec", "claim_id": "", "claim_name": null, "holder": "Mosaic minerals corp.", "status": "Active", "recorded_date": null, "anniversary_or_expiry": null, "area_ha": null, "tenure_type": null, "source": "GESTIM active titles (MRNF digital data dump). Not legal title.", "as_of": "2026-09-20", "role": "focus", "color": "#e8b040"}}, {"type": "Feature", "geometry": {"type": "Polygon", "coordinates": [[[-75.69166666712734, 49.53333333545829], [-75.69166666099088, 49.541666667183065], [-75.68333333093226, 49.54166667132513], [-75.68333333051119, 49.53333333292229], [-75.69166666712734, 49.53333333545829]]]}, "properties": {"company_id": "mosaic-company", "jurisdiction": "Quebec", "claim_id": "", "claim_name": null, "holder": "Mosaic minerals corp.", "status": "Active", "recorded_date": null, "anniversary_or_expiry": null, "area_ha": null, "tenure_type": null, "source": "GESTIM active titles (MRNF digital data dump). Not legal title.", "as_of": "2026-09-20", "role": "focus", "color": "#e8b040"}}, {"type": "Feature", "geometry": {"type": "Polygon", "coordinates": [[[-75.74999999616587, 49.54166667103541], [-75.75000000242872, 49.55000000754108], [-75.7416666618347, 49.55000000103717], [-75.74166666317376, 49.54166666695796], [-75.74999999616587, 49.54166667103541]]]}, "properties": {"company_id": "mosaic-company", "jurisdiction": "Quebec", "claim_id": "", "claim_name": null, "holder": "Mosaic minerals corp.", "status": "Active", "recorded_date": null, "anniversary_or_expiry": null, "area_ha": null, "tenure_type": null, "source": "GESTIM active titles (MRNF digital data dump). Not legal title.", "as_of": "2026-09-20", "role": "focus", "color": "#e8b040"}}, {"type": "Feature", "geometry": {"type": "Polygon", "coordinates": [[[-75.7333333328138, 49.541666674315366], [-75.7333333377022, 49.55000000590704], [-75.7250000020842, 49.55000000434132], [-75.72500000465317, 49.54166666612795], [-75.7333333328138, 49.541666674315366]]]}, "properties": {"company_id": "mosaic-company", "jurisdiction": "Quebec", "claim_id": "", "claim_name": null, "holder": "Mosaic minerals corp.", "status": "Active", "recorded_date": null, "anniversary_or_expiry": null, "area_ha": null, "tenure_type": null, "source": "GESTIM active titles (MRNF digital data dump). Not legal title.", "as_of": "2026-09-20", "role": "focus", "color": "#e8b040"}}, {"type": "Feature", "geometry": {"type": "Polygon", "coordinates": [[[-75.72500000465317, 49.54166666612795], [-75.7250000020842, 49.55000000434132], [-75.71666666891154, 49.55000000524782], [-75.71666666524553, 49.54166666946587], [-75.72500000465317, 49.54166666612795]]]}, "properties": {"company_id": "mosaic-company", "jurisdiction": "Quebec", "claim_id": "", "claim_name": null, "holder": "Mosaic minerals corp.", "status": "Active", "recorded_date": null, "anniversary_or_expiry": null, "area_ha": null, "tenure_type": null, "source": "GESTIM active titles (MRNF digital data dump). Not legal title.", "as_of": "2026-09-20", "role": "focus", "color": "#e8b040"}}, {"type": "Feature", "geometry": {"type": "Polygon", "coordinates": [[[-75.71666666524553, 49.54166666946587], [-75.71666666891154, 49.55000000524782], [-75.7083333380252, 49.54999999963488], [-75.70833332811864, 49.54166666625573], [-75.71666666524553, 49.54166666946587]]]}, "properties": {"company_id": "mosaic-company", "jurisdiction": "Quebec", "claim_id": "", "claim_name": null, "holder": "Mosaic minerals corp.", "status": "Active", "recorded_date": null, "anniversary_or_expiry": null, "area_ha": null, "tenure_type": null, "source": "GESTIM active titles (MRNF digital data dump). Not legal title.", "as_of": "2026-09-20", "role": "focus", "color": "#e8b040"}}, {"type": "Feature", "geometry": {"type": "Polygon", "coordinates": [[[-75.70833332811864, 49.54166666625573], [-75.7083333380252, 49.54999999963488], [-75.69999999583416, 49.55000000557657], [-75.6999999935052, 49.54166667448814], [-75.70833332811864, 49.54166666625573]]]}, "properties": {"company_id": "mosaic-company", "jurisdiction": "Quebec", "claim_id": "", "claim_name": null, "holder": "Mosaic minerals corp.", "status": "Active", "recorded_date": null, "anniversary_or_expiry": null, "area_ha": null, "tenure_type": null, "source": "GESTIM active titles (MRNF digital data dump). Not legal title.", "as_of": "2026-09-20", "role": "focus", "color": "#e8b040"}}, {"type": "Feature", "geometry": {"type": "Polygon", "coordinates": [[[-75.75000000242872, 49.55000000754108], [-75.7499999968644, 49.55833333226478], [-75.74166666245218, 49.5583333322355], [-75.7416666618347, 49.55000000103717], [-75.75000000242872, 49.55000000754108]]]}, "properties": {"company_id": "mosaic-company", "jurisdiction": "Quebec", "claim_id": "", "claim_name": null, "holder": "Mosaic minerals corp.", "status": "Active", "recorded_date": null, "anniversary_or_expiry": null, "area_ha": null, "tenure_type": null, "source": "GESTIM active titles (MRNF digital data dump). Not legal title.", "as_of": "2026-09-20", "role": "focus", "color": "#e8b040"}}, {"type": "Feature", "geometry": {"type": "Polygon", "coordinates": [[[-75.7499999968644, 49.55833333226478], [-75.7499999937058, 49.56666667209933], [-75.74166666516086, 49.56666666954748], [-75.74166666245218, 49.5583333322355], [-75.7499999968644, 49.55833333226478]]]}, "properties": {"company_id": "mosaic-company", "jurisdiction": "Quebec", "claim_id": "", "claim_name": null, "holder": "Mosaic minerals corp.", "status": "Active", "recorded_date": null, "anniversary_or_expiry": null, "area_ha": null, "tenure_type": null, "source": "GESTIM active titles (MRNF digital data dump). Not legal title.", "as_of": "2026-09-20", "role": "focus", "color": "#e8b040"}}, {"type": "Feature", "geometry": {"type": "Polygon", "coordinates": [[[-77.12499999394184, 48.70833333439201], [-77.12500000716892, 48.71666666804833], [-77.11666667275215, 48.71666667199307], [-77.11666666413504, 48.70833333502782], [-77.12499999394184, 48.70833333439201]]]}, "properties": {"company_id": "mosaic-company", "jurisdiction": "Quebec", "claim_id": "", "claim_name": null, "holder": "Mosaic minerals corp.", "status": "Active", "recorded_date": null, "anniversary_or_expiry": null, "area_ha": null, "tenure_type": null, "source": "GESTIM active titles (MRNF digital data dump). Not legal title.", "as_of": "2026-09-20", "role": "focus", "color": "#e8b040"}}, {"type": "Feature", "geometry": {"type": "Polygon", "coordinates": [[[-77.10833334005278, 48.70833333491774], [-77.10833333011107, 48.71666666647269], [-77.10000000714801, 48.71666666897558], [-77.09999999450558, 48.70833333456401], [-77.10833334005278, 48.70833333491774]]]}, "properties": {"company_id": "mosaic-company", "jurisdiction": "Quebec", "claim_id": "", "claim_name": null, "holder": "Mosaic minerals corp.", "status": "Active", "recorded_date": null, "anniversary_or_expiry": null, "area_ha": null, "tenure_type": null, "source": "GESTIM active titles (MRNF digital data dump). Not legal title.", "as_of": "2026-09-20", "role": "focus", "color": "#e8b040"}}, {"type": "Feature", "geometry": {"type": "Polygon", "coordinates": [[[-77.12500000716892, 48.71666666804833], [-77.12499999765338, 48.72500000066519], [-77.11666667165818, 48.72499999866785], [-77.11666667275215, 48.71666667199307], [-77.12500000716892, 48.71666666804833]]]}, "properties": {"company_id": "mosaic-company", "jurisdiction": "Quebec", "claim_id": "", "claim_name": null, "holder": "Mosaic minerals corp.", "status": "Active", "recorded_date": null, "anniversary_or_expiry": null, "area_ha": null, "tenure_type": null, "source": "GESTIM active titles (MRNF digital data dump). Not legal title.", "as_of": "2026-09-20", "role": "focus", "color": "#e8b040"}}, {"type": "Feature", "geometry": {"type": "Polygon", "coordinates": [[[-77.11666667275215, 48.71666667199307], [-77.11666667165818, 48.72499999866785], [-77.10833333820415, 48.72500000520928], [-77.10833333011107, 48.71666666647269], [-77.11666667275215, 48.71666667199307]]]}, "properties": {"company_id": "mosaic-company", "jurisdiction": "Quebec", "claim_id": "", "claim_name": null, "holder": "Mosaic minerals corp.", "status": "Active", "recorded_date": null, "anniversary_or_expiry": null, "area_ha": null, "tenure_type": null, "source": "GESTIM active titles (MRNF digital data dump). Not legal title.", "as_of": "2026-09-20", "role": "focus", "color": "#e8b040"}}, {"type": "Feature", "geometry": {"type": "Polygon", "coordinates": [[[-77.14166666699305, 48.725000002532354], [-77.14166667224849, 48.73333333608865], [-77.13333332968674, 48.733333338755976], [-77.1333333294242, 48.72500000195567], [-77.14166666699305, 48.725000002532354]]]}, "properties": {"company_id": "mosaic-company", "jurisdiction": "Quebec", "claim_id": "", "claim_name": null, "holder": "Mosaic minerals corp.", "status": "Active", "recorded_date": null, "anniversary_or_expiry": null, "area_ha": null, "tenure_type": null, "source": "GESTIM active titles (MRNF digital data dump). Not legal title.", "as_of": "2026-09-20", "role": "focus", "color": "#e8b040"}}, {"type": "Feature", "geometry": {"type": "Polygon", "coordinates": [[[-77.1333333294242, 48.72500000195567], [-77.13333332968674, 48.733333338755976], [-77.125000006526, 48.733333340480876], [-77.12499999765338, 48.72500000066519], [-77.1333333294242, 48.72500000195567]]]}, "properties": {"company_id": "mosaic-company", "jurisdiction": "Quebec", "claim_id": "", "claim_name": null, "holder": "Mosaic minerals corp.", "status": "Active", "recorded_date": null, "anniversary_or_expiry": null, "area_ha": null, "tenure_type": null, "source": "GESTIM active titles (MRNF digital data dump). Not legal title.", "as_of": "2026-09-20", "role": "focus", "color": "#e8b040"}}, {"type": "Feature", "geometry": {"type": "Polygon", "coordinates": [[[-77.12499999765338, 48.72500000066519], [-77.125000006526, 48.733333340480876], [-77.11666666159597, 48.733333333032554], [-77.11666667165818, 48.72499999866785], [-77.12499999765338, 48.72500000066519]]]}, "properties": {"company_id": "mosaic-company", "jurisdiction": "Quebec", "claim_id": "", "claim_name": null, "holder": "Mosaic minerals corp.", "status": "Active", "recorded_date": null, "anniversary_or_expiry": null, "area_ha": null, "tenure_type": null, "source": "GESTIM active titles (MRNF digital data dump). Not legal title.", "as_of": "2026-09-20", "role": "focus", "color": "#e8b040"}}, {"type": "Feature", "geometry": {"type": "Polygon", "coordinates": [[[-77.11666667165818, 48.72499999866785], [-77.11666666159597, 48.733333333032554], [-77.10833333640112, 48.733333333645525], [-77.10833333820415, 48.72500000520928], [-77.11666667165818, 48.72499999866785]]]}, "properties": {"company_id": "mosaic-company", "jurisdiction": "Quebec", "claim_id": "", "claim_name": null, "holder": "Mosaic minerals corp.", "status": "Active", "recorded_date": null, "anniversary_or_expiry": null, "area_ha": null, "tenure_type": null, "source": "GESTIM active titles (MRNF digital data dump). Not legal title.", "as_of": "2026-09-20", "role": "focus", "color": "#e8b040"}}, {"type": "Feature", "geometry": {"type": "Polygon", "coordinates": [[[-77.13333332968674, 48.733333338755976], [-77.1333333345423, 48.74166667402588], [-77.12500000584569, 48.74166667001759], [-77.125000006526, 48.733333340480876], [-77.13333332968674, 48.733333338755976]]]}, "properties": {"company_id": "mosaic-company", "jurisdiction": "Quebec", "claim_id": "", "claim_name": null, "holder": "Mosaic minerals corp.", "status": "Active", "recorded_date": null, "anniversary_or_expiry": null, "area_ha": null, "tenure_type": null, "source": "GESTIM active titles (MRNF digital data dump). Not legal title.", "as_of": "2026-09-20", "role": "focus", "color": "#e8b040"}}, {"type": "Feature", "geometry": {"type": "Polygon", "coordinates": [[[-77.125000006526, 48.733333340480876], [-77.12500000584569, 48.74166667001759], [-77.11666666936115, 48.74166666559829], [-77.11666666159597, 48.733333333032554], [-77.125000006526, 48.733333340480876]]]}, "properties": {"company_id": "mosaic-company", "jurisdiction": "Quebec", "claim_id": "", "claim_name": null, "holder": "Mosaic minerals corp.", "status": "Active", "recorded_date": null, "anniversary_or_expiry": null, "area_ha": null, "tenure_type": null, "source": "GESTIM active titles (MRNF digital data dump). Not legal title.", "as_of": "2026-09-20", "role": "focus", "color": "#e8b040"}}, {"type": "Feature", "geometry": {"type": "Polygon", "coordinates": [[[-77.11666666159597, 48.733333333032554], [-77.11666666936115, 48.74166666559829], [-77.10833333903452, 48.74166666951313], [-77.10833333640112, 48.733333333645525], [-77.11666666159597, 48.733333333032554]]]}, "properties": {"company_id": "mosaic-company", "jurisdiction": "Quebec", "claim_id": "", "claim_name": null, "holder": "Mosaic minerals corp.", "status": "Active", "recorded_date": null, "anniversary_or_expiry": null, "area_ha": null, "tenure_type": null, "source": "GESTIM active titles (MRNF digital data dump). Not legal title.", "as_of": "2026-09-20", "role": "focus", "color": "#e8b040"}}, {"type": "Feature", "geometry": {"type": "Polygon", "coordinates": [[[-77.09999999450558, 48.70833333456401], [-77.10000000714801, 48.71666666897558], [-77.09166666270579, 48.71666667126183], [-77.09166666822176, 48.70833333322756], [-77.09999999450558, 48.70833333456401]]]}, "properties": {"company_id": "mosaic-company", "jurisdiction": "Quebec", "claim_id": "", "claim_name": null, "holder": "Mosaic minerals corp.", "status": "Active", "recorded_date": null, "anniversary_or_expiry": null, "area_ha": null, "tenure_type": null, "source": "GESTIM active titles (MRNF digital data dump). Not legal title.", "as_of": "2026-09-20", "role": "focus", "color": "#e8b040"}}, {"type": "Feature", "geometry": {"type": "Polygon", "coordinates": [[[-77.09166666822176, 48.70833333322756], [-77.09166666270579, 48.71666667126183], [-77.08333333751956, 48.71666667259521], [-77.08333333438303, 48.70833334039972], [-77.09166666822176, 48.70833333322756]]]}, "properties": {"company_id": "mosaic-company", "jurisdiction": "Quebec", "claim_id": "", "claim_name": null, "holder": "Mosaic minerals corp.", "status": "Active", "recorded_date": null, "anniversary_or_expiry": null, "area_ha": null, "tenure_type": null, "source": "GESTIM active titles (MRNF digital data dump). Not legal title.", "as_of": "2026-09-20", "role": "focus", "color": "#e8b040"}}, {"type": "Feature", "geometry": {"type": "Polygon", "coordinates": [[[-77.08333333438303, 48.70833334039972], [-77.08333333751956, 48.71666667259521], [-77.0750000043951, 48.716666673474954], [-77.07500000580671, 48.708333337859386], [-77.08333333438303, 48.70833334039972]]]}, "properties": {"company_id": "mosaic-company", "jurisdiction": "Quebec", "claim_id": "", "claim_name": null, "holder": "Mosaic minerals corp.", "status": "Active", "recorded_date": null, "anniversary_or_expiry": null, "area_ha": null, "tenure_type": null, "source": "GESTIM active titles (MRNF digital data dump). Not legal title.", "as_of": "2026-09-20", "role": "focus", "color": "#e8b040"}}, {"type": "Feature", "geometry": {"type": "Polygon", "coordinates": [[[-77.06666666925935, 48.708333334847204], [-77.06666666330986, 48.71666667390495], [-77.05833332782744, 48.71666667364615], [-77.05833333866924, 48.70833334011449], [-77.06666666925935, 48.708333334847204]]]}, "properties": {"company_id": "mosaic-company", "jurisdiction": "Quebec", "claim_id": "", "claim_name": null, "holder": "Mosaic minerals corp.", "status": "Active", "recorded_date": null, "anniversary_or_expiry": null, "area_ha": null, "tenure_type": null, "source": "GESTIM active titles (MRNF digital data dump). Not legal title.", "as_of": "2026-09-20", "role": "focus", "color": "#e8b040"}}, {"type": "Feature", "geometry": {"type": "Polygon", "coordinates": [[[-77.05833333866924, 48.70833334011449], [-77.05833332782744, 48.71666667364615], [-77.04999999792554, 48.71666667270537], [-77.04999999969496, 48.70833333592931], [-77.05833333866924, 48.70833334011449]]]}, "properties": {"company_id": "mosaic-company", "jurisdiction": "Quebec", "claim_id": "", "claim_name": null, "holder": "Mosaic minerals corp.", "status": "Active", "recorded_date": null, "anniversary_or_expiry": null, "area_ha": null, "tenure_type": null, "source": "GESTIM active titles (MRNF digital data dump). Not legal title.", "as_of": "2026-09-20", "role": "focus", "color": "#e8b040"}}, {"type": "Feature", "geometry": {"type": "Polygon", "coordinates": [[[-77.10833333011107, 48.71666666647269], [-77.10833333820415, 48.72500000520928], [-77.09999999651525, 48.725000002313585], [-77.10000000714801, 48.71666666897558], [-77.10833333011107, 48.71666666647269]]]}, "properties": {"company_id": "mosaic-company", "jurisdiction": "Quebec", "claim_id": "", "claim_name": null, "holder": "Mosaic minerals corp.", "status": "Active", "recorded_date": null, "anniversary_or_expiry": null, "area_ha": null, "tenure_type": null, "source": "GESTIM active titles (MRNF digital data dump). Not legal title.", "as_of": "2026-09-20", "role": "focus", "color": "#e8b040"}}, {"type": "Feature", "geometry": {"type": "Polygon", "coordinates": [[[-77.10000000714801, 48.71666666897558], [-77.09999999651525, 48.725000002313585], [-77.0916666605345, 48.72499999872782], [-77.09166666270579, 48.71666667126183], [-77.10000000714801, 48.71666666897558]]]}, "properties": {"company_id": "mosaic-company", "jurisdiction": "Quebec", "claim_id": "", "claim_name": null, "holder": "Mosaic minerals corp.", "status": "Active", "recorded_date": null, "anniversary_or_expiry": null, "area_ha": null, "tenure_type": null, "source": "GESTIM active titles (MRNF digital data dump). Not legal title.", "as_of": "2026-09-20", "role": "focus", "color": "#e8b040"}}, {"type": "Feature", "geometry": {"type": "Polygon", "coordinates": [[[-77.06666666330986, 48.71666667390495], [-77.06666667376575, 48.72500000212253], [-77.0583333335806, 48.725000005319664], [-77.05833332782744, 48.71666667364615], [-77.06666666330986, 48.71666667390495]]]}, "properties": {"company_id": "mosaic-company", "jurisdiction": "Quebec", "claim_id": "", "claim_name": null, "holder": "Mosaic minerals corp.", "status": "Active", "recorded_date": null, "anniversary_or_expiry": null, "area_ha": null, "tenure_type": null, "source": "GESTIM active titles (MRNF digital data dump). Not legal title.", "as_of": "2026-09-20", "role": "focus", "color": "#e8b040"}}, {"type": "Feature", "geometry": {"type": "Polygon", "coordinates": [[[-77.05833332782744, 48.71666667364615], [-77.0583333335806, 48.725000005319664], [-77.04999999862278, 48.724999998866565], [-77.04999999792554, 48.71666667270537], [-77.05833332782744, 48.71666667364615]]]}, "properties": {"company_id": "mosaic-company", "jurisdiction": "Quebec", "claim_id": "", "claim_name": null, "holder": "Mosaic minerals corp.", "status": "Active", "recorded_date": null, "anniversary_or_expiry": null, "area_ha": null, "tenure_type": null, "source": "GESTIM active titles (MRNF digital data dump). Not legal title.", "as_of": "2026-09-20", "role": "focus", "color": "#e8b040"}}, {"type": "Feature", "geometry": {"type": "Polygon", "coordinates": [[[-77.06666667376575, 48.72500000212253], [-77.0666666605933, 48.73333333821229], [-77.0583333287485, 48.733333335621104], [-77.0583333335806, 48.725000005319664], [-77.06666667376575, 48.72500000212253]]]}, "properties": {"company_id": "mosaic-company", "jurisdiction": "Quebec", "claim_id": "", "claim_name": null, "holder": "Mosaic minerals corp.", "status": "Active", "recorded_date": null, "anniversary_or_expiry": null, "area_ha": null, "tenure_type": null, "source": "GESTIM active titles (MRNF digital data dump). Not legal title.", "as_of": "2026-09-20", "role": "focus", "color": "#e8b040"}}, {"type": "Feature", "geometry": {"type": "Polygon", "coordinates": [[[-77.0583333335806, 48.725000005319664], [-77.0583333287485, 48.733333335621104], [-77.05000000251205, 48.73333333239396], [-77.04999999862278, 48.724999998866565], [-77.0583333335806, 48.725000005319664]]]}, "properties": {"company_id": "mosaic-company", "jurisdiction": "Quebec", "claim_id": "", "claim_name": null, "holder": "Mosaic minerals corp.", "status": "Active", "recorded_date": null, "anniversary_or_expiry": null, "area_ha": null, "tenure_type": null, "source": "GESTIM active titles (MRNF digital data dump). Not legal title.", "as_of": "2026-09-20", "role": "focus", "color": "#e8b040"}}, {"type": "Feature", "geometry": {"type": "Polygon", "coordinates": [[[-74.99166666051609, 52.04166667495529], [-74.99166667078634, 52.05000000556177], [-74.98333332694814, 52.0500000027813], [-74.98333333557055, 52.041666672112626], [-74.99166666051609, 52.04166667495529]]]}, "properties": {"company_id": "mosaic-company", "jurisdiction": "Quebec", "claim_id": "", "claim_name": null, "holder": "Mosaic minerals corp.", "status": "Active", "recorded_date": null, "anniversary_or_expiry": null, "area_ha": null, "tenure_type": null, "source": "GESTIM active titles (MRNF digital data dump). Not legal title.", "as_of": "2026-09-20", "role": "focus", "color": "#e8b040"}}, {"type": "Feature", "geometry": {"type": "Polygon", "coordinates": [[[-75.00000000000001, 52.083333342166306], [-75.00000000000001, 52.091666667437536], [-74.9916666611351, 52.091666669614874], [-74.99166666634194, 52.08333333533172], [-75.00000000000001, 52.083333342166306]]]}, "properties": {"company_id": "mosaic-company", "jurisdiction": "Quebec", "claim_id": "", "claim_name": null, "holder": "Mosaic minerals corp.", "status": "Active", "recorded_date": null, "anniversary_or_expiry": null, "area_ha": null, "tenure_type": null, "source": "GESTIM active titles (MRNF digital data dump). Not legal title.", "as_of": "2026-09-20", "role": "focus", "color": "#e8b040"}}, {"type": "Feature", "geometry": {"type": "Polygon", "coordinates": [[[-75.24999999379556, 52.06666666949048], [-75.24999999352615, 52.075000001805044], [-75.24166666081284, 52.075000001789746], [-75.24166666595487, 52.06666667073087], [-75.24999999379556, 52.06666666949048]]]}, "properties": {"company_id": "mosaic-company", "jurisdiction": "Quebec", "claim_id": "", "claim_name": null, "holder": "Mosaic minerals corp.", "status": "Active", "recorded_date": null, "anniversary_or_expiry": null, "area_ha": null, "tenure_type": null, "source": "GESTIM active titles (MRNF digital data dump). Not legal title.", "as_of": "2026-09-20", "role": "focus", "color": "#e8b040"}}, {"type": "Feature", "geometry": {"type": "Polygon", "coordinates": [[[-75.20000000073476, 52.06666666837058], [-75.20000000047519, 52.07500000272585], [-75.19166665999019, 52.07500000133541], [-75.19166666511504, 52.06666666798046], [-75.20000000073476, 52.06666666837058]]]}, "properties": {"company_id": "mosaic-company", "jurisdiction": "Quebec", "claim_id": "", "claim_name": null, "holder": "Mosaic minerals corp.", "status": "Active", "recorded_date": null, "anniversary_or_expiry": null, "area_ha": null, "tenure_type": null, "source": "GESTIM active titles (MRNF digital data dump). Not legal title.", "as_of": "2026-09-20", "role": "focus", "color": "#e8b040"}}, {"type": "Feature", "geometry": {"type": "Polygon", "coordinates": [[[-75.15000000098424, 52.06666667540645], [-75.15000000073981, 52.07500000435606], [-75.14166666553159, 52.07500000158117], [-75.14166667063208, 52.06666667337651], [-75.15000000098424, 52.06666667540645]]]}, "properties": {"company_id": "mosaic-company", "jurisdiction": "Quebec", "claim_id": "", "claim_name": null, "holder": "Mosaic minerals corp.", "status": "Active", "recorded_date": null, "anniversary_or_expiry": null, "area_ha": null, "tenure_type": null, "source": "GESTIM active titles (MRNF digital data dump). Not legal title.", "as_of": "2026-09-20", "role": "focus", "color": "#e8b040"}}, {"type": "Feature", "geometry": {"type": "Polygon", "coordinates": [[[-75.09999999980312, 52.06666667267549], [-75.09999999963638, 52.07500000675471], [-75.09166666816269, 52.075000002611056], [-75.09166667318065, 52.06666666902139], [-75.09999999980312, 52.06666667267549]]]}, "properties": {"company_id": "mosaic-company", "jurisdiction": "Quebec", "claim_id": "", "claim_name": null, "holder": "Mosaic minerals corp.", "status": "Active", "recorded_date": null, "anniversary_or_expiry": null, "area_ha": null, "tenure_type": null, "source": "GESTIM active titles (MRNF digital data dump). Not legal title.", "as_of": "2026-09-20", "role": "focus", "color": "#e8b040"}}, {"type": "Feature", "geometry": {"type": "Polygon", "coordinates": [[[-75.05000000256136, 52.06666666921603], [-75.05000000247134, 52.07500000097857], [-75.04166667319954, 52.07500000446744], [-75.04166666354878, 52.06666667294429], [-75.05000000256136, 52.06666666921603]]]}, "properties": {"company_id": "mosaic-company", "jurisdiction": "Quebec", "claim_id": "", "claim_name": null, "holder": "Mosaic minerals corp.", "status": "Active", "recorded_date": null, "anniversary_or_expiry": null, "area_ha": null, "tenure_type": null, "source": "GESTIM active titles (MRNF digital data dump). Not legal title.", "as_of": "2026-09-20", "role": "focus", "color": "#e8b040"}}, {"type": "Feature", "geometry": {"type": "Polygon", "coordinates": [[[-75.24999999352615, 52.075000001805044], [-75.24999999863294, 52.08333334026152], [-75.24166666086639, 52.08333333898989], [-75.24166666081284, 52.075000001789746], [-75.24999999352615, 52.075000001805044]]]}, "properties": {"company_id": "mosaic-company", "jurisdiction": "Quebec", "claim_id": "", "claim_name": null, "holder": "Mosaic minerals corp.", "status": "Active", "recorded_date": null, "anniversary_or_expiry": null, "area_ha": null, "tenure_type": null, "source": "GESTIM active titles (MRNF digital data dump). Not legal title.", "as_of": "2026-09-20", "role": "focus", "color": "#e8b040"}}, {"type": "Feature", "geometry": {"type": "Polygon", "coordinates": [[[-75.20000000047519, 52.07500000272585], [-75.20000000447635, 52.08333333422826], [-75.19166667357915, 52.083333340804025], [-75.19166665999019, 52.07500000133541], [-75.20000000047519, 52.07500000272585]]]}, "properties": {"company_id": "mosaic-company", "jurisdiction": "Quebec", "claim_id": "", "claim_name": null, "holder": "Mosaic minerals corp.", "status": "Active", "recorded_date": null, "anniversary_or_expiry": null, "area_ha": null, "tenure_type": null, "source": "GESTIM active titles (MRNF digital data dump). Not legal title.", "as_of": "2026-09-20", "role": "focus", "color": "#e8b040"}}, {"type": "Feature", "geometry": {"type": "Polygon", "coordinates": [[[-75.4916666673688, 49.466666666663805], [-75.49166666427358, 49.47500000218386], [-75.48333333744375, 49.475000006831074], [-75.48333333260025, 49.466666672935325], [-75.4916666673688, 49.466666666663805]]]}, "properties": {"company_id": "mosaic-company", "jurisdiction": "Quebec", "claim_id": "", "claim_name": null, "holder": "Mosaic minerals corp.", "status": "Active", "recorded_date": null, "anniversary_or_expiry": null, "area_ha": null, "tenure_type": null, "source": "GESTIM active titles (MRNF digital data dump). Not legal title.", "as_of": "2026-09-20", "role": "focus", "color": "#e8b040"}}, {"type": "Feature", "geometry": {"type": "Polygon", "coordinates": [[[-75.48333333744375, 49.475000006831074], [-75.48333333876887, 49.48333333775267], [-75.474999993608, 49.483333334196246], [-75.47499999832294, 49.47500000481634], [-75.48333333744375, 49.475000006831074]]]}, "properties": {"company_id": "mosaic-company", "jurisdiction": "Quebec", "claim_id": "", "claim_name": null, "holder": "Mosaic minerals corp.", "status": "Active", "recorded_date": null, "anniversary_or_expiry": null, "area_ha": null, "tenure_type": null, "source": "GESTIM active titles (MRNF digital data dump). Not legal title.", "as_of": "2026-09-20", "role": "focus", "color": "#e8b040"}}, {"type": "Feature", "geometry": {"type": "Polygon", "coordinates": [[[-79.10833333944292, 47.333333335482635], [-79.10833333469073, 47.325000003465576], [-79.1166666666667, 47.325000000012835], [-79.11666667233098, 47.33333332829398], [-79.10833333944292, 47.333333335482635]]]}, "properties": {"company_id": "mosaic-company", "jurisdiction": "Quebec", "claim_id": "", "claim_name": null, "holder": "Mosaic minerals corp.", "status": "Active", "recorded_date": null, "anniversary_or_expiry": null, "area_ha": null, "tenure_type": null, "source": "GESTIM active titles (MRNF digital data dump). Not legal title.", "as_of": "2026-09-20", "role": "focus", "color": "#e8b040"}}, {"type": "Feature", "geometry": {"type": "Polygon", "coordinates": [[[-79.10833333469073, 47.325000003465576], [-79.10833333944292, 47.333333335482635], [-79.10000000382684, 47.33333333374795], [-79.1000000009495, 47.32499999853841], [-79.10833333469073, 47.325000003465576]]]}, "properties": {"company_id": "mosaic-company", "jurisdiction": "Quebec", "claim_id": "", "claim_name": null, "holder": "Mosaic minerals corp.", "status": "Active", "recorded_date": null, "anniversary_or_expiry": null, "area_ha": null, "tenure_type": null, "source": "GESTIM active titles (MRNF digital data dump). Not legal title.", "as_of": "2026-09-20", "role": "focus", "color": "#e8b040"}}, {"type": "Feature", "geometry": {"type": "Polygon", "coordinates": [[[-79.1000000009495, 47.32499999853841], [-79.10000000382684, 47.33333333374795], [-79.09166666478187, 47.33333333736921], [-79.09166666379261, 47.324999998953274], [-79.1000000009495, 47.32499999853841]]]}, "properties": {"company_id": "mosaic-company", "jurisdiction": "Quebec", "claim_id": "", "claim_name": null, "holder": "Mosaic minerals corp.", "status": "Active", "recorded_date": null, "anniversary_or_expiry": null, "area_ha": null, "tenure_type": null, "source": "GESTIM active titles (MRNF digital data dump). Not legal title.", "as_of": "2026-09-20", "role": "focus", "color": "#e8b040"}}, {"type": "Feature", "geometry": {"type": "Polygon", "coordinates": [[[-79.09166666379261, 47.324999998953274], [-79.09166666478187, 47.33333333736921], [-79.08333333584537, 47.33333333756832], [-79.0833333364299, 47.32500000492527], [-79.09166666379261, 47.324999998953274]]]}, "properties": {"company_id": "mosaic-company", "jurisdiction": "Quebec", "claim_id": "", "claim_name": null, "holder": "Mosaic minerals corp.", "status": "Active", "recorded_date": null, "anniversary_or_expiry": null, "area_ha": null, "tenure_type": null, "source": "GESTIM active titles (MRNF digital data dump). Not legal title.", "as_of": "2026-09-20", "role": "focus", "color": "#e8b040"}}, {"type": "Feature", "geometry": {"type": "Polygon", "coordinates": [[[-79.07500000417384, 47.333333328828736], [-79.0750000004501, 47.34166666287436], [-79.06666666281211, 47.34166666802228], [-79.06666666863825, 47.33333333071979], [-79.07500000417384, 47.333333328828736]]]}, "properties": {"company_id": "mosaic-company", "jurisdiction": "Quebec", "claim_id": "", "claim_name": null, "holder": "Mosaic minerals corp.", "status": "Active", "recorded_date": null, "anniversary_or_expiry": null, "area_ha": null, "tenure_type": null, "source": "GESTIM active titles (MRNF digital data dump). Not legal title.", "as_of": "2026-09-20", "role": "focus", "color": "#e8b040"}}, {"type": "Feature", "geometry": {"type": "Polygon", "coordinates": [[[-75.8333333283672, 49.52500000447464], [-75.83333333340255, 49.53333333691762], [-75.82499999562802, 49.53333333814], [-75.82499999773626, 49.52499999939334], [-75.8333333283672, 49.52500000447464]]]}, "properties": {"company_id": "mosaic-company", "jurisdiction": "Quebec", "claim_id": "", "claim_name": null, "holder": "Mosaic minerals corp.", "status": "Active", "recorded_date": null, "anniversary_or_expiry": null, "area_ha": null, "tenure_type": null, "source": "GESTIM active titles (MRNF digital data dump). Not legal title.", "as_of": "2026-09-20", "role": "focus", "color": "#e8b040"}}, {"type": "Feature", "geometry": {"type": "Polygon", "coordinates": [[[-75.7083333398294, 49.52499999963926], [-75.70833333341399, 49.53333333889192], [-75.70000000606835, 49.53333334041877], [-75.70000000588502, 49.525000003535126], [-75.7083333398294, 49.52499999963926]]]}, "properties": {"company_id": "mosaic-company", "jurisdiction": "Quebec", "claim_id": "", "claim_name": null, "holder": "Mosaic minerals corp.", "status": "Active", "recorded_date": null, "anniversary_or_expiry": null, "area_ha": null, "tenure_type": null, "source": "GESTIM active titles (MRNF digital data dump). Not legal title.", "as_of": "2026-09-20", "role": "focus", "color": "#e8b040"}}, {"type": "Feature", "geometry": {"type": "Polygon", "coordinates": [[[-75.85833333584355, 49.533333338776565], [-75.8583333394522, 49.541666667826256], [-75.84999999967839, 49.54166666800903], [-75.85000000340423, 49.53333333274079], [-75.85833333584355, 49.533333338776565]]]}, "properties": {"company_id": "mosaic-company", "jurisdiction": "Quebec", "claim_id": "", "claim_name": null, "holder": "Mosaic minerals corp.", "status": "Active", "recorded_date": null, "anniversary_or_expiry": null, "area_ha": null, "tenure_type": null, "source": "GESTIM active titles (MRNF digital data dump). Not legal title.", "as_of": "2026-09-20", "role": "focus", "color": "#e8b040"}}, {"type": "Feature", "geometry": {"type": "Polygon", "coordinates": [[[-75.79999999851977, 49.533333338172625], [-75.8000000053974, 49.54166666595821], [-75.79166667108484, 49.54166667417286], [-75.79166667151294, 49.53333333997885], [-75.79999999851977, 49.533333338172625]]]}, "properties": {"company_id": "mosaic-company", "jurisdiction": "Quebec", "claim_id": "", "claim_name": null, "holder": "Mosaic minerals corp.", "status": "Active", "recorded_date": null, "anniversary_or_expiry": null, "area_ha": null, "tenure_type": null, "source": "GESTIM active titles (MRNF digital data dump). Not legal title.", "as_of": "2026-09-20", "role": "focus", "color": "#e8b040"}}, {"type": "Feature", "geometry": {"type": "Polygon", "coordinates": [[[-75.75000000599763, 49.53333334055597], [-75.74999999616587, 49.54166667103541], [-75.74166666317376, 49.54166666695796], [-75.7416666666072, 49.533333338991376], [-75.75000000599763, 49.53333334055597]]]}, "properties": {"company_id": "mosaic-company", "jurisdiction": "Quebec", "claim_id": "", "claim_name": null, "holder": "Mosaic minerals corp.", "status": "Active", "recorded_date": null, "anniversary_or_expiry": null, "area_ha": null, "tenure_type": null, "source": "GESTIM active titles (MRNF digital data dump). Not legal title.", "as_of": "2026-09-20", "role": "focus", "color": "#e8b040"}}, {"type": "Feature", "geometry": {"type": "Polygon", "coordinates": [[[-75.70000000606835, 49.53333334041877], [-75.6999999935052, 49.54166667448814], [-75.69166666099088, 49.541666667183065], [-75.69166666712734, 49.53333333545829], [-75.70000000606835, 49.53333334041877]]]}, "properties": {"company_id": "mosaic-company", "jurisdiction": "Quebec", "claim_id": "", "claim_name": null, "holder": "Mosaic minerals corp.", "status": "Active", "recorded_date": null, "anniversary_or_expiry": null, "area_ha": null, "tenure_type": null, "source": "GESTIM active titles (MRNF digital data dump). Not legal title.", "as_of": "2026-09-20", "role": "focus", "color": "#e8b040"}}, {"type": "Feature", "geometry": {"type": "Polygon", "coordinates": [[[-75.74166666317376, 49.54166666695796], [-75.7416666618347, 49.55000000103717], [-75.7333333377022, 49.55000000590704], [-75.7333333328138, 49.541666674315366], [-75.74166666317376, 49.54166666695796]]]}, "properties": {"company_id": "mosaic-company", "jurisdiction": "Quebec", "claim_id": "", "claim_name": null, "holder": "Mosaic minerals corp.", "status": "Active", "recorded_date": null, "anniversary_or_expiry": null, "area_ha": null, "tenure_type": null, "source": "GESTIM active titles (MRNF digital data dump). Not legal title.", "as_of": "2026-09-20", "role": "focus", "color": "#e8b040"}}, {"type": "Feature", "geometry": {"type": "Polygon", "coordinates": [[[-75.80833334018585, 49.55833333967169], [-75.80833333715147, 49.56666667069396], [-75.8000000043473, 49.56666666843084], [-75.80000000154983, 49.558333340128414], [-75.80833334018585, 49.55833333967169]]]}, "properties": {"company_id": "mosaic-company", "jurisdiction": "Quebec", "claim_id": "", "claim_name": null, "holder": "Mosaic minerals corp.", "status": "Active", "recorded_date": null, "anniversary_or_expiry": null, "area_ha": null, "tenure_type": null, "source": "GESTIM active titles (MRNF digital data dump). Not legal title.", "as_of": "2026-09-20", "role": "focus", "color": "#e8b040"}}, {"type": "Feature", "geometry": {"type": "Polygon", "coordinates": [[[-77.11666666413504, 48.70833333502782], [-77.11666667275215, 48.71666667199307], [-77.10833333011107, 48.71666666647269], [-77.10833334005278, 48.70833333491774], [-77.11666666413504, 48.70833333502782]]]}, "properties": {"company_id": "mosaic-company", "jurisdiction": "Quebec", "claim_id": "", "claim_name": null, "holder": "Mosaic minerals corp.", "status": "Active", "recorded_date": null, "anniversary_or_expiry": null, "area_ha": null, "tenure_type": null, "source": "GESTIM active titles (MRNF digital data dump). Not legal title.", "as_of": "2026-09-20", "role": "focus", "color": "#e8b040"}}, {"type": "Feature", "geometry": {"type": "Polygon", "coordinates": [[[-77.07500000580671, 48.708333337859386], [-77.0750000043951, 48.716666673474954], [-77.06666666330986, 48.71666667390495], [-77.06666666925935, 48.708333334847204], [-77.07500000580671, 48.708333337859386]]]}, "properties": {"company_id": "mosaic-company", "jurisdiction": "Quebec", "claim_id": "", "claim_name": null, "holder": "Mosaic minerals corp.", "status": "Active", "recorded_date": null, "anniversary_or_expiry": null, "area_ha": null, "tenure_type": null, "source": "GESTIM active titles (MRNF digital data dump). Not legal title.", "as_of": "2026-09-20", "role": "focus", "color": "#e8b040"}}, {"type": "Feature", "geometry": {"type": "Polygon", "coordinates": [[[-75.59999999283043, 51.67395027893993], [-75.60833331782655, 51.673958750138965], [-75.60833332653438, 51.67500000151597], [-75.59999999465933, 51.67500000004741], [-75.59999999283043, 51.67395027893993]]]}, "properties": {"company_id": "mosaic-company", "jurisdiction": "Quebec", "claim_id": "", "claim_name": null, "holder": "Mosaic minerals corp.", "status": "Active", "recorded_date": null, "anniversary_or_expiry": null, "area_ha": null, "tenure_type": null, "source": "GESTIM active titles (MRNF digital data dump). Not legal title.", "as_of": "2026-09-20", "role": "focus", "color": "#e8b040"}}, {"type": "Feature", "geometry": {"type": "Polygon", "coordinates": [[[-75.43333332663428, 51.733333337839504], [-75.42755837233118, 51.733333397091855], [-75.42756554640029, 51.73298945262824], [-75.42752856708209, 51.72906239127677], [-75.43333333222613, 51.729132977929595], [-75.43333332663428, 51.733333337839504]]]}, "properties": {"company_id": "mosaic-company", "jurisdiction": "Quebec", "claim_id": "", "claim_name": null, "holder": "Mosaic minerals corp.", "status": "Active", "recorded_date": null, "anniversary_or_expiry": null, "area_ha": null, "tenure_type": null, "source": "GESTIM active titles (MRNF digital data dump). Not legal title.", "as_of": "2026-09-20", "role": "focus", "color": "#e8b040"}}, {"type": "Feature", "geometry": {"type": "Polygon", "coordinates": [[[-75.60833333106585, 51.667586253765165], [-75.60000000395075, 51.66757777669622], [-75.59999999843305, 51.666666667679664], [-75.60833333385901, 51.66666666619232], [-75.60833333106585, 51.667586253765165]]]}, "properties": {"company_id": "mosaic-company", "jurisdiction": "Quebec", "claim_id": "", "claim_name": null, "holder": "Mosaic minerals corp.", "status": "Active", "recorded_date": null, "anniversary_or_expiry": null, "area_ha": null, "tenure_type": null, "source": "GESTIM active titles (MRNF digital data dump). Not legal title.", "as_of": "2026-09-20", "role": "focus", "color": "#e8b040"}}, {"type": "Feature", "geometry": {"type": "Polygon", "coordinates": [[[-77.11666666837658, 48.70465207199799], [-77.11666666413504, 48.708333335027824], [-77.10833334005278, 48.70833333491774], [-77.1083333402462, 48.70464042447618], [-77.1118410413811, 48.7046432699191], [-77.11186692964321, 48.70464279519306], [-77.11539459991235, 48.704650026969595], [-77.1154196460049, 48.70464956691341], [-77.11666666837658, 48.70465207199799]]]}, "properties": {"company_id": "mosaic-company", "jurisdiction": "Quebec", "claim_id": "", "claim_name": null, "holder": "Mosaic minerals corp.", "status": "Active", "recorded_date": null, "anniversary_or_expiry": null, "area_ha": null, "tenure_type": null, "source": "GESTIM active titles (MRNF digital data dump). Not legal title.", "as_of": "2026-09-20", "role": "focus", "color": "#e8b040"}}, {"type": "Feature", "geometry": {"type": "Polygon", "coordinates": [[[-77.10831439853587, 48.704640408837875], [-77.1083333402462, 48.70464042447618], [-77.10833334005278, 48.70833333491774], [-77.09999999450558, 48.70833333456401], [-77.09999999682616, 48.70462859486694], [-77.10119259594575, 48.704631114135736], [-77.10120873207306, 48.70463081973343], [-77.10474597526216, 48.70463370483222], [-77.10476169029388, 48.70463341762752], [-77.1082876680983, 48.704640898181935], [-77.10831439853587, 48.704640408837875]]]}, "properties": {"company_id": "mosaic-company", "jurisdiction": "Quebec", "claim_id": "", "claim_name": null, "holder": "Mosaic minerals corp.", "status": "Active", "recorded_date": null, "anniversary_or_expiry": null, "area_ha": null, "tenure_type": null, "source": "GESTIM active titles (MRNF digital data dump). Not legal title.", "as_of": "2026-09-20", "role": "focus", "color": "#e8b040"}}, {"type": "Feature", "geometry": {"type": "Polygon", "coordinates": [[[-77.07500000186654, 48.70460250839114], [-77.07500000580671, 48.708333337859386], [-77.06666666925935, 48.708333334847204], [-77.066666667427, 48.704584547107245], [-77.06928489136435, 48.704588059105625], [-77.07194425064453, 48.70459422720498], [-77.07284333906001, 48.70460054058386], [-77.07310032082405, 48.70460041343494], [-77.0747154306655, 48.704602817905915], [-77.07500000186654, 48.70460250839114]]]}, "properties": {"company_id": "mosaic-company", "jurisdiction": "Quebec", "claim_id": "", "claim_name": null, "holder": "Mosaic minerals corp.", "status": "Active", "recorded_date": null, "anniversary_or_expiry": null, "area_ha": null, "tenure_type": null, "source": "GESTIM active titles (MRNF digital data dump). Not legal title.", "as_of": "2026-09-20", "role": "focus", "color": "#e8b040"}}, {"type": "Feature", "geometry": {"type": "Polygon", "coordinates": [[[-77.066666667427, 48.704584547107245], [-77.06666666925935, 48.708333334847204], [-77.05833333866924, 48.70833334011449], [-77.0583333387921, 48.704572996315385], [-77.066666667427, 48.704584547107245]]]}, "properties": {"company_id": "mosaic-company", "jurisdiction": "Quebec", "claim_id": "", "claim_name": null, "holder": "Mosaic minerals corp.", "status": "Active", "recorded_date": null, "anniversary_or_expiry": null, "area_ha": null, "tenure_type": null, "source": "GESTIM active titles (MRNF digital data dump). Not legal title.", "as_of": "2026-09-20", "role": "focus", "color": "#e8b040"}}, {"type": "Feature", "geometry": {"type": "Polygon", "coordinates": [[[-77.15000000507686, 48.71666667054188], [-77.14999999679468, 48.72500000264189], [-77.14166666699305, 48.725000002532354], [-77.14166666666756, 48.71933082633308], [-77.14379923157658, 48.71933399612056], [-77.14380693446047, 48.7166667223703], [-77.15000000507686, 48.71666667054188]]]}, "properties": {"company_id": "mosaic-company", "jurisdiction": "Quebec", "claim_id": "", "claim_name": null, "holder": "Mosaic minerals corp.", "status": "Active", "recorded_date": null, "anniversary_or_expiry": null, "area_ha": null, "tenure_type": null, "source": "GESTIM active titles (MRNF digital data dump). Not legal title.", "as_of": "2026-09-20", "role": "focus", "color": "#e8b040"}}, {"type": "Feature", "geometry": {"type": "Polygon", "coordinates": [[[-77.14166666666756, 48.71933082633308], [-77.14166666699305, 48.725000002532354], [-77.1333333294242, 48.72500000195567], [-77.1333333326365, 48.71932392449284], [-77.13669154591965, 48.719326626737505], [-77.13675863478586, 48.71932538207871], [-77.13723726530993, 48.71932999649562], [-77.1402450843086, 48.71932812274078], [-77.14031448325662, 48.7193313315124], [-77.14088846105938, 48.719329660380176], [-77.14166666666756, 48.71933082633308]]]}, "properties": {"company_id": "mosaic-company", "jurisdiction": "Quebec", "claim_id": "", "claim_name": null, "holder": "Mosaic minerals corp.", "status": "Active", "recorded_date": null, "anniversary_or_expiry": null, "area_ha": null, "tenure_type": null, "source": "GESTIM active titles (MRNF digital data dump). Not legal title.", "as_of": "2026-09-20", "role": "focus", "color": "#e8b040"}}, {"type": "Feature", "geometry": {"type": "Polygon", "coordinates": [[[-79.07499999407645, 47.30833333348426], [-79.07499999437943, 47.31666666403576], [-79.0666666625137, 47.316666659438354], [-79.06666666345016, 47.30833333466225], [-79.07499999407645, 47.30833333348426]]]}, "properties": {"company_id": "mosaic-company", "jurisdiction": "Quebec", "claim_id": "", "claim_name": null, "holder": "Mosaic minerals corp.", "status": "Active", "recorded_date": null, "anniversary_or_expiry": null, "area_ha": null, "tenure_type": null, "source": "GESTIM active titles (MRNF digital data dump). Not legal title.", "as_of": "2026-09-20", "role": "focus", "color": "#e8b040"}}, {"type": "Feature", "geometry": {"type": "Polygon", "coordinates": [[[-79.0416666651901, 47.325000001669274], [-79.04166666881125, 47.333333332859155], [-79.03333333345097, 47.333333329294845], [-79.0333333318035, 47.324999994800265], [-79.0416666651901, 47.325000001669274]]]}, "properties": {"company_id": "mosaic-company", "jurisdiction": "Quebec", "claim_id": "", "claim_name": null, "holder": "Mosaic minerals corp.", "status": "Active", "recorded_date": null, "anniversary_or_expiry": null, "area_ha": null, "tenure_type": null, "source": "GESTIM active titles (MRNF digital data dump). Not legal title.", "as_of": "2026-09-20", "role": "focus", "color": "#e8b040"}}, {"type": "Feature", "geometry": {"type": "Polygon", "coordinates": [[[-79.09166666417627, 47.32499999367787], [-79.08333333682037, 47.324999999650146], [-79.08333333634846, 47.316666665172846], [-79.09166666198425, 47.31666666241226], [-79.09166666417627, 47.32499999367787]]]}, "properties": {"company_id": "mosaic-company", "jurisdiction": "Quebec", "claim_id": "", "claim_name": null, "holder": "Mosaic minerals corp.", "status": "Active", "recorded_date": null, "anniversary_or_expiry": null, "area_ha": null, "tenure_type": null, "source": "GESTIM active titles (MRNF digital data dump). Not legal title.", "as_of": "2026-09-20", "role": "focus", "color": "#e8b040"}}, {"type": "Feature", "geometry": {"type": "Polygon", "coordinates": [[[-79.07500000417386, 47.33333332884154], [-79.06666666863826, 47.333333330732614], [-79.06666667263772, 47.33100819277021], [-79.0666666807781, 47.32773473438042], [-79.06666667272991, 47.32500000060357], [-79.07500000666923, 47.32499999296755], [-79.07500000417386, 47.33333332884154]]]}, "properties": {"company_id": "mosaic-company", "jurisdiction": "Quebec", "claim_id": "", "claim_name": null, "holder": "Mosaic minerals corp.", "status": "Active", "recorded_date": null, "anniversary_or_expiry": null, "area_ha": null, "tenure_type": null, "source": "GESTIM active titles (MRNF digital data dump). Not legal title.", "as_of": "2026-09-20", "role": "focus", "color": "#e8b040"}}, {"type": "Feature", "geometry": {"type": "Polygon", "coordinates": [[[-79.08333333623607, 47.33333333228986], [-79.07500000417386, 47.33333332884154], [-79.07500000666923, 47.32499999296755], [-79.08333333682037, 47.324999999650146], [-79.08333333623607, 47.33333333228986]]]}, "properties": {"company_id": "mosaic-company", "jurisdiction": "Quebec", "claim_id": "", "claim_name": null, "holder": "Mosaic minerals corp.", "status": "Active", "recorded_date": null, "anniversary_or_expiry": null, "area_ha": null, "tenure_type": null, "source": "GESTIM active titles (MRNF digital data dump). Not legal title.", "as_of": "2026-09-20", "role": "focus", "color": "#e8b040"}}, {"type": "Feature", "geometry": {"type": "Polygon", "coordinates": [[[-79.07500000666923, 47.32499999296755], [-79.06666667272991, 47.32500000060357], [-79.0666666625137, 47.316666659438354], [-79.07499999437943, 47.31666666403576], [-79.07500000666923, 47.32499999296755]]]}, "properties": {"company_id": "mosaic-company", "jurisdiction": "Quebec", "claim_id": "", "claim_name": null, "holder": "Mosaic minerals corp.", "status": "Active", "recorded_date": null, "anniversary_or_expiry": null, "area_ha": null, "tenure_type": null, "source": "GESTIM active titles (MRNF digital data dump). Not legal title.", "as_of": "2026-09-20", "role": "focus", "color": "#e8b040"}}, {"type": "Feature", "geometry": {"type": "Polygon", "coordinates": [[[-79.08333333682037, 47.324999999650146], [-79.07500000666923, 47.32499999296755], [-79.07499999437943, 47.31666666403576], [-79.08333333634846, 47.316666665172846], [-79.08333333682037, 47.324999999650146]]]}, "properties": {"company_id": "mosaic-company", "jurisdiction": "Quebec", "claim_id": "", "claim_name": null, "holder": "Mosaic minerals corp.", "status": "Active", "recorded_date": null, "anniversary_or_expiry": null, "area_ha": null, "tenure_type": null, "source": "GESTIM active titles (MRNF digital data dump). Not legal title.", "as_of": "2026-09-20", "role": "focus", "color": "#e8b040"}}, {"type": "Feature", "geometry": {"type": "Polygon", "coordinates": [[[-77.09999999682616, 48.70462859486694], [-77.09999999450558, 48.70833333456401], [-77.09166666822176, 48.70833333322756], [-77.09166666645001, 48.70461439244985], [-77.09408587578602, 48.70461660604849], [-77.09410346174175, 48.704620784704815], [-77.09763944764708, 48.70462391109023], [-77.09765600487029, 48.70462360951636], [-77.09999999682616, 48.70462859486694]]]}, "properties": {"company_id": "mosaic-company", "jurisdiction": "Quebec", "claim_id": "", "claim_name": null, "holder": "Mosaic minerals corp.", "status": "Active", "recorded_date": null, "anniversary_or_expiry": null, "area_ha": null, "tenure_type": null, "source": "GESTIM active titles (MRNF digital data dump). Not legal title.", "as_of": "2026-09-20", "role": "focus", "color": "#e8b040"}}, {"type": "Feature", "geometry": {"type": "Polygon", "coordinates": [[[-77.09166666645001, 48.70461439244985], [-77.09166666822176, 48.70833333322756], [-77.08333333438303, 48.70833334039972], [-77.0833333345675, 48.70460289756794], [-77.08342592413128, 48.70460301560486], [-77.08344545611892, 48.704602662260974], [-77.08697040780207, 48.70460631606277], [-77.08699800787987, 48.7046058159117], [-77.09053248769908, 48.704613686370436], [-77.09055072924723, 48.704613355244746], [-77.09166666645001, 48.70461439244985]]]}, "properties": {"company_id": "mosaic-company", "jurisdiction": "Quebec", "claim_id": "", "claim_name": null, "holder": "Mosaic minerals corp.", "status": "Active", "recorded_date": null, "anniversary_or_expiry": null, "area_ha": null, "tenure_type": null, "source": "GESTIM active titles (MRNF digital data dump). Not legal title.", "as_of": "2026-09-20", "role": "focus", "color": "#e8b040"}}, {"type": "Feature", "geometry": {"type": "Polygon", "coordinates": [[[-77.0833333345675, 48.70460289756794], [-77.08333333438303, 48.70833334039972], [-77.07500000580671, 48.708333337859386], [-77.07500000186654, 48.70460250839114], [-77.07604407530485, 48.70460136713565], [-77.07639104292562, 48.70459961049257], [-77.07951221299784, 48.70459727666558], [-77.0798918738735, 48.70459491913931], [-77.07994129673811, 48.70459852498461], [-77.0833333345675, 48.70460289756794]]]}, "properties": {"company_id": "mosaic-company", "jurisdiction": "Quebec", "claim_id": "", "claim_name": null, "holder": "Mosaic minerals corp.", "status": "Active", "recorded_date": null, "anniversary_or_expiry": null, "area_ha": null, "tenure_type": null, "source": "GESTIM active titles (MRNF digital data dump). Not legal title.", "as_of": "2026-09-20", "role": "focus", "color": "#e8b040"}}, {"type": "Feature", "geometry": {"type": "Polygon", "coordinates": [[[-79.0750000022482, 47.358333334697114], [-79.0666666605273, 47.35833332839994], [-79.06666666914664, 47.349999994735654], [-79.07499999550379, 47.34999999509187], [-79.0750000022482, 47.358333334697114]]]}, "properties": {"company_id": "mosaic-company", "jurisdiction": "Quebec", "claim_id": "", "claim_name": null, "holder": "Mosaic minerals corp.", "status": "Active", "recorded_date": null, "anniversary_or_expiry": null, "area_ha": null, "tenure_type": null, "source": "GESTIM active titles (MRNF digital data dump). Not legal title.", "as_of": "2026-09-20", "role": "focus", "color": "#e8b040"}}, {"type": "Feature", "geometry": {"type": "Polygon", "coordinates": [[[-79.08333333159618, 47.350000001038644], [-79.08333332787782, 47.358333328167895], [-79.0750000022482, 47.358333334697114], [-79.07499999550379, 47.34999999509187], [-79.08333333159618, 47.350000001038644]]]}, "properties": {"company_id": "mosaic-company", "jurisdiction": "Quebec", "claim_id": "", "claim_name": null, "holder": "Mosaic minerals corp.", "status": "Active", "recorded_date": null, "anniversary_or_expiry": null, "area_ha": null, "tenure_type": null, "source": "GESTIM active titles (MRNF digital data dump). Not legal title.", "as_of": "2026-09-20", "role": "focus", "color": "#e8b040"}}, {"type": "Feature", "geometry": {"type": "Polygon", "coordinates": [[[-79.05833333597049, 47.32499999555977], [-79.04999999572071, 47.324999995841736], [-79.05000000160052, 47.31666666636549], [-79.05833332718485, 47.31666666013343], [-79.05833333597049, 47.32499999555977]]]}, "properties": {"company_id": "mosaic-company", "jurisdiction": "Quebec", "claim_id": "", "claim_name": null, "holder": "Mosaic minerals corp.", "status": "Active", "recorded_date": null, "anniversary_or_expiry": null, "area_ha": null, "tenure_type": null, "source": "GESTIM active titles (MRNF digital data dump). Not legal title.", "as_of": "2026-09-20", "role": "focus", "color": "#e8b040"}}, {"type": "Feature", "geometry": {"type": "Polygon", "coordinates": [[[-79.09999999526454, 47.366666659512326], [-79.09999999440157, 47.374999994442064], [-79.09166667037809, 47.374999996679534], [-79.09166666045469, 47.36666666727262], [-79.09999999526454, 47.366666659512326]]]}, "properties": {"company_id": "mosaic-company", "jurisdiction": "Quebec", "claim_id": "", "claim_name": null, "holder": "Mosaic minerals corp.", "status": "Active", "recorded_date": null, "anniversary_or_expiry": null, "area_ha": null, "tenure_type": null, "source": "GESTIM active titles (MRNF digital data dump). Not legal title.", "as_of": "2026-09-20", "role": "focus", "color": "#e8b040"}}, {"type": "Feature", "geometry": {"type": "Polygon", "coordinates": [[[-79.09166666324546, 47.358333327248424], [-79.09166666045469, 47.36666666727262], [-79.08333333603748, 47.366666662675534], [-79.08333332787782, 47.358333328167895], [-79.09166666324546, 47.358333327248424]]]}, "properties": {"company_id": "mosaic-company", "jurisdiction": "Quebec", "claim_id": "", "claim_name": null, "holder": "Mosaic minerals corp.", "status": "Active", "recorded_date": null, "anniversary_or_expiry": null, "area_ha": null, "tenure_type": null, "source": "GESTIM active titles (MRNF digital data dump). Not legal title.", "as_of": "2026-09-20", "role": "focus", "color": "#e8b040"}}, {"type": "Feature", "geometry": {"type": "Polygon", "coordinates": [[[-79.10833333421893, 47.349999997403614], [-79.10833333711447, 47.35833333282173], [-79.09999999513317, 47.358333331722555], [-79.09999999464758, 47.349999993085945], [-79.10833333421893, 47.349999997403614]]]}, "properties": {"company_id": "mosaic-company", "jurisdiction": "Quebec", "claim_id": "", "claim_name": null, "holder": "Mosaic minerals corp.", "status": "Active", "recorded_date": null, "anniversary_or_expiry": null, "area_ha": null, "tenure_type": null, "source": "GESTIM active titles (MRNF digital data dump). Not legal title.", "as_of": "2026-09-20", "role": "focus", "color": "#e8b040"}}, {"type": "Feature", "geometry": {"type": "Polygon", "coordinates": [[[-79.05833332994236, 47.33333332895081], [-79.05833333556077, 47.34166666075525], [-79.05000000446339, 47.341666667824036], [-79.05000000097088, 47.333333332733844], [-79.05833332994236, 47.33333332895081]]]}, "properties": {"company_id": "mosaic-company", "jurisdiction": "Quebec", "claim_id": "", "claim_name": null, "holder": "Mosaic minerals corp.", "status": "Active", "recorded_date": null, "anniversary_or_expiry": null, "area_ha": null, "tenure_type": null, "source": "GESTIM active titles (MRNF digital data dump). Not legal title.", "as_of": "2026-09-20", "role": "focus", "color": "#e8b040"}}, {"type": "Feature", "geometry": {"type": "Polygon", "coordinates": [[[-79.06666666375564, 47.36666666046885], [-79.06666666527592, 47.3749999997126], [-79.05833332812011, 47.37499999662686], [-79.05833332909683, 47.36666666306914], [-79.06666666375564, 47.36666666046885]]]}, "properties": {"company_id": "mosaic-company", "jurisdiction": "Quebec", "claim_id": "", "claim_name": null, "holder": "Mosaic minerals corp.", "status": "Active", "recorded_date": null, "anniversary_or_expiry": null, "area_ha": null, "tenure_type": null, "source": "GESTIM active titles (MRNF digital data dump). Not legal title.", "as_of": "2026-09-20", "role": "focus", "color": "#e8b040"}}, {"type": "Feature", "geometry": {"type": "Polygon", "coordinates": [[[-79.09166666324546, 47.358333327248424], [-79.08333332787782, 47.358333328167895], [-79.08333333159618, 47.350000001038644], [-79.09166666485658, 47.349999994372496], [-79.09166666324546, 47.358333327248424]]]}, "properties": {"company_id": "mosaic-company", "jurisdiction": "Quebec", "claim_id": "", "claim_name": null, "holder": "Mosaic minerals corp.", "status": "Active", "recorded_date": null, "anniversary_or_expiry": null, "area_ha": null, "tenure_type": null, "source": "GESTIM active titles (MRNF digital data dump). Not legal title.", "as_of": "2026-09-20", "role": "focus", "color": "#e8b040"}}, {"type": "Feature", "geometry": {"type": "Polygon", "coordinates": [[[-79.12500000145018, 47.33333333176535], [-79.12499999620206, 47.34166666433209], [-79.11666666505508, 47.341666664033056], [-79.11666667233098, 47.33333332829398], [-79.12500000145018, 47.33333333176535]]]}, "properties": {"company_id": "mosaic-company", "jurisdiction": "Quebec", "claim_id": "", "claim_name": null, "holder": "Mosaic minerals corp.", "status": "Active", "recorded_date": null, "anniversary_or_expiry": null, "area_ha": null, "tenure_type": null, "source": "GESTIM active titles (MRNF digital data dump). Not legal title.", "as_of": "2026-09-20", "role": "focus", "color": "#e8b040"}}, {"type": "Feature", "geometry": {"type": "Polygon", "coordinates": [[[-79.11666667233098, 47.33333332829398], [-79.11666666505508, 47.341666664033056], [-79.10833333081813, 47.3416666601228], [-79.10833333981361, 47.33333333019076], [-79.11666667233098, 47.33333332829398]]]}, "properties": {"company_id": "mosaic-company", "jurisdiction": "Quebec", "claim_id": "", "claim_name": null, "holder": "Mosaic minerals corp.", "status": "Active", "recorded_date": null, "anniversary_or_expiry": null, "area_ha": null, "tenure_type": null, "source": "GESTIM active titles (MRNF digital data dump). Not legal title.", "as_of": "2026-09-20", "role": "focus", "color": "#e8b040"}}, {"type": "Feature", "geometry": {"type": "Polygon", "coordinates": [[[-79.12499999620206, 47.34166666433209], [-79.12500000402747, 47.349999995235024], [-79.1166666706747, 47.34999999811796], [-79.11666666505508, 47.341666664033056], [-79.12499999620206, 47.34166666433209]]]}, "properties": {"company_id": "mosaic-company", "jurisdiction": "Quebec", "claim_id": "", "claim_name": null, "holder": "Mosaic minerals corp.", "status": "Active", "recorded_date": null, "anniversary_or_expiry": null, "area_ha": null, "tenure_type": null, "source": "GESTIM active titles (MRNF digital data dump). Not legal title.", "as_of": "2026-09-20", "role": "focus", "color": "#e8b040"}}, {"type": "Feature", "geometry": {"type": "Polygon", "coordinates": [[[-79.10000000420408, 47.33333332845629], [-79.10000000638674, 47.34166666180798], [-79.09166666560665, 47.3416666596513], [-79.09166666516573, 47.33333333207776], [-79.10000000420408, 47.33333332845629]]]}, "properties": {"company_id": "mosaic-company", "jurisdiction": "Quebec", "claim_id": "", "claim_name": null, "holder": "Mosaic minerals corp.", "status": "Active", "recorded_date": null, "anniversary_or_expiry": null, "area_ha": null, "tenure_type": null, "source": "GESTIM active titles (MRNF digital data dump). Not legal title.", "as_of": "2026-09-20", "role": "focus", "color": "#e8b040"}}, {"type": "Feature", "geometry": {"type": "Polygon", "coordinates": [[[-79.09166666560665, 47.3416666596513], [-79.09166666485658, 47.349999994372496], [-79.08333333159618, 47.350000001038644], [-79.08333333460129, 47.34166666307967], [-79.09166666560665, 47.3416666596513]]]}, "properties": {"company_id": "mosaic-company", "jurisdiction": "Quebec", "claim_id": "", "claim_name": null, "holder": "Mosaic minerals corp.", "status": "Active", "recorded_date": null, "anniversary_or_expiry": null, "area_ha": null, "tenure_type": null, "source": "GESTIM active titles (MRNF digital data dump). Not legal title.", "as_of": "2026-09-20", "role": "focus", "color": "#e8b040"}}, {"type": "Feature", "geometry": {"type": "Polygon", "coordinates": [[[-79.06666666281211, 47.34166666802226], [-79.06666666914664, 47.349999994735654], [-79.05833333927512, 47.349999999742344], [-79.05833333556077, 47.34166666075525], [-79.06666666281211, 47.34166666802226]]]}, "properties": {"company_id": "mosaic-company", "jurisdiction": "Quebec", "claim_id": "", "claim_name": null, "holder": "Mosaic minerals corp.", "status": "Active", "recorded_date": null, "anniversary_or_expiry": null, "area_ha": null, "tenure_type": null, "source": "GESTIM active titles (MRNF digital data dump). Not legal title.", "as_of": "2026-09-20", "role": "focus", "color": "#e8b040"}}, {"type": "Feature", "geometry": {"type": "Polygon", "coordinates": [[[-79.08333333603748, 47.366666662675534], [-79.0833333299349, 47.374999995125975], [-79.07499999920994, 47.374999999210246], [-79.07499999487595, 47.36666666325946], [-79.08333333603748, 47.366666662675534]]]}, "properties": {"company_id": "mosaic-company", "jurisdiction": "Quebec", "claim_id": "", "claim_name": null, "holder": "Mosaic minerals corp.", "status": "Active", "recorded_date": null, "anniversary_or_expiry": null, "area_ha": null, "tenure_type": null, "source": "GESTIM active titles (MRNF digital data dump). Not legal title.", "as_of": "2026-09-20", "role": "focus", "color": "#e8b040"}}, {"type": "Feature", "geometry": {"type": "Polygon", "coordinates": [[[-79.04166666992013, 47.349999998840296], [-79.04166666741878, 47.35833333364499], [-79.03333333863574, 47.35833333128234], [-79.03333333041151, 47.34999999291914], [-79.04166666992013, 47.349999998840296]]]}, "properties": {"company_id": "mosaic-company", "jurisdiction": "Quebec", "claim_id": "", "claim_name": null, "holder": "Mosaic minerals corp.", "status": "Active", "recorded_date": null, "anniversary_or_expiry": null, "area_ha": null, "tenure_type": null, "source": "GESTIM active titles (MRNF digital data dump). Not legal title.", "as_of": "2026-09-20", "role": "focus", "color": "#e8b040"}}, {"type": "Feature", "geometry": {"type": "Polygon", "coordinates": [[[-79.10833333081813, 47.3416666601228], [-79.10833333421893, 47.349999997403614], [-79.09999999464758, 47.349999993085945], [-79.10000000638674, 47.34166666180798], [-79.10833333081813, 47.3416666601228]]]}, "properties": {"company_id": "mosaic-company", "jurisdiction": "Quebec", "claim_id": "", "claim_name": null, "holder": "Mosaic minerals corp.", "status": "Active", "recorded_date": null, "anniversary_or_expiry": null, "area_ha": null, "tenure_type": null, "source": "GESTIM active titles (MRNF digital data dump). Not legal title.", "as_of": "2026-09-20", "role": "focus", "color": "#e8b040"}}, {"type": "Feature", "geometry": {"type": "Polygon", "coordinates": [[[-79.05833333556077, 47.34166666075525], [-79.05833333927512, 47.349999999742344], [-79.0500000062038, 47.350000001112626], [-79.05000000446339, 47.341666667824036], [-79.05833333556077, 47.34166666075525]]]}, "properties": {"company_id": "mosaic-company", "jurisdiction": "Quebec", "claim_id": "", "claim_name": null, "holder": "Mosaic minerals corp.", "status": "Active", "recorded_date": null, "anniversary_or_expiry": null, "area_ha": null, "tenure_type": null, "source": "GESTIM active titles (MRNF digital data dump). Not legal title.", "as_of": "2026-09-20", "role": "focus", "color": "#e8b040"}}, {"type": "Feature", "geometry": {"type": "Polygon", "coordinates": [[[-79.0666666605273, 47.35833332839994], [-79.06666666375564, 47.36666666046885], [-79.05833332909683, 47.36666666306914], [-79.05833332851618, 47.35833332770201], [-79.0666666605273, 47.35833332839994]]]}, "properties": {"company_id": "mosaic-company", "jurisdiction": "Quebec", "claim_id": "", "claim_name": null, "holder": "Mosaic minerals corp.", "status": "Active", "recorded_date": null, "anniversary_or_expiry": null, "area_ha": null, "tenure_type": null, "source": "GESTIM active titles (MRNF digital data dump). Not legal title.", "as_of": "2026-09-20", "role": "focus", "color": "#e8b040"}}, {"type": "Feature", "geometry": {"type": "Polygon", "coordinates": [[[-79.06666666914664, 47.349999994735654], [-79.0666666605273, 47.35833332839994], [-79.05833332851618, 47.35833332770201], [-79.05833333927512, 47.349999999742344], [-79.06666666914664, 47.349999994735654]]]}, "properties": {"company_id": "mosaic-company", "jurisdiction": "Quebec", "claim_id": "", "claim_name": null, "holder": "Mosaic minerals corp.", "status": "Active", "recorded_date": null, "anniversary_or_expiry": null, "area_ha": null, "tenure_type": null, "source": "GESTIM active titles (MRNF digital data dump). Not legal title.", "as_of": "2026-09-20", "role": "focus", "color": "#e8b040"}}, {"type": "Feature", "geometry": {"type": "Polygon", "coordinates": [[[-79.09999999513317, 47.358333331722555], [-79.09166666324546, 47.358333327248424], [-79.09166666485658, 47.349999994372496], [-79.09999999464758, 47.349999993085945], [-79.09999999513317, 47.358333331722555]]]}, "properties": {"company_id": "mosaic-company", "jurisdiction": "Quebec", "claim_id": "", "claim_name": null, "holder": "Mosaic minerals corp.", "status": "Active", "recorded_date": null, "anniversary_or_expiry": null, "area_ha": null, "tenure_type": null, "source": "GESTIM active titles (MRNF digital data dump). Not legal title.", "as_of": "2026-09-20", "role": "focus", "color": "#e8b040"}}, {"type": "Feature", "geometry": {"type": "Polygon", "coordinates": [[[-79.08333333623607, 47.33333333227708], [-79.08333333460129, 47.34166666307967], [-79.0750000004501, 47.341666662874346], [-79.07500000417384, 47.333333328828736], [-79.08333333623607, 47.33333333227708]]]}, "properties": {"company_id": "mosaic-company", "jurisdiction": "Quebec", "claim_id": "", "claim_name": null, "holder": "Mosaic minerals corp.", "status": "Active", "recorded_date": null, "anniversary_or_expiry": null, "area_ha": null, "tenure_type": null, "source": "GESTIM active titles (MRNF digital data dump). Not legal title.", "as_of": "2026-09-20", "role": "focus", "color": "#e8b040"}}, {"type": "Feature", "geometry": {"type": "Polygon", "coordinates": [[[-79.05000000446339, 47.341666667824036], [-79.0500000062038, 47.350000001112626], [-79.04166666992013, 47.349999998840296], [-79.041666670497, 47.3416666622432], [-79.05000000446339, 47.341666667824036]]]}, "properties": {"company_id": "mosaic-company", "jurisdiction": "Quebec", "claim_id": "", "claim_name": null, "holder": "Mosaic minerals corp.", "status": "Active", "recorded_date": null, "anniversary_or_expiry": null, "area_ha": null, "tenure_type": null, "source": "GESTIM active titles (MRNF digital data dump). Not legal title.", "as_of": "2026-09-20", "role": "focus", "color": "#e8b040"}}, {"type": "Feature", "geometry": {"type": "Polygon", "coordinates": [[[-79.04999999572071, 47.324999995841736], [-79.05000000097088, 47.333333332733844], [-79.04166666881123, 47.33333333284634], [-79.04166666519009, 47.32500000165645], [-79.04999999572071, 47.324999995841736]]]}, "properties": {"company_id": "mosaic-company", "jurisdiction": "Quebec", "claim_id": "", "claim_name": null, "holder": "Mosaic minerals corp.", "status": "Active", "recorded_date": null, "anniversary_or_expiry": null, "area_ha": null, "tenure_type": null, "source": "GESTIM active titles (MRNF digital data dump). Not legal title.", "as_of": "2026-09-20", "role": "focus", "color": "#e8b040"}}, {"type": "Feature", "geometry": {"type": "Polygon", "coordinates": [[[-79.04166666881125, 47.333333332859155], [-79.041666670497, 47.3416666622432], [-79.03333333298511, 47.34166666199251], [-79.03333333345093, 47.33333332928206], [-79.04166666881125, 47.333333332859155]]]}, "properties": {"company_id": "mosaic-company", "jurisdiction": "Quebec", "claim_id": "", "claim_name": null, "holder": "Mosaic minerals corp.", "status": "Active", "recorded_date": null, "anniversary_or_expiry": null, "area_ha": null, "tenure_type": null, "source": "GESTIM active titles (MRNF digital data dump). Not legal title.", "as_of": "2026-09-20", "role": "focus", "color": "#e8b040"}}, {"type": "Feature", "geometry": {"type": "Polygon", "coordinates": [[[-79.07499999487595, 47.36666666325946], [-79.07499999920994, 47.374999999210246], [-79.06666666527592, 47.3749999997126], [-79.06666666375564, 47.36666666046885], [-79.07499999487595, 47.36666666325946]]]}, "properties": {"company_id": "mosaic-company", "jurisdiction": "Quebec", "claim_id": "", "claim_name": null, "holder": "Mosaic minerals corp.", "status": "Active", "recorded_date": null, "anniversary_or_expiry": null, "area_ha": null, "tenure_type": null, "source": "GESTIM active titles (MRNF digital data dump). Not legal title.", "as_of": "2026-09-20", "role": "focus", "color": "#e8b040"}}, {"type": "Feature", "geometry": {"type": "Polygon", "coordinates": [[[-79.11666666505508, 47.341666664033056], [-79.1166666706747, 47.34999999811796], [-79.10833333421893, 47.349999997403614], [-79.10833333081813, 47.3416666601228], [-79.11666666505508, 47.341666664033056]]]}, "properties": {"company_id": "mosaic-company", "jurisdiction": "Quebec", "claim_id": "", "claim_name": null, "holder": "Mosaic minerals corp.", "status": "Active", "recorded_date": null, "anniversary_or_expiry": null, "area_ha": null, "tenure_type": null, "source": "GESTIM active titles (MRNF digital data dump). Not legal title.", "as_of": "2026-09-20", "role": "focus", "color": "#e8b040"}}, {"type": "Feature", "geometry": {"type": "Polygon", "coordinates": [[[-79.09166666045469, 47.36666666727262], [-79.09166667037809, 47.374999996679534], [-79.0833333299349, 47.374999995125975], [-79.08333333603748, 47.366666662675534], [-79.09166666045469, 47.36666666727262]]]}, "properties": {"company_id": "mosaic-company", "jurisdiction": "Quebec", "claim_id": "", "claim_name": null, "holder": "Mosaic minerals corp.", "status": "Active", "recorded_date": null, "anniversary_or_expiry": null, "area_ha": null, "tenure_type": null, "source": "GESTIM active titles (MRNF digital data dump). Not legal title.", "as_of": "2026-09-20", "role": "focus", "color": "#e8b040"}}, {"type": "Feature", "geometry": {"type": "Polygon", "coordinates": [[[-79.06666666863825, 47.33333333071979], [-79.06666666281211, 47.34166666802226], [-79.05833333556077, 47.34166666075525], [-79.05833332994236, 47.33333332895081], [-79.06666666863825, 47.33333333071979]]]}, "properties": {"company_id": "mosaic-company", "jurisdiction": "Quebec", "claim_id": "", "claim_name": null, "holder": "Mosaic minerals corp.", "status": "Active", "recorded_date": null, "anniversary_or_expiry": null, "area_ha": null, "tenure_type": null, "source": "GESTIM active titles (MRNF digital data dump). Not legal title.", "as_of": "2026-09-20", "role": "focus", "color": "#e8b040"}}, {"type": "Feature", "geometry": {"type": "Polygon", "coordinates": [[[-79.0666666727299, 47.325000000590755], [-79.06666666863825, 47.33333333071979], [-79.05833332994236, 47.33333332895081], [-79.05833333597049, 47.32499999555977], [-79.0666666727299, 47.325000000590755]]]}, "properties": {"company_id": "mosaic-company", "jurisdiction": "Quebec", "claim_id": "", "claim_name": null, "holder": "Mosaic minerals corp.", "status": "Active", "recorded_date": null, "anniversary_or_expiry": null, "area_ha": null, "tenure_type": null, "source": "GESTIM active titles (MRNF digital data dump). Not legal title.", "as_of": "2026-09-20", "role": "focus", "color": "#e8b040"}}, {"type": "Feature", "geometry": {"type": "Polygon", "coordinates": [[[-79.10833333981361, 47.33333333019076], [-79.10833333081813, 47.3416666601228], [-79.10000000638674, 47.34166666180798], [-79.10000000420408, 47.33333332845629], [-79.10833333981361, 47.33333333019076]]]}, "properties": {"company_id": "mosaic-company", "jurisdiction": "Quebec", "claim_id": "", "claim_name": null, "holder": "Mosaic minerals corp.", "status": "Active", "recorded_date": null, "anniversary_or_expiry": null, "area_ha": null, "tenure_type": null, "source": "GESTIM active titles (MRNF digital data dump). Not legal title.", "as_of": "2026-09-20", "role": "focus", "color": "#e8b040"}}, {"type": "Feature", "geometry": {"type": "Polygon", "coordinates": [[[-79.10833333951075, 47.366666666377554], [-79.10833332817454, 47.374999997852846], [-79.09999999440157, 47.374999994442064], [-79.09999999526454, 47.366666659512326], [-79.10833333951075, 47.366666666377554]]]}, "properties": {"company_id": "mosaic-company", "jurisdiction": "Quebec", "claim_id": "", "claim_name": null, "holder": "Mosaic minerals corp.", "status": "Active", "recorded_date": null, "anniversary_or_expiry": null, "area_ha": null, "tenure_type": null, "source": "GESTIM active titles (MRNF digital data dump). Not legal title.", "as_of": "2026-09-20", "role": "focus", "color": "#e8b040"}}, {"type": "Feature", "geometry": {"type": "Polygon", "coordinates": [[[-79.041666670497, 47.3416666622432], [-79.04166666992013, 47.349999998840296], [-79.03333333041151, 47.34999999291914], [-79.03333333298511, 47.34166666199251], [-79.041666670497, 47.3416666622432]]]}, "properties": {"company_id": "mosaic-company", "jurisdiction": "Quebec", "claim_id": "", "claim_name": null, "holder": "Mosaic minerals corp.", "status": "Active", "recorded_date": null, "anniversary_or_expiry": null, "area_ha": null, "tenure_type": null, "source": "GESTIM active titles (MRNF digital data dump). Not legal title.", "as_of": "2026-09-20", "role": "focus", "color": "#e8b040"}}, {"type": "Feature", "geometry": {"type": "Polygon", "coordinates": [[[-79.05000000160052, 47.31666666636549], [-79.04999999572071, 47.324999995841736], [-79.04166666519009, 47.32500000165645], [-79.0416666731846, 47.31666665990618], [-79.05000000160052, 47.31666666636549]]]}, "properties": {"company_id": "mosaic-company", "jurisdiction": "Quebec", "claim_id": "", "claim_name": null, "holder": "Mosaic minerals corp.", "status": "Active", "recorded_date": null, "anniversary_or_expiry": null, "area_ha": null, "tenure_type": null, "source": "GESTIM active titles (MRNF digital data dump). Not legal title.", "as_of": "2026-09-20", "role": "focus", "color": "#e8b040"}}, {"type": "Feature", "geometry": {"type": "Polygon", "coordinates": [[[-79.08333333460129, 47.34166666307967], [-79.08333333159618, 47.350000001038644], [-79.07499999550379, 47.34999999509187], [-79.0750000004501, 47.341666662874346], [-79.08333333460129, 47.34166666307967]]]}, "properties": {"company_id": "mosaic-company", "jurisdiction": "Quebec", "claim_id": "", "claim_name": null, "holder": "Mosaic minerals corp.", "status": "Active", "recorded_date": null, "anniversary_or_expiry": null, "area_ha": null, "tenure_type": null, "source": "GESTIM active titles (MRNF digital data dump). Not legal title.", "as_of": "2026-09-20", "role": "focus", "color": "#e8b040"}}, {"type": "Feature", "geometry": {"type": "Polygon", "coordinates": [[[-79.13362548847265, 47.33333334265266], [-79.13359080444202, 47.33337954594594], [-79.1336037851743, 47.3334337491197], [-79.13369645701447, 47.33348025175574], [-79.13376235400352, 47.33353531683011], [-79.1337612856991, 47.33358929115225], [-79.13386678053747, 47.333694493540776], [-79.13402451721478, 47.333796047327496], [-79.13403745025728, 47.33392223862967], [-79.13400961455977, 47.33410175769938], [-79.13395644993443, 47.33415488357379], [-79.13387675786554, 47.33416258427638], [-79.13385211181591, 47.333946215990174], [-79.1338257431229, 47.33389629410477], [-79.1337598456288, 47.333841229063], [-79.13358818422147, 47.33382943428697], [-79.13346832976958, 47.333849978401304], [-79.1334019357479, 47.33390288850577], [-79.1333487215615, 47.334028002253376], [-79.13337398026783, 47.33410940133487], [-79.13351785240846, 47.3344401947355], [-79.13372737741598, 47.33466857320807], [-79.13392523168754, 47.33482927157023], [-79.13405627840592, 47.33498438230673], [-79.13406862612062, 47.33505657233955], [-79.13409502352326, 47.33512899117089], [-79.13408086419595, 47.335272738472845], [-79.13410419018247, 47.335714050599734], [-79.13414222596178, 47.3359261375058], [-79.13414067001666, 47.33620506928758], [-79.1340335442168, 47.33633380467671], [-79.13367417673628, 47.336647402505356], [-79.1335146050792, 47.336761785197126], [-79.13344840675451, 47.336832695732994], [-79.13335539062106, 47.33688967140925], [-79.1333333318039, 47.336916933420525], [-79.13333332750494, 47.33333333161762], [-79.13362548847265, 47.33333334265266]]]}, "properties": {"company_id": "mosaic-company", "jurisdiction": "Quebec", "claim_id": "", "claim_name": null, "holder": "Mosaic minerals corp.", "status": "Active", "recorded_date": null, "anniversary_or_expiry": null, "area_ha": null, "tenure_type": null, "source": "GESTIM active titles (MRNF digital data dump). Not legal title.", "as_of": "2026-09-20", "role": "focus", "color": "#e8b040"}}, {"type": "Feature", "geometry": {"type": "Polygon", "coordinates": [[[-79.06666666251368, 47.316666659425486], [-79.0666666727299, 47.325000000590755], [-79.05833333597049, 47.32499999555977], [-79.05833332718485, 47.31666666013343], [-79.06666666251368, 47.316666659425486]]]}, "properties": {"company_id": "mosaic-company", "jurisdiction": "Quebec", "claim_id": "", "claim_name": null, "holder": "Mosaic minerals corp.", "status": "Active", "recorded_date": null, "anniversary_or_expiry": null, "area_ha": null, "tenure_type": null, "source": "GESTIM active titles (MRNF digital data dump). Not legal title.", "as_of": "2026-09-20", "role": "focus", "color": "#e8b040"}}, {"type": "Feature", "geometry": {"type": "Polygon", "coordinates": [[[-79.09999999513317, 47.358333331722555], [-79.09999999526454, 47.366666659512326], [-79.09166666045469, 47.36666666727262], [-79.09166666324546, 47.358333327248424], [-79.09999999513317, 47.358333331722555]]]}, "properties": {"company_id": "mosaic-company", "jurisdiction": "Quebec", "claim_id": "", "claim_name": null, "holder": "Mosaic minerals corp.", "status": "Active", "recorded_date": null, "anniversary_or_expiry": null, "area_ha": null, "tenure_type": null, "source": "GESTIM active titles (MRNF digital data dump). Not legal title.", "as_of": "2026-09-20", "role": "focus", "color": "#e8b040"}}, {"type": "Feature", "geometry": {"type": "Polygon", "coordinates": [[[-79.0750000004501, 47.341666662874346], [-79.07499999550379, 47.34999999509187], [-79.06666666914664, 47.349999994735654], [-79.06666666281211, 47.34166666802226], [-79.0750000004501, 47.341666662874346]]]}, "properties": {"company_id": "mosaic-company", "jurisdiction": "Quebec", "claim_id": "", "claim_name": null, "holder": "Mosaic minerals corp.", "status": "Active", "recorded_date": null, "anniversary_or_expiry": null, "area_ha": null, "tenure_type": null, "source": "GESTIM active titles (MRNF digital data dump). Not legal title.", "as_of": "2026-09-20", "role": "focus", "color": "#e8b040"}}, {"type": "Feature", "geometry": {"type": "Polygon", "coordinates": [[[-79.09166666516573, 47.33333333207776], [-79.09166666560665, 47.3416666596513], [-79.08333333460129, 47.34166666307967], [-79.08333333623607, 47.33333333227708], [-79.09166666516573, 47.33333333207776]]]}, "properties": {"company_id": "mosaic-company", "jurisdiction": "Quebec", "claim_id": "", "claim_name": null, "holder": "Mosaic minerals corp.", "status": "Active", "recorded_date": null, "anniversary_or_expiry": null, "area_ha": null, "tenure_type": null, "source": "GESTIM active titles (MRNF digital data dump). Not legal title.", "as_of": "2026-09-20", "role": "focus", "color": "#e8b040"}}, {"type": "Feature", "geometry": {"type": "Polygon", "coordinates": [[[-79.12500000402747, 47.349999995235024], [-79.12499999620206, 47.34166666433209], [-79.1333333375027, 47.34166666124142], [-79.13333333397263, 47.34999999775424], [-79.12500000402747, 47.349999995235024]]]}, "properties": {"company_id": "mosaic-company", "jurisdiction": "Quebec", "claim_id": "", "claim_name": null, "holder": "Mosaic minerals corp.", "status": "Active", "recorded_date": null, "anniversary_or_expiry": null, "area_ha": null, "tenure_type": null, "source": "GESTIM active titles (MRNF digital data dump). Not legal title.", "as_of": "2026-09-20", "role": "focus", "color": "#e8b040"}}, {"type": "Feature", "geometry": {"type": "Polygon", "coordinates": [[[-79.10000000638674, 47.34166666180798], [-79.09999999464758, 47.349999993085945], [-79.09166666485658, 47.349999994372496], [-79.09166666560665, 47.3416666596513], [-79.10000000638674, 47.34166666180798]]]}, "properties": {"company_id": "mosaic-company", "jurisdiction": "Quebec", "claim_id": "", "claim_name": null, "holder": "Mosaic minerals corp.", "status": "Active", "recorded_date": null, "anniversary_or_expiry": null, "area_ha": null, "tenure_type": null, "source": "GESTIM active titles (MRNF digital data dump). Not legal title.", "as_of": "2026-09-20", "role": "focus", "color": "#e8b040"}}, {"type": "Feature", "geometry": {"type": "Polygon", "coordinates": [[[-79.05000000097088, 47.333333332733844], [-79.05000000446339, 47.341666667824036], [-79.041666670497, 47.3416666622432], [-79.04166666881123, 47.33333333284634], [-79.05000000097088, 47.333333332733844]]]}, "properties": {"company_id": "mosaic-company", "jurisdiction": "Quebec", "claim_id": "", "claim_name": null, "holder": "Mosaic minerals corp.", "status": "Active", "recorded_date": null, "anniversary_or_expiry": null, "area_ha": null, "tenure_type": null, "source": "GESTIM active titles (MRNF digital data dump). Not legal title.", "as_of": "2026-09-20", "role": "focus", "color": "#e8b040"}}, {"type": "Feature", "geometry": {"type": "Polygon", "coordinates": [[[-79.10833333711447, 47.35833333282173], [-79.10833333951075, 47.366666666377554], [-79.09999999526454, 47.366666659512326], [-79.09999999513317, 47.358333331722555], [-79.10833333711447, 47.35833333282173]]]}, "properties": {"company_id": "mosaic-company", "jurisdiction": "Quebec", "claim_id": "", "claim_name": null, "holder": "Mosaic minerals corp.", "status": "Active", "recorded_date": null, "anniversary_or_expiry": null, "area_ha": null, "tenure_type": null, "source": "GESTIM active titles (MRNF digital data dump). Not legal title.", "as_of": "2026-09-20", "role": "focus", "color": "#e8b040"}}, {"type": "Feature", "geometry": {"type": "Polygon", "coordinates": [[[-79.0750000022482, 47.358333334697114], [-79.07499999487595, 47.36666666325946], [-79.06666666375564, 47.36666666046885], [-79.0666666605273, 47.35833332839994], [-79.0750000022482, 47.358333334697114]]]}, "properties": {"company_id": "mosaic-company", "jurisdiction": "Quebec", "claim_id": "", "claim_name": null, "holder": "Mosaic minerals corp.", "status": "Active", "recorded_date": null, "anniversary_or_expiry": null, "area_ha": null, "tenure_type": null, "source": "GESTIM active titles (MRNF digital data dump). Not legal title.", "as_of": "2026-09-20", "role": "focus", "color": "#e8b040"}}, {"type": "Feature", "geometry": {"type": "Polygon", "coordinates": [[[-79.05833332994236, 47.33333332895081], [-79.05000000097088, 47.333333332733844], [-79.04999999572071, 47.324999995841736], [-79.05833333597049, 47.32499999555977], [-79.05833332994236, 47.33333332895081]]]}, "properties": {"company_id": "mosaic-company", "jurisdiction": "Quebec", "claim_id": "", "claim_name": null, "holder": "Mosaic minerals corp.", "status": "Active", "recorded_date": null, "anniversary_or_expiry": null, "area_ha": null, "tenure_type": null, "source": "GESTIM active titles (MRNF digital data dump). Not legal title.", "as_of": "2026-09-20", "role": "focus", "color": "#e8b040"}}, {"type": "Feature", "geometry": {"type": "Polygon", "coordinates": [[[-79.08333332787782, 47.358333328167895], [-79.08333333603748, 47.366666662675534], [-79.07499999487595, 47.36666666325946], [-79.0750000022482, 47.358333334697114], [-79.08333332787782, 47.358333328167895]]]}, "properties": {"company_id": "mosaic-company", "jurisdiction": "Quebec", "claim_id": "", "claim_name": null, "holder": "Mosaic minerals corp.", "status": "Active", "recorded_date": null, "anniversary_or_expiry": null, "area_ha": null, "tenure_type": null, "source": "GESTIM active titles (MRNF digital data dump). Not legal title.", "as_of": "2026-09-20", "role": "focus", "color": "#e8b040"}}, {"type": "Feature", "geometry": {"type": "Polygon", "coordinates": [[[-79.1000000063631, 47.308333326484764], [-79.09999999704885, 47.316666670467185], [-79.09166666160083, 47.31666666768434], [-79.09166667050576, 47.30833332950744], [-79.1000000063631, 47.308333326484764]]]}, "properties": {"company_id": "mosaic-company", "jurisdiction": "Quebec", "claim_id": "", "claim_name": null, "holder": "Mosaic minerals corp.", "status": "Active", "recorded_date": null, "anniversary_or_expiry": null, "area_ha": null, "tenure_type": null, "source": "GESTIM active titles (MRNF digital data dump). Not legal title.", "as_of": "2026-09-20", "role": "focus", "color": "#e8b040"}}, {"type": "Feature", "geometry": {"type": "Polygon", "coordinates": [[[-79.09166667050576, 47.30833332950744], [-79.09166666160083, 47.31666666768434], [-79.08333333595819, 47.31666667044471], [-79.08333333481444, 47.30833332884479], [-79.09166667050576, 47.30833332950744]]]}, "properties": {"company_id": "mosaic-company", "jurisdiction": "Quebec", "claim_id": "", "claim_name": null, "holder": "Mosaic minerals corp.", "status": "Active", "recorded_date": null, "anniversary_or_expiry": null, "area_ha": null, "tenure_type": null, "source": "GESTIM active titles (MRNF digital data dump). Not legal title.", "as_of": "2026-09-20", "role": "focus", "color": "#e8b040"}}, {"type": "Feature", "geometry": {"type": "Polygon", "coordinates": [[[-79.08333333481444, 47.30833332884481], [-79.08333333595819, 47.31666667044471], [-79.07499999437943, 47.31666666403576], [-79.07499999407645, 47.30833333348426], [-79.08333333481444, 47.30833332884481]]]}, "properties": {"company_id": "mosaic-company", "jurisdiction": "Quebec", "claim_id": "", "claim_name": null, "holder": "Mosaic minerals corp.", "status": "Active", "recorded_date": null, "anniversary_or_expiry": null, "area_ha": null, "tenure_type": null, "source": "GESTIM active titles (MRNF digital data dump). Not legal title.", "as_of": "2026-09-20", "role": "focus", "color": "#e8b040"}}, {"type": "Feature", "geometry": {"type": "Polygon", "coordinates": [[[-79.05833332851618, 47.35833332770201], [-79.05000000619775, 47.35833333259996], [-79.0500000062038, 47.350000001112626], [-79.05833333927512, 47.349999999742344], [-79.05833332851618, 47.35833332770201]]]}, "properties": {"company_id": "mosaic-company", "jurisdiction": "Quebec", "claim_id": "", "claim_name": null, "holder": "Mosaic minerals corp.", "status": "Active", "recorded_date": null, "anniversary_or_expiry": null, "area_ha": null, "tenure_type": null, "source": "GESTIM active titles (MRNF digital data dump). Not legal title.", "as_of": "2026-09-20", "role": "focus", "color": "#e8b040"}}, {"type": "Feature", "geometry": {"type": "Polygon", "coordinates": [[[-79.05000000619775, 47.35833333259996], [-79.04166666741878, 47.35833333364499], [-79.04166666992013, 47.34999999884028], [-79.0500000062038, 47.350000001112626], [-79.05000000619775, 47.35833333259996]]]}, "properties": {"company_id": "mosaic-company", "jurisdiction": "Quebec", "claim_id": "", "claim_name": null, "holder": "Mosaic minerals corp.", "status": "Active", "recorded_date": null, "anniversary_or_expiry": null, "area_ha": null, "tenure_type": null, "source": "GESTIM active titles (MRNF digital data dump). Not legal title.", "as_of": "2026-09-20", "role": "focus", "color": "#e8b040"}}, {"type": "Feature", "geometry": {"type": "Polygon", "coordinates": [[[-79.05833332909683, 47.36666666306914], [-79.05000000445078, 47.366666662286356], [-79.05000000619775, 47.35833333259996], [-79.05833332851618, 47.35833332770201], [-79.05833332909683, 47.36666666306914]]]}, "properties": {"company_id": "mosaic-company", "jurisdiction": "Quebec", "claim_id": "", "claim_name": null, "holder": "Mosaic minerals corp.", "status": "Active", "recorded_date": null, "anniversary_or_expiry": null, "area_ha": null, "tenure_type": null, "source": "GESTIM active titles (MRNF digital data dump). Not legal title.", "as_of": "2026-09-20", "role": "focus", "color": "#e8b040"}}, {"type": "Feature", "geometry": {"type": "Polygon", "coordinates": [[[-79.05833332812013, 47.374999996639545], [-79.05000000063687, 47.37499999916511], [-79.05000000445078, 47.366666662286356], [-79.05833332909683, 47.36666666306914], [-79.05833332812013, 47.374999996639545]]]}, "properties": {"company_id": "mosaic-company", "jurisdiction": "Quebec", "claim_id": "", "claim_name": null, "holder": "Mosaic minerals corp.", "status": "Active", "recorded_date": null, "anniversary_or_expiry": null, "area_ha": null, "tenure_type": null, "source": "GESTIM active titles (MRNF digital data dump). Not legal title.", "as_of": "2026-09-20", "role": "focus", "color": "#e8b040"}}, {"type": "Feature", "geometry": {"type": "Polygon", "coordinates": [[[-79.12500000402747, 47.349999995235024], [-79.13333333397263, 47.34999999775424], [-79.13333333046688, 47.35833333237842], [-79.12499999814973, 47.35833333303487], [-79.12500000402747, 47.349999995235024]]]}, "properties": {"company_id": "mosaic-company", "jurisdiction": "Quebec", "claim_id": "", "claim_name": null, "holder": "Mosaic minerals corp.", "status": "Active", "recorded_date": null, "anniversary_or_expiry": null, "area_ha": null, "tenure_type": null, "source": "GESTIM active titles (MRNF digital data dump). Not legal title.", "as_of": "2026-09-20", "role": "focus", "color": "#e8b040"}}, {"type": "Feature", "geometry": {"type": "Polygon", "coordinates": [[[-79.1166666706747, 47.34999999811796], [-79.12500000402747, 47.349999995235024], [-79.12499999814973, 47.35833333303487], [-79.11666666273196, 47.35833333011403], [-79.1166666706747, 47.34999999811796]]]}, "properties": {"company_id": "mosaic-company", "jurisdiction": "Quebec", "claim_id": "", "claim_name": null, "holder": "Mosaic minerals corp.", "status": "Active", "recorded_date": null, "anniversary_or_expiry": null, "area_ha": null, "tenure_type": null, "source": "GESTIM active titles (MRNF digital data dump). Not legal title.", "as_of": "2026-09-20", "role": "focus", "color": "#e8b040"}}, {"type": "Feature", "geometry": {"type": "Polygon", "coordinates": [[[-79.10833333421893, 47.34999999740362], [-79.1166666706747, 47.34999999811796], [-79.11666666273196, 47.35833333011403], [-79.10833333711447, 47.35833333282173], [-79.10833333421893, 47.34999999740362]]]}, "properties": {"company_id": "mosaic-company", "jurisdiction": "Quebec", "claim_id": "", "claim_name": null, "holder": "Mosaic minerals corp.", "status": "Active", "recorded_date": null, "anniversary_or_expiry": null, "area_ha": null, "tenure_type": null, "source": "GESTIM active titles (MRNF digital data dump). Not legal title.", "as_of": "2026-09-20", "role": "focus", "color": "#e8b040"}}, {"type": "Feature", "geometry": {"type": "Polygon", "coordinates": [[[-79.10833333711447, 47.35833333282173], [-79.11666666273196, 47.35833333011403], [-79.11666666770103, 47.36666666045662], [-79.10833333951075, 47.366666666377554], [-79.10833333711447, 47.35833333282173]]]}, "properties": {"company_id": "mosaic-company", "jurisdiction": "Quebec", "claim_id": "", "claim_name": null, "holder": "Mosaic minerals corp.", "status": "Active", "recorded_date": null, "anniversary_or_expiry": null, "area_ha": null, "tenure_type": null, "source": "GESTIM active titles (MRNF digital data dump). Not legal title.", "as_of": "2026-09-20", "role": "focus", "color": "#e8b040"}}, {"type": "Feature", "geometry": {"type": "Polygon", "coordinates": [[[-79.10833333951075, 47.366666666377554], [-79.11666666770103, 47.36666666045662], [-79.11666667203457, 47.374999997921904], [-79.10833332817454, 47.374999997852846], [-79.10833333951075, 47.366666666377554]]]}, "properties": {"company_id": "mosaic-company", "jurisdiction": "Quebec", "claim_id": "", "claim_name": null, "holder": "Mosaic minerals corp.", "status": "Active", "recorded_date": null, "anniversary_or_expiry": null, "area_ha": null, "tenure_type": null, "source": "GESTIM active titles (MRNF digital data dump). Not legal title.", "as_of": "2026-09-20", "role": "focus", "color": "#e8b040"}}, {"type": "Feature", "geometry": {"type": "Polygon", "coordinates": [[[-79.15000000000002, 47.331324033731924], [-79.14962809975695, 47.33140700044555], [-79.1484375997154, 47.33135840018286], [-79.1480403997446, 47.33140210003974], [-79.14770979996722, 47.33137410054719], [-79.14751139963134, 47.331355500768616], [-79.14724709967383, 47.331309799920156], [-79.14712819940682, 47.3312734007597], [-79.1469828995411, 47.33123700069988], [-79.14684999952783, 47.33133550074563], [-79.14675719938519, 47.33136220071782], [-79.14661139949645, 47.33138879996603], [-79.14612169975656, 47.33141420041786], [-79.14596279944361, 47.331431700325524], [-79.14590979969745, 47.331440600016556], [-79.14585679995132, 47.331458400297784], [-79.14579039940735, 47.33149420050977], [-79.14571059986423, 47.331556900343514], [-79.14544339959319, 47.33194290015757], [-79.14510839943306, 47.332562500671706], [-79.14506779953928, 47.33270630046828], [-79.14502750001905, 47.33278720078151], [-79.14504059954399, 47.332814200228015], [-79.14501389957177, 47.332850100264764], [-79.14497389952577, 47.33288600030153], [-79.14490749988119, 47.3329217006888], [-79.14481469973855, 47.332948400660996], [-79.14443059929266, 47.33300120075767], [-79.14412599981499, 47.33305420050378], [-79.14378139939201, 47.33313410077096], [-79.14374159989488, 47.333151999977666], [-79.14348900011719, 47.33333109996311], [-79.14348802087623, 47.33333338968483], [-79.14166666666671, 47.3333333333461], [-79.14166666666671, 47.325000000012814], [-79.15000000000002, 47.32500000001283], [-79.15000000000002, 47.331324033731924]]]}, "properties": {"company_id": "mosaic-company", "jurisdiction": "Quebec", "claim_id": "", "claim_name": null, "holder": "Mosaic minerals corp.", "status": "Active", "recorded_date": null, "anniversary_or_expiry": null, "area_ha": null, "tenure_type": null, "source": "GESTIM active titles (MRNF digital data dump). Not legal title.", "as_of": "2026-09-20", "role": "focus", "color": "#e8b040"}}, {"type": "Feature", "geometry": {"type": "Polygon", "coordinates": [[[-79.13333333750269, 47.341666661241405], [-79.12499999620206, 47.34166666433209], [-79.12500000145018, 47.33333333176535], [-79.13333332750494, 47.3333333316176], [-79.13333333750269, 47.341666661241405]]]}, "properties": {"company_id": "mosaic-company", "jurisdiction": "Quebec", "claim_id": "", "claim_name": null, "holder": "Mosaic minerals corp.", "status": "Active", "recorded_date": null, "anniversary_or_expiry": null, "area_ha": null, "tenure_type": null, "source": "GESTIM active titles (MRNF digital data dump). Not legal title.", "as_of": "2026-09-20", "role": "focus", "color": "#e8b040"}}, {"type": "Feature", "geometry": {"type": "Polygon", "coordinates": [[[-79.15157534396543, 47.333333383916056], [-79.1514697997914, 47.33304080060534], [-79.15128829951537, 47.33247359998951], [-79.15121029951568, 47.33226640068672], [-79.15107810007423, 47.332239000142586], [-79.15081409959097, 47.33214829991699], [-79.15061689985004, 47.331949800655636], [-79.1505783998732, 47.33176970062403], [-79.1506186993934, 47.331670900204756], [-79.15068660000655, 47.33141020023339], [-79.15055539971188, 47.331247900483035], [-79.15029049990657, 47.33129210036299], [-79.15002569992605, 47.33131830031216], [-79.15000000000002, 47.331324033731924], [-79.15000000000002, 47.32500000001283], [-79.15833333333332, 47.325000000012835], [-79.15833333333332, 47.3333333333461], [-79.15157534396543, 47.333333383916056]]]}, "properties": {"company_id": "mosaic-company", "jurisdiction": "Quebec", "claim_id": "", "claim_name": null, "holder": "Mosaic minerals corp.", "status": "Active", "recorded_date": null, "anniversary_or_expiry": null, "area_ha": null, "tenure_type": null, "source": "GESTIM active titles (MRNF digital data dump). Not legal title.", "as_of": "2026-09-20", "role": "focus", "color": "#e8b040"}}, {"type": "Feature", "geometry": {"type": "Polygon", "coordinates": [[[-79.09999999704885, 47.316666670467185], [-79.1000000009495, 47.32499999853841], [-79.09166666379261, 47.324999998953274], [-79.09166666198425, 47.31666666241226], [-79.09999999704885, 47.316666670467185]]]}, "properties": {"company_id": "mosaic-company", "jurisdiction": "Quebec", "claim_id": "", "claim_name": null, "holder": "Mosaic minerals corp.", "status": "Active", "recorded_date": null, "anniversary_or_expiry": null, "area_ha": null, "tenure_type": null, "source": "GESTIM active titles (MRNF digital data dump). Not legal title.", "as_of": "2026-09-20", "role": "focus", "color": "#e8b040"}}, {"type": "Feature", "geometry": {"type": "Polygon", "coordinates": [[[-79.14166666446015, 47.3374427756575], [-79.14166666219178, 47.341666663328446], [-79.13333333750272, 47.34166666124142], [-79.1333333318039, 47.336916933420525], [-79.13335539062106, 47.33688967140925], [-79.13344840675451, 47.336832695732994], [-79.1335146050792, 47.336761785197126], [-79.13367417673628, 47.336647402505356], [-79.1340335442168, 47.33633380467671], [-79.13414067001666, 47.33620506928758], [-79.13414222596178, 47.3359261375058], [-79.13410419018247, 47.335714050599734], [-79.13408086419595, 47.335272738472845], [-79.13409502352326, 47.33512899117089], [-79.13406862612062, 47.33505657233955], [-79.13405627840592, 47.33498438230673], [-79.13392523168754, 47.33482927157023], [-79.13372737741598, 47.33466857320807], [-79.13351785240846, 47.3344401947355], [-79.13337398026783, 47.33410940133487], [-79.1333487215615, 47.334028002253376], [-79.1334019357479, 47.33390288850577], [-79.13346832976958, 47.333849978401304], [-79.13358818422147, 47.33382943428697], [-79.1337598456288, 47.333841229063], [-79.1338257431229, 47.33389629410477], [-79.13385211181591, 47.333946215990174], [-79.13387675786554, 47.33416258427638], [-79.13395644993443, 47.33415488357379], [-79.13400961455977, 47.33410175769938], [-79.13403745025728, 47.33392223862967], [-79.13402451721478, 47.333796047327496], [-79.13386678053747, 47.333694493540776], [-79.1337612856991, 47.33358929115225], [-79.13376235400352, 47.33353531683011], [-79.13369645701447, 47.33348025175574], [-79.1336037851743, 47.3334337491197], [-79.13359080444202, 47.33337954594594], [-79.13362548847265, 47.33333334265267], [-79.14166666666671, 47.33333333334609], [-79.1416666658729, 47.33481174040553], [-79.14146709932713, 47.33489000008625], [-79.14085729962464, 47.33505900068516], [-79.1408305996524, 47.33508600013162], [-79.14059149959796, 47.33522010073987], [-79.140564699801, 47.33527400070744], [-79.14048500008265, 47.335327700126136], [-79.14044500003666, 47.33536360016285], [-79.14037819929445, 47.33545330034239], [-79.14032499989877, 47.33549820079416], [-79.14027159995435, 47.33556100045268], [-79.14017849943814, 47.33564160039241], [-79.1399677001492, 47.33549700019925], [-79.13983309951787, 47.335829500244074], [-79.1398980998174, 47.3360096002757], [-79.14006769936479, 47.33636090064788], [-79.14009350001497, 47.33646000054139], [-79.1400929999919, 47.33653190043968], [-79.13966650010882, 47.3369893999537], [-79.13952030002177, 47.337078800658944], [-79.14026049962233, 47.337198100225], [-79.14069669959297, 47.337271400367676], [-79.14166666446015, 47.3374427756575]]]}, "properties": {"company_id": "mosaic-company", "jurisdiction": "Quebec", "claim_id": "", "claim_name": null, "holder": "Mosaic minerals corp.", "status": "Active", "recorded_date": null, "anniversary_or_expiry": null, "area_ha": null, "tenure_type": null, "source": "GESTIM active titles (MRNF digital data dump). Not legal title.", "as_of": "2026-09-20", "role": "focus", "color": "#e8b040"}}, {"type": "Feature", "geometry": {"type": "Polygon", "coordinates": [[[-79.10833332941556, 47.31666666958488], [-79.10833333469073, 47.325000003465576], [-79.1000000009495, 47.32499999853841], [-79.09999999704885, 47.316666670467185], [-79.10833332941556, 47.31666666958488]]]}, "properties": {"company_id": "mosaic-company", "jurisdiction": "Quebec", "claim_id": "", "claim_name": null, "holder": "Mosaic minerals corp.", "status": "Active", "recorded_date": null, "anniversary_or_expiry": null, "area_ha": null, "tenure_type": null, "source": "GESTIM active titles (MRNF digital data dump). Not legal title.", "as_of": "2026-09-20", "role": "focus", "color": "#e8b040"}}, {"type": "Feature", "geometry": {"type": "Polygon", "coordinates": [[[-75.79166667151294, 49.53333333997885], [-75.78333333320208, 49.53333333528582], [-75.78333333020854, 49.52527287163204], [-75.78356499999998, 49.52523130001302], [-75.78385709999999, 49.525089200012985], [-75.78411559467081, 49.525000027946426], [-75.78611373744751, 49.52500007181609], [-75.78599770000002, 49.52512940001303], [-75.78576960000007, 49.52561360001303], [-75.78498550000005, 49.52633710001303], [-75.7848718, 49.52655230001303], [-75.78459759999998, 49.527359900013025], [-75.78425900000003, 49.527843300013025], [-75.78546759999996, 49.528327400013], [-75.7860778, 49.52816930001299], [-75.78638409999995, 49.528000300013005], [-75.78649010000004, 49.527362500013], [-75.78686979999996, 49.52690630001304], [-75.78687239999994, 49.52672650001304], [-75.78643689999996, 49.52627420001302], [-75.78727, 49.525982600013016], [-75.78763409999998, 49.52564310001302], [-75.78803700000005, 49.52548370001304], [-75.78817720000004, 49.525340700013054], [-75.78833230000004, 49.52512580001303], [-75.7885867581537, 49.525000075819484], [-75.79166666114914, 49.525000003017375], [-75.79166667151294, 49.53333333997885]]]}, "properties": {"company_id": "mosaic-company", "jurisdiction": "Quebec", "claim_id": "", "claim_name": null, "holder": "Mosaic minerals corp.", "status": "Active", "recorded_date": null, "anniversary_or_expiry": null, "area_ha": null, "tenure_type": null, "source": "GESTIM active titles (MRNF digital data dump). Not legal title.", "as_of": "2026-09-20", "role": "focus", "color": "#e8b040"}}, {"type": "Feature", "geometry": {"type": "Polygon", "coordinates": [[[-75.78333333320208, 49.53333333528582], [-75.77499999752392, 49.533333332994445], [-75.77500000169194, 49.52500000111562], [-75.78137636742224, 49.525000057690164], [-75.78132949999998, 49.52507360001304], [-75.78208400000005, 49.52542890001303], [-75.78252720000003, 49.525350800013015], [-75.78283269999997, 49.52524480001302], [-75.78299840000004, 49.52524580001303], [-75.78327409999997, 49.525283500013025], [-75.78333333020854, 49.52527287163204], [-75.78333333320208, 49.53333333528582]]]}, "properties": {"company_id": "mosaic-company", "jurisdiction": "Quebec", "claim_id": "", "claim_name": null, "holder": "Mosaic minerals corp.", "status": "Active", "recorded_date": null, "anniversary_or_expiry": null, "area_ha": null, "tenure_type": null, "source": "GESTIM active titles (MRNF digital data dump). Not legal title.", "as_of": "2026-09-20", "role": "focus", "color": "#e8b040"}}, {"type": "Feature", "geometry": {"type": "Polygon", "coordinates": [[[-75.77500000169194, 49.52500000111562], [-75.77499999471681, 49.51666666646004], [-75.78333333000677, 49.51666667260003], [-75.78333333007062, 49.52196382337335], [-75.7829897, 49.522062500013035], [-75.78254299999996, 49.52238340001303], [-75.78200130000002, 49.52258690001303], [-75.78191690000004, 49.522694300013036], [-75.78195550000001, 49.52288340001305], [-75.78214760000002, 49.52297450001306], [-75.78234079999996, 49.52298470001302], [-75.78271019999998, 49.523229700013054], [-75.78333333008678, 49.523304263460936], [-75.78333333008864, 49.52345874671521], [-75.78313200000008, 49.52366400001303], [-75.78224850000004, 49.52363150001304], [-75.78137636742224, 49.525000057690164], [-75.77500000169194, 49.52500000111562]]]}, "properties": {"company_id": "mosaic-company", "jurisdiction": "Quebec", "claim_id": "", "claim_name": null, "holder": "Mosaic minerals corp.", "status": "Active", "recorded_date": null, "anniversary_or_expiry": null, "area_ha": null, "tenure_type": null, "source": "GESTIM active titles (MRNF digital data dump). Not legal title.", "as_of": "2026-09-20", "role": "focus", "color": "#e8b040"}}, {"type": "Feature", "geometry": {"type": "Polygon", "coordinates": [[[-79.11666666666672, 47.316666666679545], [-79.10833332941556, 47.31666666958488], [-79.10833333333332, 47.308333333346155], [-79.11334602021985, 47.30833341245041], [-79.11334598625419, 47.30843254684063], [-79.11334934209181, 47.30953457008537], [-79.1166666666667, 47.30952852579871], [-79.11666666666672, 47.316666666679545]]]}, "properties": {"company_id": "mosaic-company", "jurisdiction": "Quebec", "claim_id": "", "claim_name": null, "holder": "Mosaic minerals corp.", "status": "Active", "recorded_date": null, "anniversary_or_expiry": null, "area_ha": null, "tenure_type": null, "source": "GESTIM active titles (MRNF digital data dump). Not legal title.", "as_of": "2026-09-20", "role": "focus", "color": "#e8b040"}}, {"type": "Feature", "geometry": {"type": "Polygon", "coordinates": [[[-79.1166666666667, 47.30952852579871], [-79.116796146506, 47.309528287760806], [-79.12024279374702, 47.309526398425746], [-79.1236894438717, 47.30952440538471], [-79.125, 47.309523621420816], [-79.125, 47.31666666667954], [-79.11666666666672, 47.316666666679545], [-79.1166666666667, 47.30952852579871]]]}, "properties": {"company_id": "mosaic-company", "jurisdiction": "Quebec", "claim_id": "", "claim_name": null, "holder": "Mosaic minerals corp.", "status": "Active", "recorded_date": null, "anniversary_or_expiry": null, "area_ha": null, "tenure_type": null, "source": "GESTIM active titles (MRNF digital data dump). Not legal title.", "as_of": "2026-09-20", "role": "focus", "color": "#e8b040"}}, {"type": "Feature", "geometry": {"type": "Polygon", "coordinates": [[[-79.14166666666671, 47.31666666667954], [-79.15000000000002, 47.31666666667954], [-79.15000000000002, 47.32500000001283], [-79.14166666666671, 47.325000000012814], [-79.14166666666671, 47.31666666667954]]]}, "properties": {"company_id": "mosaic-company", "jurisdiction": "Quebec", "claim_id": "", "claim_name": null, "holder": "Mosaic minerals corp.", "status": "Active", "recorded_date": null, "anniversary_or_expiry": null, "area_ha": null, "tenure_type": null, "source": "GESTIM active titles (MRNF digital data dump). Not legal title.", "as_of": "2026-09-20", "role": "focus", "color": "#e8b040"}}, {"type": "Feature", "geometry": {"type": "Polygon", "coordinates": [[[-79.15000000000002, 47.32500000001283], [-79.15000000000002, 47.31666666667954], [-79.15833333647106, 47.316666664591175], [-79.15833333333332, 47.325000000012835], [-79.15000000000002, 47.32500000001283]]]}, "properties": {"company_id": "mosaic-company", "jurisdiction": "Quebec", "claim_id": "", "claim_name": null, "holder": "Mosaic minerals corp.", "status": "Active", "recorded_date": null, "anniversary_or_expiry": null, "area_ha": null, "tenure_type": null, "source": "GESTIM active titles (MRNF digital data dump). Not legal title.", "as_of": "2026-09-20", "role": "focus", "color": "#e8b040"}}, {"type": "Feature", "geometry": {"type": "Polygon", "coordinates": [[[-79.13333333397263, 47.34999999775424], [-79.14166666084279, 47.34999999668816], [-79.14166667293142, 47.35833332836539], [-79.1333333304669, 47.35833333237844], [-79.13333333397263, 47.34999999775424]]]}, "properties": {"company_id": "mosaic-company", "jurisdiction": "Quebec", "claim_id": "", "claim_name": null, "holder": "Mosaic minerals corp.", "status": "Active", "recorded_date": null, "anniversary_or_expiry": null, "area_ha": null, "tenure_type": null, "source": "GESTIM active titles (MRNF digital data dump). Not legal title.", "as_of": "2026-09-20", "role": "focus", "color": "#e8b040"}}, {"type": "Feature", "geometry": {"type": "Polygon", "coordinates": [[[-79.13333333750272, 47.34166666124142], [-79.14166666219178, 47.341666663328446], [-79.14166666084279, 47.34999999668816], [-79.13333333397263, 47.34999999775424], [-79.13333333750272, 47.34166666124142]]]}, "properties": {"company_id": "mosaic-company", "jurisdiction": "Quebec", "claim_id": "", "claim_name": null, "holder": "Mosaic minerals corp.", "status": "Active", "recorded_date": null, "anniversary_or_expiry": null, "area_ha": null, "tenure_type": null, "source": "GESTIM active titles (MRNF digital data dump). Not legal title.", "as_of": "2026-09-20", "role": "focus", "color": "#e8b040"}}, {"type": "Feature", "geometry": {"type": "Polygon", "coordinates": [[[-79.14166666666671, 47.325000000012814], [-79.1333333333333, 47.32500000001283], [-79.1333333333333, 47.316666666679545], [-79.14166666666671, 47.31666666667954], [-79.14166666666671, 47.325000000012814]]]}, "properties": {"company_id": "mosaic-company", "jurisdiction": "Quebec", "claim_id": "", "claim_name": null, "holder": "Mosaic minerals corp.", "status": "Active", "recorded_date": null, "anniversary_or_expiry": null, "area_ha": null, "tenure_type": null, "source": "GESTIM active titles (MRNF digital data dump). Not legal title.", "as_of": "2026-09-20", "role": "focus", "color": "#e8b040"}}, {"type": "Feature", "geometry": {"type": "Polygon", "coordinates": [[[-79.14166666666671, 47.33333333334609], [-79.13333332750494, 47.3333333316176], [-79.1333333333333, 47.32500000001283], [-79.14166666666671, 47.325000000012814], [-79.14166666666671, 47.33333333334609]]]}, "properties": {"company_id": "mosaic-company", "jurisdiction": "Quebec", "claim_id": "", "claim_name": null, "holder": "Mosaic minerals corp.", "status": "Active", "recorded_date": null, "anniversary_or_expiry": null, "area_ha": null, "tenure_type": null, "source": "GESTIM active titles (MRNF digital data dump). Not legal title.", "as_of": "2026-09-20", "role": "focus", "color": "#e8b040"}}, {"type": "Feature", "geometry": {"type": "Polygon", "coordinates": [[[-79.12500000145019, 47.33333333176535], [-79.11666667233098, 47.33333332829398], [-79.1166666666667, 47.325000000012835], [-79.12499999999999, 47.32500000001283], [-79.12500000145019, 47.33333333176535]]]}, "properties": {"company_id": "mosaic-company", "jurisdiction": "Quebec", "claim_id": "", "claim_name": null, "holder": "Mosaic minerals corp.", "status": "Active", "recorded_date": null, "anniversary_or_expiry": null, "area_ha": null, "tenure_type": null, "source": "GESTIM active titles (MRNF digital data dump). Not legal title.", "as_of": "2026-09-20", "role": "focus", "color": "#e8b040"}}, {"type": "Feature", "geometry": {"type": "Polygon", "coordinates": [[[-79.13333332750494, 47.33333333161762], [-79.12500000145019, 47.33333333176535], [-79.12499999999999, 47.32500000001283], [-79.1333333333333, 47.32500000001283], [-79.13333332750494, 47.33333333161762]]]}, "properties": {"company_id": "mosaic-company", "jurisdiction": "Quebec", "claim_id": "", "claim_name": null, "holder": "Mosaic minerals corp.", "status": "Active", "recorded_date": null, "anniversary_or_expiry": null, "area_ha": null, "tenure_type": null, "source": "GESTIM active titles (MRNF digital data dump). Not legal title.", "as_of": "2026-09-20", "role": "focus", "color": "#e8b040"}}, {"type": "Feature", "geometry": {"type": "Polygon", "coordinates": [[[-79.11666666666672, 47.316666666679545], [-79.1166666666667, 47.325000000012835], [-79.10833333469073, 47.325000003465576], [-79.10833332941556, 47.31666666958488], [-79.11666666666672, 47.316666666679545]]]}, "properties": {"company_id": "mosaic-company", "jurisdiction": "Quebec", "claim_id": "", "claim_name": null, "holder": "Mosaic minerals corp.", "status": "Active", "recorded_date": null, "anniversary_or_expiry": null, "area_ha": null, "tenure_type": null, "source": "GESTIM active titles (MRNF digital data dump). Not legal title.", "as_of": "2026-09-20", "role": "focus", "color": "#e8b040"}}, {"type": "Feature", "geometry": {"type": "Polygon", "coordinates": [[[-79.12499999999999, 47.32500000001283], [-79.1166666666667, 47.325000000012835], [-79.11666666666672, 47.316666666679545], [-79.125, 47.31666666667954], [-79.12499999999999, 47.32500000001283]]]}, "properties": {"company_id": "mosaic-company", "jurisdiction": "Quebec", "claim_id": "", "claim_name": null, "holder": "Mosaic minerals corp.", "status": "Active", "recorded_date": null, "anniversary_or_expiry": null, "area_ha": null, "tenure_type": null, "source": "GESTIM active titles (MRNF digital data dump). Not legal title.", "as_of": "2026-09-20", "role": "focus", "color": "#e8b040"}}, {"type": "Feature", "geometry": {"type": "Polygon", "coordinates": [[[-79.1333333333333, 47.32500000001283], [-79.12499999999999, 47.32500000001283], [-79.125, 47.31666666667954], [-79.1333333333333, 47.316666666679545], [-79.1333333333333, 47.32500000001283]]]}, "properties": {"company_id": "mosaic-company", "jurisdiction": "Quebec", "claim_id": "", "claim_name": null, "holder": "Mosaic minerals corp.", "status": "Active", "recorded_date": null, "anniversary_or_expiry": null, "area_ha": null, "tenure_type": null, "source": "GESTIM active titles (MRNF digital data dump). Not legal title.", "as_of": "2026-09-20", "role": "focus", "color": "#e8b040"}}, {"type": "Feature", "geometry": {"type": "Polygon", "coordinates": [[[-79.15000000000002, 47.30833333334618], [-79.15833333565992, 47.308333329835285], [-79.15833333647105, 47.3166666645912], [-79.15000000000002, 47.31666666667954], [-79.15000000000002, 47.30833333334618]]]}, "properties": {"company_id": "mosaic-company", "jurisdiction": "Quebec", "claim_id": "", "claim_name": null, "holder": "Mosaic minerals corp.", "status": "Active", "recorded_date": null, "anniversary_or_expiry": null, "area_ha": null, "tenure_type": null, "source": "GESTIM active titles (MRNF digital data dump). Not legal title.", "as_of": "2026-09-20", "role": "focus", "color": "#e8b040"}}, {"type": "Feature", "geometry": {"type": "Polygon", "coordinates": [[[-79.15000000000002, 47.31666666667954], [-79.14166666666671, 47.31666666667954], [-79.14166666666671, 47.30833333334617], [-79.15000000000002, 47.30833333334618], [-79.15000000000002, 47.31666666667954]]]}, "properties": {"company_id": "mosaic-company", "jurisdiction": "Quebec", "claim_id": "", "claim_name": null, "holder": "Mosaic minerals corp.", "status": "Active", "recorded_date": null, "anniversary_or_expiry": null, "area_ha": null, "tenure_type": null, "source": "GESTIM active titles (MRNF digital data dump). Not legal title.", "as_of": "2026-09-20", "role": "focus", "color": "#e8b040"}}, {"type": "Feature", "geometry": {"type": "Polygon", "coordinates": [[[-79.14166666666671, 47.31666666667954], [-79.1333333333333, 47.316666666679545], [-79.13333333333331, 47.30833333334617], [-79.14166666666671, 47.30833333334617], [-79.14166666666671, 47.31666666667954]]]}, "properties": {"company_id": "mosaic-company", "jurisdiction": "Quebec", "claim_id": "", "claim_name": null, "holder": "Mosaic minerals corp.", "status": "Active", "recorded_date": null, "anniversary_or_expiry": null, "area_ha": null, "tenure_type": null, "source": "GESTIM active titles (MRNF digital data dump). Not legal title.", "as_of": "2026-09-20", "role": "focus", "color": "#e8b040"}}, {"type": "Feature", "geometry": {"type": "Polygon", "coordinates": [[[-79.13333333333331, 47.30833333334617], [-79.1333333333333, 47.316666666679545], [-79.125, 47.31666666667954], [-79.125, 47.309523621420816], [-79.12713609686075, 47.30952230863752], [-79.13058374435911, 47.3095156250371], [-79.13057888420144, 47.30833340637402], [-79.13333333333331, 47.30833333334617]]]}, "properties": {"company_id": "mosaic-company", "jurisdiction": "Quebec", "claim_id": "", "claim_name": null, "holder": "Mosaic minerals corp.", "status": "Active", "recorded_date": null, "anniversary_or_expiry": null, "area_ha": null, "tenure_type": null, "source": "GESTIM active titles (MRNF digital data dump). Not legal title.", "as_of": "2026-09-20", "role": "focus", "color": "#e8b040"}}, {"type": "Feature", "geometry": {"type": "Polygon", "coordinates": [[[-75.54166666241639, 49.51666666963735], [-75.53333333492039, 49.51666666979005], [-75.53333333486832, 49.5142659871351], [-75.53333510075622, 49.51426599993059], [-75.53339030067447, 49.51426649992984], [-75.53344560059261, 49.514266999929085], [-75.53345940057218, 49.5142670999289], [-75.53350080051094, 49.51426739992848], [-75.53384599999985, 49.51427029992419], [-75.53408059965253, 49.5142812999079], [-75.53420429946944, 49.5143092998665], [-75.53432789928648, 49.514346299811656], [-75.53442490070535, 49.514329099837134], [-75.53448030062334, 49.51432059984975], [-75.5345356005414, 49.514320999849154], [-75.5345910004594, 49.51431249986168], [-75.53464640037738, 49.51430399987432], [-75.53470180029537, 49.51429539988702], [-75.5347992001512, 49.51426029993899], [-75.53485510006843, 49.51422479999159], [-75.53491069998618, 49.51420730001749], [-75.53495249992426, 49.51418960004365], [-75.53523029951299, 49.51411100016005], [-75.53532819936807, 49.514048900252014], [-75.5353704993054, 49.51400430031805], [-75.53542779922061, 49.51389680047718], [-75.53551350065624, 49.513753700689], [-75.53552820063447, 49.51370880075546], [-75.53558640054834, 49.513556499418485], [-75.53563190048094, 49.513349999724156], [-75.53567860041181, 49.51308060012296], [-75.5356969003847, 49.51285600045547], [-75.5357144003588, 49.51266730073492], [-75.535718300353, 49.512469499465226], [-75.53570850036756, 49.51226259977158], [-75.53571120036352, 49.5121276999713], [-75.53569810038296, 49.51209160002468], [-75.53563010048363, 49.51203710010536], [-75.53535779932425, 49.51183700040164], [-75.5351940995666, 49.51173670055008], [-75.53512559966796, 49.51170920059082], [-75.53483880009259, 49.51154489927159], [-75.5346204004159, 49.51141719946058], [-75.53448390061796, 49.511335199582085], [-75.53441570071898, 49.51128959964953], [-75.53437520077897, 49.511244299716566], [-75.53434809925652, 49.51121709975686], [-75.53430719931708, 49.51118979979733], [-75.53428029935687, 49.511153599850886], [-75.53425319939699, 49.511126399891104], [-75.53425479939462, 49.5110455000109], [-75.5342832993525, 49.51100080007709], [-75.53429779933094, 49.51096490013026], [-75.53431269930893, 49.51091110020992], [-75.53435499924635, 49.510866500275945], [-75.53436949922488, 49.51083060032904], [-75.53446850064076, 49.51071460050079], [-75.53449730059819, 49.51065180059373], [-75.53448420061754, 49.510615800647074], [-75.53443020069754, 49.51055240074094], [-75.53436229923548, 49.51049789925914], [-75.53429479933541, 49.51041639937976], [-75.53415959953561, 49.510271399594394], [-75.53402519973456, 49.5100813998757], [-75.53397159981398, 49.50999999999624], [-75.53395789983425, 49.50999090000971], [-75.53398629979219, 49.50995520006252], [-75.53401479974994, 49.5099104001289], [-75.5341391995658, 49.50990250014058], [-75.53429039934197, 49.509939700085496], [-75.53438490076456, 49.510048399924564], [-75.53441200072447, 49.51007559988428], [-75.53443890068456, 49.51011179983071], [-75.53446600064446, 49.51013899979041], [-75.53449290060469, 49.51017519973683], [-75.53452000056456, 49.51020239969653], [-75.53458690046554, 49.51031089953596], [-75.53461310042668, 49.510382999429204], [-75.53465400036619, 49.51041039938867], [-75.53469500030546, 49.51042869936156], [-75.53473590024491, 49.51045599932111], [-75.5347505002233, 49.51042019937412], [-75.53476500020184, 49.510384299427265], [-75.53477950018039, 49.51034849948025], [-75.5347938001592, 49.51032159952017], [-75.53480830013774, 49.51028579957314], [-75.53482290011613, 49.510249899626224], [-75.53483740009466, 49.51021409967929], [-75.53493609994855, 49.51010699983784], [-75.53497809988632, 49.510080399877204], [-75.53513159965912, 49.51000069999515], [-75.53518719957677, 49.50998320002103], [-75.53536739931002, 49.50994870007221], [-75.53543620077065, 49.509958300058024], [-75.5357387003228, 49.51002369996118], [-75.53597099997894, 49.51015159977183], [-75.53620309963534, 49.51028839956926], [-75.53642149931197, 49.51041609938017], [-75.53654440069252, 49.51048909927216], [-75.53657130065274, 49.51052530078105], [-75.53661220059216, 49.51055260074059], [-75.53663930055205, 49.51057980070042], [-75.53668000049183, 49.51061610064667], [-75.5367071004517, 49.510643300606354], [-75.53678970032938, 49.51065300059198], [-75.5369418001042, 49.51064520060359], [-75.53703789996197, 49.51067300056238], [-75.53713369982015, 49.51071880049455], [-75.53736649947544, 49.510819600345336], [-75.53762710065206, 49.51091170020897], [-75.53787400028658, 49.51099470008608], [-75.53810679994197, 49.51109559993669], [-75.53825729971915, 49.511168799828376], [-75.53828449967887, 49.511186999801424], [-75.5382979996589, 49.5112050997746], [-75.5383383995991, 49.51125929969437], [-75.53835149957966, 49.51129539964093], [-75.53833469960456, 49.51144819941476], [-75.53830559964763, 49.51151989930861], [-75.53833239960794, 49.51156499924181], [-75.53835949956782, 49.51159220076409], [-75.53838639952802, 49.5116284007105], [-75.53846919940537, 49.51162910070942], [-75.5385243993237, 49.51162960070864], [-75.53857949924212, 49.511639000694764], [-75.53863470072291, 49.511639500694], [-75.53869000064108, 49.51163990069343], [-75.53875900053887, 49.5116405006926], [-75.53881420045718, 49.511641000691824], [-75.53886950037526, 49.51164140069123], [-75.53892470029358, 49.51164190069046], [-75.53897990021184, 49.51164240068973], [-75.53904810011088, 49.511687900622334], [-75.53908920005007, 49.51170620059525], [-75.53913009998949, 49.51173350055491], [-75.53930689972773, 49.51186990035293], [-75.53933369968811, 49.51191510028605], [-75.53936069964809, 49.511942300245764], [-75.53938769960813, 49.51197850019218], [-75.5394008995886, 49.51200550015222], [-75.53942779954873, 49.51204170009854], [-75.53939919959112, 49.512095500018994], [-75.53927399977644, 49.51213939995397], [-75.53920409987997, 49.512183799888156], [-75.53913419998347, 49.512228099822664], [-75.5390922000456, 49.51225479978313], [-75.5390503001076, 49.51228139974374], [-75.5390356001294, 49.512326199677375], [-75.53902090015119, 49.51237109961092], [-75.5390202001522, 49.512406999557754], [-75.53900570017363, 49.512442899504585], [-75.53900500017474, 49.51247889945135], [-75.53899050019618, 49.51251469939836], [-75.53898980019719, 49.51255069934504], [-75.5390306001368, 49.51257799930467], [-75.539071700076, 49.51259629927748], [-75.53912639999497, 49.51262369923691], [-75.53916749993417, 49.512642100772176], [-75.53923569983313, 49.5126876007048], [-75.53930449973126, 49.51269720069057], [-75.53935979964943, 49.512697600689975], [-75.53941479956801, 49.512707100675954], [-75.5394698994864, 49.512716500662044], [-75.53952509940471, 49.51271700066129], [-75.53958019932313, 49.51272640064733], [-75.53963539924146, 49.51272690064667], [-75.53969040072252, 49.51273630063269], [-75.53974570064067, 49.51273680063195], [-75.53980070055925, 49.51274620061806], [-75.5398560004773, 49.51274670061731], [-75.53991100039588, 49.51275610060344], [-75.53996630031405, 49.512756600602685], [-75.54002110023296, 49.51277500057541], [-75.54007600015161, 49.512793500548], [-75.5401171000908, 49.512811800520915], [-75.54017200000955, 49.512830200493724], [-75.54021299994882, 49.512848600466484], [-75.54037729970563, 49.512921900357966], [-75.54043219962429, 49.512940300330726], [-75.54058269940147, 49.51301350022229], [-75.54069259923878, 49.51304140018099], [-75.54074790071942, 49.5130418001804], [-75.54080310063776, 49.51304230017974], [-75.54085830055597, 49.51304280017898], [-75.54091360047414, 49.51304320017839], [-75.54096880039236, 49.51304370017761], [-75.5410240003107, 49.51304410017707], [-75.54107930022886, 49.5130446001763], [-75.54146589965646, 49.51304780017156], [-75.54166666536244, 49.51308589464299], [-75.54166666241639, 49.51666666963735]]]}, "properties": {"company_id": "mosaic-company", "jurisdiction": "Quebec", "claim_id": "", "claim_name": null, "holder": "Mosaic minerals corp.", "status": "Active", "recorded_date": null, "anniversary_or_expiry": null, "area_ha": null, "tenure_type": null, "source": "GESTIM active titles (MRNF digital data dump). Not legal title.", "as_of": "2026-09-20", "role": "focus", "color": "#e8b040"}}, {"type": "Feature", "geometry": {"type": "Polygon", "coordinates": [[[-75.54166666241639, 49.51666666963735], [-75.54166666536244, 49.51308589464299], [-75.54171359928976, 49.513094800102024], [-75.54201580040484, 49.513178199978505], [-75.54207070032358, 49.5131966999511], [-75.54219480013988, 49.51320669993631], [-75.54231849995666, 49.51323469989483], [-75.54244189977405, 49.513280699826794], [-75.54275649930828, 49.513436199596555], [-75.54304540044306, 49.51349249951318], [-75.54332060003567, 49.51354869943], [-75.54356749967009, 49.51363169930709], [-75.54367709950783, 49.51367759923913], [-75.54392380070516, 49.5137785006523], [-75.54403320054315, 49.513833400571066], [-75.54415590036156, 49.51391530044976], [-75.54422350026147, 49.51398780034243], [-75.54426420020124, 49.51402410028868], [-75.54429120016127, 49.5140603002351], [-75.54431820012123, 49.51408750019479], [-75.54435910006066, 49.514114800154424], [-75.54438610002069, 49.51415100010085], [-75.54441319998058, 49.514178200060556], [-75.54450909983859, 49.51421500000603], [-75.54459109971722, 49.514260599938574], [-75.54461799967744, 49.51429679988501], [-75.54474249949314, 49.514288899896684], [-75.54490829924768, 49.51428119990804], [-75.54497720070813, 49.51429079989383], [-75.54504590060642, 49.51430939986634], [-75.5451284004843, 49.51432799983882], [-75.54518350040271, 49.5143374998247], [-75.5452385003213, 49.51434689981079], [-75.54540370007676, 49.5143751997689], [-75.54562449974988, 49.514386099752784], [-75.54590079934083, 49.514379399762696], [-75.54613560055563, 49.51438129975983], [-75.54621860043277, 49.514372999772185], [-75.54631520028975, 49.514373799770915], [-75.54652199998355, 49.514393499741836], [-75.546812199554, 49.51438689975157], [-75.54710110068882, 49.51444319966823], [-75.54732100036323, 49.51449899958563], [-75.54767879983352, 49.51456489948806], [-75.54794029944641, 49.51461199941831], [-75.54800899934473, 49.514630499390975], [-75.54807789924268, 49.51464009937676], [-75.54814690070306, 49.514640599376015], [-75.54845110025268, 49.51462519939879], [-75.54876919978172, 49.514600799434895], [-75.54900449943338, 49.514575799471906], [-75.54907379933076, 49.51455829949781], [-75.54915670077061, 49.5145589994968], [-75.549322600525, 49.51455139950808], [-75.54939160042281, 49.51455199950714], [-75.54946080032045, 49.514543499519775], [-75.5496685000129, 49.514518299557004], [-75.54979209982993, 49.51455529950227], [-75.54990149966794, 49.514610099421176], [-75.54997019956622, 49.514628699393576], [-75.55000000555772, 49.51463110117882], [-75.55000000553997, 49.51666667182118], [-75.54166666241639, 49.51666666963735]]]}, "properties": {"company_id": "mosaic-company", "jurisdiction": "Quebec", "claim_id": "", "claim_name": null, "holder": "Mosaic minerals corp.", "status": "Active", "recorded_date": null, "anniversary_or_expiry": null, "area_ha": null, "tenure_type": null, "source": "GESTIM active titles (MRNF digital data dump). Not legal title.", "as_of": "2026-09-20", "role": "focus", "color": "#e8b040"}}, {"type": "Feature", "geometry": {"type": "Polygon", "coordinates": [[[-75.52500000006637, 49.52500000569252], [-75.52499999619594, 49.51809765965071], [-75.52508200047454, 49.51814440043879], [-75.52573329951032, 49.51803300060366], [-75.52662809974815, 49.51818440037957], [-75.52751479999799, 49.51804800058145], [-75.5276661997738, 49.51807620053974], [-75.52785469949472, 49.51832060017786], [-75.52766519977533, 49.51882259943467], [-75.52783159952895, 49.51878799948589], [-75.52799799928258, 49.51875349953696], [-75.5280676007421, 49.518727099576076], [-75.52822020051617, 49.51869239962746], [-75.52841480022806, 49.518631099718235], [-75.5287067997958, 49.51853459986108], [-75.52893019946505, 49.518410600044604], [-75.52902819931994, 49.51834850013656], [-75.52908379923768, 49.518330900162624], [-75.52925090055268, 49.51826040026704], [-75.5293486004081, 49.51820730034567], [-75.52939080034558, 49.51817170039833], [-75.52947610021933, 49.518046500583715], [-75.52954800011284, 49.517903199233295], [-75.5296347999844, 49.51770609952508], [-75.52969219989934, 49.517598699684164], [-75.52976479979193, 49.51741939994954], [-75.52977979976971, 49.517356600042575], [-75.52982319970546, 49.51725810018836], [-75.52982439970371, 49.51719510028164], [-75.52984019968032, 49.5170963004279], [-75.52991119957517, 49.51699800057346], [-75.53006719934419, 49.51679249931521], [-75.53009549930229, 49.51675679936802], [-75.53021380275048, 49.51666674476045], [-75.53333333492039, 49.51666666979005], [-75.53333333273154, 49.52500000485077], [-75.52500000006637, 49.52500000569252]]]}, "properties": {"company_id": "mosaic-company", "jurisdiction": "Quebec", "claim_id": "", "claim_name": null, "holder": "Mosaic minerals corp.", "status": "Active", "recorded_date": null, "anniversary_or_expiry": null, "area_ha": null, "tenure_type": null, "source": "GESTIM active titles (MRNF digital data dump). Not legal title.", "as_of": "2026-09-20", "role": "focus", "color": "#e8b040"}}]}