{"type": "FeatureCollection", "features": [{"type": "Feature", "geometry": {"type": "Polygon", "coordinates": [[[-93.9313, 48.8792], [-93.9313, 48.8833], [-93.9375, 48.8833], [-93.9375, 48.8792], [-93.9313, 48.8792]]]}, "properties": {"company_id": "new-gold", "jurisdiction": "Ontario", "claim_id": "101513", "claim_name": null, "holder": "(100) NEW GOLD INC.", "status": "Active", "recorded_date": "2018-04-10", "anniversary_or_expiry": "2028-05-06", "area_ha": null, "tenure_type": "Single Cell Mining Claim", "source": "Ontario MLAS operational claims (OGSEarth / LIO MapServer). Unofficial viewing data, not legal title.", "as_of": "2026-09-20", "role": "focus", "color": "#e8b040"}}, {"type": "Feature", "geometry": {"type": "Polygon", "coordinates": [[[-93.8688, 48.9542], [-93.8688, 48.9583], [-93.875, 48.9583], [-93.875, 48.9542], [-93.8688, 48.9542]]]}, "properties": {"company_id": "new-gold", "jurisdiction": "Ontario", "claim_id": "101520", "claim_name": null, "holder": "(100) NEW GOLD INC.", "status": "Active", "recorded_date": "2018-04-10", "anniversary_or_expiry": "2028-10-26", "area_ha": null, "tenure_type": "Single Cell Mining Claim", "source": "Ontario MLAS operational claims (OGSEarth / LIO MapServer). Unofficial viewing data, not legal title.", "as_of": "2026-09-20", "role": "focus", "color": "#e8b040"}}, {"type": "Feature", "geometry": {"type": "Polygon", "coordinates": [[[-93.8625, 48.9458], [-93.8625, 48.95], [-93.8688, 48.95], [-93.8688, 48.9458], [-93.8625, 48.9458]]]}, "properties": {"company_id": "new-gold", "jurisdiction": "Ontario", "claim_id": "101521", "claim_name": null, "holder": "(100) NEW GOLD INC.", "status": "Active", "recorded_date": "2018-04-10", "anniversary_or_expiry": "2028-10-26", "area_ha": null, "tenure_type": "Single Cell Mining Claim", "source": "Ontario MLAS operational claims (OGSEarth / LIO MapServer). Unofficial viewing data, not legal title.", "as_of": "2026-09-20", "role": "focus", "color": "#e8b040"}}, {"type": "Feature", "geometry": {"type": "Polygon", "coordinates": [[[-93.85, 48.9417], [-93.85, 48.9458], [-93.8563, 48.9458], [-93.8563, 48.9417], [-93.85, 48.9417]]]}, "properties": {"company_id": "new-gold", "jurisdiction": "Ontario", "claim_id": "101522", "claim_name": null, "holder": "(100) NEW GOLD INC.", "status": "Active", "recorded_date": "2018-04-10", "anniversary_or_expiry": "2028-10-26", "area_ha": null, "tenure_type": "Single Cell Mining Claim", "source": "Ontario MLAS operational claims (OGSEarth / LIO MapServer). Unofficial viewing data, not legal title.", "as_of": "2026-09-20", "role": "focus", "color": "#e8b040"}}, {"type": "Feature", "geometry": {"type": "Polygon", "coordinates": [[[-93.9188, 48.9625], [-93.9188, 48.9667], [-93.925, 48.9667], [-93.925, 48.9625], [-93.9188, 48.9625]]]}, "properties": {"company_id": "new-gold", "jurisdiction": "Ontario", "claim_id": "101550", "claim_name": null, "holder": "(100) NEW GOLD INC.", "status": "Active", "recorded_date": "2018-04-10", "anniversary_or_expiry": "2028-10-26", "area_ha": null, "tenure_type": "Single Cell Mining Claim", "source": "Ontario MLAS operational claims (OGSEarth / LIO MapServer). Unofficial viewing data, not legal title.", "as_of": "2026-09-20", "role": "focus", "color": "#e8b040"}}, {"type": "Feature", "geometry": {"type": "Polygon", "coordinates": [[[-93.8813, 48.9375], [-93.8813, 48.9417], [-93.8875, 48.9417], [-93.8875, 48.9375], [-93.8813, 48.9375]]]}, "properties": {"company_id": "new-gold", "jurisdiction": "Ontario", "claim_id": "100995", "claim_name": null, "holder": "(100) NEW GOLD INC.", "status": "Active", "recorded_date": "2018-04-10", "anniversary_or_expiry": "2028-10-26", "area_ha": null, "tenure_type": "Single Cell Mining Claim", "source": "Ontario MLAS operational claims (OGSEarth / LIO MapServer). Unofficial viewing data, not legal title.", "as_of": "2026-09-20", "role": "focus", "color": "#e8b040"}}, {"type": "Feature", "geometry": {"type": "Polygon", "coordinates": [[[-93.825, 48.8958], [-93.825, 48.9], [-93.8313, 48.9], [-93.8313, 48.8958], [-93.825, 48.8958]]]}, "properties": {"company_id": "new-gold", "jurisdiction": "Ontario", "claim_id": "101019", "claim_name": null, "holder": "(100) NEW GOLD INC.", "status": "Active", "recorded_date": "2018-04-10", "anniversary_or_expiry": "2027-01-28", "area_ha": null, "tenure_type": "Single Cell Mining Claim", "source": "Ontario MLAS operational claims (OGSEarth / LIO MapServer). Unofficial viewing data, not legal title.", "as_of": "2026-09-20", "role": "focus", "color": "#e8b040"}}, {"type": "Feature", "geometry": {"type": "Polygon", "coordinates": [[[-93.7875, 48.9292], [-93.7875, 48.9333], [-93.7938, 48.9333], [-93.7938, 48.9292], [-93.7875, 48.9292]]]}, "properties": {"company_id": "new-gold", "jurisdiction": "Ontario", "claim_id": "101040", "claim_name": null, "holder": "(100) NEW GOLD INC.", "status": "Active", "recorded_date": "2018-04-10", "anniversary_or_expiry": "2027-02-13", "area_ha": null, "tenure_type": "Single Cell Mining Claim", "source": "Ontario MLAS operational claims (OGSEarth / LIO MapServer). Unofficial viewing data, not legal title.", "as_of": "2026-09-20", "role": "focus", "color": "#e8b040"}}, {"type": "Feature", "geometry": {"type": "Polygon", "coordinates": [[[-94.225, 48.7875], [-94.225, 48.7917], [-94.2313, 48.7917], [-94.2313, 48.7875], [-94.225, 48.7875]]]}, "properties": {"company_id": "new-gold", "jurisdiction": "Ontario", "claim_id": "101646", "claim_name": null, "holder": "(100) NEW GOLD INC.", "status": "Active", "recorded_date": "2018-04-10", "anniversary_or_expiry": "2028-11-22", "area_ha": null, "tenure_type": "Single Cell Mining Claim", "source": "Ontario MLAS operational claims (OGSEarth / LIO MapServer). Unofficial viewing data, not legal title.", "as_of": "2026-09-20", "role": "focus", "color": "#e8b040"}}, {"type": "Feature", "geometry": {"type": "Polygon", "coordinates": [[[-94.225, 48.7833], [-94.225, 48.7875], [-94.2313, 48.7875], [-94.2313, 48.7833], [-94.225, 48.7833]]]}, "properties": {"company_id": "new-gold", "jurisdiction": "Ontario", "claim_id": "101647", "claim_name": null, "holder": "(100) NEW GOLD INC.", "status": "Active", "recorded_date": "2018-04-10", "anniversary_or_expiry": "2028-11-22", "area_ha": null, "tenure_type": "Single Cell Mining Claim", "source": "Ontario MLAS operational claims (OGSEarth / LIO MapServer). Unofficial viewing data, not legal title.", "as_of": "2026-09-20", "role": "focus", "color": "#e8b040"}}, {"type": "Feature", "geometry": {"type": "Polygon", "coordinates": [[[-93.85, 48.9083], [-93.85, 48.9125], [-93.8563, 48.9125], [-93.8563, 48.9083], [-93.85, 48.9083]]]}, "properties": {"company_id": "new-gold", "jurisdiction": "Ontario", "claim_id": "100482", "claim_name": null, "holder": "(100) NEW GOLD INC.", "status": "Active", "recorded_date": "2018-04-10", "anniversary_or_expiry": "2028-06-26", "area_ha": null, "tenure_type": "Single Cell Mining Claim", "source": "Ontario MLAS operational claims (OGSEarth / LIO MapServer). Unofficial viewing data, not legal title.", "as_of": "2026-09-20", "role": "focus", "color": "#e8b040"}}, {"type": "Feature", "geometry": {"type": "Polygon", "coordinates": [[[-94.0063, 48.7917], [-94.0063, 48.7958], [-94.0125, 48.7958], [-94.0125, 48.7917], [-94.0063, 48.7917]]]}, "properties": {"company_id": "new-gold", "jurisdiction": "Ontario", "claim_id": "100489", "claim_name": null, "holder": "(100) NEW GOLD INC.", "status": "Active", "recorded_date": "2018-04-10", "anniversary_or_expiry": "2027-01-11", "area_ha": null, "tenure_type": "Single Cell Mining Claim", "source": "Ontario MLAS operational claims (OGSEarth / LIO MapServer). Unofficial viewing data, not legal title.", "as_of": "2026-09-20", "role": "focus", "color": "#e8b040"}}, {"type": "Feature", "geometry": {"type": "Polygon", "coordinates": [[[-94.0, 48.7875], [-94.0, 48.7917], [-94.0063, 48.7917], [-94.0063, 48.7875], [-94.0, 48.7875]]]}, "properties": {"company_id": "new-gold", "jurisdiction": "Ontario", "claim_id": "100490", "claim_name": null, "holder": "(100) NEW GOLD INC.", "status": "Active", "recorded_date": "2018-04-10", "anniversary_or_expiry": "2027-01-11", "area_ha": null, "tenure_type": "Single Cell Mining Claim", "source": "Ontario MLAS operational claims (OGSEarth / LIO MapServer). Unofficial viewing data, not legal title.", "as_of": "2026-09-20", "role": "focus", "color": "#e8b040"}}, {"type": "Feature", "geometry": {"type": "Polygon", "coordinates": [[[-94.05, 48.825], [-94.05, 48.8292], [-94.0563, 48.8292], [-94.0563, 48.825], [-94.05, 48.825]]]}, "properties": {"company_id": "new-gold", "jurisdiction": "Ontario", "claim_id": "100496", "claim_name": null, "holder": "(100) NEW GOLD INC.", "status": "Active", "recorded_date": "2018-04-10", "anniversary_or_expiry": "2028-10-27", "area_ha": null, "tenure_type": "Single Cell Mining Claim", "source": "Ontario MLAS operational claims (OGSEarth / LIO MapServer). Unofficial viewing data, not legal title.", "as_of": "2026-09-20", "role": "focus", "color": "#e8b040"}}, {"type": "Feature", "geometry": {"type": "Polygon", "coordinates": [[[-93.9125, 48.9292], [-93.9125, 48.9333], [-93.9188, 48.9333], [-93.9188, 48.9292], [-93.9125, 48.9292]]]}, "properties": {"company_id": "new-gold", "jurisdiction": "Ontario", "claim_id": "101087", "claim_name": null, "holder": "(100) NEW GOLD INC.", "status": "Active", "recorded_date": "2018-04-10", "anniversary_or_expiry": "2028-10-26", "area_ha": null, "tenure_type": "Single Cell Mining Claim", "source": "Ontario MLAS operational claims (OGSEarth / LIO MapServer). Unofficial viewing data, not legal title.", "as_of": "2026-09-20", "role": "focus", "color": "#e8b040"}}, {"type": "Feature", "geometry": {"type": "Polygon", "coordinates": [[[-93.9188, 48.9208], [-93.9188, 48.925], [-93.925, 48.925], [-93.925, 48.9208], [-93.9188, 48.9208]]]}, "properties": {"company_id": "new-gold", "jurisdiction": "Ontario", "claim_id": "101678", "claim_name": null, "holder": "(100) NEW GOLD INC.", "status": "Active", "recorded_date": "2018-04-10", "anniversary_or_expiry": "2028-10-26", "area_ha": null, "tenure_type": "Single Cell Mining Claim", "source": "Ontario MLAS operational claims (OGSEarth / LIO MapServer). Unofficial viewing data, not legal title.", "as_of": "2026-09-20", "role": "focus", "color": "#e8b040"}}, {"type": "Feature", "geometry": {"type": "Polygon", "coordinates": [[[-93.8625, 48.9667], [-93.8625, 48.9708], [-93.8688, 48.9708], [-93.8688, 48.9667], [-93.8625, 48.9667]]]}, "properties": {"company_id": "new-gold", "jurisdiction": "Ontario", "claim_id": "101680", "claim_name": null, "holder": "(100) NEW GOLD INC.", "status": "Active", "recorded_date": "2018-04-10", "anniversary_or_expiry": "2028-10-26", "area_ha": null, "tenure_type": "Single Cell Mining Claim", "source": "Ontario MLAS operational claims (OGSEarth / LIO MapServer). Unofficial viewing data, not legal title.", "as_of": "2026-09-20", "role": "focus", "color": "#e8b040"}}, {"type": "Feature", "geometry": {"type": "Polygon", "coordinates": [[[-93.8625, 48.9625], [-93.8625, 48.9667], [-93.8688, 48.9667], [-93.8688, 48.9625], [-93.8625, 48.9625]]]}, "properties": {"company_id": "new-gold", "jurisdiction": "Ontario", "claim_id": "101681", "claim_name": null, "holder": "(100) NEW GOLD INC.", "status": "Active", "recorded_date": "2018-04-10", "anniversary_or_expiry": "2028-10-26", "area_ha": null, "tenure_type": "Single Cell Mining Claim", "source": "Ontario MLAS operational claims (OGSEarth / LIO MapServer). Unofficial viewing data, not legal title.", "as_of": "2026-09-20", "role": "focus", "color": "#e8b040"}}, {"type": "Feature", "geometry": {"type": "Polygon", "coordinates": [[[-93.875, 48.9625], [-93.875, 48.9667], [-93.8813, 48.9667], [-93.8813, 48.9625], [-93.875, 48.9625]]]}, "properties": {"company_id": "new-gold", "jurisdiction": "Ontario", "claim_id": "101682", "claim_name": null, "holder": "(100) NEW GOLD INC.", "status": "Active", "recorded_date": "2018-04-10", "anniversary_or_expiry": "2028-10-26", "area_ha": null, "tenure_type": "Single Cell Mining Claim", "source": "Ontario MLAS operational claims (OGSEarth / LIO MapServer). Unofficial viewing data, not legal title.", "as_of": "2026-09-20", "role": "focus", "color": "#e8b040"}}, {"type": "Feature", "geometry": {"type": "Polygon", "coordinates": [[[-94.2125, 48.8042], [-94.2125, 48.8083], [-94.2188, 48.8083], [-94.2188, 48.8042], [-94.2125, 48.8042]]]}, "properties": {"company_id": "new-gold", "jurisdiction": "Ontario", "claim_id": "101701", "claim_name": null, "holder": "(100) NEW GOLD INC.", "status": "Active", "recorded_date": "2018-04-10", "anniversary_or_expiry": "2028-11-22", "area_ha": null, "tenure_type": "Single Cell Mining Claim", "source": "Ontario MLAS operational claims (OGSEarth / LIO MapServer). Unofficial viewing data, not legal title.", "as_of": "2026-09-20", "role": "focus", "color": "#e8b040"}}, {"type": "Feature", "geometry": {"type": "Polygon", "coordinates": [[[-94.2938, 48.8083], [-94.2938, 48.8125], [-94.3, 48.8125], [-94.3, 48.8083], [-94.2938, 48.8083]]]}, "properties": {"company_id": "new-gold", "jurisdiction": "Ontario", "claim_id": "100559", "claim_name": null, "holder": "(100) NEW GOLD INC.", "status": "Active", "recorded_date": "2018-04-10", "anniversary_or_expiry": "2026-12-02", "area_ha": null, "tenure_type": "Single Cell Mining Claim", "source": "Ontario MLAS operational claims (OGSEarth / LIO MapServer). Unofficial viewing data, not legal title.", "as_of": "2026-09-20", "role": "focus", "color": "#e8b040"}}, {"type": "Feature", "geometry": {"type": "Polygon", "coordinates": [[[-94.2875, 48.8042], [-94.2875, 48.8083], [-94.2938, 48.8083], [-94.2938, 48.8042], [-94.2875, 48.8042]]]}, "properties": {"company_id": "new-gold", "jurisdiction": "Ontario", "claim_id": "100560", "claim_name": null, "holder": "(100) NEW GOLD INC.", "status": "Active", "recorded_date": "2018-04-10", "anniversary_or_expiry": "2026-12-02", "area_ha": null, "tenure_type": "Single Cell Mining Claim", "source": "Ontario MLAS operational claims (OGSEarth / LIO MapServer). Unofficial viewing data, not legal title.", "as_of": "2026-09-20", "role": "focus", "color": "#e8b040"}}, {"type": "Feature", "geometry": {"type": "Polygon", "coordinates": [[[-93.7813, 48.9167], [-93.7813, 48.9208], [-93.7875, 48.9208], [-93.7875, 48.9167], [-93.7813, 48.9167]]]}, "properties": {"company_id": "new-gold", "jurisdiction": "Ontario", "claim_id": "101818", "claim_name": null, "holder": "(100) NEW GOLD INC.", "status": "Active", "recorded_date": "2018-04-10", "anniversary_or_expiry": "2027-02-13", "area_ha": null, "tenure_type": "Single Cell Mining Claim", "source": "Ontario MLAS operational claims (OGSEarth / LIO MapServer). Unofficial viewing data, not legal title.", "as_of": "2026-09-20", "role": "focus", "color": "#e8b040"}}, {"type": "Feature", "geometry": {"type": "Polygon", "coordinates": [[[-93.8438, 48.8958], [-93.8438, 48.9], [-93.85, 48.9], [-93.85, 48.8958], [-93.8438, 48.8958]]]}, "properties": {"company_id": "new-gold", "jurisdiction": "Ontario", "claim_id": "101262", "claim_name": null, "holder": "(100) NEW GOLD INC.", "status": "Active", "recorded_date": "2018-04-10", "anniversary_or_expiry": "2028-06-26", "area_ha": null, "tenure_type": "Boundary Cell Mining Claim", "source": "Ontario MLAS operational claims (OGSEarth / LIO MapServer). Unofficial viewing data, not legal title.", "as_of": "2026-09-20", "role": "focus", "color": "#e8b040"}}, {"type": "Feature", "geometry": {"type": "Polygon", "coordinates": [[[-94.1375, 48.8333], [-94.1375, 48.8375], [-94.1438, 48.8375], [-94.1438, 48.8333], [-94.1375, 48.8333]]]}, "properties": {"company_id": "new-gold", "jurisdiction": "Ontario", "claim_id": "101271", "claim_name": null, "holder": "(100) NEW GOLD INC.", "status": "Active", "recorded_date": "2018-04-10", "anniversary_or_expiry": "2028-11-22", "area_ha": null, "tenure_type": "Single Cell Mining Claim", "source": "Ontario MLAS operational claims (OGSEarth / LIO MapServer). Unofficial viewing data, not legal title.", "as_of": "2026-09-20", "role": "focus", "color": "#e8b040"}}, {"type": "Feature", "geometry": {"type": "Polygon", "coordinates": [[[-93.8563, 48.9042], [-93.8563, 48.9083], [-93.8625, 48.9083], [-93.8625, 48.9042], [-93.8563, 48.9042]]]}, "properties": {"company_id": "new-gold", "jurisdiction": "Ontario", "claim_id": "101846", "claim_name": null, "holder": "(100) NEW GOLD INC.", "status": "Active", "recorded_date": "2018-04-10", "anniversary_or_expiry": "2027-03-01", "area_ha": null, "tenure_type": "Single Cell Mining Claim", "source": "Ontario MLAS operational claims (OGSEarth / LIO MapServer). Unofficial viewing data, not legal title.", "as_of": "2026-09-20", "role": "focus", "color": "#e8b040"}}, {"type": "Feature", "geometry": {"type": "Polygon", "coordinates": [[[-93.825, 48.875], [-93.825, 48.8792], [-93.8313, 48.8792], [-93.8313, 48.875], [-93.825, 48.875]]]}, "properties": {"company_id": "new-gold", "jurisdiction": "Ontario", "claim_id": "101300", "claim_name": null, "holder": "(100) NEW GOLD INC.", "status": "Active", "recorded_date": "2018-04-10", "anniversary_or_expiry": "2028-05-04", "area_ha": null, "tenure_type": "Single Cell Mining Claim", "source": "Ontario MLAS operational claims (OGSEarth / LIO MapServer). Unofficial viewing data, not legal title.", "as_of": "2026-09-20", "role": "focus", "color": "#e8b040"}}, {"type": "Feature", "geometry": {"type": "Polygon", "coordinates": [[[-94.0438, 48.8833], [-94.0438, 48.8875], [-94.05, 48.8875], [-94.05, 48.8833], [-94.0438, 48.8833]]]}, "properties": {"company_id": "new-gold", "jurisdiction": "Ontario", "claim_id": "101917", "claim_name": null, "holder": "(100) NEW GOLD INC.", "status": "Active", "recorded_date": "2018-04-10", "anniversary_or_expiry": "2028-10-15", "area_ha": null, "tenure_type": "Single Cell Mining Claim", "source": "Ontario MLAS operational claims (OGSEarth / LIO MapServer). Unofficial viewing data, not legal title.", "as_of": "2026-09-20", "role": "focus", "color": "#e8b040"}}, {"type": "Feature", "geometry": {"type": "Polygon", "coordinates": [[[-93.8438, 48.8917], [-93.8438, 48.8958], [-93.85, 48.8958], [-93.85, 48.8917], [-93.8438, 48.8917]]]}, "properties": {"company_id": "new-gold", "jurisdiction": "Ontario", "claim_id": "101958", "claim_name": null, "holder": "(100) NEW GOLD INC.", "status": "Active", "recorded_date": "2018-04-10", "anniversary_or_expiry": "2028-05-16", "area_ha": null, "tenure_type": "Single Cell Mining Claim", "source": "Ontario MLAS operational claims (OGSEarth / LIO MapServer). Unofficial viewing data, not legal title.", "as_of": "2026-09-20", "role": "focus", "color": "#e8b040"}}, {"type": "Feature", "geometry": {"type": "Polygon", "coordinates": [[[-94.075, 48.8917], [-94.075, 48.8958], [-94.0813, 48.8958], [-94.0813, 48.8917], [-94.075, 48.8917]]]}, "properties": {"company_id": "new-gold", "jurisdiction": "Ontario", "claim_id": "100839", "claim_name": null, "holder": "(100) NEW GOLD INC.", "status": "Active", "recorded_date": "2018-04-10", "anniversary_or_expiry": "2028-10-15", "area_ha": null, "tenure_type": "Single Cell Mining Claim", "source": "Ontario MLAS operational claims (OGSEarth / LIO MapServer). Unofficial viewing data, not legal title.", "as_of": "2026-09-20", "role": "focus", "color": "#e8b040"}}, {"type": "Feature", "geometry": {"type": "Polygon", "coordinates": [[[-94.0438, 48.8917], [-94.0438, 48.8958], [-94.05, 48.8958], [-94.05, 48.8917], [-94.0438, 48.8917]]]}, "properties": {"company_id": "new-gold", "jurisdiction": "Ontario", "claim_id": "101425", "claim_name": null, "holder": "(100) NEW GOLD INC.", "status": "Active", "recorded_date": "2018-04-10", "anniversary_or_expiry": "2028-10-15", "area_ha": null, "tenure_type": "Single Cell Mining Claim", "source": "Ontario MLAS operational claims (OGSEarth / LIO MapServer). Unofficial viewing data, not legal title.", "as_of": "2026-09-20", "role": "focus", "color": "#e8b040"}}, {"type": "Feature", "geometry": {"type": "Polygon", "coordinates": [[[-94.2, 48.7958], [-94.2, 48.8], [-94.2063, 48.8], [-94.2063, 48.7958], [-94.2, 48.7958]]]}, "properties": {"company_id": "new-gold", "jurisdiction": "Ontario", "claim_id": "101426", "claim_name": null, "holder": "(100) NEW GOLD INC.", "status": "Active", "recorded_date": "2018-04-10", "anniversary_or_expiry": "2028-11-22", "area_ha": null, "tenure_type": "Single Cell Mining Claim", "source": "Ontario MLAS operational claims (OGSEarth / LIO MapServer). Unofficial viewing data, not legal title.", "as_of": "2026-09-20", "role": "focus", "color": "#e8b040"}}, {"type": "Feature", "geometry": {"type": "Polygon", "coordinates": [[[-94.2063, 48.7917], [-94.2063, 48.7958], [-94.2125, 48.7958], [-94.2125, 48.7917], [-94.2063, 48.7917]]]}, "properties": {"company_id": "new-gold", "jurisdiction": "Ontario", "claim_id": "101427", "claim_name": null, "holder": "(100) NEW GOLD INC.", "status": "Active", "recorded_date": "2018-04-10", "anniversary_or_expiry": "2028-11-22", "area_ha": null, "tenure_type": "Single Cell Mining Claim", "source": "Ontario MLAS operational claims (OGSEarth / LIO MapServer). Unofficial viewing data, not legal title.", "as_of": "2026-09-20", "role": "focus", "color": "#e8b040"}}, {"type": "Feature", "geometry": {"type": "Polygon", "coordinates": [[[-94.25, 48.7833], [-94.25, 48.7875], [-94.2563, 48.7875], [-94.2563, 48.7833], [-94.25, 48.7833]]]}, "properties": {"company_id": "new-gold", "jurisdiction": "Ontario", "claim_id": "101980", "claim_name": null, "holder": "(100) NEW GOLD INC.", "status": "Active", "recorded_date": "2018-04-10", "anniversary_or_expiry": "2028-11-22", "area_ha": null, "tenure_type": "Single Cell Mining Claim", "source": "Ontario MLAS operational claims (OGSEarth / LIO MapServer). Unofficial viewing data, not legal title.", "as_of": "2026-09-20", "role": "focus", "color": "#e8b040"}}, {"type": "Feature", "geometry": {"type": "Polygon", "coordinates": [[[-93.8625, 48.8833], [-93.8625, 48.8875], [-93.8688, 48.8875], [-93.8688, 48.8833], [-93.8625, 48.8833]]]}, "properties": {"company_id": "new-gold", "jurisdiction": "Ontario", "claim_id": "101995", "claim_name": null, "holder": "(100) NEW GOLD INC.", "status": "Active", "recorded_date": "2018-04-10", "anniversary_or_expiry": "2028-04-19", "area_ha": null, "tenure_type": "Single Cell Mining Claim", "source": "Ontario MLAS operational claims (OGSEarth / LIO MapServer). Unofficial viewing data, not legal title.", "as_of": "2026-09-20", "role": "focus", "color": "#e8b040"}}, {"type": "Feature", "geometry": {"type": "Polygon", "coordinates": [[[-93.8563, 48.875], [-93.8563, 48.8792], [-93.8625, 48.8792], [-93.8625, 48.875], [-93.8563, 48.875]]]}, "properties": {"company_id": "new-gold", "jurisdiction": "Ontario", "claim_id": "101996", "claim_name": null, "holder": "(100) NEW GOLD INC.", "status": "Active", "recorded_date": "2018-04-10", "anniversary_or_expiry": "2028-04-19", "area_ha": null, "tenure_type": "Single Cell Mining Claim", "source": "Ontario MLAS operational claims (OGSEarth / LIO MapServer). Unofficial viewing data, not legal title.", "as_of": "2026-09-20", "role": "focus", "color": "#e8b040"}}, {"type": "Feature", "geometry": {"type": "Polygon", "coordinates": [[[-93.875, 48.8875], [-93.875, 48.8917], [-93.8813, 48.8917], [-93.8813, 48.8875], [-93.875, 48.8875]]]}, "properties": {"company_id": "new-gold", "jurisdiction": "Ontario", "claim_id": "102013", "claim_name": null, "holder": "(100) NEW GOLD INC.", "status": "Active", "recorded_date": "2018-04-10", "anniversary_or_expiry": "2027-01-28", "area_ha": null, "tenure_type": "Single Cell Mining Claim", "source": "Ontario MLAS operational claims (OGSEarth / LIO MapServer). Unofficial viewing data, not legal title.", "as_of": "2026-09-20", "role": "focus", "color": "#e8b040"}}, {"type": "Feature", "geometry": {"type": "Polygon", "coordinates": [[[-94.1375, 48.825], [-94.1375, 48.8292], [-94.1438, 48.8292], [-94.1438, 48.825], [-94.1375, 48.825]]]}, "properties": {"company_id": "new-gold", "jurisdiction": "Ontario", "claim_id": "102048", "claim_name": null, "holder": "(100) NEW GOLD INC.", "status": "Active", "recorded_date": "2018-04-10", "anniversary_or_expiry": "2028-11-22", "area_ha": null, "tenure_type": "Single Cell Mining Claim", "source": "Ontario MLAS operational claims (OGSEarth / LIO MapServer). Unofficial viewing data, not legal title.", "as_of": "2026-09-20", "role": "focus", "color": "#e8b040"}}, {"type": "Feature", "geometry": {"type": "Polygon", "coordinates": [[[-93.9313, 48.8667], [-93.9313, 48.8708], [-93.9375, 48.8708], [-93.9375, 48.8667], [-93.9313, 48.8667]]]}, "properties": {"company_id": "new-gold", "jurisdiction": "Ontario", "claim_id": "102051", "claim_name": null, "holder": "(100) NEW GOLD INC.", "status": "Active", "recorded_date": "2018-04-10", "anniversary_or_expiry": "2028-05-06", "area_ha": null, "tenure_type": "Single Cell Mining Claim", "source": "Ontario MLAS operational claims (OGSEarth / LIO MapServer). Unofficial viewing data, not legal title.", "as_of": "2026-09-20", "role": "focus", "color": "#e8b040"}}, {"type": "Feature", "geometry": {"type": "Polygon", "coordinates": [[[-93.9438, 48.8667], [-93.9438, 48.8708], [-93.95, 48.8708], [-93.95, 48.8667], [-93.9438, 48.8667]]]}, "properties": {"company_id": "new-gold", "jurisdiction": "Ontario", "claim_id": "102052", "claim_name": null, "holder": "(100) NEW GOLD INC.", "status": "Active", "recorded_date": "2018-04-10", "anniversary_or_expiry": "2028-05-06", "area_ha": null, "tenure_type": "Single Cell Mining Claim", "source": "Ontario MLAS operational claims (OGSEarth / LIO MapServer). Unofficial viewing data, not legal title.", "as_of": "2026-09-20", "role": "focus", "color": "#e8b040"}}, {"type": "Feature", "geometry": {"type": "Polygon", "coordinates": [[[-93.7188, 48.9917], [-93.7188, 48.9958], [-93.725, 48.9958], [-93.725, 48.9917], [-93.7188, 48.9917]]]}, "properties": {"company_id": "new-gold", "jurisdiction": "Ontario", "claim_id": "102697", "claim_name": null, "holder": "(100) NEW GOLD INC.", "status": "Active", "recorded_date": "2018-04-10", "anniversary_or_expiry": "2028-07-11", "area_ha": null, "tenure_type": "Single Cell Mining Claim", "source": "Ontario MLAS operational claims (OGSEarth / LIO MapServer). Unofficial viewing data, not legal title.", "as_of": "2026-09-20", "role": "focus", "color": "#e8b040"}}, {"type": "Feature", "geometry": {"type": "Polygon", "coordinates": [[[-93.7313, 48.9833], [-93.7313, 48.9875], [-93.7375, 48.9875], [-93.7375, 48.9833], [-93.7313, 48.9833]]]}, "properties": {"company_id": "new-gold", "jurisdiction": "Ontario", "claim_id": "102698", "claim_name": null, "holder": "(100) NEW GOLD INC.", "status": "Active", "recorded_date": "2018-04-10", "anniversary_or_expiry": "2028-07-11", "area_ha": null, "tenure_type": "Single Cell Mining Claim", "source": "Ontario MLAS operational claims (OGSEarth / LIO MapServer). Unofficial viewing data, not legal title.", "as_of": "2026-09-20", "role": "focus", "color": "#e8b040"}}, {"type": "Feature", "geometry": {"type": "Polygon", "coordinates": [[[-93.8188, 48.8708], [-93.8188, 48.875], [-93.825, 48.875], [-93.825, 48.8708], [-93.8188, 48.8708]]]}, "properties": {"company_id": "new-gold", "jurisdiction": "Ontario", "claim_id": "102699", "claim_name": null, "holder": "(100) NEW GOLD INC.", "status": "Active", "recorded_date": "2018-04-10", "anniversary_or_expiry": "2028-05-04", "area_ha": null, "tenure_type": "Single Cell Mining Claim", "source": "Ontario MLAS operational claims (OGSEarth / LIO MapServer). Unofficial viewing data, not legal title.", "as_of": "2026-09-20", "role": "focus", "color": "#e8b040"}}, {"type": "Feature", "geometry": {"type": "Polygon", "coordinates": [[[-93.8625, 49.0], [-93.8625, 49.0042], [-93.8688, 49.0042], [-93.8688, 49.0], [-93.8625, 49.0]]]}, "properties": {"company_id": "new-gold", "jurisdiction": "Ontario", "claim_id": "102723", "claim_name": null, "holder": "(100) NEW GOLD INC.", "status": "Active", "recorded_date": "2018-04-10", "anniversary_or_expiry": "2028-08-04", "area_ha": null, "tenure_type": "Single Cell Mining Claim", "source": "Ontario MLAS operational claims (OGSEarth / LIO MapServer). Unofficial viewing data, not legal title.", "as_of": "2026-09-20", "role": "focus", "color": "#e8b040"}}, {"type": "Feature", "geometry": {"type": "Polygon", "coordinates": [[[-93.9813, 48.7792], [-93.9813, 48.7833], [-93.9875, 48.7833], [-93.9875, 48.7792], [-93.9813, 48.7792]]]}, "properties": {"company_id": "new-gold", "jurisdiction": "Ontario", "claim_id": "102758", "claim_name": null, "holder": "(100) NEW GOLD INC.", "status": "Active", "recorded_date": "2018-04-10", "anniversary_or_expiry": "2027-01-11", "area_ha": null, "tenure_type": "Single Cell Mining Claim", "source": "Ontario MLAS operational claims (OGSEarth / LIO MapServer). Unofficial viewing data, not legal title.", "as_of": "2026-09-20", "role": "focus", "color": "#e8b040"}}, {"type": "Feature", "geometry": {"type": "Polygon", "coordinates": [[[-93.7938, 48.9583], [-93.7938, 48.9625], [-93.8, 48.9625], [-93.8, 48.9583], [-93.7938, 48.9583]]]}, "properties": {"company_id": "new-gold", "jurisdiction": "Ontario", "claim_id": "102777", "claim_name": null, "holder": "(100) NEW GOLD INC.", "status": "Active", "recorded_date": "2018-04-10", "anniversary_or_expiry": "2028-06-02", "area_ha": null, "tenure_type": "Single Cell Mining Claim", "source": "Ontario MLAS operational claims (OGSEarth / LIO MapServer). Unofficial viewing data, not legal title.", "as_of": "2026-09-20", "role": "focus", "color": "#e8b040"}}, {"type": "Feature", "geometry": {"type": "Polygon", "coordinates": [[[-93.8313, 48.9917], [-93.8313, 48.9958], [-93.8375, 48.9958], [-93.8375, 48.9917], [-93.8313, 48.9917]]]}, "properties": {"company_id": "new-gold", "jurisdiction": "Ontario", "claim_id": "102832", "claim_name": null, "holder": "(100) NEW GOLD INC.", "status": "Active", "recorded_date": "2018-04-10", "anniversary_or_expiry": "2028-05-08", "area_ha": null, "tenure_type": "Single Cell Mining Claim", "source": "Ontario MLAS operational claims (OGSEarth / LIO MapServer). Unofficial viewing data, not legal title.", "as_of": "2026-09-20", "role": "focus", "color": "#e8b040"}}, {"type": "Feature", "geometry": {"type": "Polygon", "coordinates": [[[-93.825, 48.9833], [-93.825, 48.9875], [-93.8313, 48.9875], [-93.8313, 48.9833], [-93.825, 48.9833]]]}, "properties": {"company_id": "new-gold", "jurisdiction": "Ontario", "claim_id": "102833", "claim_name": null, "holder": "(100) NEW GOLD INC.", "status": "Active", "recorded_date": "2018-04-10", "anniversary_or_expiry": "2028-05-08", "area_ha": null, "tenure_type": "Single Cell Mining Claim", "source": "Ontario MLAS operational claims (OGSEarth / LIO MapServer). Unofficial viewing data, not legal title.", "as_of": "2026-09-20", "role": "focus", "color": "#e8b040"}}, {"type": "Feature", "geometry": {"type": "Polygon", "coordinates": [[[-93.75, 48.9833], [-93.75, 48.9875], [-93.7563, 48.9875], [-93.7563, 48.9833], [-93.75, 48.9833]]]}, "properties": {"company_id": "new-gold", "jurisdiction": "Ontario", "claim_id": "102834", "claim_name": null, "holder": "(100) NEW GOLD INC.", "status": "Active", "recorded_date": "2018-04-10", "anniversary_or_expiry": "2028-07-11", "area_ha": null, "tenure_type": "Single Cell Mining Claim", "source": "Ontario MLAS operational claims (OGSEarth / LIO MapServer). Unofficial viewing data, not legal title.", "as_of": "2026-09-20", "role": "focus", "color": "#e8b040"}}, {"type": "Feature", "geometry": {"type": "Polygon", "coordinates": [[[-93.8438, 48.9708], [-93.8438, 48.975], [-93.85, 48.975], [-93.85, 48.9708], [-93.8438, 48.9708]]]}, "properties": {"company_id": "new-gold", "jurisdiction": "Ontario", "claim_id": "102900", "claim_name": null, "holder": "(100) NEW GOLD INC.", "status": "Active", "recorded_date": "2018-04-10", "anniversary_or_expiry": "2028-06-02", "area_ha": null, "tenure_type": "Single Cell Mining Claim", "source": "Ontario MLAS operational claims (OGSEarth / LIO MapServer). Unofficial viewing data, not legal title.", "as_of": "2026-09-20", "role": "focus", "color": "#e8b040"}}, {"type": "Feature", "geometry": {"type": "Polygon", "coordinates": [[[-93.7188, 49.025], [-93.7188, 49.0292], [-93.725, 49.0292], [-93.725, 49.025], [-93.7188, 49.025]]]}, "properties": {"company_id": "new-gold", "jurisdiction": "Ontario", "claim_id": "102901", "claim_name": null, "holder": "(100) NEW GOLD INC.", "status": "Active", "recorded_date": "2018-04-10", "anniversary_or_expiry": "2028-07-11", "area_ha": null, "tenure_type": "Single Cell Mining Claim", "source": "Ontario MLAS operational claims (OGSEarth / LIO MapServer). Unofficial viewing data, not legal title.", "as_of": "2026-09-20", "role": "focus", "color": "#e8b040"}}, {"type": "Feature", "geometry": {"type": "Polygon", "coordinates": [[[-93.8, 48.9958], [-93.8, 49.0], [-93.8063, 49.0], [-93.8063, 48.9958], [-93.8, 48.9958]]]}, "properties": {"company_id": "new-gold", "jurisdiction": "Ontario", "claim_id": "102920", "claim_name": null, "holder": "(100) NEW GOLD INC.", "status": "Active", "recorded_date": "2018-04-10", "anniversary_or_expiry": "2028-05-25", "area_ha": null, "tenure_type": "Single Cell Mining Claim", "source": "Ontario MLAS operational claims (OGSEarth / LIO MapServer). Unofficial viewing data, not legal title.", "as_of": "2026-09-20", "role": "focus", "color": "#e8b040"}}, {"type": "Feature", "geometry": {"type": "Polygon", "coordinates": [[[-94.15, 48.8583], [-94.15, 48.8625], [-94.1563, 48.8625], [-94.1563, 48.8583], [-94.15, 48.8583]]]}, "properties": {"company_id": "new-gold", "jurisdiction": "Ontario", "claim_id": "103071", "claim_name": null, "holder": "(100) NEW GOLD INC.", "status": "Active", "recorded_date": "2018-04-10", "anniversary_or_expiry": "2028-10-13", "area_ha": null, "tenure_type": "Single Cell Mining Claim", "source": "Ontario MLAS operational claims (OGSEarth / LIO MapServer). Unofficial viewing data, not legal title.", "as_of": "2026-09-20", "role": "focus", "color": "#e8b040"}}, {"type": "Feature", "geometry": {"type": "Polygon", "coordinates": [[[-94.1563, 48.8583], [-94.1563, 48.8625], [-94.1625, 48.8625], [-94.1625, 48.8583], [-94.1563, 48.8583]]]}, "properties": {"company_id": "new-gold", "jurisdiction": "Ontario", "claim_id": "103072", "claim_name": null, "holder": "(100) NEW GOLD INC.", "status": "Active", "recorded_date": "2018-04-10", "anniversary_or_expiry": "2028-10-13", "area_ha": null, "tenure_type": "Single Cell Mining Claim", "source": "Ontario MLAS operational claims (OGSEarth / LIO MapServer). Unofficial viewing data, not legal title.", "as_of": "2026-09-20", "role": "focus", "color": "#e8b040"}}, {"type": "Feature", "geometry": {"type": "Polygon", "coordinates": [[[-93.8625, 48.9708], [-93.8625, 48.975], [-93.8688, 48.975], [-93.8688, 48.9708], [-93.8625, 48.9708]]]}, "properties": {"company_id": "new-gold", "jurisdiction": "Ontario", "claim_id": "102588", "claim_name": null, "holder": "(100) NEW GOLD INC.", "status": "Active", "recorded_date": "2018-04-10", "anniversary_or_expiry": "2028-10-26", "area_ha": null, "tenure_type": "Single Cell Mining Claim", "source": "Ontario MLAS operational claims (OGSEarth / LIO MapServer). Unofficial viewing data, not legal title.", "as_of": "2026-09-20", "role": "focus", "color": "#e8b040"}}, {"type": "Feature", "geometry": {"type": "Polygon", "coordinates": [[[-93.7563, 49.0167], [-93.7563, 49.0208], [-93.7625, 49.0208], [-93.7625, 49.0167], [-93.7563, 49.0167]]]}, "properties": {"company_id": "new-gold", "jurisdiction": "Ontario", "claim_id": "103175", "claim_name": null, "holder": "(100) NEW GOLD INC.", "status": "Active", "recorded_date": "2018-04-10", "anniversary_or_expiry": "2028-07-11", "area_ha": null, "tenure_type": "Single Cell Mining Claim", "source": "Ontario MLAS operational claims (OGSEarth / LIO MapServer). Unofficial viewing data, not legal title.", "as_of": "2026-09-20", "role": "focus", "color": "#e8b040"}}, {"type": "Feature", "geometry": {"type": "Polygon", "coordinates": [[[-93.8188, 48.9542], [-93.8188, 48.9583], [-93.825, 48.9583], [-93.825, 48.9542], [-93.8188, 48.9542]]]}, "properties": {"company_id": "new-gold", "jurisdiction": "Ontario", "claim_id": "103211", "claim_name": null, "holder": "(100) NEW GOLD INC.", "status": "Active", "recorded_date": "2018-04-10", "anniversary_or_expiry": "2028-06-02", "area_ha": null, "tenure_type": "Single Cell Mining Claim", "source": "Ontario MLAS operational claims (OGSEarth / LIO MapServer). Unofficial viewing data, not legal title.", "as_of": "2026-09-20", "role": "focus", "color": "#e8b040"}}, {"type": "Feature", "geometry": {"type": "Polygon", "coordinates": [[[-94.2938, 48.7833], [-94.2938, 48.7875], [-94.3, 48.7875], [-94.3, 48.7833], [-94.2938, 48.7833]]]}, "properties": {"company_id": "new-gold", "jurisdiction": "Ontario", "claim_id": "107516", "claim_name": null, "holder": "(100) NEW GOLD INC.", "status": "Active", "recorded_date": "2018-04-10", "anniversary_or_expiry": "2028-06-13", "area_ha": null, "tenure_type": "Single Cell Mining Claim", "source": "Ontario MLAS operational claims (OGSEarth / LIO MapServer). Unofficial viewing data, not legal title.", "as_of": "2026-09-20", "role": "focus", "color": "#e8b040"}}, {"type": "Feature", "geometry": {"type": "Polygon", "coordinates": [[[-94.2938, 48.75], [-94.2938, 48.7542], [-94.3, 48.7542], [-94.3, 48.75], [-94.2938, 48.75]]]}, "properties": {"company_id": "new-gold", "jurisdiction": "Ontario", "claim_id": "108292", "claim_name": null, "holder": "(100) NEW GOLD INC.", "status": "Active", "recorded_date": "2018-04-10", "anniversary_or_expiry": "2027-01-26", "area_ha": null, "tenure_type": "Single Cell Mining Claim", "source": "Ontario MLAS operational claims (OGSEarth / LIO MapServer). Unofficial viewing data, not legal title.", "as_of": "2026-09-20", "role": "focus", "color": "#e8b040"}}, {"type": "Feature", "geometry": {"type": "Polygon", "coordinates": [[[-94.3063, 48.7833], [-94.3063, 48.7875], [-94.3125, 48.7875], [-94.3125, 48.7833], [-94.3063, 48.7833]]]}, "properties": {"company_id": "new-gold", "jurisdiction": "Ontario", "claim_id": "110923", "claim_name": null, "holder": "(100) NEW GOLD INC.", "status": "Active", "recorded_date": "2018-04-10", "anniversary_or_expiry": "2028-06-13", "area_ha": null, "tenure_type": "Single Cell Mining Claim", "source": "Ontario MLAS operational claims (OGSEarth / LIO MapServer). Unofficial viewing data, not legal title.", "as_of": "2026-09-20", "role": "focus", "color": "#e8b040"}}, {"type": "Feature", "geometry": {"type": "Polygon", "coordinates": [[[-94.1, 48.8375], [-94.1, 48.8417], [-94.1063, 48.8417], [-94.1063, 48.8375], [-94.1, 48.8375]]]}, "properties": {"company_id": "new-gold", "jurisdiction": "Ontario", "claim_id": "115945", "claim_name": null, "holder": "(100) NEW GOLD INC.", "status": "Active", "recorded_date": "2018-04-10", "anniversary_or_expiry": "2028-11-27", "area_ha": null, "tenure_type": "Single Cell Mining Claim", "source": "Ontario MLAS operational claims (OGSEarth / LIO MapServer). Unofficial viewing data, not legal title.", "as_of": "2026-09-20", "role": "focus", "color": "#e8b040"}}, {"type": "Feature", "geometry": {"type": "Polygon", "coordinates": [[[-94.125, 48.8292], [-94.125, 48.8333], [-94.1313, 48.8333], [-94.1313, 48.8292], [-94.125, 48.8292]]]}, "properties": {"company_id": "new-gold", "jurisdiction": "Ontario", "claim_id": "115963", "claim_name": null, "holder": "(100) NEW GOLD INC.", "status": "Active", "recorded_date": "2018-04-10", "anniversary_or_expiry": "2028-11-27", "area_ha": null, "tenure_type": "Single Cell Mining Claim", "source": "Ontario MLAS operational claims (OGSEarth / LIO MapServer). Unofficial viewing data, not legal title.", "as_of": "2026-09-20", "role": "focus", "color": "#e8b040"}}, {"type": "Feature", "geometry": {"type": "Polygon", "coordinates": [[[-94.1, 48.825], [-94.1, 48.8292], [-94.1063, 48.8292], [-94.1063, 48.825], [-94.1, 48.825]]]}, "properties": {"company_id": "new-gold", "jurisdiction": "Ontario", "claim_id": "115964", "claim_name": null, "holder": "(100) NEW GOLD INC.", "status": "Active", "recorded_date": "2018-04-10", "anniversary_or_expiry": "2028-11-27", "area_ha": null, "tenure_type": "Single Cell Mining Claim", "source": "Ontario MLAS operational claims (OGSEarth / LIO MapServer). Unofficial viewing data, not legal title.", "as_of": "2026-09-20", "role": "focus", "color": "#e8b040"}}, {"type": "Feature", "geometry": {"type": "Polygon", "coordinates": [[[-94.2375, 48.7875], [-94.2375, 48.7917], [-94.2438, 48.7917], [-94.2438, 48.7875], [-94.2375, 48.7875]]]}, "properties": {"company_id": "new-gold", "jurisdiction": "Ontario", "claim_id": "115966", "claim_name": null, "holder": "(100) NEW GOLD INC.", "status": "Active", "recorded_date": "2018-04-10", "anniversary_or_expiry": "2028-11-22", "area_ha": null, "tenure_type": "Single Cell Mining Claim", "source": "Ontario MLAS operational claims (OGSEarth / LIO MapServer). Unofficial viewing data, not legal title.", "as_of": "2026-09-20", "role": "focus", "color": "#e8b040"}}, {"type": "Feature", "geometry": {"type": "Polygon", "coordinates": [[[-93.8188, 48.8625], [-93.8188, 48.8667], [-93.825, 48.8667], [-93.825, 48.8625], [-93.8188, 48.8625]]]}, "properties": {"company_id": "new-gold", "jurisdiction": "Ontario", "claim_id": "116008", "claim_name": null, "holder": "(100) NEW GOLD INC.", "status": "Active", "recorded_date": "2018-04-10", "anniversary_or_expiry": "2028-06-30", "area_ha": null, "tenure_type": "Single Cell Mining Claim", "source": "Ontario MLAS operational claims (OGSEarth / LIO MapServer). Unofficial viewing data, not legal title.", "as_of": "2026-09-20", "role": "focus", "color": "#e8b040"}}, {"type": "Feature", "geometry": {"type": "Polygon", "coordinates": [[[-93.9688, 48.9125], [-93.9688, 48.9167], [-93.975, 48.9167], [-93.975, 48.9125], [-93.9688, 48.9125]]]}, "properties": {"company_id": "new-gold", "jurisdiction": "Ontario", "claim_id": "114878", "claim_name": null, "holder": "(100) NEW GOLD INC.", "status": "Active", "recorded_date": "2018-04-10", "anniversary_or_expiry": "2027-03-01", "area_ha": null, "tenure_type": "Single Cell Mining Claim", "source": "Ontario MLAS operational claims (OGSEarth / LIO MapServer). Unofficial viewing data, not legal title.", "as_of": "2026-09-20", "role": "focus", "color": "#e8b040"}}, {"type": "Feature", "geometry": {"type": "Polygon", "coordinates": [[[-93.975, 48.8833], [-93.975, 48.8875], [-93.9813, 48.8875], [-93.9813, 48.8833], [-93.975, 48.8833]]]}, "properties": {"company_id": "new-gold", "jurisdiction": "Ontario", "claim_id": "116058", "claim_name": null, "holder": "(100) NEW GOLD INC.", "status": "Active", "recorded_date": "2018-04-10", "anniversary_or_expiry": "2026-12-19", "area_ha": null, "tenure_type": "Single Cell Mining Claim", "source": "Ontario MLAS operational claims (OGSEarth / LIO MapServer). Unofficial viewing data, not legal title.", "as_of": "2026-09-20", "role": "focus", "color": "#e8b040"}}, {"type": "Feature", "geometry": {"type": "Polygon", "coordinates": [[[-94.05, 48.8208], [-94.05, 48.825], [-94.0563, 48.825], [-94.0563, 48.8208], [-94.05, 48.8208]]]}, "properties": {"company_id": "new-gold", "jurisdiction": "Ontario", "claim_id": "115791", "claim_name": null, "holder": "(100) NEW GOLD INC.", "status": "Active", "recorded_date": "2018-04-10", "anniversary_or_expiry": "2028-10-27", "area_ha": null, "tenure_type": "Single Cell Mining Claim", "source": "Ontario MLAS operational claims (OGSEarth / LIO MapServer). Unofficial viewing data, not legal title.", "as_of": "2026-09-20", "role": "focus", "color": "#e8b040"}}, {"type": "Feature", "geometry": {"type": "Polygon", "coordinates": [[[-94.0688, 48.8208], [-94.0688, 48.825], [-94.075, 48.825], [-94.075, 48.8208], [-94.0688, 48.8208]]]}, "properties": {"company_id": "new-gold", "jurisdiction": "Ontario", "claim_id": "115792", "claim_name": null, "holder": "(100) NEW GOLD INC.", "status": "Active", "recorded_date": "2018-04-10", "anniversary_or_expiry": "2028-10-27", "area_ha": null, "tenure_type": "Single Cell Mining Claim", "source": "Ontario MLAS operational claims (OGSEarth / LIO MapServer). Unofficial viewing data, not legal title.", "as_of": "2026-09-20", "role": "focus", "color": "#e8b040"}}, {"type": "Feature", "geometry": {"type": "Polygon", "coordinates": [[[-94.2625, 48.8167], [-94.2625, 48.8208], [-94.2688, 48.8208], [-94.2688, 48.8167], [-94.2625, 48.8167]]]}, "properties": {"company_id": "new-gold", "jurisdiction": "Ontario", "claim_id": "118242", "claim_name": null, "holder": "(100) NEW GOLD INC.", "status": "Active", "recorded_date": "2018-04-10", "anniversary_or_expiry": "2026-12-02", "area_ha": null, "tenure_type": "Single Cell Mining Claim", "source": "Ontario MLAS operational claims (OGSEarth / LIO MapServer). Unofficial viewing data, not legal title.", "as_of": "2026-09-20", "role": "focus", "color": "#e8b040"}}, {"type": "Feature", "geometry": {"type": "Polygon", "coordinates": [[[-94.2625, 48.8042], [-94.2625, 48.8083], [-94.2688, 48.8083], [-94.2688, 48.8042], [-94.2625, 48.8042]]]}, "properties": {"company_id": "new-gold", "jurisdiction": "Ontario", "claim_id": "118243", "claim_name": null, "holder": "(100) NEW GOLD INC.", "status": "Active", "recorded_date": "2018-04-10", "anniversary_or_expiry": "2026-12-02", "area_ha": null, "tenure_type": "Single Cell Mining Claim", "source": "Ontario MLAS operational claims (OGSEarth / LIO MapServer). Unofficial viewing data, not legal title.", "as_of": "2026-09-20", "role": "focus", "color": "#e8b040"}}, {"type": "Feature", "geometry": {"type": "Polygon", "coordinates": [[[-94.0938, 48.8917], [-94.0938, 48.8958], [-94.1, 48.8958], [-94.1, 48.8917], [-94.0938, 48.8917]]]}, "properties": {"company_id": "new-gold", "jurisdiction": "Ontario", "claim_id": "116551", "claim_name": null, "holder": "(100) NEW GOLD INC.", "status": "Active", "recorded_date": "2018-04-10", "anniversary_or_expiry": "2028-10-15", "area_ha": null, "tenure_type": "Single Cell Mining Claim", "source": "Ontario MLAS operational claims (OGSEarth / LIO MapServer). Unofficial viewing data, not legal title.", "as_of": "2026-09-20", "role": "focus", "color": "#e8b040"}}, {"type": "Feature", "geometry": {"type": "Polygon", "coordinates": [[[-93.8375, 48.9125], [-93.8375, 48.9167], [-93.8438, 48.9167], [-93.8438, 48.9125], [-93.8375, 48.9125]]]}, "properties": {"company_id": "new-gold", "jurisdiction": "Ontario", "claim_id": "117119", "claim_name": null, "holder": "(100) NEW GOLD INC.", "status": "Active", "recorded_date": "2018-04-10", "anniversary_or_expiry": "2028-06-26", "area_ha": null, "tenure_type": "Single Cell Mining Claim", "source": "Ontario MLAS operational claims (OGSEarth / LIO MapServer). Unofficial viewing data, not legal title.", "as_of": "2026-09-20", "role": "focus", "color": "#e8b040"}}, {"type": "Feature", "geometry": {"type": "Polygon", "coordinates": [[[-94.0, 48.7917], [-94.0, 48.7958], [-94.0063, 48.7958], [-94.0063, 48.7917], [-94.0, 48.7917]]]}, "properties": {"company_id": "new-gold", "jurisdiction": "Ontario", "claim_id": "117133", "claim_name": null, "holder": "(100) NEW GOLD INC.", "status": "Active", "recorded_date": "2018-04-10", "anniversary_or_expiry": "2027-01-11", "area_ha": null, "tenure_type": "Single Cell Mining Claim", "source": "Ontario MLAS operational claims (OGSEarth / LIO MapServer). Unofficial viewing data, not legal title.", "as_of": "2026-09-20", "role": "focus", "color": "#e8b040"}}, {"type": "Feature", "geometry": {"type": "Polygon", "coordinates": [[[-94.2375, 48.8042], [-94.2375, 48.8083], [-94.2438, 48.8083], [-94.2438, 48.8042], [-94.2375, 48.8042]]]}, "properties": {"company_id": "new-gold", "jurisdiction": "Ontario", "claim_id": "117150", "claim_name": null, "holder": "(100) NEW GOLD INC.", "status": "Active", "recorded_date": "2018-04-10", "anniversary_or_expiry": "2028-11-22", "area_ha": null, "tenure_type": "Single Cell Mining Claim", "source": "Ontario MLAS operational claims (OGSEarth / LIO MapServer). Unofficial viewing data, not legal title.", "as_of": "2026-09-20", "role": "focus", "color": "#e8b040"}}, {"type": "Feature", "geometry": {"type": "Polygon", "coordinates": [[[-94.3188, 48.7708], [-94.3188, 48.775], [-94.325, 48.775], [-94.325, 48.7708], [-94.3188, 48.7708]]]}, "properties": {"company_id": "new-gold", "jurisdiction": "Ontario", "claim_id": "117158", "claim_name": null, "holder": "(100) NEW GOLD INC.", "status": "Active", "recorded_date": "2018-04-10", "anniversary_or_expiry": "2027-01-26", "area_ha": null, "tenure_type": "Single Cell Mining Claim", "source": "Ontario MLAS operational claims (OGSEarth / LIO MapServer). Unofficial viewing data, not legal title.", "as_of": "2026-09-20", "role": "focus", "color": "#e8b040"}}, {"type": "Feature", "geometry": {"type": "Polygon", "coordinates": [[[-94.3063, 48.7667], [-94.3063, 48.7708], [-94.3125, 48.7708], [-94.3125, 48.7667], [-94.3063, 48.7667]]]}, "properties": {"company_id": "new-gold", "jurisdiction": "Ontario", "claim_id": "117159", "claim_name": null, "holder": "(100) NEW GOLD INC.", "status": "Active", "recorded_date": "2018-04-10", "anniversary_or_expiry": "2027-01-26", "area_ha": null, "tenure_type": "Single Cell Mining Claim", "source": "Ontario MLAS operational claims (OGSEarth / LIO MapServer). Unofficial viewing data, not legal title.", "as_of": "2026-09-20", "role": "focus", "color": "#e8b040"}}, {"type": "Feature", "geometry": {"type": "Polygon", "coordinates": [[[-94.3125, 48.7667], [-94.3125, 48.7708], [-94.3188, 48.7708], [-94.3188, 48.7667], [-94.3125, 48.7667]]]}, "properties": {"company_id": "new-gold", "jurisdiction": "Ontario", "claim_id": "117160", "claim_name": null, "holder": "(100) NEW GOLD INC.", "status": "Active", "recorded_date": "2018-04-10", "anniversary_or_expiry": "2027-01-26", "area_ha": null, "tenure_type": "Single Cell Mining Claim", "source": "Ontario MLAS operational claims (OGSEarth / LIO MapServer). Unofficial viewing data, not legal title.", "as_of": "2026-09-20", "role": "focus", "color": "#e8b040"}}, {"type": "Feature", "geometry": {"type": "Polygon", "coordinates": [[[-93.8625, 48.9083], [-93.8625, 48.9125], [-93.8688, 48.9125], [-93.8688, 48.9083], [-93.8625, 48.9083]]]}, "properties": {"company_id": "new-gold", "jurisdiction": "Ontario", "claim_id": "117166", "claim_name": null, "holder": "(100) NEW GOLD INC.", "status": "Active", "recorded_date": "2018-04-10", "anniversary_or_expiry": "2027-02-20", "area_ha": null, "tenure_type": "Single Cell Mining Claim", "source": "Ontario MLAS operational claims (OGSEarth / LIO MapServer). Unofficial viewing data, not legal title.", "as_of": "2026-09-20", "role": "focus", "color": "#e8b040"}}, {"type": "Feature", "geometry": {"type": "Polygon", "coordinates": [[[-93.8688, 48.9083], [-93.8688, 48.9125], [-93.875, 48.9125], [-93.875, 48.9083], [-93.8688, 48.9083]]]}, "properties": {"company_id": "new-gold", "jurisdiction": "Ontario", "claim_id": "117167", "claim_name": null, "holder": "(100) NEW GOLD INC.", "status": "Active", "recorded_date": "2018-04-10", "anniversary_or_expiry": "2027-02-20", "area_ha": null, "tenure_type": "Single Cell Mining Claim", "source": "Ontario MLAS operational claims (OGSEarth / LIO MapServer). Unofficial viewing data, not legal title.", "as_of": "2026-09-20", "role": "focus", "color": "#e8b040"}}, {"type": "Feature", "geometry": {"type": "Polygon", "coordinates": [[[-93.85, 48.8958], [-93.85, 48.9], [-93.8563, 48.9], [-93.8563, 48.8958], [-93.85, 48.8958]]]}, "properties": {"company_id": "new-gold", "jurisdiction": "Ontario", "claim_id": "117749", "claim_name": null, "holder": "(100) NEW GOLD INC.", "status": "Active", "recorded_date": "2018-04-10", "anniversary_or_expiry": "2028-06-26", "area_ha": null, "tenure_type": "Boundary Cell Mining Claim", "source": "Ontario MLAS operational claims (OGSEarth / LIO MapServer). Unofficial viewing data, not legal title.", "as_of": "2026-09-20", "role": "focus", "color": "#e8b040"}}, {"type": "Feature", "geometry": {"type": "Polygon", "coordinates": [[[-94.1438, 48.8292], [-94.1438, 48.8333], [-94.15, 48.8333], [-94.15, 48.8292], [-94.1438, 48.8292]]]}, "properties": {"company_id": "new-gold", "jurisdiction": "Ontario", "claim_id": "117757", "claim_name": null, "holder": "(100) NEW GOLD INC.", "status": "Active", "recorded_date": "2018-04-10", "anniversary_or_expiry": "2028-11-22", "area_ha": null, "tenure_type": "Single Cell Mining Claim", "source": "Ontario MLAS operational claims (OGSEarth / LIO MapServer). Unofficial viewing data, not legal title.", "as_of": "2026-09-20", "role": "focus", "color": "#e8b040"}}, {"type": "Feature", "geometry": {"type": "Polygon", "coordinates": [[[-93.825, 48.8833], [-93.825, 48.8875], [-93.8313, 48.8875], [-93.8313, 48.8833], [-93.825, 48.8833]]]}, "properties": {"company_id": "new-gold", "jurisdiction": "Ontario", "claim_id": "117789", "claim_name": null, "holder": "(100) NEW GOLD INC.", "status": "Active", "recorded_date": "2018-04-10", "anniversary_or_expiry": "2028-05-04", "area_ha": null, "tenure_type": "Single Cell Mining Claim", "source": "Ontario MLAS operational claims (OGSEarth / LIO MapServer). Unofficial viewing data, not legal title.", "as_of": "2026-09-20", "role": "focus", "color": "#e8b040"}}, {"type": "Feature", "geometry": {"type": "Polygon", "coordinates": [[[-93.7563, 49.0208], [-93.7563, 49.025], [-93.7625, 49.025], [-93.7625, 49.0208], [-93.7563, 49.0208]]]}, "properties": {"company_id": "new-gold", "jurisdiction": "Ontario", "claim_id": "117293", "claim_name": null, "holder": "(100) NEW GOLD INC.", "status": "Active", "recorded_date": "2018-04-10", "anniversary_or_expiry": "2028-07-11", "area_ha": null, "tenure_type": "Single Cell Mining Claim", "source": "Ontario MLAS operational claims (OGSEarth / LIO MapServer). Unofficial viewing data, not legal title.", "as_of": "2026-09-20", "role": "focus", "color": "#e8b040"}}, {"type": "Feature", "geometry": {"type": "Polygon", "coordinates": [[[-93.7438, 49.0167], [-93.7438, 49.0208], [-93.75, 49.0208], [-93.75, 49.0167], [-93.7438, 49.0167]]]}, "properties": {"company_id": "new-gold", "jurisdiction": "Ontario", "claim_id": "117294", "claim_name": null, "holder": "(100) NEW GOLD INC.", "status": "Active", "recorded_date": "2018-04-10", "anniversary_or_expiry": "2028-07-11", "area_ha": null, "tenure_type": "Single Cell Mining Claim", "source": "Ontario MLAS operational claims (OGSEarth / LIO MapServer). Unofficial viewing data, not legal title.", "as_of": "2026-09-20", "role": "focus", "color": "#e8b040"}}, {"type": "Feature", "geometry": {"type": "Polygon", "coordinates": [[[-93.7563, 48.9958], [-93.7563, 49.0], [-93.7625, 49.0], [-93.7625, 48.9958], [-93.7563, 48.9958]]]}, "properties": {"company_id": "new-gold", "jurisdiction": "Ontario", "claim_id": "117295", "claim_name": null, "holder": "(100) NEW GOLD INC.", "status": "Active", "recorded_date": "2018-04-10", "anniversary_or_expiry": "2028-05-25", "area_ha": null, "tenure_type": "Boundary Cell Mining Claim", "source": "Ontario MLAS operational claims (OGSEarth / LIO MapServer). Unofficial viewing data, not legal title.", "as_of": "2026-09-20", "role": "focus", "color": "#e8b040"}}, {"type": "Feature", "geometry": {"type": "Polygon", "coordinates": [[[-93.85, 48.9792], [-93.85, 48.9833], [-93.8563, 48.9833], [-93.8563, 48.9792], [-93.85, 48.9792]]]}, "properties": {"company_id": "new-gold", "jurisdiction": "Ontario", "claim_id": "117903", "claim_name": null, "holder": "(100) NEW GOLD INC.", "status": "Active", "recorded_date": "2018-04-10", "anniversary_or_expiry": "2028-10-26", "area_ha": null, "tenure_type": "Boundary Cell Mining Claim", "source": "Ontario MLAS operational claims (OGSEarth / LIO MapServer). Unofficial viewing data, not legal title.", "as_of": "2026-09-20", "role": "focus", "color": "#e8b040"}}, {"type": "Feature", "geometry": {"type": "Polygon", "coordinates": [[[-93.8688, 48.975], [-93.8688, 48.9792], [-93.875, 48.9792], [-93.875, 48.975], [-93.8688, 48.975]]]}, "properties": {"company_id": "new-gold", "jurisdiction": "Ontario", "claim_id": "117904", "claim_name": null, "holder": "(100) NEW GOLD INC.", "status": "Active", "recorded_date": "2018-04-10", "anniversary_or_expiry": "2028-10-26", "area_ha": null, "tenure_type": "Boundary Cell Mining Claim", "source": "Ontario MLAS operational claims (OGSEarth / LIO MapServer). Unofficial viewing data, not legal title.", "as_of": "2026-09-20", "role": "focus", "color": "#e8b040"}}, {"type": "Feature", "geometry": {"type": "Polygon", "coordinates": [[[-93.8875, 48.9417], [-93.8875, 48.9458], [-93.8938, 48.9458], [-93.8938, 48.9417], [-93.8875, 48.9417]]]}, "properties": {"company_id": "new-gold", "jurisdiction": "Ontario", "claim_id": "117907", "claim_name": null, "holder": "(100) NEW GOLD INC.", "status": "Active", "recorded_date": "2018-04-10", "anniversary_or_expiry": "2028-10-26", "area_ha": null, "tenure_type": "Single Cell Mining Claim", "source": "Ontario MLAS operational claims (OGSEarth / LIO MapServer). Unofficial viewing data, not legal title.", "as_of": "2026-09-20", "role": "focus", "color": "#e8b040"}}, {"type": "Feature", "geometry": {"type": "Polygon", "coordinates": [[[-94.2688, 48.8125], [-94.2688, 48.8167], [-94.275, 48.8167], [-94.275, 48.8125], [-94.2688, 48.8125]]]}, "properties": {"company_id": "new-gold", "jurisdiction": "Ontario", "claim_id": "116173", "claim_name": null, "holder": "(100) NEW GOLD INC.", "status": "Active", "recorded_date": "2018-04-10", "anniversary_or_expiry": "2026-12-02", "area_ha": null, "tenure_type": "Single Cell Mining Claim", "source": "Ontario MLAS operational claims (OGSEarth / LIO MapServer). Unofficial viewing data, not legal title.", "as_of": "2026-09-20", "role": "focus", "color": "#e8b040"}}, {"type": "Feature", "geometry": {"type": "Polygon", "coordinates": [[[-94.2813, 48.8125], [-94.2813, 48.8167], [-94.2875, 48.8167], [-94.2875, 48.8125], [-94.2813, 48.8125]]]}, "properties": {"company_id": "new-gold", "jurisdiction": "Ontario", "claim_id": "116192", "claim_name": null, "holder": "(100) NEW GOLD INC.", "status": "Active", "recorded_date": "2018-04-10", "anniversary_or_expiry": "2026-12-02", "area_ha": null, "tenure_type": "Single Cell Mining Claim", "source": "Ontario MLAS operational claims (OGSEarth / LIO MapServer). Unofficial viewing data, not legal title.", "as_of": "2026-09-20", "role": "focus", "color": "#e8b040"}}, {"type": "Feature", "geometry": {"type": "Polygon", "coordinates": [[[-94.1875, 48.7958], [-94.1875, 48.8], [-94.1938, 48.8], [-94.1938, 48.7958], [-94.1875, 48.7958]]]}, "properties": {"company_id": "new-gold", "jurisdiction": "Ontario", "claim_id": "116748", "claim_name": null, "holder": "(100) NEW GOLD INC.", "status": "Active", "recorded_date": "2018-04-10", "anniversary_or_expiry": "2028-11-22", "area_ha": null, "tenure_type": "Single Cell Mining Claim", "source": "Ontario MLAS operational claims (OGSEarth / LIO MapServer). Unofficial viewing data, not legal title.", "as_of": "2026-09-20", "role": "focus", "color": "#e8b040"}}, {"type": "Feature", "geometry": {"type": "Polygon", "coordinates": [[[-94.1938, 48.7958], [-94.1938, 48.8], [-94.2, 48.8], [-94.2, 48.7958], [-94.1938, 48.7958]]]}, "properties": {"company_id": "new-gold", "jurisdiction": "Ontario", "claim_id": "116749", "claim_name": null, "holder": "(100) NEW GOLD INC.", "status": "Active", "recorded_date": "2018-04-10", "anniversary_or_expiry": "2028-11-22", "area_ha": null, "tenure_type": "Single Cell Mining Claim", "source": "Ontario MLAS operational claims (OGSEarth / LIO MapServer). Unofficial viewing data, not legal title.", "as_of": "2026-09-20", "role": "focus", "color": "#e8b040"}}, {"type": "Feature", "geometry": {"type": "Polygon", "coordinates": [[[-93.8313, 48.9417], [-93.8313, 48.9458], [-93.8375, 48.9458], [-93.8375, 48.9417], [-93.8313, 48.9417]]]}, "properties": {"company_id": "new-gold", "jurisdiction": "Ontario", "claim_id": "116204", "claim_name": null, "holder": "(100) NEW GOLD INC.", "status": "Active", "recorded_date": "2018-04-10", "anniversary_or_expiry": "2027-02-13", "area_ha": null, "tenure_type": "Single Cell Mining Claim", "source": "Ontario MLAS operational claims (OGSEarth / LIO MapServer). Unofficial viewing data, not legal title.", "as_of": "2026-09-20", "role": "focus", "color": "#e8b040"}}, {"type": "Feature", "geometry": {"type": "Polygon", "coordinates": [[[-93.8813, 48.975], [-93.8813, 48.9792], [-93.8875, 48.9792], [-93.8875, 48.975], [-93.8813, 48.975]]]}, "properties": {"company_id": "new-gold", "jurisdiction": "Ontario", "claim_id": "116218", "claim_name": null, "holder": "(100) NEW GOLD INC.", "status": "Active", "recorded_date": "2018-04-10", "anniversary_or_expiry": "2028-10-26", "area_ha": null, "tenure_type": "Boundary Cell Mining Claim", "source": "Ontario MLAS operational claims (OGSEarth / LIO MapServer). Unofficial viewing data, not legal title.", "as_of": "2026-09-20", "role": "focus", "color": "#e8b040"}}, {"type": "Feature", "geometry": {"type": "Polygon", "coordinates": [[[-93.8875, 48.975], [-93.8875, 48.9792], [-93.8938, 48.9792], [-93.8938, 48.975], [-93.8875, 48.975]]]}, "properties": {"company_id": "new-gold", "jurisdiction": "Ontario", "claim_id": "116219", "claim_name": null, "holder": "(100) NEW GOLD INC.", "status": "Active", "recorded_date": "2018-04-10", "anniversary_or_expiry": "2028-10-26", "area_ha": null, "tenure_type": "Single Cell Mining Claim", "source": "Ontario MLAS operational claims (OGSEarth / LIO MapServer). Unofficial viewing data, not legal title.", "as_of": "2026-09-20", "role": "focus", "color": "#e8b040"}}, {"type": "Feature", "geometry": {"type": "Polygon", "coordinates": [[[-93.875, 48.9958], [-93.875, 49.0], [-93.8813, 49.0], [-93.8813, 48.9958], [-93.875, 48.9958]]]}, "properties": {"company_id": "new-gold", "jurisdiction": "Ontario", "claim_id": "117397", "claim_name": null, "holder": "(100) NEW GOLD INC.", "status": "Active", "recorded_date": "2018-04-10", "anniversary_or_expiry": "2028-08-04", "area_ha": null, "tenure_type": "Boundary Cell Mining Claim", "source": "Ontario MLAS operational claims (OGSEarth / LIO MapServer). Unofficial viewing data, not legal title.", "as_of": "2026-09-20", "role": "focus", "color": "#e8b040"}}, {"type": "Feature", "geometry": {"type": "Polygon", "coordinates": [[[-94.175, 48.825], [-94.175, 48.8292], [-94.1813, 48.8292], [-94.1813, 48.825], [-94.175, 48.825]]]}, "properties": {"company_id": "new-gold", "jurisdiction": "Ontario", "claim_id": "116846", "claim_name": null, "holder": "(100) NEW GOLD INC.", "status": "Active", "recorded_date": "2018-04-10", "anniversary_or_expiry": "2027-03-03", "area_ha": null, "tenure_type": "Single Cell Mining Claim", "source": "Ontario MLAS operational claims (OGSEarth / LIO MapServer). Unofficial viewing data, not legal title.", "as_of": "2026-09-20", "role": "focus", "color": "#e8b040"}}, {"type": "Feature", "geometry": {"type": "Polygon", "coordinates": [[[-93.8625, 48.9542], [-93.8625, 48.9583], [-93.8688, 48.9583], [-93.8688, 48.9542], [-93.8625, 48.9542]]]}, "properties": {"company_id": "new-gold", "jurisdiction": "Ontario", "claim_id": "116852", "claim_name": null, "holder": "(100) NEW GOLD INC.", "status": "Active", "recorded_date": "2018-04-10", "anniversary_or_expiry": "2028-10-26", "area_ha": null, "tenure_type": "Single Cell Mining Claim", "source": "Ontario MLAS operational claims (OGSEarth / LIO MapServer). Unofficial viewing data, not legal title.", "as_of": "2026-09-20", "role": "focus", "color": "#e8b040"}}, {"type": "Feature", "geometry": {"type": "Polygon", "coordinates": [[[-93.8563, 48.95], [-93.8563, 48.9542], [-93.8625, 48.9542], [-93.8625, 48.95], [-93.8563, 48.95]]]}, "properties": {"company_id": "new-gold", "jurisdiction": "Ontario", "claim_id": "116853", "claim_name": null, "holder": "(100) NEW GOLD INC.", "status": "Active", "recorded_date": "2018-04-10", "anniversary_or_expiry": "2028-10-26", "area_ha": null, "tenure_type": "Single Cell Mining Claim", "source": "Ontario MLAS operational claims (OGSEarth / LIO MapServer). Unofficial viewing data, not legal title.", "as_of": "2026-09-20", "role": "focus", "color": "#e8b040"}}, {"type": "Feature", "geometry": {"type": "Polygon", "coordinates": [[[-93.85, 48.9583], [-93.85, 48.9625], [-93.8563, 48.9625], [-93.8563, 48.9583], [-93.85, 48.9583]]]}, "properties": {"company_id": "new-gold", "jurisdiction": "Ontario", "claim_id": "118006", "claim_name": null, "holder": "(100) NEW GOLD INC.", "status": "Active", "recorded_date": "2018-04-10", "anniversary_or_expiry": "2028-06-02", "area_ha": null, "tenure_type": "Boundary Cell Mining Claim", "source": "Ontario MLAS operational claims (OGSEarth / LIO MapServer). Unofficial viewing data, not legal title.", "as_of": "2026-09-20", "role": "focus", "color": "#e8b040"}}, {"type": "Feature", "geometry": {"type": "Polygon", "coordinates": [[[-93.725, 49.0042], [-93.725, 49.0083], [-93.7313, 49.0083], [-93.7313, 49.0042], [-93.725, 49.0042]]]}, "properties": {"company_id": "new-gold", "jurisdiction": "Ontario", "claim_id": "118007", "claim_name": null, "holder": "(100) NEW GOLD INC.", "status": "Active", "recorded_date": "2018-04-10", "anniversary_or_expiry": "2028-07-11", "area_ha": null, "tenure_type": "Single Cell Mining Claim", "source": "Ontario MLAS operational claims (OGSEarth / LIO MapServer). Unofficial viewing data, not legal title.", "as_of": "2026-09-20", "role": "focus", "color": "#e8b040"}}, {"type": "Feature", "geometry": {"type": "Polygon", "coordinates": [[[-93.7313, 49.0], [-93.7313, 49.0042], [-93.7375, 49.0042], [-93.7375, 49.0], [-93.7313, 49.0]]]}, "properties": {"company_id": "new-gold", "jurisdiction": "Ontario", "claim_id": "118008", "claim_name": null, "holder": "(100) NEW GOLD INC.", "status": "Active", "recorded_date": "2018-04-10", "anniversary_or_expiry": "2028-07-11", "area_ha": null, "tenure_type": "Single Cell Mining Claim", "source": "Ontario MLAS operational claims (OGSEarth / LIO MapServer). Unofficial viewing data, not legal title.", "as_of": "2026-09-20", "role": "focus", "color": "#e8b040"}}, {"type": "Feature", "geometry": {"type": "Polygon", "coordinates": [[[-93.7188, 48.9875], [-93.7188, 48.9917], [-93.725, 48.9917], [-93.725, 48.9875], [-93.7188, 48.9875]]]}, "properties": {"company_id": "new-gold", "jurisdiction": "Ontario", "claim_id": "118009", "claim_name": null, "holder": "(100) NEW GOLD INC.", "status": "Active", "recorded_date": "2018-04-10", "anniversary_or_expiry": "2028-07-11", "area_ha": null, "tenure_type": "Single Cell Mining Claim", "source": "Ontario MLAS operational claims (OGSEarth / LIO MapServer). Unofficial viewing data, not legal title.", "as_of": "2026-09-20", "role": "focus", "color": "#e8b040"}}, {"type": "Feature", "geometry": {"type": "Polygon", "coordinates": [[[-93.7188, 48.9833], [-93.7188, 48.9875], [-93.725, 48.9875], [-93.725, 48.9833], [-93.7188, 48.9833]]]}, "properties": {"company_id": "new-gold", "jurisdiction": "Ontario", "claim_id": "118010", "claim_name": null, "holder": "(100) NEW GOLD INC.", "status": "Active", "recorded_date": "2018-04-10", "anniversary_or_expiry": "2028-07-11", "area_ha": null, "tenure_type": "Single Cell Mining Claim", "source": "Ontario MLAS operational claims (OGSEarth / LIO MapServer). Unofficial viewing data, not legal title.", "as_of": "2026-09-20", "role": "focus", "color": "#e8b040"}}, {"type": "Feature", "geometry": {"type": "Polygon", "coordinates": [[[-93.8, 48.9083], [-93.8, 48.9125], [-93.8063, 48.9125], [-93.8063, 48.9083], [-93.8, 48.9083]]]}, "properties": {"company_id": "new-gold", "jurisdiction": "Ontario", "claim_id": "118011", "claim_name": null, "holder": "(100) NEW GOLD INC.", "status": "Active", "recorded_date": "2018-04-10", "anniversary_or_expiry": "2028-05-04", "area_ha": null, "tenure_type": "Boundary Cell Mining Claim", "source": "Ontario MLAS operational claims (OGSEarth / LIO MapServer). Unofficial viewing data, not legal title.", "as_of": "2026-09-20", "role": "focus", "color": "#e8b040"}}, {"type": "Feature", "geometry": {"type": "Polygon", "coordinates": [[[-93.8, 48.9042], [-93.8, 48.9083], [-93.8063, 48.9083], [-93.8063, 48.9042], [-93.8, 48.9042]]]}, "properties": {"company_id": "new-gold", "jurisdiction": "Ontario", "claim_id": "118012", "claim_name": null, "holder": "(100) NEW GOLD INC.", "status": "Active", "recorded_date": "2018-04-10", "anniversary_or_expiry": "2028-05-04", "area_ha": null, "tenure_type": "Single Cell Mining Claim", "source": "Ontario MLAS operational claims (OGSEarth / LIO MapServer). Unofficial viewing data, not legal title.", "as_of": "2026-09-20", "role": "focus", "color": "#e8b040"}}, {"type": "Feature", "geometry": {"type": "Polygon", "coordinates": [[[-93.8, 48.9], [-93.8, 48.9042], [-93.8063, 48.9042], [-93.8063, 48.9], [-93.8, 48.9]]]}, "properties": {"company_id": "new-gold", "jurisdiction": "Ontario", "claim_id": "118013", "claim_name": null, "holder": "(100) NEW GOLD INC.", "status": "Active", "recorded_date": "2018-04-10", "anniversary_or_expiry": "2028-05-04", "area_ha": null, "tenure_type": "Single Cell Mining Claim", "source": "Ontario MLAS operational claims (OGSEarth / LIO MapServer). Unofficial viewing data, not legal title.", "as_of": "2026-09-20", "role": "focus", "color": "#e8b040"}}, {"type": "Feature", "geometry": {"type": "Polygon", "coordinates": [[[-93.8, 48.8917], [-93.8, 48.8958], [-93.8063, 48.8958], [-93.8063, 48.8917], [-93.8, 48.8917]]]}, "properties": {"company_id": "new-gold", "jurisdiction": "Ontario", "claim_id": "118014", "claim_name": null, "holder": "(100) NEW GOLD INC.", "status": "Active", "recorded_date": "2018-04-10", "anniversary_or_expiry": "2028-05-04", "area_ha": null, "tenure_type": "Single Cell Mining Claim", "source": "Ontario MLAS operational claims (OGSEarth / LIO MapServer). Unofficial viewing data, not legal title.", "as_of": "2026-09-20", "role": "focus", "color": "#e8b040"}}, {"type": "Feature", "geometry": {"type": "Polygon", "coordinates": [[[-93.8188, 48.9292], [-93.8188, 48.9333], [-93.825, 48.9333], [-93.825, 48.9292], [-93.8188, 48.9292]]]}, "properties": {"company_id": "new-gold", "jurisdiction": "Ontario", "claim_id": "116871", "claim_name": null, "holder": "(100) NEW GOLD INC.", "status": "Active", "recorded_date": "2018-04-10", "anniversary_or_expiry": "2028-06-21", "area_ha": null, "tenure_type": "Single Cell Mining Claim", "source": "Ontario MLAS operational claims (OGSEarth / LIO MapServer). Unofficial viewing data, not legal title.", "as_of": "2026-09-20", "role": "focus", "color": "#e8b040"}}, {"type": "Feature", "geometry": {"type": "Polygon", "coordinates": [[[-93.9125, 48.9583], [-93.9125, 48.9625], [-93.9188, 48.9625], [-93.9188, 48.9583], [-93.9125, 48.9583]]]}, "properties": {"company_id": "new-gold", "jurisdiction": "Ontario", "claim_id": "116873", "claim_name": null, "holder": "(100) NEW GOLD INC.", "status": "Active", "recorded_date": "2018-04-10", "anniversary_or_expiry": "2028-10-26", "area_ha": null, "tenure_type": "Single Cell Mining Claim", "source": "Ontario MLAS operational claims (OGSEarth / LIO MapServer). Unofficial viewing data, not legal title.", "as_of": "2026-09-20", "role": "focus", "color": "#e8b040"}}, {"type": "Feature", "geometry": {"type": "Polygon", "coordinates": [[[-93.8125, 48.8917], [-93.8125, 48.8958], [-93.8188, 48.8958], [-93.8188, 48.8917], [-93.8125, 48.8917]]]}, "properties": {"company_id": "new-gold", "jurisdiction": "Ontario", "claim_id": "117464", "claim_name": null, "holder": "(100) NEW GOLD INC.", "status": "Active", "recorded_date": "2018-04-10", "anniversary_or_expiry": "2027-01-28", "area_ha": null, "tenure_type": "Single Cell Mining Claim", "source": "Ontario MLAS operational claims (OGSEarth / LIO MapServer). Unofficial viewing data, not legal title.", "as_of": "2026-09-20", "role": "focus", "color": "#e8b040"}}, {"type": "Feature", "geometry": {"type": "Polygon", "coordinates": [[[-93.8063, 48.8875], [-93.8063, 48.8917], [-93.8125, 48.8917], [-93.8125, 48.8875], [-93.8063, 48.8875]]]}, "properties": {"company_id": "new-gold", "jurisdiction": "Ontario", "claim_id": "117465", "claim_name": null, "holder": "(100) NEW GOLD INC.", "status": "Active", "recorded_date": "2018-04-10", "anniversary_or_expiry": "2027-01-28", "area_ha": null, "tenure_type": "Boundary Cell Mining Claim", "source": "Ontario MLAS operational claims (OGSEarth / LIO MapServer). Unofficial viewing data, not legal title.", "as_of": "2026-09-20", "role": "focus", "color": "#e8b040"}}, {"type": "Feature", "geometry": {"type": "Polygon", "coordinates": [[[-93.8188, 48.8875], [-93.8188, 48.8917], [-93.825, 48.8917], [-93.825, 48.8875], [-93.8188, 48.8875]]]}, "properties": {"company_id": "new-gold", "jurisdiction": "Ontario", "claim_id": "117466", "claim_name": null, "holder": "(100) NEW GOLD INC.", "status": "Active", "recorded_date": "2018-04-10", "anniversary_or_expiry": "2027-01-28", "area_ha": null, "tenure_type": "Boundary Cell Mining Claim", "source": "Ontario MLAS operational claims (OGSEarth / LIO MapServer). Unofficial viewing data, not legal title.", "as_of": "2026-09-20", "role": "focus", "color": "#e8b040"}}, {"type": "Feature", "geometry": {"type": "Polygon", "coordinates": [[[-93.8563, 48.9875], [-93.8563, 48.9917], [-93.8625, 48.9917], [-93.8625, 48.9875], [-93.8563, 48.9875]]]}, "properties": {"company_id": "new-gold", "jurisdiction": "Ontario", "claim_id": "118036", "claim_name": null, "holder": "(100) NEW GOLD INC.", "status": "Active", "recorded_date": "2018-04-10", "anniversary_or_expiry": "2028-05-08", "area_ha": null, "tenure_type": "Single Cell Mining Claim", "source": "Ontario MLAS operational claims (OGSEarth / LIO MapServer). Unofficial viewing data, not legal title.", "as_of": "2026-09-20", "role": "focus", "color": "#e8b040"}}, {"type": "Feature", "geometry": {"type": "Polygon", "coordinates": [[[-93.8625, 48.9875], [-93.8625, 48.9917], [-93.8688, 48.9917], [-93.8688, 48.9875], [-93.8625, 48.9875]]]}, "properties": {"company_id": "new-gold", "jurisdiction": "Ontario", "claim_id": "118037", "claim_name": null, "holder": "(100) NEW GOLD INC.", "status": "Active", "recorded_date": "2018-04-10", "anniversary_or_expiry": "2028-05-08", "area_ha": null, "tenure_type": "Boundary Cell Mining Claim", "source": "Ontario MLAS operational claims (OGSEarth / LIO MapServer). Unofficial viewing data, not legal title.", "as_of": "2026-09-20", "role": "focus", "color": "#e8b040"}}, {"type": "Feature", "geometry": {"type": "Polygon", "coordinates": [[[-93.85, 48.9833], [-93.85, 48.9875], [-93.8563, 48.9875], [-93.8563, 48.9833], [-93.85, 48.9833]]]}, "properties": {"company_id": "new-gold", "jurisdiction": "Ontario", "claim_id": "118038", "claim_name": null, "holder": "(100) NEW GOLD INC.", "status": "Active", "recorded_date": "2018-04-10", "anniversary_or_expiry": "2028-05-08", "area_ha": null, "tenure_type": "Single Cell Mining Claim", "source": "Ontario MLAS operational claims (OGSEarth / LIO MapServer). Unofficial viewing data, not legal title.", "as_of": "2026-09-20", "role": "focus", "color": "#e8b040"}}, {"type": "Feature", "geometry": {"type": "Polygon", "coordinates": [[[-93.8188, 48.9917], [-93.8188, 48.9958], [-93.825, 48.9958], [-93.825, 48.9917], [-93.8188, 48.9917]]]}, "properties": {"company_id": "new-gold", "jurisdiction": "Ontario", "claim_id": "118151", "claim_name": null, "holder": "(100) NEW GOLD INC.", "status": "Active", "recorded_date": "2018-04-10", "anniversary_or_expiry": "2028-05-25", "area_ha": null, "tenure_type": "Single Cell Mining Claim", "source": "Ontario MLAS operational claims (OGSEarth / LIO MapServer). Unofficial viewing data, not legal title.", "as_of": "2026-09-20", "role": "focus", "color": "#e8b040"}}, {"type": "Feature", "geometry": {"type": "Polygon", "coordinates": [[[-93.8313, 48.9833], [-93.8313, 48.9875], [-93.8375, 48.9875], [-93.8375, 48.9833], [-93.8313, 48.9833]]]}, "properties": {"company_id": "new-gold", "jurisdiction": "Ontario", "claim_id": "118152", "claim_name": null, "holder": "(100) NEW GOLD INC.", "status": "Active", "recorded_date": "2018-04-10", "anniversary_or_expiry": "2028-05-08", "area_ha": null, "tenure_type": "Single Cell Mining Claim", "source": "Ontario MLAS operational claims (OGSEarth / LIO MapServer). Unofficial viewing data, not legal title.", "as_of": "2026-09-20", "role": "focus", "color": "#e8b040"}}, {"type": "Feature", "geometry": {"type": "Polygon", "coordinates": [[[-93.8375, 48.9792], [-93.8375, 48.9833], [-93.8438, 48.9833], [-93.8438, 48.9792], [-93.8375, 48.9792]]]}, "properties": {"company_id": "new-gold", "jurisdiction": "Ontario", "claim_id": "118153", "claim_name": null, "holder": "(100) NEW GOLD INC.", "status": "Active", "recorded_date": "2018-04-10", "anniversary_or_expiry": "2028-06-02", "area_ha": null, "tenure_type": "Single Cell Mining Claim", "source": "Ontario MLAS operational claims (OGSEarth / LIO MapServer). Unofficial viewing data, not legal title.", "as_of": "2026-09-20", "role": "focus", "color": "#e8b040"}}, {"type": "Feature", "geometry": {"type": "Polygon", "coordinates": [[[-93.8125, 48.9708], [-93.8125, 48.975], [-93.8188, 48.975], [-93.8188, 48.9708], [-93.8125, 48.9708]]]}, "properties": {"company_id": "new-gold", "jurisdiction": "Ontario", "claim_id": "118154", "claim_name": null, "holder": "(100) NEW GOLD INC.", "status": "Active", "recorded_date": "2018-04-10", "anniversary_or_expiry": "2028-06-02", "area_ha": null, "tenure_type": "Single Cell Mining Claim", "source": "Ontario MLAS operational claims (OGSEarth / LIO MapServer). Unofficial viewing data, not legal title.", "as_of": "2026-09-20", "role": "focus", "color": "#e8b040"}}, {"type": "Feature", "geometry": {"type": "Polygon", "coordinates": [[[-93.7375, 48.9833], [-93.7375, 48.9875], [-93.7438, 48.9875], [-93.7438, 48.9833], [-93.7375, 48.9833]]]}, "properties": {"company_id": "new-gold", "jurisdiction": "Ontario", "claim_id": "118155", "claim_name": null, "holder": "(100) NEW GOLD INC.", "status": "Active", "recorded_date": "2018-04-10", "anniversary_or_expiry": "2028-07-11", "area_ha": null, "tenure_type": "Single Cell Mining Claim", "source": "Ontario MLAS operational claims (OGSEarth / LIO MapServer). Unofficial viewing data, not legal title.", "as_of": "2026-09-20", "role": "focus", "color": "#e8b040"}}, {"type": "Feature", "geometry": {"type": "Polygon", "coordinates": [[[-93.75, 48.9792], [-93.75, 48.9833], [-93.7563, 48.9833], [-93.7563, 48.9792], [-93.75, 48.9792]]]}, "properties": {"company_id": "new-gold", "jurisdiction": "Ontario", "claim_id": "118156", "claim_name": null, "holder": "(100) NEW GOLD INC.", "status": "Active", "recorded_date": "2018-04-10", "anniversary_or_expiry": "2028-07-11", "area_ha": null, "tenure_type": "Single Cell Mining Claim", "source": "Ontario MLAS operational claims (OGSEarth / LIO MapServer). Unofficial viewing data, not legal title.", "as_of": "2026-09-20", "role": "focus", "color": "#e8b040"}}, {"type": "Feature", "geometry": {"type": "Polygon", "coordinates": [[[-94.0938, 48.8833], [-94.0938, 48.8875], [-94.1, 48.8875], [-94.1, 48.8833], [-94.0938, 48.8833]]]}, "properties": {"company_id": "new-gold", "jurisdiction": "Ontario", "claim_id": "120316", "claim_name": null, "holder": "(100) NEW GOLD INC.", "status": "Active", "recorded_date": "2018-04-10", "anniversary_or_expiry": "2028-10-15", "area_ha": null, "tenure_type": "Single Cell Mining Claim", "source": "Ontario MLAS operational claims (OGSEarth / LIO MapServer). Unofficial viewing data, not legal title.", "as_of": "2026-09-20", "role": "focus", "color": "#e8b040"}}, {"type": "Feature", "geometry": {"type": "Polygon", "coordinates": [[[-94.0813, 48.8792], [-94.0813, 48.8833], [-94.0875, 48.8833], [-94.0875, 48.8792], [-94.0813, 48.8792]]]}, "properties": {"company_id": "new-gold", "jurisdiction": "Ontario", "claim_id": "120317", "claim_name": null, "holder": "(100) NEW GOLD INC.", "status": "Active", "recorded_date": "2018-04-10", "anniversary_or_expiry": "2028-10-15", "area_ha": null, "tenure_type": "Single Cell Mining Claim", "source": "Ontario MLAS operational claims (OGSEarth / LIO MapServer). Unofficial viewing data, not legal title.", "as_of": "2026-09-20", "role": "focus", "color": "#e8b040"}}, {"type": "Feature", "geometry": {"type": "Polygon", "coordinates": [[[-94.1625, 48.825], [-94.1625, 48.8292], [-94.1688, 48.8292], [-94.1688, 48.825], [-94.1625, 48.825]]]}, "properties": {"company_id": "new-gold", "jurisdiction": "Ontario", "claim_id": "120434", "claim_name": null, "holder": "(100) NEW GOLD INC.", "status": "Active", "recorded_date": "2018-04-10", "anniversary_or_expiry": "2027-03-03", "area_ha": null, "tenure_type": "Single Cell Mining Claim", "source": "Ontario MLAS operational claims (OGSEarth / LIO MapServer). Unofficial viewing data, not legal title.", "as_of": "2026-09-20", "role": "focus", "color": "#e8b040"}}, {"type": "Feature", "geometry": {"type": "Polygon", "coordinates": [[[-94.1625, 48.8208], [-94.1625, 48.825], [-94.1688, 48.825], [-94.1688, 48.8208], [-94.1625, 48.8208]]]}, "properties": {"company_id": "new-gold", "jurisdiction": "Ontario", "claim_id": "120435", "claim_name": null, "holder": "(100) NEW GOLD INC.", "status": "Active", "recorded_date": "2018-04-10", "anniversary_or_expiry": "2027-03-03", "area_ha": null, "tenure_type": "Single Cell Mining Claim", "source": "Ontario MLAS operational claims (OGSEarth / LIO MapServer). Unofficial viewing data, not legal title.", "as_of": "2026-09-20", "role": "focus", "color": "#e8b040"}}, {"type": "Feature", "geometry": {"type": "Polygon", "coordinates": [[[-94.1375, 48.8292], [-94.1375, 48.8333], [-94.1438, 48.8333], [-94.1438, 48.8292], [-94.1375, 48.8292]]]}, "properties": {"company_id": "new-gold", "jurisdiction": "Ontario", "claim_id": "120457", "claim_name": null, "holder": "(100) NEW GOLD INC.", "status": "Active", "recorded_date": "2018-04-10", "anniversary_or_expiry": "2028-11-22", "area_ha": null, "tenure_type": "Single Cell Mining Claim", "source": "Ontario MLAS operational claims (OGSEarth / LIO MapServer). Unofficial viewing data, not legal title.", "as_of": "2026-09-20", "role": "focus", "color": "#e8b040"}}, {"type": "Feature", "geometry": {"type": "Polygon", "coordinates": [[[-93.8125, 48.9375], [-93.8125, 48.9417], [-93.8188, 48.9417], [-93.8188, 48.9375], [-93.8125, 48.9375]]]}, "properties": {"company_id": "new-gold", "jurisdiction": "Ontario", "claim_id": "121677", "claim_name": null, "holder": "(100) NEW GOLD INC.", "status": "Active", "recorded_date": "2018-04-10", "anniversary_or_expiry": "2028-06-21", "area_ha": null, "tenure_type": "Single Cell Mining Claim", "source": "Ontario MLAS operational claims (OGSEarth / LIO MapServer). Unofficial viewing data, not legal title.", "as_of": "2026-09-20", "role": "focus", "color": "#e8b040"}}, {"type": "Feature", "geometry": {"type": "Polygon", "coordinates": [[[-93.8313, 48.9208], [-93.8313, 48.925], [-93.8375, 48.925], [-93.8375, 48.9208], [-93.8313, 48.9208]]]}, "properties": {"company_id": "new-gold", "jurisdiction": "Ontario", "claim_id": "121678", "claim_name": null, "holder": "(100) NEW GOLD INC.", "status": "Active", "recorded_date": "2018-04-10", "anniversary_or_expiry": "2028-06-21", "area_ha": null, "tenure_type": "Single Cell Mining Claim", "source": "Ontario MLAS operational claims (OGSEarth / LIO MapServer). Unofficial viewing data, not legal title.", "as_of": "2026-09-20", "role": "focus", "color": "#e8b040"}}, {"type": "Feature", "geometry": {"type": "Polygon", "coordinates": [[[-93.8938, 48.9625], [-93.8938, 48.9667], [-93.9, 48.9667], [-93.9, 48.9625], [-93.8938, 48.9625]]]}, "properties": {"company_id": "new-gold", "jurisdiction": "Ontario", "claim_id": "121684", "claim_name": null, "holder": "(100) NEW GOLD INC.", "status": "Active", "recorded_date": "2018-04-10", "anniversary_or_expiry": "2028-10-26", "area_ha": null, "tenure_type": "Single Cell Mining Claim", "source": "Ontario MLAS operational claims (OGSEarth / LIO MapServer). Unofficial viewing data, not legal title.", "as_of": "2026-09-20", "role": "focus", "color": "#e8b040"}}, {"type": "Feature", "geometry": {"type": "Polygon", "coordinates": [[[-93.9063, 48.9542], [-93.9063, 48.9583], [-93.9125, 48.9583], [-93.9125, 48.9542], [-93.9063, 48.9542]]]}, "properties": {"company_id": "new-gold", "jurisdiction": "Ontario", "claim_id": "121685", "claim_name": null, "holder": "(100) NEW GOLD INC.", "status": "Active", "recorded_date": "2018-04-10", "anniversary_or_expiry": "2028-10-26", "area_ha": null, "tenure_type": "Single Cell Mining Claim", "source": "Ontario MLAS operational claims (OGSEarth / LIO MapServer). Unofficial viewing data, not legal title.", "as_of": "2026-09-20", "role": "focus", "color": "#e8b040"}}, {"type": "Feature", "geometry": {"type": "Polygon", "coordinates": [[[-93.925, 48.8833], [-93.925, 48.8875], [-93.9313, 48.8875], [-93.9313, 48.8833], [-93.925, 48.8833]]]}, "properties": {"company_id": "new-gold", "jurisdiction": "Ontario", "claim_id": "121145", "claim_name": null, "holder": "(100) NEW GOLD INC.", "status": "Active", "recorded_date": "2018-04-10", "anniversary_or_expiry": "2028-05-06", "area_ha": null, "tenure_type": "Single Cell Mining Claim", "source": "Ontario MLAS operational claims (OGSEarth / LIO MapServer). Unofficial viewing data, not legal title.", "as_of": "2026-09-20", "role": "focus", "color": "#e8b040"}}, {"type": "Feature", "geometry": {"type": "Polygon", "coordinates": [[[-93.8313, 48.8667], [-93.8313, 48.8708], [-93.8375, 48.8708], [-93.8375, 48.8667], [-93.8313, 48.8667]]]}, "properties": {"company_id": "new-gold", "jurisdiction": "Ontario", "claim_id": "121146", "claim_name": null, "holder": "(100) NEW GOLD INC.", "status": "Active", "recorded_date": "2018-04-10", "anniversary_or_expiry": "2028-05-04", "area_ha": null, "tenure_type": "Single Cell Mining Claim", "source": "Ontario MLAS operational claims (OGSEarth / LIO MapServer). Unofficial viewing data, not legal title.", "as_of": "2026-09-20", "role": "focus", "color": "#e8b040"}}, {"type": "Feature", "geometry": {"type": "Polygon", "coordinates": [[[-93.8563, 48.8917], [-93.8563, 48.8958], [-93.8625, 48.8958], [-93.8625, 48.8917], [-93.8563, 48.8917]]]}, "properties": {"company_id": "new-gold", "jurisdiction": "Ontario", "claim_id": "121758", "claim_name": null, "holder": "(100) NEW GOLD INC.", "status": "Active", "recorded_date": "2018-04-10", "anniversary_or_expiry": "2027-01-28", "area_ha": null, "tenure_type": "Single Cell Mining Claim", "source": "Ontario MLAS operational claims (OGSEarth / LIO MapServer). Unofficial viewing data, not legal title.", "as_of": "2026-09-20", "role": "focus", "color": "#e8b040"}}, {"type": "Feature", "geometry": {"type": "Polygon", "coordinates": [[[-93.8625, 48.8917], [-93.8625, 48.8958], [-93.8688, 48.8958], [-93.8688, 48.8917], [-93.8625, 48.8917]]]}, "properties": {"company_id": "new-gold", "jurisdiction": "Ontario", "claim_id": "121759", "claim_name": null, "holder": "(100) NEW GOLD INC.", "status": "Active", "recorded_date": "2018-04-10", "anniversary_or_expiry": "2027-01-28", "area_ha": null, "tenure_type": "Single Cell Mining Claim", "source": "Ontario MLAS operational claims (OGSEarth / LIO MapServer). Unofficial viewing data, not legal title.", "as_of": "2026-09-20", "role": "focus", "color": "#e8b040"}}, {"type": "Feature", "geometry": {"type": "Polygon", "coordinates": [[[-94.2938, 48.8167], [-94.2938, 48.8208], [-94.3, 48.8208], [-94.3, 48.8167], [-94.2938, 48.8167]]]}, "properties": {"company_id": "new-gold", "jurisdiction": "Ontario", "claim_id": "122333", "claim_name": null, "holder": "(100) NEW GOLD INC.", "status": "Active", "recorded_date": "2018-04-10", "anniversary_or_expiry": "2026-12-02", "area_ha": null, "tenure_type": "Single Cell Mining Claim", "source": "Ontario MLAS operational claims (OGSEarth / LIO MapServer). Unofficial viewing data, not legal title.", "as_of": "2026-09-20", "role": "focus", "color": "#e8b040"}}, {"type": "Feature", "geometry": {"type": "Polygon", "coordinates": [[[-93.9, 48.8708], [-93.9, 48.875], [-93.9063, 48.875], [-93.9063, 48.8708], [-93.9, 48.8708]]]}, "properties": {"company_id": "new-gold", "jurisdiction": "Ontario", "claim_id": "121761", "claim_name": null, "holder": "(100) NEW GOLD INC.", "status": "Active", "recorded_date": "2018-04-10", "anniversary_or_expiry": "2028-05-15", "area_ha": null, "tenure_type": "Single Cell Mining Claim", "source": "Ontario MLAS operational claims (OGSEarth / LIO MapServer). Unofficial viewing data, not legal title.", "as_of": "2026-09-20", "role": "focus", "color": "#e8b040"}}, {"type": "Feature", "geometry": {"type": "Polygon", "coordinates": [[[-94.2938, 48.7708], [-94.2938, 48.775], [-94.3, 48.775], [-94.3, 48.7708], [-94.2938, 48.7708]]]}, "properties": {"company_id": "new-gold", "jurisdiction": "Ontario", "claim_id": "122352", "claim_name": null, "holder": "(100) NEW GOLD INC.", "status": "Active", "recorded_date": "2018-04-10", "anniversary_or_expiry": "2027-01-26", "area_ha": null, "tenure_type": "Single Cell Mining Claim", "source": "Ontario MLAS operational claims (OGSEarth / LIO MapServer). Unofficial viewing data, not legal title.", "as_of": "2026-09-20", "role": "focus", "color": "#e8b040"}}, {"type": "Feature", "geometry": {"type": "Polygon", "coordinates": [[[-93.8813, 48.9625], [-93.8813, 48.9667], [-93.8875, 48.9667], [-93.8875, 48.9625], [-93.8813, 48.9625]]]}, "properties": {"company_id": "new-gold", "jurisdiction": "Ontario", "claim_id": "122358", "claim_name": null, "holder": "(100) NEW GOLD INC.", "status": "Active", "recorded_date": "2018-04-10", "anniversary_or_expiry": "2028-10-26", "area_ha": null, "tenure_type": "Single Cell Mining Claim", "source": "Ontario MLAS operational claims (OGSEarth / LIO MapServer). Unofficial viewing data, not legal title.", "as_of": "2026-09-20", "role": "focus", "color": "#e8b040"}}, {"type": "Feature", "geometry": {"type": "Polygon", "coordinates": [[[-93.8875, 48.9542], [-93.8875, 48.9583], [-93.8938, 48.9583], [-93.8938, 48.9542], [-93.8875, 48.9542]]]}, "properties": {"company_id": "new-gold", "jurisdiction": "Ontario", "claim_id": "122359", "claim_name": null, "holder": "(100) NEW GOLD INC.", "status": "Active", "recorded_date": "2018-04-10", "anniversary_or_expiry": "2028-10-26", "area_ha": null, "tenure_type": "Single Cell Mining Claim", "source": "Ontario MLAS operational claims (OGSEarth / LIO MapServer). Unofficial viewing data, not legal title.", "as_of": "2026-09-20", "role": "focus", "color": "#e8b040"}}, {"type": "Feature", "geometry": {"type": "Polygon", "coordinates": [[[-93.7875, 48.95], [-93.7875, 48.9542], [-93.7938, 48.9542], [-93.7938, 48.95], [-93.7875, 48.95]]]}, "properties": {"company_id": "new-gold", "jurisdiction": "Ontario", "claim_id": "122386", "claim_name": null, "holder": "(100) NEW GOLD INC.", "status": "Active", "recorded_date": "2018-04-10", "anniversary_or_expiry": "2027-02-13", "area_ha": null, "tenure_type": "Boundary Cell Mining Claim", "source": "Ontario MLAS operational claims (OGSEarth / LIO MapServer). Unofficial viewing data, not legal title.", "as_of": "2026-09-20", "role": "focus", "color": "#e8b040"}}, {"type": "Feature", "geometry": {"type": "Polygon", "coordinates": [[[-93.7688, 48.9458], [-93.7688, 48.95], [-93.775, 48.95], [-93.775, 48.9458], [-93.7688, 48.9458]]]}, "properties": {"company_id": "new-gold", "jurisdiction": "Ontario", "claim_id": "122387", "claim_name": null, "holder": "(100) NEW GOLD INC.", "status": "Active", "recorded_date": "2018-04-10", "anniversary_or_expiry": "2027-02-13", "area_ha": null, "tenure_type": "Single Cell Mining Claim", "source": "Ontario MLAS operational claims (OGSEarth / LIO MapServer). Unofficial viewing data, not legal title.", "as_of": "2026-09-20", "role": "focus", "color": "#e8b040"}}, {"type": "Feature", "geometry": {"type": "Polygon", "coordinates": [[[-93.775, 48.9417], [-93.775, 48.9458], [-93.7813, 48.9458], [-93.7813, 48.9417], [-93.775, 48.9417]]]}, "properties": {"company_id": "new-gold", "jurisdiction": "Ontario", "claim_id": "122388", "claim_name": null, "holder": "(100) NEW GOLD INC.", "status": "Active", "recorded_date": "2018-04-10", "anniversary_or_expiry": "2027-02-13", "area_ha": null, "tenure_type": "Single Cell Mining Claim", "source": "Ontario MLAS operational claims (OGSEarth / LIO MapServer). Unofficial viewing data, not legal title.", "as_of": "2026-09-20", "role": "focus", "color": "#e8b040"}}, {"type": "Feature", "geometry": {"type": "Polygon", "coordinates": [[[-93.7875, 48.9125], [-93.7875, 48.9167], [-93.7938, 48.9167], [-93.7938, 48.9125], [-93.7875, 48.9125]]]}, "properties": {"company_id": "new-gold", "jurisdiction": "Ontario", "claim_id": "122483", "claim_name": null, "holder": "(100) NEW GOLD INC.", "status": "Active", "recorded_date": "2018-04-10", "anniversary_or_expiry": "2027-02-13", "area_ha": null, "tenure_type": "Single Cell Mining Claim", "source": "Ontario MLAS operational claims (OGSEarth / LIO MapServer). Unofficial viewing data, not legal title.", "as_of": "2026-09-20", "role": "focus", "color": "#e8b040"}}, {"type": "Feature", "geometry": {"type": "Polygon", "coordinates": [[[-94.0375, 48.8917], [-94.0375, 48.8958], [-94.0438, 48.8958], [-94.0438, 48.8917], [-94.0375, 48.8917]]]}, "properties": {"company_id": "new-gold", "jurisdiction": "Ontario", "claim_id": "121027", "claim_name": null, "holder": "(100) NEW GOLD INC.", "status": "Active", "recorded_date": "2018-04-10", "anniversary_or_expiry": "2026-12-19", "area_ha": null, "tenure_type": "Single Cell Mining Claim", "source": "Ontario MLAS operational claims (OGSEarth / LIO MapServer). Unofficial viewing data, not legal title.", "as_of": "2026-09-20", "role": "focus", "color": "#e8b040"}}, {"type": "Feature", "geometry": {"type": "Polygon", "coordinates": [[[-93.8063, 48.9625], [-93.8063, 48.9667], [-93.8125, 48.9667], [-93.8125, 48.9625], [-93.8063, 48.9625]]]}, "properties": {"company_id": "new-gold", "jurisdiction": "Ontario", "claim_id": "125128", "claim_name": null, "holder": "(100) NEW GOLD INC.", "status": "Active", "recorded_date": "2018-04-10", "anniversary_or_expiry": "2028-06-02", "area_ha": null, "tenure_type": "Single Cell Mining Claim", "source": "Ontario MLAS operational claims (OGSEarth / LIO MapServer). Unofficial viewing data, not legal title.", "as_of": "2026-09-20", "role": "focus", "color": "#e8b040"}}, {"type": "Feature", "geometry": {"type": "Polygon", "coordinates": [[[-93.7875, 48.95], [-93.7875, 48.9542], [-93.7938, 48.9542], [-93.7938, 48.95], [-93.7875, 48.95]]]}, "properties": {"company_id": "new-gold", "jurisdiction": "Ontario", "claim_id": "125129", "claim_name": null, "holder": "(100) NEW GOLD INC.", "status": "Active", "recorded_date": "2018-04-10", "anniversary_or_expiry": "2028-06-02", "area_ha": null, "tenure_type": "Boundary Cell Mining Claim", "source": "Ontario MLAS operational claims (OGSEarth / LIO MapServer). Unofficial viewing data, not legal title.", "as_of": "2026-09-20", "role": "focus", "color": "#e8b040"}}, {"type": "Feature", "geometry": {"type": "Polygon", "coordinates": [[[-93.8188, 48.9833], [-93.8188, 48.9875], [-93.825, 48.9875], [-93.825, 48.9833], [-93.8188, 48.9833]]]}, "properties": {"company_id": "new-gold", "jurisdiction": "Ontario", "claim_id": "125184", "claim_name": null, "holder": "(100) NEW GOLD INC.", "status": "Active", "recorded_date": "2018-04-10", "anniversary_or_expiry": "2028-05-25", "area_ha": null, "tenure_type": "Single Cell Mining Claim", "source": "Ontario MLAS operational claims (OGSEarth / LIO MapServer). Unofficial viewing data, not legal title.", "as_of": "2026-09-20", "role": "focus", "color": "#e8b040"}}, {"type": "Feature", "geometry": {"type": "Polygon", "coordinates": [[[-93.7438, 48.9875], [-93.7438, 48.9917], [-93.75, 48.9917], [-93.75, 48.9875], [-93.7438, 48.9875]]]}, "properties": {"company_id": "new-gold", "jurisdiction": "Ontario", "claim_id": "125185", "claim_name": null, "holder": "(100) NEW GOLD INC.", "status": "Active", "recorded_date": "2018-04-10", "anniversary_or_expiry": "2028-07-11", "area_ha": null, "tenure_type": "Single Cell Mining Claim", "source": "Ontario MLAS operational claims (OGSEarth / LIO MapServer). Unofficial viewing data, not legal title.", "as_of": "2026-09-20", "role": "focus", "color": "#e8b040"}}, {"type": "Feature", "geometry": {"type": "Polygon", "coordinates": [[[-93.7438, 48.9833], [-93.7438, 48.9875], [-93.75, 48.9875], [-93.75, 48.9833], [-93.7438, 48.9833]]]}, "properties": {"company_id": "new-gold", "jurisdiction": "Ontario", "claim_id": "125186", "claim_name": null, "holder": "(100) NEW GOLD INC.", "status": "Active", "recorded_date": "2018-04-10", "anniversary_or_expiry": "2028-07-11", "area_ha": null, "tenure_type": "Single Cell Mining Claim", "source": "Ontario MLAS operational claims (OGSEarth / LIO MapServer). Unofficial viewing data, not legal title.", "as_of": "2026-09-20", "role": "focus", "color": "#e8b040"}}, {"type": "Feature", "geometry": {"type": "Polygon", "coordinates": [[[-93.7563, 48.9833], [-93.7563, 48.9875], [-93.7625, 48.9875], [-93.7625, 48.9833], [-93.7563, 48.9833]]]}, "properties": {"company_id": "new-gold", "jurisdiction": "Ontario", "claim_id": "125187", "claim_name": null, "holder": "(100) NEW GOLD INC.", "status": "Active", "recorded_date": "2018-04-10", "anniversary_or_expiry": "2028-07-11", "area_ha": null, "tenure_type": "Boundary Cell Mining Claim", "source": "Ontario MLAS operational claims (OGSEarth / LIO MapServer). Unofficial viewing data, not legal title.", "as_of": "2026-09-20", "role": "focus", "color": "#e8b040"}}, {"type": "Feature", "geometry": {"type": "Polygon", "coordinates": [[[-93.8063, 48.9], [-93.8063, 48.9042], [-93.8125, 48.9042], [-93.8125, 48.9], [-93.8063, 48.9]]]}, "properties": {"company_id": "new-gold", "jurisdiction": "Ontario", "claim_id": "123755", "claim_name": null, "holder": "(100) NEW GOLD INC.", "status": "Active", "recorded_date": "2018-04-10", "anniversary_or_expiry": "2027-01-28", "area_ha": null, "tenure_type": "Boundary Cell Mining Claim", "source": "Ontario MLAS operational claims (OGSEarth / LIO MapServer). Unofficial viewing data, not legal title.", "as_of": "2026-09-20", "role": "focus", "color": "#e8b040"}}, {"type": "Feature", "geometry": {"type": "Polygon", "coordinates": [[[-93.8125, 48.9], [-93.8125, 48.9042], [-93.8188, 48.9042], [-93.8188, 48.9], [-93.8125, 48.9]]]}, "properties": {"company_id": "new-gold", "jurisdiction": "Ontario", "claim_id": "123756", "claim_name": null, "holder": "(100) NEW GOLD INC.", "status": "Active", "recorded_date": "2018-04-10", "anniversary_or_expiry": "2027-01-28", "area_ha": null, "tenure_type": "Single Cell Mining Claim", "source": "Ontario MLAS operational claims (OGSEarth / LIO MapServer). Unofficial viewing data, not legal title.", "as_of": "2026-09-20", "role": "focus", "color": "#e8b040"}}, {"type": "Feature", "geometry": {"type": "Polygon", "coordinates": [[[-93.8188, 48.9], [-93.8188, 48.9042], [-93.825, 48.9042], [-93.825, 48.9], [-93.8188, 48.9]]]}, "properties": {"company_id": "new-gold", "jurisdiction": "Ontario", "claim_id": "123757", "claim_name": null, "holder": "(100) NEW GOLD INC.", "status": "Active", "recorded_date": "2018-04-10", "anniversary_or_expiry": "2027-01-28", "area_ha": null, "tenure_type": "Single Cell Mining Claim", "source": "Ontario MLAS operational claims (OGSEarth / LIO MapServer). Unofficial viewing data, not legal title.", "as_of": "2026-09-20", "role": "focus", "color": "#e8b040"}}, {"type": "Feature", "geometry": {"type": "Polygon", "coordinates": [[[-94.1188, 48.8167], [-94.1188, 48.8208], [-94.125, 48.8208], [-94.125, 48.8167], [-94.1188, 48.8167]]]}, "properties": {"company_id": "new-gold", "jurisdiction": "Ontario", "claim_id": "123767", "claim_name": null, "holder": "(100) NEW GOLD INC.", "status": "Active", "recorded_date": "2018-04-10", "anniversary_or_expiry": "2028-11-27", "area_ha": null, "tenure_type": "Single Cell Mining Claim", "source": "Ontario MLAS operational claims (OGSEarth / LIO MapServer). Unofficial viewing data, not legal title.", "as_of": "2026-09-20", "role": "focus", "color": "#e8b040"}}, {"type": "Feature", "geometry": {"type": "Polygon", "coordinates": [[[-94.1563, 48.8292], [-94.1563, 48.8333], [-94.1625, 48.8333], [-94.1625, 48.8292], [-94.1563, 48.8292]]]}, "properties": {"company_id": "new-gold", "jurisdiction": "Ontario", "claim_id": "123787", "claim_name": null, "holder": "(100) NEW GOLD INC.", "status": "Active", "recorded_date": "2018-04-10", "anniversary_or_expiry": "2028-11-22", "area_ha": null, "tenure_type": "Single Cell Mining Claim", "source": "Ontario MLAS operational claims (OGSEarth / LIO MapServer). Unofficial viewing data, not legal title.", "as_of": "2026-09-20", "role": "focus", "color": "#e8b040"}}, {"type": "Feature", "geometry": {"type": "Polygon", "coordinates": [[[-93.8563, 48.975], [-93.8563, 48.9792], [-93.8625, 48.9792], [-93.8625, 48.975], [-93.8563, 48.975]]]}, "properties": {"company_id": "new-gold", "jurisdiction": "Ontario", "claim_id": "124451", "claim_name": null, "holder": "(100) NEW GOLD INC.", "status": "Active", "recorded_date": "2018-04-10", "anniversary_or_expiry": "2028-10-26", "area_ha": null, "tenure_type": "Single Cell Mining Claim", "source": "Ontario MLAS operational claims (OGSEarth / LIO MapServer). Unofficial viewing data, not legal title.", "as_of": "2026-09-20", "role": "focus", "color": "#e8b040"}}, {"type": "Feature", "geometry": {"type": "Polygon", "coordinates": [[[-93.7188, 48.9792], [-93.7188, 48.9833], [-93.725, 48.9833], [-93.725, 48.9792], [-93.7188, 48.9792]]]}, "properties": {"company_id": "new-gold", "jurisdiction": "Ontario", "claim_id": "125056", "claim_name": null, "holder": "(100) NEW GOLD INC.", "status": "Active", "recorded_date": "2018-04-10", "anniversary_or_expiry": "2028-07-11", "area_ha": null, "tenure_type": "Single Cell Mining Claim", "source": "Ontario MLAS operational claims (OGSEarth / LIO MapServer). Unofficial viewing data, not legal title.", "as_of": "2026-09-20", "role": "focus", "color": "#e8b040"}}, {"type": "Feature", "geometry": {"type": "Polygon", "coordinates": [[[-93.7938, 48.9083], [-93.7938, 48.9125], [-93.8, 48.9125], [-93.8, 48.9083], [-93.7938, 48.9083]]]}, "properties": {"company_id": "new-gold", "jurisdiction": "Ontario", "claim_id": "125057", "claim_name": null, "holder": "(100) NEW GOLD INC.", "status": "Active", "recorded_date": "2018-04-10", "anniversary_or_expiry": "2028-05-04", "area_ha": null, "tenure_type": "Boundary Cell Mining Claim", "source": "Ontario MLAS operational claims (OGSEarth / LIO MapServer). Unofficial viewing data, not legal title.", "as_of": "2026-09-20", "role": "focus", "color": "#e8b040"}}, {"type": "Feature", "geometry": {"type": "Polygon", "coordinates": [[[-93.7938, 48.8917], [-93.7938, 48.8958], [-93.8, 48.8958], [-93.8, 48.8917], [-93.7938, 48.8917]]]}, "properties": {"company_id": "new-gold", "jurisdiction": "Ontario", "claim_id": "125058", "claim_name": null, "holder": "(100) NEW GOLD INC.", "status": "Active", "recorded_date": "2018-04-10", "anniversary_or_expiry": "2028-05-04", "area_ha": null, "tenure_type": "Single Cell Mining Claim", "source": "Ontario MLAS operational claims (OGSEarth / LIO MapServer). Unofficial viewing data, not legal title.", "as_of": "2026-09-20", "role": "focus", "color": "#e8b040"}}, {"type": "Feature", "geometry": {"type": "Polygon", "coordinates": [[[-93.8438, 48.9875], [-93.8438, 48.9917], [-93.85, 48.9917], [-93.85, 48.9875], [-93.8438, 48.9875]]]}, "properties": {"company_id": "new-gold", "jurisdiction": "Ontario", "claim_id": "125080", "claim_name": null, "holder": "(100) NEW GOLD INC.", "status": "Active", "recorded_date": "2018-04-10", "anniversary_or_expiry": "2028-05-08", "area_ha": null, "tenure_type": "Single Cell Mining Claim", "source": "Ontario MLAS operational claims (OGSEarth / LIO MapServer). Unofficial viewing data, not legal title.", "as_of": "2026-09-20", "role": "focus", "color": "#e8b040"}}, {"type": "Feature", "geometry": {"type": "Polygon", "coordinates": [[[-93.8438, 49.0042], [-93.8438, 49.0083], [-93.85, 49.0083], [-93.85, 49.0042], [-93.8438, 49.0042]]]}, "properties": {"company_id": "new-gold", "jurisdiction": "Ontario", "claim_id": "125082", "claim_name": null, "holder": "(100) NEW GOLD INC.", "status": "Active", "recorded_date": "2018-04-10", "anniversary_or_expiry": "2028-08-04", "area_ha": null, "tenure_type": "Single Cell Mining Claim", "source": "Ontario MLAS operational claims (OGSEarth / LIO MapServer). Unofficial viewing data, not legal title.", "as_of": "2026-09-20", "role": "focus", "color": "#e8b040"}}, {"type": "Feature", "geometry": {"type": "Polygon", "coordinates": [[[-93.8625, 49.0042], [-93.8625, 49.0083], [-93.8688, 49.0083], [-93.8688, 49.0042], [-93.8625, 49.0042]]]}, "properties": {"company_id": "new-gold", "jurisdiction": "Ontario", "claim_id": "125083", "claim_name": null, "holder": "(100) NEW GOLD INC.", "status": "Active", "recorded_date": "2018-04-10", "anniversary_or_expiry": "2028-08-04", "area_ha": null, "tenure_type": "Single Cell Mining Claim", "source": "Ontario MLAS operational claims (OGSEarth / LIO MapServer). Unofficial viewing data, not legal title.", "as_of": "2026-09-20", "role": "focus", "color": "#e8b040"}}, {"type": "Feature", "geometry": {"type": "Polygon", "coordinates": [[[-93.9813, 48.7833], [-93.9813, 48.7875], [-93.9875, 48.7875], [-93.9875, 48.7833], [-93.9813, 48.7833]]]}, "properties": {"company_id": "new-gold", "jurisdiction": "Ontario", "claim_id": "125113", "claim_name": null, "holder": "(100) NEW GOLD INC.", "status": "Active", "recorded_date": "2018-04-10", "anniversary_or_expiry": "2027-01-11", "area_ha": null, "tenure_type": "Single Cell Mining Claim", "source": "Ontario MLAS operational claims (OGSEarth / LIO MapServer). Unofficial viewing data, not legal title.", "as_of": "2026-09-20", "role": "focus", "color": "#e8b040"}}, {"type": "Feature", "geometry": {"type": "Polygon", "coordinates": [[[-93.8375, 48.975], [-93.8375, 48.9792], [-93.8438, 48.9792], [-93.8438, 48.975], [-93.8375, 48.975]]]}, "properties": {"company_id": "new-gold", "jurisdiction": "Ontario", "claim_id": "125747", "claim_name": null, "holder": "(100) NEW GOLD INC.", "status": "Active", "recorded_date": "2018-04-10", "anniversary_or_expiry": "2028-06-02", "area_ha": null, "tenure_type": "Single Cell Mining Claim", "source": "Ontario MLAS operational claims (OGSEarth / LIO MapServer). Unofficial viewing data, not legal title.", "as_of": "2026-09-20", "role": "focus", "color": "#e8b040"}}, {"type": "Feature", "geometry": {"type": "Polygon", "coordinates": [[[-93.8438, 48.975], [-93.8438, 48.9792], [-93.85, 48.9792], [-93.85, 48.975], [-93.8438, 48.975]]]}, "properties": {"company_id": "new-gold", "jurisdiction": "Ontario", "claim_id": "125748", "claim_name": null, "holder": "(100) NEW GOLD INC.", "status": "Active", "recorded_date": "2018-04-10", "anniversary_or_expiry": "2028-06-02", "area_ha": null, "tenure_type": "Single Cell Mining Claim", "source": "Ontario MLAS operational claims (OGSEarth / LIO MapServer). Unofficial viewing data, not legal title.", "as_of": "2026-09-20", "role": "focus", "color": "#e8b040"}}, {"type": "Feature", "geometry": {"type": "Polygon", "coordinates": [[[-93.7188, 49.0208], [-93.7188, 49.025], [-93.725, 49.025], [-93.725, 49.0208], [-93.7188, 49.0208]]]}, "properties": {"company_id": "new-gold", "jurisdiction": "Ontario", "claim_id": "125749", "claim_name": null, "holder": "(100) NEW GOLD INC.", "status": "Active", "recorded_date": "2018-04-10", "anniversary_or_expiry": "2028-07-11", "area_ha": null, "tenure_type": "Single Cell Mining Claim", "source": "Ontario MLAS operational claims (OGSEarth / LIO MapServer). Unofficial viewing data, not legal title.", "as_of": "2026-09-20", "role": "focus", "color": "#e8b040"}}, {"type": "Feature", "geometry": {"type": "Polygon", "coordinates": [[[-93.7313, 49.0208], [-93.7313, 49.025], [-93.7375, 49.025], [-93.7375, 49.0208], [-93.7313, 49.0208]]]}, "properties": {"company_id": "new-gold", "jurisdiction": "Ontario", "claim_id": "125750", "claim_name": null, "holder": "(100) NEW GOLD INC.", "status": "Active", "recorded_date": "2018-04-10", "anniversary_or_expiry": "2028-07-11", "area_ha": null, "tenure_type": "Single Cell Mining Claim", "source": "Ontario MLAS operational claims (OGSEarth / LIO MapServer). Unofficial viewing data, not legal title.", "as_of": "2026-09-20", "role": "focus", "color": "#e8b040"}}, {"type": "Feature", "geometry": {"type": "Polygon", "coordinates": [[[-93.7188, 49.0167], [-93.7188, 49.0208], [-93.725, 49.0208], [-93.725, 49.0167], [-93.7188, 49.0167]]]}, "properties": {"company_id": "new-gold", "jurisdiction": "Ontario", "claim_id": "125751", "claim_name": null, "holder": "(100) NEW GOLD INC.", "status": "Active", "recorded_date": "2018-04-10", "anniversary_or_expiry": "2028-07-11", "area_ha": null, "tenure_type": "Single Cell Mining Claim", "source": "Ontario MLAS operational claims (OGSEarth / LIO MapServer). Unofficial viewing data, not legal title.", "as_of": "2026-09-20", "role": "focus", "color": "#e8b040"}}, {"type": "Feature", "geometry": {"type": "Polygon", "coordinates": [[[-93.7375, 49.0125], [-93.7375, 49.0167], [-93.7438, 49.0167], [-93.7438, 49.0125], [-93.7375, 49.0125]]]}, "properties": {"company_id": "new-gold", "jurisdiction": "Ontario", "claim_id": "125752", "claim_name": null, "holder": "(100) NEW GOLD INC.", "status": "Active", "recorded_date": "2018-04-10", "anniversary_or_expiry": "2028-07-11", "area_ha": null, "tenure_type": "Single Cell Mining Claim", "source": "Ontario MLAS operational claims (OGSEarth / LIO MapServer). Unofficial viewing data, not legal title.", "as_of": "2026-09-20", "role": "focus", "color": "#e8b040"}}, {"type": "Feature", "geometry": {"type": "Polygon", "coordinates": [[[-93.8125, 48.9917], [-93.8125, 48.9958], [-93.8188, 48.9958], [-93.8188, 48.9917], [-93.8125, 48.9917]]]}, "properties": {"company_id": "new-gold", "jurisdiction": "Ontario", "claim_id": "125782", "claim_name": null, "holder": "(100) NEW GOLD INC.", "status": "Active", "recorded_date": "2018-04-10", "anniversary_or_expiry": "2028-05-25", "area_ha": null, "tenure_type": "Single Cell Mining Claim", "source": "Ontario MLAS operational claims (OGSEarth / LIO MapServer). Unofficial viewing data, not legal title.", "as_of": "2026-09-20", "role": "focus", "color": "#e8b040"}}, {"type": "Feature", "geometry": {"type": "Polygon", "coordinates": [[[-93.8125, 48.9875], [-93.8125, 48.9917], [-93.8188, 48.9917], [-93.8188, 48.9875], [-93.8125, 48.9875]]]}, "properties": {"company_id": "new-gold", "jurisdiction": "Ontario", "claim_id": "125783", "claim_name": null, "holder": "(100) NEW GOLD INC.", "status": "Active", "recorded_date": "2018-04-10", "anniversary_or_expiry": "2028-05-25", "area_ha": null, "tenure_type": "Single Cell Mining Claim", "source": "Ontario MLAS operational claims (OGSEarth / LIO MapServer). Unofficial viewing data, not legal title.", "as_of": "2026-09-20", "role": "focus", "color": "#e8b040"}}, {"type": "Feature", "geometry": {"type": "Polygon", "coordinates": [[[-94.2563, 48.8], [-94.2563, 48.8042], [-94.2625, 48.8042], [-94.2625, 48.8], [-94.2563, 48.8]]]}, "properties": {"company_id": "new-gold", "jurisdiction": "Ontario", "claim_id": "125802", "claim_name": null, "holder": "(100) NEW GOLD INC.", "status": "Active", "recorded_date": "2018-04-10", "anniversary_or_expiry": "2026-12-02", "area_ha": null, "tenure_type": "Single Cell Mining Claim", "source": "Ontario MLAS operational claims (OGSEarth / LIO MapServer). Unofficial viewing data, not legal title.", "as_of": "2026-09-20", "role": "focus", "color": "#e8b040"}}, {"type": "Feature", "geometry": {"type": "Polygon", "coordinates": [[[-93.7938, 48.9833], [-93.7938, 48.9875], [-93.8, 48.9875], [-93.8, 48.9833], [-93.7938, 48.9833]]]}, "properties": {"company_id": "new-gold", "jurisdiction": "Ontario", "claim_id": "126365", "claim_name": null, "holder": "(100) NEW GOLD INC.", "status": "Active", "recorded_date": "2018-04-10", "anniversary_or_expiry": "2028-05-25", "area_ha": null, "tenure_type": "Single Cell Mining Claim", "source": "Ontario MLAS operational claims (OGSEarth / LIO MapServer). Unofficial viewing data, not legal title.", "as_of": "2026-09-20", "role": "focus", "color": "#e8b040"}}, {"type": "Feature", "geometry": {"type": "Polygon", "coordinates": [[[-93.7563, 48.9833], [-93.7563, 48.9875], [-93.7625, 48.9875], [-93.7625, 48.9833], [-93.7563, 48.9833]]]}, "properties": {"company_id": "new-gold", "jurisdiction": "Ontario", "claim_id": "127048", "claim_name": null, "holder": "(100) NEW GOLD INC.", "status": "Active", "recorded_date": "2018-04-10", "anniversary_or_expiry": "2028-05-25", "area_ha": null, "tenure_type": "Boundary Cell Mining Claim", "source": "Ontario MLAS operational claims (OGSEarth / LIO MapServer). Unofficial viewing data, not legal title.", "as_of": "2026-09-20", "role": "focus", "color": "#e8b040"}}, {"type": "Feature", "geometry": {"type": "Polygon", "coordinates": [[[-93.7625, 48.9833], [-93.7625, 48.9875], [-93.7688, 48.9875], [-93.7688, 48.9833], [-93.7625, 48.9833]]]}, "properties": {"company_id": "new-gold", "jurisdiction": "Ontario", "claim_id": "127049", "claim_name": null, "holder": "(100) NEW GOLD INC.", "status": "Active", "recorded_date": "2018-04-10", "anniversary_or_expiry": "2028-05-25", "area_ha": null, "tenure_type": "Single Cell Mining Claim", "source": "Ontario MLAS operational claims (OGSEarth / LIO MapServer). Unofficial viewing data, not legal title.", "as_of": "2026-09-20", "role": "focus", "color": "#e8b040"}}, {"type": "Feature", "geometry": {"type": "Polygon", "coordinates": [[[-93.8188, 48.9625], [-93.8188, 48.9667], [-93.825, 48.9667], [-93.825, 48.9625], [-93.8188, 48.9625]]]}, "properties": {"company_id": "new-gold", "jurisdiction": "Ontario", "claim_id": "127081", "claim_name": null, "holder": "(100) NEW GOLD INC.", "status": "Active", "recorded_date": "2018-04-10", "anniversary_or_expiry": "2028-06-02", "area_ha": null, "tenure_type": "Single Cell Mining Claim", "source": "Ontario MLAS operational claims (OGSEarth / LIO MapServer). Unofficial viewing data, not legal title.", "as_of": "2026-09-20", "role": "focus", "color": "#e8b040"}}, {"type": "Feature", "geometry": {"type": "Polygon", "coordinates": [[[-93.825, 48.9625], [-93.825, 48.9667], [-93.8313, 48.9667], [-93.8313, 48.9625], [-93.825, 48.9625]]]}, "properties": {"company_id": "new-gold", "jurisdiction": "Ontario", "claim_id": "127082", "claim_name": null, "holder": "(100) NEW GOLD INC.", "status": "Active", "recorded_date": "2018-04-10", "anniversary_or_expiry": "2028-06-02", "area_ha": null, "tenure_type": "Single Cell Mining Claim", "source": "Ontario MLAS operational claims (OGSEarth / LIO MapServer). Unofficial viewing data, not legal title.", "as_of": "2026-09-20", "role": "focus", "color": "#e8b040"}}, {"type": "Feature", "geometry": {"type": "Polygon", "coordinates": [[[-93.7563, 49.0], [-93.7563, 49.0042], [-93.7625, 49.0042], [-93.7625, 49.0], [-93.7563, 49.0]]]}, "properties": {"company_id": "new-gold", "jurisdiction": "Ontario", "claim_id": "127083", "claim_name": null, "holder": "(100) NEW GOLD INC.", "status": "Active", "recorded_date": "2018-04-10", "anniversary_or_expiry": "2028-07-11", "area_ha": null, "tenure_type": "Single Cell Mining Claim", "source": "Ontario MLAS operational claims (OGSEarth / LIO MapServer). Unofficial viewing data, not legal title.", "as_of": "2026-09-20", "role": "focus", "color": "#e8b040"}}, {"type": "Feature", "geometry": {"type": "Polygon", "coordinates": [[[-93.7563, 48.9917], [-93.7563, 48.9958], [-93.7625, 48.9958], [-93.7625, 48.9917], [-93.7563, 48.9917]]]}, "properties": {"company_id": "new-gold", "jurisdiction": "Ontario", "claim_id": "126525", "claim_name": null, "holder": "(100) NEW GOLD INC.", "status": "Active", "recorded_date": "2018-04-10", "anniversary_or_expiry": "2028-05-25", "area_ha": null, "tenure_type": "Boundary Cell Mining Claim", "source": "Ontario MLAS operational claims (OGSEarth / LIO MapServer). Unofficial viewing data, not legal title.", "as_of": "2026-09-20", "role": "focus", "color": "#e8b040"}}, {"type": "Feature", "geometry": {"type": "Polygon", "coordinates": [[[-93.7625, 48.9917], [-93.7625, 48.9958], [-93.7688, 48.9958], [-93.7688, 48.9917], [-93.7625, 48.9917]]]}, "properties": {"company_id": "new-gold", "jurisdiction": "Ontario", "claim_id": "126526", "claim_name": null, "holder": "(100) NEW GOLD INC.", "status": "Active", "recorded_date": "2018-04-10", "anniversary_or_expiry": "2028-05-25", "area_ha": null, "tenure_type": "Single Cell Mining Claim", "source": "Ontario MLAS operational claims (OGSEarth / LIO MapServer). Unofficial viewing data, not legal title.", "as_of": "2026-09-20", "role": "focus", "color": "#e8b040"}}, {"type": "Feature", "geometry": {"type": "Polygon", "coordinates": [[[-94.05, 48.8167], [-94.05, 48.8208], [-94.0563, 48.8208], [-94.0563, 48.8167], [-94.05, 48.8167]]]}, "properties": {"company_id": "new-gold", "jurisdiction": "Ontario", "claim_id": "125635", "claim_name": null, "holder": "(100) NEW GOLD INC.", "status": "Active", "recorded_date": "2018-04-10", "anniversary_or_expiry": "2028-10-27", "area_ha": null, "tenure_type": "Single Cell Mining Claim", "source": "Ontario MLAS operational claims (OGSEarth / LIO MapServer). Unofficial viewing data, not legal title.", "as_of": "2026-09-20", "role": "focus", "color": "#e8b040"}}, {"type": "Feature", "geometry": {"type": "Polygon", "coordinates": [[[-94.1813, 48.8167], [-94.1813, 48.8208], [-94.1875, 48.8208], [-94.1875, 48.8167], [-94.1813, 48.8167]]]}, "properties": {"company_id": "new-gold", "jurisdiction": "Ontario", "claim_id": "126238", "claim_name": null, "holder": "(100) NEW GOLD INC.", "status": "Active", "recorded_date": "2018-04-10", "anniversary_or_expiry": "2027-03-03", "area_ha": null, "tenure_type": "Single Cell Mining Claim", "source": "Ontario MLAS operational claims (OGSEarth / LIO MapServer). Unofficial viewing data, not legal title.", "as_of": "2026-09-20", "role": "focus", "color": "#e8b040"}}, {"type": "Feature", "geometry": {"type": "Polygon", "coordinates": [[[-94.2813, 48.7792], [-94.2813, 48.7833], [-94.2875, 48.7833], [-94.2875, 48.7792], [-94.2813, 48.7792]]]}, "properties": {"company_id": "new-gold", "jurisdiction": "Ontario", "claim_id": "128132", "claim_name": null, "holder": "(100) NEW GOLD INC.", "status": "Active", "recorded_date": "2018-04-10", "anniversary_or_expiry": "2026-12-02", "area_ha": null, "tenure_type": "Single Cell Mining Claim", "source": "Ontario MLAS operational claims (OGSEarth / LIO MapServer). Unofficial viewing data, not legal title.", "as_of": "2026-09-20", "role": "focus", "color": "#e8b040"}}, {"type": "Feature", "geometry": {"type": "Polygon", "coordinates": [[[-94.1375, 48.8667], [-94.1375, 48.8708], [-94.1438, 48.8708], [-94.1438, 48.8667], [-94.1375, 48.8667]]]}, "properties": {"company_id": "new-gold", "jurisdiction": "Ontario", "claim_id": "128259", "claim_name": null, "holder": "(100) NEW GOLD INC.", "status": "Active", "recorded_date": "2018-04-10", "anniversary_or_expiry": "2028-07-16", "area_ha": null, "tenure_type": "Single Cell Mining Claim", "source": "Ontario MLAS operational claims (OGSEarth / LIO MapServer). Unofficial viewing data, not legal title.", "as_of": "2026-09-20", "role": "focus", "color": "#e8b040"}}, {"type": "Feature", "geometry": {"type": "Polygon", "coordinates": [[[-93.975, 48.8958], [-93.975, 48.9], [-93.9813, 48.9], [-93.9813, 48.8958], [-93.975, 48.8958]]]}, "properties": {"company_id": "new-gold", "jurisdiction": "Ontario", "claim_id": "128264", "claim_name": null, "holder": "(100) NEW GOLD INC.", "status": "Active", "recorded_date": "2018-04-10", "anniversary_or_expiry": "2027-03-01", "area_ha": null, "tenure_type": "Single Cell Mining Claim", "source": "Ontario MLAS operational claims (OGSEarth / LIO MapServer). Unofficial viewing data, not legal title.", "as_of": "2026-09-20", "role": "focus", "color": "#e8b040"}}, {"type": "Feature", "geometry": {"type": "Polygon", "coordinates": [[[-94.225, 48.7958], [-94.225, 48.8], [-94.2313, 48.8], [-94.2313, 48.7958], [-94.225, 48.7958]]]}, "properties": {"company_id": "new-gold", "jurisdiction": "Ontario", "claim_id": "128307", "claim_name": null, "holder": "(100) NEW GOLD INC.", "status": "Active", "recorded_date": "2018-04-10", "anniversary_or_expiry": "2028-11-22", "area_ha": null, "tenure_type": "Single Cell Mining Claim", "source": "Ontario MLAS operational claims (OGSEarth / LIO MapServer). Unofficial viewing data, not legal title.", "as_of": "2026-09-20", "role": "focus", "color": "#e8b040"}}, {"type": "Feature", "geometry": {"type": "Polygon", "coordinates": [[[-94.325, 48.7708], [-94.325, 48.775], [-94.3313, 48.775], [-94.3313, 48.7708], [-94.325, 48.7708]]]}, "properties": {"company_id": "new-gold", "jurisdiction": "Ontario", "claim_id": "128314", "claim_name": null, "holder": "(100) NEW GOLD INC.", "status": "Active", "recorded_date": "2018-04-10", "anniversary_or_expiry": "2027-01-26", "area_ha": null, "tenure_type": "Single Cell Mining Claim", "source": "Ontario MLAS operational claims (OGSEarth / LIO MapServer). Unofficial viewing data, not legal title.", "as_of": "2026-09-20", "role": "focus", "color": "#e8b040"}}, {"type": "Feature", "geometry": {"type": "Polygon", "coordinates": [[[-93.8438, 48.8875], [-93.8438, 48.8917], [-93.85, 48.8917], [-93.85, 48.8875], [-93.8438, 48.8875]]]}, "properties": {"company_id": "new-gold", "jurisdiction": "Ontario", "claim_id": "128932", "claim_name": null, "holder": "(100) NEW GOLD INC.", "status": "Active", "recorded_date": "2018-04-10", "anniversary_or_expiry": "2028-05-16", "area_ha": null, "tenure_type": "Single Cell Mining Claim", "source": "Ontario MLAS operational claims (OGSEarth / LIO MapServer). Unofficial viewing data, not legal title.", "as_of": "2026-09-20", "role": "focus", "color": "#e8b040"}}, {"type": "Feature", "geometry": {"type": "Polygon", "coordinates": [[[-94.125, 48.8333], [-94.125, 48.8375], [-94.1313, 48.8375], [-94.1313, 48.8333], [-94.125, 48.8333]]]}, "properties": {"company_id": "new-gold", "jurisdiction": "Ontario", "claim_id": "128961", "claim_name": null, "holder": "(100) NEW GOLD INC.", "status": "Active", "recorded_date": "2018-04-10", "anniversary_or_expiry": "2028-11-27", "area_ha": null, "tenure_type": "Single Cell Mining Claim", "source": "Ontario MLAS operational claims (OGSEarth / LIO MapServer). Unofficial viewing data, not legal title.", "as_of": "2026-09-20", "role": "focus", "color": "#e8b040"}}, {"type": "Feature", "geometry": {"type": "Polygon", "coordinates": [[[-94.1063, 48.8292], [-94.1063, 48.8333], [-94.1125, 48.8333], [-94.1125, 48.8292], [-94.1063, 48.8292]]]}, "properties": {"company_id": "new-gold", "jurisdiction": "Ontario", "claim_id": "128962", "claim_name": null, "holder": "(100) NEW GOLD INC.", "status": "Active", "recorded_date": "2018-04-10", "anniversary_or_expiry": "2028-11-27", "area_ha": null, "tenure_type": "Single Cell Mining Claim", "source": "Ontario MLAS operational claims (OGSEarth / LIO MapServer). Unofficial viewing data, not legal title.", "as_of": "2026-09-20", "role": "focus", "color": "#e8b040"}}, {"type": "Feature", "geometry": {"type": "Polygon", "coordinates": [[[-94.2438, 48.7958], [-94.2438, 48.8], [-94.25, 48.8], [-94.25, 48.7958], [-94.2438, 48.7958]]]}, "properties": {"company_id": "new-gold", "jurisdiction": "Ontario", "claim_id": "128963", "claim_name": null, "holder": "(100) NEW GOLD INC.", "status": "Active", "recorded_date": "2018-04-10", "anniversary_or_expiry": "2028-11-22", "area_ha": null, "tenure_type": "Single Cell Mining Claim", "source": "Ontario MLAS operational claims (OGSEarth / LIO MapServer). Unofficial viewing data, not legal title.", "as_of": "2026-09-20", "role": "focus", "color": "#e8b040"}}, {"type": "Feature", "geometry": {"type": "Polygon", "coordinates": [[[-94.1813, 48.8208], [-94.1813, 48.825], [-94.1875, 48.825], [-94.1875, 48.8208], [-94.1813, 48.8208]]]}, "properties": {"company_id": "new-gold", "jurisdiction": "Ontario", "claim_id": "128964", "claim_name": null, "holder": "(100) NEW GOLD INC.", "status": "Active", "recorded_date": "2018-04-10", "anniversary_or_expiry": "2027-03-03", "area_ha": null, "tenure_type": "Single Cell Mining Claim", "source": "Ontario MLAS operational claims (OGSEarth / LIO MapServer). Unofficial viewing data, not legal title.", "as_of": "2026-09-20", "role": "focus", "color": "#e8b040"}}, {"type": "Feature", "geometry": {"type": "Polygon", "coordinates": [[[-93.9375, 48.8667], [-93.9375, 48.8708], [-93.9438, 48.8708], [-93.9438, 48.8667], [-93.9375, 48.8667]]]}, "properties": {"company_id": "new-gold", "jurisdiction": "Ontario", "claim_id": "129578", "claim_name": null, "holder": "(100) NEW GOLD INC.", "status": "Active", "recorded_date": "2018-04-10", "anniversary_or_expiry": "2028-05-06", "area_ha": null, "tenure_type": "Single Cell Mining Claim", "source": "Ontario MLAS operational claims (OGSEarth / LIO MapServer). Unofficial viewing data, not legal title.", "as_of": "2026-09-20", "role": "focus", "color": "#e8b040"}}, {"type": "Feature", "geometry": {"type": "Polygon", "coordinates": [[[-93.9313, 51.0083], [-93.9313, 51.0125], [-93.9375, 51.0125], [-93.9375, 51.0083], [-93.9313, 51.0083]]]}, "properties": {"company_id": "new-gold", "jurisdiction": "Ontario", "claim_id": "131751", "claim_name": null, "holder": "(24.5) NEW GOLD INC., (24.5) TOMAGOLD CORPORATION CORPORATION TOMAGOLD, (51) Evolution Mining Gold Operations Ltd.", "status": "Active", "recorded_date": "2018-04-10", "anniversary_or_expiry": "2029-10-27", "area_ha": null, "tenure_type": "Single Cell Mining Claim", "source": "Ontario MLAS operational claims (OGSEarth / LIO MapServer). Unofficial viewing data, not legal title.", "as_of": "2026-09-20", "role": "focus", "color": "#e8b040"}}, {"type": "Feature", "geometry": {"type": "Polygon", "coordinates": [[[-93.8438, 48.9167], [-93.8438, 48.9208], [-93.85, 48.9208], [-93.85, 48.9167], [-93.8438, 48.9167]]]}, "properties": {"company_id": "new-gold", "jurisdiction": "Ontario", "claim_id": "130236", "claim_name": null, "holder": "(100) NEW GOLD INC.", "status": "Active", "recorded_date": "2018-04-10", "anniversary_or_expiry": "2027-01-28", "area_ha": null, "tenure_type": "Single Cell Mining Claim", "source": "Ontario MLAS operational claims (OGSEarth / LIO MapServer). Unofficial viewing data, not legal title.", "as_of": "2026-09-20", "role": "focus", "color": "#e8b040"}}, {"type": "Feature", "geometry": {"type": "Polygon", "coordinates": [[[-93.85, 48.9167], [-93.85, 48.9208], [-93.8563, 48.9208], [-93.8563, 48.9167], [-93.85, 48.9167]]]}, "properties": {"company_id": "new-gold", "jurisdiction": "Ontario", "claim_id": "130237", "claim_name": null, "holder": "(100) NEW GOLD INC.", "status": "Active", "recorded_date": "2018-04-10", "anniversary_or_expiry": "2027-01-28", "area_ha": null, "tenure_type": "Single Cell Mining Claim", "source": "Ontario MLAS operational claims (OGSEarth / LIO MapServer). Unofficial viewing data, not legal title.", "as_of": "2026-09-20", "role": "focus", "color": "#e8b040"}}, {"type": "Feature", "geometry": {"type": "Polygon", "coordinates": [[[-94.3063, 48.75], [-94.3063, 48.7542], [-94.3125, 48.7542], [-94.3125, 48.75], [-94.3063, 48.75]]]}, "properties": {"company_id": "new-gold", "jurisdiction": "Ontario", "claim_id": "138229", "claim_name": null, "holder": "(100) NEW GOLD INC.", "status": "Active", "recorded_date": "2018-04-10", "anniversary_or_expiry": "2027-01-26", "area_ha": null, "tenure_type": "Single Cell Mining Claim", "source": "Ontario MLAS operational claims (OGSEarth / LIO MapServer). Unofficial viewing data, not legal title.", "as_of": "2026-09-20", "role": "focus", "color": "#e8b040"}}, {"type": "Feature", "geometry": {"type": "Polygon", "coordinates": [[[-94.3, 48.7792], [-94.3, 48.7833], [-94.3063, 48.7833], [-94.3063, 48.7792], [-94.3, 48.7792]]]}, "properties": {"company_id": "new-gold", "jurisdiction": "Ontario", "claim_id": "137682", "claim_name": null, "holder": "(100) NEW GOLD INC.", "status": "Active", "recorded_date": "2018-04-10", "anniversary_or_expiry": "2028-06-13", "area_ha": null, "tenure_type": "Single Cell Mining Claim", "source": "Ontario MLAS operational claims (OGSEarth / LIO MapServer). Unofficial viewing data, not legal title.", "as_of": "2026-09-20", "role": "focus", "color": "#e8b040"}}, {"type": "Feature", "geometry": {"type": "Polygon", "coordinates": [[[-94.2938, 48.7875], [-94.2938, 48.7917], [-94.3, 48.7917], [-94.3, 48.7875], [-94.2938, 48.7875]]]}, "properties": {"company_id": "new-gold", "jurisdiction": "Ontario", "claim_id": "140174", "claim_name": null, "holder": "(100) NEW GOLD INC.", "status": "Active", "recorded_date": "2018-04-10", "anniversary_or_expiry": "2028-06-13", "area_ha": null, "tenure_type": "Single Cell Mining Claim", "source": "Ontario MLAS operational claims (OGSEarth / LIO MapServer). Unofficial viewing data, not legal title.", "as_of": "2026-09-20", "role": "focus", "color": "#e8b040"}}, {"type": "Feature", "geometry": {"type": "Polygon", "coordinates": [[[-94.2688, 48.8], [-94.2688, 48.8042], [-94.275, 48.8042], [-94.275, 48.8], [-94.2688, 48.8]]]}, "properties": {"company_id": "new-gold", "jurisdiction": "Ontario", "claim_id": "142699", "claim_name": null, "holder": "(100) NEW GOLD INC.", "status": "Active", "recorded_date": "2018-04-10", "anniversary_or_expiry": "2026-12-02", "area_ha": null, "tenure_type": "Single Cell Mining Claim", "source": "Ontario MLAS operational claims (OGSEarth / LIO MapServer). Unofficial viewing data, not legal title.", "as_of": "2026-09-20", "role": "focus", "color": "#e8b040"}}, {"type": "Feature", "geometry": {"type": "Polygon", "coordinates": [[[-94.175, 48.8125], [-94.175, 48.8167], [-94.1813, 48.8167], [-94.1813, 48.8125], [-94.175, 48.8125]]]}, "properties": {"company_id": "new-gold", "jurisdiction": "Ontario", "claim_id": "142755", "claim_name": null, "holder": "(100) NEW GOLD INC.", "status": "Active", "recorded_date": "2018-04-10", "anniversary_or_expiry": "2027-03-03", "area_ha": null, "tenure_type": "Single Cell Mining Claim", "source": "Ontario MLAS operational claims (OGSEarth / LIO MapServer). Unofficial viewing data, not legal title.", "as_of": "2026-09-20", "role": "focus", "color": "#e8b040"}}, {"type": "Feature", "geometry": {"type": "Polygon", "coordinates": [[[-94.1438, 48.8583], [-94.1438, 48.8625], [-94.15, 48.8625], [-94.15, 48.8583], [-94.1438, 48.8583]]]}, "properties": {"company_id": "new-gold", "jurisdiction": "Ontario", "claim_id": "143453", "claim_name": null, "holder": "(100) NEW GOLD INC.", "status": "Active", "recorded_date": "2018-04-10", "anniversary_or_expiry": "2028-07-16", "area_ha": null, "tenure_type": "Single Cell Mining Claim", "source": "Ontario MLAS operational claims (OGSEarth / LIO MapServer). Unofficial viewing data, not legal title.", "as_of": "2026-09-20", "role": "focus", "color": "#e8b040"}}, {"type": "Feature", "geometry": {"type": "Polygon", "coordinates": [[[-94.225, 48.8083], [-94.225, 48.8125], [-94.2313, 48.8125], [-94.2313, 48.8083], [-94.225, 48.8083]]]}, "properties": {"company_id": "new-gold", "jurisdiction": "Ontario", "claim_id": "145346", "claim_name": null, "holder": "(100) NEW GOLD INC.", "status": "Active", "recorded_date": "2018-04-10", "anniversary_or_expiry": "2028-11-22", "area_ha": null, "tenure_type": "Single Cell Mining Claim", "source": "Ontario MLAS operational claims (OGSEarth / LIO MapServer). Unofficial viewing data, not legal title.", "as_of": "2026-09-20", "role": "focus", "color": "#e8b040"}}, {"type": "Feature", "geometry": {"type": "Polygon", "coordinates": [[[-94.2375, 48.7958], [-94.2375, 48.8], [-94.2438, 48.8], [-94.2438, 48.7958], [-94.2375, 48.7958]]]}, "properties": {"company_id": "new-gold", "jurisdiction": "Ontario", "claim_id": "145347", "claim_name": null, "holder": "(100) NEW GOLD INC.", "status": "Active", "recorded_date": "2018-04-10", "anniversary_or_expiry": "2028-11-22", "area_ha": null, "tenure_type": "Single Cell Mining Claim", "source": "Ontario MLAS operational claims (OGSEarth / LIO MapServer). Unofficial viewing data, not legal title.", "as_of": "2026-09-20", "role": "focus", "color": "#e8b040"}}, {"type": "Feature", "geometry": {"type": "Polygon", "coordinates": [[[-94.325, 48.7667], [-94.325, 48.7708], [-94.3313, 48.7708], [-94.3313, 48.7667], [-94.325, 48.7667]]]}, "properties": {"company_id": "new-gold", "jurisdiction": "Ontario", "claim_id": "145358", "claim_name": null, "holder": "(100) NEW GOLD INC.", "status": "Active", "recorded_date": "2018-04-10", "anniversary_or_expiry": "2027-01-26", "area_ha": null, "tenure_type": "Single Cell Mining Claim", "source": "Ontario MLAS operational claims (OGSEarth / LIO MapServer). Unofficial viewing data, not legal title.", "as_of": "2026-09-20", "role": "focus", "color": "#e8b040"}}, {"type": "Feature", "geometry": {"type": "Polygon", "coordinates": [[[-94.2, 48.8167], [-94.2, 48.8208], [-94.2063, 48.8208], [-94.2063, 48.8167], [-94.2, 48.8167]]]}, "properties": {"company_id": "new-gold", "jurisdiction": "Ontario", "claim_id": "144783", "claim_name": null, "holder": "(100) NEW GOLD INC.", "status": "Active", "recorded_date": "2018-04-10", "anniversary_or_expiry": "2027-03-03", "area_ha": null, "tenure_type": "Single Cell Mining Claim", "source": "Ontario MLAS operational claims (OGSEarth / LIO MapServer). Unofficial viewing data, not legal title.", "as_of": "2026-09-20", "role": "focus", "color": "#e8b040"}}, {"type": "Feature", "geometry": {"type": "Polygon", "coordinates": [[[-94.0938, 48.8625], [-94.0938, 48.8667], [-94.1, 48.8667], [-94.1, 48.8625], [-94.0938, 48.8625]]]}, "properties": {"company_id": "new-gold", "jurisdiction": "Ontario", "claim_id": "145402", "claim_name": null, "holder": "(100) NEW GOLD INC.", "status": "Active", "recorded_date": "2018-04-10", "anniversary_or_expiry": "2027-01-09", "area_ha": null, "tenure_type": "Single Cell Mining Claim", "source": "Ontario MLAS operational claims (OGSEarth / LIO MapServer). Unofficial viewing data, not legal title.", "as_of": "2026-09-20", "role": "focus", "color": "#e8b040"}}, {"type": "Feature", "geometry": {"type": "Polygon", "coordinates": [[[-93.8375, 48.8875], [-93.8375, 48.8917], [-93.8438, 48.8917], [-93.8438, 48.8875], [-93.8375, 48.8875]]]}, "properties": {"company_id": "new-gold", "jurisdiction": "Ontario", "claim_id": "145463", "claim_name": null, "holder": "(100) NEW GOLD INC.", "status": "Active", "recorded_date": "2018-04-10", "anniversary_or_expiry": "2028-05-16", "area_ha": null, "tenure_type": "Boundary Cell Mining Claim", "source": "Ontario MLAS operational claims (OGSEarth / LIO MapServer). Unofficial viewing data, not legal title.", "as_of": "2026-09-20", "role": "focus", "color": "#e8b040"}}, {"type": "Feature", "geometry": {"type": "Polygon", "coordinates": [[[-94.2875, 48.7875], [-94.2875, 48.7917], [-94.2938, 48.7917], [-94.2938, 48.7875], [-94.2875, 48.7875]]]}, "properties": {"company_id": "new-gold", "jurisdiction": "Ontario", "claim_id": "145634", "claim_name": null, "holder": "(100) NEW GOLD INC.", "status": "Active", "recorded_date": "2018-04-10", "anniversary_or_expiry": "2026-12-02", "area_ha": null, "tenure_type": "Single Cell Mining Claim", "source": "Ontario MLAS operational claims (OGSEarth / LIO MapServer). Unofficial viewing data, not legal title.", "as_of": "2026-09-20", "role": "focus", "color": "#e8b040"}}, {"type": "Feature", "geometry": {"type": "Polygon", "coordinates": [[[-93.9625, 48.9042], [-93.9625, 48.9083], [-93.9688, 48.9083], [-93.9688, 48.9042], [-93.9625, 48.9042]]]}, "properties": {"company_id": "new-gold", "jurisdiction": "Ontario", "claim_id": "144034", "claim_name": null, "holder": "(100) NEW GOLD INC.", "status": "Active", "recorded_date": "2018-04-10", "anniversary_or_expiry": "2027-03-01", "area_ha": null, "tenure_type": "Single Cell Mining Claim", "source": "Ontario MLAS operational claims (OGSEarth / LIO MapServer). Unofficial viewing data, not legal title.", "as_of": "2026-09-20", "role": "focus", "color": "#e8b040"}}, {"type": "Feature", "geometry": {"type": "Polygon", "coordinates": [[[-93.85, 48.925], [-93.85, 48.9292], [-93.8563, 48.9292], [-93.8563, 48.925], [-93.85, 48.925]]]}, "properties": {"company_id": "new-gold", "jurisdiction": "Ontario", "claim_id": "146947", "claim_name": null, "holder": "(100) NEW GOLD INC.", "status": "Active", "recorded_date": "2018-04-10", "anniversary_or_expiry": "2027-01-28", "area_ha": null, "tenure_type": "Single Cell Mining Claim", "source": "Ontario MLAS operational claims (OGSEarth / LIO MapServer). Unofficial viewing data, not legal title.", "as_of": "2026-09-20", "role": "focus", "color": "#e8b040"}}, {"type": "Feature", "geometry": {"type": "Polygon", "coordinates": [[[-93.9188, 48.9375], [-93.9188, 48.9417], [-93.925, 48.9417], [-93.925, 48.9375], [-93.9188, 48.9375]]]}, "properties": {"company_id": "new-gold", "jurisdiction": "Ontario", "claim_id": "151631", "claim_name": null, "holder": "(100) NEW GOLD INC.", "status": "Active", "recorded_date": "2018-04-10", "anniversary_or_expiry": "2028-10-26", "area_ha": null, "tenure_type": "Single Cell Mining Claim", "source": "Ontario MLAS operational claims (OGSEarth / LIO MapServer). Unofficial viewing data, not legal title.", "as_of": "2026-09-20", "role": "focus", "color": "#e8b040"}}, {"type": "Feature", "geometry": {"type": "Polygon", "coordinates": [[[-93.9, 48.9292], [-93.9, 48.9333], [-93.9063, 48.9333], [-93.9063, 48.9292], [-93.9, 48.9292]]]}, "properties": {"company_id": "new-gold", "jurisdiction": "Ontario", "claim_id": "151632", "claim_name": null, "holder": "(100) NEW GOLD INC.", "status": "Active", "recorded_date": "2018-04-10", "anniversary_or_expiry": "2028-10-26", "area_ha": null, "tenure_type": "Single Cell Mining Claim", "source": "Ontario MLAS operational claims (OGSEarth / LIO MapServer). Unofficial viewing data, not legal title.", "as_of": "2026-09-20", "role": "focus", "color": "#e8b040"}}, {"type": "Feature", "geometry": {"type": "Polygon", "coordinates": [[[-93.9188, 48.9458], [-93.9188, 48.95], [-93.925, 48.95], [-93.925, 48.9458], [-93.9188, 48.9458]]]}, "properties": {"company_id": "new-gold", "jurisdiction": "Ontario", "claim_id": "151686", "claim_name": null, "holder": "(100) NEW GOLD INC.", "status": "Active", "recorded_date": "2018-04-10", "anniversary_or_expiry": "2028-10-26", "area_ha": null, "tenure_type": "Single Cell Mining Claim", "source": "Ontario MLAS operational claims (OGSEarth / LIO MapServer). Unofficial viewing data, not legal title.", "as_of": "2026-09-20", "role": "focus", "color": "#e8b040"}}, {"type": "Feature", "geometry": {"type": "Polygon", "coordinates": [[[-93.8188, 48.9042], [-93.8188, 48.9083], [-93.825, 48.9083], [-93.825, 48.9042], [-93.8188, 48.9042]]]}, "properties": {"company_id": "new-gold", "jurisdiction": "Ontario", "claim_id": "152272", "claim_name": null, "holder": "(100) NEW GOLD INC.", "status": "Active", "recorded_date": "2018-04-10", "anniversary_or_expiry": "2027-01-28", "area_ha": null, "tenure_type": "Single Cell Mining Claim", "source": "Ontario MLAS operational claims (OGSEarth / LIO MapServer). Unofficial viewing data, not legal title.", "as_of": "2026-09-20", "role": "focus", "color": "#e8b040"}}, {"type": "Feature", "geometry": {"type": "Polygon", "coordinates": [[[-94.125, 48.8167], [-94.125, 48.8208], [-94.1313, 48.8208], [-94.1313, 48.8167], [-94.125, 48.8167]]]}, "properties": {"company_id": "new-gold", "jurisdiction": "Ontario", "claim_id": "152280", "claim_name": null, "holder": "(100) NEW GOLD INC.", "status": "Active", "recorded_date": "2018-04-10", "anniversary_or_expiry": "2028-11-27", "area_ha": null, "tenure_type": "Single Cell Mining Claim", "source": "Ontario MLAS operational claims (OGSEarth / LIO MapServer). Unofficial viewing data, not legal title.", "as_of": "2026-09-20", "role": "focus", "color": "#e8b040"}}, {"type": "Feature", "geometry": {"type": "Polygon", "coordinates": [[[-93.775, 48.9292], [-93.775, 48.9333], [-93.7813, 48.9333], [-93.7813, 48.9292], [-93.775, 48.9292]]]}, "properties": {"company_id": "new-gold", "jurisdiction": "Ontario", "claim_id": "151591", "claim_name": null, "holder": "(100) NEW GOLD INC.", "status": "Active", "recorded_date": "2018-04-10", "anniversary_or_expiry": "2027-02-13", "area_ha": null, "tenure_type": "Single Cell Mining Claim", "source": "Ontario MLAS operational claims (OGSEarth / LIO MapServer). Unofficial viewing data, not legal title.", "as_of": "2026-09-20", "role": "focus", "color": "#e8b040"}}, {"type": "Feature", "geometry": {"type": "Polygon", "coordinates": [[[-93.8375, 48.9625], [-93.8375, 48.9667], [-93.8438, 48.9667], [-93.8438, 48.9625], [-93.8375, 48.9625]]]}, "properties": {"company_id": "new-gold", "jurisdiction": "Ontario", "claim_id": "153044", "claim_name": null, "holder": "(100) NEW GOLD INC.", "status": "Active", "recorded_date": "2018-04-10", "anniversary_or_expiry": "2028-06-02", "area_ha": null, "tenure_type": "Single Cell Mining Claim", "source": "Ontario MLAS operational claims (OGSEarth / LIO MapServer). Unofficial viewing data, not legal title.", "as_of": "2026-09-20", "role": "focus", "color": "#e8b040"}}, {"type": "Feature", "geometry": {"type": "Polygon", "coordinates": [[[-93.85, 48.9625], [-93.85, 48.9667], [-93.8563, 48.9667], [-93.8563, 48.9625], [-93.85, 48.9625]]]}, "properties": {"company_id": "new-gold", "jurisdiction": "Ontario", "claim_id": "153045", "claim_name": null, "holder": "(100) NEW GOLD INC.", "status": "Active", "recorded_date": "2018-04-10", "anniversary_or_expiry": "2028-06-02", "area_ha": null, "tenure_type": "Boundary Cell Mining Claim", "source": "Ontario MLAS operational claims (OGSEarth / LIO MapServer). Unofficial viewing data, not legal title.", "as_of": "2026-09-20", "role": "focus", "color": "#e8b040"}}, {"type": "Feature", "geometry": {"type": "Polygon", "coordinates": [[[-93.8375, 48.9583], [-93.8375, 48.9625], [-93.8438, 48.9625], [-93.8438, 48.9583], [-93.8375, 48.9583]]]}, "properties": {"company_id": "new-gold", "jurisdiction": "Ontario", "claim_id": "153046", "claim_name": null, "holder": "(100) NEW GOLD INC.", "status": "Active", "recorded_date": "2018-04-10", "anniversary_or_expiry": "2028-06-02", "area_ha": null, "tenure_type": "Single Cell Mining Claim", "source": "Ontario MLAS operational claims (OGSEarth / LIO MapServer). Unofficial viewing data, not legal title.", "as_of": "2026-09-20", "role": "focus", "color": "#e8b040"}}, {"type": "Feature", "geometry": {"type": "Polygon", "coordinates": [[[-93.8313, 48.9542], [-93.8313, 48.9583], [-93.8375, 48.9583], [-93.8375, 48.9542], [-93.8313, 48.9542]]]}, "properties": {"company_id": "new-gold", "jurisdiction": "Ontario", "claim_id": "153047", "claim_name": null, "holder": "(100) NEW GOLD INC.", "status": "Active", "recorded_date": "2018-04-10", "anniversary_or_expiry": "2028-06-02", "area_ha": null, "tenure_type": "Single Cell Mining Claim", "source": "Ontario MLAS operational claims (OGSEarth / LIO MapServer). Unofficial viewing data, not legal title.", "as_of": "2026-09-20", "role": "focus", "color": "#e8b040"}}, {"type": "Feature", "geometry": {"type": "Polygon", "coordinates": [[[-93.725, 48.9958], [-93.725, 49.0], [-93.7313, 49.0], [-93.7313, 48.9958], [-93.725, 48.9958]]]}, "properties": {"company_id": "new-gold", "jurisdiction": "Ontario", "claim_id": "153048", "claim_name": null, "holder": "(100) NEW GOLD INC.", "status": "Active", "recorded_date": "2018-04-10", "anniversary_or_expiry": "2028-07-11", "area_ha": null, "tenure_type": "Single Cell Mining Claim", "source": "Ontario MLAS operational claims (OGSEarth / LIO MapServer). Unofficial viewing data, not legal title.", "as_of": "2026-09-20", "role": "focus", "color": "#e8b040"}}, {"type": "Feature", "geometry": {"type": "Polygon", "coordinates": [[[-93.7375, 48.9958], [-93.7375, 49.0], [-93.7438, 49.0], [-93.7438, 48.9958], [-93.7375, 48.9958]]]}, "properties": {"company_id": "new-gold", "jurisdiction": "Ontario", "claim_id": "153049", "claim_name": null, "holder": "(100) NEW GOLD INC.", "status": "Active", "recorded_date": "2018-04-10", "anniversary_or_expiry": "2028-07-11", "area_ha": null, "tenure_type": "Single Cell Mining Claim", "source": "Ontario MLAS operational claims (OGSEarth / LIO MapServer). Unofficial viewing data, not legal title.", "as_of": "2026-09-20", "role": "focus", "color": "#e8b040"}}, {"type": "Feature", "geometry": {"type": "Polygon", "coordinates": [[[-93.8438, 48.9792], [-93.8438, 48.9833], [-93.85, 48.9833], [-93.85, 48.9792], [-93.8438, 48.9792]]]}, "properties": {"company_id": "new-gold", "jurisdiction": "Ontario", "claim_id": "153071", "claim_name": null, "holder": "(100) NEW GOLD INC.", "status": "Active", "recorded_date": "2018-04-10", "anniversary_or_expiry": "2028-06-02", "area_ha": null, "tenure_type": "Single Cell Mining Claim", "source": "Ontario MLAS operational claims (OGSEarth / LIO MapServer). Unofficial viewing data, not legal title.", "as_of": "2026-09-20", "role": "focus", "color": "#e8b040"}}, {"type": "Feature", "geometry": {"type": "Polygon", "coordinates": [[[-93.8125, 48.9833], [-93.8125, 48.9875], [-93.8188, 48.9875], [-93.8188, 48.9833], [-93.8125, 48.9833]]]}, "properties": {"company_id": "new-gold", "jurisdiction": "Ontario", "claim_id": "153666", "claim_name": null, "holder": "(100) NEW GOLD INC.", "status": "Active", "recorded_date": "2018-04-10", "anniversary_or_expiry": "2028-05-25", "area_ha": null, "tenure_type": "Single Cell Mining Claim", "source": "Ontario MLAS operational claims (OGSEarth / LIO MapServer). Unofficial viewing data, not legal title.", "as_of": "2026-09-20", "role": "focus", "color": "#e8b040"}}, {"type": "Feature", "geometry": {"type": "Polygon", "coordinates": [[[-93.8313, 48.9875], [-93.8313, 48.9917], [-93.8375, 48.9917], [-93.8375, 48.9875], [-93.8313, 48.9875]]]}, "properties": {"company_id": "new-gold", "jurisdiction": "Ontario", "claim_id": "153667", "claim_name": null, "holder": "(100) NEW GOLD INC.", "status": "Active", "recorded_date": "2018-04-10", "anniversary_or_expiry": "2028-05-08", "area_ha": null, "tenure_type": "Single Cell Mining Claim", "source": "Ontario MLAS operational claims (OGSEarth / LIO MapServer). Unofficial viewing data, not legal title.", "as_of": "2026-09-20", "role": "focus", "color": "#e8b040"}}, {"type": "Feature", "geometry": {"type": "Polygon", "coordinates": [[[-93.8188, 48.9708], [-93.8188, 48.975], [-93.825, 48.975], [-93.825, 48.9708], [-93.8188, 48.9708]]]}, "properties": {"company_id": "new-gold", "jurisdiction": "Ontario", "claim_id": "153668", "claim_name": null, "holder": "(100) NEW GOLD INC.", "status": "Active", "recorded_date": "2018-04-10", "anniversary_or_expiry": "2028-06-02", "area_ha": null, "tenure_type": "Single Cell Mining Claim", "source": "Ontario MLAS operational claims (OGSEarth / LIO MapServer). Unofficial viewing data, not legal title.", "as_of": "2026-09-20", "role": "focus", "color": "#e8b040"}}, {"type": "Feature", "geometry": {"type": "Polygon", "coordinates": [[[-93.7313, 49.0167], [-93.7313, 49.0208], [-93.7375, 49.0208], [-93.7375, 49.0167], [-93.7313, 49.0167]]]}, "properties": {"company_id": "new-gold", "jurisdiction": "Ontario", "claim_id": "153722", "claim_name": null, "holder": "(100) NEW GOLD INC.", "status": "Active", "recorded_date": "2018-04-10", "anniversary_or_expiry": "2028-07-11", "area_ha": null, "tenure_type": "Single Cell Mining Claim", "source": "Ontario MLAS operational claims (OGSEarth / LIO MapServer). Unofficial viewing data, not legal title.", "as_of": "2026-09-20", "role": "focus", "color": "#e8b040"}}, {"type": "Feature", "geometry": {"type": "Polygon", "coordinates": [[[-93.8063, 48.9833], [-93.8063, 48.9875], [-93.8125, 48.9875], [-93.8125, 48.9833], [-93.8063, 48.9833]]]}, "properties": {"company_id": "new-gold", "jurisdiction": "Ontario", "claim_id": "153747", "claim_name": null, "holder": "(100) NEW GOLD INC.", "status": "Active", "recorded_date": "2018-04-10", "anniversary_or_expiry": "2028-05-25", "area_ha": null, "tenure_type": "Single Cell Mining Claim", "source": "Ontario MLAS operational claims (OGSEarth / LIO MapServer). Unofficial viewing data, not legal title.", "as_of": "2026-09-20", "role": "focus", "color": "#e8b040"}}, {"type": "Feature", "geometry": {"type": "Polygon", "coordinates": [[[-93.7938, 48.9792], [-93.7938, 48.9833], [-93.8, 48.9833], [-93.8, 48.9792], [-93.7938, 48.9792]]]}, "properties": {"company_id": "new-gold", "jurisdiction": "Ontario", "claim_id": "154331", "claim_name": null, "holder": "(100) NEW GOLD INC.", "status": "Active", "recorded_date": "2018-04-10", "anniversary_or_expiry": "2028-06-02", "area_ha": null, "tenure_type": "Single Cell Mining Claim", "source": "Ontario MLAS operational claims (OGSEarth / LIO MapServer). Unofficial viewing data, not legal title.", "as_of": "2026-09-20", "role": "focus", "color": "#e8b040"}}, {"type": "Feature", "geometry": {"type": "Polygon", "coordinates": [[[-93.8875, 48.9917], [-93.8875, 48.9958], [-93.8938, 48.9958], [-93.8938, 48.9917], [-93.8875, 48.9917]]]}, "properties": {"company_id": "new-gold", "jurisdiction": "Ontario", "claim_id": "154963", "claim_name": null, "holder": "(100) NEW GOLD INC.", "status": "Active", "recorded_date": "2018-04-10", "anniversary_or_expiry": "2028-08-04", "area_ha": null, "tenure_type": "Single Cell Mining Claim", "source": "Ontario MLAS operational claims (OGSEarth / LIO MapServer). Unofficial viewing data, not legal title.", "as_of": "2026-09-20", "role": "focus", "color": "#e8b040"}}, {"type": "Feature", "geometry": {"type": "Polygon", "coordinates": [[[-93.7438, 49.0125], [-93.7438, 49.0167], [-93.75, 49.0167], [-93.75, 49.0125], [-93.7438, 49.0125]]]}, "properties": {"company_id": "new-gold", "jurisdiction": "Ontario", "claim_id": "154990", "claim_name": null, "holder": "(100) NEW GOLD INC.", "status": "Active", "recorded_date": "2018-04-10", "anniversary_or_expiry": "2028-07-11", "area_ha": null, "tenure_type": "Single Cell Mining Claim", "source": "Ontario MLAS operational claims (OGSEarth / LIO MapServer). Unofficial viewing data, not legal title.", "as_of": "2026-09-20", "role": "focus", "color": "#e8b040"}}, {"type": "Feature", "geometry": {"type": "Polygon", "coordinates": [[[-93.7563, 49.0125], [-93.7563, 49.0167], [-93.7625, 49.0167], [-93.7625, 49.0125], [-93.7563, 49.0125]]]}, "properties": {"company_id": "new-gold", "jurisdiction": "Ontario", "claim_id": "154991", "claim_name": null, "holder": "(100) NEW GOLD INC.", "status": "Active", "recorded_date": "2018-04-10", "anniversary_or_expiry": "2028-07-11", "area_ha": null, "tenure_type": "Single Cell Mining Claim", "source": "Ontario MLAS operational claims (OGSEarth / LIO MapServer). Unofficial viewing data, not legal title.", "as_of": "2026-09-20", "role": "focus", "color": "#e8b040"}}, {"type": "Feature", "geometry": {"type": "Polygon", "coordinates": [[[-93.7563, 49.0083], [-93.7563, 49.0125], [-93.7625, 49.0125], [-93.7625, 49.0083], [-93.7563, 49.0083]]]}, "properties": {"company_id": "new-gold", "jurisdiction": "Ontario", "claim_id": "154992", "claim_name": null, "holder": "(100) NEW GOLD INC.", "status": "Active", "recorded_date": "2018-04-10", "anniversary_or_expiry": "2028-07-11", "area_ha": null, "tenure_type": "Single Cell Mining Claim", "source": "Ontario MLAS operational claims (OGSEarth / LIO MapServer). Unofficial viewing data, not legal title.", "as_of": "2026-09-20", "role": "focus", "color": "#e8b040"}}, {"type": "Feature", "geometry": {"type": "Polygon", "coordinates": [[[-93.8188, 48.9583], [-93.8188, 48.9625], [-93.825, 48.9625], [-93.825, 48.9583], [-93.8188, 48.9583]]]}, "properties": {"company_id": "new-gold", "jurisdiction": "Ontario", "claim_id": "155023", "claim_name": null, "holder": "(100) NEW GOLD INC.", "status": "Active", "recorded_date": "2018-04-10", "anniversary_or_expiry": "2028-06-02", "area_ha": null, "tenure_type": "Single Cell Mining Claim", "source": "Ontario MLAS operational claims (OGSEarth / LIO MapServer). Unofficial viewing data, not legal title.", "as_of": "2026-09-20", "role": "focus", "color": "#e8b040"}}, {"type": "Feature", "geometry": {"type": "Polygon", "coordinates": [[[-93.9938, 48.7958], [-93.9938, 48.8], [-94.0, 48.8], [-94.0, 48.7958], [-93.9938, 48.7958]]]}, "properties": {"company_id": "new-gold", "jurisdiction": "Ontario", "claim_id": "157580", "claim_name": null, "holder": "(100) NEW GOLD INC.", "status": "Active", "recorded_date": "2018-04-10", "anniversary_or_expiry": "2027-01-11", "area_ha": null, "tenure_type": "Single Cell Mining Claim", "source": "Ontario MLAS operational claims (OGSEarth / LIO MapServer). Unofficial viewing data, not legal title.", "as_of": "2026-09-20", "role": "focus", "color": "#e8b040"}}, {"type": "Feature", "geometry": {"type": "Polygon", "coordinates": [[[-94.3188, 48.7667], [-94.3188, 48.7708], [-94.325, 48.7708], [-94.325, 48.7667], [-94.3188, 48.7667]]]}, "properties": {"company_id": "new-gold", "jurisdiction": "Ontario", "claim_id": "157596", "claim_name": null, "holder": "(100) NEW GOLD INC.", "status": "Active", "recorded_date": "2018-04-10", "anniversary_or_expiry": "2027-01-26", "area_ha": null, "tenure_type": "Single Cell Mining Claim", "source": "Ontario MLAS operational claims (OGSEarth / LIO MapServer). Unofficial viewing data, not legal title.", "as_of": "2026-09-20", "role": "focus", "color": "#e8b040"}}, {"type": "Feature", "geometry": {"type": "Polygon", "coordinates": [[[-93.9688, 48.9083], [-93.9688, 48.9125], [-93.975, 48.9125], [-93.975, 48.9083], [-93.9688, 48.9083]]]}, "properties": {"company_id": "new-gold", "jurisdiction": "Ontario", "claim_id": "156137", "claim_name": null, "holder": "(100) NEW GOLD INC.", "status": "Active", "recorded_date": "2018-04-10", "anniversary_or_expiry": "2027-03-01", "area_ha": null, "tenure_type": "Single Cell Mining Claim", "source": "Ontario MLAS operational claims (OGSEarth / LIO MapServer). Unofficial viewing data, not legal title.", "as_of": "2026-09-20", "role": "focus", "color": "#e8b040"}}, {"type": "Feature", "geometry": {"type": "Polygon", "coordinates": [[[-93.8688, 48.8958], [-93.8688, 48.9], [-93.875, 48.9], [-93.875, 48.8958], [-93.8688, 48.8958]]]}, "properties": {"company_id": "new-gold", "jurisdiction": "Ontario", "claim_id": "158782", "claim_name": null, "holder": "(100) NEW GOLD INC.", "status": "Active", "recorded_date": "2018-04-10", "anniversary_or_expiry": "2027-01-28", "area_ha": null, "tenure_type": "Single Cell Mining Claim", "source": "Ontario MLAS operational claims (OGSEarth / LIO MapServer). Unofficial viewing data, not legal title.", "as_of": "2026-09-20", "role": "focus", "color": "#e8b040"}}, {"type": "Feature", "geometry": {"type": "Polygon", "coordinates": [[[-93.8688, 48.8875], [-93.8688, 48.8917], [-93.875, 48.8917], [-93.875, 48.8875], [-93.8688, 48.8875]]]}, "properties": {"company_id": "new-gold", "jurisdiction": "Ontario", "claim_id": "158783", "claim_name": null, "holder": "(100) NEW GOLD INC.", "status": "Active", "recorded_date": "2018-04-10", "anniversary_or_expiry": "2027-01-28", "area_ha": null, "tenure_type": "Single Cell Mining Claim", "source": "Ontario MLAS operational claims (OGSEarth / LIO MapServer). Unofficial viewing data, not legal title.", "as_of": "2026-09-20", "role": "focus", "color": "#e8b040"}}, {"type": "Feature", "geometry": {"type": "Polygon", "coordinates": [[[-93.85, 48.8917], [-93.85, 48.8958], [-93.8563, 48.8958], [-93.8563, 48.8917], [-93.85, 48.8917]]]}, "properties": {"company_id": "new-gold", "jurisdiction": "Ontario", "claim_id": "158210", "claim_name": null, "holder": "(100) NEW GOLD INC.", "status": "Active", "recorded_date": "2018-04-10", "anniversary_or_expiry": "2028-05-16", "area_ha": null, "tenure_type": "Single Cell Mining Claim", "source": "Ontario MLAS operational claims (OGSEarth / LIO MapServer). Unofficial viewing data, not legal title.", "as_of": "2026-09-20", "role": "focus", "color": "#e8b040"}}, {"type": "Feature", "geometry": {"type": "Polygon", "coordinates": [[[-94.1063, 48.8375], [-94.1063, 48.8417], [-94.1125, 48.8417], [-94.1125, 48.8375], [-94.1063, 48.8375]]]}, "properties": {"company_id": "new-gold", "jurisdiction": "Ontario", "claim_id": "158216", "claim_name": null, "holder": "(100) NEW GOLD INC.", "status": "Active", "recorded_date": "2018-04-10", "anniversary_or_expiry": "2028-11-27", "area_ha": null, "tenure_type": "Single Cell Mining Claim", "source": "Ontario MLAS operational claims (OGSEarth / LIO MapServer). Unofficial viewing data, not legal title.", "as_of": "2026-09-20", "role": "focus", "color": "#e8b040"}}, {"type": "Feature", "geometry": {"type": "Polygon", "coordinates": [[[-94.1125, 48.8375], [-94.1125, 48.8417], [-94.1188, 48.8417], [-94.1188, 48.8375], [-94.1125, 48.8375]]]}, "properties": {"company_id": "new-gold", "jurisdiction": "Ontario", "claim_id": "158217", "claim_name": null, "holder": "(100) NEW GOLD INC.", "status": "Active", "recorded_date": "2018-04-10", "anniversary_or_expiry": "2028-11-27", "area_ha": null, "tenure_type": "Single Cell Mining Claim", "source": "Ontario MLAS operational claims (OGSEarth / LIO MapServer). Unofficial viewing data, not legal title.", "as_of": "2026-09-20", "role": "focus", "color": "#e8b040"}}, {"type": "Feature", "geometry": {"type": "Polygon", "coordinates": [[[-94.2438, 48.7917], [-94.2438, 48.7958], [-94.25, 48.7958], [-94.25, 48.7917], [-94.2438, 48.7917]]]}, "properties": {"company_id": "new-gold", "jurisdiction": "Ontario", "claim_id": "158238", "claim_name": null, "holder": "(100) NEW GOLD INC.", "status": "Active", "recorded_date": "2018-04-10", "anniversary_or_expiry": "2028-11-22", "area_ha": null, "tenure_type": "Single Cell Mining Claim", "source": "Ontario MLAS operational claims (OGSEarth / LIO MapServer). Unofficial viewing data, not legal title.", "as_of": "2026-09-20", "role": "focus", "color": "#e8b040"}}, {"type": "Feature", "geometry": {"type": "Polygon", "coordinates": [[[-94.25, 48.7917], [-94.25, 48.7958], [-94.2563, 48.7958], [-94.2563, 48.7917], [-94.25, 48.7917]]]}, "properties": {"company_id": "new-gold", "jurisdiction": "Ontario", "claim_id": "158239", "claim_name": null, "holder": "(100) NEW GOLD INC.", "status": "Active", "recorded_date": "2018-04-10", "anniversary_or_expiry": "2028-11-22", "area_ha": null, "tenure_type": "Single Cell Mining Claim", "source": "Ontario MLAS operational claims (OGSEarth / LIO MapServer). Unofficial viewing data, not legal title.", "as_of": "2026-09-20", "role": "focus", "color": "#e8b040"}}, {"type": "Feature", "geometry": {"type": "Polygon", "coordinates": [[[-93.8563, 48.8792], [-93.8563, 48.8833], [-93.8625, 48.8833], [-93.8625, 48.8792], [-93.8563, 48.8792]]]}, "properties": {"company_id": "new-gold", "jurisdiction": "Ontario", "claim_id": "158250", "claim_name": null, "holder": "(100) NEW GOLD INC.", "status": "Active", "recorded_date": "2018-04-10", "anniversary_or_expiry": "2028-04-19", "area_ha": null, "tenure_type": "Single Cell Mining Claim", "source": "Ontario MLAS operational claims (OGSEarth / LIO MapServer). Unofficial viewing data, not legal title.", "as_of": "2026-09-20", "role": "focus", "color": "#e8b040"}}, {"type": "Feature", "geometry": {"type": "Polygon", "coordinates": [[[-93.8625, 48.8792], [-93.8625, 48.8833], [-93.8688, 48.8833], [-93.8688, 48.8792], [-93.8625, 48.8792]]]}, "properties": {"company_id": "new-gold", "jurisdiction": "Ontario", "claim_id": "158251", "claim_name": null, "holder": "(100) NEW GOLD INC.", "status": "Active", "recorded_date": "2018-04-10", "anniversary_or_expiry": "2028-04-19", "area_ha": null, "tenure_type": "Single Cell Mining Claim", "source": "Ontario MLAS operational claims (OGSEarth / LIO MapServer). Unofficial viewing data, not legal title.", "as_of": "2026-09-20", "role": "focus", "color": "#e8b040"}}, {"type": "Feature", "geometry": {"type": "Polygon", "coordinates": [[[-94.15, 48.8167], [-94.15, 48.8208], [-94.1563, 48.8208], [-94.1563, 48.8167], [-94.15, 48.8167]]]}, "properties": {"company_id": "new-gold", "jurisdiction": "Ontario", "claim_id": "158847", "claim_name": null, "holder": "(100) NEW GOLD INC.", "status": "Active", "recorded_date": "2018-04-10", "anniversary_or_expiry": "2028-11-22", "area_ha": null, "tenure_type": "Single Cell Mining Claim", "source": "Ontario MLAS operational claims (OGSEarth / LIO MapServer). Unofficial viewing data, not legal title.", "as_of": "2026-09-20", "role": "focus", "color": "#e8b040"}}, {"type": "Feature", "geometry": {"type": "Polygon", "coordinates": [[[-93.9375, 48.875], [-93.9375, 48.8792], [-93.9438, 48.8792], [-93.9438, 48.875], [-93.9375, 48.875]]]}, "properties": {"company_id": "new-gold", "jurisdiction": "Ontario", "claim_id": "158851", "claim_name": null, "holder": "(100) NEW GOLD INC.", "status": "Active", "recorded_date": "2018-04-10", "anniversary_or_expiry": "2028-05-06", "area_ha": null, "tenure_type": "Single Cell Mining Claim", "source": "Ontario MLAS operational claims (OGSEarth / LIO MapServer). Unofficial viewing data, not legal title.", "as_of": "2026-09-20", "role": "focus", "color": "#e8b040"}}, {"type": "Feature", "geometry": {"type": "Polygon", "coordinates": [[[-93.9438, 48.875], [-93.9438, 48.8792], [-93.95, 48.8792], [-93.95, 48.875], [-93.9438, 48.875]]]}, "properties": {"company_id": "new-gold", "jurisdiction": "Ontario", "claim_id": "158852", "claim_name": null, "holder": "(100) NEW GOLD INC.", "status": "Active", "recorded_date": "2018-04-10", "anniversary_or_expiry": "2028-05-06", "area_ha": null, "tenure_type": "Single Cell Mining Claim", "source": "Ontario MLAS operational claims (OGSEarth / LIO MapServer). Unofficial viewing data, not legal title.", "as_of": "2026-09-20", "role": "focus", "color": "#e8b040"}}, {"type": "Feature", "geometry": {"type": "Polygon", "coordinates": [[[-93.9375, 48.8708], [-93.9375, 48.875], [-93.9438, 48.875], [-93.9438, 48.8708], [-93.9375, 48.8708]]]}, "properties": {"company_id": "new-gold", "jurisdiction": "Ontario", "claim_id": "158853", "claim_name": null, "holder": "(100) NEW GOLD INC.", "status": "Active", "recorded_date": "2018-04-10", "anniversary_or_expiry": "2028-05-06", "area_ha": null, "tenure_type": "Single Cell Mining Claim", "source": "Ontario MLAS operational claims (OGSEarth / LIO MapServer). Unofficial viewing data, not legal title.", "as_of": "2026-09-20", "role": "focus", "color": "#e8b040"}}, {"type": "Feature", "geometry": {"type": "Polygon", "coordinates": [[[-94.0813, 48.8875], [-94.0813, 48.8917], [-94.0875, 48.8917], [-94.0875, 48.8875], [-94.0813, 48.8875]]]}, "properties": {"company_id": "new-gold", "jurisdiction": "Ontario", "claim_id": "159471", "claim_name": null, "holder": "(100) NEW GOLD INC.", "status": "Active", "recorded_date": "2018-04-10", "anniversary_or_expiry": "2028-10-15", "area_ha": null, "tenure_type": "Single Cell Mining Claim", "source": "Ontario MLAS operational claims (OGSEarth / LIO MapServer). Unofficial viewing data, not legal title.", "as_of": "2026-09-20", "role": "focus", "color": "#e8b040"}}, {"type": "Feature", "geometry": {"type": "Polygon", "coordinates": [[[-94.0813, 48.8833], [-94.0813, 48.8875], [-94.0875, 48.8875], [-94.0875, 48.8833], [-94.0813, 48.8833]]]}, "properties": {"company_id": "new-gold", "jurisdiction": "Ontario", "claim_id": "159487", "claim_name": null, "holder": "(100) NEW GOLD INC.", "status": "Active", "recorded_date": "2018-04-10", "anniversary_or_expiry": "2028-10-15", "area_ha": null, "tenure_type": "Single Cell Mining Claim", "source": "Ontario MLAS operational claims (OGSEarth / LIO MapServer). Unofficial viewing data, not legal title.", "as_of": "2026-09-20", "role": "focus", "color": "#e8b040"}}, {"type": "Feature", "geometry": {"type": "Polygon", "coordinates": [[[-94.0688, 48.8917], [-94.0688, 48.8958], [-94.075, 48.8958], [-94.075, 48.8917], [-94.0688, 48.8917]]]}, "properties": {"company_id": "new-gold", "jurisdiction": "Ontario", "claim_id": "159581", "claim_name": null, "holder": "(100) NEW GOLD INC.", "status": "Active", "recorded_date": "2018-04-10", "anniversary_or_expiry": "2028-10-15", "area_ha": null, "tenure_type": "Single Cell Mining Claim", "source": "Ontario MLAS operational claims (OGSEarth / LIO MapServer). Unofficial viewing data, not legal title.", "as_of": "2026-09-20", "role": "focus", "color": "#e8b040"}}, {"type": "Feature", "geometry": {"type": "Polygon", "coordinates": [[[-94.3063, 48.7875], [-94.3063, 48.7917], [-94.3125, 48.7917], [-94.3125, 48.7875], [-94.3063, 48.7875]]]}, "properties": {"company_id": "new-gold", "jurisdiction": "Ontario", "claim_id": "157834", "claim_name": null, "holder": "(100) NEW GOLD INC.", "status": "Active", "recorded_date": "2018-04-10", "anniversary_or_expiry": "2028-06-13", "area_ha": null, "tenure_type": "Single Cell Mining Claim", "source": "Ontario MLAS operational claims (OGSEarth / LIO MapServer). Unofficial viewing data, not legal title.", "as_of": "2026-09-20", "role": "focus", "color": "#e8b040"}}, {"type": "Feature", "geometry": {"type": "Polygon", "coordinates": [[[-94.1688, 48.8208], [-94.1688, 48.825], [-94.175, 48.825], [-94.175, 48.8208], [-94.1688, 48.8208]]]}, "properties": {"company_id": "new-gold", "jurisdiction": "Ontario", "claim_id": "159596", "claim_name": null, "holder": "(100) NEW GOLD INC.", "status": "Active", "recorded_date": "2018-04-10", "anniversary_or_expiry": "2027-03-03", "area_ha": null, "tenure_type": "Single Cell Mining Claim", "source": "Ontario MLAS operational claims (OGSEarth / LIO MapServer). Unofficial viewing data, not legal title.", "as_of": "2026-09-20", "role": "focus", "color": "#e8b040"}}, {"type": "Feature", "geometry": {"type": "Polygon", "coordinates": [[[-93.9, 48.9667], [-93.9, 48.9708], [-93.9063, 48.9708], [-93.9063, 48.9667], [-93.9, 48.9667]]]}, "properties": {"company_id": "new-gold", "jurisdiction": "Ontario", "claim_id": "160828", "claim_name": null, "holder": "(100) NEW GOLD INC.", "status": "Active", "recorded_date": "2018-04-10", "anniversary_or_expiry": "2028-10-26", "area_ha": null, "tenure_type": "Single Cell Mining Claim", "source": "Ontario MLAS operational claims (OGSEarth / LIO MapServer). Unofficial viewing data, not legal title.", "as_of": "2026-09-20", "role": "focus", "color": "#e8b040"}}, {"type": "Feature", "geometry": {"type": "Polygon", "coordinates": [[[-93.8375, 48.8667], [-93.8375, 48.8708], [-93.8438, 48.8708], [-93.8438, 48.8667], [-93.8375, 48.8667]]]}, "properties": {"company_id": "new-gold", "jurisdiction": "Ontario", "claim_id": "160280", "claim_name": null, "holder": "(100) NEW GOLD INC.", "status": "Active", "recorded_date": "2018-04-10", "anniversary_or_expiry": "2028-05-04", "area_ha": null, "tenure_type": "Single Cell Mining Claim", "source": "Ontario MLAS operational claims (OGSEarth / LIO MapServer). Unofficial viewing data, not legal title.", "as_of": "2026-09-20", "role": "focus", "color": "#e8b040"}}, {"type": "Feature", "geometry": {"type": "Polygon", "coordinates": [[[-94.2188, 48.8042], [-94.2188, 48.8083], [-94.225, 48.8083], [-94.225, 48.8042], [-94.2188, 48.8042]]]}, "properties": {"company_id": "new-gold", "jurisdiction": "Ontario", "claim_id": "161477", "claim_name": null, "holder": "(100) NEW GOLD INC.", "status": "Active", "recorded_date": "2018-04-10", "anniversary_or_expiry": "2028-11-22", "area_ha": null, "tenure_type": "Single Cell Mining Claim", "source": "Ontario MLAS operational claims (OGSEarth / LIO MapServer). Unofficial viewing data, not legal title.", "as_of": "2026-09-20", "role": "focus", "color": "#e8b040"}}, {"type": "Feature", "geometry": {"type": "Polygon", "coordinates": [[[-94.2125, 48.8], [-94.2125, 48.8042], [-94.2188, 48.8042], [-94.2188, 48.8], [-94.2125, 48.8]]]}, "properties": {"company_id": "new-gold", "jurisdiction": "Ontario", "claim_id": "161478", "claim_name": null, "holder": "(100) NEW GOLD INC.", "status": "Active", "recorded_date": "2018-04-10", "anniversary_or_expiry": "2028-11-22", "area_ha": null, "tenure_type": "Single Cell Mining Claim", "source": "Ontario MLAS operational claims (OGSEarth / LIO MapServer). Unofficial viewing data, not legal title.", "as_of": "2026-09-20", "role": "focus", "color": "#e8b040"}}, {"type": "Feature", "geometry": {"type": "Polygon", "coordinates": [[[-93.8938, 48.9792], [-93.8938, 48.9833], [-93.9, 48.9833], [-93.9, 48.9792], [-93.8938, 48.9792]]]}, "properties": {"company_id": "new-gold", "jurisdiction": "Ontario", "claim_id": "161483", "claim_name": null, "holder": "(100) NEW GOLD INC.", "status": "Active", "recorded_date": "2018-04-10", "anniversary_or_expiry": "2028-10-26", "area_ha": null, "tenure_type": "Single Cell Mining Claim", "source": "Ontario MLAS operational claims (OGSEarth / LIO MapServer). Unofficial viewing data, not legal title.", "as_of": "2026-09-20", "role": "focus", "color": "#e8b040"}}, {"type": "Feature", "geometry": {"type": "Polygon", "coordinates": [[[-93.9188, 48.9792], [-93.9188, 48.9833], [-93.925, 48.9833], [-93.925, 48.9792], [-93.9188, 48.9792]]]}, "properties": {"company_id": "new-gold", "jurisdiction": "Ontario", "claim_id": "161484", "claim_name": null, "holder": "(100) NEW GOLD INC.", "status": "Active", "recorded_date": "2018-04-10", "anniversary_or_expiry": "2028-10-26", "area_ha": null, "tenure_type": "Single Cell Mining Claim", "source": "Ontario MLAS operational claims (OGSEarth / LIO MapServer). Unofficial viewing data, not legal title.", "as_of": "2026-09-20", "role": "focus", "color": "#e8b040"}}, {"type": "Feature", "geometry": {"type": "Polygon", "coordinates": [[[-93.8938, 48.9708], [-93.8938, 48.975], [-93.9, 48.975], [-93.9, 48.9708], [-93.8938, 48.9708]]]}, "properties": {"company_id": "new-gold", "jurisdiction": "Ontario", "claim_id": "161485", "claim_name": null, "holder": "(100) NEW GOLD INC.", "status": "Active", "recorded_date": "2018-04-10", "anniversary_or_expiry": "2028-10-26", "area_ha": null, "tenure_type": "Single Cell Mining Claim", "source": "Ontario MLAS operational claims (OGSEarth / LIO MapServer). Unofficial viewing data, not legal title.", "as_of": "2026-09-20", "role": "focus", "color": "#e8b040"}}, {"type": "Feature", "geometry": {"type": "Polygon", "coordinates": [[[-93.8125, 48.95], [-93.8125, 48.9542], [-93.8188, 48.9542], [-93.8188, 48.95], [-93.8125, 48.95]]]}, "properties": {"company_id": "new-gold", "jurisdiction": "Ontario", "claim_id": "161501", "claim_name": null, "holder": "(100) NEW GOLD INC.", "status": "Active", "recorded_date": "2018-04-10", "anniversary_or_expiry": "2027-02-13", "area_ha": null, "tenure_type": "Boundary Cell Mining Claim", "source": "Ontario MLAS operational claims (OGSEarth / LIO MapServer). Unofficial viewing data, not legal title.", "as_of": "2026-09-20", "role": "focus", "color": "#e8b040"}}, {"type": "Feature", "geometry": {"type": "Polygon", "coordinates": [[[-93.9063, 48.9667], [-93.9063, 48.9708], [-93.9125, 48.9708], [-93.9125, 48.9667], [-93.9063, 48.9667]]]}, "properties": {"company_id": "new-gold", "jurisdiction": "Ontario", "claim_id": "161502", "claim_name": null, "holder": "(100) NEW GOLD INC.", "status": "Active", "recorded_date": "2018-04-10", "anniversary_or_expiry": "2028-10-26", "area_ha": null, "tenure_type": "Single Cell Mining Claim", "source": "Ontario MLAS operational claims (OGSEarth / LIO MapServer). Unofficial viewing data, not legal title.", "as_of": "2026-09-20", "role": "focus", "color": "#e8b040"}}, {"type": "Feature", "geometry": {"type": "Polygon", "coordinates": [[[-93.7625, 48.9417], [-93.7625, 48.9458], [-93.7688, 48.9458], [-93.7688, 48.9417], [-93.7625, 48.9417]]]}, "properties": {"company_id": "new-gold", "jurisdiction": "Ontario", "claim_id": "161505", "claim_name": null, "holder": "(100) NEW GOLD INC.", "status": "Active", "recorded_date": "2018-04-10", "anniversary_or_expiry": "2027-02-13", "area_ha": null, "tenure_type": "Single Cell Mining Claim", "source": "Ontario MLAS operational claims (OGSEarth / LIO MapServer). Unofficial viewing data, not legal title.", "as_of": "2026-09-20", "role": "focus", "color": "#e8b040"}}, {"type": "Feature", "geometry": {"type": "Polygon", "coordinates": [[[-93.7875, 48.9375], [-93.7875, 48.9417], [-93.7938, 48.9417], [-93.7938, 48.9375], [-93.7875, 48.9375]]]}, "properties": {"company_id": "new-gold", "jurisdiction": "Ontario", "claim_id": "161506", "claim_name": null, "holder": "(100) NEW GOLD INC.", "status": "Active", "recorded_date": "2018-04-10", "anniversary_or_expiry": "2027-02-13", "area_ha": null, "tenure_type": "Single Cell Mining Claim", "source": "Ontario MLAS operational claims (OGSEarth / LIO MapServer). Unofficial viewing data, not legal title.", "as_of": "2026-09-20", "role": "focus", "color": "#e8b040"}}, {"type": "Feature", "geometry": {"type": "Polygon", "coordinates": [[[-93.8938, 48.9208], [-93.8938, 48.925], [-93.9, 48.925], [-93.9, 48.9208], [-93.8938, 48.9208]]]}, "properties": {"company_id": "new-gold", "jurisdiction": "Ontario", "claim_id": "160946", "claim_name": null, "holder": "(100) NEW GOLD INC.", "status": "Active", "recorded_date": "2018-04-10", "anniversary_or_expiry": "2028-10-26", "area_ha": null, "tenure_type": "Single Cell Mining Claim", "source": "Ontario MLAS operational claims (OGSEarth / LIO MapServer). Unofficial viewing data, not legal title.", "as_of": "2026-09-20", "role": "focus", "color": "#e8b040"}}, {"type": "Feature", "geometry": {"type": "Polygon", "coordinates": [[[-93.9125, 48.9167], [-93.9125, 48.9208], [-93.9188, 48.9208], [-93.9188, 48.9167], [-93.9125, 48.9167]]]}, "properties": {"company_id": "new-gold", "jurisdiction": "Ontario", "claim_id": "160947", "claim_name": null, "holder": "(100) NEW GOLD INC.", "status": "Active", "recorded_date": "2018-04-10", "anniversary_or_expiry": "2028-10-26", "area_ha": null, "tenure_type": "Single Cell Mining Claim", "source": "Ontario MLAS operational claims (OGSEarth / LIO MapServer). Unofficial viewing data, not legal title.", "as_of": "2026-09-20", "role": "focus", "color": "#e8b040"}}, {"type": "Feature", "geometry": {"type": "Polygon", "coordinates": [[[-93.9188, 48.9167], [-93.9188, 48.9208], [-93.925, 48.9208], [-93.925, 48.9167], [-93.9188, 48.9167]]]}, "properties": {"company_id": "new-gold", "jurisdiction": "Ontario", "claim_id": "160948", "claim_name": null, "holder": "(100) NEW GOLD INC.", "status": "Active", "recorded_date": "2018-04-10", "anniversary_or_expiry": "2028-10-26", "area_ha": null, "tenure_type": "Single Cell Mining Claim", "source": "Ontario MLAS operational claims (OGSEarth / LIO MapServer). Unofficial viewing data, not legal title.", "as_of": "2026-09-20", "role": "focus", "color": "#e8b040"}}, {"type": "Feature", "geometry": {"type": "Polygon", "coordinates": [[[-93.8563, 48.9625], [-93.8563, 48.9667], [-93.8625, 48.9667], [-93.8625, 48.9625], [-93.8563, 48.9625]]]}, "properties": {"company_id": "new-gold", "jurisdiction": "Ontario", "claim_id": "160949", "claim_name": null, "holder": "(100) NEW GOLD INC.", "status": "Active", "recorded_date": "2018-04-10", "anniversary_or_expiry": "2028-10-26", "area_ha": null, "tenure_type": "Single Cell Mining Claim", "source": "Ontario MLAS operational claims (OGSEarth / LIO MapServer). Unofficial viewing data, not legal title.", "as_of": "2026-09-20", "role": "focus", "color": "#e8b040"}}, {"type": "Feature", "geometry": {"type": "Polygon", "coordinates": [[[-93.8563, 48.9583], [-93.8563, 48.9625], [-93.8625, 48.9625], [-93.8625, 48.9583], [-93.8563, 48.9583]]]}, "properties": {"company_id": "new-gold", "jurisdiction": "Ontario", "claim_id": "160950", "claim_name": null, "holder": "(100) NEW GOLD INC.", "status": "Active", "recorded_date": "2018-04-10", "anniversary_or_expiry": "2028-10-26", "area_ha": null, "tenure_type": "Single Cell Mining Claim", "source": "Ontario MLAS operational claims (OGSEarth / LIO MapServer). Unofficial viewing data, not legal title.", "as_of": "2026-09-20", "role": "focus", "color": "#e8b040"}}, {"type": "Feature", "geometry": {"type": "Polygon", "coordinates": [[[-93.7875, 48.925], [-93.7875, 48.9292], [-93.7938, 48.9292], [-93.7938, 48.925], [-93.7875, 48.925]]]}, "properties": {"company_id": "new-gold", "jurisdiction": "Ontario", "claim_id": "161581", "claim_name": null, "holder": "(100) NEW GOLD INC.", "status": "Active", "recorded_date": "2018-04-10", "anniversary_or_expiry": "2027-02-13", "area_ha": null, "tenure_type": "Single Cell Mining Claim", "source": "Ontario MLAS operational claims (OGSEarth / LIO MapServer). Unofficial viewing data, not legal title.", "as_of": "2026-09-20", "role": "focus", "color": "#e8b040"}}, {"type": "Feature", "geometry": {"type": "Polygon", "coordinates": [[[-93.7938, 48.9167], [-93.7938, 48.9208], [-93.8, 48.9208], [-93.8, 48.9167], [-93.7938, 48.9167]]]}, "properties": {"company_id": "new-gold", "jurisdiction": "Ontario", "claim_id": "161582", "claim_name": null, "holder": "(100) NEW GOLD INC.", "status": "Active", "recorded_date": "2018-04-10", "anniversary_or_expiry": "2027-02-13", "area_ha": null, "tenure_type": "Single Cell Mining Claim", "source": "Ontario MLAS operational claims (OGSEarth / LIO MapServer). Unofficial viewing data, not legal title.", "as_of": "2026-09-20", "role": "focus", "color": "#e8b040"}}, {"type": "Feature", "geometry": {"type": "Polygon", "coordinates": [[[-93.8, 48.9167], [-93.8, 48.9208], [-93.8063, 48.9208], [-93.8063, 48.9167], [-93.8, 48.9167]]]}, "properties": {"company_id": "new-gold", "jurisdiction": "Ontario", "claim_id": "161583", "claim_name": null, "holder": "(100) NEW GOLD INC.", "status": "Active", "recorded_date": "2018-04-10", "anniversary_or_expiry": "2027-02-13", "area_ha": null, "tenure_type": "Single Cell Mining Claim", "source": "Ontario MLAS operational claims (OGSEarth / LIO MapServer). Unofficial viewing data, not legal title.", "as_of": "2026-09-20", "role": "focus", "color": "#e8b040"}}, {"type": "Feature", "geometry": {"type": "Polygon", "coordinates": [[[-93.9625, 48.9083], [-93.9625, 48.9125], [-93.9688, 48.9125], [-93.9688, 48.9083], [-93.9625, 48.9083]]]}, "properties": {"company_id": "new-gold", "jurisdiction": "Ontario", "claim_id": "162157", "claim_name": null, "holder": "(100) NEW GOLD INC.", "status": "Active", "recorded_date": "2018-04-10", "anniversary_or_expiry": "2027-03-01", "area_ha": null, "tenure_type": "Single Cell Mining Claim", "source": "Ontario MLAS operational claims (OGSEarth / LIO MapServer). Unofficial viewing data, not legal title.", "as_of": "2026-09-20", "role": "focus", "color": "#e8b040"}}, {"type": "Feature", "geometry": {"type": "Polygon", "coordinates": [[[-93.8313, 48.8958], [-93.8313, 48.9], [-93.8375, 48.9], [-93.8375, 48.8958], [-93.8313, 48.8958]]]}, "properties": {"company_id": "new-gold", "jurisdiction": "Ontario", "claim_id": "161642", "claim_name": null, "holder": "(100) NEW GOLD INC.", "status": "Active", "recorded_date": "2018-04-10", "anniversary_or_expiry": "2027-03-13", "area_ha": null, "tenure_type": "Single Cell Mining Claim", "source": "Ontario MLAS operational claims (OGSEarth / LIO MapServer). Unofficial viewing data, not legal title.", "as_of": "2026-09-20", "role": "focus", "color": "#e8b040"}}, {"type": "Feature", "geometry": {"type": "Polygon", "coordinates": [[[-93.925, 51.0042], [-93.925, 51.0083], [-93.9313, 51.0083], [-93.9313, 51.0042], [-93.925, 51.0042]]]}, "properties": {"company_id": "new-gold", "jurisdiction": "Ontario", "claim_id": "161925", "claim_name": null, "holder": "(24.5) NEW GOLD INC., (24.5) TOMAGOLD CORPORATION CORPORATION TOMAGOLD, (51) Evolution Mining Gold Operations Ltd.", "status": "Active", "recorded_date": "2018-04-10", "anniversary_or_expiry": "2029-10-27", "area_ha": null, "tenure_type": "Single Cell Mining Claim", "source": "Ontario MLAS operational claims (OGSEarth / LIO MapServer). Unofficial viewing data, not legal title.", "as_of": "2026-09-20", "role": "focus", "color": "#e8b040"}}, {"type": "Feature", "geometry": {"type": "Polygon", "coordinates": [[[-94.2, 48.7875], [-94.2, 48.7917], [-94.2063, 48.7917], [-94.2063, 48.7875], [-94.2, 48.7875]]]}, "properties": {"company_id": "new-gold", "jurisdiction": "Ontario", "claim_id": "160185", "claim_name": null, "holder": "(100) NEW GOLD INC.", "status": "Active", "recorded_date": "2018-04-10", "anniversary_or_expiry": "2028-11-22", "area_ha": null, "tenure_type": "Single Cell Mining Claim", "source": "Ontario MLAS operational claims (OGSEarth / LIO MapServer). Unofficial viewing data, not legal title.", "as_of": "2026-09-20", "role": "focus", "color": "#e8b040"}}, {"type": "Feature", "geometry": {"type": "Polygon", "coordinates": [[[-93.875, 48.95], [-93.875, 48.9542], [-93.8813, 48.9542], [-93.8813, 48.95], [-93.875, 48.95]]]}, "properties": {"company_id": "new-gold", "jurisdiction": "Ontario", "claim_id": "160805", "claim_name": null, "holder": "(100) NEW GOLD INC.", "status": "Active", "recorded_date": "2018-04-10", "anniversary_or_expiry": "2028-10-26", "area_ha": null, "tenure_type": "Single Cell Mining Claim", "source": "Ontario MLAS operational claims (OGSEarth / LIO MapServer). Unofficial viewing data, not legal title.", "as_of": "2026-09-20", "role": "focus", "color": "#e8b040"}}, {"type": "Feature", "geometry": {"type": "Polygon", "coordinates": [[[-93.85, 48.9458], [-93.85, 48.95], [-93.8563, 48.95], [-93.8563, 48.9458], [-93.85, 48.9458]]]}, "properties": {"company_id": "new-gold", "jurisdiction": "Ontario", "claim_id": "160806", "claim_name": null, "holder": "(100) NEW GOLD INC.", "status": "Active", "recorded_date": "2018-04-10", "anniversary_or_expiry": "2028-10-26", "area_ha": null, "tenure_type": "Single Cell Mining Claim", "source": "Ontario MLAS operational claims (OGSEarth / LIO MapServer). Unofficial viewing data, not legal title.", "as_of": "2026-09-20", "role": "focus", "color": "#e8b040"}}, {"type": "Feature", "geometry": {"type": "Polygon", "coordinates": [[[-93.8625, 48.9375], [-93.8625, 48.9417], [-93.8688, 48.9417], [-93.8688, 48.9375], [-93.8625, 48.9375]]]}, "properties": {"company_id": "new-gold", "jurisdiction": "Ontario", "claim_id": "160807", "claim_name": null, "holder": "(100) NEW GOLD INC.", "status": "Active", "recorded_date": "2018-04-10", "anniversary_or_expiry": "2028-10-26", "area_ha": null, "tenure_type": "Single Cell Mining Claim", "source": "Ontario MLAS operational claims (OGSEarth / LIO MapServer). Unofficial viewing data, not legal title.", "as_of": "2026-09-20", "role": "focus", "color": "#e8b040"}}, {"type": "Feature", "geometry": {"type": "Polygon", "coordinates": [[[-94.0563, 48.8833], [-94.0563, 48.8875], [-94.0625, 48.8875], [-94.0625, 48.8833], [-94.0563, 48.8833]]]}, "properties": {"company_id": "new-gold", "jurisdiction": "Ontario", "claim_id": "164191", "claim_name": null, "holder": "(100) NEW GOLD INC.", "status": "Active", "recorded_date": "2018-04-10", "anniversary_or_expiry": "2028-10-15", "area_ha": null, "tenure_type": "Single Cell Mining Claim", "source": "Ontario MLAS operational claims (OGSEarth / LIO MapServer). Unofficial viewing data, not legal title.", "as_of": "2026-09-20", "role": "focus", "color": "#e8b040"}}, {"type": "Feature", "geometry": {"type": "Polygon", "coordinates": [[[-94.2313, 48.7958], [-94.2313, 48.8], [-94.2375, 48.8], [-94.2375, 48.7958], [-94.2313, 48.7958]]]}, "properties": {"company_id": "new-gold", "jurisdiction": "Ontario", "claim_id": "163622", "claim_name": null, "holder": "(100) NEW GOLD INC.", "status": "Active", "recorded_date": "2018-04-10", "anniversary_or_expiry": "2028-11-22", "area_ha": null, "tenure_type": "Single Cell Mining Claim", "source": "Ontario MLAS operational claims (OGSEarth / LIO MapServer). Unofficial viewing data, not legal title.", "as_of": "2026-09-20", "role": "focus", "color": "#e8b040"}}, {"type": "Feature", "geometry": {"type": "Polygon", "coordinates": [[[-94.325, 48.7625], [-94.325, 48.7667], [-94.3313, 48.7667], [-94.3313, 48.7625], [-94.325, 48.7625]]]}, "properties": {"company_id": "new-gold", "jurisdiction": "Ontario", "claim_id": "163627", "claim_name": null, "holder": "(100) NEW GOLD INC.", "status": "Active", "recorded_date": "2018-04-10", "anniversary_or_expiry": "2027-01-26", "area_ha": null, "tenure_type": "Single Cell Mining Claim", "source": "Ontario MLAS operational claims (OGSEarth / LIO MapServer). Unofficial viewing data, not legal title.", "as_of": "2026-09-20", "role": "focus", "color": "#e8b040"}}, {"type": "Feature", "geometry": {"type": "Polygon", "coordinates": [[[-93.8688, 48.9125], [-93.8688, 48.9167], [-93.875, 48.9167], [-93.875, 48.9125], [-93.8688, 48.9125]]]}, "properties": {"company_id": "new-gold", "jurisdiction": "Ontario", "claim_id": "163633", "claim_name": null, "holder": "(100) NEW GOLD INC.", "status": "Active", "recorded_date": "2018-04-10", "anniversary_or_expiry": "2027-02-20", "area_ha": null, "tenure_type": "Single Cell Mining Claim", "source": "Ontario MLAS operational claims (OGSEarth / LIO MapServer). Unofficial viewing data, not legal title.", "as_of": "2026-09-20", "role": "focus", "color": "#e8b040"}}, {"type": "Feature", "geometry": {"type": "Polygon", "coordinates": [[[-93.8375, 48.8833], [-93.8375, 48.8875], [-93.8438, 48.8875], [-93.8438, 48.8833], [-93.8375, 48.8833]]]}, "properties": {"company_id": "new-gold", "jurisdiction": "Ontario", "claim_id": "164234", "claim_name": null, "holder": "(100) NEW GOLD INC.", "status": "Active", "recorded_date": "2018-04-10", "anniversary_or_expiry": "2028-05-16", "area_ha": null, "tenure_type": "Single Cell Mining Claim", "source": "Ontario MLAS operational claims (OGSEarth / LIO MapServer). Unofficial viewing data, not legal title.", "as_of": "2026-09-20", "role": "focus", "color": "#e8b040"}}, {"type": "Feature", "geometry": {"type": "Polygon", "coordinates": [[[-94.1125, 48.8292], [-94.1125, 48.8333], [-94.1188, 48.8333], [-94.1188, 48.8292], [-94.1125, 48.8292]]]}, "properties": {"company_id": "new-gold", "jurisdiction": "Ontario", "claim_id": "164259", "claim_name": null, "holder": "(100) NEW GOLD INC.", "status": "Active", "recorded_date": "2018-04-10", "anniversary_or_expiry": "2028-11-27", "area_ha": null, "tenure_type": "Single Cell Mining Claim", "source": "Ontario MLAS operational claims (OGSEarth / LIO MapServer). Unofficial viewing data, not legal title.", "as_of": "2026-09-20", "role": "focus", "color": "#e8b040"}}, {"type": "Feature", "geometry": {"type": "Polygon", "coordinates": [[[-93.875, 48.8833], [-93.875, 48.8875], [-93.8813, 48.8875], [-93.8813, 48.8833], [-93.875, 48.8833]]]}, "properties": {"company_id": "new-gold", "jurisdiction": "Ontario", "claim_id": "164297", "claim_name": null, "holder": "(100) NEW GOLD INC.", "status": "Active", "recorded_date": "2018-04-10", "anniversary_or_expiry": "2027-01-28", "area_ha": null, "tenure_type": "Single Cell Mining Claim", "source": "Ontario MLAS operational claims (OGSEarth / LIO MapServer). Unofficial viewing data, not legal title.", "as_of": "2026-09-20", "role": "focus", "color": "#e8b040"}}, {"type": "Feature", "geometry": {"type": "Polygon", "coordinates": [[[-93.8188, 48.8583], [-93.8188, 48.8625], [-93.825, 48.8625], [-93.825, 48.8583], [-93.8188, 48.8583]]]}, "properties": {"company_id": "new-gold", "jurisdiction": "Ontario", "claim_id": "164298", "claim_name": null, "holder": "(100) NEW GOLD INC.", "status": "Active", "recorded_date": "2018-04-10", "anniversary_or_expiry": "2028-06-30", "area_ha": null, "tenure_type": "Single Cell Mining Claim", "source": "Ontario MLAS operational claims (OGSEarth / LIO MapServer). Unofficial viewing data, not legal title.", "as_of": "2026-09-20", "role": "focus", "color": "#e8b040"}}, {"type": "Feature", "geometry": {"type": "Polygon", "coordinates": [[[-94.075, 48.875], [-94.075, 48.8792], [-94.0813, 48.8792], [-94.0813, 48.875], [-94.075, 48.875]]]}, "properties": {"company_id": "new-gold", "jurisdiction": "Ontario", "claim_id": "165574", "claim_name": null, "holder": "(100) NEW GOLD INC.", "status": "Active", "recorded_date": "2018-04-10", "anniversary_or_expiry": "2028-10-15", "area_ha": null, "tenure_type": "Single Cell Mining Claim", "source": "Ontario MLAS operational claims (OGSEarth / LIO MapServer). Unofficial viewing data, not legal title.", "as_of": "2026-09-20", "role": "focus", "color": "#e8b040"}}, {"type": "Feature", "geometry": {"type": "Polygon", "coordinates": [[[-94.0875, 48.875], [-94.0875, 48.8792], [-94.0938, 48.8792], [-94.0938, 48.875], [-94.0875, 48.875]]]}, "properties": {"company_id": "new-gold", "jurisdiction": "Ontario", "claim_id": "165575", "claim_name": null, "holder": "(100) NEW GOLD INC.", "status": "Active", "recorded_date": "2018-04-10", "anniversary_or_expiry": "2028-10-15", "area_ha": null, "tenure_type": "Single Cell Mining Claim", "source": "Ontario MLAS operational claims (OGSEarth / LIO MapServer). Unofficial viewing data, not legal title.", "as_of": "2026-09-20", "role": "focus", "color": "#e8b040"}}, {"type": "Feature", "geometry": {"type": "Polygon", "coordinates": [[[-94.0938, 48.875], [-94.0938, 48.8792], [-94.1, 48.8792], [-94.1, 48.875], [-94.0938, 48.875]]]}, "properties": {"company_id": "new-gold", "jurisdiction": "Ontario", "claim_id": "165576", "claim_name": null, "holder": "(100) NEW GOLD INC.", "status": "Active", "recorded_date": "2018-04-10", "anniversary_or_expiry": "2028-10-15", "area_ha": null, "tenure_type": "Single Cell Mining Claim", "source": "Ontario MLAS operational claims (OGSEarth / LIO MapServer). Unofficial viewing data, not legal title.", "as_of": "2026-09-20", "role": "focus", "color": "#e8b040"}}, {"type": "Feature", "geometry": {"type": "Polygon", "coordinates": [[[-94.0375, 48.8833], [-94.0375, 48.8875], [-94.0438, 48.8875], [-94.0438, 48.8833], [-94.0375, 48.8833]]]}, "properties": {"company_id": "new-gold", "jurisdiction": "Ontario", "claim_id": "166206", "claim_name": null, "holder": "(100) NEW GOLD INC.", "status": "Active", "recorded_date": "2018-04-10", "anniversary_or_expiry": "2026-12-19", "area_ha": null, "tenure_type": "Single Cell Mining Claim", "source": "Ontario MLAS operational claims (OGSEarth / LIO MapServer). Unofficial viewing data, not legal title.", "as_of": "2026-09-20", "role": "focus", "color": "#e8b040"}}, {"type": "Feature", "geometry": {"type": "Polygon", "coordinates": [[[-93.9375, 48.8833], [-93.9375, 48.8875], [-93.9438, 48.8875], [-93.9438, 48.8833], [-93.9375, 48.8833]]]}, "properties": {"company_id": "new-gold", "jurisdiction": "Ontario", "claim_id": "166290", "claim_name": null, "holder": "(100) NEW GOLD INC.", "status": "Active", "recorded_date": "2018-04-10", "anniversary_or_expiry": "2028-05-06", "area_ha": null, "tenure_type": "Single Cell Mining Claim", "source": "Ontario MLAS operational claims (OGSEarth / LIO MapServer). Unofficial viewing data, not legal title.", "as_of": "2026-09-20", "role": "focus", "color": "#e8b040"}}, {"type": "Feature", "geometry": {"type": "Polygon", "coordinates": [[[-93.8688, 48.9375], [-93.8688, 48.9417], [-93.875, 48.9417], [-93.875, 48.9375], [-93.8688, 48.9375]]]}, "properties": {"company_id": "new-gold", "jurisdiction": "Ontario", "claim_id": "166299", "claim_name": null, "holder": "(100) NEW GOLD INC.", "status": "Active", "recorded_date": "2018-04-10", "anniversary_or_expiry": "2028-10-26", "area_ha": null, "tenure_type": "Single Cell Mining Claim", "source": "Ontario MLAS operational claims (OGSEarth / LIO MapServer). Unofficial viewing data, not legal title.", "as_of": "2026-09-20", "role": "focus", "color": "#e8b040"}}, {"type": "Feature", "geometry": {"type": "Polygon", "coordinates": [[[-93.8125, 48.9292], [-93.8125, 48.9333], [-93.8188, 48.9333], [-93.8188, 48.9292], [-93.8125, 48.9292]]]}, "properties": {"company_id": "new-gold", "jurisdiction": "Ontario", "claim_id": "166325", "claim_name": null, "holder": "(100) NEW GOLD INC.", "status": "Active", "recorded_date": "2018-04-10", "anniversary_or_expiry": "2028-06-21", "area_ha": null, "tenure_type": "Single Cell Mining Claim", "source": "Ontario MLAS operational claims (OGSEarth / LIO MapServer). Unofficial viewing data, not legal title.", "as_of": "2026-09-20", "role": "focus", "color": "#e8b040"}}, {"type": "Feature", "geometry": {"type": "Polygon", "coordinates": [[[-93.9688, 48.8875], [-93.9688, 48.8917], [-93.975, 48.8917], [-93.975, 48.8875], [-93.9688, 48.8875]]]}, "properties": {"company_id": "new-gold", "jurisdiction": "Ontario", "claim_id": "164832", "claim_name": null, "holder": "(100) NEW GOLD INC.", "status": "Active", "recorded_date": "2018-04-10", "anniversary_or_expiry": "2026-12-19", "area_ha": null, "tenure_type": "Single Cell Mining Claim", "source": "Ontario MLAS operational claims (OGSEarth / LIO MapServer). Unofficial viewing data, not legal title.", "as_of": "2026-09-20", "role": "focus", "color": "#e8b040"}}, {"type": "Feature", "geometry": {"type": "Polygon", "coordinates": [[[-93.9813, 48.8833], [-93.9813, 48.8875], [-93.9875, 48.8875], [-93.9875, 48.8833], [-93.9813, 48.8833]]]}, "properties": {"company_id": "new-gold", "jurisdiction": "Ontario", "claim_id": "164854", "claim_name": null, "holder": "(100) NEW GOLD INC.", "status": "Active", "recorded_date": "2018-04-10", "anniversary_or_expiry": "2026-12-19", "area_ha": null, "tenure_type": "Single Cell Mining Claim", "source": "Ontario MLAS operational claims (OGSEarth / LIO MapServer). Unofficial viewing data, not legal title.", "as_of": "2026-09-20", "role": "focus", "color": "#e8b040"}}, {"type": "Feature", "geometry": {"type": "Polygon", "coordinates": [[[-93.825, 48.8875], [-93.825, 48.8917], [-93.8313, 48.8917], [-93.8313, 48.8875], [-93.825, 48.8875]]]}, "properties": {"company_id": "new-gold", "jurisdiction": "Ontario", "claim_id": "168930", "claim_name": null, "holder": "(100) NEW GOLD INC.", "status": "Active", "recorded_date": "2018-04-10", "anniversary_or_expiry": "2028-05-04", "area_ha": null, "tenure_type": "Boundary Cell Mining Claim", "source": "Ontario MLAS operational claims (OGSEarth / LIO MapServer). Unofficial viewing data, not legal title.", "as_of": "2026-09-20", "role": "focus", "color": "#e8b040"}}, {"type": "Feature", "geometry": {"type": "Polygon", "coordinates": [[[-93.8313, 48.8833], [-93.8313, 48.8875], [-93.8375, 48.8875], [-93.8375, 48.8833], [-93.8313, 48.8833]]]}, "properties": {"company_id": "new-gold", "jurisdiction": "Ontario", "claim_id": "168931", "claim_name": null, "holder": "(100) NEW GOLD INC.", "status": "Active", "recorded_date": "2018-04-10", "anniversary_or_expiry": "2028-05-04", "area_ha": null, "tenure_type": "Single Cell Mining Claim", "source": "Ontario MLAS operational claims (OGSEarth / LIO MapServer). Unofficial viewing data, not legal title.", "as_of": "2026-09-20", "role": "focus", "color": "#e8b040"}}, {"type": "Feature", "geometry": {"type": "Polygon", "coordinates": [[[-93.8063, 48.9292], [-93.8063, 48.9333], [-93.8125, 48.9333], [-93.8125, 48.9292], [-93.8063, 48.9292]]]}, "properties": {"company_id": "new-gold", "jurisdiction": "Ontario", "claim_id": "169012", "claim_name": null, "holder": "(100) NEW GOLD INC.", "status": "Active", "recorded_date": "2018-04-10", "anniversary_or_expiry": "2027-02-13", "area_ha": null, "tenure_type": "Single Cell Mining Claim", "source": "Ontario MLAS operational claims (OGSEarth / LIO MapServer). Unofficial viewing data, not legal title.", "as_of": "2026-09-20", "role": "focus", "color": "#e8b040"}}, {"type": "Feature", "geometry": {"type": "Polygon", "coordinates": [[[-93.9063, 48.925], [-93.9063, 48.9292], [-93.9125, 48.9292], [-93.9125, 48.925], [-93.9063, 48.925]]]}, "properties": {"company_id": "new-gold", "jurisdiction": "Ontario", "claim_id": "166941", "claim_name": null, "holder": "(100) NEW GOLD INC.", "status": "Active", "recorded_date": "2018-04-10", "anniversary_or_expiry": "2028-10-26", "area_ha": null, "tenure_type": "Single Cell Mining Claim", "source": "Ontario MLAS operational claims (OGSEarth / LIO MapServer). Unofficial viewing data, not legal title.", "as_of": "2026-09-20", "role": "focus", "color": "#e8b040"}}, {"type": "Feature", "geometry": {"type": "Polygon", "coordinates": [[[-93.9125, 48.9125], [-93.9125, 48.9167], [-93.9188, 48.9167], [-93.9188, 48.9125], [-93.9125, 48.9125]]]}, "properties": {"company_id": "new-gold", "jurisdiction": "Ontario", "claim_id": "166942", "claim_name": null, "holder": "(100) NEW GOLD INC.", "status": "Active", "recorded_date": "2018-04-10", "anniversary_or_expiry": "2028-10-26", "area_ha": null, "tenure_type": "Single Cell Mining Claim", "source": "Ontario MLAS operational claims (OGSEarth / LIO MapServer). Unofficial viewing data, not legal title.", "as_of": "2026-09-20", "role": "focus", "color": "#e8b040"}}, {"type": "Feature", "geometry": {"type": "Polygon", "coordinates": [[[-94.275, 48.8208], [-94.275, 48.825], [-94.2813, 48.825], [-94.2813, 48.8208], [-94.275, 48.8208]]]}, "properties": {"company_id": "new-gold", "jurisdiction": "Ontario", "claim_id": "166945", "claim_name": null, "holder": "(100) NEW GOLD INC.", "status": "Active", "recorded_date": "2018-04-10", "anniversary_or_expiry": "2026-12-02", "area_ha": null, "tenure_type": "Single Cell Mining Claim", "source": "Ontario MLAS operational claims (OGSEarth / LIO MapServer). Unofficial viewing data, not legal title.", "as_of": "2026-09-20", "role": "focus", "color": "#e8b040"}}, {"type": "Feature", "geometry": {"type": "Polygon", "coordinates": [[[-94.275, 48.8167], [-94.275, 48.8208], [-94.2813, 48.8208], [-94.2813, 48.8167], [-94.275, 48.8167]]]}, "properties": {"company_id": "new-gold", "jurisdiction": "Ontario", "claim_id": "166946", "claim_name": null, "holder": "(100) NEW GOLD INC.", "status": "Active", "recorded_date": "2018-04-10", "anniversary_or_expiry": "2026-12-02", "area_ha": null, "tenure_type": "Single Cell Mining Claim", "source": "Ontario MLAS operational claims (OGSEarth / LIO MapServer). Unofficial viewing data, not legal title.", "as_of": "2026-09-20", "role": "focus", "color": "#e8b040"}}, {"type": "Feature", "geometry": {"type": "Polygon", "coordinates": [[[-94.2875, 48.8167], [-94.2875, 48.8208], [-94.2938, 48.8208], [-94.2938, 48.8167], [-94.2875, 48.8167]]]}, "properties": {"company_id": "new-gold", "jurisdiction": "Ontario", "claim_id": "166947", "claim_name": null, "holder": "(100) NEW GOLD INC.", "status": "Active", "recorded_date": "2018-04-10", "anniversary_or_expiry": "2026-12-02", "area_ha": null, "tenure_type": "Single Cell Mining Claim", "source": "Ontario MLAS operational claims (OGSEarth / LIO MapServer). Unofficial viewing data, not legal title.", "as_of": "2026-09-20", "role": "focus", "color": "#e8b040"}}, {"type": "Feature", "geometry": {"type": "Polygon", "coordinates": [[[-94.2188, 48.8], [-94.2188, 48.8042], [-94.225, 48.8042], [-94.225, 48.8], [-94.2188, 48.8]]]}, "properties": {"company_id": "new-gold", "jurisdiction": "Ontario", "claim_id": "166964", "claim_name": null, "holder": "(100) NEW GOLD INC.", "status": "Active", "recorded_date": "2018-04-10", "anniversary_or_expiry": "2028-11-22", "area_ha": null, "tenure_type": "Single Cell Mining Claim", "source": "Ontario MLAS operational claims (OGSEarth / LIO MapServer). Unofficial viewing data, not legal title.", "as_of": "2026-09-20", "role": "focus", "color": "#e8b040"}}, {"type": "Feature", "geometry": {"type": "Polygon", "coordinates": [[[-93.8813, 48.9667], [-93.8813, 48.9708], [-93.8875, 48.9708], [-93.8875, 48.9667], [-93.8813, 48.9667]]]}, "properties": {"company_id": "new-gold", "jurisdiction": "Ontario", "claim_id": "166967", "claim_name": null, "holder": "(100) NEW GOLD INC.", "status": "Active", "recorded_date": "2018-04-10", "anniversary_or_expiry": "2028-10-26", "area_ha": null, "tenure_type": "Single Cell Mining Claim", "source": "Ontario MLAS operational claims (OGSEarth / LIO MapServer). Unofficial viewing data, not legal title.", "as_of": "2026-09-20", "role": "focus", "color": "#e8b040"}}, {"type": "Feature", "geometry": {"type": "Polygon", "coordinates": [[[-93.9, 48.975], [-93.9, 48.9792], [-93.9063, 48.9792], [-93.9063, 48.975], [-93.9, 48.975]]]}, "properties": {"company_id": "new-gold", "jurisdiction": "Ontario", "claim_id": "166968", "claim_name": null, "holder": "(100) NEW GOLD INC.", "status": "Active", "recorded_date": "2018-04-10", "anniversary_or_expiry": "2028-10-26", "area_ha": null, "tenure_type": "Single Cell Mining Claim", "source": "Ontario MLAS operational claims (OGSEarth / LIO MapServer). Unofficial viewing data, not legal title.", "as_of": "2026-09-20", "role": "focus", "color": "#e8b040"}}, {"type": "Feature", "geometry": {"type": "Polygon", "coordinates": [[[-93.775, 48.95], [-93.775, 48.9542], [-93.7813, 48.9542], [-93.7813, 48.95], [-93.775, 48.95]]]}, "properties": {"company_id": "new-gold", "jurisdiction": "Ontario", "claim_id": "166988", "claim_name": null, "holder": "(100) NEW GOLD INC.", "status": "Active", "recorded_date": "2018-04-10", "anniversary_or_expiry": "2027-02-13", "area_ha": null, "tenure_type": "Single Cell Mining Claim", "source": "Ontario MLAS operational claims (OGSEarth / LIO MapServer). Unofficial viewing data, not legal title.", "as_of": "2026-09-20", "role": "focus", "color": "#e8b040"}}, {"type": "Feature", "geometry": {"type": "Polygon", "coordinates": [[[-93.7625, 48.9458], [-93.7625, 48.95], [-93.7688, 48.95], [-93.7688, 48.9458], [-93.7625, 48.9458]]]}, "properties": {"company_id": "new-gold", "jurisdiction": "Ontario", "claim_id": "166989", "claim_name": null, "holder": "(100) NEW GOLD INC.", "status": "Active", "recorded_date": "2018-04-10", "anniversary_or_expiry": "2027-02-13", "area_ha": null, "tenure_type": "Single Cell Mining Claim", "source": "Ontario MLAS operational claims (OGSEarth / LIO MapServer). Unofficial viewing data, not legal title.", "as_of": "2026-09-20", "role": "focus", "color": "#e8b040"}}, {"type": "Feature", "geometry": {"type": "Polygon", "coordinates": [[[-93.7813, 48.9375], [-93.7813, 48.9417], [-93.7875, 48.9417], [-93.7875, 48.9375], [-93.7813, 48.9375]]]}, "properties": {"company_id": "new-gold", "jurisdiction": "Ontario", "claim_id": "166990", "claim_name": null, "holder": "(100) NEW GOLD INC.", "status": "Active", "recorded_date": "2018-04-10", "anniversary_or_expiry": "2027-02-13", "area_ha": null, "tenure_type": "Single Cell Mining Claim", "source": "Ontario MLAS operational claims (OGSEarth / LIO MapServer). Unofficial viewing data, not legal title.", "as_of": "2026-09-20", "role": "focus", "color": "#e8b040"}}, {"type": "Feature", "geometry": {"type": "Polygon", "coordinates": [[[-93.7688, 48.9292], [-93.7688, 48.9333], [-93.775, 48.9333], [-93.775, 48.9292], [-93.7688, 48.9292]]]}, "properties": {"company_id": "new-gold", "jurisdiction": "Ontario", "claim_id": "168190", "claim_name": null, "holder": "(100) NEW GOLD INC.", "status": "Active", "recorded_date": "2018-04-10", "anniversary_or_expiry": "2027-02-13", "area_ha": null, "tenure_type": "Single Cell Mining Claim", "source": "Ontario MLAS operational claims (OGSEarth / LIO MapServer). Unofficial viewing data, not legal title.", "as_of": "2026-09-20", "role": "focus", "color": "#e8b040"}}, {"type": "Feature", "geometry": {"type": "Polygon", "coordinates": [[[-93.8938, 48.9292], [-93.8938, 48.9333], [-93.9, 48.9333], [-93.9, 48.9292], [-93.8938, 48.9292]]]}, "properties": {"company_id": "new-gold", "jurisdiction": "Ontario", "claim_id": "167638", "claim_name": null, "holder": "(100) NEW GOLD INC.", "status": "Active", "recorded_date": "2018-04-10", "anniversary_or_expiry": "2028-10-26", "area_ha": null, "tenure_type": "Single Cell Mining Claim", "source": "Ontario MLAS operational claims (OGSEarth / LIO MapServer). Unofficial viewing data, not legal title.", "as_of": "2026-09-20", "role": "focus", "color": "#e8b040"}}, {"type": "Feature", "geometry": {"type": "Polygon", "coordinates": [[[-93.8313, 48.9042], [-93.8313, 48.9083], [-93.8375, 48.9083], [-93.8375, 48.9042], [-93.8313, 48.9042]]]}, "properties": {"company_id": "new-gold", "jurisdiction": "Ontario", "claim_id": "167651", "claim_name": null, "holder": "(100) NEW GOLD INC.", "status": "Active", "recorded_date": "2018-04-10", "anniversary_or_expiry": "2027-03-13", "area_ha": null, "tenure_type": "Single Cell Mining Claim", "source": "Ontario MLAS operational claims (OGSEarth / LIO MapServer). Unofficial viewing data, not legal title.", "as_of": "2026-09-20", "role": "focus", "color": "#e8b040"}}, {"type": "Feature", "geometry": {"type": "Polygon", "coordinates": [[[-93.8375, 48.8958], [-93.8375, 48.9], [-93.8438, 48.9], [-93.8438, 48.8958], [-93.8375, 48.8958]]]}, "properties": {"company_id": "new-gold", "jurisdiction": "Ontario", "claim_id": "167652", "claim_name": null, "holder": "(100) NEW GOLD INC.", "status": "Active", "recorded_date": "2018-04-10", "anniversary_or_expiry": "2028-06-26", "area_ha": null, "tenure_type": "Boundary Cell Mining Claim", "source": "Ontario MLAS operational claims (OGSEarth / LIO MapServer). Unofficial viewing data, not legal title.", "as_of": "2026-09-20", "role": "focus", "color": "#e8b040"}}, {"type": "Feature", "geometry": {"type": "Polygon", "coordinates": [[[-93.8313, 48.8875], [-93.8313, 48.8917], [-93.8375, 48.8917], [-93.8375, 48.8875], [-93.8313, 48.8875]]]}, "properties": {"company_id": "new-gold", "jurisdiction": "Ontario", "claim_id": "167653", "claim_name": null, "holder": "(100) NEW GOLD INC.", "status": "Active", "recorded_date": "2018-04-10", "anniversary_or_expiry": "2027-01-28", "area_ha": null, "tenure_type": "Boundary Cell Mining Claim", "source": "Ontario MLAS operational claims (OGSEarth / LIO MapServer). Unofficial viewing data, not legal title.", "as_of": "2026-09-20", "role": "focus", "color": "#e8b040"}}, {"type": "Feature", "geometry": {"type": "Polygon", "coordinates": [[[-93.9, 48.9333], [-93.9, 48.9375], [-93.9063, 48.9375], [-93.9063, 48.9333], [-93.9, 48.9333]]]}, "properties": {"company_id": "new-gold", "jurisdiction": "Ontario", "claim_id": "168222", "claim_name": null, "holder": "(100) NEW GOLD INC.", "status": "Active", "recorded_date": "2018-04-10", "anniversary_or_expiry": "2028-10-26", "area_ha": null, "tenure_type": "Single Cell Mining Claim", "source": "Ontario MLAS operational claims (OGSEarth / LIO MapServer). Unofficial viewing data, not legal title.", "as_of": "2026-09-20", "role": "focus", "color": "#e8b040"}}, {"type": "Feature", "geometry": {"type": "Polygon", "coordinates": [[[-93.8125, 48.9042], [-93.8125, 48.9083], [-93.8188, 48.9083], [-93.8188, 48.9042], [-93.8125, 48.9042]]]}, "properties": {"company_id": "new-gold", "jurisdiction": "Ontario", "claim_id": "168873", "claim_name": null, "holder": "(100) NEW GOLD INC.", "status": "Active", "recorded_date": "2018-04-10", "anniversary_or_expiry": "2027-01-28", "area_ha": null, "tenure_type": "Single Cell Mining Claim", "source": "Ontario MLAS operational claims (OGSEarth / LIO MapServer). Unofficial viewing data, not legal title.", "as_of": "2026-09-20", "role": "focus", "color": "#e8b040"}}, {"type": "Feature", "geometry": {"type": "Polygon", "coordinates": [[[-93.85, 48.9], [-93.85, 48.9042], [-93.8563, 48.9042], [-93.8563, 48.9], [-93.85, 48.9]]]}, "properties": {"company_id": "new-gold", "jurisdiction": "Ontario", "claim_id": "168893", "claim_name": null, "holder": "(100) NEW GOLD INC.", "status": "Active", "recorded_date": "2018-04-10", "anniversary_or_expiry": "2028-06-26", "area_ha": null, "tenure_type": "Single Cell Mining Claim", "source": "Ontario MLAS operational claims (OGSEarth / LIO MapServer). Unofficial viewing data, not legal title.", "as_of": "2026-09-20", "role": "focus", "color": "#e8b040"}}, {"type": "Feature", "geometry": {"type": "Polygon", "coordinates": [[[-93.85, 48.975], [-93.85, 48.9792], [-93.8563, 48.9792], [-93.8563, 48.975], [-93.85, 48.975]]]}, "properties": {"company_id": "new-gold", "jurisdiction": "Ontario", "claim_id": "169578", "claim_name": null, "holder": "(100) NEW GOLD INC.", "status": "Active", "recorded_date": "2018-04-10", "anniversary_or_expiry": "2028-10-26", "area_ha": null, "tenure_type": "Boundary Cell Mining Claim", "source": "Ontario MLAS operational claims (OGSEarth / LIO MapServer). Unofficial viewing data, not legal title.", "as_of": "2026-09-20", "role": "focus", "color": "#e8b040"}}, {"type": "Feature", "geometry": {"type": "Polygon", "coordinates": [[[-93.85, 48.9708], [-93.85, 48.975], [-93.8563, 48.975], [-93.8563, 48.9708], [-93.85, 48.9708]]]}, "properties": {"company_id": "new-gold", "jurisdiction": "Ontario", "claim_id": "169579", "claim_name": null, "holder": "(100) NEW GOLD INC.", "status": "Active", "recorded_date": "2018-04-10", "anniversary_or_expiry": "2028-10-26", "area_ha": null, "tenure_type": "Boundary Cell Mining Claim", "source": "Ontario MLAS operational claims (OGSEarth / LIO MapServer). Unofficial viewing data, not legal title.", "as_of": "2026-09-20", "role": "focus", "color": "#e8b040"}}, {"type": "Feature", "geometry": {"type": "Polygon", "coordinates": [[[-93.8688, 48.9708], [-93.8688, 48.975], [-93.875, 48.975], [-93.875, 48.9708], [-93.8688, 48.9708]]]}, "properties": {"company_id": "new-gold", "jurisdiction": "Ontario", "claim_id": "169580", "claim_name": null, "holder": "(100) NEW GOLD INC.", "status": "Active", "recorded_date": "2018-04-10", "anniversary_or_expiry": "2028-10-26", "area_ha": null, "tenure_type": "Single Cell Mining Claim", "source": "Ontario MLAS operational claims (OGSEarth / LIO MapServer). Unofficial viewing data, not legal title.", "as_of": "2026-09-20", "role": "focus", "color": "#e8b040"}}, {"type": "Feature", "geometry": {"type": "Polygon", "coordinates": [[[-93.8625, 48.9958], [-93.8625, 49.0], [-93.8688, 49.0], [-93.8688, 48.9958], [-93.8625, 48.9958]]]}, "properties": {"company_id": "new-gold", "jurisdiction": "Ontario", "claim_id": "170225", "claim_name": null, "holder": "(100) NEW GOLD INC.", "status": "Active", "recorded_date": "2018-04-10", "anniversary_or_expiry": "2028-08-04", "area_ha": null, "tenure_type": "Boundary Cell Mining Claim", "source": "Ontario MLAS operational claims (OGSEarth / LIO MapServer). Unofficial viewing data, not legal title.", "as_of": "2026-09-20", "role": "focus", "color": "#e8b040"}}, {"type": "Feature", "geometry": {"type": "Polygon", "coordinates": [[[-93.8563, 49.0], [-93.8563, 49.0042], [-93.8625, 49.0042], [-93.8625, 49.0], [-93.8563, 49.0]]]}, "properties": {"company_id": "new-gold", "jurisdiction": "Ontario", "claim_id": "170226", "claim_name": null, "holder": "(100) NEW GOLD INC.", "status": "Active", "recorded_date": "2018-04-10", "anniversary_or_expiry": "2028-08-04", "area_ha": null, "tenure_type": "Single Cell Mining Claim", "source": "Ontario MLAS operational claims (OGSEarth / LIO MapServer). Unofficial viewing data, not legal title.", "as_of": "2026-09-20", "role": "focus", "color": "#e8b040"}}, {"type": "Feature", "geometry": {"type": "Polygon", "coordinates": [[[-93.85, 48.9667], [-93.85, 48.9708], [-93.8563, 48.9708], [-93.8563, 48.9667], [-93.85, 48.9667]]]}, "properties": {"company_id": "new-gold", "jurisdiction": "Ontario", "claim_id": "169682", "claim_name": null, "holder": "(100) NEW GOLD INC.", "status": "Active", "recorded_date": "2018-04-10", "anniversary_or_expiry": "2028-06-02", "area_ha": null, "tenure_type": "Boundary Cell Mining Claim", "source": "Ontario MLAS operational claims (OGSEarth / LIO MapServer). Unofficial viewing data, not legal title.", "as_of": "2026-09-20", "role": "focus", "color": "#e8b040"}}, {"type": "Feature", "geometry": {"type": "Polygon", "coordinates": [[[-93.85, 48.9542], [-93.85, 48.9583], [-93.8563, 48.9583], [-93.8563, 48.9542], [-93.85, 48.9542]]]}, "properties": {"company_id": "new-gold", "jurisdiction": "Ontario", "claim_id": "169683", "claim_name": null, "holder": "(100) NEW GOLD INC.", "status": "Active", "recorded_date": "2018-04-10", "anniversary_or_expiry": "2028-06-02", "area_ha": null, "tenure_type": "Boundary Cell Mining Claim", "source": "Ontario MLAS operational claims (OGSEarth / LIO MapServer). Unofficial viewing data, not legal title.", "as_of": "2026-09-20", "role": "focus", "color": "#e8b040"}}, {"type": "Feature", "geometry": {"type": "Polygon", "coordinates": [[[-93.7313, 49.0042], [-93.7313, 49.0083], [-93.7375, 49.0083], [-93.7375, 49.0042], [-93.7313, 49.0042]]]}, "properties": {"company_id": "new-gold", "jurisdiction": "Ontario", "claim_id": "169685", "claim_name": null, "holder": "(100) NEW GOLD INC.", "status": "Active", "recorded_date": "2018-04-10", "anniversary_or_expiry": "2028-07-11", "area_ha": null, "tenure_type": "Single Cell Mining Claim", "source": "Ontario MLAS operational claims (OGSEarth / LIO MapServer). Unofficial viewing data, not legal title.", "as_of": "2026-09-20", "role": "focus", "color": "#e8b040"}}, {"type": "Feature", "geometry": {"type": "Polygon", "coordinates": [[[-93.7813, 48.975], [-93.7813, 48.9792], [-93.7875, 48.9792], [-93.7875, 48.975], [-93.7813, 48.975]]]}, "properties": {"company_id": "new-gold", "jurisdiction": "Ontario", "claim_id": "169686", "claim_name": null, "holder": "(100) NEW GOLD INC.", "status": "Active", "recorded_date": "2018-04-10", "anniversary_or_expiry": "2028-06-02", "area_ha": null, "tenure_type": "Single Cell Mining Claim", "source": "Ontario MLAS operational claims (OGSEarth / LIO MapServer). Unofficial viewing data, not legal title.", "as_of": "2026-09-20", "role": "focus", "color": "#e8b040"}}, {"type": "Feature", "geometry": {"type": "Polygon", "coordinates": [[[-93.775, 48.9708], [-93.775, 48.975], [-93.7813, 48.975], [-93.7813, 48.9708], [-93.775, 48.9708]]]}, "properties": {"company_id": "new-gold", "jurisdiction": "Ontario", "claim_id": "169687", "claim_name": null, "holder": "(100) NEW GOLD INC.", "status": "Active", "recorded_date": "2018-04-10", "anniversary_or_expiry": "2028-06-02", "area_ha": null, "tenure_type": "Single Cell Mining Claim", "source": "Ontario MLAS operational claims (OGSEarth / LIO MapServer). Unofficial viewing data, not legal title.", "as_of": "2026-09-20", "role": "focus", "color": "#e8b040"}}, {"type": "Feature", "geometry": {"type": "Polygon", "coordinates": [[[-93.7813, 48.9667], [-93.7813, 48.9708], [-93.7875, 48.9708], [-93.7875, 48.9667], [-93.7813, 48.9667]]]}, "properties": {"company_id": "new-gold", "jurisdiction": "Ontario", "claim_id": "169688", "claim_name": null, "holder": "(100) NEW GOLD INC.", "status": "Active", "recorded_date": "2018-04-10", "anniversary_or_expiry": "2028-06-02", "area_ha": null, "tenure_type": "Single Cell Mining Claim", "source": "Ontario MLAS operational claims (OGSEarth / LIO MapServer). Unofficial viewing data, not legal title.", "as_of": "2026-09-20", "role": "focus", "color": "#e8b040"}}, {"type": "Feature", "geometry": {"type": "Polygon", "coordinates": [[[-93.8375, 48.9958], [-93.8375, 49.0], [-93.8438, 49.0], [-93.8438, 48.9958], [-93.8375, 48.9958]]]}, "properties": {"company_id": "new-gold", "jurisdiction": "Ontario", "claim_id": "170310", "claim_name": null, "holder": "(100) NEW GOLD INC.", "status": "Active", "recorded_date": "2018-04-10", "anniversary_or_expiry": "2028-05-08", "area_ha": null, "tenure_type": "Single Cell Mining Claim", "source": "Ontario MLAS operational claims (OGSEarth / LIO MapServer). Unofficial viewing data, not legal title.", "as_of": "2026-09-20", "role": "focus", "color": "#e8b040"}}, {"type": "Feature", "geometry": {"type": "Polygon", "coordinates": [[[-93.8313, 48.975], [-93.8313, 48.9792], [-93.8375, 48.9792], [-93.8375, 48.975], [-93.8313, 48.975]]]}, "properties": {"company_id": "new-gold", "jurisdiction": "Ontario", "claim_id": "170311", "claim_name": null, "holder": "(100) NEW GOLD INC.", "status": "Active", "recorded_date": "2018-04-10", "anniversary_or_expiry": "2028-06-02", "area_ha": null, "tenure_type": "Single Cell Mining Claim", "source": "Ontario MLAS operational claims (OGSEarth / LIO MapServer). Unofficial viewing data, not legal title.", "as_of": "2026-09-20", "role": "focus", "color": "#e8b040"}}, {"type": "Feature", "geometry": {"type": "Polygon", "coordinates": [[[-93.75, 48.9958], [-93.75, 49.0], [-93.7563, 49.0], [-93.7563, 48.9958], [-93.75, 48.9958]]]}, "properties": {"company_id": "new-gold", "jurisdiction": "Ontario", "claim_id": "170312", "claim_name": null, "holder": "(100) NEW GOLD INC.", "status": "Active", "recorded_date": "2018-04-10", "anniversary_or_expiry": "2028-07-11", "area_ha": null, "tenure_type": "Single Cell Mining Claim", "source": "Ontario MLAS operational claims (OGSEarth / LIO MapServer). Unofficial viewing data, not legal title.", "as_of": "2026-09-20", "role": "focus", "color": "#e8b040"}}, {"type": "Feature", "geometry": {"type": "Polygon", "coordinates": [[[-93.8125, 48.8875], [-93.8125, 48.8917], [-93.8188, 48.8917], [-93.8188, 48.8875], [-93.8125, 48.8875]]]}, "properties": {"company_id": "new-gold", "jurisdiction": "Ontario", "claim_id": "170892", "claim_name": null, "holder": "(100) NEW GOLD INC.", "status": "Active", "recorded_date": "2018-04-10", "anniversary_or_expiry": "2028-05-04", "area_ha": null, "tenure_type": "Boundary Cell Mining Claim", "source": "Ontario MLAS operational claims (OGSEarth / LIO MapServer). Unofficial viewing data, not legal title.", "as_of": "2026-09-20", "role": "focus", "color": "#e8b040"}}, {"type": "Feature", "geometry": {"type": "Polygon", "coordinates": [[[-94.2563, 48.8167], [-94.2563, 48.8208], [-94.2625, 48.8208], [-94.2625, 48.8167], [-94.2563, 48.8167]]]}, "properties": {"company_id": "new-gold", "jurisdiction": "Ontario", "claim_id": "170905", "claim_name": null, "holder": "(100) NEW GOLD INC.", "status": "Active", "recorded_date": "2018-04-10", "anniversary_or_expiry": "2026-12-02", "area_ha": null, "tenure_type": "Single Cell Mining Claim", "source": "Ontario MLAS operational claims (OGSEarth / LIO MapServer). Unofficial viewing data, not legal title.", "as_of": "2026-09-20", "role": "focus", "color": "#e8b040"}}, {"type": "Feature", "geometry": {"type": "Polygon", "coordinates": [[[-93.7313, 49.0125], [-93.7313, 49.0167], [-93.7375, 49.0167], [-93.7375, 49.0125], [-93.7313, 49.0125]]]}, "properties": {"company_id": "new-gold", "jurisdiction": "Ontario", "claim_id": "170374", "claim_name": null, "holder": "(100) NEW GOLD INC.", "status": "Active", "recorded_date": "2018-04-10", "anniversary_or_expiry": "2028-07-11", "area_ha": null, "tenure_type": "Single Cell Mining Claim", "source": "Ontario MLAS operational claims (OGSEarth / LIO MapServer). Unofficial viewing data, not legal title.", "as_of": "2026-09-20", "role": "focus", "color": "#e8b040"}}, {"type": "Feature", "geometry": {"type": "Polygon", "coordinates": [[[-93.775, 48.9875], [-93.775, 48.9917], [-93.7813, 48.9917], [-93.7813, 48.9875], [-93.775, 48.9875]]]}, "properties": {"company_id": "new-gold", "jurisdiction": "Ontario", "claim_id": "170973", "claim_name": null, "holder": "(100) NEW GOLD INC.", "status": "Active", "recorded_date": "2018-04-10", "anniversary_or_expiry": "2028-05-25", "area_ha": null, "tenure_type": "Single Cell Mining Claim", "source": "Ontario MLAS operational claims (OGSEarth / LIO MapServer). Unofficial viewing data, not legal title.", "as_of": "2026-09-20", "role": "focus", "color": "#e8b040"}}, {"type": "Feature", "geometry": {"type": "Polygon", "coordinates": [[[-93.8, 48.9917], [-93.8, 48.9958], [-93.8063, 48.9958], [-93.8063, 48.9917], [-93.8, 48.9917]]]}, "properties": {"company_id": "new-gold", "jurisdiction": "Ontario", "claim_id": "173073", "claim_name": null, "holder": "(100) NEW GOLD INC.", "status": "Active", "recorded_date": "2018-04-10", "anniversary_or_expiry": "2028-05-25", "area_ha": null, "tenure_type": "Single Cell Mining Claim", "source": "Ontario MLAS operational claims (OGSEarth / LIO MapServer). Unofficial viewing data, not legal title.", "as_of": "2026-09-20", "role": "focus", "color": "#e8b040"}}, {"type": "Feature", "geometry": {"type": "Polygon", "coordinates": [[[-93.8, 48.9875], [-93.8, 48.9917], [-93.8063, 48.9917], [-93.8063, 48.9875], [-93.8, 48.9875]]]}, "properties": {"company_id": "new-gold", "jurisdiction": "Ontario", "claim_id": "173074", "claim_name": null, "holder": "(100) NEW GOLD INC.", "status": "Active", "recorded_date": "2018-04-10", "anniversary_or_expiry": "2028-05-25", "area_ha": null, "tenure_type": "Single Cell Mining Claim", "source": "Ontario MLAS operational claims (OGSEarth / LIO MapServer). Unofficial viewing data, not legal title.", "as_of": "2026-09-20", "role": "focus", "color": "#e8b040"}}, {"type": "Feature", "geometry": {"type": "Polygon", "coordinates": [[[-93.8, 48.9833], [-93.8, 48.9875], [-93.8063, 48.9875], [-93.8063, 48.9833], [-93.8, 48.9833]]]}, "properties": {"company_id": "new-gold", "jurisdiction": "Ontario", "claim_id": "173075", "claim_name": null, "holder": "(100) NEW GOLD INC.", "status": "Active", "recorded_date": "2018-04-10", "anniversary_or_expiry": "2028-05-25", "area_ha": null, "tenure_type": "Single Cell Mining Claim", "source": "Ontario MLAS operational claims (OGSEarth / LIO MapServer). Unofficial viewing data, not legal title.", "as_of": "2026-09-20", "role": "focus", "color": "#e8b040"}}, {"type": "Feature", "geometry": {"type": "Polygon", "coordinates": [[[-94.2625, 48.8208], [-94.2625, 48.825], [-94.2688, 48.825], [-94.2688, 48.8208], [-94.2625, 48.8208]]]}, "properties": {"company_id": "new-gold", "jurisdiction": "Ontario", "claim_id": "173093", "claim_name": null, "holder": "(100) NEW GOLD INC.", "status": "Active", "recorded_date": "2018-04-10", "anniversary_or_expiry": "2026-12-02", "area_ha": null, "tenure_type": "Single Cell Mining Claim", "source": "Ontario MLAS operational claims (OGSEarth / LIO MapServer). Unofficial viewing data, not legal title.", "as_of": "2026-09-20", "role": "focus", "color": "#e8b040"}}, {"type": "Feature", "geometry": {"type": "Polygon", "coordinates": [[[-94.0688, 48.8167], [-94.0688, 48.8208], [-94.075, 48.8208], [-94.075, 48.8167], [-94.0688, 48.8167]]]}, "properties": {"company_id": "new-gold", "jurisdiction": "Ontario", "claim_id": "171464", "claim_name": null, "holder": "(100) NEW GOLD INC.", "status": "Active", "recorded_date": "2018-04-10", "anniversary_or_expiry": "2028-10-27", "area_ha": null, "tenure_type": "Single Cell Mining Claim", "source": "Ontario MLAS operational claims (OGSEarth / LIO MapServer). Unofficial viewing data, not legal title.", "as_of": "2026-09-20", "role": "focus", "color": "#e8b040"}}, {"type": "Feature", "geometry": {"type": "Polygon", "coordinates": [[[-94.275, 48.8083], [-94.275, 48.8125], [-94.2813, 48.8125], [-94.2813, 48.8083], [-94.275, 48.8083]]]}, "properties": {"company_id": "new-gold", "jurisdiction": "Ontario", "claim_id": "171526", "claim_name": null, "holder": "(100) NEW GOLD INC.", "status": "Active", "recorded_date": "2018-04-10", "anniversary_or_expiry": "2026-12-02", "area_ha": null, "tenure_type": "Single Cell Mining Claim", "source": "Ontario MLAS operational claims (OGSEarth / LIO MapServer). Unofficial viewing data, not legal title.", "as_of": "2026-09-20", "role": "focus", "color": "#e8b040"}}, {"type": "Feature", "geometry": {"type": "Polygon", "coordinates": [[[-94.2813, 48.8042], [-94.2813, 48.8083], [-94.2875, 48.8083], [-94.2875, 48.8042], [-94.2813, 48.8042]]]}, "properties": {"company_id": "new-gold", "jurisdiction": "Ontario", "claim_id": "171527", "claim_name": null, "holder": "(100) NEW GOLD INC.", "status": "Active", "recorded_date": "2018-04-10", "anniversary_or_expiry": "2026-12-02", "area_ha": null, "tenure_type": "Single Cell Mining Claim", "source": "Ontario MLAS operational claims (OGSEarth / LIO MapServer). Unofficial viewing data, not legal title.", "as_of": "2026-09-20", "role": "focus", "color": "#e8b040"}}, {"type": "Feature", "geometry": {"type": "Polygon", "coordinates": [[[-94.2813, 48.8], [-94.2813, 48.8042], [-94.2875, 48.8042], [-94.2875, 48.8], [-94.2813, 48.8]]]}, "properties": {"company_id": "new-gold", "jurisdiction": "Ontario", "claim_id": "171528", "claim_name": null, "holder": "(100) NEW GOLD INC.", "status": "Active", "recorded_date": "2018-04-10", "anniversary_or_expiry": "2026-12-02", "area_ha": null, "tenure_type": "Single Cell Mining Claim", "source": "Ontario MLAS operational claims (OGSEarth / LIO MapServer). Unofficial viewing data, not legal title.", "as_of": "2026-09-20", "role": "focus", "color": "#e8b040"}}, {"type": "Feature", "geometry": {"type": "Polygon", "coordinates": [[[-94.2938, 48.8], [-94.2938, 48.8042], [-94.3, 48.8042], [-94.3, 48.8], [-94.2938, 48.8]]]}, "properties": {"company_id": "new-gold", "jurisdiction": "Ontario", "claim_id": "171529", "claim_name": null, "holder": "(100) NEW GOLD INC.", "status": "Active", "recorded_date": "2018-04-10", "anniversary_or_expiry": "2026-12-02", "area_ha": null, "tenure_type": "Single Cell Mining Claim", "source": "Ontario MLAS operational claims (OGSEarth / LIO MapServer). Unofficial viewing data, not legal title.", "as_of": "2026-09-20", "role": "focus", "color": "#e8b040"}}, {"type": "Feature", "geometry": {"type": "Polygon", "coordinates": [[[-93.75, 49.0208], [-93.75, 49.025], [-93.7563, 49.025], [-93.7563, 49.0208], [-93.75, 49.0208]]]}, "properties": {"company_id": "new-gold", "jurisdiction": "Ontario", "claim_id": "171613", "claim_name": null, "holder": "(100) NEW GOLD INC.", "status": "Active", "recorded_date": "2018-04-10", "anniversary_or_expiry": "2028-07-11", "area_ha": null, "tenure_type": "Single Cell Mining Claim", "source": "Ontario MLAS operational claims (OGSEarth / LIO MapServer). Unofficial viewing data, not legal title.", "as_of": "2026-09-20", "role": "focus", "color": "#e8b040"}}, {"type": "Feature", "geometry": {"type": "Polygon", "coordinates": [[[-93.8125, 48.9625], [-93.8125, 48.9667], [-93.8188, 48.9667], [-93.8188, 48.9625], [-93.8125, 48.9625]]]}, "properties": {"company_id": "new-gold", "jurisdiction": "Ontario", "claim_id": "171658", "claim_name": null, "holder": "(100) NEW GOLD INC.", "status": "Active", "recorded_date": "2018-04-10", "anniversary_or_expiry": "2028-06-02", "area_ha": null, "tenure_type": "Single Cell Mining Claim", "source": "Ontario MLAS operational claims (OGSEarth / LIO MapServer). Unofficial viewing data, not legal title.", "as_of": "2026-09-20", "role": "focus", "color": "#e8b040"}}, {"type": "Feature", "geometry": {"type": "Polygon", "coordinates": [[[-93.8063, 48.8917], [-93.8063, 48.8958], [-93.8125, 48.8958], [-93.8125, 48.8917], [-93.8063, 48.8917]]]}, "properties": {"company_id": "new-gold", "jurisdiction": "Ontario", "claim_id": "172298", "claim_name": null, "holder": "(100) NEW GOLD INC.", "status": "Active", "recorded_date": "2018-04-10", "anniversary_or_expiry": "2027-01-28", "area_ha": null, "tenure_type": "Boundary Cell Mining Claim", "source": "Ontario MLAS operational claims (OGSEarth / LIO MapServer). Unofficial viewing data, not legal title.", "as_of": "2026-09-20", "role": "focus", "color": "#e8b040"}}, {"type": "Feature", "geometry": {"type": "Polygon", "coordinates": [[[-94.2938, 48.7792], [-94.2938, 48.7833], [-94.3, 48.7833], [-94.3, 48.7792], [-94.2938, 48.7792]]]}, "properties": {"company_id": "new-gold", "jurisdiction": "Ontario", "claim_id": "174210", "claim_name": null, "holder": "(100) NEW GOLD INC.", "status": "Active", "recorded_date": "2018-04-10", "anniversary_or_expiry": "2028-06-13", "area_ha": null, "tenure_type": "Single Cell Mining Claim", "source": "Ontario MLAS operational claims (OGSEarth / LIO MapServer). Unofficial viewing data, not legal title.", "as_of": "2026-09-20", "role": "focus", "color": "#e8b040"}}, {"type": "Feature", "geometry": {"type": "Polygon", "coordinates": [[[-94.15, 48.8542], [-94.15, 48.8583], [-94.1563, 48.8583], [-94.1563, 48.8542], [-94.15, 48.8542]]]}, "properties": {"company_id": "new-gold", "jurisdiction": "Ontario", "claim_id": "173749", "claim_name": null, "holder": "(100) NEW GOLD INC.", "status": "Active", "recorded_date": "2018-04-10", "anniversary_or_expiry": "2028-10-13", "area_ha": null, "tenure_type": "Single Cell Mining Claim", "source": "Ontario MLAS operational claims (OGSEarth / LIO MapServer). Unofficial viewing data, not legal title.", "as_of": "2026-09-20", "role": "focus", "color": "#e8b040"}}, {"type": "Feature", "geometry": {"type": "Polygon", "coordinates": [[[-93.75, 49.0083], [-93.75, 49.0125], [-93.7563, 49.0125], [-93.7563, 49.0083], [-93.75, 49.0083]]]}, "properties": {"company_id": "new-gold", "jurisdiction": "Ontario", "claim_id": "173841", "claim_name": null, "holder": "(100) NEW GOLD INC.", "status": "Active", "recorded_date": "2018-04-10", "anniversary_or_expiry": "2028-07-11", "area_ha": null, "tenure_type": "Single Cell Mining Claim", "source": "Ontario MLAS operational claims (OGSEarth / LIO MapServer). Unofficial viewing data, not legal title.", "as_of": "2026-09-20", "role": "focus", "color": "#e8b040"}}, {"type": "Feature", "geometry": {"type": "Polygon", "coordinates": [[[-93.7688, 48.9833], [-93.7688, 48.9875], [-93.775, 48.9875], [-93.775, 48.9833], [-93.7688, 48.9833]]]}, "properties": {"company_id": "new-gold", "jurisdiction": "Ontario", "claim_id": "173855", "claim_name": null, "holder": "(100) NEW GOLD INC.", "status": "Active", "recorded_date": "2018-04-10", "anniversary_or_expiry": "2028-05-25", "area_ha": null, "tenure_type": "Single Cell Mining Claim", "source": "Ontario MLAS operational claims (OGSEarth / LIO MapServer). Unofficial viewing data, not legal title.", "as_of": "2026-09-20", "role": "focus", "color": "#e8b040"}}, {"type": "Feature", "geometry": {"type": "Polygon", "coordinates": [[[-93.7625, 48.9792], [-93.7625, 48.9833], [-93.7688, 48.9833], [-93.7688, 48.9792], [-93.7625, 48.9792]]]}, "properties": {"company_id": "new-gold", "jurisdiction": "Ontario", "claim_id": "173856", "claim_name": null, "holder": "(100) NEW GOLD INC.", "status": "Active", "recorded_date": "2018-04-10", "anniversary_or_expiry": "2028-05-25", "area_ha": null, "tenure_type": "Single Cell Mining Claim", "source": "Ontario MLAS operational claims (OGSEarth / LIO MapServer). Unofficial viewing data, not legal title.", "as_of": "2026-09-20", "role": "focus", "color": "#e8b040"}}, {"type": "Feature", "geometry": {"type": "Polygon", "coordinates": [[[-93.8688, 48.9958], [-93.8688, 49.0], [-93.875, 49.0], [-93.875, 48.9958], [-93.8688, 48.9958]]]}, "properties": {"company_id": "new-gold", "jurisdiction": "Ontario", "claim_id": "174458", "claim_name": null, "holder": "(100) NEW GOLD INC.", "status": "Active", "recorded_date": "2018-04-10", "anniversary_or_expiry": "2028-08-04", "area_ha": null, "tenure_type": "Boundary Cell Mining Claim", "source": "Ontario MLAS operational claims (OGSEarth / LIO MapServer). Unofficial viewing data, not legal title.", "as_of": "2026-09-20", "role": "focus", "color": "#e8b040"}}, {"type": "Feature", "geometry": {"type": "Polygon", "coordinates": [[[-93.7563, 49.0042], [-93.7563, 49.0083], [-93.7625, 49.0083], [-93.7625, 49.0042], [-93.7563, 49.0042]]]}, "properties": {"company_id": "new-gold", "jurisdiction": "Ontario", "claim_id": "173878", "claim_name": null, "holder": "(100) NEW GOLD INC.", "status": "Active", "recorded_date": "2018-04-10", "anniversary_or_expiry": "2028-07-11", "area_ha": null, "tenure_type": "Single Cell Mining Claim", "source": "Ontario MLAS operational claims (OGSEarth / LIO MapServer). Unofficial viewing data, not legal title.", "as_of": "2026-09-20", "role": "focus", "color": "#e8b040"}}, {"type": "Feature", "geometry": {"type": "Polygon", "coordinates": [[[-93.8188, 48.8667], [-93.8188, 48.8708], [-93.825, 48.8708], [-93.825, 48.8667], [-93.8188, 48.8667]]]}, "properties": {"company_id": "new-gold", "jurisdiction": "Ontario", "claim_id": "177619", "claim_name": null, "holder": "(100) NEW GOLD INC.", "status": "Active", "recorded_date": "2018-04-10", "anniversary_or_expiry": "2028-06-30", "area_ha": null, "tenure_type": "Single Cell Mining Claim", "source": "Ontario MLAS operational claims (OGSEarth / LIO MapServer). Unofficial viewing data, not legal title.", "as_of": "2026-09-20", "role": "focus", "color": "#e8b040"}}, {"type": "Feature", "geometry": {"type": "Polygon", "coordinates": [[[-93.9813, 48.8958], [-93.9813, 48.9], [-93.9875, 48.9], [-93.9875, 48.8958], [-93.9813, 48.8958]]]}, "properties": {"company_id": "new-gold", "jurisdiction": "Ontario", "claim_id": "177651", "claim_name": null, "holder": "(100) NEW GOLD INC.", "status": "Active", "recorded_date": "2018-04-10", "anniversary_or_expiry": "2026-12-19", "area_ha": null, "tenure_type": "Single Cell Mining Claim", "source": "Ontario MLAS operational claims (OGSEarth / LIO MapServer). Unofficial viewing data, not legal title.", "as_of": "2026-09-20", "role": "focus", "color": "#e8b040"}}, {"type": "Feature", "geometry": {"type": "Polygon", "coordinates": [[[-93.9688, 48.8917], [-93.9688, 48.8958], [-93.975, 48.8958], [-93.975, 48.8917], [-93.9688, 48.8917]]]}, "properties": {"company_id": "new-gold", "jurisdiction": "Ontario", "claim_id": "177652", "claim_name": null, "holder": "(100) NEW GOLD INC.", "status": "Active", "recorded_date": "2018-04-10", "anniversary_or_expiry": "2026-12-19", "area_ha": null, "tenure_type": "Single Cell Mining Claim", "source": "Ontario MLAS operational claims (OGSEarth / LIO MapServer). Unofficial viewing data, not legal title.", "as_of": "2026-09-20", "role": "focus", "color": "#e8b040"}}, {"type": "Feature", "geometry": {"type": "Polygon", "coordinates": [[[-93.9813, 48.8917], [-93.9813, 48.8958], [-93.9875, 48.8958], [-93.9875, 48.8917], [-93.9813, 48.8917]]]}, "properties": {"company_id": "new-gold", "jurisdiction": "Ontario", "claim_id": "177653", "claim_name": null, "holder": "(100) NEW GOLD INC.", "status": "Active", "recorded_date": "2018-04-10", "anniversary_or_expiry": "2026-12-19", "area_ha": null, "tenure_type": "Single Cell Mining Claim", "source": "Ontario MLAS operational claims (OGSEarth / LIO MapServer). Unofficial viewing data, not legal title.", "as_of": "2026-09-20", "role": "focus", "color": "#e8b040"}}, {"type": "Feature", "geometry": {"type": "Polygon", "coordinates": [[[-94.2563, 48.7958], [-94.2563, 48.8], [-94.2625, 48.8], [-94.2625, 48.7958], [-94.2563, 48.7958]]]}, "properties": {"company_id": "new-gold", "jurisdiction": "Ontario", "claim_id": "177670", "claim_name": null, "holder": "(100) NEW GOLD INC.", "status": "Active", "recorded_date": "2018-04-10", "anniversary_or_expiry": "2026-12-02", "area_ha": null, "tenure_type": "Single Cell Mining Claim", "source": "Ontario MLAS operational claims (OGSEarth / LIO MapServer). Unofficial viewing data, not legal title.", "as_of": "2026-09-20", "role": "focus", "color": "#e8b040"}}, {"type": "Feature", "geometry": {"type": "Polygon", "coordinates": [[[-94.1438, 48.825], [-94.1438, 48.8292], [-94.15, 48.8292], [-94.15, 48.825], [-94.1438, 48.825]]]}, "properties": {"company_id": "new-gold", "jurisdiction": "Ontario", "claim_id": "177672", "claim_name": null, "holder": "(100) NEW GOLD INC.", "status": "Active", "recorded_date": "2018-04-10", "anniversary_or_expiry": "2028-11-22", "area_ha": null, "tenure_type": "Single Cell Mining Claim", "source": "Ontario MLAS operational claims (OGSEarth / LIO MapServer). Unofficial viewing data, not legal title.", "as_of": "2026-09-20", "role": "focus", "color": "#e8b040"}}, {"type": "Feature", "geometry": {"type": "Polygon", "coordinates": [[[-93.9313, 48.875], [-93.9313, 48.8792], [-93.9375, 48.8792], [-93.9375, 48.875], [-93.9313, 48.875]]]}, "properties": {"company_id": "new-gold", "jurisdiction": "Ontario", "claim_id": "177676", "claim_name": null, "holder": "(100) NEW GOLD INC.", "status": "Active", "recorded_date": "2018-04-10", "anniversary_or_expiry": "2028-05-06", "area_ha": null, "tenure_type": "Single Cell Mining Claim", "source": "Ontario MLAS operational claims (OGSEarth / LIO MapServer). Unofficial viewing data, not legal title.", "as_of": "2026-09-20", "role": "focus", "color": "#e8b040"}}, {"type": "Feature", "geometry": {"type": "Polygon", "coordinates": [[[-93.925, 48.8708], [-93.925, 48.875], [-93.9313, 48.875], [-93.9313, 48.8708], [-93.925, 48.8708]]]}, "properties": {"company_id": "new-gold", "jurisdiction": "Ontario", "claim_id": "177677", "claim_name": null, "holder": "(100) NEW GOLD INC.", "status": "Active", "recorded_date": "2018-04-10", "anniversary_or_expiry": "2028-05-06", "area_ha": null, "tenure_type": "Single Cell Mining Claim", "source": "Ontario MLAS operational claims (OGSEarth / LIO MapServer). Unofficial viewing data, not legal title.", "as_of": "2026-09-20", "role": "focus", "color": "#e8b040"}}, {"type": "Feature", "geometry": {"type": "Polygon", "coordinates": [[[-93.9188, 48.8667], [-93.9188, 48.8708], [-93.925, 48.8708], [-93.925, 48.8667], [-93.9188, 48.8667]]]}, "properties": {"company_id": "new-gold", "jurisdiction": "Ontario", "claim_id": "177678", "claim_name": null, "holder": "(100) NEW GOLD INC.", "status": "Active", "recorded_date": "2018-04-10", "anniversary_or_expiry": "2028-05-06", "area_ha": null, "tenure_type": "Single Cell Mining Claim", "source": "Ontario MLAS operational claims (OGSEarth / LIO MapServer). Unofficial viewing data, not legal title.", "as_of": "2026-09-20", "role": "focus", "color": "#e8b040"}}, {"type": "Feature", "geometry": {"type": "Polygon", "coordinates": [[[-94.0813, 48.8917], [-94.0813, 48.8958], [-94.0875, 48.8958], [-94.0875, 48.8917], [-94.0813, 48.8917]]]}, "properties": {"company_id": "new-gold", "jurisdiction": "Ontario", "claim_id": "178324", "claim_name": null, "holder": "(100) NEW GOLD INC.", "status": "Active", "recorded_date": "2018-04-10", "anniversary_or_expiry": "2028-10-15", "area_ha": null, "tenure_type": "Single Cell Mining Claim", "source": "Ontario MLAS operational claims (OGSEarth / LIO MapServer). Unofficial viewing data, not legal title.", "as_of": "2026-09-20", "role": "focus", "color": "#e8b040"}}, {"type": "Feature", "geometry": {"type": "Polygon", "coordinates": [[[-93.7813, 48.9208], [-93.7813, 48.925], [-93.7875, 48.925], [-93.7875, 48.9208], [-93.7813, 48.9208]]]}, "properties": {"company_id": "new-gold", "jurisdiction": "Ontario", "claim_id": "180429", "claim_name": null, "holder": "(100) NEW GOLD INC.", "status": "Active", "recorded_date": "2018-04-10", "anniversary_or_expiry": "2027-02-13", "area_ha": null, "tenure_type": "Single Cell Mining Claim", "source": "Ontario MLAS operational claims (OGSEarth / LIO MapServer). Unofficial viewing data, not legal title.", "as_of": "2026-09-20", "role": "focus", "color": "#e8b040"}}, {"type": "Feature", "geometry": {"type": "Polygon", "coordinates": [[[-93.8063, 48.9208], [-93.8063, 48.925], [-93.8125, 48.925], [-93.8125, 48.9208], [-93.8063, 48.9208]]]}, "properties": {"company_id": "new-gold", "jurisdiction": "Ontario", "claim_id": "180430", "claim_name": null, "holder": "(100) NEW GOLD INC.", "status": "Active", "recorded_date": "2018-04-10", "anniversary_or_expiry": "2028-05-17", "area_ha": null, "tenure_type": "Single Cell Mining Claim", "source": "Ontario MLAS operational claims (OGSEarth / LIO MapServer). Unofficial viewing data, not legal title.", "as_of": "2026-09-20", "role": "focus", "color": "#e8b040"}}, {"type": "Feature", "geometry": {"type": "Polygon", "coordinates": [[[-93.875, 48.925], [-93.875, 48.9292], [-93.8813, 48.9292], [-93.8813, 48.925], [-93.875, 48.925]]]}, "properties": {"company_id": "new-gold", "jurisdiction": "Ontario", "claim_id": "180470", "claim_name": null, "holder": "(100) NEW GOLD INC.", "status": "Active", "recorded_date": "2018-04-10", "anniversary_or_expiry": "2027-01-28", "area_ha": null, "tenure_type": "Single Cell Mining Claim", "source": "Ontario MLAS operational claims (OGSEarth / LIO MapServer). Unofficial viewing data, not legal title.", "as_of": "2026-09-20", "role": "focus", "color": "#e8b040"}}, {"type": "Feature", "geometry": {"type": "Polygon", "coordinates": [[[-93.8813, 48.925], [-93.8813, 48.9292], [-93.8875, 48.9292], [-93.8875, 48.925], [-93.8813, 48.925]]]}, "properties": {"company_id": "new-gold", "jurisdiction": "Ontario", "claim_id": "180471", "claim_name": null, "holder": "(100) NEW GOLD INC.", "status": "Active", "recorded_date": "2018-04-10", "anniversary_or_expiry": "2027-01-28", "area_ha": null, "tenure_type": "Single Cell Mining Claim", "source": "Ontario MLAS operational claims (OGSEarth / LIO MapServer). Unofficial viewing data, not legal title.", "as_of": "2026-09-20", "role": "focus", "color": "#e8b040"}}, {"type": "Feature", "geometry": {"type": "Polygon", "coordinates": [[[-93.825, 48.8917], [-93.825, 48.8958], [-93.8313, 48.8958], [-93.8313, 48.8917], [-93.825, 48.8917]]]}, "properties": {"company_id": "new-gold", "jurisdiction": "Ontario", "claim_id": "180479", "claim_name": null, "holder": "(100) NEW GOLD INC.", "status": "Active", "recorded_date": "2018-04-10", "anniversary_or_expiry": "2027-01-28", "area_ha": null, "tenure_type": "Single Cell Mining Claim", "source": "Ontario MLAS operational claims (OGSEarth / LIO MapServer). Unofficial viewing data, not legal title.", "as_of": "2026-09-20", "role": "focus", "color": "#e8b040"}}, {"type": "Feature", "geometry": {"type": "Polygon", "coordinates": [[[-93.8125, 48.9125], [-93.8125, 48.9167], [-93.8188, 48.9167], [-93.8188, 48.9125], [-93.8125, 48.9125]]]}, "properties": {"company_id": "new-gold", "jurisdiction": "Ontario", "claim_id": "180481", "claim_name": null, "holder": "(100) NEW GOLD INC.", "status": "Active", "recorded_date": "2018-04-10", "anniversary_or_expiry": "2028-05-17", "area_ha": null, "tenure_type": "Single Cell Mining Claim", "source": "Ontario MLAS operational claims (OGSEarth / LIO MapServer). Unofficial viewing data, not legal title.", "as_of": "2026-09-20", "role": "focus", "color": "#e8b040"}}, {"type": "Feature", "geometry": {"type": "Polygon", "coordinates": [[[-94.0938, 48.8875], [-94.0938, 48.8917], [-94.1, 48.8917], [-94.1, 48.8875], [-94.0938, 48.8875]]]}, "properties": {"company_id": "new-gold", "jurisdiction": "Ontario", "claim_id": "178349", "claim_name": null, "holder": "(100) NEW GOLD INC.", "status": "Active", "recorded_date": "2018-04-10", "anniversary_or_expiry": "2028-10-15", "area_ha": null, "tenure_type": "Single Cell Mining Claim", "source": "Ontario MLAS operational claims (OGSEarth / LIO MapServer). Unofficial viewing data, not legal title.", "as_of": "2026-09-20", "role": "focus", "color": "#e8b040"}}, {"type": "Feature", "geometry": {"type": "Polygon", "coordinates": [[[-94.1313, 48.825], [-94.1313, 48.8292], [-94.1375, 48.8292], [-94.1375, 48.825], [-94.1313, 48.825]]]}, "properties": {"company_id": "new-gold", "jurisdiction": "Ontario", "claim_id": "178957", "claim_name": null, "holder": "(100) NEW GOLD INC.", "status": "Active", "recorded_date": "2018-04-10", "anniversary_or_expiry": "2028-11-27", "area_ha": null, "tenure_type": "Single Cell Mining Claim", "source": "Ontario MLAS operational claims (OGSEarth / LIO MapServer). Unofficial viewing data, not legal title.", "as_of": "2026-09-20", "role": "focus", "color": "#e8b040"}}, {"type": "Feature", "geometry": {"type": "Polygon", "coordinates": [[[-94.0313, 48.8875], [-94.0313, 48.8917], [-94.0375, 48.8917], [-94.0375, 48.8875], [-94.0313, 48.8875]]]}, "properties": {"company_id": "new-gold", "jurisdiction": "Ontario", "claim_id": "179030", "claim_name": null, "holder": "(100) NEW GOLD INC.", "status": "Active", "recorded_date": "2018-04-10", "anniversary_or_expiry": "2026-12-19", "area_ha": null, "tenure_type": "Single Cell Mining Claim", "source": "Ontario MLAS operational claims (OGSEarth / LIO MapServer). Unofficial viewing data, not legal title.", "as_of": "2026-09-20", "role": "focus", "color": "#e8b040"}}, {"type": "Feature", "geometry": {"type": "Polygon", "coordinates": [[[-94.1, 48.8417], [-94.1, 48.8458], [-94.1063, 48.8458], [-94.1063, 48.8417], [-94.1, 48.8417]]]}, "properties": {"company_id": "new-gold", "jurisdiction": "Ontario", "claim_id": "179644", "claim_name": null, "holder": "(100) NEW GOLD INC.", "status": "Active", "recorded_date": "2018-04-10", "anniversary_or_expiry": "2028-11-27", "area_ha": null, "tenure_type": "Single Cell Mining Claim", "source": "Ontario MLAS operational claims (OGSEarth / LIO MapServer). Unofficial viewing data, not legal title.", "as_of": "2026-09-20", "role": "focus", "color": "#e8b040"}}, {"type": "Feature", "geometry": {"type": "Polygon", "coordinates": [[[-93.8688, 48.9417], [-93.8688, 48.9458], [-93.875, 48.9458], [-93.875, 48.9417], [-93.8688, 48.9417]]]}, "properties": {"company_id": "new-gold", "jurisdiction": "Ontario", "claim_id": "179652", "claim_name": null, "holder": "(100) NEW GOLD INC.", "status": "Active", "recorded_date": "2018-04-10", "anniversary_or_expiry": "2028-10-26", "area_ha": null, "tenure_type": "Single Cell Mining Claim", "source": "Ontario MLAS operational claims (OGSEarth / LIO MapServer). Unofficial viewing data, not legal title.", "as_of": "2026-09-20", "role": "focus", "color": "#e8b040"}}, {"type": "Feature", "geometry": {"type": "Polygon", "coordinates": [[[-93.85, 48.9375], [-93.85, 48.9417], [-93.8563, 48.9417], [-93.8563, 48.9375], [-93.85, 48.9375]]]}, "properties": {"company_id": "new-gold", "jurisdiction": "Ontario", "claim_id": "179653", "claim_name": null, "holder": "(100) NEW GOLD INC.", "status": "Active", "recorded_date": "2018-04-10", "anniversary_or_expiry": "2028-10-26", "area_ha": null, "tenure_type": "Single Cell Mining Claim", "source": "Ontario MLAS operational claims (OGSEarth / LIO MapServer). Unofficial viewing data, not legal title.", "as_of": "2026-09-20", "role": "focus", "color": "#e8b040"}}, {"type": "Feature", "geometry": {"type": "Polygon", "coordinates": [[[-93.8313, 48.9292], [-93.8313, 48.9333], [-93.8375, 48.9333], [-93.8375, 48.9292], [-93.8313, 48.9292]]]}, "properties": {"company_id": "new-gold", "jurisdiction": "Ontario", "claim_id": "179672", "claim_name": null, "holder": "(100) NEW GOLD INC.", "status": "Active", "recorded_date": "2018-04-10", "anniversary_or_expiry": "2028-06-21", "area_ha": null, "tenure_type": "Single Cell Mining Claim", "source": "Ontario MLAS operational claims (OGSEarth / LIO MapServer). Unofficial viewing data, not legal title.", "as_of": "2026-09-20", "role": "focus", "color": "#e8b040"}}, {"type": "Feature", "geometry": {"type": "Polygon", "coordinates": [[[-93.8188, 48.9167], [-93.8188, 48.9208], [-93.825, 48.9208], [-93.825, 48.9167], [-93.8188, 48.9167]]]}, "properties": {"company_id": "new-gold", "jurisdiction": "Ontario", "claim_id": "179673", "claim_name": null, "holder": "(100) NEW GOLD INC.", "status": "Active", "recorded_date": "2018-04-10", "anniversary_or_expiry": "2028-06-21", "area_ha": null, "tenure_type": "Single Cell Mining Claim", "source": "Ontario MLAS operational claims (OGSEarth / LIO MapServer). Unofficial viewing data, not legal title.", "as_of": "2026-09-20", "role": "focus", "color": "#e8b040"}}, {"type": "Feature", "geometry": {"type": "Polygon", "coordinates": [[[-93.9, 48.9625], [-93.9, 48.9667], [-93.9063, 48.9667], [-93.9063, 48.9625], [-93.9, 48.9625]]]}, "properties": {"company_id": "new-gold", "jurisdiction": "Ontario", "claim_id": "179674", "claim_name": null, "holder": "(100) NEW GOLD INC.", "status": "Active", "recorded_date": "2018-04-10", "anniversary_or_expiry": "2028-10-26", "area_ha": null, "tenure_type": "Single Cell Mining Claim", "source": "Ontario MLAS operational claims (OGSEarth / LIO MapServer). Unofficial viewing data, not legal title.", "as_of": "2026-09-20", "role": "focus", "color": "#e8b040"}}, {"type": "Feature", "geometry": {"type": "Polygon", "coordinates": [[[-93.9, 48.875], [-93.9, 48.8792], [-93.9063, 48.8792], [-93.9063, 48.875], [-93.9, 48.875]]]}, "properties": {"company_id": "new-gold", "jurisdiction": "Ontario", "claim_id": "179729", "claim_name": null, "holder": "(100) NEW GOLD INC.", "status": "Active", "recorded_date": "2018-04-10", "anniversary_or_expiry": "2028-05-15", "area_ha": null, "tenure_type": "Single Cell Mining Claim", "source": "Ontario MLAS operational claims (OGSEarth / LIO MapServer). Unofficial viewing data, not legal title.", "as_of": "2026-09-20", "role": "focus", "color": "#e8b040"}}, {"type": "Feature", "geometry": {"type": "Polygon", "coordinates": [[[-93.8563, 48.9667], [-93.8563, 48.9708], [-93.8625, 48.9708], [-93.8625, 48.9667], [-93.8563, 48.9667]]]}, "properties": {"company_id": "new-gold", "jurisdiction": "Ontario", "claim_id": "180310", "claim_name": null, "holder": "(100) NEW GOLD INC.", "status": "Active", "recorded_date": "2018-04-10", "anniversary_or_expiry": "2028-10-26", "area_ha": null, "tenure_type": "Single Cell Mining Claim", "source": "Ontario MLAS operational claims (OGSEarth / LIO MapServer). Unofficial viewing data, not legal title.", "as_of": "2026-09-20", "role": "focus", "color": "#e8b040"}}, {"type": "Feature", "geometry": {"type": "Polygon", "coordinates": [[[-93.8688, 48.9625], [-93.8688, 48.9667], [-93.875, 48.9667], [-93.875, 48.9625], [-93.8688, 48.9625]]]}, "properties": {"company_id": "new-gold", "jurisdiction": "Ontario", "claim_id": "180311", "claim_name": null, "holder": "(100) NEW GOLD INC.", "status": "Active", "recorded_date": "2018-04-10", "anniversary_or_expiry": "2028-10-26", "area_ha": null, "tenure_type": "Single Cell Mining Claim", "source": "Ontario MLAS operational claims (OGSEarth / LIO MapServer). Unofficial viewing data, not legal title.", "as_of": "2026-09-20", "role": "focus", "color": "#e8b040"}}, {"type": "Feature", "geometry": {"type": "Polygon", "coordinates": [[[-93.875, 48.9583], [-93.875, 48.9625], [-93.8813, 48.9625], [-93.8813, 48.9583], [-93.875, 48.9583]]]}, "properties": {"company_id": "new-gold", "jurisdiction": "Ontario", "claim_id": "180312", "claim_name": null, "holder": "(100) NEW GOLD INC.", "status": "Active", "recorded_date": "2018-04-10", "anniversary_or_expiry": "2028-10-26", "area_ha": null, "tenure_type": "Single Cell Mining Claim", "source": "Ontario MLAS operational claims (OGSEarth / LIO MapServer). Unofficial viewing data, not legal title.", "as_of": "2026-09-20", "role": "focus", "color": "#e8b040"}}, {"type": "Feature", "geometry": {"type": "Polygon", "coordinates": [[[-94.2688, 48.825], [-94.2688, 48.8292], [-94.275, 48.8292], [-94.275, 48.825], [-94.2688, 48.825]]]}, "properties": {"company_id": "new-gold", "jurisdiction": "Ontario", "claim_id": "180313", "claim_name": null, "holder": "(100) NEW GOLD INC.", "status": "Active", "recorded_date": "2018-04-10", "anniversary_or_expiry": "2026-12-02", "area_ha": null, "tenure_type": "Single Cell Mining Claim", "source": "Ontario MLAS operational claims (OGSEarth / LIO MapServer). Unofficial viewing data, not legal title.", "as_of": "2026-09-20", "role": "focus", "color": "#e8b040"}}, {"type": "Feature", "geometry": {"type": "Polygon", "coordinates": [[[-93.8875, 48.9625], [-93.8875, 48.9667], [-93.8938, 48.9667], [-93.8938, 48.9625], [-93.8875, 48.9625]]]}, "properties": {"company_id": "new-gold", "jurisdiction": "Ontario", "claim_id": "180331", "claim_name": null, "holder": "(100) NEW GOLD INC.", "status": "Active", "recorded_date": "2018-04-10", "anniversary_or_expiry": "2028-10-26", "area_ha": null, "tenure_type": "Single Cell Mining Claim", "source": "Ontario MLAS operational claims (OGSEarth / LIO MapServer). Unofficial viewing data, not legal title.", "as_of": "2026-09-20", "role": "focus", "color": "#e8b040"}}, {"type": "Feature", "geometry": {"type": "Polygon", "coordinates": [[[-93.9063, 48.9708], [-93.9063, 48.975], [-93.9125, 48.975], [-93.9125, 48.9708], [-93.9063, 48.9708]]]}, "properties": {"company_id": "new-gold", "jurisdiction": "Ontario", "claim_id": "180332", "claim_name": null, "holder": "(100) NEW GOLD INC.", "status": "Active", "recorded_date": "2018-04-10", "anniversary_or_expiry": "2028-10-26", "area_ha": null, "tenure_type": "Single Cell Mining Claim", "source": "Ontario MLAS operational claims (OGSEarth / LIO MapServer). Unofficial viewing data, not legal title.", "as_of": "2026-09-20", "role": "focus", "color": "#e8b040"}}, {"type": "Feature", "geometry": {"type": "Polygon", "coordinates": [[[-93.9125, 48.9708], [-93.9125, 48.975], [-93.9188, 48.975], [-93.9188, 48.9708], [-93.9125, 48.9708]]]}, "properties": {"company_id": "new-gold", "jurisdiction": "Ontario", "claim_id": "180333", "claim_name": null, "holder": "(100) NEW GOLD INC.", "status": "Active", "recorded_date": "2018-04-10", "anniversary_or_expiry": "2028-10-26", "area_ha": null, "tenure_type": "Single Cell Mining Claim", "source": "Ontario MLAS operational claims (OGSEarth / LIO MapServer). Unofficial viewing data, not legal title.", "as_of": "2026-09-20", "role": "focus", "color": "#e8b040"}}, {"type": "Feature", "geometry": {"type": "Polygon", "coordinates": [[[-94.2125, 48.7833], [-94.2125, 48.7875], [-94.2188, 48.7875], [-94.2188, 48.7833], [-94.2125, 48.7833]]]}, "properties": {"company_id": "new-gold", "jurisdiction": "Ontario", "claim_id": "179766", "claim_name": null, "holder": "(100) NEW GOLD INC.", "status": "Active", "recorded_date": "2018-04-10", "anniversary_or_expiry": "2028-11-22", "area_ha": null, "tenure_type": "Single Cell Mining Claim", "source": "Ontario MLAS operational claims (OGSEarth / LIO MapServer). Unofficial viewing data, not legal title.", "as_of": "2026-09-20", "role": "focus", "color": "#e8b040"}}, {"type": "Feature", "geometry": {"type": "Polygon", "coordinates": [[[-93.7688, 48.95], [-93.7688, 48.9542], [-93.775, 48.9542], [-93.775, 48.95], [-93.7688, 48.95]]]}, "properties": {"company_id": "new-gold", "jurisdiction": "Ontario", "claim_id": "180352", "claim_name": null, "holder": "(100) NEW GOLD INC.", "status": "Active", "recorded_date": "2018-04-10", "anniversary_or_expiry": "2027-02-13", "area_ha": null, "tenure_type": "Single Cell Mining Claim", "source": "Ontario MLAS operational claims (OGSEarth / LIO MapServer). Unofficial viewing data, not legal title.", "as_of": "2026-09-20", "role": "focus", "color": "#e8b040"}}, {"type": "Feature", "geometry": {"type": "Polygon", "coordinates": [[[-93.9188, 48.9542], [-93.9188, 48.9583], [-93.925, 48.9583], [-93.925, 48.9542], [-93.9188, 48.9542]]]}, "properties": {"company_id": "new-gold", "jurisdiction": "Ontario", "claim_id": "180367", "claim_name": null, "holder": "(100) NEW GOLD INC.", "status": "Active", "recorded_date": "2018-04-10", "anniversary_or_expiry": "2028-10-26", "area_ha": null, "tenure_type": "Single Cell Mining Claim", "source": "Ontario MLAS operational claims (OGSEarth / LIO MapServer). Unofficial viewing data, not legal title.", "as_of": "2026-09-20", "role": "focus", "color": "#e8b040"}}, {"type": "Feature", "geometry": {"type": "Polygon", "coordinates": [[[-93.9125, 48.95], [-93.9125, 48.9542], [-93.9188, 48.9542], [-93.9188, 48.95], [-93.9125, 48.95]]]}, "properties": {"company_id": "new-gold", "jurisdiction": "Ontario", "claim_id": "180368", "claim_name": null, "holder": "(100) NEW GOLD INC.", "status": "Active", "recorded_date": "2018-04-10", "anniversary_or_expiry": "2028-10-26", "area_ha": null, "tenure_type": "Single Cell Mining Claim", "source": "Ontario MLAS operational claims (OGSEarth / LIO MapServer). Unofficial viewing data, not legal title.", "as_of": "2026-09-20", "role": "focus", "color": "#e8b040"}}, {"type": "Feature", "geometry": {"type": "Polygon", "coordinates": [[[-93.85, 48.9667], [-93.85, 48.9708], [-93.8563, 48.9708], [-93.8563, 48.9667], [-93.85, 48.9667]]]}, "properties": {"company_id": "new-gold", "jurisdiction": "Ontario", "claim_id": "179795", "claim_name": null, "holder": "(100) NEW GOLD INC.", "status": "Active", "recorded_date": "2018-04-10", "anniversary_or_expiry": "2028-10-26", "area_ha": null, "tenure_type": "Boundary Cell Mining Claim", "source": "Ontario MLAS operational claims (OGSEarth / LIO MapServer). Unofficial viewing data, not legal title.", "as_of": "2026-09-20", "role": "focus", "color": "#e8b040"}}, {"type": "Feature", "geometry": {"type": "Polygon", "coordinates": [[[-94.1125, 48.8208], [-94.1125, 48.825], [-94.1188, 48.825], [-94.1188, 48.8208], [-94.1125, 48.8208]]]}, "properties": {"company_id": "new-gold", "jurisdiction": "Ontario", "claim_id": "181696", "claim_name": null, "holder": "(100) NEW GOLD INC.", "status": "Active", "recorded_date": "2018-04-10", "anniversary_or_expiry": "2028-11-27", "area_ha": null, "tenure_type": "Single Cell Mining Claim", "source": "Ontario MLAS operational claims (OGSEarth / LIO MapServer). Unofficial viewing data, not legal title.", "as_of": "2026-09-20", "role": "focus", "color": "#e8b040"}}, {"type": "Feature", "geometry": {"type": "Polygon", "coordinates": [[[-93.8375, 48.9], [-93.8375, 48.9042], [-93.8438, 48.9042], [-93.8438, 48.9], [-93.8375, 48.9]]]}, "properties": {"company_id": "new-gold", "jurisdiction": "Ontario", "claim_id": "181707", "claim_name": null, "holder": "(100) NEW GOLD INC.", "status": "Active", "recorded_date": "2018-04-10", "anniversary_or_expiry": "2028-06-26", "area_ha": null, "tenure_type": "Single Cell Mining Claim", "source": "Ontario MLAS operational claims (OGSEarth / LIO MapServer). Unofficial viewing data, not legal title.", "as_of": "2026-09-20", "role": "focus", "color": "#e8b040"}}, {"type": "Feature", "geometry": {"type": "Polygon", "coordinates": [[[-94.1438, 48.8333], [-94.1438, 48.8375], [-94.15, 48.8375], [-94.15, 48.8333], [-94.1438, 48.8333]]]}, "properties": {"company_id": "new-gold", "jurisdiction": "Ontario", "claim_id": "181717", "claim_name": null, "holder": "(100) NEW GOLD INC.", "status": "Active", "recorded_date": "2018-04-10", "anniversary_or_expiry": "2028-11-22", "area_ha": null, "tenure_type": "Single Cell Mining Claim", "source": "Ontario MLAS operational claims (OGSEarth / LIO MapServer). Unofficial viewing data, not legal title.", "as_of": "2026-09-20", "role": "focus", "color": "#e8b040"}}, {"type": "Feature", "geometry": {"type": "Polygon", "coordinates": [[[-93.825, 48.8792], [-93.825, 48.8833], [-93.8313, 48.8833], [-93.8313, 48.8792], [-93.825, 48.8792]]]}, "properties": {"company_id": "new-gold", "jurisdiction": "Ontario", "claim_id": "181752", "claim_name": null, "holder": "(100) NEW GOLD INC.", "status": "Active", "recorded_date": "2018-04-10", "anniversary_or_expiry": "2028-05-04", "area_ha": null, "tenure_type": "Single Cell Mining Claim", "source": "Ontario MLAS operational claims (OGSEarth / LIO MapServer). Unofficial viewing data, not legal title.", "as_of": "2026-09-20", "role": "focus", "color": "#e8b040"}}, {"type": "Feature", "geometry": {"type": "Polygon", "coordinates": [[[-93.825, 48.8708], [-93.825, 48.875], [-93.8313, 48.875], [-93.8313, 48.8708], [-93.825, 48.8708]]]}, "properties": {"company_id": "new-gold", "jurisdiction": "Ontario", "claim_id": "181753", "claim_name": null, "holder": "(100) NEW GOLD INC.", "status": "Active", "recorded_date": "2018-04-10", "anniversary_or_expiry": "2028-05-04", "area_ha": null, "tenure_type": "Single Cell Mining Claim", "source": "Ontario MLAS operational claims (OGSEarth / LIO MapServer). Unofficial viewing data, not legal title.", "as_of": "2026-09-20", "role": "focus", "color": "#e8b040"}}, {"type": "Feature", "geometry": {"type": "Polygon", "coordinates": [[[-93.8563, 48.9708], [-93.8563, 48.975], [-93.8625, 48.975], [-93.8625, 48.9708], [-93.8563, 48.9708]]]}, "properties": {"company_id": "new-gold", "jurisdiction": "Ontario", "claim_id": "182368", "claim_name": null, "holder": "(100) NEW GOLD INC.", "status": "Active", "recorded_date": "2018-04-10", "anniversary_or_expiry": "2028-10-26", "area_ha": null, "tenure_type": "Single Cell Mining Claim", "source": "Ontario MLAS operational claims (OGSEarth / LIO MapServer). Unofficial viewing data, not legal title.", "as_of": "2026-09-20", "role": "focus", "color": "#e8b040"}}, {"type": "Feature", "geometry": {"type": "Polygon", "coordinates": [[[-93.8313, 48.9583], [-93.8313, 48.9625], [-93.8375, 48.9625], [-93.8375, 48.9583], [-93.8313, 48.9583]]]}, "properties": {"company_id": "new-gold", "jurisdiction": "Ontario", "claim_id": "182478", "claim_name": null, "holder": "(100) NEW GOLD INC.", "status": "Active", "recorded_date": "2018-04-10", "anniversary_or_expiry": "2028-06-02", "area_ha": null, "tenure_type": "Single Cell Mining Claim", "source": "Ontario MLAS operational claims (OGSEarth / LIO MapServer). Unofficial viewing data, not legal title.", "as_of": "2026-09-20", "role": "focus", "color": "#e8b040"}}, {"type": "Feature", "geometry": {"type": "Polygon", "coordinates": [[[-93.7188, 49.0], [-93.7188, 49.0042], [-93.725, 49.0042], [-93.725, 49.0], [-93.7188, 49.0]]]}, "properties": {"company_id": "new-gold", "jurisdiction": "Ontario", "claim_id": "182480", "claim_name": null, "holder": "(100) NEW GOLD INC.", "status": "Active", "recorded_date": "2018-04-10", "anniversary_or_expiry": "2028-07-11", "area_ha": null, "tenure_type": "Single Cell Mining Claim", "source": "Ontario MLAS operational claims (OGSEarth / LIO MapServer). Unofficial viewing data, not legal title.", "as_of": "2026-09-20", "role": "focus", "color": "#e8b040"}}, {"type": "Feature", "geometry": {"type": "Polygon", "coordinates": [[[-93.7313, 48.9875], [-93.7313, 48.9917], [-93.7375, 48.9917], [-93.7375, 48.9875], [-93.7313, 48.9875]]]}, "properties": {"company_id": "new-gold", "jurisdiction": "Ontario", "claim_id": "182481", "claim_name": null, "holder": "(100) NEW GOLD INC.", "status": "Active", "recorded_date": "2018-04-10", "anniversary_or_expiry": "2028-07-11", "area_ha": null, "tenure_type": "Single Cell Mining Claim", "source": "Ontario MLAS operational claims (OGSEarth / LIO MapServer). Unofficial viewing data, not legal title.", "as_of": "2026-09-20", "role": "focus", "color": "#e8b040"}}, {"type": "Feature", "geometry": {"type": "Polygon", "coordinates": [[[-93.775, 48.9792], [-93.775, 48.9833], [-93.7813, 48.9833], [-93.7813, 48.9792], [-93.775, 48.9792]]]}, "properties": {"company_id": "new-gold", "jurisdiction": "Ontario", "claim_id": "182482", "claim_name": null, "holder": "(100) NEW GOLD INC.", "status": "Active", "recorded_date": "2018-04-10", "anniversary_or_expiry": "2028-06-02", "area_ha": null, "tenure_type": "Single Cell Mining Claim", "source": "Ontario MLAS operational claims (OGSEarth / LIO MapServer). Unofficial viewing data, not legal title.", "as_of": "2026-09-20", "role": "focus", "color": "#e8b040"}}, {"type": "Feature", "geometry": {"type": "Polygon", "coordinates": [[[-93.8063, 48.8917], [-93.8063, 48.8958], [-93.8125, 48.8958], [-93.8125, 48.8917], [-93.8063, 48.8917]]]}, "properties": {"company_id": "new-gold", "jurisdiction": "Ontario", "claim_id": "182483", "claim_name": null, "holder": "(100) NEW GOLD INC.", "status": "Active", "recorded_date": "2018-04-10", "anniversary_or_expiry": "2028-05-04", "area_ha": null, "tenure_type": "Boundary Cell Mining Claim", "source": "Ontario MLAS operational claims (OGSEarth / LIO MapServer). Unofficial viewing data, not legal title.", "as_of": "2026-09-20", "role": "focus", "color": "#e8b040"}}, {"type": "Feature", "geometry": {"type": "Polygon", "coordinates": [[[-93.7938, 48.8875], [-93.7938, 48.8917], [-93.8, 48.8917], [-93.8, 48.8875], [-93.7938, 48.8875]]]}, "properties": {"company_id": "new-gold", "jurisdiction": "Ontario", "claim_id": "182484", "claim_name": null, "holder": "(100) NEW GOLD INC.", "status": "Active", "recorded_date": "2018-04-10", "anniversary_or_expiry": "2028-05-04", "area_ha": null, "tenure_type": "Single Cell Mining Claim", "source": "Ontario MLAS operational claims (OGSEarth / LIO MapServer). Unofficial viewing data, not legal title.", "as_of": "2026-09-20", "role": "focus", "color": "#e8b040"}}, {"type": "Feature", "geometry": {"type": "Polygon", "coordinates": [[[-93.8, 48.8875], [-93.8, 48.8917], [-93.8063, 48.8917], [-93.8063, 48.8875], [-93.8, 48.8875]]]}, "properties": {"company_id": "new-gold", "jurisdiction": "Ontario", "claim_id": "182485", "claim_name": null, "holder": "(100) NEW GOLD INC.", "status": "Active", "recorded_date": "2018-04-10", "anniversary_or_expiry": "2028-05-04", "area_ha": null, "tenure_type": "Single Cell Mining Claim", "source": "Ontario MLAS operational claims (OGSEarth / LIO MapServer). Unofficial viewing data, not legal title.", "as_of": "2026-09-20", "role": "focus", "color": "#e8b040"}}, {"type": "Feature", "geometry": {"type": "Polygon", "coordinates": [[[-93.725, 48.975], [-93.725, 48.9792], [-93.7313, 48.9792], [-93.7313, 48.975], [-93.725, 48.975]]]}, "properties": {"company_id": "new-gold", "jurisdiction": "Ontario", "claim_id": "182487", "claim_name": null, "holder": "(100) NEW GOLD INC.", "status": "Active", "recorded_date": "2018-04-10", "anniversary_or_expiry": "2028-07-11", "area_ha": null, "tenure_type": "Single Cell Mining Claim", "source": "Ontario MLAS operational claims (OGSEarth / LIO MapServer). Unofficial viewing data, not legal title.", "as_of": "2026-09-20", "role": "focus", "color": "#e8b040"}}, {"type": "Feature", "geometry": {"type": "Polygon", "coordinates": [[[-93.8188, 48.9792], [-93.8188, 48.9833], [-93.825, 48.9833], [-93.825, 48.9792], [-93.8188, 48.9792]]]}, "properties": {"company_id": "new-gold", "jurisdiction": "Ontario", "claim_id": "183125", "claim_name": null, "holder": "(100) NEW GOLD INC.", "status": "Active", "recorded_date": "2018-04-10", "anniversary_or_expiry": "2028-06-02", "area_ha": null, "tenure_type": "Single Cell Mining Claim", "source": "Ontario MLAS operational claims (OGSEarth / LIO MapServer). Unofficial viewing data, not legal title.", "as_of": "2026-09-20", "role": "focus", "color": "#e8b040"}}, {"type": "Feature", "geometry": {"type": "Polygon", "coordinates": [[[-93.8188, 48.9958], [-93.8188, 49.0], [-93.825, 49.0], [-93.825, 48.9958], [-93.8188, 48.9958]]]}, "properties": {"company_id": "new-gold", "jurisdiction": "Ontario", "claim_id": "183126", "claim_name": null, "holder": "(100) NEW GOLD INC.", "status": "Active", "recorded_date": "2018-04-10", "anniversary_or_expiry": "2028-05-25", "area_ha": null, "tenure_type": "Single Cell Mining Claim", "source": "Ontario MLAS operational claims (OGSEarth / LIO MapServer). Unofficial viewing data, not legal title.", "as_of": "2026-09-20", "role": "focus", "color": "#e8b040"}}, {"type": "Feature", "geometry": {"type": "Polygon", "coordinates": [[[-93.925, 51.0], [-93.925, 51.0042], [-93.9313, 51.0042], [-93.9313, 51.0], [-93.925, 51.0]]]}, "properties": {"company_id": "new-gold", "jurisdiction": "Ontario", "claim_id": "183718", "claim_name": null, "holder": "(24.5) NEW GOLD INC., (24.5) TOMAGOLD CORPORATION CORPORATION TOMAGOLD, (51) Evolution Mining Gold Operations Ltd.", "status": "Active", "recorded_date": "2018-04-10", "anniversary_or_expiry": "2029-10-27", "area_ha": null, "tenure_type": "Boundary Cell Mining Claim", "source": "Ontario MLAS operational claims (OGSEarth / LIO MapServer). Unofficial viewing data, not legal title.", "as_of": "2026-09-20", "role": "focus", "color": "#e8b040"}}, {"type": "Feature", "geometry": {"type": "Polygon", "coordinates": [[[-93.7188, 49.0083], [-93.7188, 49.0125], [-93.725, 49.0125], [-93.725, 49.0083], [-93.7188, 49.0083]]]}, "properties": {"company_id": "new-gold", "jurisdiction": "Ontario", "claim_id": "183181", "claim_name": null, "holder": "(100) NEW GOLD INC.", "status": "Active", "recorded_date": "2018-04-10", "anniversary_or_expiry": "2028-07-11", "area_ha": null, "tenure_type": "Single Cell Mining Claim", "source": "Ontario MLAS operational claims (OGSEarth / LIO MapServer). Unofficial viewing data, not legal title.", "as_of": "2026-09-20", "role": "focus", "color": "#e8b040"}}, {"type": "Feature", "geometry": {"type": "Polygon", "coordinates": [[[-93.7375, 49.0083], [-93.7375, 49.0125], [-93.7438, 49.0125], [-93.7438, 49.0083], [-93.7375, 49.0083]]]}, "properties": {"company_id": "new-gold", "jurisdiction": "Ontario", "claim_id": "183182", "claim_name": null, "holder": "(100) NEW GOLD INC.", "status": "Active", "recorded_date": "2018-04-10", "anniversary_or_expiry": "2028-07-11", "area_ha": null, "tenure_type": "Single Cell Mining Claim", "source": "Ontario MLAS operational claims (OGSEarth / LIO MapServer). Unofficial viewing data, not legal title.", "as_of": "2026-09-20", "role": "focus", "color": "#e8b040"}}, {"type": "Feature", "geometry": {"type": "Polygon", "coordinates": [[[-93.9875, 48.7875], [-93.9875, 48.7917], [-93.9938, 48.7917], [-93.9938, 48.7875], [-93.9875, 48.7875]]]}, "properties": {"company_id": "new-gold", "jurisdiction": "Ontario", "claim_id": "188483", "claim_name": null, "holder": "(100) NEW GOLD INC.", "status": "Active", "recorded_date": "2018-04-10", "anniversary_or_expiry": "2027-01-11", "area_ha": null, "tenure_type": "Single Cell Mining Claim", "source": "Ontario MLAS operational claims (OGSEarth / LIO MapServer). Unofficial viewing data, not legal title.", "as_of": "2026-09-20", "role": "focus", "color": "#e8b040"}}, {"type": "Feature", "geometry": {"type": "Polygon", "coordinates": [[[-93.9875, 48.7792], [-93.9875, 48.7833], [-93.9938, 48.7833], [-93.9938, 48.7792], [-93.9875, 48.7792]]]}, "properties": {"company_id": "new-gold", "jurisdiction": "Ontario", "claim_id": "188484", "claim_name": null, "holder": "(100) NEW GOLD INC.", "status": "Active", "recorded_date": "2018-04-10", "anniversary_or_expiry": "2027-01-11", "area_ha": null, "tenure_type": "Single Cell Mining Claim", "source": "Ontario MLAS operational claims (OGSEarth / LIO MapServer). Unofficial viewing data, not legal title.", "as_of": "2026-09-20", "role": "focus", "color": "#e8b040"}}, {"type": "Feature", "geometry": {"type": "Polygon", "coordinates": [[[-93.7938, 48.9667], [-93.7938, 48.9708], [-93.8, 48.9708], [-93.8, 48.9667], [-93.7938, 48.9667]]]}, "properties": {"company_id": "new-gold", "jurisdiction": "Ontario", "claim_id": "188504", "claim_name": null, "holder": "(100) NEW GOLD INC.", "status": "Active", "recorded_date": "2018-04-10", "anniversary_or_expiry": "2028-06-02", "area_ha": null, "tenure_type": "Single Cell Mining Claim", "source": "Ontario MLAS operational claims (OGSEarth / LIO MapServer). Unofficial viewing data, not legal title.", "as_of": "2026-09-20", "role": "focus", "color": "#e8b040"}}, {"type": "Feature", "geometry": {"type": "Polygon", "coordinates": [[[-93.8063, 48.9542], [-93.8063, 48.9583], [-93.8125, 48.9583], [-93.8125, 48.9542], [-93.8063, 48.9542]]]}, "properties": {"company_id": "new-gold", "jurisdiction": "Ontario", "claim_id": "188505", "claim_name": null, "holder": "(100) NEW GOLD INC.", "status": "Active", "recorded_date": "2018-04-10", "anniversary_or_expiry": "2028-06-02", "area_ha": null, "tenure_type": "Single Cell Mining Claim", "source": "Ontario MLAS operational claims (OGSEarth / LIO MapServer). Unofficial viewing data, not legal title.", "as_of": "2026-09-20", "role": "focus", "color": "#e8b040"}}, {"type": "Feature", "geometry": {"type": "Polygon", "coordinates": [[[-93.825, 48.9917], [-93.825, 48.9958], [-93.8313, 48.9958], [-93.8313, 48.9917], [-93.825, 48.9917]]]}, "properties": {"company_id": "new-gold", "jurisdiction": "Ontario", "claim_id": "188555", "claim_name": null, "holder": "(100) NEW GOLD INC.", "status": "Active", "recorded_date": "2018-04-10", "anniversary_or_expiry": "2028-05-08", "area_ha": null, "tenure_type": "Single Cell Mining Claim", "source": "Ontario MLAS operational claims (OGSEarth / LIO MapServer). Unofficial viewing data, not legal title.", "as_of": "2026-09-20", "role": "focus", "color": "#e8b040"}}, {"type": "Feature", "geometry": {"type": "Polygon", "coordinates": [[[-93.825, 48.9875], [-93.825, 48.9917], [-93.8313, 48.9917], [-93.8313, 48.9875], [-93.825, 48.9875]]]}, "properties": {"company_id": "new-gold", "jurisdiction": "Ontario", "claim_id": "188556", "claim_name": null, "holder": "(100) NEW GOLD INC.", "status": "Active", "recorded_date": "2018-04-10", "anniversary_or_expiry": "2028-05-08", "area_ha": null, "tenure_type": "Single Cell Mining Claim", "source": "Ontario MLAS operational claims (OGSEarth / LIO MapServer). Unofficial viewing data, not legal title.", "as_of": "2026-09-20", "role": "focus", "color": "#e8b040"}}, {"type": "Feature", "geometry": {"type": "Polygon", "coordinates": [[[-93.85, 48.975], [-93.85, 48.9792], [-93.8563, 48.9792], [-93.8563, 48.975], [-93.85, 48.975]]]}, "properties": {"company_id": "new-gold", "jurisdiction": "Ontario", "claim_id": "189140", "claim_name": null, "holder": "(100) NEW GOLD INC.", "status": "Active", "recorded_date": "2018-04-10", "anniversary_or_expiry": "2028-06-02", "area_ha": null, "tenure_type": "Boundary Cell Mining Claim", "source": "Ontario MLAS operational claims (OGSEarth / LIO MapServer). Unofficial viewing data, not legal title.", "as_of": "2026-09-20", "role": "focus", "color": "#e8b040"}}, {"type": "Feature", "geometry": {"type": "Polygon", "coordinates": [[[-93.7375, 49.025], [-93.7375, 49.0292], [-93.7438, 49.0292], [-93.7438, 49.025], [-93.7375, 49.025]]]}, "properties": {"company_id": "new-gold", "jurisdiction": "Ontario", "claim_id": "189141", "claim_name": null, "holder": "(100) NEW GOLD INC.", "status": "Active", "recorded_date": "2018-04-10", "anniversary_or_expiry": "2028-07-11", "area_ha": null, "tenure_type": "Single Cell Mining Claim", "source": "Ontario MLAS operational claims (OGSEarth / LIO MapServer). Unofficial viewing data, not legal title.", "as_of": "2026-09-20", "role": "focus", "color": "#e8b040"}}, {"type": "Feature", "geometry": {"type": "Polygon", "coordinates": [[[-93.7125, 49.0208], [-93.7125, 49.025], [-93.7188, 49.025], [-93.7188, 49.0208], [-93.7125, 49.0208]]]}, "properties": {"company_id": "new-gold", "jurisdiction": "Ontario", "claim_id": "189142", "claim_name": null, "holder": "(100) NEW GOLD INC.", "status": "Active", "recorded_date": "2018-04-10", "anniversary_or_expiry": "2028-07-11", "area_ha": null, "tenure_type": "Single Cell Mining Claim", "source": "Ontario MLAS operational claims (OGSEarth / LIO MapServer). Unofficial viewing data, not legal title.", "as_of": "2026-09-20", "role": "focus", "color": "#e8b040"}}, {"type": "Feature", "geometry": {"type": "Polygon", "coordinates": [[[-93.7875, 48.9917], [-93.7875, 48.9958], [-93.7938, 48.9958], [-93.7938, 48.9917], [-93.7875, 48.9917]]]}, "properties": {"company_id": "new-gold", "jurisdiction": "Ontario", "claim_id": "189210", "claim_name": null, "holder": "(100) NEW GOLD INC.", "status": "Active", "recorded_date": "2018-04-10", "anniversary_or_expiry": "2028-05-25", "area_ha": null, "tenure_type": "Single Cell Mining Claim", "source": "Ontario MLAS operational claims (OGSEarth / LIO MapServer). Unofficial viewing data, not legal title.", "as_of": "2026-09-20", "role": "focus", "color": "#e8b040"}}, {"type": "Feature", "geometry": {"type": "Polygon", "coordinates": [[[-93.7375, 48.9792], [-93.7375, 48.9833], [-93.7438, 48.9833], [-93.7438, 48.9792], [-93.7375, 48.9792]]]}, "properties": {"company_id": "new-gold", "jurisdiction": "Ontario", "claim_id": "188419", "claim_name": null, "holder": "(100) NEW GOLD INC.", "status": "Active", "recorded_date": "2018-04-10", "anniversary_or_expiry": "2028-07-11", "area_ha": null, "tenure_type": "Single Cell Mining Claim", "source": "Ontario MLAS operational claims (OGSEarth / LIO MapServer). Unofficial viewing data, not legal title.", "as_of": "2026-09-20", "role": "focus", "color": "#e8b040"}}, {"type": "Feature", "geometry": {"type": "Polygon", "coordinates": [[[-93.7563, 49.025], [-93.7563, 49.0292], [-93.7625, 49.0292], [-93.7625, 49.025], [-93.7563, 49.025]]]}, "properties": {"company_id": "new-gold", "jurisdiction": "Ontario", "claim_id": "189890", "claim_name": null, "holder": "(100) NEW GOLD INC.", "status": "Active", "recorded_date": "2018-04-10", "anniversary_or_expiry": "2028-07-11", "area_ha": null, "tenure_type": "Single Cell Mining Claim", "source": "Ontario MLAS operational claims (OGSEarth / LIO MapServer). Unofficial viewing data, not legal title.", "as_of": "2026-09-20", "role": "focus", "color": "#e8b040"}}, {"type": "Feature", "geometry": {"type": "Polygon", "coordinates": [[[-93.7813, 48.9542], [-93.7813, 48.9583], [-93.7875, 48.9583], [-93.7875, 48.9542], [-93.7813, 48.9542]]]}, "properties": {"company_id": "new-gold", "jurisdiction": "Ontario", "claim_id": "189905", "claim_name": null, "holder": "(100) NEW GOLD INC.", "status": "Active", "recorded_date": "2018-04-10", "anniversary_or_expiry": "2028-06-02", "area_ha": null, "tenure_type": "Single Cell Mining Claim", "source": "Ontario MLAS operational claims (OGSEarth / LIO MapServer). Unofficial viewing data, not legal title.", "as_of": "2026-09-20", "role": "focus", "color": "#e8b040"}}, {"type": "Feature", "geometry": {"type": "Polygon", "coordinates": [[[-93.8125, 48.8875], [-93.8125, 48.8917], [-93.8188, 48.8917], [-93.8188, 48.8875], [-93.8125, 48.8875]]]}, "properties": {"company_id": "new-gold", "jurisdiction": "Ontario", "claim_id": "190572", "claim_name": null, "holder": "(100) NEW GOLD INC.", "status": "Active", "recorded_date": "2018-04-10", "anniversary_or_expiry": "2027-01-28", "area_ha": null, "tenure_type": "Boundary Cell Mining Claim", "source": "Ontario MLAS operational claims (OGSEarth / LIO MapServer). Unofficial viewing data, not legal title.", "as_of": "2026-09-20", "role": "focus", "color": "#e8b040"}}, {"type": "Feature", "geometry": {"type": "Polygon", "coordinates": [[[-94.0875, 48.8917], [-94.0875, 48.8958], [-94.0938, 48.8958], [-94.0938, 48.8917], [-94.0875, 48.8917]]]}, "properties": {"company_id": "new-gold", "jurisdiction": "Ontario", "claim_id": "194225", "claim_name": null, "holder": "(100) NEW GOLD INC.", "status": "Active", "recorded_date": "2018-04-10", "anniversary_or_expiry": "2028-10-15", "area_ha": null, "tenure_type": "Single Cell Mining Claim", "source": "Ontario MLAS operational claims (OGSEarth / LIO MapServer). Unofficial viewing data, not legal title.", "as_of": "2026-09-20", "role": "focus", "color": "#e8b040"}}, {"type": "Feature", "geometry": {"type": "Polygon", "coordinates": [[[-94.2813, 48.7875], [-94.2813, 48.7917], [-94.2875, 48.7917], [-94.2875, 48.7875], [-94.2813, 48.7875]]]}, "properties": {"company_id": "new-gold", "jurisdiction": "Ontario", "claim_id": "192182", "claim_name": null, "holder": "(100) NEW GOLD INC.", "status": "Active", "recorded_date": "2018-04-10", "anniversary_or_expiry": "2026-12-02", "area_ha": null, "tenure_type": "Single Cell Mining Claim", "source": "Ontario MLAS operational claims (OGSEarth / LIO MapServer). Unofficial viewing data, not legal title.", "as_of": "2026-09-20", "role": "focus", "color": "#e8b040"}}, {"type": "Feature", "geometry": {"type": "Polygon", "coordinates": [[[-94.0625, 48.8917], [-94.0625, 48.8958], [-94.0688, 48.8958], [-94.0688, 48.8917], [-94.0625, 48.8917]]]}, "properties": {"company_id": "new-gold", "jurisdiction": "Ontario", "claim_id": "194849", "claim_name": null, "holder": "(100) NEW GOLD INC.", "status": "Active", "recorded_date": "2018-04-10", "anniversary_or_expiry": "2028-10-15", "area_ha": null, "tenure_type": "Single Cell Mining Claim", "source": "Ontario MLAS operational claims (OGSEarth / LIO MapServer). Unofficial viewing data, not legal title.", "as_of": "2026-09-20", "role": "focus", "color": "#e8b040"}}, {"type": "Feature", "geometry": {"type": "Polygon", "coordinates": [[[-94.0875, 48.8792], [-94.0875, 48.8833], [-94.0938, 48.8833], [-94.0938, 48.8792], [-94.0875, 48.8792]]]}, "properties": {"company_id": "new-gold", "jurisdiction": "Ontario", "claim_id": "194851", "claim_name": null, "holder": "(100) NEW GOLD INC.", "status": "Active", "recorded_date": "2018-04-10", "anniversary_or_expiry": "2028-10-15", "area_ha": null, "tenure_type": "Single Cell Mining Claim", "source": "Ontario MLAS operational claims (OGSEarth / LIO MapServer). Unofficial viewing data, not legal title.", "as_of": "2026-09-20", "role": "focus", "color": "#e8b040"}}, {"type": "Feature", "geometry": {"type": "Polygon", "coordinates": [[[-94.0313, 48.8958], [-94.0313, 48.9], [-94.0375, 48.9], [-94.0375, 48.8958], [-94.0313, 48.8958]]]}, "properties": {"company_id": "new-gold", "jurisdiction": "Ontario", "claim_id": "194959", "claim_name": null, "holder": "(100) NEW GOLD INC.", "status": "Active", "recorded_date": "2018-04-10", "anniversary_or_expiry": "2026-12-19", "area_ha": null, "tenure_type": "Single Cell Mining Claim", "source": "Ontario MLAS operational claims (OGSEarth / LIO MapServer). Unofficial viewing data, not legal title.", "as_of": "2026-09-20", "role": "focus", "color": "#e8b040"}}, {"type": "Feature", "geometry": {"type": "Polygon", "coordinates": [[[-94.1938, 48.7875], [-94.1938, 48.7917], [-94.2, 48.7917], [-94.2, 48.7875], [-94.1938, 48.7875]]]}, "properties": {"company_id": "new-gold", "jurisdiction": "Ontario", "claim_id": "194960", "claim_name": null, "holder": "(100) NEW GOLD INC.", "status": "Active", "recorded_date": "2018-04-10", "anniversary_or_expiry": "2028-11-22", "area_ha": null, "tenure_type": "Single Cell Mining Claim", "source": "Ontario MLAS operational claims (OGSEarth / LIO MapServer). Unofficial viewing data, not legal title.", "as_of": "2026-09-20", "role": "focus", "color": "#e8b040"}}, {"type": "Feature", "geometry": {"type": "Polygon", "coordinates": [[[-93.825, 48.9125], [-93.825, 48.9167], [-93.8313, 48.9167], [-93.8313, 48.9125], [-93.825, 48.9125]]]}, "properties": {"company_id": "new-gold", "jurisdiction": "Ontario", "claim_id": "194969", "claim_name": null, "holder": "(100) NEW GOLD INC.", "status": "Active", "recorded_date": "2018-04-10", "anniversary_or_expiry": "2028-06-26", "area_ha": null, "tenure_type": "Single Cell Mining Claim", "source": "Ontario MLAS operational claims (OGSEarth / LIO MapServer). Unofficial viewing data, not legal title.", "as_of": "2026-09-20", "role": "focus", "color": "#e8b040"}}, {"type": "Feature", "geometry": {"type": "Polygon", "coordinates": [[[-93.825, 48.9083], [-93.825, 48.9125], [-93.8313, 48.9125], [-93.8313, 48.9083], [-93.825, 48.9083]]]}, "properties": {"company_id": "new-gold", "jurisdiction": "Ontario", "claim_id": "194970", "claim_name": null, "holder": "(100) NEW GOLD INC.", "status": "Active", "recorded_date": "2018-04-10", "anniversary_or_expiry": "2028-06-26", "area_ha": null, "tenure_type": "Single Cell Mining Claim", "source": "Ontario MLAS operational claims (OGSEarth / LIO MapServer). Unofficial viewing data, not legal title.", "as_of": "2026-09-20", "role": "focus", "color": "#e8b040"}}, {"type": "Feature", "geometry": {"type": "Polygon", "coordinates": [[[-93.8313, 48.8625], [-93.8313, 48.8667], [-93.8375, 48.8667], [-93.8375, 48.8625], [-93.8313, 48.8625]]]}, "properties": {"company_id": "new-gold", "jurisdiction": "Ontario", "claim_id": "195554", "claim_name": null, "holder": "(100) NEW GOLD INC.", "status": "Active", "recorded_date": "2018-04-10", "anniversary_or_expiry": "2028-05-04", "area_ha": null, "tenure_type": "Single Cell Mining Claim", "source": "Ontario MLAS operational claims (OGSEarth / LIO MapServer). Unofficial viewing data, not legal title.", "as_of": "2026-09-20", "role": "focus", "color": "#e8b040"}}, {"type": "Feature", "geometry": {"type": "Polygon", "coordinates": [[[-93.8313, 48.8583], [-93.8313, 48.8625], [-93.8375, 48.8625], [-93.8375, 48.8583], [-93.8313, 48.8583]]]}, "properties": {"company_id": "new-gold", "jurisdiction": "Ontario", "claim_id": "195555", "claim_name": null, "holder": "(100) NEW GOLD INC.", "status": "Active", "recorded_date": "2018-04-10", "anniversary_or_expiry": "2028-05-04", "area_ha": null, "tenure_type": "Single Cell Mining Claim", "source": "Ontario MLAS operational claims (OGSEarth / LIO MapServer). Unofficial viewing data, not legal title.", "as_of": "2026-09-20", "role": "focus", "color": "#e8b040"}}, {"type": "Feature", "geometry": {"type": "Polygon", "coordinates": [[[-94.2125, 48.7917], [-94.2125, 48.7958], [-94.2188, 48.7958], [-94.2188, 48.7917], [-94.2125, 48.7917]]]}, "properties": {"company_id": "new-gold", "jurisdiction": "Ontario", "claim_id": "196185", "claim_name": null, "holder": "(100) NEW GOLD INC.", "status": "Active", "recorded_date": "2018-04-10", "anniversary_or_expiry": "2028-11-22", "area_ha": null, "tenure_type": "Single Cell Mining Claim", "source": "Ontario MLAS operational claims (OGSEarth / LIO MapServer). Unofficial viewing data, not legal title.", "as_of": "2026-09-20", "role": "focus", "color": "#e8b040"}}, {"type": "Feature", "geometry": {"type": "Polygon", "coordinates": [[[-93.9063, 48.9125], [-93.9063, 48.9167], [-93.9125, 48.9167], [-93.9125, 48.9125], [-93.9063, 48.9125]]]}, "properties": {"company_id": "new-gold", "jurisdiction": "Ontario", "claim_id": "196213", "claim_name": null, "holder": "(100) NEW GOLD INC.", "status": "Active", "recorded_date": "2018-04-10", "anniversary_or_expiry": "2028-10-26", "area_ha": null, "tenure_type": "Single Cell Mining Claim", "source": "Ontario MLAS operational claims (OGSEarth / LIO MapServer). Unofficial viewing data, not legal title.", "as_of": "2026-09-20", "role": "focus", "color": "#e8b040"}}, {"type": "Feature", "geometry": {"type": "Polygon", "coordinates": [[[-94.2688, 48.8167], [-94.2688, 48.8208], [-94.275, 48.8208], [-94.275, 48.8167], [-94.2688, 48.8167]]]}, "properties": {"company_id": "new-gold", "jurisdiction": "Ontario", "claim_id": "196214", "claim_name": null, "holder": "(100) NEW GOLD INC.", "status": "Active", "recorded_date": "2018-04-10", "anniversary_or_expiry": "2026-12-02", "area_ha": null, "tenure_type": "Single Cell Mining Claim", "source": "Ontario MLAS operational claims (OGSEarth / LIO MapServer). Unofficial viewing data, not legal title.", "as_of": "2026-09-20", "role": "focus", "color": "#e8b040"}}, {"type": "Feature", "geometry": {"type": "Polygon", "coordinates": [[[-93.9188, 48.9708], [-93.9188, 48.975], [-93.925, 48.975], [-93.925, 48.9708], [-93.9188, 48.9708]]]}, "properties": {"company_id": "new-gold", "jurisdiction": "Ontario", "claim_id": "196234", "claim_name": null, "holder": "(100) NEW GOLD INC.", "status": "Active", "recorded_date": "2018-04-10", "anniversary_or_expiry": "2028-10-26", "area_ha": null, "tenure_type": "Single Cell Mining Claim", "source": "Ontario MLAS operational claims (OGSEarth / LIO MapServer). Unofficial viewing data, not legal title.", "as_of": "2026-09-20", "role": "focus", "color": "#e8b040"}}, {"type": "Feature", "geometry": {"type": "Polygon", "coordinates": [[[-93.9188, 48.9667], [-93.9188, 48.9708], [-93.925, 48.9708], [-93.925, 48.9667], [-93.9188, 48.9667]]]}, "properties": {"company_id": "new-gold", "jurisdiction": "Ontario", "claim_id": "196253", "claim_name": null, "holder": "(100) NEW GOLD INC.", "status": "Active", "recorded_date": "2018-04-10", "anniversary_or_expiry": "2028-10-26", "area_ha": null, "tenure_type": "Single Cell Mining Claim", "source": "Ontario MLAS operational claims (OGSEarth / LIO MapServer). Unofficial viewing data, not legal title.", "as_of": "2026-09-20", "role": "focus", "color": "#e8b040"}}, {"type": "Feature", "geometry": {"type": "Polygon", "coordinates": [[[-93.875, 48.975], [-93.875, 48.9792], [-93.8813, 48.9792], [-93.8813, 48.975], [-93.875, 48.975]]]}, "properties": {"company_id": "new-gold", "jurisdiction": "Ontario", "claim_id": "196266", "claim_name": null, "holder": "(100) NEW GOLD INC.", "status": "Active", "recorded_date": "2018-04-10", "anniversary_or_expiry": "2028-10-26", "area_ha": null, "tenure_type": "Boundary Cell Mining Claim", "source": "Ontario MLAS operational claims (OGSEarth / LIO MapServer). Unofficial viewing data, not legal title.", "as_of": "2026-09-20", "role": "focus", "color": "#e8b040"}}, {"type": "Feature", "geometry": {"type": "Polygon", "coordinates": [[[-93.9313, 51.0], [-93.9313, 51.0042], [-93.9375, 51.0042], [-93.9375, 51.0], [-93.9313, 51.0]]]}, "properties": {"company_id": "new-gold", "jurisdiction": "Ontario", "claim_id": "195264", "claim_name": null, "holder": "(24.5) NEW GOLD INC., (24.5) TOMAGOLD CORPORATION CORPORATION TOMAGOLD, (51) Evolution Mining Gold Operations Ltd.", "status": "Active", "recorded_date": "2018-04-10", "anniversary_or_expiry": "2029-10-27", "area_ha": null, "tenure_type": "Boundary Cell Mining Claim", "source": "Ontario MLAS operational claims (OGSEarth / LIO MapServer). Unofficial viewing data, not legal title.", "as_of": "2026-09-20", "role": "focus", "color": "#e8b040"}}, {"type": "Feature", "geometry": {"type": "Polygon", "coordinates": [[[-94.1188, 48.8208], [-94.1188, 48.825], [-94.125, 48.825], [-94.125, 48.8208], [-94.1188, 48.8208]]]}, "properties": {"company_id": "new-gold", "jurisdiction": "Ontario", "claim_id": "198301", "claim_name": null, "holder": "(100) NEW GOLD INC.", "status": "Active", "recorded_date": "2018-04-10", "anniversary_or_expiry": "2028-11-27", "area_ha": null, "tenure_type": "Single Cell Mining Claim", "source": "Ontario MLAS operational claims (OGSEarth / LIO MapServer). Unofficial viewing data, not legal title.", "as_of": "2026-09-20", "role": "focus", "color": "#e8b040"}}, {"type": "Feature", "geometry": {"type": "Polygon", "coordinates": [[[-93.8063, 48.925], [-93.8063, 48.9292], [-93.8125, 48.9292], [-93.8125, 48.925], [-93.8063, 48.925]]]}, "properties": {"company_id": "new-gold", "jurisdiction": "Ontario", "claim_id": "197525", "claim_name": null, "holder": "(100) NEW GOLD INC.", "status": "Active", "recorded_date": "2018-04-10", "anniversary_or_expiry": "2028-05-17", "area_ha": null, "tenure_type": "Single Cell Mining Claim", "source": "Ontario MLAS operational claims (OGSEarth / LIO MapServer). Unofficial viewing data, not legal title.", "as_of": "2026-09-20", "role": "focus", "color": "#e8b040"}}, {"type": "Feature", "geometry": {"type": "Polygon", "coordinates": [[[-93.7875, 48.9208], [-93.7875, 48.925], [-93.7938, 48.925], [-93.7938, 48.9208], [-93.7875, 48.9208]]]}, "properties": {"company_id": "new-gold", "jurisdiction": "Ontario", "claim_id": "197526", "claim_name": null, "holder": "(100) NEW GOLD INC.", "status": "Active", "recorded_date": "2018-04-10", "anniversary_or_expiry": "2027-02-13", "area_ha": null, "tenure_type": "Single Cell Mining Claim", "source": "Ontario MLAS operational claims (OGSEarth / LIO MapServer). Unofficial viewing data, not legal title.", "as_of": "2026-09-20", "role": "focus", "color": "#e8b040"}}, {"type": "Feature", "geometry": {"type": "Polygon", "coordinates": [[[-93.8938, 48.9375], [-93.8938, 48.9417], [-93.9, 48.9417], [-93.9, 48.9375], [-93.8938, 48.9375]]]}, "properties": {"company_id": "new-gold", "jurisdiction": "Ontario", "claim_id": "197549", "claim_name": null, "holder": "(100) NEW GOLD INC.", "status": "Active", "recorded_date": "2018-04-10", "anniversary_or_expiry": "2028-10-26", "area_ha": null, "tenure_type": "Single Cell Mining Claim", "source": "Ontario MLAS operational claims (OGSEarth / LIO MapServer). Unofficial viewing data, not legal title.", "as_of": "2026-09-20", "role": "focus", "color": "#e8b040"}}, {"type": "Feature", "geometry": {"type": "Polygon", "coordinates": [[[-93.7688, 48.925], [-93.7688, 48.9292], [-93.775, 48.9292], [-93.775, 48.925], [-93.7688, 48.925]]]}, "properties": {"company_id": "new-gold", "jurisdiction": "Ontario", "claim_id": "197596", "claim_name": null, "holder": "(100) NEW GOLD INC.", "status": "Active", "recorded_date": "2018-04-10", "anniversary_or_expiry": "2027-02-13", "area_ha": null, "tenure_type": "Single Cell Mining Claim", "source": "Ontario MLAS operational claims (OGSEarth / LIO MapServer). Unofficial viewing data, not legal title.", "as_of": "2026-09-20", "role": "focus", "color": "#e8b040"}}, {"type": "Feature", "geometry": {"type": "Polygon", "coordinates": [[[-93.9063, 48.9292], [-93.9063, 48.9333], [-93.9125, 48.9333], [-93.9125, 48.9292], [-93.9063, 48.9292]]]}, "properties": {"company_id": "new-gold", "jurisdiction": "Ontario", "claim_id": "197630", "claim_name": null, "holder": "(100) NEW GOLD INC.", "status": "Active", "recorded_date": "2018-04-10", "anniversary_or_expiry": "2028-10-26", "area_ha": null, "tenure_type": "Single Cell Mining Claim", "source": "Ontario MLAS operational claims (OGSEarth / LIO MapServer). Unofficial viewing data, not legal title.", "as_of": "2026-09-20", "role": "focus", "color": "#e8b040"}}, {"type": "Feature", "geometry": {"type": "Polygon", "coordinates": [[[-94.2875, 48.8083], [-94.2875, 48.8125], [-94.2938, 48.8125], [-94.2938, 48.8083], [-94.2875, 48.8083]]]}, "properties": {"company_id": "new-gold", "jurisdiction": "Ontario", "claim_id": "200785", "claim_name": null, "holder": "(100) NEW GOLD INC.", "status": "Active", "recorded_date": "2018-04-10", "anniversary_or_expiry": "2026-12-02", "area_ha": null, "tenure_type": "Single Cell Mining Claim", "source": "Ontario MLAS operational claims (OGSEarth / LIO MapServer). Unofficial viewing data, not legal title.", "as_of": "2026-09-20", "role": "focus", "color": "#e8b040"}}, {"type": "Feature", "geometry": {"type": "Polygon", "coordinates": [[[-94.2813, 48.7958], [-94.2813, 48.8], [-94.2875, 48.8], [-94.2875, 48.7958], [-94.2813, 48.7958]]]}, "properties": {"company_id": "new-gold", "jurisdiction": "Ontario", "claim_id": "200786", "claim_name": null, "holder": "(100) NEW GOLD INC.", "status": "Active", "recorded_date": "2018-04-10", "anniversary_or_expiry": "2026-12-02", "area_ha": null, "tenure_type": "Single Cell Mining Claim", "source": "Ontario MLAS operational claims (OGSEarth / LIO MapServer). Unofficial viewing data, not legal title.", "as_of": "2026-09-20", "role": "focus", "color": "#e8b040"}}, {"type": "Feature", "geometry": {"type": "Polygon", "coordinates": [[[-93.8438, 48.8958], [-93.8438, 48.9], [-93.85, 48.9], [-93.85, 48.8958], [-93.8438, 48.8958]]]}, "properties": {"company_id": "new-gold", "jurisdiction": "Ontario", "claim_id": "203524", "claim_name": null, "holder": "(100) NEW GOLD INC.", "status": "Active", "recorded_date": "2018-04-10", "anniversary_or_expiry": "2028-05-16", "area_ha": null, "tenure_type": "Boundary Cell Mining Claim", "source": "Ontario MLAS operational claims (OGSEarth / LIO MapServer). Unofficial viewing data, not legal title.", "as_of": "2026-09-20", "role": "focus", "color": "#e8b040"}}, {"type": "Feature", "geometry": {"type": "Polygon", "coordinates": [[[-94.3, 48.7875], [-94.3, 48.7917], [-94.3063, 48.7917], [-94.3063, 48.7875], [-94.3, 48.7875]]]}, "properties": {"company_id": "new-gold", "jurisdiction": "Ontario", "claim_id": "202511", "claim_name": null, "holder": "(100) NEW GOLD INC.", "status": "Active", "recorded_date": "2018-04-10", "anniversary_or_expiry": "2028-06-13", "area_ha": null, "tenure_type": "Single Cell Mining Claim", "source": "Ontario MLAS operational claims (OGSEarth / LIO MapServer). Unofficial viewing data, not legal title.", "as_of": "2026-09-20", "role": "focus", "color": "#e8b040"}}, {"type": "Feature", "geometry": {"type": "Polygon", "coordinates": [[[-94.1938, 48.8167], [-94.1938, 48.8208], [-94.2, 48.8208], [-94.2, 48.8167], [-94.1938, 48.8167]]]}, "properties": {"company_id": "new-gold", "jurisdiction": "Ontario", "claim_id": "202707", "claim_name": null, "holder": "(100) NEW GOLD INC.", "status": "Active", "recorded_date": "2018-04-10", "anniversary_or_expiry": "2027-03-03", "area_ha": null, "tenure_type": "Single Cell Mining Claim", "source": "Ontario MLAS operational claims (OGSEarth / LIO MapServer). Unofficial viewing data, not legal title.", "as_of": "2026-09-20", "role": "focus", "color": "#e8b040"}}, {"type": "Feature", "geometry": {"type": "Polygon", "coordinates": [[[-94.1938, 48.8125], [-94.1938, 48.8167], [-94.2, 48.8167], [-94.2, 48.8125], [-94.1938, 48.8125]]]}, "properties": {"company_id": "new-gold", "jurisdiction": "Ontario", "claim_id": "202708", "claim_name": null, "holder": "(100) NEW GOLD INC.", "status": "Active", "recorded_date": "2018-04-10", "anniversary_or_expiry": "2027-03-03", "area_ha": null, "tenure_type": "Single Cell Mining Claim", "source": "Ontario MLAS operational claims (OGSEarth / LIO MapServer). Unofficial viewing data, not legal title.", "as_of": "2026-09-20", "role": "focus", "color": "#e8b040"}}, {"type": "Feature", "geometry": {"type": "Polygon", "coordinates": [[[-94.1375, 48.8583], [-94.1375, 48.8625], [-94.1438, 48.8625], [-94.1438, 48.8583], [-94.1375, 48.8583]]]}, "properties": {"company_id": "new-gold", "jurisdiction": "Ontario", "claim_id": "203360", "claim_name": null, "holder": "(100) NEW GOLD INC.", "status": "Active", "recorded_date": "2018-04-10", "anniversary_or_expiry": "2028-07-16", "area_ha": null, "tenure_type": "Single Cell Mining Claim", "source": "Ontario MLAS operational claims (OGSEarth / LIO MapServer). Unofficial viewing data, not legal title.", "as_of": "2026-09-20", "role": "focus", "color": "#e8b040"}}, {"type": "Feature", "geometry": {"type": "Polygon", "coordinates": [[[-93.8438, 48.9125], [-93.8438, 48.9167], [-93.85, 48.9167], [-93.85, 48.9125], [-93.8438, 48.9125]]]}, "properties": {"company_id": "new-gold", "jurisdiction": "Ontario", "claim_id": "203385", "claim_name": null, "holder": "(100) NEW GOLD INC.", "status": "Active", "recorded_date": "2018-04-10", "anniversary_or_expiry": "2028-06-26", "area_ha": null, "tenure_type": "Single Cell Mining Claim", "source": "Ontario MLAS operational claims (OGSEarth / LIO MapServer). Unofficial viewing data, not legal title.", "as_of": "2026-09-20", "role": "focus", "color": "#e8b040"}}, {"type": "Feature", "geometry": {"type": "Polygon", "coordinates": [[[-93.975, 48.9], [-93.975, 48.9042], [-93.9813, 48.9042], [-93.9813, 48.9], [-93.975, 48.9]]]}, "properties": {"company_id": "new-gold", "jurisdiction": "Ontario", "claim_id": "203387", "claim_name": null, "holder": "(100) NEW GOLD INC.", "status": "Active", "recorded_date": "2018-04-10", "anniversary_or_expiry": "2027-03-01", "area_ha": null, "tenure_type": "Single Cell Mining Claim", "source": "Ontario MLAS operational claims (OGSEarth / LIO MapServer). Unofficial viewing data, not legal title.", "as_of": "2026-09-20", "role": "focus", "color": "#e8b040"}}, {"type": "Feature", "geometry": {"type": "Polygon", "coordinates": [[[-94.2313, 48.8083], [-94.2313, 48.8125], [-94.2375, 48.8125], [-94.2375, 48.8083], [-94.2313, 48.8083]]]}, "properties": {"company_id": "new-gold", "jurisdiction": "Ontario", "claim_id": "203408", "claim_name": null, "holder": "(100) NEW GOLD INC.", "status": "Active", "recorded_date": "2018-04-10", "anniversary_or_expiry": "2028-11-22", "area_ha": null, "tenure_type": "Single Cell Mining Claim", "source": "Ontario MLAS operational claims (OGSEarth / LIO MapServer). Unofficial viewing data, not legal title.", "as_of": "2026-09-20", "role": "focus", "color": "#e8b040"}}, {"type": "Feature", "geometry": {"type": "Polygon", "coordinates": [[[-94.2313, 48.8042], [-94.2313, 48.8083], [-94.2375, 48.8083], [-94.2375, 48.8042], [-94.2313, 48.8042]]]}, "properties": {"company_id": "new-gold", "jurisdiction": "Ontario", "claim_id": "203409", "claim_name": null, "holder": "(100) NEW GOLD INC.", "status": "Active", "recorded_date": "2018-04-10", "anniversary_or_expiry": "2028-11-22", "area_ha": null, "tenure_type": "Single Cell Mining Claim", "source": "Ontario MLAS operational claims (OGSEarth / LIO MapServer). Unofficial viewing data, not legal title.", "as_of": "2026-09-20", "role": "focus", "color": "#e8b040"}}, {"type": "Feature", "geometry": {"type": "Polygon", "coordinates": [[[-94.2313, 48.8], [-94.2313, 48.8042], [-94.2375, 48.8042], [-94.2375, 48.8], [-94.2313, 48.8]]]}, "properties": {"company_id": "new-gold", "jurisdiction": "Ontario", "claim_id": "203410", "claim_name": null, "holder": "(100) NEW GOLD INC.", "status": "Active", "recorded_date": "2018-04-10", "anniversary_or_expiry": "2028-11-22", "area_ha": null, "tenure_type": "Single Cell Mining Claim", "source": "Ontario MLAS operational claims (OGSEarth / LIO MapServer). Unofficial viewing data, not legal title.", "as_of": "2026-09-20", "role": "focus", "color": "#e8b040"}}, {"type": "Feature", "geometry": {"type": "Polygon", "coordinates": [[[-94.3125, 48.775], [-94.3125, 48.7792], [-94.3188, 48.7792], [-94.3188, 48.775], [-94.3125, 48.775]]]}, "properties": {"company_id": "new-gold", "jurisdiction": "Ontario", "claim_id": "203419", "claim_name": null, "holder": "(100) NEW GOLD INC.", "status": "Active", "recorded_date": "2018-04-10", "anniversary_or_expiry": "2027-01-26", "area_ha": null, "tenure_type": "Single Cell Mining Claim", "source": "Ontario MLAS operational claims (OGSEarth / LIO MapServer). Unofficial viewing data, not legal title.", "as_of": "2026-09-20", "role": "focus", "color": "#e8b040"}}, {"type": "Feature", "geometry": {"type": "Polygon", "coordinates": [[[-94.3125, 48.7625], [-94.3125, 48.7667], [-94.3188, 48.7667], [-94.3188, 48.7625], [-94.3125, 48.7625]]]}, "properties": {"company_id": "new-gold", "jurisdiction": "Ontario", "claim_id": "203420", "claim_name": null, "holder": "(100) NEW GOLD INC.", "status": "Active", "recorded_date": "2018-04-10", "anniversary_or_expiry": "2027-01-26", "area_ha": null, "tenure_type": "Single Cell Mining Claim", "source": "Ontario MLAS operational claims (OGSEarth / LIO MapServer). Unofficial viewing data, not legal title.", "as_of": "2026-09-20", "role": "focus", "color": "#e8b040"}}, {"type": "Feature", "geometry": {"type": "Polygon", "coordinates": [[[-94.2438, 48.8], [-94.2438, 48.8042], [-94.25, 48.8042], [-94.25, 48.8], [-94.2438, 48.8]]]}, "properties": {"company_id": "new-gold", "jurisdiction": "Ontario", "claim_id": "204051", "claim_name": null, "holder": "(100) NEW GOLD INC.", "status": "Active", "recorded_date": "2018-04-10", "anniversary_or_expiry": "2028-11-22", "area_ha": null, "tenure_type": "Single Cell Mining Claim", "source": "Ontario MLAS operational claims (OGSEarth / LIO MapServer). Unofficial viewing data, not legal title.", "as_of": "2026-09-20", "role": "focus", "color": "#e8b040"}}, {"type": "Feature", "geometry": {"type": "Polygon", "coordinates": [[[-94.1188, 48.8583], [-94.1188, 48.8625], [-94.125, 48.8625], [-94.125, 48.8583], [-94.1188, 48.8583]]]}, "properties": {"company_id": "new-gold", "jurisdiction": "Ontario", "claim_id": "204064", "claim_name": null, "holder": "(100) NEW GOLD INC.", "status": "Active", "recorded_date": "2018-04-10", "anniversary_or_expiry": "2028-09-25", "area_ha": null, "tenure_type": "Single Cell Mining Claim", "source": "Ontario MLAS operational claims (OGSEarth / LIO MapServer). Unofficial viewing data, not legal title.", "as_of": "2026-09-20", "role": "focus", "color": "#e8b040"}}, {"type": "Feature", "geometry": {"type": "Polygon", "coordinates": [[[-93.8688, 48.8833], [-93.8688, 48.8875], [-93.875, 48.8875], [-93.875, 48.8833], [-93.8688, 48.8833]]]}, "properties": {"company_id": "new-gold", "jurisdiction": "Ontario", "claim_id": "204068", "claim_name": null, "holder": "(100) NEW GOLD INC.", "status": "Active", "recorded_date": "2018-04-10", "anniversary_or_expiry": "2028-04-19", "area_ha": null, "tenure_type": "Single Cell Mining Claim", "source": "Ontario MLAS operational claims (OGSEarth / LIO MapServer). Unofficial viewing data, not legal title.", "as_of": "2026-09-20", "role": "focus", "color": "#e8b040"}}, {"type": "Feature", "geometry": {"type": "Polygon", "coordinates": [[[-93.8688, 48.8792], [-93.8688, 48.8833], [-93.875, 48.8833], [-93.875, 48.8792], [-93.8688, 48.8792]]]}, "properties": {"company_id": "new-gold", "jurisdiction": "Ontario", "claim_id": "204069", "claim_name": null, "holder": "(100) NEW GOLD INC.", "status": "Active", "recorded_date": "2018-04-10", "anniversary_or_expiry": "2028-04-19", "area_ha": null, "tenure_type": "Single Cell Mining Claim", "source": "Ontario MLAS operational claims (OGSEarth / LIO MapServer). Unofficial viewing data, not legal title.", "as_of": "2026-09-20", "role": "focus", "color": "#e8b040"}}, {"type": "Feature", "geometry": {"type": "Polygon", "coordinates": [[[-93.8813, 48.8875], [-93.8813, 48.8917], [-93.8875, 48.8917], [-93.8875, 48.8875], [-93.8813, 48.8875]]]}, "properties": {"company_id": "new-gold", "jurisdiction": "Ontario", "claim_id": "204092", "claim_name": null, "holder": "(100) NEW GOLD INC.", "status": "Active", "recorded_date": "2018-04-10", "anniversary_or_expiry": "2027-01-28", "area_ha": null, "tenure_type": "Single Cell Mining Claim", "source": "Ontario MLAS operational claims (OGSEarth / LIO MapServer). Unofficial viewing data, not legal title.", "as_of": "2026-09-20", "role": "focus", "color": "#e8b040"}}, {"type": "Feature", "geometry": {"type": "Polygon", "coordinates": [[[-93.9813, 48.8875], [-93.9813, 48.8917], [-93.9875, 48.8917], [-93.9875, 48.8875], [-93.9813, 48.8875]]]}, "properties": {"company_id": "new-gold", "jurisdiction": "Ontario", "claim_id": "204136", "claim_name": null, "holder": "(100) NEW GOLD INC.", "status": "Active", "recorded_date": "2018-04-10", "anniversary_or_expiry": "2026-12-19", "area_ha": null, "tenure_type": "Single Cell Mining Claim", "source": "Ontario MLAS operational claims (OGSEarth / LIO MapServer). Unofficial viewing data, not legal title.", "as_of": "2026-09-20", "role": "focus", "color": "#e8b040"}}, {"type": "Feature", "geometry": {"type": "Polygon", "coordinates": [[[-93.9125, 48.875], [-93.9125, 48.8792], [-93.9188, 48.8792], [-93.9188, 48.875], [-93.9125, 48.875]]]}, "properties": {"company_id": "new-gold", "jurisdiction": "Ontario", "claim_id": "204138", "claim_name": null, "holder": "(100) NEW GOLD INC.", "status": "Active", "recorded_date": "2018-04-10", "anniversary_or_expiry": "2028-05-15", "area_ha": null, "tenure_type": "Single Cell Mining Claim", "source": "Ontario MLAS operational claims (OGSEarth / LIO MapServer). Unofficial viewing data, not legal title.", "as_of": "2026-09-20", "role": "focus", "color": "#e8b040"}}, {"type": "Feature", "geometry": {"type": "Polygon", "coordinates": [[[-93.9313, 51.0125], [-93.9313, 51.0167], [-93.9375, 51.0167], [-93.9375, 51.0125], [-93.9313, 51.0125]]]}, "properties": {"company_id": "new-gold", "jurisdiction": "Ontario", "claim_id": "205379", "claim_name": null, "holder": "(24.5) NEW GOLD INC., (24.5) TOMAGOLD CORPORATION CORPORATION TOMAGOLD, (51) Evolution Mining Gold Operations Ltd.", "status": "Active", "recorded_date": "2018-04-10", "anniversary_or_expiry": "2029-10-27", "area_ha": null, "tenure_type": "Single Cell Mining Claim", "source": "Ontario MLAS operational claims (OGSEarth / LIO MapServer). Unofficial viewing data, not legal title.", "as_of": "2026-09-20", "role": "focus", "color": "#e8b040"}}, {"type": "Feature", "geometry": {"type": "Polygon", "coordinates": [[[-93.8063, 48.95], [-93.8063, 48.9542], [-93.8125, 48.9542], [-93.8125, 48.95], [-93.8063, 48.95]]]}, "properties": {"company_id": "new-gold", "jurisdiction": "Ontario", "claim_id": "204882", "claim_name": null, "holder": "(100) NEW GOLD INC.", "status": "Active", "recorded_date": "2018-04-10", "anniversary_or_expiry": "2027-02-13", "area_ha": null, "tenure_type": "Boundary Cell Mining Claim", "source": "Ontario MLAS operational claims (OGSEarth / LIO MapServer). Unofficial viewing data, not legal title.", "as_of": "2026-09-20", "role": "focus", "color": "#e8b040"}}, {"type": "Feature", "geometry": {"type": "Polygon", "coordinates": [[[-93.8188, 48.95], [-93.8188, 48.9542], [-93.825, 48.9542], [-93.825, 48.95], [-93.8188, 48.95]]]}, "properties": {"company_id": "new-gold", "jurisdiction": "Ontario", "claim_id": "204883", "claim_name": null, "holder": "(100) NEW GOLD INC.", "status": "Active", "recorded_date": "2018-04-10", "anniversary_or_expiry": "2027-02-13", "area_ha": null, "tenure_type": "Boundary Cell Mining Claim", "source": "Ontario MLAS operational claims (OGSEarth / LIO MapServer). Unofficial viewing data, not legal title.", "as_of": "2026-09-20", "role": "focus", "color": "#e8b040"}}, {"type": "Feature", "geometry": {"type": "Polygon", "coordinates": [[[-93.8125, 48.9458], [-93.8125, 48.95], [-93.8188, 48.95], [-93.8188, 48.9458], [-93.8125, 48.9458]]]}, "properties": {"company_id": "new-gold", "jurisdiction": "Ontario", "claim_id": "204884", "claim_name": null, "holder": "(100) NEW GOLD INC.", "status": "Active", "recorded_date": "2018-04-10", "anniversary_or_expiry": "2027-02-13", "area_ha": null, "tenure_type": "Single Cell Mining Claim", "source": "Ontario MLAS operational claims (OGSEarth / LIO MapServer). Unofficial viewing data, not legal title.", "as_of": "2026-09-20", "role": "focus", "color": "#e8b040"}}, {"type": "Feature", "geometry": {"type": "Polygon", "coordinates": [[[-93.7813, 48.925], [-93.7813, 48.9292], [-93.7875, 48.9292], [-93.7875, 48.925], [-93.7813, 48.925]]]}, "properties": {"company_id": "new-gold", "jurisdiction": "Ontario", "claim_id": "204968", "claim_name": null, "holder": "(100) NEW GOLD INC.", "status": "Active", "recorded_date": "2018-04-10", "anniversary_or_expiry": "2027-02-13", "area_ha": null, "tenure_type": "Single Cell Mining Claim", "source": "Ontario MLAS operational claims (OGSEarth / LIO MapServer). Unofficial viewing data, not legal title.", "as_of": "2026-09-20", "role": "focus", "color": "#e8b040"}}, {"type": "Feature", "geometry": {"type": "Polygon", "coordinates": [[[-93.8, 48.925], [-93.8, 48.9292], [-93.8063, 48.9292], [-93.8063, 48.925], [-93.8, 48.925]]]}, "properties": {"company_id": "new-gold", "jurisdiction": "Ontario", "claim_id": "204969", "claim_name": null, "holder": "(100) NEW GOLD INC.", "status": "Active", "recorded_date": "2018-04-10", "anniversary_or_expiry": "2027-02-13", "area_ha": null, "tenure_type": "Single Cell Mining Claim", "source": "Ontario MLAS operational claims (OGSEarth / LIO MapServer). Unofficial viewing data, not legal title.", "as_of": "2026-09-20", "role": "focus", "color": "#e8b040"}}, {"type": "Feature", "geometry": {"type": "Polygon", "coordinates": [[[-93.8, 48.9208], [-93.8, 48.925], [-93.8063, 48.925], [-93.8063, 48.9208], [-93.8, 48.9208]]]}, "properties": {"company_id": "new-gold", "jurisdiction": "Ontario", "claim_id": "204970", "claim_name": null, "holder": "(100) NEW GOLD INC.", "status": "Active", "recorded_date": "2018-04-10", "anniversary_or_expiry": "2027-02-13", "area_ha": null, "tenure_type": "Single Cell Mining Claim", "source": "Ontario MLAS operational claims (OGSEarth / LIO MapServer). Unofficial viewing data, not legal title.", "as_of": "2026-09-20", "role": "focus", "color": "#e8b040"}}, {"type": "Feature", "geometry": {"type": "Polygon", "coordinates": [[[-93.8813, 48.9333], [-93.8813, 48.9375], [-93.8875, 48.9375], [-93.8875, 48.9333], [-93.8813, 48.9333]]]}, "properties": {"company_id": "new-gold", "jurisdiction": "Ontario", "claim_id": "205006", "claim_name": null, "holder": "(100) NEW GOLD INC.", "status": "Active", "recorded_date": "2018-04-10", "anniversary_or_expiry": "2027-01-28", "area_ha": null, "tenure_type": "Single Cell Mining Claim", "source": "Ontario MLAS operational claims (OGSEarth / LIO MapServer). Unofficial viewing data, not legal title.", "as_of": "2026-09-20", "role": "focus", "color": "#e8b040"}}, {"type": "Feature", "geometry": {"type": "Polygon", "coordinates": [[[-93.875, 48.9292], [-93.875, 48.9333], [-93.8813, 48.9333], [-93.8813, 48.9292], [-93.875, 48.9292]]]}, "properties": {"company_id": "new-gold", "jurisdiction": "Ontario", "claim_id": "205007", "claim_name": null, "holder": "(100) NEW GOLD INC.", "status": "Active", "recorded_date": "2018-04-10", "anniversary_or_expiry": "2027-01-28", "area_ha": null, "tenure_type": "Single Cell Mining Claim", "source": "Ontario MLAS operational claims (OGSEarth / LIO MapServer). Unofficial viewing data, not legal title.", "as_of": "2026-09-20", "role": "focus", "color": "#e8b040"}}, {"type": "Feature", "geometry": {"type": "Polygon", "coordinates": [[[-93.8875, 48.9292], [-93.8875, 48.9333], [-93.8938, 48.9333], [-93.8938, 48.9292], [-93.8875, 48.9292]]]}, "properties": {"company_id": "new-gold", "jurisdiction": "Ontario", "claim_id": "205008", "claim_name": null, "holder": "(100) NEW GOLD INC.", "status": "Active", "recorded_date": "2018-04-10", "anniversary_or_expiry": "2027-01-28", "area_ha": null, "tenure_type": "Single Cell Mining Claim", "source": "Ontario MLAS operational claims (OGSEarth / LIO MapServer). Unofficial viewing data, not legal title.", "as_of": "2026-09-20", "role": "focus", "color": "#e8b040"}}, {"type": "Feature", "geometry": {"type": "Polygon", "coordinates": [[[-93.9188, 48.9333], [-93.9188, 48.9375], [-93.925, 48.9375], [-93.925, 48.9333], [-93.9188, 48.9333]]]}, "properties": {"company_id": "new-gold", "jurisdiction": "Ontario", "claim_id": "205583", "claim_name": null, "holder": "(100) NEW GOLD INC.", "status": "Active", "recorded_date": "2018-04-10", "anniversary_or_expiry": "2028-10-26", "area_ha": null, "tenure_type": "Single Cell Mining Claim", "source": "Ontario MLAS operational claims (OGSEarth / LIO MapServer). Unofficial viewing data, not legal title.", "as_of": "2026-09-20", "role": "focus", "color": "#e8b040"}}, {"type": "Feature", "geometry": {"type": "Polygon", "coordinates": [[[-93.8938, 48.9458], [-93.8938, 48.95], [-93.9, 48.95], [-93.9, 48.9458], [-93.8938, 48.9458]]]}, "properties": {"company_id": "new-gold", "jurisdiction": "Ontario", "claim_id": "205627", "claim_name": null, "holder": "(100) NEW GOLD INC.", "status": "Active", "recorded_date": "2018-04-10", "anniversary_or_expiry": "2028-10-26", "area_ha": null, "tenure_type": "Single Cell Mining Claim", "source": "Ontario MLAS operational claims (OGSEarth / LIO MapServer). Unofficial viewing data, not legal title.", "as_of": "2026-09-20", "role": "focus", "color": "#e8b040"}}, {"type": "Feature", "geometry": {"type": "Polygon", "coordinates": [[[-93.9063, 48.9458], [-93.9063, 48.95], [-93.9125, 48.95], [-93.9125, 48.9458], [-93.9063, 48.9458]]]}, "properties": {"company_id": "new-gold", "jurisdiction": "Ontario", "claim_id": "205628", "claim_name": null, "holder": "(100) NEW GOLD INC.", "status": "Active", "recorded_date": "2018-04-10", "anniversary_or_expiry": "2028-10-26", "area_ha": null, "tenure_type": "Single Cell Mining Claim", "source": "Ontario MLAS operational claims (OGSEarth / LIO MapServer). Unofficial viewing data, not legal title.", "as_of": "2026-09-20", "role": "focus", "color": "#e8b040"}}, {"type": "Feature", "geometry": {"type": "Polygon", "coordinates": [[[-94.1125, 48.8167], [-94.1125, 48.8208], [-94.1188, 48.8208], [-94.1188, 48.8167], [-94.1125, 48.8167]]]}, "properties": {"company_id": "new-gold", "jurisdiction": "Ontario", "claim_id": "205708", "claim_name": null, "holder": "(100) NEW GOLD INC.", "status": "Active", "recorded_date": "2018-04-10", "anniversary_or_expiry": "2028-11-27", "area_ha": null, "tenure_type": "Single Cell Mining Claim", "source": "Ontario MLAS operational claims (OGSEarth / LIO MapServer). Unofficial viewing data, not legal title.", "as_of": "2026-09-20", "role": "focus", "color": "#e8b040"}}, {"type": "Feature", "geometry": {"type": "Polygon", "coordinates": [[[-93.7875, 48.9833], [-93.7875, 48.9875], [-93.7938, 48.9875], [-93.7938, 48.9833], [-93.7875, 48.9833]]]}, "properties": {"company_id": "new-gold", "jurisdiction": "Ontario", "claim_id": "206907", "claim_name": null, "holder": "(100) NEW GOLD INC.", "status": "Active", "recorded_date": "2018-04-10", "anniversary_or_expiry": "2028-05-25", "area_ha": null, "tenure_type": "Single Cell Mining Claim", "source": "Ontario MLAS operational claims (OGSEarth / LIO MapServer). Unofficial viewing data, not legal title.", "as_of": "2026-09-20", "role": "focus", "color": "#e8b040"}}, {"type": "Feature", "geometry": {"type": "Polygon", "coordinates": [[[-93.8, 48.95], [-93.8, 48.9542], [-93.8063, 48.9542], [-93.8063, 48.95], [-93.8, 48.95]]]}, "properties": {"company_id": "new-gold", "jurisdiction": "Ontario", "claim_id": "206367", "claim_name": null, "holder": "(100) NEW GOLD INC.", "status": "Active", "recorded_date": "2018-04-10", "anniversary_or_expiry": "2027-02-13", "area_ha": null, "tenure_type": "Boundary Cell Mining Claim", "source": "Ontario MLAS operational claims (OGSEarth / LIO MapServer). Unofficial viewing data, not legal title.", "as_of": "2026-09-20", "role": "focus", "color": "#e8b040"}}, {"type": "Feature", "geometry": {"type": "Polygon", "coordinates": [[[-93.8, 48.9417], [-93.8, 48.9458], [-93.8063, 48.9458], [-93.8063, 48.9417], [-93.8, 48.9417]]]}, "properties": {"company_id": "new-gold", "jurisdiction": "Ontario", "claim_id": "206368", "claim_name": null, "holder": "(100) NEW GOLD INC.", "status": "Active", "recorded_date": "2018-04-10", "anniversary_or_expiry": "2027-02-13", "area_ha": null, "tenure_type": "Single Cell Mining Claim", "source": "Ontario MLAS operational claims (OGSEarth / LIO MapServer). Unofficial viewing data, not legal title.", "as_of": "2026-09-20", "role": "focus", "color": "#e8b040"}}, {"type": "Feature", "geometry": {"type": "Polygon", "coordinates": [[[-94.1563, 48.8542], [-94.1563, 48.8583], [-94.1625, 48.8583], [-94.1625, 48.8542], [-94.1563, 48.8542]]]}, "properties": {"company_id": "new-gold", "jurisdiction": "Ontario", "claim_id": "206991", "claim_name": null, "holder": "(100) NEW GOLD INC.", "status": "Active", "recorded_date": "2018-04-10", "anniversary_or_expiry": "2028-10-13", "area_ha": null, "tenure_type": "Single Cell Mining Claim", "source": "Ontario MLAS operational claims (OGSEarth / LIO MapServer). Unofficial viewing data, not legal title.", "as_of": "2026-09-20", "role": "focus", "color": "#e8b040"}}, {"type": "Feature", "geometry": {"type": "Polygon", "coordinates": [[[-93.8375, 48.9542], [-93.8375, 48.9583], [-93.8438, 48.9583], [-93.8438, 48.9542], [-93.8375, 48.9542]]]}, "properties": {"company_id": "new-gold", "jurisdiction": "Ontario", "claim_id": "207632", "claim_name": null, "holder": "(100) NEW GOLD INC.", "status": "Active", "recorded_date": "2018-04-10", "anniversary_or_expiry": "2028-06-02", "area_ha": null, "tenure_type": "Single Cell Mining Claim", "source": "Ontario MLAS operational claims (OGSEarth / LIO MapServer). Unofficial viewing data, not legal title.", "as_of": "2026-09-20", "role": "focus", "color": "#e8b040"}}, {"type": "Feature", "geometry": {"type": "Polygon", "coordinates": [[[-93.725, 48.9917], [-93.725, 48.9958], [-93.7313, 48.9958], [-93.7313, 48.9917], [-93.725, 48.9917]]]}, "properties": {"company_id": "new-gold", "jurisdiction": "Ontario", "claim_id": "207633", "claim_name": null, "holder": "(100) NEW GOLD INC.", "status": "Active", "recorded_date": "2018-04-10", "anniversary_or_expiry": "2028-07-11", "area_ha": null, "tenure_type": "Single Cell Mining Claim", "source": "Ontario MLAS operational claims (OGSEarth / LIO MapServer). Unofficial viewing data, not legal title.", "as_of": "2026-09-20", "role": "focus", "color": "#e8b040"}}, {"type": "Feature", "geometry": {"type": "Polygon", "coordinates": [[[-93.7313, 48.9792], [-93.7313, 48.9833], [-93.7375, 48.9833], [-93.7375, 48.9792], [-93.7313, 48.9792]]]}, "properties": {"company_id": "new-gold", "jurisdiction": "Ontario", "claim_id": "207634", "claim_name": null, "holder": "(100) NEW GOLD INC.", "status": "Active", "recorded_date": "2018-04-10", "anniversary_or_expiry": "2028-07-11", "area_ha": null, "tenure_type": "Single Cell Mining Claim", "source": "Ontario MLAS operational claims (OGSEarth / LIO MapServer). Unofficial viewing data, not legal title.", "as_of": "2026-09-20", "role": "focus", "color": "#e8b040"}}, {"type": "Feature", "geometry": {"type": "Polygon", "coordinates": [[[-93.7875, 48.9708], [-93.7875, 48.975], [-93.7938, 48.975], [-93.7938, 48.9708], [-93.7875, 48.9708]]]}, "properties": {"company_id": "new-gold", "jurisdiction": "Ontario", "claim_id": "207635", "claim_name": null, "holder": "(100) NEW GOLD INC.", "status": "Active", "recorded_date": "2018-04-10", "anniversary_or_expiry": "2028-06-02", "area_ha": null, "tenure_type": "Single Cell Mining Claim", "source": "Ontario MLAS operational claims (OGSEarth / LIO MapServer). Unofficial viewing data, not legal title.", "as_of": "2026-09-20", "role": "focus", "color": "#e8b040"}}, {"type": "Feature", "geometry": {"type": "Polygon", "coordinates": [[[-93.7938, 48.9042], [-93.7938, 48.9083], [-93.8, 48.9083], [-93.8, 48.9042], [-93.7938, 48.9042]]]}, "properties": {"company_id": "new-gold", "jurisdiction": "Ontario", "claim_id": "207636", "claim_name": null, "holder": "(100) NEW GOLD INC.", "status": "Active", "recorded_date": "2018-04-10", "anniversary_or_expiry": "2028-05-04", "area_ha": null, "tenure_type": "Single Cell Mining Claim", "source": "Ontario MLAS operational claims (OGSEarth / LIO MapServer). Unofficial viewing data, not legal title.", "as_of": "2026-09-20", "role": "focus", "color": "#e8b040"}}, {"type": "Feature", "geometry": {"type": "Polygon", "coordinates": [[[-93.8063, 48.9042], [-93.8063, 48.9083], [-93.8125, 48.9083], [-93.8125, 48.9042], [-93.8063, 48.9042]]]}, "properties": {"company_id": "new-gold", "jurisdiction": "Ontario", "claim_id": "207637", "claim_name": null, "holder": "(100) NEW GOLD INC.", "status": "Active", "recorded_date": "2018-04-10", "anniversary_or_expiry": "2028-05-04", "area_ha": null, "tenure_type": "Boundary Cell Mining Claim", "source": "Ontario MLAS operational claims (OGSEarth / LIO MapServer). Unofficial viewing data, not legal title.", "as_of": "2026-09-20", "role": "focus", "color": "#e8b040"}}, {"type": "Feature", "geometry": {"type": "Polygon", "coordinates": [[[-93.8625, 48.9792], [-93.8625, 48.9833], [-93.8688, 48.9833], [-93.8688, 48.9792], [-93.8625, 48.9792]]]}, "properties": {"company_id": "new-gold", "jurisdiction": "Ontario", "claim_id": "207661", "claim_name": null, "holder": "(100) NEW GOLD INC.", "status": "Active", "recorded_date": "2018-04-10", "anniversary_or_expiry": "2028-05-08", "area_ha": null, "tenure_type": "Boundary Cell Mining Claim", "source": "Ontario MLAS operational claims (OGSEarth / LIO MapServer). Unofficial viewing data, not legal title.", "as_of": "2026-09-20", "role": "focus", "color": "#e8b040"}}, {"type": "Feature", "geometry": {"type": "Polygon", "coordinates": [[[-93.9813, 48.7875], [-93.9813, 48.7917], [-93.9875, 48.7917], [-93.9875, 48.7875], [-93.9813, 48.7875]]]}, "properties": {"company_id": "new-gold", "jurisdiction": "Ontario", "claim_id": "207698", "claim_name": null, "holder": "(100) NEW GOLD INC.", "status": "Active", "recorded_date": "2018-04-10", "anniversary_or_expiry": "2027-01-11", "area_ha": null, "tenure_type": "Single Cell Mining Claim", "source": "Ontario MLAS operational claims (OGSEarth / LIO MapServer). Unofficial viewing data, not legal title.", "as_of": "2026-09-20", "role": "focus", "color": "#e8b040"}}, {"type": "Feature", "geometry": {"type": "Polygon", "coordinates": [[[-93.9875, 48.7833], [-93.9875, 48.7875], [-93.9938, 48.7875], [-93.9938, 48.7833], [-93.9875, 48.7833]]]}, "properties": {"company_id": "new-gold", "jurisdiction": "Ontario", "claim_id": "207699", "claim_name": null, "holder": "(100) NEW GOLD INC.", "status": "Active", "recorded_date": "2018-04-10", "anniversary_or_expiry": "2027-01-11", "area_ha": null, "tenure_type": "Single Cell Mining Claim", "source": "Ontario MLAS operational claims (OGSEarth / LIO MapServer). Unofficial viewing data, not legal title.", "as_of": "2026-09-20", "role": "focus", "color": "#e8b040"}}, {"type": "Feature", "geometry": {"type": "Polygon", "coordinates": [[[-93.8, 48.9667], [-93.8, 48.9708], [-93.8063, 48.9708], [-93.8063, 48.9667], [-93.8, 48.9667]]]}, "properties": {"company_id": "new-gold", "jurisdiction": "Ontario", "claim_id": "207723", "claim_name": null, "holder": "(100) NEW GOLD INC.", "status": "Active", "recorded_date": "2018-04-10", "anniversary_or_expiry": "2028-06-02", "area_ha": null, "tenure_type": "Single Cell Mining Claim", "source": "Ontario MLAS operational claims (OGSEarth / LIO MapServer). Unofficial viewing data, not legal title.", "as_of": "2026-09-20", "role": "focus", "color": "#e8b040"}}, {"type": "Feature", "geometry": {"type": "Polygon", "coordinates": [[[-93.8, 48.9583], [-93.8, 48.9625], [-93.8063, 48.9625], [-93.8063, 48.9583], [-93.8, 48.9583]]]}, "properties": {"company_id": "new-gold", "jurisdiction": "Ontario", "claim_id": "207724", "claim_name": null, "holder": "(100) NEW GOLD INC.", "status": "Active", "recorded_date": "2018-04-10", "anniversary_or_expiry": "2028-06-02", "area_ha": null, "tenure_type": "Single Cell Mining Claim", "source": "Ontario MLAS operational claims (OGSEarth / LIO MapServer). Unofficial viewing data, not legal title.", "as_of": "2026-09-20", "role": "focus", "color": "#e8b040"}}, {"type": "Feature", "geometry": {"type": "Polygon", "coordinates": [[[-93.7938, 48.9542], [-93.7938, 48.9583], [-93.8, 48.9583], [-93.8, 48.9542], [-93.7938, 48.9542]]]}, "properties": {"company_id": "new-gold", "jurisdiction": "Ontario", "claim_id": "207725", "claim_name": null, "holder": "(100) NEW GOLD INC.", "status": "Active", "recorded_date": "2018-04-10", "anniversary_or_expiry": "2028-06-02", "area_ha": null, "tenure_type": "Single Cell Mining Claim", "source": "Ontario MLAS operational claims (OGSEarth / LIO MapServer). Unofficial viewing data, not legal title.", "as_of": "2026-09-20", "role": "focus", "color": "#e8b040"}}, {"type": "Feature", "geometry": {"type": "Polygon", "coordinates": [[[-93.7938, 48.95], [-93.7938, 48.9542], [-93.8, 48.9542], [-93.8, 48.95], [-93.7938, 48.95]]]}, "properties": {"company_id": "new-gold", "jurisdiction": "Ontario", "claim_id": "207726", "claim_name": null, "holder": "(100) NEW GOLD INC.", "status": "Active", "recorded_date": "2018-04-10", "anniversary_or_expiry": "2028-06-02", "area_ha": null, "tenure_type": "Boundary Cell Mining Claim", "source": "Ontario MLAS operational claims (OGSEarth / LIO MapServer). Unofficial viewing data, not legal title.", "as_of": "2026-09-20", "role": "focus", "color": "#e8b040"}}, {"type": "Feature", "geometry": {"type": "Polygon", "coordinates": [[[-94.2938, 48.7625], [-94.2938, 48.7667], [-94.3, 48.7667], [-94.3, 48.7625], [-94.2938, 48.7625]]]}, "properties": {"company_id": "new-gold", "jurisdiction": "Ontario", "claim_id": "206230", "claim_name": null, "holder": "(100) NEW GOLD INC.", "status": "Active", "recorded_date": "2018-04-10", "anniversary_or_expiry": "2027-01-26", "area_ha": null, "tenure_type": "Single Cell Mining Claim", "source": "Ontario MLAS operational claims (OGSEarth / LIO MapServer). Unofficial viewing data, not legal title.", "as_of": "2026-09-20", "role": "focus", "color": "#e8b040"}}, {"type": "Feature", "geometry": {"type": "Polygon", "coordinates": [[[-94.275, 48.7958], [-94.275, 48.8], [-94.2813, 48.8], [-94.2813, 48.7958], [-94.275, 48.7958]]]}, "properties": {"company_id": "new-gold", "jurisdiction": "Ontario", "claim_id": "208823", "claim_name": null, "holder": "(100) NEW GOLD INC.", "status": "Active", "recorded_date": "2018-04-10", "anniversary_or_expiry": "2026-12-02", "area_ha": null, "tenure_type": "Single Cell Mining Claim", "source": "Ontario MLAS operational claims (OGSEarth / LIO MapServer). Unofficial viewing data, not legal title.", "as_of": "2026-09-20", "role": "focus", "color": "#e8b040"}}, {"type": "Feature", "geometry": {"type": "Polygon", "coordinates": [[[-94.175, 48.8167], [-94.175, 48.8208], [-94.1813, 48.8208], [-94.1813, 48.8167], [-94.175, 48.8167]]]}, "properties": {"company_id": "new-gold", "jurisdiction": "Ontario", "claim_id": "209412", "claim_name": null, "holder": "(100) NEW GOLD INC.", "status": "Active", "recorded_date": "2018-04-10", "anniversary_or_expiry": "2027-03-03", "area_ha": null, "tenure_type": "Single Cell Mining Claim", "source": "Ontario MLAS operational claims (OGSEarth / LIO MapServer). Unofficial viewing data, not legal title.", "as_of": "2026-09-20", "role": "focus", "color": "#e8b040"}}, {"type": "Feature", "geometry": {"type": "Polygon", "coordinates": [[[-93.8125, 48.9792], [-93.8125, 48.9833], [-93.8188, 48.9833], [-93.8188, 48.9792], [-93.8125, 48.9792]]]}, "properties": {"company_id": "new-gold", "jurisdiction": "Ontario", "claim_id": "208263", "claim_name": null, "holder": "(100) NEW GOLD INC.", "status": "Active", "recorded_date": "2018-04-10", "anniversary_or_expiry": "2028-06-02", "area_ha": null, "tenure_type": "Single Cell Mining Claim", "source": "Ontario MLAS operational claims (OGSEarth / LIO MapServer). Unofficial viewing data, not legal title.", "as_of": "2026-09-20", "role": "focus", "color": "#e8b040"}}, {"type": "Feature", "geometry": {"type": "Polygon", "coordinates": [[[-93.8188, 48.9875], [-93.8188, 48.9917], [-93.825, 48.9917], [-93.825, 48.9875], [-93.8188, 48.9875]]]}, "properties": {"company_id": "new-gold", "jurisdiction": "Ontario", "claim_id": "208264", "claim_name": null, "holder": "(100) NEW GOLD INC.", "status": "Active", "recorded_date": "2018-04-10", "anniversary_or_expiry": "2028-05-25", "area_ha": null, "tenure_type": "Single Cell Mining Claim", "source": "Ontario MLAS operational claims (OGSEarth / LIO MapServer). Unofficial viewing data, not legal title.", "as_of": "2026-09-20", "role": "focus", "color": "#e8b040"}}, {"type": "Feature", "geometry": {"type": "Polygon", "coordinates": [[[-93.825, 48.9708], [-93.825, 48.975], [-93.8313, 48.975], [-93.8313, 48.9708], [-93.825, 48.9708]]]}, "properties": {"company_id": "new-gold", "jurisdiction": "Ontario", "claim_id": "208265", "claim_name": null, "holder": "(100) NEW GOLD INC.", "status": "Active", "recorded_date": "2018-04-10", "anniversary_or_expiry": "2028-06-02", "area_ha": null, "tenure_type": "Single Cell Mining Claim", "source": "Ontario MLAS operational claims (OGSEarth / LIO MapServer). Unofficial viewing data, not legal title.", "as_of": "2026-09-20", "role": "focus", "color": "#e8b040"}}, {"type": "Feature", "geometry": {"type": "Polygon", "coordinates": [[[-93.8125, 48.9667], [-93.8125, 48.9708], [-93.8188, 48.9708], [-93.8188, 48.9667], [-93.8125, 48.9667]]]}, "properties": {"company_id": "new-gold", "jurisdiction": "Ontario", "claim_id": "208266", "claim_name": null, "holder": "(100) NEW GOLD INC.", "status": "Active", "recorded_date": "2018-04-10", "anniversary_or_expiry": "2028-06-02", "area_ha": null, "tenure_type": "Single Cell Mining Claim", "source": "Ontario MLAS operational claims (OGSEarth / LIO MapServer). Unofficial viewing data, not legal title.", "as_of": "2026-09-20", "role": "focus", "color": "#e8b040"}}, {"type": "Feature", "geometry": {"type": "Polygon", "coordinates": [[[-93.75, 48.9917], [-93.75, 48.9958], [-93.7563, 48.9958], [-93.7563, 48.9917], [-93.75, 48.9917]]]}, "properties": {"company_id": "new-gold", "jurisdiction": "Ontario", "claim_id": "208267", "claim_name": null, "holder": "(100) NEW GOLD INC.", "status": "Active", "recorded_date": "2018-04-10", "anniversary_or_expiry": "2028-07-11", "area_ha": null, "tenure_type": "Single Cell Mining Claim", "source": "Ontario MLAS operational claims (OGSEarth / LIO MapServer). Unofficial viewing data, not legal title.", "as_of": "2026-09-20", "role": "focus", "color": "#e8b040"}}, {"type": "Feature", "geometry": {"type": "Polygon", "coordinates": [[[-93.75, 48.9875], [-93.75, 48.9917], [-93.7563, 48.9917], [-93.7563, 48.9875], [-93.75, 48.9875]]]}, "properties": {"company_id": "new-gold", "jurisdiction": "Ontario", "claim_id": "208268", "claim_name": null, "holder": "(100) NEW GOLD INC.", "status": "Active", "recorded_date": "2018-04-10", "anniversary_or_expiry": "2028-07-11", "area_ha": null, "tenure_type": "Single Cell Mining Claim", "source": "Ontario MLAS operational claims (OGSEarth / LIO MapServer). Unofficial viewing data, not legal title.", "as_of": "2026-09-20", "role": "focus", "color": "#e8b040"}}, {"type": "Feature", "geometry": {"type": "Polygon", "coordinates": [[[-93.7438, 48.9792], [-93.7438, 48.9833], [-93.75, 48.9833], [-93.75, 48.9792], [-93.7438, 48.9792]]]}, "properties": {"company_id": "new-gold", "jurisdiction": "Ontario", "claim_id": "208269", "claim_name": null, "holder": "(100) NEW GOLD INC.", "status": "Active", "recorded_date": "2018-04-10", "anniversary_or_expiry": "2028-07-11", "area_ha": null, "tenure_type": "Single Cell Mining Claim", "source": "Ontario MLAS operational claims (OGSEarth / LIO MapServer). Unofficial viewing data, not legal title.", "as_of": "2026-09-20", "role": "focus", "color": "#e8b040"}}, {"type": "Feature", "geometry": {"type": "Polygon", "coordinates": [[[-93.7313, 49.025], [-93.7313, 49.0292], [-93.7375, 49.0292], [-93.7375, 49.025], [-93.7313, 49.025]]]}, "properties": {"company_id": "new-gold", "jurisdiction": "Ontario", "claim_id": "208326", "claim_name": null, "holder": "(100) NEW GOLD INC.", "status": "Active", "recorded_date": "2018-04-10", "anniversary_or_expiry": "2028-07-11", "area_ha": null, "tenure_type": "Single Cell Mining Claim", "source": "Ontario MLAS operational claims (OGSEarth / LIO MapServer). Unofficial viewing data, not legal title.", "as_of": "2026-09-20", "role": "focus", "color": "#e8b040"}}, {"type": "Feature", "geometry": {"type": "Polygon", "coordinates": [[[-93.725, 49.0167], [-93.725, 49.0208], [-93.7313, 49.0208], [-93.7313, 49.0167], [-93.725, 49.0167]]]}, "properties": {"company_id": "new-gold", "jurisdiction": "Ontario", "claim_id": "208327", "claim_name": null, "holder": "(100) NEW GOLD INC.", "status": "Active", "recorded_date": "2018-04-10", "anniversary_or_expiry": "2028-07-11", "area_ha": null, "tenure_type": "Single Cell Mining Claim", "source": "Ontario MLAS operational claims (OGSEarth / LIO MapServer). Unofficial viewing data, not legal title.", "as_of": "2026-09-20", "role": "focus", "color": "#e8b040"}}, {"type": "Feature", "geometry": {"type": "Polygon", "coordinates": [[[-93.725, 49.0125], [-93.725, 49.0167], [-93.7313, 49.0167], [-93.7313, 49.0125], [-93.725, 49.0125]]]}, "properties": {"company_id": "new-gold", "jurisdiction": "Ontario", "claim_id": "208328", "claim_name": null, "holder": "(100) NEW GOLD INC.", "status": "Active", "recorded_date": "2018-04-10", "anniversary_or_expiry": "2028-07-11", "area_ha": null, "tenure_type": "Single Cell Mining Claim", "source": "Ontario MLAS operational claims (OGSEarth / LIO MapServer). Unofficial viewing data, not legal title.", "as_of": "2026-09-20", "role": "focus", "color": "#e8b040"}}, {"type": "Feature", "geometry": {"type": "Polygon", "coordinates": [[[-93.8188, 48.8792], [-93.8188, 48.8833], [-93.825, 48.8833], [-93.825, 48.8792], [-93.8188, 48.8792]]]}, "properties": {"company_id": "new-gold", "jurisdiction": "Ontario", "claim_id": "208343", "claim_name": null, "holder": "(100) NEW GOLD INC.", "status": "Active", "recorded_date": "2018-04-10", "anniversary_or_expiry": "2028-05-04", "area_ha": null, "tenure_type": "Single Cell Mining Claim", "source": "Ontario MLAS operational claims (OGSEarth / LIO MapServer). Unofficial viewing data, not legal title.", "as_of": "2026-09-20", "role": "focus", "color": "#e8b040"}}, {"type": "Feature", "geometry": {"type": "Polygon", "coordinates": [[[-93.7688, 48.9958], [-93.7688, 49.0], [-93.775, 49.0], [-93.775, 48.9958], [-93.7688, 48.9958]]]}, "properties": {"company_id": "new-gold", "jurisdiction": "Ontario", "claim_id": "208924", "claim_name": null, "holder": "(100) NEW GOLD INC.", "status": "Active", "recorded_date": "2018-04-10", "anniversary_or_expiry": "2028-05-25", "area_ha": null, "tenure_type": "Single Cell Mining Claim", "source": "Ontario MLAS operational claims (OGSEarth / LIO MapServer). Unofficial viewing data, not legal title.", "as_of": "2026-09-20", "role": "focus", "color": "#e8b040"}}, {"type": "Feature", "geometry": {"type": "Polygon", "coordinates": [[[-93.7813, 48.9583], [-93.7813, 48.9625], [-93.7875, 48.9625], [-93.7875, 48.9583], [-93.7813, 48.9583]]]}, "properties": {"company_id": "new-gold", "jurisdiction": "Ontario", "claim_id": "208940", "claim_name": null, "holder": "(100) NEW GOLD INC.", "status": "Active", "recorded_date": "2018-04-10", "anniversary_or_expiry": "2028-06-02", "area_ha": null, "tenure_type": "Single Cell Mining Claim", "source": "Ontario MLAS operational claims (OGSEarth / LIO MapServer). Unofficial viewing data, not legal title.", "as_of": "2026-09-20", "role": "focus", "color": "#e8b040"}}, {"type": "Feature", "geometry": {"type": "Polygon", "coordinates": [[[-93.7938, 48.9917], [-93.7938, 48.9958], [-93.8, 48.9958], [-93.8, 48.9917], [-93.7938, 48.9917]]]}, "properties": {"company_id": "new-gold", "jurisdiction": "Ontario", "claim_id": "208397", "claim_name": null, "holder": "(100) NEW GOLD INC.", "status": "Active", "recorded_date": "2018-04-10", "anniversary_or_expiry": "2028-05-25", "area_ha": null, "tenure_type": "Single Cell Mining Claim", "source": "Ontario MLAS operational claims (OGSEarth / LIO MapServer). Unofficial viewing data, not legal title.", "as_of": "2026-09-20", "role": "focus", "color": "#e8b040"}}, {"type": "Feature", "geometry": {"type": "Polygon", "coordinates": [[[-93.8188, 48.8917], [-93.8188, 48.8958], [-93.825, 48.8958], [-93.825, 48.8917], [-93.8188, 48.8917]]]}, "properties": {"company_id": "new-gold", "jurisdiction": "Ontario", "claim_id": "209063", "claim_name": null, "holder": "(100) NEW GOLD INC.", "status": "Active", "recorded_date": "2018-04-10", "anniversary_or_expiry": "2027-01-28", "area_ha": null, "tenure_type": "Single Cell Mining Claim", "source": "Ontario MLAS operational claims (OGSEarth / LIO MapServer). Unofficial viewing data, not legal title.", "as_of": "2026-09-20", "role": "focus", "color": "#e8b040"}}, {"type": "Feature", "geometry": {"type": "Polygon", "coordinates": [[[-94.3188, 48.7792], [-94.3188, 48.7833], [-94.325, 48.7833], [-94.325, 48.7792], [-94.3188, 48.7792]]]}, "properties": {"company_id": "new-gold", "jurisdiction": "Ontario", "claim_id": "211499", "claim_name": null, "holder": "(100) NEW GOLD INC.", "status": "Active", "recorded_date": "2018-04-10", "anniversary_or_expiry": "2027-01-26", "area_ha": null, "tenure_type": "Single Cell Mining Claim", "source": "Ontario MLAS operational claims (OGSEarth / LIO MapServer). Unofficial viewing data, not legal title.", "as_of": "2026-09-20", "role": "focus", "color": "#e8b040"}}, {"type": "Feature", "geometry": {"type": "Polygon", "coordinates": [[[-93.8563, 48.9083], [-93.8563, 48.9125], [-93.8625, 48.9125], [-93.8625, 48.9083], [-93.8563, 48.9083]]]}, "properties": {"company_id": "new-gold", "jurisdiction": "Ontario", "claim_id": "211513", "claim_name": null, "holder": "(100) NEW GOLD INC.", "status": "Active", "recorded_date": "2018-04-10", "anniversary_or_expiry": "2027-03-01", "area_ha": null, "tenure_type": "Single Cell Mining Claim", "source": "Ontario MLAS operational claims (OGSEarth / LIO MapServer). Unofficial viewing data, not legal title.", "as_of": "2026-09-20", "role": "focus", "color": "#e8b040"}}, {"type": "Feature", "geometry": {"type": "Polygon", "coordinates": [[[-93.85, 48.8875], [-93.85, 48.8917], [-93.8563, 48.8917], [-93.8563, 48.8875], [-93.85, 48.8875]]]}, "properties": {"company_id": "new-gold", "jurisdiction": "Ontario", "claim_id": "212121", "claim_name": null, "holder": "(100) NEW GOLD INC.", "status": "Active", "recorded_date": "2018-04-10", "anniversary_or_expiry": "2028-05-16", "area_ha": null, "tenure_type": "Single Cell Mining Claim", "source": "Ontario MLAS operational claims (OGSEarth / LIO MapServer). Unofficial viewing data, not legal title.", "as_of": "2026-09-20", "role": "focus", "color": "#e8b040"}}, {"type": "Feature", "geometry": {"type": "Polygon", "coordinates": [[[-94.1188, 48.8292], [-94.1188, 48.8333], [-94.125, 48.8333], [-94.125, 48.8292], [-94.1188, 48.8292]]]}, "properties": {"company_id": "new-gold", "jurisdiction": "Ontario", "claim_id": "212147", "claim_name": null, "holder": "(100) NEW GOLD INC.", "status": "Active", "recorded_date": "2018-04-10", "anniversary_or_expiry": "2028-11-27", "area_ha": null, "tenure_type": "Single Cell Mining Claim", "source": "Ontario MLAS operational claims (OGSEarth / LIO MapServer). Unofficial viewing data, not legal title.", "as_of": "2026-09-20", "role": "focus", "color": "#e8b040"}}, {"type": "Feature", "geometry": {"type": "Polygon", "coordinates": [[[-94.2563, 48.7917], [-94.2563, 48.7958], [-94.2625, 48.7958], [-94.2625, 48.7917], [-94.2563, 48.7917]]]}, "properties": {"company_id": "new-gold", "jurisdiction": "Ontario", "claim_id": "212757", "claim_name": null, "holder": "(100) NEW GOLD INC.", "status": "Active", "recorded_date": "2018-04-10", "anniversary_or_expiry": "2028-11-22", "area_ha": null, "tenure_type": "Single Cell Mining Claim", "source": "Ontario MLAS operational claims (OGSEarth / LIO MapServer). Unofficial viewing data, not legal title.", "as_of": "2026-09-20", "role": "focus", "color": "#e8b040"}}, {"type": "Feature", "geometry": {"type": "Polygon", "coordinates": [[[-94.1563, 48.8167], [-94.1563, 48.8208], [-94.1625, 48.8208], [-94.1625, 48.8167], [-94.1563, 48.8167]]]}, "properties": {"company_id": "new-gold", "jurisdiction": "Ontario", "claim_id": "212758", "claim_name": null, "holder": "(100) NEW GOLD INC.", "status": "Active", "recorded_date": "2018-04-10", "anniversary_or_expiry": "2027-03-03", "area_ha": null, "tenure_type": "Single Cell Mining Claim", "source": "Ontario MLAS operational claims (OGSEarth / LIO MapServer). Unofficial viewing data, not legal title.", "as_of": "2026-09-20", "role": "focus", "color": "#e8b040"}}, {"type": "Feature", "geometry": {"type": "Polygon", "coordinates": [[[-93.8688, 48.875], [-93.8688, 48.8792], [-93.875, 48.8792], [-93.875, 48.875], [-93.8688, 48.875]]]}, "properties": {"company_id": "new-gold", "jurisdiction": "Ontario", "claim_id": "212190", "claim_name": null, "holder": "(100) NEW GOLD INC.", "status": "Active", "recorded_date": "2018-04-10", "anniversary_or_expiry": "2028-04-19", "area_ha": null, "tenure_type": "Single Cell Mining Claim", "source": "Ontario MLAS operational claims (OGSEarth / LIO MapServer). Unofficial viewing data, not legal title.", "as_of": "2026-09-20", "role": "focus", "color": "#e8b040"}}, {"type": "Feature", "geometry": {"type": "Polygon", "coordinates": [[[-93.8813, 48.8958], [-93.8813, 48.9], [-93.8875, 48.9], [-93.8875, 48.8958], [-93.8813, 48.8958]]]}, "properties": {"company_id": "new-gold", "jurisdiction": "Ontario", "claim_id": "212191", "claim_name": null, "holder": "(100) NEW GOLD INC.", "status": "Active", "recorded_date": "2018-04-10", "anniversary_or_expiry": "2027-01-28", "area_ha": null, "tenure_type": "Single Cell Mining Claim", "source": "Ontario MLAS operational claims (OGSEarth / LIO MapServer). Unofficial viewing data, not legal title.", "as_of": "2026-09-20", "role": "focus", "color": "#e8b040"}}, {"type": "Feature", "geometry": {"type": "Polygon", "coordinates": [[[-93.8813, 48.8833], [-93.8813, 48.8875], [-93.8875, 48.8875], [-93.8875, 48.8833], [-93.8813, 48.8833]]]}, "properties": {"company_id": "new-gold", "jurisdiction": "Ontario", "claim_id": "212192", "claim_name": null, "holder": "(100) NEW GOLD INC.", "status": "Active", "recorded_date": "2018-04-10", "anniversary_or_expiry": "2027-01-28", "area_ha": null, "tenure_type": "Single Cell Mining Claim", "source": "Ontario MLAS operational claims (OGSEarth / LIO MapServer). Unofficial viewing data, not legal title.", "as_of": "2026-09-20", "role": "focus", "color": "#e8b040"}}, {"type": "Feature", "geometry": {"type": "Polygon", "coordinates": [[[-93.9313, 48.8708], [-93.9313, 48.875], [-93.9375, 48.875], [-93.9375, 48.8708], [-93.9313, 48.8708]]]}, "properties": {"company_id": "new-gold", "jurisdiction": "Ontario", "claim_id": "212762", "claim_name": null, "holder": "(100) NEW GOLD INC.", "status": "Active", "recorded_date": "2018-04-10", "anniversary_or_expiry": "2028-05-06", "area_ha": null, "tenure_type": "Single Cell Mining Claim", "source": "Ontario MLAS operational claims (OGSEarth / LIO MapServer). Unofficial viewing data, not legal title.", "as_of": "2026-09-20", "role": "focus", "color": "#e8b040"}}, {"type": "Feature", "geometry": {"type": "Polygon", "coordinates": [[[-93.8375, 48.9208], [-93.8375, 48.925], [-93.8438, 48.925], [-93.8438, 48.9208], [-93.8375, 48.9208]]]}, "properties": {"company_id": "new-gold", "jurisdiction": "Ontario", "claim_id": "212246", "claim_name": null, "holder": "(100) NEW GOLD INC.", "status": "Active", "recorded_date": "2018-04-10", "anniversary_or_expiry": "2027-01-28", "area_ha": null, "tenure_type": "Single Cell Mining Claim", "source": "Ontario MLAS operational claims (OGSEarth / LIO MapServer). Unofficial viewing data, not legal title.", "as_of": "2026-09-20", "role": "focus", "color": "#e8b040"}}, {"type": "Feature", "geometry": {"type": "Polygon", "coordinates": [[[-93.9688, 48.9], [-93.9688, 48.9042], [-93.975, 48.9042], [-93.975, 48.9], [-93.9688, 48.9]]]}, "properties": {"company_id": "new-gold", "jurisdiction": "Ontario", "claim_id": "211476", "claim_name": null, "holder": "(100) NEW GOLD INC.", "status": "Active", "recorded_date": "2018-04-10", "anniversary_or_expiry": "2027-03-01", "area_ha": null, "tenure_type": "Single Cell Mining Claim", "source": "Ontario MLAS operational claims (OGSEarth / LIO MapServer). Unofficial viewing data, not legal title.", "as_of": "2026-09-20", "role": "focus", "color": "#e8b040"}}, {"type": "Feature", "geometry": {"type": "Polygon", "coordinates": [[[-94.1063, 48.8417], [-94.1063, 48.8458], [-94.1125, 48.8458], [-94.1125, 48.8417], [-94.1063, 48.8417]]]}, "properties": {"company_id": "new-gold", "jurisdiction": "Ontario", "claim_id": "214989", "claim_name": null, "holder": "(100) NEW GOLD INC.", "status": "Active", "recorded_date": "2018-04-10", "anniversary_or_expiry": "2028-11-27", "area_ha": null, "tenure_type": "Single Cell Mining Claim", "source": "Ontario MLAS operational claims (OGSEarth / LIO MapServer). Unofficial viewing data, not legal title.", "as_of": "2026-09-20", "role": "focus", "color": "#e8b040"}}, {"type": "Feature", "geometry": {"type": "Polygon", "coordinates": [[[-94.1188, 48.8417], [-94.1188, 48.8458], [-94.125, 48.8458], [-94.125, 48.8417], [-94.1188, 48.8417]]]}, "properties": {"company_id": "new-gold", "jurisdiction": "Ontario", "claim_id": "214990", "claim_name": null, "holder": "(100) NEW GOLD INC.", "status": "Active", "recorded_date": "2018-04-10", "anniversary_or_expiry": "2028-11-27", "area_ha": null, "tenure_type": "Single Cell Mining Claim", "source": "Ontario MLAS operational claims (OGSEarth / LIO MapServer). Unofficial viewing data, not legal title.", "as_of": "2026-09-20", "role": "focus", "color": "#e8b040"}}, {"type": "Feature", "geometry": {"type": "Polygon", "coordinates": [[[-93.8625, 48.9417], [-93.8625, 48.9458], [-93.8688, 48.9458], [-93.8688, 48.9417], [-93.8625, 48.9417]]]}, "properties": {"company_id": "new-gold", "jurisdiction": "Ontario", "claim_id": "214998", "claim_name": null, "holder": "(100) NEW GOLD INC.", "status": "Active", "recorded_date": "2018-04-10", "anniversary_or_expiry": "2028-10-26", "area_ha": null, "tenure_type": "Single Cell Mining Claim", "source": "Ontario MLAS operational claims (OGSEarth / LIO MapServer). Unofficial viewing data, not legal title.", "as_of": "2026-09-20", "role": "focus", "color": "#e8b040"}}, {"type": "Feature", "geometry": {"type": "Polygon", "coordinates": [[[-93.875, 48.9375], [-93.875, 48.9417], [-93.8813, 48.9417], [-93.8813, 48.9375], [-93.875, 48.9375]]]}, "properties": {"company_id": "new-gold", "jurisdiction": "Ontario", "claim_id": "214999", "claim_name": null, "holder": "(100) NEW GOLD INC.", "status": "Active", "recorded_date": "2018-04-10", "anniversary_or_expiry": "2028-10-26", "area_ha": null, "tenure_type": "Single Cell Mining Claim", "source": "Ontario MLAS operational claims (OGSEarth / LIO MapServer). Unofficial viewing data, not legal title.", "as_of": "2026-09-20", "role": "focus", "color": "#e8b040"}}, {"type": "Feature", "geometry": {"type": "Polygon", "coordinates": [[[-93.825, 48.9208], [-93.825, 48.925], [-93.8313, 48.925], [-93.8313, 48.9208], [-93.825, 48.9208]]]}, "properties": {"company_id": "new-gold", "jurisdiction": "Ontario", "claim_id": "215012", "claim_name": null, "holder": "(100) NEW GOLD INC.", "status": "Active", "recorded_date": "2018-04-10", "anniversary_or_expiry": "2028-06-21", "area_ha": null, "tenure_type": "Single Cell Mining Claim", "source": "Ontario MLAS operational claims (OGSEarth / LIO MapServer). Unofficial viewing data, not legal title.", "as_of": "2026-09-20", "role": "focus", "color": "#e8b040"}}, {"type": "Feature", "geometry": {"type": "Polygon", "coordinates": [[[-93.8313, 48.9167], [-93.8313, 48.9208], [-93.8375, 48.9208], [-93.8375, 48.9167], [-93.8313, 48.9167]]]}, "properties": {"company_id": "new-gold", "jurisdiction": "Ontario", "claim_id": "215013", "claim_name": null, "holder": "(100) NEW GOLD INC.", "status": "Active", "recorded_date": "2018-04-10", "anniversary_or_expiry": "2028-06-21", "area_ha": null, "tenure_type": "Single Cell Mining Claim", "source": "Ontario MLAS operational claims (OGSEarth / LIO MapServer). Unofficial viewing data, not legal title.", "as_of": "2026-09-20", "role": "focus", "color": "#e8b040"}}, {"type": "Feature", "geometry": {"type": "Polygon", "coordinates": [[[-93.9125, 48.9625], [-93.9125, 48.9667], [-93.9188, 48.9667], [-93.9188, 48.9625], [-93.9125, 48.9625]]]}, "properties": {"company_id": "new-gold", "jurisdiction": "Ontario", "claim_id": "215015", "claim_name": null, "holder": "(100) NEW GOLD INC.", "status": "Active", "recorded_date": "2018-04-10", "anniversary_or_expiry": "2028-10-26", "area_ha": null, "tenure_type": "Single Cell Mining Claim", "source": "Ontario MLAS operational claims (OGSEarth / LIO MapServer). Unofficial viewing data, not legal title.", "as_of": "2026-09-20", "role": "focus", "color": "#e8b040"}}, {"type": "Feature", "geometry": {"type": "Polygon", "coordinates": [[[-93.8563, 48.8958], [-93.8563, 48.9], [-93.8625, 48.9], [-93.8625, 48.8958], [-93.8563, 48.8958]]]}, "properties": {"company_id": "new-gold", "jurisdiction": "Ontario", "claim_id": "215065", "claim_name": null, "holder": "(100) NEW GOLD INC.", "status": "Active", "recorded_date": "2018-04-10", "anniversary_or_expiry": "2027-01-28", "area_ha": null, "tenure_type": "Single Cell Mining Claim", "source": "Ontario MLAS operational claims (OGSEarth / LIO MapServer). Unofficial viewing data, not legal title.", "as_of": "2026-09-20", "role": "focus", "color": "#e8b040"}}, {"type": "Feature", "geometry": {"type": "Polygon", "coordinates": [[[-93.9188, 51.0083], [-93.9188, 51.0125], [-93.925, 51.0125], [-93.925, 51.0083], [-93.9188, 51.0083]]]}, "properties": {"company_id": "new-gold", "jurisdiction": "Ontario", "claim_id": "214483", "claim_name": null, "holder": "(24.5) NEW GOLD INC., (24.5) TOMAGOLD CORPORATION CORPORATION TOMAGOLD, (51) Evolution Mining Gold Operations Ltd.", "status": "Active", "recorded_date": "2018-04-10", "anniversary_or_expiry": "2029-10-27", "area_ha": null, "tenure_type": "Single Cell Mining Claim", "source": "Ontario MLAS operational claims (OGSEarth / LIO MapServer). Unofficial viewing data, not legal title.", "as_of": "2026-09-20", "role": "focus", "color": "#e8b040"}}, {"type": "Feature", "geometry": {"type": "Polygon", "coordinates": [[[-94.0688, 48.8875], [-94.0688, 48.8917], [-94.075, 48.8917], [-94.075, 48.8875], [-94.0688, 48.8875]]]}, "properties": {"company_id": "new-gold", "jurisdiction": "Ontario", "claim_id": "213491", "claim_name": null, "holder": "(100) NEW GOLD INC.", "status": "Active", "recorded_date": "2018-04-10", "anniversary_or_expiry": "2028-10-15", "area_ha": null, "tenure_type": "Single Cell Mining Claim", "source": "Ontario MLAS operational claims (OGSEarth / LIO MapServer). Unofficial viewing data, not legal title.", "as_of": "2026-09-20", "role": "focus", "color": "#e8b040"}}, {"type": "Feature", "geometry": {"type": "Polygon", "coordinates": [[[-94.0813, 48.875], [-94.0813, 48.8792], [-94.0875, 48.8792], [-94.0875, 48.875], [-94.0813, 48.875]]]}, "properties": {"company_id": "new-gold", "jurisdiction": "Ontario", "claim_id": "213495", "claim_name": null, "holder": "(100) NEW GOLD INC.", "status": "Active", "recorded_date": "2018-04-10", "anniversary_or_expiry": "2028-10-15", "area_ha": null, "tenure_type": "Single Cell Mining Claim", "source": "Ontario MLAS operational claims (OGSEarth / LIO MapServer). Unofficial viewing data, not legal title.", "as_of": "2026-09-20", "role": "focus", "color": "#e8b040"}}, {"type": "Feature", "geometry": {"type": "Polygon", "coordinates": [[[-94.1688, 48.825], [-94.1688, 48.8292], [-94.175, 48.8292], [-94.175, 48.825], [-94.1688, 48.825]]]}, "properties": {"company_id": "new-gold", "jurisdiction": "Ontario", "claim_id": "213515", "claim_name": null, "holder": "(100) NEW GOLD INC.", "status": "Active", "recorded_date": "2018-04-10", "anniversary_or_expiry": "2027-03-03", "area_ha": null, "tenure_type": "Single Cell Mining Claim", "source": "Ontario MLAS operational claims (OGSEarth / LIO MapServer). Unofficial viewing data, not legal title.", "as_of": "2026-09-20", "role": "focus", "color": "#e8b040"}}, {"type": "Feature", "geometry": {"type": "Polygon", "coordinates": [[[-94.0438, 48.8958], [-94.0438, 48.9], [-94.05, 48.9], [-94.05, 48.8958], [-94.0438, 48.8958]]]}, "properties": {"company_id": "new-gold", "jurisdiction": "Ontario", "claim_id": "214127", "claim_name": null, "holder": "(100) NEW GOLD INC.", "status": "Active", "recorded_date": "2018-04-10", "anniversary_or_expiry": "2028-10-15", "area_ha": null, "tenure_type": "Single Cell Mining Claim", "source": "Ontario MLAS operational claims (OGSEarth / LIO MapServer). Unofficial viewing data, not legal title.", "as_of": "2026-09-20", "role": "focus", "color": "#e8b040"}}, {"type": "Feature", "geometry": {"type": "Polygon", "coordinates": [[[-94.1063, 48.8458], [-94.1063, 48.85], [-94.1125, 48.85], [-94.1125, 48.8458], [-94.1063, 48.8458]]]}, "properties": {"company_id": "new-gold", "jurisdiction": "Ontario", "claim_id": "214226", "claim_name": null, "holder": "(100) NEW GOLD INC.", "status": "Active", "recorded_date": "2018-04-10", "anniversary_or_expiry": "2028-11-27", "area_ha": null, "tenure_type": "Single Cell Mining Claim", "source": "Ontario MLAS operational claims (OGSEarth / LIO MapServer). Unofficial viewing data, not legal title.", "as_of": "2026-09-20", "role": "focus", "color": "#e8b040"}}, {"type": "Feature", "geometry": {"type": "Polygon", "coordinates": [[[-93.8375, 48.8625], [-93.8375, 48.8667], [-93.8438, 48.8667], [-93.8438, 48.8625], [-93.8375, 48.8625]]]}, "properties": {"company_id": "new-gold", "jurisdiction": "Ontario", "claim_id": "214227", "claim_name": null, "holder": "(100) NEW GOLD INC.", "status": "Active", "recorded_date": "2018-04-10", "anniversary_or_expiry": "2028-05-04", "area_ha": null, "tenure_type": "Single Cell Mining Claim", "source": "Ontario MLAS operational claims (OGSEarth / LIO MapServer). Unofficial viewing data, not legal title.", "as_of": "2026-09-20", "role": "focus", "color": "#e8b040"}}, {"type": "Feature", "geometry": {"type": "Polygon", "coordinates": [[[-94.0625, 48.8958], [-94.0625, 48.9], [-94.0688, 48.9], [-94.0688, 48.8958], [-94.0625, 48.8958]]]}, "properties": {"company_id": "new-gold", "jurisdiction": "Ontario", "claim_id": "214228", "claim_name": null, "holder": "(100) NEW GOLD INC.", "status": "Active", "recorded_date": "2018-04-10", "anniversary_or_expiry": "2028-10-15", "area_ha": null, "tenure_type": "Single Cell Mining Claim", "source": "Ontario MLAS operational claims (OGSEarth / LIO MapServer). Unofficial viewing data, not legal title.", "as_of": "2026-09-20", "role": "focus", "color": "#e8b040"}}, {"type": "Feature", "geometry": {"type": "Polygon", "coordinates": [[[-94.05, 48.8917], [-94.05, 48.8958], [-94.0563, 48.8958], [-94.0563, 48.8917], [-94.05, 48.8917]]]}, "properties": {"company_id": "new-gold", "jurisdiction": "Ontario", "claim_id": "214229", "claim_name": null, "holder": "(100) NEW GOLD INC.", "status": "Active", "recorded_date": "2018-04-10", "anniversary_or_expiry": "2028-10-15", "area_ha": null, "tenure_type": "Single Cell Mining Claim", "source": "Ontario MLAS operational claims (OGSEarth / LIO MapServer). Unofficial viewing data, not legal title.", "as_of": "2026-09-20", "role": "focus", "color": "#e8b040"}}, {"type": "Feature", "geometry": {"type": "Polygon", "coordinates": [[[-93.8313, 48.9333], [-93.8313, 48.9375], [-93.8375, 48.9375], [-93.8375, 48.9333], [-93.8313, 48.9333]]]}, "properties": {"company_id": "new-gold", "jurisdiction": "Ontario", "claim_id": "214254", "claim_name": null, "holder": "(100) NEW GOLD INC.", "status": "Active", "recorded_date": "2018-04-10", "anniversary_or_expiry": "2028-06-21", "area_ha": null, "tenure_type": "Single Cell Mining Claim", "source": "Ontario MLAS operational claims (OGSEarth / LIO MapServer). Unofficial viewing data, not legal title.", "as_of": "2026-09-20", "role": "focus", "color": "#e8b040"}}, {"type": "Feature", "geometry": {"type": "Polygon", "coordinates": [[[-93.825, 48.925], [-93.825, 48.9292], [-93.8313, 48.9292], [-93.8313, 48.925], [-93.825, 48.925]]]}, "properties": {"company_id": "new-gold", "jurisdiction": "Ontario", "claim_id": "214255", "claim_name": null, "holder": "(100) NEW GOLD INC.", "status": "Active", "recorded_date": "2018-04-10", "anniversary_or_expiry": "2028-06-21", "area_ha": null, "tenure_type": "Single Cell Mining Claim", "source": "Ontario MLAS operational claims (OGSEarth / LIO MapServer). Unofficial viewing data, not legal title.", "as_of": "2026-09-20", "role": "focus", "color": "#e8b040"}}, {"type": "Feature", "geometry": {"type": "Polygon", "coordinates": [[[-93.8938, 48.9583], [-93.8938, 48.9625], [-93.9, 48.9625], [-93.9, 48.9583], [-93.8938, 48.9583]]]}, "properties": {"company_id": "new-gold", "jurisdiction": "Ontario", "claim_id": "214257", "claim_name": null, "holder": "(100) NEW GOLD INC.", "status": "Active", "recorded_date": "2018-04-10", "anniversary_or_expiry": "2028-10-26", "area_ha": null, "tenure_type": "Single Cell Mining Claim", "source": "Ontario MLAS operational claims (OGSEarth / LIO MapServer). Unofficial viewing data, not legal title.", "as_of": "2026-09-20", "role": "focus", "color": "#e8b040"}}, {"type": "Feature", "geometry": {"type": "Polygon", "coordinates": [[[-93.8938, 48.9542], [-93.8938, 48.9583], [-93.9, 48.9583], [-93.9, 48.9542], [-93.8938, 48.9542]]]}, "properties": {"company_id": "new-gold", "jurisdiction": "Ontario", "claim_id": "214258", "claim_name": null, "holder": "(100) NEW GOLD INC.", "status": "Active", "recorded_date": "2018-04-10", "anniversary_or_expiry": "2028-10-26", "area_ha": null, "tenure_type": "Single Cell Mining Claim", "source": "Ontario MLAS operational claims (OGSEarth / LIO MapServer). Unofficial viewing data, not legal title.", "as_of": "2026-09-20", "role": "focus", "color": "#e8b040"}}, {"type": "Feature", "geometry": {"type": "Polygon", "coordinates": [[[-93.9125, 48.9542], [-93.9125, 48.9583], [-93.9188, 48.9583], [-93.9188, 48.9542], [-93.9125, 48.9542]]]}, "properties": {"company_id": "new-gold", "jurisdiction": "Ontario", "claim_id": "214259", "claim_name": null, "holder": "(100) NEW GOLD INC.", "status": "Active", "recorded_date": "2018-04-10", "anniversary_or_expiry": "2028-10-26", "area_ha": null, "tenure_type": "Single Cell Mining Claim", "source": "Ontario MLAS operational claims (OGSEarth / LIO MapServer). Unofficial viewing data, not legal title.", "as_of": "2026-09-20", "role": "focus", "color": "#e8b040"}}, {"type": "Feature", "geometry": {"type": "Polygon", "coordinates": [[[-93.875, 48.9667], [-93.875, 48.9708], [-93.8813, 48.9708], [-93.8813, 48.9667], [-93.875, 48.9667]]]}, "properties": {"company_id": "new-gold", "jurisdiction": "Ontario", "claim_id": "214904", "claim_name": null, "holder": "(100) NEW GOLD INC.", "status": "Active", "recorded_date": "2018-04-10", "anniversary_or_expiry": "2028-10-26", "area_ha": null, "tenure_type": "Single Cell Mining Claim", "source": "Ontario MLAS operational claims (OGSEarth / LIO MapServer). Unofficial viewing data, not legal title.", "as_of": "2026-09-20", "role": "focus", "color": "#e8b040"}}, {"type": "Feature", "geometry": {"type": "Polygon", "coordinates": [[[-94.2938, 48.8208], [-94.2938, 48.825], [-94.3, 48.825], [-94.3, 48.8208], [-94.2938, 48.8208]]]}, "properties": {"company_id": "new-gold", "jurisdiction": "Ontario", "claim_id": "214905", "claim_name": null, "holder": "(100) NEW GOLD INC.", "status": "Active", "recorded_date": "2018-04-10", "anniversary_or_expiry": "2026-12-02", "area_ha": null, "tenure_type": "Single Cell Mining Claim", "source": "Ontario MLAS operational claims (OGSEarth / LIO MapServer). Unofficial viewing data, not legal title.", "as_of": "2026-09-20", "role": "focus", "color": "#e8b040"}}, {"type": "Feature", "geometry": {"type": "Polygon", "coordinates": [[[-94.2875, 48.8125], [-94.2875, 48.8167], [-94.2938, 48.8167], [-94.2938, 48.8125], [-94.2875, 48.8125]]]}, "properties": {"company_id": "new-gold", "jurisdiction": "Ontario", "claim_id": "214926", "claim_name": null, "holder": "(100) NEW GOLD INC.", "status": "Active", "recorded_date": "2018-04-10", "anniversary_or_expiry": "2026-12-02", "area_ha": null, "tenure_type": "Single Cell Mining Claim", "source": "Ontario MLAS operational claims (OGSEarth / LIO MapServer). Unofficial viewing data, not legal title.", "as_of": "2026-09-20", "role": "focus", "color": "#e8b040"}}, {"type": "Feature", "geometry": {"type": "Polygon", "coordinates": [[[-94.2125, 48.8083], [-94.2125, 48.8125], [-94.2188, 48.8125], [-94.2188, 48.8083], [-94.2125, 48.8083]]]}, "properties": {"company_id": "new-gold", "jurisdiction": "Ontario", "claim_id": "214929", "claim_name": null, "holder": "(100) NEW GOLD INC.", "status": "Active", "recorded_date": "2018-04-10", "anniversary_or_expiry": "2028-11-22", "area_ha": null, "tenure_type": "Single Cell Mining Claim", "source": "Ontario MLAS operational claims (OGSEarth / LIO MapServer). Unofficial viewing data, not legal title.", "as_of": "2026-09-20", "role": "focus", "color": "#e8b040"}}, {"type": "Feature", "geometry": {"type": "Polygon", "coordinates": [[[-93.9188, 48.975], [-93.9188, 48.9792], [-93.925, 48.9792], [-93.925, 48.975], [-93.9188, 48.975]]]}, "properties": {"company_id": "new-gold", "jurisdiction": "Ontario", "claim_id": "214932", "claim_name": null, "holder": "(100) NEW GOLD INC.", "status": "Active", "recorded_date": "2018-04-10", "anniversary_or_expiry": "2028-10-26", "area_ha": null, "tenure_type": "Single Cell Mining Claim", "source": "Ontario MLAS operational claims (OGSEarth / LIO MapServer). Unofficial viewing data, not legal title.", "as_of": "2026-09-20", "role": "focus", "color": "#e8b040"}}, {"type": "Feature", "geometry": {"type": "Polygon", "coordinates": [[[-93.9063, 48.9208], [-93.9063, 48.925], [-93.9125, 48.925], [-93.9125, 48.9208], [-93.9063, 48.9208]]]}, "properties": {"company_id": "new-gold", "jurisdiction": "Ontario", "claim_id": "215632", "claim_name": null, "holder": "(100) NEW GOLD INC.", "status": "Active", "recorded_date": "2018-04-10", "anniversary_or_expiry": "2028-10-26", "area_ha": null, "tenure_type": "Single Cell Mining Claim", "source": "Ontario MLAS operational claims (OGSEarth / LIO MapServer). Unofficial viewing data, not legal title.", "as_of": "2026-09-20", "role": "focus", "color": "#e8b040"}}, {"type": "Feature", "geometry": {"type": "Polygon", "coordinates": [[[-93.9, 48.9167], [-93.9, 48.9208], [-93.9063, 48.9208], [-93.9063, 48.9167], [-93.9, 48.9167]]]}, "properties": {"company_id": "new-gold", "jurisdiction": "Ontario", "claim_id": "215633", "claim_name": null, "holder": "(100) NEW GOLD INC.", "status": "Active", "recorded_date": "2018-04-10", "anniversary_or_expiry": "2028-10-26", "area_ha": null, "tenure_type": "Single Cell Mining Claim", "source": "Ontario MLAS operational claims (OGSEarth / LIO MapServer). Unofficial viewing data, not legal title.", "as_of": "2026-09-20", "role": "focus", "color": "#e8b040"}}, {"type": "Feature", "geometry": {"type": "Polygon", "coordinates": [[[-93.8875, 48.9667], [-93.8875, 48.9708], [-93.8938, 48.9708], [-93.8938, 48.9667], [-93.8875, 48.9667]]]}, "properties": {"company_id": "new-gold", "jurisdiction": "Ontario", "claim_id": "215657", "claim_name": null, "holder": "(100) NEW GOLD INC.", "status": "Active", "recorded_date": "2018-04-10", "anniversary_or_expiry": "2028-10-26", "area_ha": null, "tenure_type": "Single Cell Mining Claim", "source": "Ontario MLAS operational claims (OGSEarth / LIO MapServer). Unofficial viewing data, not legal title.", "as_of": "2026-09-20", "role": "focus", "color": "#e8b040"}}, {"type": "Feature", "geometry": {"type": "Polygon", "coordinates": [[[-93.8813, 48.9583], [-93.8813, 48.9625], [-93.8875, 48.9625], [-93.8875, 48.9583], [-93.8813, 48.9583]]]}, "properties": {"company_id": "new-gold", "jurisdiction": "Ontario", "claim_id": "215658", "claim_name": null, "holder": "(100) NEW GOLD INC.", "status": "Active", "recorded_date": "2018-04-10", "anniversary_or_expiry": "2028-10-26", "area_ha": null, "tenure_type": "Single Cell Mining Claim", "source": "Ontario MLAS operational claims (OGSEarth / LIO MapServer). Unofficial viewing data, not legal title.", "as_of": "2026-09-20", "role": "focus", "color": "#e8b040"}}, {"type": "Feature", "geometry": {"type": "Polygon", "coordinates": [[[-93.9063, 48.975], [-93.9063, 48.9792], [-93.9125, 48.9792], [-93.9125, 48.975], [-93.9063, 48.975]]]}, "properties": {"company_id": "new-gold", "jurisdiction": "Ontario", "claim_id": "215659", "claim_name": null, "holder": "(100) NEW GOLD INC.", "status": "Active", "recorded_date": "2018-04-10", "anniversary_or_expiry": "2028-10-26", "area_ha": null, "tenure_type": "Single Cell Mining Claim", "source": "Ontario MLAS operational claims (OGSEarth / LIO MapServer). Unofficial viewing data, not legal title.", "as_of": "2026-09-20", "role": "focus", "color": "#e8b040"}}, {"type": "Feature", "geometry": {"type": "Polygon", "coordinates": [[[-93.825, 48.95], [-93.825, 48.9542], [-93.8313, 48.9542], [-93.8313, 48.95], [-93.825, 48.95]]]}, "properties": {"company_id": "new-gold", "jurisdiction": "Ontario", "claim_id": "215684", "claim_name": null, "holder": "(100) NEW GOLD INC.", "status": "Active", "recorded_date": "2018-04-10", "anniversary_or_expiry": "2027-02-13", "area_ha": null, "tenure_type": "Boundary Cell Mining Claim", "source": "Ontario MLAS operational claims (OGSEarth / LIO MapServer). Unofficial viewing data, not legal title.", "as_of": "2026-09-20", "role": "focus", "color": "#e8b040"}}, {"type": "Feature", "geometry": {"type": "Polygon", "coordinates": [[[-93.825, 48.9458], [-93.825, 48.95], [-93.8313, 48.95], [-93.8313, 48.9458], [-93.825, 48.9458]]]}, "properties": {"company_id": "new-gold", "jurisdiction": "Ontario", "claim_id": "215685", "claim_name": null, "holder": "(100) NEW GOLD INC.", "status": "Active", "recorded_date": "2018-04-10", "anniversary_or_expiry": "2027-02-13", "area_ha": null, "tenure_type": "Single Cell Mining Claim", "source": "Ontario MLAS operational claims (OGSEarth / LIO MapServer). Unofficial viewing data, not legal title.", "as_of": "2026-09-20", "role": "focus", "color": "#e8b040"}}, {"type": "Feature", "geometry": {"type": "Polygon", "coordinates": [[[-93.8063, 48.9375], [-93.8063, 48.9417], [-93.8125, 48.9417], [-93.8125, 48.9375], [-93.8063, 48.9375]]]}, "properties": {"company_id": "new-gold", "jurisdiction": "Ontario", "claim_id": "215686", "claim_name": null, "holder": "(100) NEW GOLD INC.", "status": "Active", "recorded_date": "2018-04-10", "anniversary_or_expiry": "2027-02-13", "area_ha": null, "tenure_type": "Single Cell Mining Claim", "source": "Ontario MLAS operational claims (OGSEarth / LIO MapServer). Unofficial viewing data, not legal title.", "as_of": "2026-09-20", "role": "focus", "color": "#e8b040"}}, {"type": "Feature", "geometry": {"type": "Polygon", "coordinates": [[[-93.7875, 48.9417], [-93.7875, 48.9458], [-93.7938, 48.9458], [-93.7938, 48.9417], [-93.7875, 48.9417]]]}, "properties": {"company_id": "new-gold", "jurisdiction": "Ontario", "claim_id": "215690", "claim_name": null, "holder": "(100) NEW GOLD INC.", "status": "Active", "recorded_date": "2018-04-10", "anniversary_or_expiry": "2027-02-13", "area_ha": null, "tenure_type": "Single Cell Mining Claim", "source": "Ontario MLAS operational claims (OGSEarth / LIO MapServer). Unofficial viewing data, not legal title.", "as_of": "2026-09-20", "role": "focus", "color": "#e8b040"}}, {"type": "Feature", "geometry": {"type": "Polygon", "coordinates": [[[-93.8875, 48.9792], [-93.8875, 48.9833], [-93.8938, 48.9833], [-93.8938, 48.9792], [-93.8875, 48.9792]]]}, "properties": {"company_id": "new-gold", "jurisdiction": "Ontario", "claim_id": "215714", "claim_name": null, "holder": "(100) NEW GOLD INC.", "status": "Active", "recorded_date": "2018-04-10", "anniversary_or_expiry": "2028-10-26", "area_ha": null, "tenure_type": "Boundary Cell Mining Claim", "source": "Ontario MLAS operational claims (OGSEarth / LIO MapServer). Unofficial viewing data, not legal title.", "as_of": "2026-09-20", "role": "focus", "color": "#e8b040"}}, {"type": "Feature", "geometry": {"type": "Polygon", "coordinates": [[[-93.8875, 48.9375], [-93.8875, 48.9417], [-93.8938, 48.9417], [-93.8938, 48.9375], [-93.8875, 48.9375]]]}, "properties": {"company_id": "new-gold", "jurisdiction": "Ontario", "claim_id": "216309", "claim_name": null, "holder": "(100) NEW GOLD INC.", "status": "Active", "recorded_date": "2018-04-10", "anniversary_or_expiry": "2028-10-26", "area_ha": null, "tenure_type": "Single Cell Mining Claim", "source": "Ontario MLAS operational claims (OGSEarth / LIO MapServer). Unofficial viewing data, not legal title.", "as_of": "2026-09-20", "role": "focus", "color": "#e8b040"}}, {"type": "Feature", "geometry": {"type": "Polygon", "coordinates": [[[-93.7938, 48.925], [-93.7938, 48.9292], [-93.8, 48.9292], [-93.8, 48.925], [-93.7938, 48.925]]]}, "properties": {"company_id": "new-gold", "jurisdiction": "Ontario", "claim_id": "215784", "claim_name": null, "holder": "(100) NEW GOLD INC.", "status": "Active", "recorded_date": "2018-04-10", "anniversary_or_expiry": "2027-02-13", "area_ha": null, "tenure_type": "Single Cell Mining Claim", "source": "Ontario MLAS operational claims (OGSEarth / LIO MapServer). Unofficial viewing data, not legal title.", "as_of": "2026-09-20", "role": "focus", "color": "#e8b040"}}, {"type": "Feature", "geometry": {"type": "Polygon", "coordinates": [[[-93.7938, 48.9208], [-93.7938, 48.925], [-93.8, 48.925], [-93.8, 48.9208], [-93.7938, 48.9208]]]}, "properties": {"company_id": "new-gold", "jurisdiction": "Ontario", "claim_id": "215785", "claim_name": null, "holder": "(100) NEW GOLD INC.", "status": "Active", "recorded_date": "2018-04-10", "anniversary_or_expiry": "2027-02-13", "area_ha": null, "tenure_type": "Single Cell Mining Claim", "source": "Ontario MLAS operational claims (OGSEarth / LIO MapServer). Unofficial viewing data, not legal title.", "as_of": "2026-09-20", "role": "focus", "color": "#e8b040"}}, {"type": "Feature", "geometry": {"type": "Polygon", "coordinates": [[[-93.7938, 48.9125], [-93.7938, 48.9167], [-93.8, 48.9167], [-93.8, 48.9125], [-93.7938, 48.9125]]]}, "properties": {"company_id": "new-gold", "jurisdiction": "Ontario", "claim_id": "215786", "claim_name": null, "holder": "(100) NEW GOLD INC.", "status": "Active", "recorded_date": "2018-04-10", "anniversary_or_expiry": "2027-02-13", "area_ha": null, "tenure_type": "Single Cell Mining Claim", "source": "Ontario MLAS operational claims (OGSEarth / LIO MapServer). Unofficial viewing data, not legal title.", "as_of": "2026-09-20", "role": "focus", "color": "#e8b040"}}, {"type": "Feature", "geometry": {"type": "Polygon", "coordinates": [[[-93.7938, 48.9083], [-93.7938, 48.9125], [-93.8, 48.9125], [-93.8, 48.9083], [-93.7938, 48.9083]]]}, "properties": {"company_id": "new-gold", "jurisdiction": "Ontario", "claim_id": "215787", "claim_name": null, "holder": "(100) NEW GOLD INC.", "status": "Active", "recorded_date": "2018-04-10", "anniversary_or_expiry": "2027-02-13", "area_ha": null, "tenure_type": "Boundary Cell Mining Claim", "source": "Ontario MLAS operational claims (OGSEarth / LIO MapServer). Unofficial viewing data, not legal title.", "as_of": "2026-09-20", "role": "focus", "color": "#e8b040"}}, {"type": "Feature", "geometry": {"type": "Polygon", "coordinates": [[[-93.7813, 48.9292], [-93.7813, 48.9333], [-93.7875, 48.9333], [-93.7875, 48.9292], [-93.7813, 48.9292]]]}, "properties": {"company_id": "new-gold", "jurisdiction": "Ontario", "claim_id": "216369", "claim_name": null, "holder": "(100) NEW GOLD INC.", "status": "Active", "recorded_date": "2018-04-10", "anniversary_or_expiry": "2027-02-13", "area_ha": null, "tenure_type": "Single Cell Mining Claim", "source": "Ontario MLAS operational claims (OGSEarth / LIO MapServer). Unofficial viewing data, not legal title.", "as_of": "2026-09-20", "role": "focus", "color": "#e8b040"}}, {"type": "Feature", "geometry": {"type": "Polygon", "coordinates": [[[-93.8125, 48.8958], [-93.8125, 48.9], [-93.8188, 48.9], [-93.8188, 48.8958], [-93.8125, 48.8958]]]}, "properties": {"company_id": "new-gold", "jurisdiction": "Ontario", "claim_id": "217069", "claim_name": null, "holder": "(100) NEW GOLD INC.", "status": "Active", "recorded_date": "2018-04-10", "anniversary_or_expiry": "2027-01-28", "area_ha": null, "tenure_type": "Single Cell Mining Claim", "source": "Ontario MLAS operational claims (OGSEarth / LIO MapServer). Unofficial viewing data, not legal title.", "as_of": "2026-09-20", "role": "focus", "color": "#e8b040"}}, {"type": "Feature", "geometry": {"type": "Polygon", "coordinates": [[[-93.8188, 48.8958], [-93.8188, 48.9], [-93.825, 48.9], [-93.825, 48.8958], [-93.8188, 48.8958]]]}, "properties": {"company_id": "new-gold", "jurisdiction": "Ontario", "claim_id": "217070", "claim_name": null, "holder": "(100) NEW GOLD INC.", "status": "Active", "recorded_date": "2018-04-10", "anniversary_or_expiry": "2027-01-28", "area_ha": null, "tenure_type": "Single Cell Mining Claim", "source": "Ontario MLAS operational claims (OGSEarth / LIO MapServer). Unofficial viewing data, not legal title.", "as_of": "2026-09-20", "role": "focus", "color": "#e8b040"}}, {"type": "Feature", "geometry": {"type": "Polygon", "coordinates": [[[-94.3, 48.7667], [-94.3, 48.7708], [-94.3063, 48.7708], [-94.3063, 48.7667], [-94.3, 48.7667]]]}, "properties": {"company_id": "new-gold", "jurisdiction": "Ontario", "claim_id": "217093", "claim_name": null, "holder": "(100) NEW GOLD INC.", "status": "Active", "recorded_date": "2018-04-10", "anniversary_or_expiry": "2027-01-26", "area_ha": null, "tenure_type": "Single Cell Mining Claim", "source": "Ontario MLAS operational claims (OGSEarth / LIO MapServer). Unofficial viewing data, not legal title.", "as_of": "2026-09-20", "role": "focus", "color": "#e8b040"}}, {"type": "Feature", "geometry": {"type": "Polygon", "coordinates": [[[-94.3, 48.7625], [-94.3, 48.7667], [-94.3063, 48.7667], [-94.3063, 48.7625], [-94.3, 48.7625]]]}, "properties": {"company_id": "new-gold", "jurisdiction": "Ontario", "claim_id": "217094", "claim_name": null, "holder": "(100) NEW GOLD INC.", "status": "Active", "recorded_date": "2018-04-10", "anniversary_or_expiry": "2027-01-26", "area_ha": null, "tenure_type": "Single Cell Mining Claim", "source": "Ontario MLAS operational claims (OGSEarth / LIO MapServer). Unofficial viewing data, not legal title.", "as_of": "2026-09-20", "role": "focus", "color": "#e8b040"}}, {"type": "Feature", "geometry": {"type": "Polygon", "coordinates": [[[-93.8313, 48.875], [-93.8313, 48.8792], [-93.8375, 48.8792], [-93.8375, 48.875], [-93.8313, 48.875]]]}, "properties": {"company_id": "new-gold", "jurisdiction": "Ontario", "claim_id": "217126", "claim_name": null, "holder": "(100) NEW GOLD INC.", "status": "Active", "recorded_date": "2018-04-10", "anniversary_or_expiry": "2028-05-04", "area_ha": null, "tenure_type": "Single Cell Mining Claim", "source": "Ontario MLAS operational claims (OGSEarth / LIO MapServer). Unofficial viewing data, not legal title.", "as_of": "2026-09-20", "role": "focus", "color": "#e8b040"}}, {"type": "Feature", "geometry": {"type": "Polygon", "coordinates": [[[-93.825, 48.9958], [-93.825, 49.0], [-93.8313, 49.0], [-93.8313, 48.9958], [-93.825, 48.9958]]]}, "properties": {"company_id": "new-gold", "jurisdiction": "Ontario", "claim_id": "218486", "claim_name": null, "holder": "(100) NEW GOLD INC.", "status": "Active", "recorded_date": "2018-04-10", "anniversary_or_expiry": "2028-05-08", "area_ha": null, "tenure_type": "Single Cell Mining Claim", "source": "Ontario MLAS operational claims (OGSEarth / LIO MapServer). Unofficial viewing data, not legal title.", "as_of": "2026-09-20", "role": "focus", "color": "#e8b040"}}, {"type": "Feature", "geometry": {"type": "Polygon", "coordinates": [[[-93.8313, 48.9958], [-93.8313, 49.0], [-93.8375, 49.0], [-93.8375, 48.9958], [-93.8313, 48.9958]]]}, "properties": {"company_id": "new-gold", "jurisdiction": "Ontario", "claim_id": "218487", "claim_name": null, "holder": "(100) NEW GOLD INC.", "status": "Active", "recorded_date": "2018-04-10", "anniversary_or_expiry": "2028-05-08", "area_ha": null, "tenure_type": "Single Cell Mining Claim", "source": "Ontario MLAS operational claims (OGSEarth / LIO MapServer). Unofficial viewing data, not legal title.", "as_of": "2026-09-20", "role": "focus", "color": "#e8b040"}}, {"type": "Feature", "geometry": {"type": "Polygon", "coordinates": [[[-93.8375, 48.9833], [-93.8375, 48.9875], [-93.8438, 48.9875], [-93.8438, 48.9833], [-93.8375, 48.9833]]]}, "properties": {"company_id": "new-gold", "jurisdiction": "Ontario", "claim_id": "218488", "claim_name": null, "holder": "(100) NEW GOLD INC.", "status": "Active", "recorded_date": "2018-04-10", "anniversary_or_expiry": "2028-05-08", "area_ha": null, "tenure_type": "Single Cell Mining Claim", "source": "Ontario MLAS operational claims (OGSEarth / LIO MapServer). Unofficial viewing data, not legal title.", "as_of": "2026-09-20", "role": "focus", "color": "#e8b040"}}, {"type": "Feature", "geometry": {"type": "Polygon", "coordinates": [[[-93.825, 48.975], [-93.825, 48.9792], [-93.8313, 48.9792], [-93.8313, 48.975], [-93.825, 48.975]]]}, "properties": {"company_id": "new-gold", "jurisdiction": "Ontario", "claim_id": "218490", "claim_name": null, "holder": "(100) NEW GOLD INC.", "status": "Active", "recorded_date": "2018-04-10", "anniversary_or_expiry": "2028-06-02", "area_ha": null, "tenure_type": "Single Cell Mining Claim", "source": "Ontario MLAS operational claims (OGSEarth / LIO MapServer). Unofficial viewing data, not legal title.", "as_of": "2026-09-20", "role": "focus", "color": "#e8b040"}}, {"type": "Feature", "geometry": {"type": "Polygon", "coordinates": [[[-93.7563, 48.9958], [-93.7563, 49.0], [-93.7625, 49.0], [-93.7625, 48.9958], [-93.7563, 48.9958]]]}, "properties": {"company_id": "new-gold", "jurisdiction": "Ontario", "claim_id": "218491", "claim_name": null, "holder": "(100) NEW GOLD INC.", "status": "Active", "recorded_date": "2018-04-10", "anniversary_or_expiry": "2028-07-11", "area_ha": null, "tenure_type": "Boundary Cell Mining Claim", "source": "Ontario MLAS operational claims (OGSEarth / LIO MapServer). Unofficial viewing data, not legal title.", "as_of": "2026-09-20", "role": "focus", "color": "#e8b040"}}, {"type": "Feature", "geometry": {"type": "Polygon", "coordinates": [[[-93.7125, 49.025], [-93.7125, 49.0292], [-93.7188, 49.0292], [-93.7188, 49.025], [-93.7125, 49.025]]]}, "properties": {"company_id": "new-gold", "jurisdiction": "Ontario", "claim_id": "219074", "claim_name": null, "holder": "(100) NEW GOLD INC.", "status": "Active", "recorded_date": "2018-04-10", "anniversary_or_expiry": "2028-07-11", "area_ha": null, "tenure_type": "Single Cell Mining Claim", "source": "Ontario MLAS operational claims (OGSEarth / LIO MapServer). Unofficial viewing data, not legal title.", "as_of": "2026-09-20", "role": "focus", "color": "#e8b040"}}, {"type": "Feature", "geometry": {"type": "Polygon", "coordinates": [[[-93.775, 48.9958], [-93.775, 49.0], [-93.7813, 49.0], [-93.7813, 48.9958], [-93.775, 48.9958]]]}, "properties": {"company_id": "new-gold", "jurisdiction": "Ontario", "claim_id": "219163", "claim_name": null, "holder": "(100) NEW GOLD INC.", "status": "Active", "recorded_date": "2018-04-10", "anniversary_or_expiry": "2028-05-25", "area_ha": null, "tenure_type": "Single Cell Mining Claim", "source": "Ontario MLAS operational claims (OGSEarth / LIO MapServer). Unofficial viewing data, not legal title.", "as_of": "2026-09-20", "role": "focus", "color": "#e8b040"}}, {"type": "Feature", "geometry": {"type": "Polygon", "coordinates": [[[-94.3, 48.75], [-94.3, 48.7542], [-94.3063, 48.7542], [-94.3063, 48.75], [-94.3, 48.75]]]}, "properties": {"company_id": "new-gold", "jurisdiction": "Ontario", "claim_id": "218105", "claim_name": null, "holder": "(100) NEW GOLD INC.", "status": "Active", "recorded_date": "2018-04-10", "anniversary_or_expiry": "2027-01-26", "area_ha": null, "tenure_type": "Single Cell Mining Claim", "source": "Ontario MLAS operational claims (OGSEarth / LIO MapServer). Unofficial viewing data, not legal title.", "as_of": "2026-09-20", "role": "focus", "color": "#e8b040"}}, {"type": "Feature", "geometry": {"type": "Polygon", "coordinates": [[[-93.8, 48.9292], [-93.8, 48.9333], [-93.8063, 48.9333], [-93.8063, 48.9292], [-93.8, 48.9292]]]}, "properties": {"company_id": "new-gold", "jurisdiction": "Ontario", "claim_id": "217694", "claim_name": null, "holder": "(100) NEW GOLD INC.", "status": "Active", "recorded_date": "2018-04-10", "anniversary_or_expiry": "2027-02-13", "area_ha": null, "tenure_type": "Single Cell Mining Claim", "source": "Ontario MLAS operational claims (OGSEarth / LIO MapServer). Unofficial viewing data, not legal title.", "as_of": "2026-09-20", "role": "focus", "color": "#e8b040"}}, {"type": "Feature", "geometry": {"type": "Polygon", "coordinates": [[[-93.8875, 48.9458], [-93.8875, 48.95], [-93.8938, 48.95], [-93.8938, 48.9458], [-93.8875, 48.9458]]]}, "properties": {"company_id": "new-gold", "jurisdiction": "Ontario", "claim_id": "217764", "claim_name": null, "holder": "(100) NEW GOLD INC.", "status": "Active", "recorded_date": "2018-04-10", "anniversary_or_expiry": "2028-10-26", "area_ha": null, "tenure_type": "Single Cell Mining Claim", "source": "Ontario MLAS operational claims (OGSEarth / LIO MapServer). Unofficial viewing data, not legal title.", "as_of": "2026-09-20", "role": "focus", "color": "#e8b040"}}, {"type": "Feature", "geometry": {"type": "Polygon", "coordinates": [[[-93.8313, 48.9667], [-93.8313, 48.9708], [-93.8375, 48.9708], [-93.8375, 48.9667], [-93.8313, 48.9667]]]}, "properties": {"company_id": "new-gold", "jurisdiction": "Ontario", "claim_id": "218374", "claim_name": null, "holder": "(100) NEW GOLD INC.", "status": "Active", "recorded_date": "2018-04-10", "anniversary_or_expiry": "2028-06-02", "area_ha": null, "tenure_type": "Single Cell Mining Claim", "source": "Ontario MLAS operational claims (OGSEarth / LIO MapServer). Unofficial viewing data, not legal title.", "as_of": "2026-09-20", "role": "focus", "color": "#e8b040"}}, {"type": "Feature", "geometry": {"type": "Polygon", "coordinates": [[[-93.725, 48.9833], [-93.725, 48.9875], [-93.7313, 48.9875], [-93.7313, 48.9833], [-93.725, 48.9833]]]}, "properties": {"company_id": "new-gold", "jurisdiction": "Ontario", "claim_id": "218375", "claim_name": null, "holder": "(100) NEW GOLD INC.", "status": "Active", "recorded_date": "2018-04-10", "anniversary_or_expiry": "2028-07-11", "area_ha": null, "tenure_type": "Single Cell Mining Claim", "source": "Ontario MLAS operational claims (OGSEarth / LIO MapServer). Unofficial viewing data, not legal title.", "as_of": "2026-09-20", "role": "focus", "color": "#e8b040"}}, {"type": "Feature", "geometry": {"type": "Polygon", "coordinates": [[[-93.7813, 48.9792], [-93.7813, 48.9833], [-93.7875, 48.9833], [-93.7875, 48.9792], [-93.7813, 48.9792]]]}, "properties": {"company_id": "new-gold", "jurisdiction": "Ontario", "claim_id": "218376", "claim_name": null, "holder": "(100) NEW GOLD INC.", "status": "Active", "recorded_date": "2018-04-10", "anniversary_or_expiry": "2028-06-02", "area_ha": null, "tenure_type": "Single Cell Mining Claim", "source": "Ontario MLAS operational claims (OGSEarth / LIO MapServer). Unofficial viewing data, not legal title.", "as_of": "2026-09-20", "role": "focus", "color": "#e8b040"}}, {"type": "Feature", "geometry": {"type": "Polygon", "coordinates": [[[-93.7875, 48.975], [-93.7875, 48.9792], [-93.7938, 48.9792], [-93.7938, 48.975], [-93.7875, 48.975]]]}, "properties": {"company_id": "new-gold", "jurisdiction": "Ontario", "claim_id": "218377", "claim_name": null, "holder": "(100) NEW GOLD INC.", "status": "Active", "recorded_date": "2018-04-10", "anniversary_or_expiry": "2028-06-02", "area_ha": null, "tenure_type": "Single Cell Mining Claim", "source": "Ontario MLAS operational claims (OGSEarth / LIO MapServer). Unofficial viewing data, not legal title.", "as_of": "2026-09-20", "role": "focus", "color": "#e8b040"}}, {"type": "Feature", "geometry": {"type": "Polygon", "coordinates": [[[-93.775, 48.9667], [-93.775, 48.9708], [-93.7813, 48.9708], [-93.7813, 48.9667], [-93.775, 48.9667]]]}, "properties": {"company_id": "new-gold", "jurisdiction": "Ontario", "claim_id": "218378", "claim_name": null, "holder": "(100) NEW GOLD INC.", "status": "Active", "recorded_date": "2018-04-10", "anniversary_or_expiry": "2028-06-02", "area_ha": null, "tenure_type": "Single Cell Mining Claim", "source": "Ontario MLAS operational claims (OGSEarth / LIO MapServer). Unofficial viewing data, not legal title.", "as_of": "2026-09-20", "role": "focus", "color": "#e8b040"}}, {"type": "Feature", "geometry": {"type": "Polygon", "coordinates": [[[-93.8438, 48.9958], [-93.8438, 49.0], [-93.85, 49.0], [-93.85, 48.9958], [-93.8438, 48.9958]]]}, "properties": {"company_id": "new-gold", "jurisdiction": "Ontario", "claim_id": "218396", "claim_name": null, "holder": "(100) NEW GOLD INC.", "status": "Active", "recorded_date": "2018-04-10", "anniversary_or_expiry": "2028-08-04", "area_ha": null, "tenure_type": "Single Cell Mining Claim", "source": "Ontario MLAS operational claims (OGSEarth / LIO MapServer). Unofficial viewing data, not legal title.", "as_of": "2026-09-20", "role": "focus", "color": "#e8b040"}}, {"type": "Feature", "geometry": {"type": "Polygon", "coordinates": [[[-93.85, 49.0042], [-93.85, 49.0083], [-93.8563, 49.0083], [-93.8563, 49.0042], [-93.85, 49.0042]]]}, "properties": {"company_id": "new-gold", "jurisdiction": "Ontario", "claim_id": "218397", "claim_name": null, "holder": "(100) NEW GOLD INC.", "status": "Active", "recorded_date": "2018-04-10", "anniversary_or_expiry": "2028-08-04", "area_ha": null, "tenure_type": "Single Cell Mining Claim", "source": "Ontario MLAS operational claims (OGSEarth / LIO MapServer). Unofficial viewing data, not legal title.", "as_of": "2026-09-20", "role": "focus", "color": "#e8b040"}}, {"type": "Feature", "geometry": {"type": "Polygon", "coordinates": [[[-93.85, 49.0], [-93.85, 49.0042], [-93.8563, 49.0042], [-93.8563, 49.0], [-93.85, 49.0]]]}, "properties": {"company_id": "new-gold", "jurisdiction": "Ontario", "claim_id": "218398", "claim_name": null, "holder": "(100) NEW GOLD INC.", "status": "Active", "recorded_date": "2018-04-10", "anniversary_or_expiry": "2028-08-04", "area_ha": null, "tenure_type": "Single Cell Mining Claim", "source": "Ontario MLAS operational claims (OGSEarth / LIO MapServer). Unofficial viewing data, not legal title.", "as_of": "2026-09-20", "role": "focus", "color": "#e8b040"}}, {"type": "Feature", "geometry": {"type": "Polygon", "coordinates": [[[-94.2688, 48.8042], [-94.2688, 48.8083], [-94.275, 48.8083], [-94.275, 48.8042], [-94.2688, 48.8042]]]}, "properties": {"company_id": "new-gold", "jurisdiction": "Ontario", "claim_id": "220896", "claim_name": null, "holder": "(100) NEW GOLD INC.", "status": "Active", "recorded_date": "2018-04-10", "anniversary_or_expiry": "2026-12-02", "area_ha": null, "tenure_type": "Single Cell Mining Claim", "source": "Ontario MLAS operational claims (OGSEarth / LIO MapServer). Unofficial viewing data, not legal title.", "as_of": "2026-09-20", "role": "focus", "color": "#e8b040"}}, {"type": "Feature", "geometry": {"type": "Polygon", "coordinates": [[[-93.7563, 48.9792], [-93.7563, 48.9833], [-93.7625, 48.9833], [-93.7625, 48.9792], [-93.7563, 48.9792]]]}, "properties": {"company_id": "new-gold", "jurisdiction": "Ontario", "claim_id": "220352", "claim_name": null, "holder": "(100) NEW GOLD INC.", "status": "Active", "recorded_date": "2018-04-10", "anniversary_or_expiry": "2028-05-25", "area_ha": null, "tenure_type": "Boundary Cell Mining Claim", "source": "Ontario MLAS operational claims (OGSEarth / LIO MapServer). Unofficial viewing data, not legal title.", "as_of": "2026-09-20", "role": "focus", "color": "#e8b040"}}, {"type": "Feature", "geometry": {"type": "Polygon", "coordinates": [[[-93.8, 48.975], [-93.8, 48.9792], [-93.8063, 48.9792], [-93.8063, 48.975], [-93.8, 48.975]]]}, "properties": {"company_id": "new-gold", "jurisdiction": "Ontario", "claim_id": "220428", "claim_name": null, "holder": "(100) NEW GOLD INC.", "status": "Active", "recorded_date": "2018-04-10", "anniversary_or_expiry": "2028-06-02", "area_ha": null, "tenure_type": "Single Cell Mining Claim", "source": "Ontario MLAS operational claims (OGSEarth / LIO MapServer). Unofficial viewing data, not legal title.", "as_of": "2026-09-20", "role": "focus", "color": "#e8b040"}}, {"type": "Feature", "geometry": {"type": "Polygon", "coordinates": [[[-94.25, 48.7958], [-94.25, 48.8], [-94.2563, 48.8], [-94.2563, 48.7958], [-94.25, 48.7958]]]}, "properties": {"company_id": "new-gold", "jurisdiction": "Ontario", "claim_id": "224177", "claim_name": null, "holder": "(100) NEW GOLD INC.", "status": "Active", "recorded_date": "2018-04-10", "anniversary_or_expiry": "2028-11-22", "area_ha": null, "tenure_type": "Single Cell Mining Claim", "source": "Ontario MLAS operational claims (OGSEarth / LIO MapServer). Unofficial viewing data, not legal title.", "as_of": "2026-09-20", "role": "focus", "color": "#e8b040"}}, {"type": "Feature", "geometry": {"type": "Polygon", "coordinates": [[[-94.2375, 48.7833], [-94.2375, 48.7875], [-94.2438, 48.7875], [-94.2438, 48.7833], [-94.2375, 48.7833]]]}, "properties": {"company_id": "new-gold", "jurisdiction": "Ontario", "claim_id": "224178", "claim_name": null, "holder": "(100) NEW GOLD INC.", "status": "Active", "recorded_date": "2018-04-10", "anniversary_or_expiry": "2028-11-22", "area_ha": null, "tenure_type": "Single Cell Mining Claim", "source": "Ontario MLAS operational claims (OGSEarth / LIO MapServer). Unofficial viewing data, not legal title.", "as_of": "2026-09-20", "role": "focus", "color": "#e8b040"}}, {"type": "Feature", "geometry": {"type": "Polygon", "coordinates": [[[-94.0438, 48.8875], [-94.0438, 48.8917], [-94.05, 48.8917], [-94.05, 48.8875], [-94.0438, 48.8875]]]}, "properties": {"company_id": "new-gold", "jurisdiction": "Ontario", "claim_id": "224179", "claim_name": null, "holder": "(100) NEW GOLD INC.", "status": "Active", "recorded_date": "2018-04-10", "anniversary_or_expiry": "2028-10-15", "area_ha": null, "tenure_type": "Single Cell Mining Claim", "source": "Ontario MLAS operational claims (OGSEarth / LIO MapServer). Unofficial viewing data, not legal title.", "as_of": "2026-09-20", "role": "focus", "color": "#e8b040"}}, {"type": "Feature", "geometry": {"type": "Polygon", "coordinates": [[[-94.1, 48.8292], [-94.1, 48.8333], [-94.1063, 48.8333], [-94.1063, 48.8292], [-94.1, 48.8292]]]}, "properties": {"company_id": "new-gold", "jurisdiction": "Ontario", "claim_id": "223675", "claim_name": null, "holder": "(100) NEW GOLD INC.", "status": "Active", "recorded_date": "2018-04-10", "anniversary_or_expiry": "2028-11-27", "area_ha": null, "tenure_type": "Single Cell Mining Claim", "source": "Ontario MLAS operational claims (OGSEarth / LIO MapServer). Unofficial viewing data, not legal title.", "as_of": "2026-09-20", "role": "focus", "color": "#e8b040"}}, {"type": "Feature", "geometry": {"type": "Polygon", "coordinates": [[[-94.1188, 48.825], [-94.1188, 48.8292], [-94.125, 48.8292], [-94.125, 48.825], [-94.1188, 48.825]]]}, "properties": {"company_id": "new-gold", "jurisdiction": "Ontario", "claim_id": "223676", "claim_name": null, "holder": "(100) NEW GOLD INC.", "status": "Active", "recorded_date": "2018-04-10", "anniversary_or_expiry": "2028-11-27", "area_ha": null, "tenure_type": "Single Cell Mining Claim", "source": "Ontario MLAS operational claims (OGSEarth / LIO MapServer). Unofficial viewing data, not legal title.", "as_of": "2026-09-20", "role": "focus", "color": "#e8b040"}}, {"type": "Feature", "geometry": {"type": "Polygon", "coordinates": [[[-94.2625, 48.7917], [-94.2625, 48.7958], [-94.2688, 48.7958], [-94.2688, 48.7917], [-94.2625, 48.7917]]]}, "properties": {"company_id": "new-gold", "jurisdiction": "Ontario", "claim_id": "224258", "claim_name": null, "holder": "(100) NEW GOLD INC.", "status": "Active", "recorded_date": "2018-04-10", "anniversary_or_expiry": "2028-11-22", "area_ha": null, "tenure_type": "Single Cell Mining Claim", "source": "Ontario MLAS operational claims (OGSEarth / LIO MapServer). Unofficial viewing data, not legal title.", "as_of": "2026-09-20", "role": "focus", "color": "#e8b040"}}, {"type": "Feature", "geometry": {"type": "Polygon", "coordinates": [[[-93.9125, 48.8667], [-93.9125, 48.8708], [-93.9188, 48.8708], [-93.9188, 48.8667], [-93.9125, 48.8667]]]}, "properties": {"company_id": "new-gold", "jurisdiction": "Ontario", "claim_id": "224260", "claim_name": null, "holder": "(100) NEW GOLD INC.", "status": "Active", "recorded_date": "2018-04-10", "anniversary_or_expiry": "2028-05-06", "area_ha": null, "tenure_type": "Single Cell Mining Claim", "source": "Ontario MLAS operational claims (OGSEarth / LIO MapServer). Unofficial viewing data, not legal title.", "as_of": "2026-09-20", "role": "focus", "color": "#e8b040"}}, {"type": "Feature", "geometry": {"type": "Polygon", "coordinates": [[[-93.8375, 48.9083], [-93.8375, 48.9125], [-93.8438, 48.9125], [-93.8438, 48.9083], [-93.8375, 48.9083]]]}, "properties": {"company_id": "new-gold", "jurisdiction": "Ontario", "claim_id": "223521", "claim_name": null, "holder": "(100) NEW GOLD INC.", "status": "Active", "recorded_date": "2018-04-10", "anniversary_or_expiry": "2028-06-26", "area_ha": null, "tenure_type": "Single Cell Mining Claim", "source": "Ontario MLAS operational claims (OGSEarth / LIO MapServer). Unofficial viewing data, not legal title.", "as_of": "2026-09-20", "role": "focus", "color": "#e8b040"}}, {"type": "Feature", "geometry": {"type": "Polygon", "coordinates": [[[-93.85, 48.9042], [-93.85, 48.9083], [-93.8563, 48.9083], [-93.8563, 48.9042], [-93.85, 48.9042]]]}, "properties": {"company_id": "new-gold", "jurisdiction": "Ontario", "claim_id": "223522", "claim_name": null, "holder": "(100) NEW GOLD INC.", "status": "Active", "recorded_date": "2018-04-10", "anniversary_or_expiry": "2028-06-26", "area_ha": null, "tenure_type": "Single Cell Mining Claim", "source": "Ontario MLAS operational claims (OGSEarth / LIO MapServer). Unofficial viewing data, not legal title.", "as_of": "2026-09-20", "role": "focus", "color": "#e8b040"}}, {"type": "Feature", "geometry": {"type": "Polygon", "coordinates": [[[-94.225, 48.8125], [-94.225, 48.8167], [-94.2313, 48.8167], [-94.2313, 48.8125], [-94.225, 48.8125]]]}, "properties": {"company_id": "new-gold", "jurisdiction": "Ontario", "claim_id": "223548", "claim_name": null, "holder": "(100) NEW GOLD INC.", "status": "Active", "recorded_date": "2018-04-10", "anniversary_or_expiry": "2028-11-22", "area_ha": null, "tenure_type": "Single Cell Mining Claim", "source": "Ontario MLAS operational claims (OGSEarth / LIO MapServer). Unofficial viewing data, not legal title.", "as_of": "2026-09-20", "role": "focus", "color": "#e8b040"}}, {"type": "Feature", "geometry": {"type": "Polygon", "coordinates": [[[-94.2313, 48.8125], [-94.2313, 48.8167], [-94.2375, 48.8167], [-94.2375, 48.8125], [-94.2313, 48.8125]]]}, "properties": {"company_id": "new-gold", "jurisdiction": "Ontario", "claim_id": "223549", "claim_name": null, "holder": "(100) NEW GOLD INC.", "status": "Active", "recorded_date": "2018-04-10", "anniversary_or_expiry": "2028-11-22", "area_ha": null, "tenure_type": "Single Cell Mining Claim", "source": "Ontario MLAS operational claims (OGSEarth / LIO MapServer). Unofficial viewing data, not legal title.", "as_of": "2026-09-20", "role": "focus", "color": "#e8b040"}}, {"type": "Feature", "geometry": {"type": "Polygon", "coordinates": [[[-94.225, 48.8], [-94.225, 48.8042], [-94.2313, 48.8042], [-94.2313, 48.8], [-94.225, 48.8]]]}, "properties": {"company_id": "new-gold", "jurisdiction": "Ontario", "claim_id": "223550", "claim_name": null, "holder": "(100) NEW GOLD INC.", "status": "Active", "recorded_date": "2018-04-10", "anniversary_or_expiry": "2028-11-22", "area_ha": null, "tenure_type": "Single Cell Mining Claim", "source": "Ontario MLAS operational claims (OGSEarth / LIO MapServer). Unofficial viewing data, not legal title.", "as_of": "2026-09-20", "role": "focus", "color": "#e8b040"}}, {"type": "Feature", "geometry": {"type": "Polygon", "coordinates": [[[-94.1375, 48.8542], [-94.1375, 48.8583], [-94.1438, 48.8583], [-94.1438, 48.8542], [-94.1375, 48.8542]]]}, "properties": {"company_id": "new-gold", "jurisdiction": "Ontario", "claim_id": "222989", "claim_name": null, "holder": "(100) NEW GOLD INC.", "status": "Active", "recorded_date": "2018-04-10", "anniversary_or_expiry": "2028-07-16", "area_ha": null, "tenure_type": "Single Cell Mining Claim", "source": "Ontario MLAS operational claims (OGSEarth / LIO MapServer). Unofficial viewing data, not legal title.", "as_of": "2026-09-20", "role": "focus", "color": "#e8b040"}}, {"type": "Feature", "geometry": {"type": "Polygon", "coordinates": [[[-94.1438, 48.8542], [-94.1438, 48.8583], [-94.15, 48.8583], [-94.15, 48.8542], [-94.1438, 48.8542]]]}, "properties": {"company_id": "new-gold", "jurisdiction": "Ontario", "claim_id": "222990", "claim_name": null, "holder": "(100) NEW GOLD INC.", "status": "Active", "recorded_date": "2018-04-10", "anniversary_or_expiry": "2028-07-16", "area_ha": null, "tenure_type": "Single Cell Mining Claim", "source": "Ontario MLAS operational claims (OGSEarth / LIO MapServer). Unofficial viewing data, not legal title.", "as_of": "2026-09-20", "role": "focus", "color": "#e8b040"}}, {"type": "Feature", "geometry": {"type": "Polygon", "coordinates": [[[-94.3063, 48.775], [-94.3063, 48.7792], [-94.3125, 48.7792], [-94.3125, 48.775], [-94.3063, 48.775]]]}, "properties": {"company_id": "new-gold", "jurisdiction": "Ontario", "claim_id": "223559", "claim_name": null, "holder": "(100) NEW GOLD INC.", "status": "Active", "recorded_date": "2018-04-10", "anniversary_or_expiry": "2027-01-26", "area_ha": null, "tenure_type": "Single Cell Mining Claim", "source": "Ontario MLAS operational claims (OGSEarth / LIO MapServer). Unofficial viewing data, not legal title.", "as_of": "2026-09-20", "role": "focus", "color": "#e8b040"}}, {"type": "Feature", "geometry": {"type": "Polygon", "coordinates": [[[-93.8688, 48.9042], [-93.8688, 48.9083], [-93.875, 48.9083], [-93.875, 48.9042], [-93.8688, 48.9042]]]}, "properties": {"company_id": "new-gold", "jurisdiction": "Ontario", "claim_id": "223567", "claim_name": null, "holder": "(100) NEW GOLD INC.", "status": "Active", "recorded_date": "2018-04-10", "anniversary_or_expiry": "2027-02-20", "area_ha": null, "tenure_type": "Single Cell Mining Claim", "source": "Ontario MLAS operational claims (OGSEarth / LIO MapServer). Unofficial viewing data, not legal title.", "as_of": "2026-09-20", "role": "focus", "color": "#e8b040"}}, {"type": "Feature", "geometry": {"type": "Polygon", "coordinates": [[[-93.725, 49.0208], [-93.725, 49.025], [-93.7313, 49.025], [-93.7313, 49.0208], [-93.725, 49.0208]]]}, "properties": {"company_id": "new-gold", "jurisdiction": "Ontario", "claim_id": "226516", "claim_name": null, "holder": "(100) NEW GOLD INC.", "status": "Active", "recorded_date": "2018-04-10", "anniversary_or_expiry": "2028-07-11", "area_ha": null, "tenure_type": "Single Cell Mining Claim", "source": "Ontario MLAS operational claims (OGSEarth / LIO MapServer). Unofficial viewing data, not legal title.", "as_of": "2026-09-20", "role": "focus", "color": "#e8b040"}}, {"type": "Feature", "geometry": {"type": "Polygon", "coordinates": [[[-93.7375, 49.0167], [-93.7375, 49.0208], [-93.7438, 49.0208], [-93.7438, 49.0167], [-93.7375, 49.0167]]]}, "properties": {"company_id": "new-gold", "jurisdiction": "Ontario", "claim_id": "226517", "claim_name": null, "holder": "(100) NEW GOLD INC.", "status": "Active", "recorded_date": "2018-04-10", "anniversary_or_expiry": "2028-07-11", "area_ha": null, "tenure_type": "Single Cell Mining Claim", "source": "Ontario MLAS operational claims (OGSEarth / LIO MapServer). Unofficial viewing data, not legal title.", "as_of": "2026-09-20", "role": "focus", "color": "#e8b040"}}, {"type": "Feature", "geometry": {"type": "Polygon", "coordinates": [[[-94.0875, 48.8833], [-94.0875, 48.8875], [-94.0938, 48.8875], [-94.0938, 48.8833], [-94.0875, 48.8833]]]}, "properties": {"company_id": "new-gold", "jurisdiction": "Ontario", "claim_id": "224909", "claim_name": null, "holder": "(100) NEW GOLD INC.", "status": "Active", "recorded_date": "2018-04-10", "anniversary_or_expiry": "2028-10-15", "area_ha": null, "tenure_type": "Single Cell Mining Claim", "source": "Ontario MLAS operational claims (OGSEarth / LIO MapServer). Unofficial viewing data, not legal title.", "as_of": "2026-09-20", "role": "focus", "color": "#e8b040"}}, {"type": "Feature", "geometry": {"type": "Polygon", "coordinates": [[[-94.2063, 48.8], [-94.2063, 48.8042], [-94.2125, 48.8042], [-94.2125, 48.8], [-94.2063, 48.8]]]}, "properties": {"company_id": "new-gold", "jurisdiction": "Ontario", "claim_id": "225616", "claim_name": null, "holder": "(100) NEW GOLD INC.", "status": "Active", "recorded_date": "2018-04-10", "anniversary_or_expiry": "2028-11-22", "area_ha": null, "tenure_type": "Single Cell Mining Claim", "source": "Ontario MLAS operational claims (OGSEarth / LIO MapServer). Unofficial viewing data, not legal title.", "as_of": "2026-09-20", "role": "focus", "color": "#e8b040"}}, {"type": "Feature", "geometry": {"type": "Polygon", "coordinates": [[[-94.2, 48.7917], [-94.2, 48.7958], [-94.2063, 48.7958], [-94.2063, 48.7917], [-94.2, 48.7917]]]}, "properties": {"company_id": "new-gold", "jurisdiction": "Ontario", "claim_id": "225617", "claim_name": null, "holder": "(100) NEW GOLD INC.", "status": "Active", "recorded_date": "2018-04-10", "anniversary_or_expiry": "2028-11-22", "area_ha": null, "tenure_type": "Single Cell Mining Claim", "source": "Ontario MLAS operational claims (OGSEarth / LIO MapServer). Unofficial viewing data, not legal title.", "as_of": "2026-09-20", "role": "focus", "color": "#e8b040"}}, {"type": "Feature", "geometry": {"type": "Polygon", "coordinates": [[[-93.8625, 48.9792], [-93.8625, 48.9833], [-93.8688, 48.9833], [-93.8688, 48.9792], [-93.8625, 48.9792]]]}, "properties": {"company_id": "new-gold", "jurisdiction": "Ontario", "claim_id": "225726", "claim_name": null, "holder": "(100) NEW GOLD INC.", "status": "Active", "recorded_date": "2018-04-10", "anniversary_or_expiry": "2028-10-26", "area_ha": null, "tenure_type": "Boundary Cell Mining Claim", "source": "Ontario MLAS operational claims (OGSEarth / LIO MapServer). Unofficial viewing data, not legal title.", "as_of": "2026-09-20", "role": "focus", "color": "#e8b040"}}, {"type": "Feature", "geometry": {"type": "Polygon", "coordinates": [[[-93.8375, 48.9667], [-93.8375, 48.9708], [-93.8438, 48.9708], [-93.8438, 48.9667], [-93.8375, 48.9667]]]}, "properties": {"company_id": "new-gold", "jurisdiction": "Ontario", "claim_id": "225813", "claim_name": null, "holder": "(100) NEW GOLD INC.", "status": "Active", "recorded_date": "2018-04-10", "anniversary_or_expiry": "2028-06-02", "area_ha": null, "tenure_type": "Single Cell Mining Claim", "source": "Ontario MLAS operational claims (OGSEarth / LIO MapServer). Unofficial viewing data, not legal title.", "as_of": "2026-09-20", "role": "focus", "color": "#e8b040"}}, {"type": "Feature", "geometry": {"type": "Polygon", "coordinates": [[[-93.8313, 48.9625], [-93.8313, 48.9667], [-93.8375, 48.9667], [-93.8375, 48.9625], [-93.8313, 48.9625]]]}, "properties": {"company_id": "new-gold", "jurisdiction": "Ontario", "claim_id": "225814", "claim_name": null, "holder": "(100) NEW GOLD INC.", "status": "Active", "recorded_date": "2018-04-10", "anniversary_or_expiry": "2028-06-02", "area_ha": null, "tenure_type": "Single Cell Mining Claim", "source": "Ontario MLAS operational claims (OGSEarth / LIO MapServer). Unofficial viewing data, not legal title.", "as_of": "2026-09-20", "role": "focus", "color": "#e8b040"}}, {"type": "Feature", "geometry": {"type": "Polygon", "coordinates": [[[-93.7813, 48.9708], [-93.7813, 48.975], [-93.7875, 48.975], [-93.7875, 48.9708], [-93.7813, 48.9708]]]}, "properties": {"company_id": "new-gold", "jurisdiction": "Ontario", "claim_id": "225815", "claim_name": null, "holder": "(100) NEW GOLD INC.", "status": "Active", "recorded_date": "2018-04-10", "anniversary_or_expiry": "2028-06-02", "area_ha": null, "tenure_type": "Single Cell Mining Claim", "source": "Ontario MLAS operational claims (OGSEarth / LIO MapServer). Unofficial viewing data, not legal title.", "as_of": "2026-09-20", "role": "focus", "color": "#e8b040"}}, {"type": "Feature", "geometry": {"type": "Polygon", "coordinates": [[[-93.9938, 48.7792], [-93.9938, 48.7833], [-94.0, 48.7833], [-94.0, 48.7792], [-93.9938, 48.7792]]]}, "properties": {"company_id": "new-gold", "jurisdiction": "Ontario", "claim_id": "226386", "claim_name": null, "holder": "(100) NEW GOLD INC.", "status": "Active", "recorded_date": "2018-04-10", "anniversary_or_expiry": "2027-01-11", "area_ha": null, "tenure_type": "Single Cell Mining Claim", "source": "Ontario MLAS operational claims (OGSEarth / LIO MapServer). Unofficial viewing data, not legal title.", "as_of": "2026-09-20", "role": "focus", "color": "#e8b040"}}, {"type": "Feature", "geometry": {"type": "Polygon", "coordinates": [[[-93.85, 48.9875], [-93.85, 48.9917], [-93.8563, 48.9917], [-93.8563, 48.9875], [-93.85, 48.9875]]]}, "properties": {"company_id": "new-gold", "jurisdiction": "Ontario", "claim_id": "225840", "claim_name": null, "holder": "(100) NEW GOLD INC.", "status": "Active", "recorded_date": "2018-04-10", "anniversary_or_expiry": "2028-05-08", "area_ha": null, "tenure_type": "Single Cell Mining Claim", "source": "Ontario MLAS operational claims (OGSEarth / LIO MapServer). Unofficial viewing data, not legal title.", "as_of": "2026-09-20", "role": "focus", "color": "#e8b040"}}, {"type": "Feature", "geometry": {"type": "Polygon", "coordinates": [[[-93.8438, 48.9833], [-93.8438, 48.9875], [-93.85, 48.9875], [-93.85, 48.9833], [-93.8438, 48.9833]]]}, "properties": {"company_id": "new-gold", "jurisdiction": "Ontario", "claim_id": "225841", "claim_name": null, "holder": "(100) NEW GOLD INC.", "status": "Active", "recorded_date": "2018-04-10", "anniversary_or_expiry": "2028-05-08", "area_ha": null, "tenure_type": "Single Cell Mining Claim", "source": "Ontario MLAS operational claims (OGSEarth / LIO MapServer). Unofficial viewing data, not legal title.", "as_of": "2026-09-20", "role": "focus", "color": "#e8b040"}}, {"type": "Feature", "geometry": {"type": "Polygon", "coordinates": [[[-93.8063, 48.9667], [-93.8063, 48.9708], [-93.8125, 48.9708], [-93.8125, 48.9667], [-93.8063, 48.9667]]]}, "properties": {"company_id": "new-gold", "jurisdiction": "Ontario", "claim_id": "226405", "claim_name": null, "holder": "(100) NEW GOLD INC.", "status": "Active", "recorded_date": "2018-04-10", "anniversary_or_expiry": "2028-06-02", "area_ha": null, "tenure_type": "Single Cell Mining Claim", "source": "Ontario MLAS operational claims (OGSEarth / LIO MapServer). Unofficial viewing data, not legal title.", "as_of": "2026-09-20", "role": "focus", "color": "#e8b040"}}, {"type": "Feature", "geometry": {"type": "Polygon", "coordinates": [[[-93.8375, 48.9917], [-93.8375, 48.9958], [-93.8438, 48.9958], [-93.8438, 48.9917], [-93.8375, 48.9917]]]}, "properties": {"company_id": "new-gold", "jurisdiction": "Ontario", "claim_id": "226439", "claim_name": null, "holder": "(100) NEW GOLD INC.", "status": "Active", "recorded_date": "2018-04-10", "anniversary_or_expiry": "2028-05-08", "area_ha": null, "tenure_type": "Single Cell Mining Claim", "source": "Ontario MLAS operational claims (OGSEarth / LIO MapServer). Unofficial viewing data, not legal title.", "as_of": "2026-09-20", "role": "focus", "color": "#e8b040"}}, {"type": "Feature", "geometry": {"type": "Polygon", "coordinates": [[[-93.8313, 48.9792], [-93.8313, 48.9833], [-93.8375, 48.9833], [-93.8375, 48.9792], [-93.8313, 48.9792]]]}, "properties": {"company_id": "new-gold", "jurisdiction": "Ontario", "claim_id": "226440", "claim_name": null, "holder": "(100) NEW GOLD INC.", "status": "Active", "recorded_date": "2018-04-10", "anniversary_or_expiry": "2028-06-02", "area_ha": null, "tenure_type": "Single Cell Mining Claim", "source": "Ontario MLAS operational claims (OGSEarth / LIO MapServer). Unofficial viewing data, not legal title.", "as_of": "2026-09-20", "role": "focus", "color": "#e8b040"}}, {"type": "Feature", "geometry": {"type": "Polygon", "coordinates": [[[-94.0563, 48.825], [-94.0563, 48.8292], [-94.0625, 48.8292], [-94.0625, 48.825], [-94.0563, 48.825]]]}, "properties": {"company_id": "new-gold", "jurisdiction": "Ontario", "claim_id": "227625", "claim_name": null, "holder": "(100) NEW GOLD INC.", "status": "Active", "recorded_date": "2018-04-10", "anniversary_or_expiry": "2028-10-27", "area_ha": null, "tenure_type": "Single Cell Mining Claim", "source": "Ontario MLAS operational claims (OGSEarth / LIO MapServer). Unofficial viewing data, not legal title.", "as_of": "2026-09-20", "role": "focus", "color": "#e8b040"}}, {"type": "Feature", "geometry": {"type": "Polygon", "coordinates": [[[-94.0625, 48.825], [-94.0625, 48.8292], [-94.0688, 48.8292], [-94.0688, 48.825], [-94.0625, 48.825]]]}, "properties": {"company_id": "new-gold", "jurisdiction": "Ontario", "claim_id": "227626", "claim_name": null, "holder": "(100) NEW GOLD INC.", "status": "Active", "recorded_date": "2018-04-10", "anniversary_or_expiry": "2028-10-27", "area_ha": null, "tenure_type": "Single Cell Mining Claim", "source": "Ontario MLAS operational claims (OGSEarth / LIO MapServer). Unofficial viewing data, not legal title.", "as_of": "2026-09-20", "role": "focus", "color": "#e8b040"}}, {"type": "Feature", "geometry": {"type": "Polygon", "coordinates": [[[-94.0688, 48.825], [-94.0688, 48.8292], [-94.075, 48.8292], [-94.075, 48.825], [-94.0688, 48.825]]]}, "properties": {"company_id": "new-gold", "jurisdiction": "Ontario", "claim_id": "227627", "claim_name": null, "holder": "(100) NEW GOLD INC.", "status": "Active", "recorded_date": "2018-04-10", "anniversary_or_expiry": "2028-10-27", "area_ha": null, "tenure_type": "Single Cell Mining Claim", "source": "Ontario MLAS operational claims (OGSEarth / LIO MapServer). Unofficial viewing data, not legal title.", "as_of": "2026-09-20", "role": "focus", "color": "#e8b040"}}, {"type": "Feature", "geometry": {"type": "Polygon", "coordinates": [[[-94.2563, 48.8208], [-94.2563, 48.825], [-94.2625, 48.825], [-94.2625, 48.8208], [-94.2563, 48.8208]]]}, "properties": {"company_id": "new-gold", "jurisdiction": "Ontario", "claim_id": "227056", "claim_name": null, "holder": "(100) NEW GOLD INC.", "status": "Active", "recorded_date": "2018-04-10", "anniversary_or_expiry": "2026-12-02", "area_ha": null, "tenure_type": "Single Cell Mining Claim", "source": "Ontario MLAS operational claims (OGSEarth / LIO MapServer). Unofficial viewing data, not legal title.", "as_of": "2026-09-20", "role": "focus", "color": "#e8b040"}}, {"type": "Feature", "geometry": {"type": "Polygon", "coordinates": [[[-94.2563, 48.8125], [-94.2563, 48.8167], [-94.2625, 48.8167], [-94.2625, 48.8125], [-94.2563, 48.8125]]]}, "properties": {"company_id": "new-gold", "jurisdiction": "Ontario", "claim_id": "227057", "claim_name": null, "holder": "(100) NEW GOLD INC.", "status": "Active", "recorded_date": "2018-04-10", "anniversary_or_expiry": "2026-12-02", "area_ha": null, "tenure_type": "Single Cell Mining Claim", "source": "Ontario MLAS operational claims (OGSEarth / LIO MapServer). Unofficial viewing data, not legal title.", "as_of": "2026-09-20", "role": "focus", "color": "#e8b040"}}, {"type": "Feature", "geometry": {"type": "Polygon", "coordinates": [[[-93.8063, 48.8833], [-93.8063, 48.8875], [-93.8125, 48.8875], [-93.8125, 48.8833], [-93.8063, 48.8833]]]}, "properties": {"company_id": "new-gold", "jurisdiction": "Ontario", "claim_id": "227102", "claim_name": null, "holder": "(100) NEW GOLD INC.", "status": "Active", "recorded_date": "2018-04-10", "anniversary_or_expiry": "2028-05-04", "area_ha": null, "tenure_type": "Single Cell Mining Claim", "source": "Ontario MLAS operational claims (OGSEarth / LIO MapServer). Unofficial viewing data, not legal title.", "as_of": "2026-09-20", "role": "focus", "color": "#e8b040"}}, {"type": "Feature", "geometry": {"type": "Polygon", "coordinates": [[[-94.2875, 48.8], [-94.2875, 48.8042], [-94.2938, 48.8042], [-94.2938, 48.8], [-94.2875, 48.8]]]}, "properties": {"company_id": "new-gold", "jurisdiction": "Ontario", "claim_id": "227684", "claim_name": null, "holder": "(100) NEW GOLD INC.", "status": "Active", "recorded_date": "2018-04-10", "anniversary_or_expiry": "2026-12-02", "area_ha": null, "tenure_type": "Single Cell Mining Claim", "source": "Ontario MLAS operational claims (OGSEarth / LIO MapServer). Unofficial viewing data, not legal title.", "as_of": "2026-09-20", "role": "focus", "color": "#e8b040"}}, {"type": "Feature", "geometry": {"type": "Polygon", "coordinates": [[[-94.2688, 48.7958], [-94.2688, 48.8], [-94.275, 48.8], [-94.275, 48.7958], [-94.2688, 48.7958]]]}, "properties": {"company_id": "new-gold", "jurisdiction": "Ontario", "claim_id": "227685", "claim_name": null, "holder": "(100) NEW GOLD INC.", "status": "Active", "recorded_date": "2018-04-10", "anniversary_or_expiry": "2026-12-02", "area_ha": null, "tenure_type": "Single Cell Mining Claim", "source": "Ontario MLAS operational claims (OGSEarth / LIO MapServer). Unofficial viewing data, not legal title.", "as_of": "2026-09-20", "role": "focus", "color": "#e8b040"}}, {"type": "Feature", "geometry": {"type": "Polygon", "coordinates": [[[-93.7438, 49.025], [-93.7438, 49.0292], [-93.75, 49.0292], [-93.75, 49.025], [-93.7438, 49.025]]]}, "properties": {"company_id": "new-gold", "jurisdiction": "Ontario", "claim_id": "227780", "claim_name": null, "holder": "(100) NEW GOLD INC.", "status": "Active", "recorded_date": "2018-04-10", "anniversary_or_expiry": "2028-07-11", "area_ha": null, "tenure_type": "Single Cell Mining Claim", "source": "Ontario MLAS operational claims (OGSEarth / LIO MapServer). Unofficial viewing data, not legal title.", "as_of": "2026-09-20", "role": "focus", "color": "#e8b040"}}, {"type": "Feature", "geometry": {"type": "Polygon", "coordinates": [[[-93.75, 49.0167], [-93.75, 49.0208], [-93.7563, 49.0208], [-93.7563, 49.0167], [-93.75, 49.0167]]]}, "properties": {"company_id": "new-gold", "jurisdiction": "Ontario", "claim_id": "227781", "claim_name": null, "holder": "(100) NEW GOLD INC.", "status": "Active", "recorded_date": "2018-04-10", "anniversary_or_expiry": "2028-07-11", "area_ha": null, "tenure_type": "Single Cell Mining Claim", "source": "Ontario MLAS operational claims (OGSEarth / LIO MapServer). Unofficial viewing data, not legal title.", "as_of": "2026-09-20", "role": "focus", "color": "#e8b040"}}, {"type": "Feature", "geometry": {"type": "Polygon", "coordinates": [[[-93.7688, 48.9792], [-93.7688, 48.9833], [-93.775, 48.9833], [-93.775, 48.9792], [-93.7688, 48.9792]]]}, "properties": {"company_id": "new-gold", "jurisdiction": "Ontario", "claim_id": "227795", "claim_name": null, "holder": "(100) NEW GOLD INC.", "status": "Active", "recorded_date": "2018-04-10", "anniversary_or_expiry": "2028-05-25", "area_ha": null, "tenure_type": "Single Cell Mining Claim", "source": "Ontario MLAS operational claims (OGSEarth / LIO MapServer). Unofficial viewing data, not legal title.", "as_of": "2026-09-20", "role": "focus", "color": "#e8b040"}}, {"type": "Feature", "geometry": {"type": "Polygon", "coordinates": [[[-93.8, 48.9083], [-93.8, 48.9125], [-93.8063, 48.9125], [-93.8063, 48.9083], [-93.8, 48.9083]]]}, "properties": {"company_id": "new-gold", "jurisdiction": "Ontario", "claim_id": "228398", "claim_name": null, "holder": "(100) NEW GOLD INC.", "status": "Active", "recorded_date": "2018-04-10", "anniversary_or_expiry": "2027-01-28", "area_ha": null, "tenure_type": "Boundary Cell Mining Claim", "source": "Ontario MLAS operational claims (OGSEarth / LIO MapServer). Unofficial viewing data, not legal title.", "as_of": "2026-09-20", "role": "focus", "color": "#e8b040"}}, {"type": "Feature", "geometry": {"type": "Polygon", "coordinates": [[[-93.7938, 48.9708], [-93.7938, 48.975], [-93.8, 48.975], [-93.8, 48.9708], [-93.7938, 48.9708]]]}, "properties": {"company_id": "new-gold", "jurisdiction": "Ontario", "claim_id": "228399", "claim_name": null, "holder": "(100) NEW GOLD INC.", "status": "Active", "recorded_date": "2018-04-10", "anniversary_or_expiry": "2028-06-02", "area_ha": null, "tenure_type": "Single Cell Mining Claim", "source": "Ontario MLAS operational claims (OGSEarth / LIO MapServer). Unofficial viewing data, not legal title.", "as_of": "2026-09-20", "role": "focus", "color": "#e8b040"}}, {"type": "Feature", "geometry": {"type": "Polygon", "coordinates": [[[-93.7438, 49.0042], [-93.7438, 49.0083], [-93.75, 49.0083], [-93.75, 49.0042], [-93.7438, 49.0042]]]}, "properties": {"company_id": "new-gold", "jurisdiction": "Ontario", "claim_id": "227829", "claim_name": null, "holder": "(100) NEW GOLD INC.", "status": "Active", "recorded_date": "2018-04-10", "anniversary_or_expiry": "2028-07-11", "area_ha": null, "tenure_type": "Single Cell Mining Claim", "source": "Ontario MLAS operational claims (OGSEarth / LIO MapServer). Unofficial viewing data, not legal title.", "as_of": "2026-09-20", "role": "focus", "color": "#e8b040"}}, {"type": "Feature", "geometry": {"type": "Polygon", "coordinates": [[[-94.3, 48.7583], [-94.3, 48.7625], [-94.3063, 48.7625], [-94.3063, 48.7583], [-94.3, 48.7583]]]}, "properties": {"company_id": "new-gold", "jurisdiction": "Ontario", "claim_id": "227400", "claim_name": null, "holder": "(100) NEW GOLD INC.", "status": "Active", "recorded_date": "2018-04-10", "anniversary_or_expiry": "2027-01-26", "area_ha": null, "tenure_type": "Single Cell Mining Claim", "source": "Ontario MLAS operational claims (OGSEarth / LIO MapServer). Unofficial viewing data, not legal title.", "as_of": "2026-09-20", "role": "focus", "color": "#e8b040"}}, {"type": "Feature", "geometry": {"type": "Polygon", "coordinates": [[[-94.2813, 48.7917], [-94.2813, 48.7958], [-94.2875, 48.7958], [-94.2875, 48.7917], [-94.2813, 48.7917]]]}, "properties": {"company_id": "new-gold", "jurisdiction": "Ontario", "claim_id": "229466", "claim_name": null, "holder": "(100) NEW GOLD INC.", "status": "Active", "recorded_date": "2018-04-10", "anniversary_or_expiry": "2026-12-02", "area_ha": null, "tenure_type": "Single Cell Mining Claim", "source": "Ontario MLAS operational claims (OGSEarth / LIO MapServer). Unofficial viewing data, not legal title.", "as_of": "2026-09-20", "role": "focus", "color": "#e8b040"}}, {"type": "Feature", "geometry": {"type": "Polygon", "coordinates": [[[-94.1938, 48.8083], [-94.1938, 48.8125], [-94.2, 48.8125], [-94.2, 48.8083], [-94.1938, 48.8083]]]}, "properties": {"company_id": "new-gold", "jurisdiction": "Ontario", "claim_id": "229584", "claim_name": null, "holder": "(100) NEW GOLD INC.", "status": "Active", "recorded_date": "2018-04-10", "anniversary_or_expiry": "2027-03-03", "area_ha": null, "tenure_type": "Single Cell Mining Claim", "source": "Ontario MLAS operational claims (OGSEarth / LIO MapServer). Unofficial viewing data, not legal title.", "as_of": "2026-09-20", "role": "focus", "color": "#e8b040"}}, {"type": "Feature", "geometry": {"type": "Polygon", "coordinates": [[[-94.2, 48.8083], [-94.2, 48.8125], [-94.2063, 48.8125], [-94.2063, 48.8083], [-94.2, 48.8083]]]}, "properties": {"company_id": "new-gold", "jurisdiction": "Ontario", "claim_id": "229585", "claim_name": null, "holder": "(100) NEW GOLD INC.", "status": "Active", "recorded_date": "2018-04-10", "anniversary_or_expiry": "2027-03-03", "area_ha": null, "tenure_type": "Single Cell Mining Claim", "source": "Ontario MLAS operational claims (OGSEarth / LIO MapServer). Unofficial viewing data, not legal title.", "as_of": "2026-09-20", "role": "focus", "color": "#e8b040"}}, {"type": "Feature", "geometry": {"type": "Polygon", "coordinates": [[[-94.1438, 48.8625], [-94.1438, 48.8667], [-94.15, 48.8667], [-94.15, 48.8625], [-94.1438, 48.8625]]]}, "properties": {"company_id": "new-gold", "jurisdiction": "Ontario", "claim_id": "230274", "claim_name": null, "holder": "(100) NEW GOLD INC.", "status": "Active", "recorded_date": "2018-04-10", "anniversary_or_expiry": "2028-07-16", "area_ha": null, "tenure_type": "Single Cell Mining Claim", "source": "Ontario MLAS operational claims (OGSEarth / LIO MapServer). Unofficial viewing data, not legal title.", "as_of": "2026-09-20", "role": "focus", "color": "#e8b040"}}, {"type": "Feature", "geometry": {"type": "Polygon", "coordinates": [[[-93.8375, 48.9042], [-93.8375, 48.9083], [-93.8438, 48.9083], [-93.8438, 48.9042], [-93.8375, 48.9042]]]}, "properties": {"company_id": "new-gold", "jurisdiction": "Ontario", "claim_id": "230295", "claim_name": null, "holder": "(100) NEW GOLD INC.", "status": "Active", "recorded_date": "2018-04-10", "anniversary_or_expiry": "2028-06-26", "area_ha": null, "tenure_type": "Single Cell Mining Claim", "source": "Ontario MLAS operational claims (OGSEarth / LIO MapServer). Unofficial viewing data, not legal title.", "as_of": "2026-09-20", "role": "focus", "color": "#e8b040"}}, {"type": "Feature", "geometry": {"type": "Polygon", "coordinates": [[[-94.0063, 48.7958], [-94.0063, 48.8], [-94.0125, 48.8], [-94.0125, 48.7958], [-94.0063, 48.7958]]]}, "properties": {"company_id": "new-gold", "jurisdiction": "Ontario", "claim_id": "230301", "claim_name": null, "holder": "(100) NEW GOLD INC.", "status": "Active", "recorded_date": "2018-04-10", "anniversary_or_expiry": "2027-01-11", "area_ha": null, "tenure_type": "Single Cell Mining Claim", "source": "Ontario MLAS operational claims (OGSEarth / LIO MapServer). Unofficial viewing data, not legal title.", "as_of": "2026-09-20", "role": "focus", "color": "#e8b040"}}, {"type": "Feature", "geometry": {"type": "Polygon", "coordinates": [[[-94.0063, 48.7875], [-94.0063, 48.7917], [-94.0125, 48.7917], [-94.0125, 48.7875], [-94.0063, 48.7875]]]}, "properties": {"company_id": "new-gold", "jurisdiction": "Ontario", "claim_id": "230302", "claim_name": null, "holder": "(100) NEW GOLD INC.", "status": "Active", "recorded_date": "2018-04-10", "anniversary_or_expiry": "2027-01-11", "area_ha": null, "tenure_type": "Single Cell Mining Claim", "source": "Ontario MLAS operational claims (OGSEarth / LIO MapServer). Unofficial viewing data, not legal title.", "as_of": "2026-09-20", "role": "focus", "color": "#e8b040"}}, {"type": "Feature", "geometry": {"type": "Polygon", "coordinates": [[[-94.0563, 48.8875], [-94.0563, 48.8917], [-94.0625, 48.8917], [-94.0625, 48.8875], [-94.0563, 48.8875]]]}, "properties": {"company_id": "new-gold", "jurisdiction": "Ontario", "claim_id": "230883", "claim_name": null, "holder": "(100) NEW GOLD INC.", "status": "Active", "recorded_date": "2018-04-10", "anniversary_or_expiry": "2028-10-15", "area_ha": null, "tenure_type": "Single Cell Mining Claim", "source": "Ontario MLAS operational claims (OGSEarth / LIO MapServer). Unofficial viewing data, not legal title.", "as_of": "2026-09-20", "role": "focus", "color": "#e8b040"}}, {"type": "Feature", "geometry": {"type": "Polygon", "coordinates": [[[-94.05, 48.8833], [-94.05, 48.8875], [-94.0563, 48.8875], [-94.0563, 48.8833], [-94.05, 48.8833]]]}, "properties": {"company_id": "new-gold", "jurisdiction": "Ontario", "claim_id": "230884", "claim_name": null, "holder": "(100) NEW GOLD INC.", "status": "Active", "recorded_date": "2018-04-10", "anniversary_or_expiry": "2028-10-15", "area_ha": null, "tenure_type": "Single Cell Mining Claim", "source": "Ontario MLAS operational claims (OGSEarth / LIO MapServer). Unofficial viewing data, not legal title.", "as_of": "2026-09-20", "role": "focus", "color": "#e8b040"}}, {"type": "Feature", "geometry": {"type": "Polygon", "coordinates": [[[-93.8438, 48.8833], [-93.8438, 48.8875], [-93.85, 48.8875], [-93.85, 48.8833], [-93.8438, 48.8833]]]}, "properties": {"company_id": "new-gold", "jurisdiction": "Ontario", "claim_id": "230923", "claim_name": null, "holder": "(100) NEW GOLD INC.", "status": "Active", "recorded_date": "2018-04-10", "anniversary_or_expiry": "2028-05-16", "area_ha": null, "tenure_type": "Single Cell Mining Claim", "source": "Ontario MLAS operational claims (OGSEarth / LIO MapServer). Unofficial viewing data, not legal title.", "as_of": "2026-09-20", "role": "focus", "color": "#e8b040"}}, {"type": "Feature", "geometry": {"type": "Polygon", "coordinates": [[[-94.1125, 48.825], [-94.1125, 48.8292], [-94.1188, 48.8292], [-94.1188, 48.825], [-94.1125, 48.825]]]}, "properties": {"company_id": "new-gold", "jurisdiction": "Ontario", "claim_id": "230946", "claim_name": null, "holder": "(100) NEW GOLD INC.", "status": "Active", "recorded_date": "2018-04-10", "anniversary_or_expiry": "2028-11-27", "area_ha": null, "tenure_type": "Single Cell Mining Claim", "source": "Ontario MLAS operational claims (OGSEarth / LIO MapServer). Unofficial viewing data, not legal title.", "as_of": "2026-09-20", "role": "focus", "color": "#e8b040"}}, {"type": "Feature", "geometry": {"type": "Polygon", "coordinates": [[[-94.125, 48.825], [-94.125, 48.8292], [-94.1313, 48.8292], [-94.1313, 48.825], [-94.125, 48.825]]]}, "properties": {"company_id": "new-gold", "jurisdiction": "Ontario", "claim_id": "230947", "claim_name": null, "holder": "(100) NEW GOLD INC.", "status": "Active", "recorded_date": "2018-04-10", "anniversary_or_expiry": "2028-11-27", "area_ha": null, "tenure_type": "Single Cell Mining Claim", "source": "Ontario MLAS operational claims (OGSEarth / LIO MapServer). Unofficial viewing data, not legal title.", "as_of": "2026-09-20", "role": "focus", "color": "#e8b040"}}, {"type": "Feature", "geometry": {"type": "Polygon", "coordinates": [[[-94.125, 48.8542], [-94.125, 48.8583], [-94.1313, 48.8583], [-94.1313, 48.8542], [-94.125, 48.8542]]]}, "properties": {"company_id": "new-gold", "jurisdiction": "Ontario", "claim_id": "230963", "claim_name": null, "holder": "(100) NEW GOLD INC.", "status": "Active", "recorded_date": "2018-04-10", "anniversary_or_expiry": "2028-09-25", "area_ha": null, "tenure_type": "Single Cell Mining Claim", "source": "Ontario MLAS operational claims (OGSEarth / LIO MapServer). Unofficial viewing data, not legal title.", "as_of": "2026-09-20", "role": "focus", "color": "#e8b040"}}, {"type": "Feature", "geometry": {"type": "Polygon", "coordinates": [[[-93.875, 48.8917], [-93.875, 48.8958], [-93.8813, 48.8958], [-93.8813, 48.8917], [-93.875, 48.8917]]]}, "properties": {"company_id": "new-gold", "jurisdiction": "Ontario", "claim_id": "230983", "claim_name": null, "holder": "(100) NEW GOLD INC.", "status": "Active", "recorded_date": "2018-04-10", "anniversary_or_expiry": "2027-01-28", "area_ha": null, "tenure_type": "Single Cell Mining Claim", "source": "Ontario MLAS operational claims (OGSEarth / LIO MapServer). Unofficial viewing data, not legal title.", "as_of": "2026-09-20", "role": "focus", "color": "#e8b040"}}, {"type": "Feature", "geometry": {"type": "Polygon", "coordinates": [[[-93.8813, 48.8917], [-93.8813, 48.8958], [-93.8875, 48.8958], [-93.8875, 48.8917], [-93.8813, 48.8917]]]}, "properties": {"company_id": "new-gold", "jurisdiction": "Ontario", "claim_id": "230984", "claim_name": null, "holder": "(100) NEW GOLD INC.", "status": "Active", "recorded_date": "2018-04-10", "anniversary_or_expiry": "2027-01-28", "area_ha": null, "tenure_type": "Single Cell Mining Claim", "source": "Ontario MLAS operational claims (OGSEarth / LIO MapServer). Unofficial viewing data, not legal title.", "as_of": "2026-09-20", "role": "focus", "color": "#e8b040"}}, {"type": "Feature", "geometry": {"type": "Polygon", "coordinates": [[[-94.0563, 48.8917], [-94.0563, 48.8958], [-94.0625, 48.8958], [-94.0625, 48.8917], [-94.0563, 48.8917]]]}, "properties": {"company_id": "new-gold", "jurisdiction": "Ontario", "claim_id": "232297", "claim_name": null, "holder": "(100) NEW GOLD INC.", "status": "Active", "recorded_date": "2018-04-10", "anniversary_or_expiry": "2028-10-15", "area_ha": null, "tenure_type": "Single Cell Mining Claim", "source": "Ontario MLAS operational claims (OGSEarth / LIO MapServer). Unofficial viewing data, not legal title.", "as_of": "2026-09-20", "role": "focus", "color": "#e8b040"}}, {"type": "Feature", "geometry": {"type": "Polygon", "coordinates": [[[-94.1938, 48.7917], [-94.1938, 48.7958], [-94.2, 48.7958], [-94.2, 48.7917], [-94.1938, 48.7917]]]}, "properties": {"company_id": "new-gold", "jurisdiction": "Ontario", "claim_id": "232905", "claim_name": null, "holder": "(100) NEW GOLD INC.", "status": "Active", "recorded_date": "2018-04-10", "anniversary_or_expiry": "2028-11-22", "area_ha": null, "tenure_type": "Single Cell Mining Claim", "source": "Ontario MLAS operational claims (OGSEarth / LIO MapServer). Unofficial viewing data, not legal title.", "as_of": "2026-09-20", "role": "focus", "color": "#e8b040"}}, {"type": "Feature", "geometry": {"type": "Polygon", "coordinates": [[[-94.2125, 48.7958], [-94.2125, 48.8], [-94.2188, 48.8], [-94.2188, 48.7958], [-94.2125, 48.7958]]]}, "properties": {"company_id": "new-gold", "jurisdiction": "Ontario", "claim_id": "233559", "claim_name": null, "holder": "(100) NEW GOLD INC.", "status": "Active", "recorded_date": "2018-04-10", "anniversary_or_expiry": "2028-11-22", "area_ha": null, "tenure_type": "Single Cell Mining Claim", "source": "Ontario MLAS operational claims (OGSEarth / LIO MapServer). Unofficial viewing data, not legal title.", "as_of": "2026-09-20", "role": "focus", "color": "#e8b040"}}, {"type": "Feature", "geometry": {"type": "Polygon", "coordinates": [[[-93.925, 48.8792], [-93.925, 48.8833], [-93.9313, 48.8833], [-93.9313, 48.8792], [-93.925, 48.8792]]]}, "properties": {"company_id": "new-gold", "jurisdiction": "Ontario", "claim_id": "232992", "claim_name": null, "holder": "(100) NEW GOLD INC.", "status": "Active", "recorded_date": "2018-04-10", "anniversary_or_expiry": "2028-05-06", "area_ha": null, "tenure_type": "Single Cell Mining Claim", "source": "Ontario MLAS operational claims (OGSEarth / LIO MapServer). Unofficial viewing data, not legal title.", "as_of": "2026-09-20", "role": "focus", "color": "#e8b040"}}, {"type": "Feature", "geometry": {"type": "Polygon", "coordinates": [[[-94.1125, 48.8458], [-94.1125, 48.85], [-94.1188, 48.85], [-94.1188, 48.8458], [-94.1125, 48.8458]]]}, "properties": {"company_id": "new-gold", "jurisdiction": "Ontario", "claim_id": "232993", "claim_name": null, "holder": "(100) NEW GOLD INC.", "status": "Active", "recorded_date": "2018-04-10", "anniversary_or_expiry": "2028-11-27", "area_ha": null, "tenure_type": "Single Cell Mining Claim", "source": "Ontario MLAS operational claims (OGSEarth / LIO MapServer). Unofficial viewing data, not legal title.", "as_of": "2026-09-20", "role": "focus", "color": "#e8b040"}}, {"type": "Feature", "geometry": {"type": "Polygon", "coordinates": [[[-93.8125, 48.925], [-93.8125, 48.9292], [-93.8188, 48.9292], [-93.8188, 48.925], [-93.8125, 48.925]]]}, "properties": {"company_id": "new-gold", "jurisdiction": "Ontario", "claim_id": "233019", "claim_name": null, "holder": "(100) NEW GOLD INC.", "status": "Active", "recorded_date": "2018-04-10", "anniversary_or_expiry": "2028-06-21", "area_ha": null, "tenure_type": "Single Cell Mining Claim", "source": "Ontario MLAS operational claims (OGSEarth / LIO MapServer). Unofficial viewing data, not legal title.", "as_of": "2026-09-20", "role": "focus", "color": "#e8b040"}}, {"type": "Feature", "geometry": {"type": "Polygon", "coordinates": [[[-93.8188, 48.925], [-93.8188, 48.9292], [-93.825, 48.9292], [-93.825, 48.925], [-93.8188, 48.925]]]}, "properties": {"company_id": "new-gold", "jurisdiction": "Ontario", "claim_id": "233020", "claim_name": null, "holder": "(100) NEW GOLD INC.", "status": "Active", "recorded_date": "2018-04-10", "anniversary_or_expiry": "2028-06-21", "area_ha": null, "tenure_type": "Single Cell Mining Claim", "source": "Ontario MLAS operational claims (OGSEarth / LIO MapServer). Unofficial viewing data, not legal title.", "as_of": "2026-09-20", "role": "focus", "color": "#e8b040"}}, {"type": "Feature", "geometry": {"type": "Polygon", "coordinates": [[[-93.8563, 48.9], [-93.8563, 48.9042], [-93.8625, 48.9042], [-93.8625, 48.9], [-93.8563, 48.9]]]}, "properties": {"company_id": "new-gold", "jurisdiction": "Ontario", "claim_id": "233588", "claim_name": null, "holder": "(100) NEW GOLD INC.", "status": "Active", "recorded_date": "2018-04-10", "anniversary_or_expiry": "2027-01-28", "area_ha": null, "tenure_type": "Single Cell Mining Claim", "source": "Ontario MLAS operational claims (OGSEarth / LIO MapServer). Unofficial viewing data, not legal title.", "as_of": "2026-09-20", "role": "focus", "color": "#e8b040"}}, {"type": "Feature", "geometry": {"type": "Polygon", "coordinates": [[[-93.8688, 48.9], [-93.8688, 48.9042], [-93.875, 48.9042], [-93.875, 48.9], [-93.8688, 48.9]]]}, "properties": {"company_id": "new-gold", "jurisdiction": "Ontario", "claim_id": "233589", "claim_name": null, "holder": "(100) NEW GOLD INC.", "status": "Active", "recorded_date": "2018-04-10", "anniversary_or_expiry": "2027-01-28", "area_ha": null, "tenure_type": "Single Cell Mining Claim", "source": "Ontario MLAS operational claims (OGSEarth / LIO MapServer). Unofficial viewing data, not legal title.", "as_of": "2026-09-20", "role": "focus", "color": "#e8b040"}}, {"type": "Feature", "geometry": {"type": "Polygon", "coordinates": [[[-93.925, 48.875], [-93.925, 48.8792], [-93.9313, 48.8792], [-93.9313, 48.875], [-93.925, 48.875]]]}, "properties": {"company_id": "new-gold", "jurisdiction": "Ontario", "claim_id": "231544", "claim_name": null, "holder": "(100) NEW GOLD INC.", "status": "Active", "recorded_date": "2018-04-10", "anniversary_or_expiry": "2028-05-06", "area_ha": null, "tenure_type": "Single Cell Mining Claim", "source": "Ontario MLAS operational claims (OGSEarth / LIO MapServer). Unofficial viewing data, not legal title.", "as_of": "2026-09-20", "role": "focus", "color": "#e8b040"}}, {"type": "Feature", "geometry": {"type": "Polygon", "coordinates": [[[-94.0875, 48.8875], [-94.0875, 48.8917], [-94.0938, 48.8917], [-94.0938, 48.8875], [-94.0875, 48.8875]]]}, "properties": {"company_id": "new-gold", "jurisdiction": "Ontario", "claim_id": "232195", "claim_name": null, "holder": "(100) NEW GOLD INC.", "status": "Active", "recorded_date": "2018-04-10", "anniversary_or_expiry": "2028-10-15", "area_ha": null, "tenure_type": "Single Cell Mining Claim", "source": "Ontario MLAS operational claims (OGSEarth / LIO MapServer). Unofficial viewing data, not legal title.", "as_of": "2026-09-20", "role": "focus", "color": "#e8b040"}}, {"type": "Feature", "geometry": {"type": "Polygon", "coordinates": [[[-93.8188, 48.9417], [-93.8188, 48.9458], [-93.825, 48.9458], [-93.825, 48.9417], [-93.8188, 48.9417]]]}, "properties": {"company_id": "new-gold", "jurisdiction": "Ontario", "claim_id": "234219", "claim_name": null, "holder": "(100) NEW GOLD INC.", "status": "Active", "recorded_date": "2018-04-10", "anniversary_or_expiry": "2027-02-13", "area_ha": null, "tenure_type": "Single Cell Mining Claim", "source": "Ontario MLAS operational claims (OGSEarth / LIO MapServer). Unofficial viewing data, not legal title.", "as_of": "2026-09-20", "role": "focus", "color": "#e8b040"}}, {"type": "Feature", "geometry": {"type": "Polygon", "coordinates": [[[-93.8938, 48.9125], [-93.8938, 48.9167], [-93.9, 48.9167], [-93.9, 48.9125], [-93.8938, 48.9125]]]}, "properties": {"company_id": "new-gold", "jurisdiction": "Ontario", "claim_id": "233655", "claim_name": null, "holder": "(100) NEW GOLD INC.", "status": "Active", "recorded_date": "2018-04-10", "anniversary_or_expiry": "2028-10-26", "area_ha": null, "tenure_type": "Single Cell Mining Claim", "source": "Ontario MLAS operational claims (OGSEarth / LIO MapServer). Unofficial viewing data, not legal title.", "as_of": "2026-09-20", "role": "focus", "color": "#e8b040"}}, {"type": "Feature", "geometry": {"type": "Polygon", "coordinates": [[[-93.9188, 48.9125], [-93.9188, 48.9167], [-93.925, 48.9167], [-93.925, 48.9125], [-93.9188, 48.9125]]]}, "properties": {"company_id": "new-gold", "jurisdiction": "Ontario", "claim_id": "233656", "claim_name": null, "holder": "(100) NEW GOLD INC.", "status": "Active", "recorded_date": "2018-04-10", "anniversary_or_expiry": "2028-10-26", "area_ha": null, "tenure_type": "Single Cell Mining Claim", "source": "Ontario MLAS operational claims (OGSEarth / LIO MapServer). Unofficial viewing data, not legal title.", "as_of": "2026-09-20", "role": "focus", "color": "#e8b040"}}, {"type": "Feature", "geometry": {"type": "Polygon", "coordinates": [[[-93.8688, 48.9667], [-93.8688, 48.9708], [-93.875, 48.9708], [-93.875, 48.9667], [-93.8688, 48.9667]]]}, "properties": {"company_id": "new-gold", "jurisdiction": "Ontario", "claim_id": "233659", "claim_name": null, "holder": "(100) NEW GOLD INC.", "status": "Active", "recorded_date": "2018-04-10", "anniversary_or_expiry": "2028-10-26", "area_ha": null, "tenure_type": "Single Cell Mining Claim", "source": "Ontario MLAS operational claims (OGSEarth / LIO MapServer). Unofficial viewing data, not legal title.", "as_of": "2026-09-20", "role": "focus", "color": "#e8b040"}}, {"type": "Feature", "geometry": {"type": "Polygon", "coordinates": [[[-93.8688, 48.9583], [-93.8688, 48.9625], [-93.875, 48.9625], [-93.875, 48.9583], [-93.8688, 48.9583]]]}, "properties": {"company_id": "new-gold", "jurisdiction": "Ontario", "claim_id": "233660", "claim_name": null, "holder": "(100) NEW GOLD INC.", "status": "Active", "recorded_date": "2018-04-10", "anniversary_or_expiry": "2028-10-26", "area_ha": null, "tenure_type": "Single Cell Mining Claim", "source": "Ontario MLAS operational claims (OGSEarth / LIO MapServer). Unofficial viewing data, not legal title.", "as_of": "2026-09-20", "role": "focus", "color": "#e8b040"}}, {"type": "Feature", "geometry": {"type": "Polygon", "coordinates": [[[-94.275, 48.825], [-94.275, 48.8292], [-94.2813, 48.8292], [-94.2813, 48.825], [-94.275, 48.825]]]}, "properties": {"company_id": "new-gold", "jurisdiction": "Ontario", "claim_id": "233661", "claim_name": null, "holder": "(100) NEW GOLD INC.", "status": "Active", "recorded_date": "2018-04-10", "anniversary_or_expiry": "2026-12-02", "area_ha": null, "tenure_type": "Single Cell Mining Claim", "source": "Ontario MLAS operational claims (OGSEarth / LIO MapServer). Unofficial viewing data, not legal title.", "as_of": "2026-09-20", "role": "focus", "color": "#e8b040"}}, {"type": "Feature", "geometry": {"type": "Polygon", "coordinates": [[[-93.7625, 48.9375], [-93.7625, 48.9417], [-93.7688, 48.9417], [-93.7688, 48.9375], [-93.7625, 48.9375]]]}, "properties": {"company_id": "new-gold", "jurisdiction": "Ontario", "claim_id": "234225", "claim_name": null, "holder": "(100) NEW GOLD INC.", "status": "Active", "recorded_date": "2018-04-10", "anniversary_or_expiry": "2027-02-13", "area_ha": null, "tenure_type": "Single Cell Mining Claim", "source": "Ontario MLAS operational claims (OGSEarth / LIO MapServer). Unofficial viewing data, not legal title.", "as_of": "2026-09-20", "role": "focus", "color": "#e8b040"}}, {"type": "Feature", "geometry": {"type": "Polygon", "coordinates": [[[-93.8875, 48.9708], [-93.8875, 48.975], [-93.8938, 48.975], [-93.8938, 48.9708], [-93.8875, 48.9708]]]}, "properties": {"company_id": "new-gold", "jurisdiction": "Ontario", "claim_id": "234244", "claim_name": null, "holder": "(100) NEW GOLD INC.", "status": "Active", "recorded_date": "2018-04-10", "anniversary_or_expiry": "2028-10-26", "area_ha": null, "tenure_type": "Single Cell Mining Claim", "source": "Ontario MLAS operational claims (OGSEarth / LIO MapServer). Unofficial viewing data, not legal title.", "as_of": "2026-09-20", "role": "focus", "color": "#e8b040"}}, {"type": "Feature", "geometry": {"type": "Polygon", "coordinates": [[[-93.9063, 48.95], [-93.9063, 48.9542], [-93.9125, 48.9542], [-93.9125, 48.95], [-93.9063, 48.95]]]}, "properties": {"company_id": "new-gold", "jurisdiction": "Ontario", "claim_id": "234246", "claim_name": null, "holder": "(100) NEW GOLD INC.", "status": "Active", "recorded_date": "2018-04-10", "anniversary_or_expiry": "2028-10-26", "area_ha": null, "tenure_type": "Single Cell Mining Claim", "source": "Ontario MLAS operational claims (OGSEarth / LIO MapServer). Unofficial viewing data, not legal title.", "as_of": "2026-09-20", "role": "focus", "color": "#e8b040"}}, {"type": "Feature", "geometry": {"type": "Polygon", "coordinates": [[[-94.2063, 48.8042], [-94.2063, 48.8083], [-94.2125, 48.8083], [-94.2125, 48.8042], [-94.2063, 48.8042]]]}, "properties": {"company_id": "new-gold", "jurisdiction": "Ontario", "claim_id": "233680", "claim_name": null, "holder": "(100) NEW GOLD INC.", "status": "Active", "recorded_date": "2018-04-10", "anniversary_or_expiry": "2028-11-22", "area_ha": null, "tenure_type": "Single Cell Mining Claim", "source": "Ontario MLAS operational claims (OGSEarth / LIO MapServer). Unofficial viewing data, not legal title.", "as_of": "2026-09-20", "role": "focus", "color": "#e8b040"}}, {"type": "Feature", "geometry": {"type": "Polygon", "coordinates": [[[-93.8875, 48.9583], [-93.8875, 48.9625], [-93.8938, 48.9625], [-93.8938, 48.9583], [-93.8875, 48.9583]]]}, "properties": {"company_id": "new-gold", "jurisdiction": "Ontario", "claim_id": "233681", "claim_name": null, "holder": "(100) NEW GOLD INC.", "status": "Active", "recorded_date": "2018-04-10", "anniversary_or_expiry": "2028-10-26", "area_ha": null, "tenure_type": "Single Cell Mining Claim", "source": "Ontario MLAS operational claims (OGSEarth / LIO MapServer). Unofficial viewing data, not legal title.", "as_of": "2026-09-20", "role": "focus", "color": "#e8b040"}}, {"type": "Feature", "geometry": {"type": "Polygon", "coordinates": [[[-93.8813, 48.9542], [-93.8813, 48.9583], [-93.8875, 48.9583], [-93.8875, 48.9542], [-93.8813, 48.9542]]]}, "properties": {"company_id": "new-gold", "jurisdiction": "Ontario", "claim_id": "233682", "claim_name": null, "holder": "(100) NEW GOLD INC.", "status": "Active", "recorded_date": "2018-04-10", "anniversary_or_expiry": "2028-10-26", "area_ha": null, "tenure_type": "Single Cell Mining Claim", "source": "Ontario MLAS operational claims (OGSEarth / LIO MapServer). Unofficial viewing data, not legal title.", "as_of": "2026-09-20", "role": "focus", "color": "#e8b040"}}, {"type": "Feature", "geometry": {"type": "Polygon", "coordinates": [[[-93.7813, 48.9125], [-93.7813, 48.9167], [-93.7875, 48.9167], [-93.7875, 48.9125], [-93.7813, 48.9125]]]}, "properties": {"company_id": "new-gold", "jurisdiction": "Ontario", "claim_id": "234316", "claim_name": null, "holder": "(100) NEW GOLD INC.", "status": "Active", "recorded_date": "2018-04-10", "anniversary_or_expiry": "2027-02-13", "area_ha": null, "tenure_type": "Single Cell Mining Claim", "source": "Ontario MLAS operational claims (OGSEarth / LIO MapServer). Unofficial viewing data, not legal title.", "as_of": "2026-09-20", "role": "focus", "color": "#e8b040"}}, {"type": "Feature", "geometry": {"type": "Polygon", "coordinates": [[[-93.7813, 48.9333], [-93.7813, 48.9375], [-93.7875, 48.9375], [-93.7875, 48.9333], [-93.7813, 48.9333]]]}, "properties": {"company_id": "new-gold", "jurisdiction": "Ontario", "claim_id": "234900", "claim_name": null, "holder": "(100) NEW GOLD INC.", "status": "Active", "recorded_date": "2018-04-10", "anniversary_or_expiry": "2027-02-13", "area_ha": null, "tenure_type": "Single Cell Mining Claim", "source": "Ontario MLAS operational claims (OGSEarth / LIO MapServer). Unofficial viewing data, not legal title.", "as_of": "2026-09-20", "role": "focus", "color": "#e8b040"}}, {"type": "Feature", "geometry": {"type": "Polygon", "coordinates": [[[-93.8125, 48.9083], [-93.8125, 48.9125], [-93.8188, 48.9125], [-93.8188, 48.9083], [-93.8125, 48.9083]]]}, "properties": {"company_id": "new-gold", "jurisdiction": "Ontario", "claim_id": "234372", "claim_name": null, "holder": "(100) NEW GOLD INC.", "status": "Active", "recorded_date": "2018-04-10", "anniversary_or_expiry": "2027-01-28", "area_ha": null, "tenure_type": "Single Cell Mining Claim", "source": "Ontario MLAS operational claims (OGSEarth / LIO MapServer). Unofficial viewing data, not legal title.", "as_of": "2026-09-20", "role": "focus", "color": "#e8b040"}}, {"type": "Feature", "geometry": {"type": "Polygon", "coordinates": [[[-93.8125, 48.9167], [-93.8125, 48.9208], [-93.8188, 48.9208], [-93.8188, 48.9167], [-93.8125, 48.9167]]]}, "properties": {"company_id": "new-gold", "jurisdiction": "Ontario", "claim_id": "235003", "claim_name": null, "holder": "(100) NEW GOLD INC.", "status": "Active", "recorded_date": "2018-04-10", "anniversary_or_expiry": "2028-05-17", "area_ha": null, "tenure_type": "Single Cell Mining Claim", "source": "Ontario MLAS operational claims (OGSEarth / LIO MapServer). Unofficial viewing data, not legal title.", "as_of": "2026-09-20", "role": "focus", "color": "#e8b040"}}, {"type": "Feature", "geometry": {"type": "Polygon", "coordinates": [[[-93.8313, 48.8792], [-93.8313, 48.8833], [-93.8375, 48.8833], [-93.8375, 48.8792], [-93.8313, 48.8792]]]}, "properties": {"company_id": "new-gold", "jurisdiction": "Ontario", "claim_id": "235669", "claim_name": null, "holder": "(100) NEW GOLD INC.", "status": "Active", "recorded_date": "2018-04-10", "anniversary_or_expiry": "2028-05-04", "area_ha": null, "tenure_type": "Single Cell Mining Claim", "source": "Ontario MLAS operational claims (OGSEarth / LIO MapServer). Unofficial viewing data, not legal title.", "as_of": "2026-09-20", "role": "focus", "color": "#e8b040"}}, {"type": "Feature", "geometry": {"type": "Polygon", "coordinates": [[[-94.3, 48.7833], [-94.3, 48.7875], [-94.3063, 48.7875], [-94.3063, 48.7833], [-94.3, 48.7833]]]}, "properties": {"company_id": "new-gold", "jurisdiction": "Ontario", "claim_id": "238958", "claim_name": null, "holder": "(100) NEW GOLD INC.", "status": "Active", "recorded_date": "2018-04-10", "anniversary_or_expiry": "2028-06-13", "area_ha": null, "tenure_type": "Single Cell Mining Claim", "source": "Ontario MLAS operational claims (OGSEarth / LIO MapServer). Unofficial viewing data, not legal title.", "as_of": "2026-09-20", "role": "focus", "color": "#e8b040"}}, {"type": "Feature", "geometry": {"type": "Polygon", "coordinates": [[[-93.8375, 48.925], [-93.8375, 48.9292], [-93.8438, 48.9292], [-93.8438, 48.925], [-93.8375, 48.925]]]}, "properties": {"company_id": "new-gold", "jurisdiction": "Ontario", "claim_id": "241631", "claim_name": null, "holder": "(100) NEW GOLD INC.", "status": "Active", "recorded_date": "2018-04-10", "anniversary_or_expiry": "2027-01-28", "area_ha": null, "tenure_type": "Single Cell Mining Claim", "source": "Ontario MLAS operational claims (OGSEarth / LIO MapServer). Unofficial viewing data, not legal title.", "as_of": "2026-09-20", "role": "focus", "color": "#e8b040"}}, {"type": "Feature", "geometry": {"type": "Polygon", "coordinates": [[[-93.8438, 48.925], [-93.8438, 48.9292], [-93.85, 48.9292], [-93.85, 48.925], [-93.8438, 48.925]]]}, "properties": {"company_id": "new-gold", "jurisdiction": "Ontario", "claim_id": "241632", "claim_name": null, "holder": "(100) NEW GOLD INC.", "status": "Active", "recorded_date": "2018-04-10", "anniversary_or_expiry": "2027-01-28", "area_ha": null, "tenure_type": "Single Cell Mining Claim", "source": "Ontario MLAS operational claims (OGSEarth / LIO MapServer). Unofficial viewing data, not legal title.", "as_of": "2026-09-20", "role": "focus", "color": "#e8b040"}}, {"type": "Feature", "geometry": {"type": "Polygon", "coordinates": [[[-94.2813, 48.7833], [-94.2813, 48.7875], [-94.2875, 48.7875], [-94.2875, 48.7833], [-94.2813, 48.7833]]]}, "properties": {"company_id": "new-gold", "jurisdiction": "Ontario", "claim_id": "240838", "claim_name": null, "holder": "(100) NEW GOLD INC.", "status": "Active", "recorded_date": "2018-04-10", "anniversary_or_expiry": "2026-12-02", "area_ha": null, "tenure_type": "Single Cell Mining Claim", "source": "Ontario MLAS operational claims (OGSEarth / LIO MapServer). Unofficial viewing data, not legal title.", "as_of": "2026-09-20", "role": "focus", "color": "#e8b040"}}, {"type": "Feature", "geometry": {"type": "Polygon", "coordinates": [[[-93.85, 48.9208], [-93.85, 48.925], [-93.8563, 48.925], [-93.8563, 48.9208], [-93.85, 48.9208]]]}, "properties": {"company_id": "new-gold", "jurisdiction": "Ontario", "claim_id": "249632", "claim_name": null, "holder": "(100) NEW GOLD INC.", "status": "Active", "recorded_date": "2018-04-10", "anniversary_or_expiry": "2027-01-28", "area_ha": null, "tenure_type": "Single Cell Mining Claim", "source": "Ontario MLAS operational claims (OGSEarth / LIO MapServer). Unofficial viewing data, not legal title.", "as_of": "2026-09-20", "role": "focus", "color": "#e8b040"}}, {"type": "Feature", "geometry": {"type": "Polygon", "coordinates": [[[-94.2875, 48.7833], [-94.2875, 48.7875], [-94.2938, 48.7875], [-94.2938, 48.7833], [-94.2875, 48.7833]]]}, "properties": {"company_id": "new-gold", "jurisdiction": "Ontario", "claim_id": "248333", "claim_name": null, "holder": "(100) NEW GOLD INC.", "status": "Active", "recorded_date": "2018-04-10", "anniversary_or_expiry": "2026-12-02", "area_ha": null, "tenure_type": "Single Cell Mining Claim", "source": "Ontario MLAS operational claims (OGSEarth / LIO MapServer). Unofficial viewing data, not legal title.", "as_of": "2026-09-20", "role": "focus", "color": "#e8b040"}}, {"type": "Feature", "geometry": {"type": "Polygon", "coordinates": [[[-94.2875, 48.7792], [-94.2875, 48.7833], [-94.2938, 48.7833], [-94.2938, 48.7792], [-94.2875, 48.7792]]]}, "properties": {"company_id": "new-gold", "jurisdiction": "Ontario", "claim_id": "248334", "claim_name": null, "holder": "(100) NEW GOLD INC.", "status": "Active", "recorded_date": "2018-04-10", "anniversary_or_expiry": "2026-12-02", "area_ha": null, "tenure_type": "Single Cell Mining Claim", "source": "Ontario MLAS operational claims (OGSEarth / LIO MapServer). Unofficial viewing data, not legal title.", "as_of": "2026-09-20", "role": "focus", "color": "#e8b040"}}, {"type": "Feature", "geometry": {"type": "Polygon", "coordinates": [[[-93.925, 51.0083], [-93.925, 51.0125], [-93.9313, 51.0125], [-93.9313, 51.0083], [-93.925, 51.0083]]]}, "properties": {"company_id": "new-gold", "jurisdiction": "Ontario", "claim_id": "251188", "claim_name": null, "holder": "(24.5) NEW GOLD INC., (24.5) TOMAGOLD CORPORATION CORPORATION TOMAGOLD, (51) Evolution Mining Gold Operations Ltd.", "status": "Active", "recorded_date": "2018-04-10", "anniversary_or_expiry": "2029-10-27", "area_ha": null, "tenure_type": "Single Cell Mining Claim", "source": "Ontario MLAS operational claims (OGSEarth / LIO MapServer). Unofficial viewing data, not legal title.", "as_of": "2026-09-20", "role": "focus", "color": "#e8b040"}}, {"type": "Feature", "geometry": {"type": "Polygon", "coordinates": [[[-93.9313, 51.0042], [-93.9313, 51.0083], [-93.9375, 51.0083], [-93.9375, 51.0042], [-93.9313, 51.0042]]]}, "properties": {"company_id": "new-gold", "jurisdiction": "Ontario", "claim_id": "251189", "claim_name": null, "holder": "(24.5) NEW GOLD INC., (24.5) TOMAGOLD CORPORATION CORPORATION TOMAGOLD, (51) Evolution Mining Gold Operations Ltd.", "status": "Active", "recorded_date": "2018-04-10", "anniversary_or_expiry": "2029-10-27", "area_ha": null, "tenure_type": "Single Cell Mining Claim", "source": "Ontario MLAS operational claims (OGSEarth / LIO MapServer). Unofficial viewing data, not legal title.", "as_of": "2026-09-20", "role": "focus", "color": "#e8b040"}}, {"type": "Feature", "geometry": {"type": "Polygon", "coordinates": [[[-94.1375, 48.8625], [-94.1375, 48.8667], [-94.1438, 48.8667], [-94.1438, 48.8625], [-94.1375, 48.8625]]]}, "properties": {"company_id": "new-gold", "jurisdiction": "Ontario", "claim_id": "258930", "claim_name": null, "holder": "(100) NEW GOLD INC.", "status": "Active", "recorded_date": "2018-04-10", "anniversary_or_expiry": "2028-07-16", "area_ha": null, "tenure_type": "Single Cell Mining Claim", "source": "Ontario MLAS operational claims (OGSEarth / LIO MapServer). Unofficial viewing data, not legal title.", "as_of": "2026-09-20", "role": "focus", "color": "#e8b040"}}, {"type": "Feature", "geometry": {"type": "Polygon", "coordinates": [[[-93.9563, 48.9083], [-93.9563, 48.9125], [-93.9625, 48.9125], [-93.9625, 48.9083], [-93.9563, 48.9083]]]}, "properties": {"company_id": "new-gold", "jurisdiction": "Ontario", "claim_id": "257542", "claim_name": null, "holder": "(100) NEW GOLD INC.", "status": "Active", "recorded_date": "2018-04-10", "anniversary_or_expiry": "2027-03-01", "area_ha": null, "tenure_type": "Single Cell Mining Claim", "source": "Ontario MLAS operational claims (OGSEarth / LIO MapServer). Unofficial viewing data, not legal title.", "as_of": "2026-09-20", "role": "focus", "color": "#e8b040"}}, {"type": "Feature", "geometry": {"type": "Polygon", "coordinates": [[[-94.3063, 48.7625], [-94.3063, 48.7667], [-94.3125, 48.7667], [-94.3125, 48.7625], [-94.3063, 48.7625]]]}, "properties": {"company_id": "new-gold", "jurisdiction": "Ontario", "claim_id": "259488", "claim_name": null, "holder": "(100) NEW GOLD INC.", "status": "Active", "recorded_date": "2018-04-10", "anniversary_or_expiry": "2027-01-26", "area_ha": null, "tenure_type": "Single Cell Mining Claim", "source": "Ontario MLAS operational claims (OGSEarth / LIO MapServer). Unofficial viewing data, not legal title.", "as_of": "2026-09-20", "role": "focus", "color": "#e8b040"}}, {"type": "Feature", "geometry": {"type": "Polygon", "coordinates": [[[-93.85, 48.8958], [-93.85, 48.9], [-93.8563, 48.9], [-93.8563, 48.8958], [-93.85, 48.8958]]]}, "properties": {"company_id": "new-gold", "jurisdiction": "Ontario", "claim_id": "259586", "claim_name": null, "holder": "(100) NEW GOLD INC.", "status": "Active", "recorded_date": "2018-04-10", "anniversary_or_expiry": "2027-05-16", "area_ha": null, "tenure_type": "Boundary Cell Mining Claim", "source": "Ontario MLAS operational claims (OGSEarth / LIO MapServer). Unofficial viewing data, not legal title.", "as_of": "2026-09-20", "role": "focus", "color": "#e8b040"}}, {"type": "Feature", "geometry": {"type": "Polygon", "coordinates": [[[-94.1188, 48.8375], [-94.1188, 48.8417], [-94.125, 48.8417], [-94.125, 48.8375], [-94.1188, 48.8375]]]}, "properties": {"company_id": "new-gold", "jurisdiction": "Ontario", "claim_id": "259592", "claim_name": null, "holder": "(100) NEW GOLD INC.", "status": "Active", "recorded_date": "2018-04-10", "anniversary_or_expiry": "2028-11-27", "area_ha": null, "tenure_type": "Single Cell Mining Claim", "source": "Ontario MLAS operational claims (OGSEarth / LIO MapServer). Unofficial viewing data, not legal title.", "as_of": "2026-09-20", "role": "focus", "color": "#e8b040"}}, {"type": "Feature", "geometry": {"type": "Polygon", "coordinates": [[[-94.2563, 48.7875], [-94.2563, 48.7917], [-94.2625, 48.7917], [-94.2625, 48.7875], [-94.2563, 48.7875]]]}, "properties": {"company_id": "new-gold", "jurisdiction": "Ontario", "claim_id": "260197", "claim_name": null, "holder": "(100) NEW GOLD INC.", "status": "Active", "recorded_date": "2018-04-10", "anniversary_or_expiry": "2028-11-22", "area_ha": null, "tenure_type": "Single Cell Mining Claim", "source": "Ontario MLAS operational claims (OGSEarth / LIO MapServer). Unofficial viewing data, not legal title.", "as_of": "2026-09-20", "role": "focus", "color": "#e8b040"}}, {"type": "Feature", "geometry": {"type": "Polygon", "coordinates": [[[-93.8563, 48.9542], [-93.8563, 48.9583], [-93.8625, 48.9583], [-93.8625, 48.9542], [-93.8563, 48.9542]]]}, "properties": {"company_id": "new-gold", "jurisdiction": "Ontario", "claim_id": "262194", "claim_name": null, "holder": "(100) NEW GOLD INC.", "status": "Active", "recorded_date": "2018-04-10", "anniversary_or_expiry": "2028-10-26", "area_ha": null, "tenure_type": "Single Cell Mining Claim", "source": "Ontario MLAS operational claims (OGSEarth / LIO MapServer). Unofficial viewing data, not legal title.", "as_of": "2026-09-20", "role": "focus", "color": "#e8b040"}}, {"type": "Feature", "geometry": {"type": "Polygon", "coordinates": [[[-93.8688, 48.95], [-93.8688, 48.9542], [-93.875, 48.9542], [-93.875, 48.95], [-93.8688, 48.95]]]}, "properties": {"company_id": "new-gold", "jurisdiction": "Ontario", "claim_id": "262195", "claim_name": null, "holder": "(100) NEW GOLD INC.", "status": "Active", "recorded_date": "2018-04-10", "anniversary_or_expiry": "2028-10-26", "area_ha": null, "tenure_type": "Single Cell Mining Claim", "source": "Ontario MLAS operational claims (OGSEarth / LIO MapServer). Unofficial viewing data, not legal title.", "as_of": "2026-09-20", "role": "focus", "color": "#e8b040"}}, {"type": "Feature", "geometry": {"type": "Polygon", "coordinates": [[[-93.8563, 48.9417], [-93.8563, 48.9458], [-93.8625, 48.9458], [-93.8625, 48.9417], [-93.8563, 48.9417]]]}, "properties": {"company_id": "new-gold", "jurisdiction": "Ontario", "claim_id": "262196", "claim_name": null, "holder": "(100) NEW GOLD INC.", "status": "Active", "recorded_date": "2018-04-10", "anniversary_or_expiry": "2028-10-26", "area_ha": null, "tenure_type": "Single Cell Mining Claim", "source": "Ontario MLAS operational claims (OGSEarth / LIO MapServer). Unofficial viewing data, not legal title.", "as_of": "2026-09-20", "role": "focus", "color": "#e8b040"}}, {"type": "Feature", "geometry": {"type": "Polygon", "coordinates": [[[-93.825, 48.9167], [-93.825, 48.9208], [-93.8313, 48.9208], [-93.8313, 48.9167], [-93.825, 48.9167]]]}, "properties": {"company_id": "new-gold", "jurisdiction": "Ontario", "claim_id": "262219", "claim_name": null, "holder": "(100) NEW GOLD INC.", "status": "Active", "recorded_date": "2018-04-10", "anniversary_or_expiry": "2028-06-21", "area_ha": null, "tenure_type": "Single Cell Mining Claim", "source": "Ontario MLAS operational claims (OGSEarth / LIO MapServer). Unofficial viewing data, not legal title.", "as_of": "2026-09-20", "role": "focus", "color": "#e8b040"}}, {"type": "Feature", "geometry": {"type": "Polygon", "coordinates": [[[-93.9063, 48.9583], [-93.9063, 48.9625], [-93.9125, 48.9625], [-93.9125, 48.9583], [-93.9063, 48.9583]]]}, "properties": {"company_id": "new-gold", "jurisdiction": "Ontario", "claim_id": "262220", "claim_name": null, "holder": "(100) NEW GOLD INC.", "status": "Active", "recorded_date": "2018-04-10", "anniversary_or_expiry": "2028-10-26", "area_ha": null, "tenure_type": "Single Cell Mining Claim", "source": "Ontario MLAS operational claims (OGSEarth / LIO MapServer). Unofficial viewing data, not legal title.", "as_of": "2026-09-20", "role": "focus", "color": "#e8b040"}}, {"type": "Feature", "geometry": {"type": "Polygon", "coordinates": [[[-94.2188, 48.7875], [-94.2188, 48.7917], [-94.225, 48.7917], [-94.225, 48.7875], [-94.2188, 48.7875]]]}, "properties": {"company_id": "new-gold", "jurisdiction": "Ontario", "claim_id": "262844", "claim_name": null, "holder": "(100) NEW GOLD INC.", "status": "Active", "recorded_date": "2018-04-10", "anniversary_or_expiry": "2028-11-22", "area_ha": null, "tenure_type": "Single Cell Mining Claim", "source": "Ontario MLAS operational claims (OGSEarth / LIO MapServer). Unofficial viewing data, not legal title.", "as_of": "2026-09-20", "role": "focus", "color": "#e8b040"}}, {"type": "Feature", "geometry": {"type": "Polygon", "coordinates": [[[-93.8938, 48.9167], [-93.8938, 48.9208], [-93.9, 48.9208], [-93.9, 48.9167], [-93.8938, 48.9167]]]}, "properties": {"company_id": "new-gold", "jurisdiction": "Ontario", "claim_id": "262864", "claim_name": null, "holder": "(100) NEW GOLD INC.", "status": "Active", "recorded_date": "2018-04-10", "anniversary_or_expiry": "2028-10-26", "area_ha": null, "tenure_type": "Single Cell Mining Claim", "source": "Ontario MLAS operational claims (OGSEarth / LIO MapServer). Unofficial viewing data, not legal title.", "as_of": "2026-09-20", "role": "focus", "color": "#e8b040"}}, {"type": "Feature", "geometry": {"type": "Polygon", "coordinates": [[[-93.9063, 48.9167], [-93.9063, 48.9208], [-93.9125, 48.9208], [-93.9125, 48.9167], [-93.9063, 48.9167]]]}, "properties": {"company_id": "new-gold", "jurisdiction": "Ontario", "claim_id": "262865", "claim_name": null, "holder": "(100) NEW GOLD INC.", "status": "Active", "recorded_date": "2018-04-10", "anniversary_or_expiry": "2028-10-26", "area_ha": null, "tenure_type": "Single Cell Mining Claim", "source": "Ontario MLAS operational claims (OGSEarth / LIO MapServer). Unofficial viewing data, not legal title.", "as_of": "2026-09-20", "role": "focus", "color": "#e8b040"}}, {"type": "Feature", "geometry": {"type": "Polygon", "coordinates": [[[-93.8625, 48.9583], [-93.8625, 48.9625], [-93.8688, 48.9625], [-93.8688, 48.9583], [-93.8625, 48.9583]]]}, "properties": {"company_id": "new-gold", "jurisdiction": "Ontario", "claim_id": "262866", "claim_name": null, "holder": "(100) NEW GOLD INC.", "status": "Active", "recorded_date": "2018-04-10", "anniversary_or_expiry": "2028-10-26", "area_ha": null, "tenure_type": "Single Cell Mining Claim", "source": "Ontario MLAS operational claims (OGSEarth / LIO MapServer). Unofficial viewing data, not legal title.", "as_of": "2026-09-20", "role": "focus", "color": "#e8b040"}}, {"type": "Feature", "geometry": {"type": "Polygon", "coordinates": [[[-94.2813, 48.8208], [-94.2813, 48.825], [-94.2875, 48.825], [-94.2875, 48.8208], [-94.2813, 48.8208]]]}, "properties": {"company_id": "new-gold", "jurisdiction": "Ontario", "claim_id": "262867", "claim_name": null, "holder": "(100) NEW GOLD INC.", "status": "Active", "recorded_date": "2018-04-10", "anniversary_or_expiry": "2026-12-02", "area_ha": null, "tenure_type": "Single Cell Mining Claim", "source": "Ontario MLAS operational claims (OGSEarth / LIO MapServer). Unofficial viewing data, not legal title.", "as_of": "2026-09-20", "role": "focus", "color": "#e8b040"}}, {"type": "Feature", "geometry": {"type": "Polygon", "coordinates": [[[-93.9, 48.9708], [-93.9, 48.975], [-93.9063, 48.975], [-93.9063, 48.9708], [-93.9, 48.9708]]]}, "properties": {"company_id": "new-gold", "jurisdiction": "Ontario", "claim_id": "262891", "claim_name": null, "holder": "(100) NEW GOLD INC.", "status": "Active", "recorded_date": "2018-04-10", "anniversary_or_expiry": "2028-10-26", "area_ha": null, "tenure_type": "Single Cell Mining Claim", "source": "Ontario MLAS operational claims (OGSEarth / LIO MapServer). Unofficial viewing data, not legal title.", "as_of": "2026-09-20", "role": "focus", "color": "#e8b040"}}, {"type": "Feature", "geometry": {"type": "Polygon", "coordinates": [[[-93.8063, 48.9417], [-93.8063, 48.9458], [-93.8125, 48.9458], [-93.8125, 48.9417], [-93.8063, 48.9417]]]}, "properties": {"company_id": "new-gold", "jurisdiction": "Ontario", "claim_id": "262907", "claim_name": null, "holder": "(100) NEW GOLD INC.", "status": "Active", "recorded_date": "2018-04-10", "anniversary_or_expiry": "2027-02-13", "area_ha": null, "tenure_type": "Single Cell Mining Claim", "source": "Ontario MLAS operational claims (OGSEarth / LIO MapServer). Unofficial viewing data, not legal title.", "as_of": "2026-09-20", "role": "focus", "color": "#e8b040"}}, {"type": "Feature", "geometry": {"type": "Polygon", "coordinates": [[[-93.8125, 48.9417], [-93.8125, 48.9458], [-93.8188, 48.9458], [-93.8188, 48.9417], [-93.8125, 48.9417]]]}, "properties": {"company_id": "new-gold", "jurisdiction": "Ontario", "claim_id": "262908", "claim_name": null, "holder": "(100) NEW GOLD INC.", "status": "Active", "recorded_date": "2018-04-10", "anniversary_or_expiry": "2027-02-13", "area_ha": null, "tenure_type": "Single Cell Mining Claim", "source": "Ontario MLAS operational claims (OGSEarth / LIO MapServer). Unofficial viewing data, not legal title.", "as_of": "2026-09-20", "role": "focus", "color": "#e8b040"}}, {"type": "Feature", "geometry": {"type": "Polygon", "coordinates": [[[-93.7813, 48.9458], [-93.7813, 48.95], [-93.7875, 48.95], [-93.7875, 48.9458], [-93.7813, 48.9458]]]}, "properties": {"company_id": "new-gold", "jurisdiction": "Ontario", "claim_id": "262915", "claim_name": null, "holder": "(100) NEW GOLD INC.", "status": "Active", "recorded_date": "2018-04-10", "anniversary_or_expiry": "2027-02-13", "area_ha": null, "tenure_type": "Single Cell Mining Claim", "source": "Ontario MLAS operational claims (OGSEarth / LIO MapServer). Unofficial viewing data, not legal title.", "as_of": "2026-09-20", "role": "focus", "color": "#e8b040"}}, {"type": "Feature", "geometry": {"type": "Polygon", "coordinates": [[[-93.7875, 48.9167], [-93.7875, 48.9208], [-93.7938, 48.9208], [-93.7938, 48.9167], [-93.7875, 48.9167]]]}, "properties": {"company_id": "new-gold", "jurisdiction": "Ontario", "claim_id": "263505", "claim_name": null, "holder": "(100) NEW GOLD INC.", "status": "Active", "recorded_date": "2018-04-10", "anniversary_or_expiry": "2027-02-13", "area_ha": null, "tenure_type": "Single Cell Mining Claim", "source": "Ontario MLAS operational claims (OGSEarth / LIO MapServer). Unofficial viewing data, not legal title.", "as_of": "2026-09-20", "role": "focus", "color": "#e8b040"}}, {"type": "Feature", "geometry": {"type": "Polygon", "coordinates": [[[-93.8813, 48.9292], [-93.8813, 48.9333], [-93.8875, 48.9333], [-93.8875, 48.9292], [-93.8813, 48.9292]]]}, "properties": {"company_id": "new-gold", "jurisdiction": "Ontario", "claim_id": "263550", "claim_name": null, "holder": "(100) NEW GOLD INC.", "status": "Active", "recorded_date": "2018-04-10", "anniversary_or_expiry": "2027-01-28", "area_ha": null, "tenure_type": "Single Cell Mining Claim", "source": "Ontario MLAS operational claims (OGSEarth / LIO MapServer). Unofficial viewing data, not legal title.", "as_of": "2026-09-20", "role": "focus", "color": "#e8b040"}}, {"type": "Feature", "geometry": {"type": "Polygon", "coordinates": [[[-93.8875, 48.925], [-93.8875, 48.9292], [-93.8938, 48.9292], [-93.8938, 48.925], [-93.8875, 48.925]]]}, "properties": {"company_id": "new-gold", "jurisdiction": "Ontario", "claim_id": "263551", "claim_name": null, "holder": "(100) NEW GOLD INC.", "status": "Active", "recorded_date": "2018-04-10", "anniversary_or_expiry": "2027-01-28", "area_ha": null, "tenure_type": "Single Cell Mining Claim", "source": "Ontario MLAS operational claims (OGSEarth / LIO MapServer). Unofficial viewing data, not legal title.", "as_of": "2026-09-20", "role": "focus", "color": "#e8b040"}}, {"type": "Feature", "geometry": {"type": "Polygon", "coordinates": [[[-93.825, 48.8875], [-93.825, 48.8917], [-93.8313, 48.8917], [-93.8313, 48.8875], [-93.825, 48.8875]]]}, "properties": {"company_id": "new-gold", "jurisdiction": "Ontario", "claim_id": "263558", "claim_name": null, "holder": "(100) NEW GOLD INC.", "status": "Active", "recorded_date": "2018-04-10", "anniversary_or_expiry": "2027-01-28", "area_ha": null, "tenure_type": "Boundary Cell Mining Claim", "source": "Ontario MLAS operational claims (OGSEarth / LIO MapServer). Unofficial viewing data, not legal title.", "as_of": "2026-09-20", "role": "focus", "color": "#e8b040"}}, {"type": "Feature", "geometry": {"type": "Polygon", "coordinates": [[[-93.8188, 48.9083], [-93.8188, 48.9125], [-93.825, 48.9125], [-93.825, 48.9083], [-93.8188, 48.9083]]]}, "properties": {"company_id": "new-gold", "jurisdiction": "Ontario", "claim_id": "261588", "claim_name": null, "holder": "(100) NEW GOLD INC.", "status": "Active", "recorded_date": "2018-04-10", "anniversary_or_expiry": "2028-06-26", "area_ha": null, "tenure_type": "Single Cell Mining Claim", "source": "Ontario MLAS operational claims (OGSEarth / LIO MapServer). Unofficial viewing data, not legal title.", "as_of": "2026-09-20", "role": "focus", "color": "#e8b040"}}, {"type": "Feature", "geometry": {"type": "Polygon", "coordinates": [[[-93.8, 48.9625], [-93.8, 48.9667], [-93.8063, 48.9667], [-93.8063, 48.9625], [-93.8, 48.9625]]]}, "properties": {"company_id": "new-gold", "jurisdiction": "Ontario", "claim_id": "265672", "claim_name": null, "holder": "(100) NEW GOLD INC.", "status": "Active", "recorded_date": "2018-04-10", "anniversary_or_expiry": "2028-06-02", "area_ha": null, "tenure_type": "Single Cell Mining Claim", "source": "Ontario MLAS operational claims (OGSEarth / LIO MapServer). Unofficial viewing data, not legal title.", "as_of": "2026-09-20", "role": "focus", "color": "#e8b040"}}, {"type": "Feature", "geometry": {"type": "Polygon", "coordinates": [[[-93.7688, 48.9333], [-93.7688, 48.9375], [-93.775, 48.9375], [-93.775, 48.9333], [-93.7688, 48.9333]]]}, "properties": {"company_id": "new-gold", "jurisdiction": "Ontario", "claim_id": "263585", "claim_name": null, "holder": "(100) NEW GOLD INC.", "status": "Active", "recorded_date": "2018-04-10", "anniversary_or_expiry": "2027-02-13", "area_ha": null, "tenure_type": "Single Cell Mining Claim", "source": "Ontario MLAS operational claims (OGSEarth / LIO MapServer). Unofficial viewing data, not legal title.", "as_of": "2026-09-20", "role": "focus", "color": "#e8b040"}}, {"type": "Feature", "geometry": {"type": "Polygon", "coordinates": [[[-93.8063, 48.9042], [-93.8063, 48.9083], [-93.8125, 48.9083], [-93.8125, 48.9042], [-93.8063, 48.9042]]]}, "properties": {"company_id": "new-gold", "jurisdiction": "Ontario", "claim_id": "264293", "claim_name": null, "holder": "(100) NEW GOLD INC.", "status": "Active", "recorded_date": "2018-04-10", "anniversary_or_expiry": "2027-01-28", "area_ha": null, "tenure_type": "Boundary Cell Mining Claim", "source": "Ontario MLAS operational claims (OGSEarth / LIO MapServer). Unofficial viewing data, not legal title.", "as_of": "2026-09-20", "role": "focus", "color": "#e8b040"}}, {"type": "Feature", "geometry": {"type": "Polygon", "coordinates": [[[-93.8313, 48.8708], [-93.8313, 48.875], [-93.8375, 48.875], [-93.8375, 48.8708], [-93.8313, 48.8708]]]}, "properties": {"company_id": "new-gold", "jurisdiction": "Ontario", "claim_id": "264859", "claim_name": null, "holder": "(100) NEW GOLD INC.", "status": "Active", "recorded_date": "2018-04-10", "anniversary_or_expiry": "2028-05-04", "area_ha": null, "tenure_type": "Single Cell Mining Claim", "source": "Ontario MLAS operational claims (OGSEarth / LIO MapServer). Unofficial viewing data, not legal title.", "as_of": "2026-09-20", "role": "focus", "color": "#e8b040"}}, {"type": "Feature", "geometry": {"type": "Polygon", "coordinates": [[[-93.7938, 48.9375], [-93.7938, 48.9417], [-93.8, 48.9417], [-93.8, 48.9375], [-93.7938, 48.9375]]]}, "properties": {"company_id": "new-gold", "jurisdiction": "Ontario", "claim_id": "264921", "claim_name": null, "holder": "(100) NEW GOLD INC.", "status": "Active", "recorded_date": "2018-04-10", "anniversary_or_expiry": "2027-02-13", "area_ha": null, "tenure_type": "Single Cell Mining Claim", "source": "Ontario MLAS operational claims (OGSEarth / LIO MapServer). Unofficial viewing data, not legal title.", "as_of": "2026-09-20", "role": "focus", "color": "#e8b040"}}, {"type": "Feature", "geometry": {"type": "Polygon", "coordinates": [[[-93.7938, 48.9333], [-93.7938, 48.9375], [-93.8, 48.9375], [-93.8, 48.9333], [-93.7938, 48.9333]]]}, "properties": {"company_id": "new-gold", "jurisdiction": "Ontario", "claim_id": "264922", "claim_name": null, "holder": "(100) NEW GOLD INC.", "status": "Active", "recorded_date": "2018-04-10", "anniversary_or_expiry": "2027-02-13", "area_ha": null, "tenure_type": "Single Cell Mining Claim", "source": "Ontario MLAS operational claims (OGSEarth / LIO MapServer). Unofficial viewing data, not legal title.", "as_of": "2026-09-20", "role": "focus", "color": "#e8b040"}}, {"type": "Feature", "geometry": {"type": "Polygon", "coordinates": [[[-93.7938, 48.9417], [-93.7938, 48.9458], [-93.8, 48.9458], [-93.8, 48.9417], [-93.7938, 48.9417]]]}, "properties": {"company_id": "new-gold", "jurisdiction": "Ontario", "claim_id": "264986", "claim_name": null, "holder": "(100) NEW GOLD INC.", "status": "Active", "recorded_date": "2018-04-10", "anniversary_or_expiry": "2027-02-13", "area_ha": null, "tenure_type": "Single Cell Mining Claim", "source": "Ontario MLAS operational claims (OGSEarth / LIO MapServer). Unofficial viewing data, not legal title.", "as_of": "2026-09-20", "role": "focus", "color": "#e8b040"}}, {"type": "Feature", "geometry": {"type": "Polygon", "coordinates": [[[-93.8438, 48.9583], [-93.8438, 48.9625], [-93.85, 48.9625], [-93.85, 48.9583], [-93.8438, 48.9583]]]}, "properties": {"company_id": "new-gold", "jurisdiction": "Ontario", "claim_id": "265589", "claim_name": null, "holder": "(100) NEW GOLD INC.", "status": "Active", "recorded_date": "2018-04-10", "anniversary_or_expiry": "2028-06-02", "area_ha": null, "tenure_type": "Single Cell Mining Claim", "source": "Ontario MLAS operational claims (OGSEarth / LIO MapServer). Unofficial viewing data, not legal title.", "as_of": "2026-09-20", "role": "focus", "color": "#e8b040"}}, {"type": "Feature", "geometry": {"type": "Polygon", "coordinates": [[[-93.8375, 48.95], [-93.8375, 48.9542], [-93.8438, 48.9542], [-93.8438, 48.95], [-93.8375, 48.95]]]}, "properties": {"company_id": "new-gold", "jurisdiction": "Ontario", "claim_id": "265590", "claim_name": null, "holder": "(100) NEW GOLD INC.", "status": "Active", "recorded_date": "2018-04-10", "anniversary_or_expiry": "2028-06-02", "area_ha": null, "tenure_type": "Single Cell Mining Claim", "source": "Ontario MLAS operational claims (OGSEarth / LIO MapServer). Unofficial viewing data, not legal title.", "as_of": "2026-09-20", "role": "focus", "color": "#e8b040"}}, {"type": "Feature", "geometry": {"type": "Polygon", "coordinates": [[[-93.8438, 48.95], [-93.8438, 48.9542], [-93.85, 48.9542], [-93.85, 48.95], [-93.8438, 48.95]]]}, "properties": {"company_id": "new-gold", "jurisdiction": "Ontario", "claim_id": "265591", "claim_name": null, "holder": "(100) NEW GOLD INC.", "status": "Active", "recorded_date": "2018-04-10", "anniversary_or_expiry": "2028-06-02", "area_ha": null, "tenure_type": "Single Cell Mining Claim", "source": "Ontario MLAS operational claims (OGSEarth / LIO MapServer). Unofficial viewing data, not legal title.", "as_of": "2026-09-20", "role": "focus", "color": "#e8b040"}}, {"type": "Feature", "geometry": {"type": "Polygon", "coordinates": [[[-93.7375, 49.0042], [-93.7375, 49.0083], [-93.7438, 49.0083], [-93.7438, 49.0042], [-93.7375, 49.0042]]]}, "properties": {"company_id": "new-gold", "jurisdiction": "Ontario", "claim_id": "265593", "claim_name": null, "holder": "(100) NEW GOLD INC.", "status": "Active", "recorded_date": "2018-04-10", "anniversary_or_expiry": "2028-07-11", "area_ha": null, "tenure_type": "Single Cell Mining Claim", "source": "Ontario MLAS operational claims (OGSEarth / LIO MapServer). Unofficial viewing data, not legal title.", "as_of": "2026-09-20", "role": "focus", "color": "#e8b040"}}, {"type": "Feature", "geometry": {"type": "Polygon", "coordinates": [[[-93.725, 48.9792], [-93.725, 48.9833], [-93.7313, 48.9833], [-93.7313, 48.9792], [-93.725, 48.9792]]]}, "properties": {"company_id": "new-gold", "jurisdiction": "Ontario", "claim_id": "265594", "claim_name": null, "holder": "(100) NEW GOLD INC.", "status": "Active", "recorded_date": "2018-04-10", "anniversary_or_expiry": "2028-07-11", "area_ha": null, "tenure_type": "Single Cell Mining Claim", "source": "Ontario MLAS operational claims (OGSEarth / LIO MapServer). Unofficial viewing data, not legal title.", "as_of": "2026-09-20", "role": "focus", "color": "#e8b040"}}, {"type": "Feature", "geometry": {"type": "Polygon", "coordinates": [[[-93.7875, 48.9792], [-93.7875, 48.9833], [-93.7938, 48.9833], [-93.7938, 48.9792], [-93.7875, 48.9792]]]}, "properties": {"company_id": "new-gold", "jurisdiction": "Ontario", "claim_id": "265595", "claim_name": null, "holder": "(100) NEW GOLD INC.", "status": "Active", "recorded_date": "2018-04-10", "anniversary_or_expiry": "2028-06-02", "area_ha": null, "tenure_type": "Single Cell Mining Claim", "source": "Ontario MLAS operational claims (OGSEarth / LIO MapServer). Unofficial viewing data, not legal title.", "as_of": "2026-09-20", "role": "focus", "color": "#e8b040"}}, {"type": "Feature", "geometry": {"type": "Polygon", "coordinates": [[[-93.8063, 48.8875], [-93.8063, 48.8917], [-93.8125, 48.8917], [-93.8125, 48.8875], [-93.8063, 48.8875]]]}, "properties": {"company_id": "new-gold", "jurisdiction": "Ontario", "claim_id": "265596", "claim_name": null, "holder": "(100) NEW GOLD INC.", "status": "Active", "recorded_date": "2018-04-10", "anniversary_or_expiry": "2028-05-04", "area_ha": null, "tenure_type": "Boundary Cell Mining Claim", "source": "Ontario MLAS operational claims (OGSEarth / LIO MapServer). Unofficial viewing data, not legal title.", "as_of": "2026-09-20", "role": "focus", "color": "#e8b040"}}, {"type": "Feature", "geometry": {"type": "Polygon", "coordinates": [[[-93.7313, 48.975], [-93.7313, 48.9792], [-93.7375, 48.9792], [-93.7375, 48.975], [-93.7313, 48.975]]]}, "properties": {"company_id": "new-gold", "jurisdiction": "Ontario", "claim_id": "265597", "claim_name": null, "holder": "(100) NEW GOLD INC.", "status": "Active", "recorded_date": "2018-04-10", "anniversary_or_expiry": "2028-07-11", "area_ha": null, "tenure_type": "Single Cell Mining Claim", "source": "Ontario MLAS operational claims (OGSEarth / LIO MapServer). Unofficial viewing data, not legal title.", "as_of": "2026-09-20", "role": "focus", "color": "#e8b040"}}, {"type": "Feature", "geometry": {"type": "Polygon", "coordinates": [[[-93.85, 48.9917], [-93.85, 48.9958], [-93.8563, 48.9958], [-93.8563, 48.9917], [-93.85, 48.9917]]]}, "properties": {"company_id": "new-gold", "jurisdiction": "Ontario", "claim_id": "265628", "claim_name": null, "holder": "(100) NEW GOLD INC.", "status": "Active", "recorded_date": "2018-04-10", "anniversary_or_expiry": "2028-05-08", "area_ha": null, "tenure_type": "Single Cell Mining Claim", "source": "Ontario MLAS operational claims (OGSEarth / LIO MapServer). Unofficial viewing data, not legal title.", "as_of": "2026-09-20", "role": "focus", "color": "#e8b040"}}, {"type": "Feature", "geometry": {"type": "Polygon", "coordinates": [[[-93.8563, 49.0042], [-93.8563, 49.0083], [-93.8625, 49.0083], [-93.8625, 49.0042], [-93.8563, 49.0042]]]}, "properties": {"company_id": "new-gold", "jurisdiction": "Ontario", "claim_id": "265629", "claim_name": null, "holder": "(100) NEW GOLD INC.", "status": "Active", "recorded_date": "2018-04-10", "anniversary_or_expiry": "2028-08-04", "area_ha": null, "tenure_type": "Single Cell Mining Claim", "source": "Ontario MLAS operational claims (OGSEarth / LIO MapServer). Unofficial viewing data, not legal title.", "as_of": "2026-09-20", "role": "focus", "color": "#e8b040"}}, {"type": "Feature", "geometry": {"type": "Polygon", "coordinates": [[[-93.8063, 48.9792], [-93.8063, 48.9833], [-93.8125, 48.9833], [-93.8125, 48.9792], [-93.8063, 48.9792]]]}, "properties": {"company_id": "new-gold", "jurisdiction": "Ontario", "claim_id": "266212", "claim_name": null, "holder": "(100) NEW GOLD INC.", "status": "Active", "recorded_date": "2018-04-10", "anniversary_or_expiry": "2028-06-02", "area_ha": null, "tenure_type": "Single Cell Mining Claim", "source": "Ontario MLAS operational claims (OGSEarth / LIO MapServer). Unofficial viewing data, not legal title.", "as_of": "2026-09-20", "role": "focus", "color": "#e8b040"}}, {"type": "Feature", "geometry": {"type": "Polygon", "coordinates": [[[-93.8063, 48.975], [-93.8063, 48.9792], [-93.8125, 48.9792], [-93.8125, 48.975], [-93.8063, 48.975]]]}, "properties": {"company_id": "new-gold", "jurisdiction": "Ontario", "claim_id": "266213", "claim_name": null, "holder": "(100) NEW GOLD INC.", "status": "Active", "recorded_date": "2018-04-10", "anniversary_or_expiry": "2028-06-02", "area_ha": null, "tenure_type": "Single Cell Mining Claim", "source": "Ontario MLAS operational claims (OGSEarth / LIO MapServer). Unofficial viewing data, not legal title.", "as_of": "2026-09-20", "role": "focus", "color": "#e8b040"}}, {"type": "Feature", "geometry": {"type": "Polygon", "coordinates": [[[-93.7438, 48.9958], [-93.7438, 49.0], [-93.75, 49.0], [-93.75, 48.9958], [-93.7438, 48.9958]]]}, "properties": {"company_id": "new-gold", "jurisdiction": "Ontario", "claim_id": "266214", "claim_name": null, "holder": "(100) NEW GOLD INC.", "status": "Active", "recorded_date": "2018-04-10", "anniversary_or_expiry": "2028-07-11", "area_ha": null, "tenure_type": "Single Cell Mining Claim", "source": "Ontario MLAS operational claims (OGSEarth / LIO MapServer). Unofficial viewing data, not legal title.", "as_of": "2026-09-20", "role": "focus", "color": "#e8b040"}}, {"type": "Feature", "geometry": {"type": "Polygon", "coordinates": [[[-93.7375, 48.9917], [-93.7375, 48.9958], [-93.7438, 48.9958], [-93.7438, 48.9917], [-93.7375, 48.9917]]]}, "properties": {"company_id": "new-gold", "jurisdiction": "Ontario", "claim_id": "266215", "claim_name": null, "holder": "(100) NEW GOLD INC.", "status": "Active", "recorded_date": "2018-04-10", "anniversary_or_expiry": "2028-07-11", "area_ha": null, "tenure_type": "Single Cell Mining Claim", "source": "Ontario MLAS operational claims (OGSEarth / LIO MapServer). Unofficial viewing data, not legal title.", "as_of": "2026-09-20", "role": "focus", "color": "#e8b040"}}, {"type": "Feature", "geometry": {"type": "Polygon", "coordinates": [[[-93.7813, 48.9958], [-93.7813, 49.0], [-93.7875, 49.0], [-93.7875, 48.9958], [-93.7813, 48.9958]]]}, "properties": {"company_id": "new-gold", "jurisdiction": "Ontario", "claim_id": "266844", "claim_name": null, "holder": "(100) NEW GOLD INC.", "status": "Active", "recorded_date": "2018-04-10", "anniversary_or_expiry": "2028-05-25", "area_ha": null, "tenure_type": "Single Cell Mining Claim", "source": "Ontario MLAS operational claims (OGSEarth / LIO MapServer). Unofficial viewing data, not legal title.", "as_of": "2026-09-20", "role": "focus", "color": "#e8b040"}}, {"type": "Feature", "geometry": {"type": "Polygon", "coordinates": [[[-93.7938, 48.9958], [-93.7938, 49.0], [-93.8, 49.0], [-93.8, 48.9958], [-93.7938, 48.9958]]]}, "properties": {"company_id": "new-gold", "jurisdiction": "Ontario", "claim_id": "266845", "claim_name": null, "holder": "(100) NEW GOLD INC.", "status": "Active", "recorded_date": "2018-04-10", "anniversary_or_expiry": "2028-05-25", "area_ha": null, "tenure_type": "Single Cell Mining Claim", "source": "Ontario MLAS operational claims (OGSEarth / LIO MapServer). Unofficial viewing data, not legal title.", "as_of": "2026-09-20", "role": "focus", "color": "#e8b040"}}, {"type": "Feature", "geometry": {"type": "Polygon", "coordinates": [[[-94.2938, 48.7958], [-94.2938, 48.8], [-94.3, 48.8], [-94.3, 48.7958], [-94.2938, 48.7958]]]}, "properties": {"company_id": "new-gold", "jurisdiction": "Ontario", "claim_id": "267413", "claim_name": null, "holder": "(100) NEW GOLD INC.", "status": "Active", "recorded_date": "2018-04-10", "anniversary_or_expiry": "2026-12-02", "area_ha": null, "tenure_type": "Single Cell Mining Claim", "source": "Ontario MLAS operational claims (OGSEarth / LIO MapServer). Unofficial viewing data, not legal title.", "as_of": "2026-09-20", "role": "focus", "color": "#e8b040"}}, {"type": "Feature", "geometry": {"type": "Polygon", "coordinates": [[[-93.8188, 48.8833], [-93.8188, 48.8875], [-93.825, 48.8875], [-93.825, 48.8833], [-93.8188, 48.8833]]]}, "properties": {"company_id": "new-gold", "jurisdiction": "Ontario", "claim_id": "266293", "claim_name": null, "holder": "(100) NEW GOLD INC.", "status": "Active", "recorded_date": "2018-04-10", "anniversary_or_expiry": "2028-05-04", "area_ha": null, "tenure_type": "Single Cell Mining Claim", "source": "Ontario MLAS operational claims (OGSEarth / LIO MapServer). Unofficial viewing data, not legal title.", "as_of": "2026-09-20", "role": "focus", "color": "#e8b040"}}, {"type": "Feature", "geometry": {"type": "Polygon", "coordinates": [[[-93.8125, 48.8708], [-93.8125, 48.875], [-93.8188, 48.875], [-93.8188, 48.8708], [-93.8125, 48.8708]]]}, "properties": {"company_id": "new-gold", "jurisdiction": "Ontario", "claim_id": "266294", "claim_name": null, "holder": "(100) NEW GOLD INC.", "status": "Active", "recorded_date": "2018-04-10", "anniversary_or_expiry": "2028-05-04", "area_ha": null, "tenure_type": "Single Cell Mining Claim", "source": "Ontario MLAS operational claims (OGSEarth / LIO MapServer). Unofficial viewing data, not legal title.", "as_of": "2026-09-20", "role": "focus", "color": "#e8b040"}}, {"type": "Feature", "geometry": {"type": "Polygon", "coordinates": [[[-93.8063, 48.9958], [-93.8063, 49.0], [-93.8125, 49.0], [-93.8125, 48.9958], [-93.8063, 48.9958]]]}, "properties": {"company_id": "new-gold", "jurisdiction": "Ontario", "claim_id": "266295", "claim_name": null, "holder": "(100) NEW GOLD INC.", "status": "Active", "recorded_date": "2018-04-10", "anniversary_or_expiry": "2028-05-25", "area_ha": null, "tenure_type": "Single Cell Mining Claim", "source": "Ontario MLAS operational claims (OGSEarth / LIO MapServer). Unofficial viewing data, not legal title.", "as_of": "2026-09-20", "role": "focus", "color": "#e8b040"}}, {"type": "Feature", "geometry": {"type": "Polygon", "coordinates": [[[-93.75, 49.025], [-93.75, 49.0292], [-93.7563, 49.0292], [-93.7563, 49.025], [-93.75, 49.025]]]}, "properties": {"company_id": "new-gold", "jurisdiction": "Ontario", "claim_id": "267529", "claim_name": null, "holder": "(100) NEW GOLD INC.", "status": "Active", "recorded_date": "2018-04-10", "anniversary_or_expiry": "2028-07-11", "area_ha": null, "tenure_type": "Single Cell Mining Claim", "source": "Ontario MLAS operational claims (OGSEarth / LIO MapServer). Unofficial viewing data, not legal title.", "as_of": "2026-09-20", "role": "focus", "color": "#e8b040"}}, {"type": "Feature", "geometry": {"type": "Polygon", "coordinates": [[[-93.7625, 48.9875], [-93.7625, 48.9917], [-93.7688, 48.9917], [-93.7688, 48.9875], [-93.7625, 48.9875]]]}, "properties": {"company_id": "new-gold", "jurisdiction": "Ontario", "claim_id": "267530", "claim_name": null, "holder": "(100) NEW GOLD INC.", "status": "Active", "recorded_date": "2018-04-10", "anniversary_or_expiry": "2028-05-25", "area_ha": null, "tenure_type": "Single Cell Mining Claim", "source": "Ontario MLAS operational claims (OGSEarth / LIO MapServer). Unofficial viewing data, not legal title.", "as_of": "2026-09-20", "role": "focus", "color": "#e8b040"}}, {"type": "Feature", "geometry": {"type": "Polygon", "coordinates": [[[-93.7688, 48.9875], [-93.7688, 48.9917], [-93.775, 48.9917], [-93.775, 48.9875], [-93.7688, 48.9875]]]}, "properties": {"company_id": "new-gold", "jurisdiction": "Ontario", "claim_id": "267551", "claim_name": null, "holder": "(100) NEW GOLD INC.", "status": "Active", "recorded_date": "2018-04-10", "anniversary_or_expiry": "2028-05-25", "area_ha": null, "tenure_type": "Single Cell Mining Claim", "source": "Ontario MLAS operational claims (OGSEarth / LIO MapServer). Unofficial viewing data, not legal title.", "as_of": "2026-09-20", "role": "focus", "color": "#e8b040"}}, {"type": "Feature", "geometry": {"type": "Polygon", "coordinates": [[[-93.8875, 48.9958], [-93.8875, 49.0], [-93.8938, 49.0], [-93.8938, 48.9958], [-93.8875, 48.9958]]]}, "properties": {"company_id": "new-gold", "jurisdiction": "Ontario", "claim_id": "266991", "claim_name": null, "holder": "(100) NEW GOLD INC.", "status": "Active", "recorded_date": "2018-04-10", "anniversary_or_expiry": "2028-08-04", "area_ha": null, "tenure_type": "Single Cell Mining Claim", "source": "Ontario MLAS operational claims (OGSEarth / LIO MapServer). Unofficial viewing data, not legal title.", "as_of": "2026-09-20", "role": "focus", "color": "#e8b040"}}, {"type": "Feature", "geometry": {"type": "Polygon", "coordinates": [[[-93.8813, 48.9917], [-93.8813, 48.9958], [-93.8875, 48.9958], [-93.8875, 48.9917], [-93.8813, 48.9917]]]}, "properties": {"company_id": "new-gold", "jurisdiction": "Ontario", "claim_id": "266992", "claim_name": null, "holder": "(100) NEW GOLD INC.", "status": "Active", "recorded_date": "2018-04-10", "anniversary_or_expiry": "2028-08-04", "area_ha": null, "tenure_type": "Boundary Cell Mining Claim", "source": "Ontario MLAS operational claims (OGSEarth / LIO MapServer). Unofficial viewing data, not legal title.", "as_of": "2026-09-20", "role": "focus", "color": "#e8b040"}}, {"type": "Feature", "geometry": {"type": "Polygon", "coordinates": [[[-93.8813, 48.9875], [-93.8813, 48.9917], [-93.8875, 48.9917], [-93.8875, 48.9875], [-93.8813, 48.9875]]]}, "properties": {"company_id": "new-gold", "jurisdiction": "Ontario", "claim_id": "266993", "claim_name": null, "holder": "(100) NEW GOLD INC.", "status": "Active", "recorded_date": "2018-04-10", "anniversary_or_expiry": "2028-08-04", "area_ha": null, "tenure_type": "Boundary Cell Mining Claim", "source": "Ontario MLAS operational claims (OGSEarth / LIO MapServer). Unofficial viewing data, not legal title.", "as_of": "2026-09-20", "role": "focus", "color": "#e8b040"}}, {"type": "Feature", "geometry": {"type": "Polygon", "coordinates": [[[-93.7938, 48.975], [-93.7938, 48.9792], [-93.8, 48.9792], [-93.8, 48.975], [-93.7938, 48.975]]]}, "properties": {"company_id": "new-gold", "jurisdiction": "Ontario", "claim_id": "267648", "claim_name": null, "holder": "(100) NEW GOLD INC.", "status": "Active", "recorded_date": "2018-04-10", "anniversary_or_expiry": "2028-06-02", "area_ha": null, "tenure_type": "Single Cell Mining Claim", "source": "Ontario MLAS operational claims (OGSEarth / LIO MapServer). Unofficial viewing data, not legal title.", "as_of": "2026-09-20", "role": "focus", "color": "#e8b040"}}, {"type": "Feature", "geometry": {"type": "Polygon", "coordinates": [[[-93.9375, 48.8792], [-93.9375, 48.8833], [-93.9438, 48.8833], [-93.9438, 48.8792], [-93.9375, 48.8792]]]}, "properties": {"company_id": "new-gold", "jurisdiction": "Ontario", "claim_id": "269637", "claim_name": null, "holder": "(100) NEW GOLD INC.", "status": "Active", "recorded_date": "2018-04-10", "anniversary_or_expiry": "2028-05-06", "area_ha": null, "tenure_type": "Single Cell Mining Claim", "source": "Ontario MLAS operational claims (OGSEarth / LIO MapServer). Unofficial viewing data, not legal title.", "as_of": "2026-09-20", "role": "focus", "color": "#e8b040"}}, {"type": "Feature", "geometry": {"type": "Polygon", "coordinates": [[[-94.1188, 48.8458], [-94.1188, 48.85], [-94.125, 48.85], [-94.125, 48.8458], [-94.1188, 48.8458]]]}, "properties": {"company_id": "new-gold", "jurisdiction": "Ontario", "claim_id": "269638", "claim_name": null, "holder": "(100) NEW GOLD INC.", "status": "Active", "recorded_date": "2018-04-10", "anniversary_or_expiry": "2028-11-27", "area_ha": null, "tenure_type": "Single Cell Mining Claim", "source": "Ontario MLAS operational claims (OGSEarth / LIO MapServer). Unofficial viewing data, not legal title.", "as_of": "2026-09-20", "role": "focus", "color": "#e8b040"}}, {"type": "Feature", "geometry": {"type": "Polygon", "coordinates": [[[-93.85, 48.95], [-93.85, 48.9542], [-93.8563, 48.9542], [-93.8563, 48.95], [-93.85, 48.95]]]}, "properties": {"company_id": "new-gold", "jurisdiction": "Ontario", "claim_id": "269648", "claim_name": null, "holder": "(100) NEW GOLD INC.", "status": "Active", "recorded_date": "2018-04-10", "anniversary_or_expiry": "2028-10-26", "area_ha": null, "tenure_type": "Single Cell Mining Claim", "source": "Ontario MLAS operational claims (OGSEarth / LIO MapServer). Unofficial viewing data, not legal title.", "as_of": "2026-09-20", "role": "focus", "color": "#e8b040"}}, {"type": "Feature", "geometry": {"type": "Polygon", "coordinates": [[[-93.8625, 48.8958], [-93.8625, 48.9], [-93.8688, 48.9], [-93.8688, 48.8958], [-93.8625, 48.8958]]]}, "properties": {"company_id": "new-gold", "jurisdiction": "Ontario", "claim_id": "270244", "claim_name": null, "holder": "(100) NEW GOLD INC.", "status": "Active", "recorded_date": "2018-04-10", "anniversary_or_expiry": "2027-01-28", "area_ha": null, "tenure_type": "Single Cell Mining Claim", "source": "Ontario MLAS operational claims (OGSEarth / LIO MapServer). Unofficial viewing data, not legal title.", "as_of": "2026-09-20", "role": "focus", "color": "#e8b040"}}, {"type": "Feature", "geometry": {"type": "Polygon", "coordinates": [[[-93.9063, 48.875], [-93.9063, 48.8792], [-93.9125, 48.8792], [-93.9125, 48.875], [-93.9063, 48.875]]]}, "properties": {"company_id": "new-gold", "jurisdiction": "Ontario", "claim_id": "270246", "claim_name": null, "holder": "(100) NEW GOLD INC.", "status": "Active", "recorded_date": "2018-04-10", "anniversary_or_expiry": "2028-05-15", "area_ha": null, "tenure_type": "Single Cell Mining Claim", "source": "Ontario MLAS operational claims (OGSEarth / LIO MapServer). Unofficial viewing data, not legal title.", "as_of": "2026-09-20", "role": "focus", "color": "#e8b040"}}, {"type": "Feature", "geometry": {"type": "Polygon", "coordinates": [[[-94.2188, 48.7917], [-94.2188, 48.7958], [-94.225, 48.7958], [-94.225, 48.7917], [-94.2188, 48.7917]]]}, "properties": {"company_id": "new-gold", "jurisdiction": "Ontario", "claim_id": "270292", "claim_name": null, "holder": "(100) NEW GOLD INC.", "status": "Active", "recorded_date": "2018-04-10", "anniversary_or_expiry": "2028-11-22", "area_ha": null, "tenure_type": "Single Cell Mining Claim", "source": "Ontario MLAS operational claims (OGSEarth / LIO MapServer). Unofficial viewing data, not legal title.", "as_of": "2026-09-20", "role": "focus", "color": "#e8b040"}}, {"type": "Feature", "geometry": {"type": "Polygon", "coordinates": [[[-94.2188, 48.7833], [-94.2188, 48.7875], [-94.225, 48.7875], [-94.225, 48.7833], [-94.2188, 48.7833]]]}, "properties": {"company_id": "new-gold", "jurisdiction": "Ontario", "claim_id": "270293", "claim_name": null, "holder": "(100) NEW GOLD INC.", "status": "Active", "recorded_date": "2018-04-10", "anniversary_or_expiry": "2028-11-22", "area_ha": null, "tenure_type": "Single Cell Mining Claim", "source": "Ontario MLAS operational claims (OGSEarth / LIO MapServer). Unofficial viewing data, not legal title.", "as_of": "2026-09-20", "role": "focus", "color": "#e8b040"}}, {"type": "Feature", "geometry": {"type": "Polygon", "coordinates": [[[-93.9, 48.9125], [-93.9, 48.9167], [-93.9063, 48.9167], [-93.9063, 48.9125], [-93.9, 48.9125]]]}, "properties": {"company_id": "new-gold", "jurisdiction": "Ontario", "claim_id": "270315", "claim_name": null, "holder": "(100) NEW GOLD INC.", "status": "Active", "recorded_date": "2018-04-10", "anniversary_or_expiry": "2028-10-26", "area_ha": null, "tenure_type": "Single Cell Mining Claim", "source": "Ontario MLAS operational claims (OGSEarth / LIO MapServer). Unofficial viewing data, not legal title.", "as_of": "2026-09-20", "role": "focus", "color": "#e8b040"}}, {"type": "Feature", "geometry": {"type": "Polygon", "coordinates": [[[-93.85, 48.9583], [-93.85, 48.9625], [-93.8563, 48.9625], [-93.8563, 48.9583], [-93.85, 48.9583]]]}, "properties": {"company_id": "new-gold", "jurisdiction": "Ontario", "claim_id": "270319", "claim_name": null, "holder": "(100) NEW GOLD INC.", "status": "Active", "recorded_date": "2018-04-10", "anniversary_or_expiry": "2028-10-26", "area_ha": null, "tenure_type": "Boundary Cell Mining Claim", "source": "Ontario MLAS operational claims (OGSEarth / LIO MapServer). Unofficial viewing data, not legal title.", "as_of": "2026-09-20", "role": "focus", "color": "#e8b040"}}, {"type": "Feature", "geometry": {"type": "Polygon", "coordinates": [[[-94.2813, 48.8167], [-94.2813, 48.8208], [-94.2875, 48.8208], [-94.2875, 48.8167], [-94.2813, 48.8167]]]}, "properties": {"company_id": "new-gold", "jurisdiction": "Ontario", "claim_id": "270320", "claim_name": null, "holder": "(100) NEW GOLD INC.", "status": "Active", "recorded_date": "2018-04-10", "anniversary_or_expiry": "2026-12-02", "area_ha": null, "tenure_type": "Single Cell Mining Claim", "source": "Ontario MLAS operational claims (OGSEarth / LIO MapServer). Unofficial viewing data, not legal title.", "as_of": "2026-09-20", "role": "focus", "color": "#e8b040"}}, {"type": "Feature", "geometry": {"type": "Polygon", "coordinates": [[[-94.2875, 48.7708], [-94.2875, 48.775], [-94.2938, 48.775], [-94.2938, 48.7708], [-94.2875, 48.7708]]]}, "properties": {"company_id": "new-gold", "jurisdiction": "Ontario", "claim_id": "270335", "claim_name": null, "holder": "(100) NEW GOLD INC.", "status": "Active", "recorded_date": "2018-04-10", "anniversary_or_expiry": "2027-01-26", "area_ha": null, "tenure_type": "Single Cell Mining Claim", "source": "Ontario MLAS operational claims (OGSEarth / LIO MapServer). Unofficial viewing data, not legal title.", "as_of": "2026-09-20", "role": "focus", "color": "#e8b040"}}, {"type": "Feature", "geometry": {"type": "Polygon", "coordinates": [[[-94.2938, 48.7667], [-94.2938, 48.7708], [-94.3, 48.7708], [-94.3, 48.7667], [-94.2938, 48.7667]]]}, "properties": {"company_id": "new-gold", "jurisdiction": "Ontario", "claim_id": "270336", "claim_name": null, "holder": "(100) NEW GOLD INC.", "status": "Active", "recorded_date": "2018-04-10", "anniversary_or_expiry": "2027-01-26", "area_ha": null, "tenure_type": "Single Cell Mining Claim", "source": "Ontario MLAS operational claims (OGSEarth / LIO MapServer). Unofficial viewing data, not legal title.", "as_of": "2026-09-20", "role": "focus", "color": "#e8b040"}}, {"type": "Feature", "geometry": {"type": "Polygon", "coordinates": [[[-94.2938, 48.8125], [-94.2938, 48.8167], [-94.3, 48.8167], [-94.3, 48.8125], [-94.2938, 48.8125]]]}, "properties": {"company_id": "new-gold", "jurisdiction": "Ontario", "claim_id": "270341", "claim_name": null, "holder": "(100) NEW GOLD INC.", "status": "Active", "recorded_date": "2018-04-10", "anniversary_or_expiry": "2026-12-02", "area_ha": null, "tenure_type": "Single Cell Mining Claim", "source": "Ontario MLAS operational claims (OGSEarth / LIO MapServer). Unofficial viewing data, not legal title.", "as_of": "2026-09-20", "role": "focus", "color": "#e8b040"}}, {"type": "Feature", "geometry": {"type": "Polygon", "coordinates": [[[-93.8938, 48.975], [-93.8938, 48.9792], [-93.9, 48.9792], [-93.9, 48.975], [-93.8938, 48.975]]]}, "properties": {"company_id": "new-gold", "jurisdiction": "Ontario", "claim_id": "270343", "claim_name": null, "holder": "(100) NEW GOLD INC.", "status": "Active", "recorded_date": "2018-04-10", "anniversary_or_expiry": "2028-10-26", "area_ha": null, "tenure_type": "Single Cell Mining Claim", "source": "Ontario MLAS operational claims (OGSEarth / LIO MapServer). Unofficial viewing data, not legal title.", "as_of": "2026-09-20", "role": "focus", "color": "#e8b040"}}, {"type": "Feature", "geometry": {"type": "Polygon", "coordinates": [[[-93.9188, 51.0], [-93.9188, 51.0042], [-93.925, 51.0042], [-93.925, 51.0], [-93.9188, 51.0]]]}, "properties": {"company_id": "new-gold", "jurisdiction": "Ontario", "claim_id": "269226", "claim_name": null, "holder": "(24.5) NEW GOLD INC., (24.5) TOMAGOLD CORPORATION CORPORATION TOMAGOLD, (51) Evolution Mining Gold Operations Ltd.", "status": "Active", "recorded_date": "2018-04-10", "anniversary_or_expiry": "2029-10-27", "area_ha": null, "tenure_type": "Single Cell Mining Claim", "source": "Ontario MLAS operational claims (OGSEarth / LIO MapServer). Unofficial viewing data, not legal title.", "as_of": "2026-09-20", "role": "focus", "color": "#e8b040"}}, {"type": "Feature", "geometry": {"type": "Polygon", "coordinates": [[[-93.9688, 48.8833], [-93.9688, 48.8875], [-93.975, 48.8875], [-93.975, 48.8833], [-93.9688, 48.8833]]]}, "properties": {"company_id": "new-gold", "jurisdiction": "Ontario", "claim_id": "268216", "claim_name": null, "holder": "(100) NEW GOLD INC.", "status": "Active", "recorded_date": "2018-04-10", "anniversary_or_expiry": "2026-12-19", "area_ha": null, "tenure_type": "Single Cell Mining Claim", "source": "Ontario MLAS operational claims (OGSEarth / LIO MapServer). Unofficial viewing data, not legal title.", "as_of": "2026-09-20", "role": "focus", "color": "#e8b040"}}, {"type": "Feature", "geometry": {"type": "Polygon", "coordinates": [[[-94.2688, 48.7917], [-94.2688, 48.7958], [-94.275, 48.7958], [-94.275, 48.7917], [-94.2688, 48.7917]]]}, "properties": {"company_id": "new-gold", "jurisdiction": "Ontario", "claim_id": "268217", "claim_name": null, "holder": "(100) NEW GOLD INC.", "status": "Active", "recorded_date": "2018-04-10", "anniversary_or_expiry": "2028-11-22", "area_ha": null, "tenure_type": "Single Cell Mining Claim", "source": "Ontario MLAS operational claims (OGSEarth / LIO MapServer). Unofficial viewing data, not legal title.", "as_of": "2026-09-20", "role": "focus", "color": "#e8b040"}}, {"type": "Feature", "geometry": {"type": "Polygon", "coordinates": [[[-94.2688, 48.7875], [-94.2688, 48.7917], [-94.275, 48.7917], [-94.275, 48.7875], [-94.2688, 48.7875]]]}, "properties": {"company_id": "new-gold", "jurisdiction": "Ontario", "claim_id": "268218", "claim_name": null, "holder": "(100) NEW GOLD INC.", "status": "Active", "recorded_date": "2018-04-10", "anniversary_or_expiry": "2028-11-22", "area_ha": null, "tenure_type": "Single Cell Mining Claim", "source": "Ontario MLAS operational claims (OGSEarth / LIO MapServer). Unofficial viewing data, not legal title.", "as_of": "2026-09-20", "role": "focus", "color": "#e8b040"}}, {"type": "Feature", "geometry": {"type": "Polygon", "coordinates": [[[-94.15, 48.825], [-94.15, 48.8292], [-94.1563, 48.8292], [-94.1563, 48.825], [-94.15, 48.825]]]}, "properties": {"company_id": "new-gold", "jurisdiction": "Ontario", "claim_id": "268219", "claim_name": null, "holder": "(100) NEW GOLD INC.", "status": "Active", "recorded_date": "2018-04-10", "anniversary_or_expiry": "2028-11-22", "area_ha": null, "tenure_type": "Single Cell Mining Claim", "source": "Ontario MLAS operational claims (OGSEarth / LIO MapServer). Unofficial viewing data, not legal title.", "as_of": "2026-09-20", "role": "focus", "color": "#e8b040"}}, {"type": "Feature", "geometry": {"type": "Polygon", "coordinates": [[[-94.1563, 48.8208], [-94.1563, 48.825], [-94.1625, 48.825], [-94.1625, 48.8208], [-94.1563, 48.8208]]]}, "properties": {"company_id": "new-gold", "jurisdiction": "Ontario", "claim_id": "268220", "claim_name": null, "holder": "(100) NEW GOLD INC.", "status": "Active", "recorded_date": "2018-04-10", "anniversary_or_expiry": "2027-03-03", "area_ha": null, "tenure_type": "Single Cell Mining Claim", "source": "Ontario MLAS operational claims (OGSEarth / LIO MapServer). Unofficial viewing data, not legal title.", "as_of": "2026-09-20", "role": "focus", "color": "#e8b040"}}, {"type": "Feature", "geometry": {"type": "Polygon", "coordinates": [[[-94.1438, 48.8167], [-94.1438, 48.8208], [-94.15, 48.8208], [-94.15, 48.8167], [-94.1438, 48.8167]]]}, "properties": {"company_id": "new-gold", "jurisdiction": "Ontario", "claim_id": "268221", "claim_name": null, "holder": "(100) NEW GOLD INC.", "status": "Active", "recorded_date": "2018-04-10", "anniversary_or_expiry": "2028-11-22", "area_ha": null, "tenure_type": "Single Cell Mining Claim", "source": "Ontario MLAS operational claims (OGSEarth / LIO MapServer). Unofficial viewing data, not legal title.", "as_of": "2026-09-20", "role": "focus", "color": "#e8b040"}}, {"type": "Feature", "geometry": {"type": "Polygon", "coordinates": [[[-94.0313, 48.8917], [-94.0313, 48.8958], [-94.0375, 48.8958], [-94.0375, 48.8917], [-94.0313, 48.8917]]]}, "properties": {"company_id": "new-gold", "jurisdiction": "Ontario", "claim_id": "269556", "claim_name": null, "holder": "(100) NEW GOLD INC.", "status": "Active", "recorded_date": "2018-04-10", "anniversary_or_expiry": "2026-12-19", "area_ha": null, "tenure_type": "Single Cell Mining Claim", "source": "Ontario MLAS operational claims (OGSEarth / LIO MapServer). Unofficial viewing data, not legal title.", "as_of": "2026-09-20", "role": "focus", "color": "#e8b040"}}, {"type": "Feature", "geometry": {"type": "Polygon", "coordinates": [[[-93.8188, 48.9208], [-93.8188, 48.925], [-93.825, 48.925], [-93.825, 48.9208], [-93.8188, 48.9208]]]}, "properties": {"company_id": "new-gold", "jurisdiction": "Ontario", "claim_id": "270177", "claim_name": null, "holder": "(100) NEW GOLD INC.", "status": "Active", "recorded_date": "2018-04-10", "anniversary_or_expiry": "2028-06-21", "area_ha": null, "tenure_type": "Single Cell Mining Claim", "source": "Ontario MLAS operational claims (OGSEarth / LIO MapServer). Unofficial viewing data, not legal title.", "as_of": "2026-09-20", "role": "focus", "color": "#e8b040"}}, {"type": "Feature", "geometry": {"type": "Polygon", "coordinates": [[[-93.8188, 48.9458], [-93.8188, 48.95], [-93.825, 48.95], [-93.825, 48.9458], [-93.8188, 48.9458]]]}, "properties": {"company_id": "new-gold", "jurisdiction": "Ontario", "claim_id": "270871", "claim_name": null, "holder": "(100) NEW GOLD INC.", "status": "Active", "recorded_date": "2018-04-10", "anniversary_or_expiry": "2027-02-13", "area_ha": null, "tenure_type": "Single Cell Mining Claim", "source": "Ontario MLAS operational claims (OGSEarth / LIO MapServer). Unofficial viewing data, not legal title.", "as_of": "2026-09-20", "role": "focus", "color": "#e8b040"}}, {"type": "Feature", "geometry": {"type": "Polygon", "coordinates": [[[-93.825, 48.9417], [-93.825, 48.9458], [-93.8313, 48.9458], [-93.8313, 48.9417], [-93.825, 48.9417]]]}, "properties": {"company_id": "new-gold", "jurisdiction": "Ontario", "claim_id": "270872", "claim_name": null, "holder": "(100) NEW GOLD INC.", "status": "Active", "recorded_date": "2018-04-10", "anniversary_or_expiry": "2027-02-13", "area_ha": null, "tenure_type": "Single Cell Mining Claim", "source": "Ontario MLAS operational claims (OGSEarth / LIO MapServer). Unofficial viewing data, not legal title.", "as_of": "2026-09-20", "role": "focus", "color": "#e8b040"}}, {"type": "Feature", "geometry": {"type": "Polygon", "coordinates": [[[-93.7625, 48.95], [-93.7625, 48.9542], [-93.7688, 48.9542], [-93.7688, 48.95], [-93.7625, 48.95]]]}, "properties": {"company_id": "new-gold", "jurisdiction": "Ontario", "claim_id": "270876", "claim_name": null, "holder": "(100) NEW GOLD INC.", "status": "Active", "recorded_date": "2018-04-10", "anniversary_or_expiry": "2027-02-13", "area_ha": null, "tenure_type": "Single Cell Mining Claim", "source": "Ontario MLAS operational claims (OGSEarth / LIO MapServer). Unofficial viewing data, not legal title.", "as_of": "2026-09-20", "role": "focus", "color": "#e8b040"}}, {"type": "Feature", "geometry": {"type": "Polygon", "coordinates": [[[-93.775, 48.9458], [-93.775, 48.95], [-93.7813, 48.95], [-93.7813, 48.9458], [-93.775, 48.9458]]]}, "properties": {"company_id": "new-gold", "jurisdiction": "Ontario", "claim_id": "270877", "claim_name": null, "holder": "(100) NEW GOLD INC.", "status": "Active", "recorded_date": "2018-04-10", "anniversary_or_expiry": "2027-02-13", "area_ha": null, "tenure_type": "Single Cell Mining Claim", "source": "Ontario MLAS operational claims (OGSEarth / LIO MapServer). Unofficial viewing data, not legal title.", "as_of": "2026-09-20", "role": "focus", "color": "#e8b040"}}, {"type": "Feature", "geometry": {"type": "Polygon", "coordinates": [[[-93.7875, 48.9458], [-93.7875, 48.95], [-93.7938, 48.95], [-93.7938, 48.9458], [-93.7875, 48.9458]]]}, "properties": {"company_id": "new-gold", "jurisdiction": "Ontario", "claim_id": "270878", "claim_name": null, "holder": "(100) NEW GOLD INC.", "status": "Active", "recorded_date": "2018-04-10", "anniversary_or_expiry": "2027-02-13", "area_ha": null, "tenure_type": "Single Cell Mining Claim", "source": "Ontario MLAS operational claims (OGSEarth / LIO MapServer). Unofficial viewing data, not legal title.", "as_of": "2026-09-20", "role": "focus", "color": "#e8b040"}}, {"type": "Feature", "geometry": {"type": "Polygon", "coordinates": [[[-93.7813, 48.9417], [-93.7813, 48.9458], [-93.7875, 48.9458], [-93.7875, 48.9417], [-93.7813, 48.9417]]]}, "properties": {"company_id": "new-gold", "jurisdiction": "Ontario", "claim_id": "270879", "claim_name": null, "holder": "(100) NEW GOLD INC.", "status": "Active", "recorded_date": "2018-04-10", "anniversary_or_expiry": "2027-02-13", "area_ha": null, "tenure_type": "Single Cell Mining Claim", "source": "Ontario MLAS operational claims (OGSEarth / LIO MapServer). Unofficial viewing data, not legal title.", "as_of": "2026-09-20", "role": "focus", "color": "#e8b040"}}, {"type": "Feature", "geometry": {"type": "Polygon", "coordinates": [[[-93.875, 48.9708], [-93.875, 48.975], [-93.8813, 48.975], [-93.8813, 48.9708], [-93.875, 48.9708]]]}, "properties": {"company_id": "new-gold", "jurisdiction": "Ontario", "claim_id": "270894", "claim_name": null, "holder": "(100) NEW GOLD INC.", "status": "Active", "recorded_date": "2018-04-10", "anniversary_or_expiry": "2028-10-26", "area_ha": null, "tenure_type": "Single Cell Mining Claim", "source": "Ontario MLAS operational claims (OGSEarth / LIO MapServer). Unofficial viewing data, not legal title.", "as_of": "2026-09-20", "role": "focus", "color": "#e8b040"}}, {"type": "Feature", "geometry": {"type": "Polygon", "coordinates": [[[-93.8063, 48.9125], [-93.8063, 48.9167], [-93.8125, 48.9167], [-93.8125, 48.9125], [-93.8063, 48.9125]]]}, "properties": {"company_id": "new-gold", "jurisdiction": "Ontario", "claim_id": "270962", "claim_name": null, "holder": "(100) NEW GOLD INC.", "status": "Active", "recorded_date": "2018-04-10", "anniversary_or_expiry": "2028-05-17", "area_ha": null, "tenure_type": "Single Cell Mining Claim", "source": "Ontario MLAS operational claims (OGSEarth / LIO MapServer). Unofficial viewing data, not legal title.", "as_of": "2026-09-20", "role": "focus", "color": "#e8b040"}}, {"type": "Feature", "geometry": {"type": "Polygon", "coordinates": [[[-93.8313, 48.8917], [-93.8313, 48.8958], [-93.8375, 48.8958], [-93.8375, 48.8917], [-93.8313, 48.8917]]]}, "properties": {"company_id": "new-gold", "jurisdiction": "Ontario", "claim_id": "271013", "claim_name": null, "holder": "(100) NEW GOLD INC.", "status": "Active", "recorded_date": "2018-04-10", "anniversary_or_expiry": "2027-01-28", "area_ha": null, "tenure_type": "Single Cell Mining Claim", "source": "Ontario MLAS operational claims (OGSEarth / LIO MapServer). Unofficial viewing data, not legal title.", "as_of": "2026-09-20", "role": "focus", "color": "#e8b040"}}, {"type": "Feature", "geometry": {"type": "Polygon", "coordinates": [[[-93.9063, 48.9375], [-93.9063, 48.9417], [-93.9125, 48.9417], [-93.9125, 48.9375], [-93.9063, 48.9375]]]}, "properties": {"company_id": "new-gold", "jurisdiction": "Ontario", "claim_id": "271578", "claim_name": null, "holder": "(100) NEW GOLD INC.", "status": "Active", "recorded_date": "2018-04-10", "anniversary_or_expiry": "2028-10-26", "area_ha": null, "tenure_type": "Single Cell Mining Claim", "source": "Ontario MLAS operational claims (OGSEarth / LIO MapServer). Unofficial viewing data, not legal title.", "as_of": "2026-09-20", "role": "focus", "color": "#e8b040"}}, {"type": "Feature", "geometry": {"type": "Polygon", "coordinates": [[[-93.9, 48.9417], [-93.9, 48.9458], [-93.9063, 48.9458], [-93.9063, 48.9417], [-93.9, 48.9417]]]}, "properties": {"company_id": "new-gold", "jurisdiction": "Ontario", "claim_id": "271658", "claim_name": null, "holder": "(100) NEW GOLD INC.", "status": "Active", "recorded_date": "2018-04-10", "anniversary_or_expiry": "2028-10-26", "area_ha": null, "tenure_type": "Single Cell Mining Claim", "source": "Ontario MLAS operational claims (OGSEarth / LIO MapServer). Unofficial viewing data, not legal title.", "as_of": "2026-09-20", "role": "focus", "color": "#e8b040"}}, {"type": "Feature", "geometry": {"type": "Polygon", "coordinates": [[[-93.9063, 48.9417], [-93.9063, 48.9458], [-93.9125, 48.9458], [-93.9125, 48.9417], [-93.9063, 48.9417]]]}, "properties": {"company_id": "new-gold", "jurisdiction": "Ontario", "claim_id": "271659", "claim_name": null, "holder": "(100) NEW GOLD INC.", "status": "Active", "recorded_date": "2018-04-10", "anniversary_or_expiry": "2028-10-26", "area_ha": null, "tenure_type": "Single Cell Mining Claim", "source": "Ontario MLAS operational claims (OGSEarth / LIO MapServer). Unofficial viewing data, not legal title.", "as_of": "2026-09-20", "role": "focus", "color": "#e8b040"}}, {"type": "Feature", "geometry": {"type": "Polygon", "coordinates": [[[-93.9125, 48.9417], [-93.9125, 48.9458], [-93.9188, 48.9458], [-93.9188, 48.9417], [-93.9125, 48.9417]]]}, "properties": {"company_id": "new-gold", "jurisdiction": "Ontario", "claim_id": "271660", "claim_name": null, "holder": "(100) NEW GOLD INC.", "status": "Active", "recorded_date": "2018-04-10", "anniversary_or_expiry": "2028-10-26", "area_ha": null, "tenure_type": "Single Cell Mining Claim", "source": "Ontario MLAS operational claims (OGSEarth / LIO MapServer). Unofficial viewing data, not legal title.", "as_of": "2026-09-20", "role": "focus", "color": "#e8b040"}}, {"type": "Feature", "geometry": {"type": "Polygon", "coordinates": [[[-93.8313, 48.8875], [-93.8313, 48.8917], [-93.8375, 48.8917], [-93.8375, 48.8875], [-93.8313, 48.8875]]]}, "properties": {"company_id": "new-gold", "jurisdiction": "Ontario", "claim_id": "272327", "claim_name": null, "holder": "(100) NEW GOLD INC.", "status": "Active", "recorded_date": "2018-04-10", "anniversary_or_expiry": "2028-05-04", "area_ha": null, "tenure_type": "Boundary Cell Mining Claim", "source": "Ontario MLAS operational claims (OGSEarth / LIO MapServer). Unofficial viewing data, not legal title.", "as_of": "2026-09-20", "role": "focus", "color": "#e8b040"}}, {"type": "Feature", "geometry": {"type": "Polygon", "coordinates": [[[-93.825, 48.9792], [-93.825, 48.9833], [-93.8313, 48.9833], [-93.8313, 48.9792], [-93.825, 48.9792]]]}, "properties": {"company_id": "new-gold", "jurisdiction": "Ontario", "claim_id": "273671", "claim_name": null, "holder": "(100) NEW GOLD INC.", "status": "Active", "recorded_date": "2018-04-10", "anniversary_or_expiry": "2028-06-02", "area_ha": null, "tenure_type": "Single Cell Mining Claim", "source": "Ontario MLAS operational claims (OGSEarth / LIO MapServer). Unofficial viewing data, not legal title.", "as_of": "2026-09-20", "role": "focus", "color": "#e8b040"}}, {"type": "Feature", "geometry": {"type": "Polygon", "coordinates": [[[-93.8125, 48.975], [-93.8125, 48.9792], [-93.8188, 48.9792], [-93.8188, 48.975], [-93.8125, 48.975]]]}, "properties": {"company_id": "new-gold", "jurisdiction": "Ontario", "claim_id": "273672", "claim_name": null, "holder": "(100) NEW GOLD INC.", "status": "Active", "recorded_date": "2018-04-10", "anniversary_or_expiry": "2028-06-02", "area_ha": null, "tenure_type": "Single Cell Mining Claim", "source": "Ontario MLAS operational claims (OGSEarth / LIO MapServer). Unofficial viewing data, not legal title.", "as_of": "2026-09-20", "role": "focus", "color": "#e8b040"}}, {"type": "Feature", "geometry": {"type": "Polygon", "coordinates": [[[-93.825, 48.9667], [-93.825, 48.9708], [-93.8313, 48.9708], [-93.8313, 48.9667], [-93.825, 48.9667]]]}, "properties": {"company_id": "new-gold", "jurisdiction": "Ontario", "claim_id": "273673", "claim_name": null, "holder": "(100) NEW GOLD INC.", "status": "Active", "recorded_date": "2018-04-10", "anniversary_or_expiry": "2028-06-02", "area_ha": null, "tenure_type": "Single Cell Mining Claim", "source": "Ontario MLAS operational claims (OGSEarth / LIO MapServer). Unofficial viewing data, not legal title.", "as_of": "2026-09-20", "role": "focus", "color": "#e8b040"}}, {"type": "Feature", "geometry": {"type": "Polygon", "coordinates": [[[-93.7563, 48.9917], [-93.7563, 48.9958], [-93.7625, 48.9958], [-93.7625, 48.9917], [-93.7563, 48.9917]]]}, "properties": {"company_id": "new-gold", "jurisdiction": "Ontario", "claim_id": "273674", "claim_name": null, "holder": "(100) NEW GOLD INC.", "status": "Active", "recorded_date": "2018-04-10", "anniversary_or_expiry": "2028-07-11", "area_ha": null, "tenure_type": "Boundary Cell Mining Claim", "source": "Ontario MLAS operational claims (OGSEarth / LIO MapServer). Unofficial viewing data, not legal title.", "as_of": "2026-09-20", "role": "focus", "color": "#e8b040"}}, {"type": "Feature", "geometry": {"type": "Polygon", "coordinates": [[[-93.7375, 48.9875], [-93.7375, 48.9917], [-93.7438, 48.9917], [-93.7438, 48.9875], [-93.7375, 48.9875]]]}, "properties": {"company_id": "new-gold", "jurisdiction": "Ontario", "claim_id": "273675", "claim_name": null, "holder": "(100) NEW GOLD INC.", "status": "Active", "recorded_date": "2018-04-10", "anniversary_or_expiry": "2028-07-11", "area_ha": null, "tenure_type": "Single Cell Mining Claim", "source": "Ontario MLAS operational claims (OGSEarth / LIO MapServer). Unofficial viewing data, not legal title.", "as_of": "2026-09-20", "role": "focus", "color": "#e8b040"}}, {"type": "Feature", "geometry": {"type": "Polygon", "coordinates": [[[-93.8375, 48.9708], [-93.8375, 48.975], [-93.8438, 48.975], [-93.8438, 48.9708], [-93.8375, 48.9708]]]}, "properties": {"company_id": "new-gold", "jurisdiction": "Ontario", "claim_id": "274237", "claim_name": null, "holder": "(100) NEW GOLD INC.", "status": "Active", "recorded_date": "2018-04-10", "anniversary_or_expiry": "2028-06-02", "area_ha": null, "tenure_type": "Single Cell Mining Claim", "source": "Ontario MLAS operational claims (OGSEarth / LIO MapServer). Unofficial viewing data, not legal title.", "as_of": "2026-09-20", "role": "focus", "color": "#e8b040"}}, {"type": "Feature", "geometry": {"type": "Polygon", "coordinates": [[[-93.7375, 49.0208], [-93.7375, 49.025], [-93.7438, 49.025], [-93.7438, 49.0208], [-93.7375, 49.0208]]]}, "properties": {"company_id": "new-gold", "jurisdiction": "Ontario", "claim_id": "274240", "claim_name": null, "holder": "(100) NEW GOLD INC.", "status": "Active", "recorded_date": "2018-04-10", "anniversary_or_expiry": "2028-07-11", "area_ha": null, "tenure_type": "Single Cell Mining Claim", "source": "Ontario MLAS operational claims (OGSEarth / LIO MapServer). Unofficial viewing data, not legal title.", "as_of": "2026-09-20", "role": "focus", "color": "#e8b040"}}, {"type": "Feature", "geometry": {"type": "Polygon", "coordinates": [[[-93.725, 49.0083], [-93.725, 49.0125], [-93.7313, 49.0125], [-93.7313, 49.0083], [-93.725, 49.0083]]]}, "properties": {"company_id": "new-gold", "jurisdiction": "Ontario", "claim_id": "274241", "claim_name": null, "holder": "(100) NEW GOLD INC.", "status": "Active", "recorded_date": "2018-04-10", "anniversary_or_expiry": "2028-07-11", "area_ha": null, "tenure_type": "Single Cell Mining Claim", "source": "Ontario MLAS operational claims (OGSEarth / LIO MapServer). Unofficial viewing data, not legal title.", "as_of": "2026-09-20", "role": "focus", "color": "#e8b040"}}, {"type": "Feature", "geometry": {"type": "Polygon", "coordinates": [[[-93.8125, 48.875], [-93.8125, 48.8792], [-93.8188, 48.8792], [-93.8188, 48.875], [-93.8125, 48.875]]]}, "properties": {"company_id": "new-gold", "jurisdiction": "Ontario", "claim_id": "274261", "claim_name": null, "holder": "(100) NEW GOLD INC.", "status": "Active", "recorded_date": "2018-04-10", "anniversary_or_expiry": "2028-05-04", "area_ha": null, "tenure_type": "Single Cell Mining Claim", "source": "Ontario MLAS operational claims (OGSEarth / LIO MapServer). Unofficial viewing data, not legal title.", "as_of": "2026-09-20", "role": "focus", "color": "#e8b040"}}, {"type": "Feature", "geometry": {"type": "Polygon", "coordinates": [[[-93.8125, 48.9958], [-93.8125, 49.0], [-93.8188, 49.0], [-93.8188, 48.9958], [-93.8125, 48.9958]]]}, "properties": {"company_id": "new-gold", "jurisdiction": "Ontario", "claim_id": "274262", "claim_name": null, "holder": "(100) NEW GOLD INC.", "status": "Active", "recorded_date": "2018-04-10", "anniversary_or_expiry": "2028-05-25", "area_ha": null, "tenure_type": "Single Cell Mining Claim", "source": "Ontario MLAS operational claims (OGSEarth / LIO MapServer). Unofficial viewing data, not legal title.", "as_of": "2026-09-20", "role": "focus", "color": "#e8b040"}}, {"type": "Feature", "geometry": {"type": "Polygon", "coordinates": [[[-94.2813, 48.8083], [-94.2813, 48.8125], [-94.2875, 48.8125], [-94.2875, 48.8083], [-94.2813, 48.8083]]]}, "properties": {"company_id": "new-gold", "jurisdiction": "Ontario", "claim_id": "274843", "claim_name": null, "holder": "(100) NEW GOLD INC.", "status": "Active", "recorded_date": "2018-04-10", "anniversary_or_expiry": "2026-12-02", "area_ha": null, "tenure_type": "Single Cell Mining Claim", "source": "Ontario MLAS operational claims (OGSEarth / LIO MapServer). Unofficial viewing data, not legal title.", "as_of": "2026-09-20", "role": "focus", "color": "#e8b040"}}, {"type": "Feature", "geometry": {"type": "Polygon", "coordinates": [[[-94.275, 48.8042], [-94.275, 48.8083], [-94.2813, 48.8083], [-94.2813, 48.8042], [-94.275, 48.8042]]]}, "properties": {"company_id": "new-gold", "jurisdiction": "Ontario", "claim_id": "274844", "claim_name": null, "holder": "(100) NEW GOLD INC.", "status": "Active", "recorded_date": "2018-04-10", "anniversary_or_expiry": "2026-12-02", "area_ha": null, "tenure_type": "Single Cell Mining Claim", "source": "Ontario MLAS operational claims (OGSEarth / LIO MapServer). Unofficial viewing data, not legal title.", "as_of": "2026-09-20", "role": "focus", "color": "#e8b040"}}, {"type": "Feature", "geometry": {"type": "Polygon", "coordinates": [[[-94.275, 48.8], [-94.275, 48.8042], [-94.2813, 48.8042], [-94.2813, 48.8], [-94.275, 48.8]]]}, "properties": {"company_id": "new-gold", "jurisdiction": "Ontario", "claim_id": "274845", "claim_name": null, "holder": "(100) NEW GOLD INC.", "status": "Active", "recorded_date": "2018-04-10", "anniversary_or_expiry": "2026-12-02", "area_ha": null, "tenure_type": "Single Cell Mining Claim", "source": "Ontario MLAS operational claims (OGSEarth / LIO MapServer). Unofficial viewing data, not legal title.", "as_of": "2026-09-20", "role": "focus", "color": "#e8b040"}}, {"type": "Feature", "geometry": {"type": "Polygon", "coordinates": [[[-93.7563, 48.9875], [-93.7563, 48.9917], [-93.7625, 48.9917], [-93.7625, 48.9875], [-93.7563, 48.9875]]]}, "properties": {"company_id": "new-gold", "jurisdiction": "Ontario", "claim_id": "273676", "claim_name": null, "holder": "(100) NEW GOLD INC.", "status": "Active", "recorded_date": "2018-04-10", "anniversary_or_expiry": "2028-07-11", "area_ha": null, "tenure_type": "Boundary Cell Mining Claim", "source": "Ontario MLAS operational claims (OGSEarth / LIO MapServer). Unofficial viewing data, not legal title.", "as_of": "2026-09-20", "role": "focus", "color": "#e8b040"}}, {"type": "Feature", "geometry": {"type": "Polygon", "coordinates": [[[-94.2563, 48.8083], [-94.2563, 48.8125], [-94.2625, 48.8125], [-94.2625, 48.8083], [-94.2563, 48.8083]]]}, "properties": {"company_id": "new-gold", "jurisdiction": "Ontario", "claim_id": "274274", "claim_name": null, "holder": "(100) NEW GOLD INC.", "status": "Active", "recorded_date": "2018-04-10", "anniversary_or_expiry": "2026-12-02", "area_ha": null, "tenure_type": "Single Cell Mining Claim", "source": "Ontario MLAS operational claims (OGSEarth / LIO MapServer). Unofficial viewing data, not legal title.", "as_of": "2026-09-20", "role": "focus", "color": "#e8b040"}}, {"type": "Feature", "geometry": {"type": "Polygon", "coordinates": [[[-94.2625, 48.8083], [-94.2625, 48.8125], [-94.2688, 48.8125], [-94.2688, 48.8083], [-94.2625, 48.8083]]]}, "properties": {"company_id": "new-gold", "jurisdiction": "Ontario", "claim_id": "274275", "claim_name": null, "holder": "(100) NEW GOLD INC.", "status": "Active", "recorded_date": "2018-04-10", "anniversary_or_expiry": "2026-12-02", "area_ha": null, "tenure_type": "Single Cell Mining Claim", "source": "Ontario MLAS operational claims (OGSEarth / LIO MapServer). Unofficial viewing data, not legal title.", "as_of": "2026-09-20", "role": "focus", "color": "#e8b040"}}, {"type": "Feature", "geometry": {"type": "Polygon", "coordinates": [[[-94.2875, 48.7958], [-94.2875, 48.8], [-94.2938, 48.8], [-94.2938, 48.7958], [-94.2875, 48.7958]]]}, "properties": {"company_id": "new-gold", "jurisdiction": "Ontario", "claim_id": "274846", "claim_name": null, "holder": "(100) NEW GOLD INC.", "status": "Active", "recorded_date": "2018-04-10", "anniversary_or_expiry": "2026-12-02", "area_ha": null, "tenure_type": "Single Cell Mining Claim", "source": "Ontario MLAS operational claims (OGSEarth / LIO MapServer). Unofficial viewing data, not legal title.", "as_of": "2026-09-20", "role": "focus", "color": "#e8b040"}}, {"type": "Feature", "geometry": {"type": "Polygon", "coordinates": [[[-93.7563, 48.9875], [-93.7563, 48.9917], [-93.7625, 48.9917], [-93.7625, 48.9875], [-93.7563, 48.9875]]]}, "properties": {"company_id": "new-gold", "jurisdiction": "Ontario", "claim_id": "275006", "claim_name": null, "holder": "(100) NEW GOLD INC.", "status": "Active", "recorded_date": "2018-04-10", "anniversary_or_expiry": "2028-05-25", "area_ha": null, "tenure_type": "Boundary Cell Mining Claim", "source": "Ontario MLAS operational claims (OGSEarth / LIO MapServer). Unofficial viewing data, not legal title.", "as_of": "2026-09-20", "role": "focus", "color": "#e8b040"}}, {"type": "Feature", "geometry": {"type": "Polygon", "coordinates": [[[-93.8, 48.9333], [-93.8, 48.9375], [-93.8063, 48.9375], [-93.8063, 48.9333], [-93.8, 48.9333]]]}, "properties": {"company_id": "new-gold", "jurisdiction": "Ontario", "claim_id": "272901", "claim_name": null, "holder": "(100) NEW GOLD INC.", "status": "Active", "recorded_date": "2018-04-10", "anniversary_or_expiry": "2027-02-13", "area_ha": null, "tenure_type": "Single Cell Mining Claim", "source": "Ontario MLAS operational claims (OGSEarth / LIO MapServer). Unofficial viewing data, not legal title.", "as_of": "2026-09-20", "role": "focus", "color": "#e8b040"}}, {"type": "Feature", "geometry": {"type": "Polygon", "coordinates": [[[-93.8, 48.9458], [-93.8, 48.95], [-93.8063, 48.95], [-93.8063, 48.9458], [-93.8, 48.9458]]]}, "properties": {"company_id": "new-gold", "jurisdiction": "Ontario", "claim_id": "272956", "claim_name": null, "holder": "(100) NEW GOLD INC.", "status": "Active", "recorded_date": "2018-04-10", "anniversary_or_expiry": "2027-02-13", "area_ha": null, "tenure_type": "Single Cell Mining Claim", "source": "Ontario MLAS operational claims (OGSEarth / LIO MapServer). Unofficial viewing data, not legal title.", "as_of": "2026-09-20", "role": "focus", "color": "#e8b040"}}, {"type": "Feature", "geometry": {"type": "Polygon", "coordinates": [[[-93.8625, 48.975], [-93.8625, 48.9792], [-93.8688, 48.9792], [-93.8688, 48.975], [-93.8625, 48.975]]]}, "properties": {"company_id": "new-gold", "jurisdiction": "Ontario", "claim_id": "272960", "claim_name": null, "holder": "(100) NEW GOLD INC.", "status": "Active", "recorded_date": "2018-04-10", "anniversary_or_expiry": "2028-10-26", "area_ha": null, "tenure_type": "Boundary Cell Mining Claim", "source": "Ontario MLAS operational claims (OGSEarth / LIO MapServer). Unofficial viewing data, not legal title.", "as_of": "2026-09-20", "role": "focus", "color": "#e8b040"}}, {"type": "Feature", "geometry": {"type": "Polygon", "coordinates": [[[-93.8813, 48.9417], [-93.8813, 48.9458], [-93.8875, 48.9458], [-93.8875, 48.9417], [-93.8813, 48.9417]]]}, "properties": {"company_id": "new-gold", "jurisdiction": "Ontario", "claim_id": "272961", "claim_name": null, "holder": "(100) NEW GOLD INC.", "status": "Active", "recorded_date": "2018-04-10", "anniversary_or_expiry": "2028-10-26", "area_ha": null, "tenure_type": "Single Cell Mining Claim", "source": "Ontario MLAS operational claims (OGSEarth / LIO MapServer). Unofficial viewing data, not legal title.", "as_of": "2026-09-20", "role": "focus", "color": "#e8b040"}}, {"type": "Feature", "geometry": {"type": "Polygon", "coordinates": [[[-93.8438, 48.9625], [-93.8438, 48.9667], [-93.85, 48.9667], [-93.85, 48.9625], [-93.8438, 48.9625]]]}, "properties": {"company_id": "new-gold", "jurisdiction": "Ontario", "claim_id": "273553", "claim_name": null, "holder": "(100) NEW GOLD INC.", "status": "Active", "recorded_date": "2018-04-10", "anniversary_or_expiry": "2028-06-02", "area_ha": null, "tenure_type": "Single Cell Mining Claim", "source": "Ontario MLAS operational claims (OGSEarth / LIO MapServer). Unofficial viewing data, not legal title.", "as_of": "2026-09-20", "role": "focus", "color": "#e8b040"}}, {"type": "Feature", "geometry": {"type": "Polygon", "coordinates": [[[-93.725, 49.0], [-93.725, 49.0042], [-93.7313, 49.0042], [-93.7313, 49.0], [-93.725, 49.0]]]}, "properties": {"company_id": "new-gold", "jurisdiction": "Ontario", "claim_id": "273554", "claim_name": null, "holder": "(100) NEW GOLD INC.", "status": "Active", "recorded_date": "2018-04-10", "anniversary_or_expiry": "2028-07-11", "area_ha": null, "tenure_type": "Single Cell Mining Claim", "source": "Ontario MLAS operational claims (OGSEarth / LIO MapServer). Unofficial viewing data, not legal title.", "as_of": "2026-09-20", "role": "focus", "color": "#e8b040"}}, {"type": "Feature", "geometry": {"type": "Polygon", "coordinates": [[[-93.7375, 49.0], [-93.7375, 49.0042], [-93.7438, 49.0042], [-93.7438, 49.0], [-93.7375, 49.0]]]}, "properties": {"company_id": "new-gold", "jurisdiction": "Ontario", "claim_id": "273555", "claim_name": null, "holder": "(100) NEW GOLD INC.", "status": "Active", "recorded_date": "2018-04-10", "anniversary_or_expiry": "2028-07-11", "area_ha": null, "tenure_type": "Single Cell Mining Claim", "source": "Ontario MLAS operational claims (OGSEarth / LIO MapServer). Unofficial viewing data, not legal title.", "as_of": "2026-09-20", "role": "focus", "color": "#e8b040"}}, {"type": "Feature", "geometry": {"type": "Polygon", "coordinates": [[[-93.8063, 48.8958], [-93.8063, 48.9], [-93.8125, 48.9], [-93.8125, 48.8958], [-93.8063, 48.8958]]]}, "properties": {"company_id": "new-gold", "jurisdiction": "Ontario", "claim_id": "273556", "claim_name": null, "holder": "(100) NEW GOLD INC.", "status": "Active", "recorded_date": "2018-04-10", "anniversary_or_expiry": "2028-05-04", "area_ha": null, "tenure_type": "Boundary Cell Mining Claim", "source": "Ontario MLAS operational claims (OGSEarth / LIO MapServer). Unofficial viewing data, not legal title.", "as_of": "2026-09-20", "role": "focus", "color": "#e8b040"}}, {"type": "Feature", "geometry": {"type": "Polygon", "coordinates": [[[-93.85, 48.9958], [-93.85, 49.0], [-93.8563, 49.0], [-93.8563, 48.9958], [-93.85, 48.9958]]]}, "properties": {"company_id": "new-gold", "jurisdiction": "Ontario", "claim_id": "273574", "claim_name": null, "holder": "(100) NEW GOLD INC.", "status": "Active", "recorded_date": "2018-04-10", "anniversary_or_expiry": "2028-08-04", "area_ha": null, "tenure_type": "Single Cell Mining Claim", "source": "Ontario MLAS operational claims (OGSEarth / LIO MapServer). Unofficial viewing data, not legal title.", "as_of": "2026-09-20", "role": "focus", "color": "#e8b040"}}, {"type": "Feature", "geometry": {"type": "Polygon", "coordinates": [[[-93.8625, 48.9833], [-93.8625, 48.9875], [-93.8688, 48.9875], [-93.8688, 48.9833], [-93.8625, 48.9833]]]}, "properties": {"company_id": "new-gold", "jurisdiction": "Ontario", "claim_id": "273575", "claim_name": null, "holder": "(100) NEW GOLD INC.", "status": "Active", "recorded_date": "2018-04-10", "anniversary_or_expiry": "2028-05-08", "area_ha": null, "tenure_type": "Boundary Cell Mining Claim", "source": "Ontario MLAS operational claims (OGSEarth / LIO MapServer). Unofficial viewing data, not legal title.", "as_of": "2026-09-20", "role": "focus", "color": "#e8b040"}}, {"type": "Feature", "geometry": {"type": "Polygon", "coordinates": [[[-93.8438, 49.0], [-93.8438, 49.0042], [-93.85, 49.0042], [-93.85, 49.0], [-93.8438, 49.0]]]}, "properties": {"company_id": "new-gold", "jurisdiction": "Ontario", "claim_id": "273576", "claim_name": null, "holder": "(100) NEW GOLD INC.", "status": "Active", "recorded_date": "2018-04-10", "anniversary_or_expiry": "2028-08-04", "area_ha": null, "tenure_type": "Single Cell Mining Claim", "source": "Ontario MLAS operational claims (OGSEarth / LIO MapServer). Unofficial viewing data, not legal title.", "as_of": "2026-09-20", "role": "focus", "color": "#e8b040"}}, {"type": "Feature", "geometry": {"type": "Polygon", "coordinates": [[[-93.7875, 48.9542], [-93.7875, 48.9583], [-93.7938, 48.9583], [-93.7938, 48.9542], [-93.7875, 48.9542]]]}, "properties": {"company_id": "new-gold", "jurisdiction": "Ontario", "claim_id": "273622", "claim_name": null, "holder": "(100) NEW GOLD INC.", "status": "Active", "recorded_date": "2018-04-10", "anniversary_or_expiry": "2028-06-02", "area_ha": null, "tenure_type": "Single Cell Mining Claim", "source": "Ontario MLAS operational claims (OGSEarth / LIO MapServer). Unofficial viewing data, not legal title.", "as_of": "2026-09-20", "role": "focus", "color": "#e8b040"}}, {"type": "Feature", "geometry": {"type": "Polygon", "coordinates": [[[-94.0563, 48.8208], [-94.0563, 48.825], [-94.0625, 48.825], [-94.0625, 48.8208], [-94.0563, 48.8208]]]}, "properties": {"company_id": "new-gold", "jurisdiction": "Ontario", "claim_id": "274788", "claim_name": null, "holder": "(100) NEW GOLD INC.", "status": "Active", "recorded_date": "2018-04-10", "anniversary_or_expiry": "2028-10-27", "area_ha": null, "tenure_type": "Single Cell Mining Claim", "source": "Ontario MLAS operational claims (OGSEarth / LIO MapServer). Unofficial viewing data, not legal title.", "as_of": "2026-09-20", "role": "focus", "color": "#e8b040"}}, {"type": "Feature", "geometry": {"type": "Polygon", "coordinates": [[[-94.0563, 48.8167], [-94.0563, 48.8208], [-94.0625, 48.8208], [-94.0625, 48.8167], [-94.0563, 48.8167]]]}, "properties": {"company_id": "new-gold", "jurisdiction": "Ontario", "claim_id": "274789", "claim_name": null, "holder": "(100) NEW GOLD INC.", "status": "Active", "recorded_date": "2018-04-10", "anniversary_or_expiry": "2028-10-27", "area_ha": null, "tenure_type": "Single Cell Mining Claim", "source": "Ontario MLAS operational claims (OGSEarth / LIO MapServer). Unofficial viewing data, not legal title.", "as_of": "2026-09-20", "role": "focus", "color": "#e8b040"}}, {"type": "Feature", "geometry": {"type": "Polygon", "coordinates": [[[-93.9625, 48.9125], [-93.9625, 48.9167], [-93.9688, 48.9167], [-93.9688, 48.9125], [-93.9625, 48.9125]]]}, "properties": {"company_id": "new-gold", "jurisdiction": "Ontario", "claim_id": "276047", "claim_name": null, "holder": "(100) NEW GOLD INC.", "status": "Active", "recorded_date": "2018-04-10", "anniversary_or_expiry": "2027-03-01", "area_ha": null, "tenure_type": "Single Cell Mining Claim", "source": "Ontario MLAS operational claims (OGSEarth / LIO MapServer). Unofficial viewing data, not legal title.", "as_of": "2026-09-20", "role": "focus", "color": "#e8b040"}}, {"type": "Feature", "geometry": {"type": "Polygon", "coordinates": [[[-93.8125, 48.9583], [-93.8125, 48.9625], [-93.8188, 48.9625], [-93.8188, 48.9583], [-93.8125, 48.9583]]]}, "properties": {"company_id": "new-gold", "jurisdiction": "Ontario", "claim_id": "275554", "claim_name": null, "holder": "(100) NEW GOLD INC.", "status": "Active", "recorded_date": "2018-04-10", "anniversary_or_expiry": "2028-06-02", "area_ha": null, "tenure_type": "Single Cell Mining Claim", "source": "Ontario MLAS operational claims (OGSEarth / LIO MapServer). Unofficial viewing data, not legal title.", "as_of": "2026-09-20", "role": "focus", "color": "#e8b040"}}, {"type": "Feature", "geometry": {"type": "Polygon", "coordinates": [[[-93.8125, 48.95], [-93.8125, 48.9542], [-93.8188, 48.9542], [-93.8188, 48.95], [-93.8125, 48.95]]]}, "properties": {"company_id": "new-gold", "jurisdiction": "Ontario", "claim_id": "275555", "claim_name": null, "holder": "(100) NEW GOLD INC.", "status": "Active", "recorded_date": "2018-04-10", "anniversary_or_expiry": "2028-06-02", "area_ha": null, "tenure_type": "Boundary Cell Mining Claim", "source": "Ontario MLAS operational claims (OGSEarth / LIO MapServer). Unofficial viewing data, not legal title.", "as_of": "2026-09-20", "role": "focus", "color": "#e8b040"}}, {"type": "Feature", "geometry": {"type": "Polygon", "coordinates": [[[-93.75, 49.0042], [-93.75, 49.0083], [-93.7563, 49.0083], [-93.7563, 49.0042], [-93.75, 49.0042]]]}, "properties": {"company_id": "new-gold", "jurisdiction": "Ontario", "claim_id": "275556", "claim_name": null, "holder": "(100) NEW GOLD INC.", "status": "Active", "recorded_date": "2018-04-10", "anniversary_or_expiry": "2028-07-11", "area_ha": null, "tenure_type": "Single Cell Mining Claim", "source": "Ontario MLAS operational claims (OGSEarth / LIO MapServer). Unofficial viewing data, not legal title.", "as_of": "2026-09-20", "role": "focus", "color": "#e8b040"}}, {"type": "Feature", "geometry": {"type": "Polygon", "coordinates": [[[-94.225, 48.8042], [-94.225, 48.8083], [-94.2313, 48.8083], [-94.2313, 48.8042], [-94.225, 48.8042]]]}, "properties": {"company_id": "new-gold", "jurisdiction": "Ontario", "claim_id": "279549", "claim_name": null, "holder": "(100) NEW GOLD INC.", "status": "Active", "recorded_date": "2018-04-10", "anniversary_or_expiry": "2028-11-22", "area_ha": null, "tenure_type": "Single Cell Mining Claim", "source": "Ontario MLAS operational claims (OGSEarth / LIO MapServer). Unofficial viewing data, not legal title.", "as_of": "2026-09-20", "role": "focus", "color": "#e8b040"}}, {"type": "Feature", "geometry": {"type": "Polygon", "coordinates": [[[-94.325, 48.775], [-94.325, 48.7792], [-94.3313, 48.7792], [-94.3313, 48.775], [-94.325, 48.775]]]}, "properties": {"company_id": "new-gold", "jurisdiction": "Ontario", "claim_id": "279552", "claim_name": null, "holder": "(100) NEW GOLD INC.", "status": "Active", "recorded_date": "2018-04-10", "anniversary_or_expiry": "2027-01-26", "area_ha": null, "tenure_type": "Single Cell Mining Claim", "source": "Ontario MLAS operational claims (OGSEarth / LIO MapServer). Unofficial viewing data, not legal title.", "as_of": "2026-09-20", "role": "focus", "color": "#e8b040"}}, {"type": "Feature", "geometry": {"type": "Polygon", "coordinates": [[[-93.9938, 48.7917], [-93.9938, 48.7958], [-94.0, 48.7958], [-94.0, 48.7917], [-93.9938, 48.7917]]]}, "properties": {"company_id": "new-gold", "jurisdiction": "Ontario", "claim_id": "279029", "claim_name": null, "holder": "(100) NEW GOLD INC.", "status": "Active", "recorded_date": "2018-04-10", "anniversary_or_expiry": "2027-01-11", "area_ha": null, "tenure_type": "Single Cell Mining Claim", "source": "Ontario MLAS operational claims (OGSEarth / LIO MapServer). Unofficial viewing data, not legal title.", "as_of": "2026-09-20", "role": "focus", "color": "#e8b040"}}, {"type": "Feature", "geometry": {"type": "Polygon", "coordinates": [[[-94.2375, 48.8167], [-94.2375, 48.8208], [-94.2438, 48.8208], [-94.2438, 48.8167], [-94.2375, 48.8167]]]}, "properties": {"company_id": "new-gold", "jurisdiction": "Ontario", "claim_id": "279040", "claim_name": null, "holder": "(100) NEW GOLD INC.", "status": "Active", "recorded_date": "2018-04-10", "anniversary_or_expiry": "2028-11-22", "area_ha": null, "tenure_type": "Single Cell Mining Claim", "source": "Ontario MLAS operational claims (OGSEarth / LIO MapServer). Unofficial viewing data, not legal title.", "as_of": "2026-09-20", "role": "focus", "color": "#e8b040"}}, {"type": "Feature", "geometry": {"type": "Polygon", "coordinates": [[[-93.9688, 48.8958], [-93.9688, 48.9], [-93.975, 48.9], [-93.975, 48.8958], [-93.9688, 48.8958]]]}, "properties": {"company_id": "new-gold", "jurisdiction": "Ontario", "claim_id": "277475", "claim_name": null, "holder": "(100) NEW GOLD INC.", "status": "Active", "recorded_date": "2018-04-10", "anniversary_or_expiry": "2027-03-01", "area_ha": null, "tenure_type": "Single Cell Mining Claim", "source": "Ontario MLAS operational claims (OGSEarth / LIO MapServer). Unofficial viewing data, not legal title.", "as_of": "2026-09-20", "role": "focus", "color": "#e8b040"}}, {"type": "Feature", "geometry": {"type": "Polygon", "coordinates": [[[-93.85, 48.9125], [-93.85, 48.9167], [-93.8563, 48.9167], [-93.8563, 48.9125], [-93.85, 48.9125]]]}, "properties": {"company_id": "new-gold", "jurisdiction": "Ontario", "claim_id": "277487", "claim_name": null, "holder": "(100) NEW GOLD INC.", "status": "Active", "recorded_date": "2018-04-10", "anniversary_or_expiry": "2028-06-26", "area_ha": null, "tenure_type": "Single Cell Mining Claim", "source": "Ontario MLAS operational claims (OGSEarth / LIO MapServer). Unofficial viewing data, not legal title.", "as_of": "2026-09-20", "role": "focus", "color": "#e8b040"}}, {"type": "Feature", "geometry": {"type": "Polygon", "coordinates": [[[-94.0, 48.7958], [-94.0, 48.8], [-94.0063, 48.8], [-94.0063, 48.7958], [-94.0, 48.7958]]]}, "properties": {"company_id": "new-gold", "jurisdiction": "Ontario", "claim_id": "277502", "claim_name": null, "holder": "(100) NEW GOLD INC.", "status": "Active", "recorded_date": "2018-04-10", "anniversary_or_expiry": "2027-01-11", "area_ha": null, "tenure_type": "Single Cell Mining Claim", "source": "Ontario MLAS operational claims (OGSEarth / LIO MapServer). Unofficial viewing data, not legal title.", "as_of": "2026-09-20", "role": "focus", "color": "#e8b040"}}, {"type": "Feature", "geometry": {"type": "Polygon", "coordinates": [[[-94.225, 48.8167], [-94.225, 48.8208], [-94.2313, 48.8208], [-94.2313, 48.8167], [-94.225, 48.8167]]]}, "properties": {"company_id": "new-gold", "jurisdiction": "Ontario", "claim_id": "277514", "claim_name": null, "holder": "(100) NEW GOLD INC.", "status": "Active", "recorded_date": "2018-04-10", "anniversary_or_expiry": "2028-11-22", "area_ha": null, "tenure_type": "Single Cell Mining Claim", "source": "Ontario MLAS operational claims (OGSEarth / LIO MapServer). Unofficial viewing data, not legal title.", "as_of": "2026-09-20", "role": "focus", "color": "#e8b040"}}, {"type": "Feature", "geometry": {"type": "Polygon", "coordinates": [[[-94.2313, 48.8167], [-94.2313, 48.8208], [-94.2375, 48.8208], [-94.2375, 48.8167], [-94.2313, 48.8167]]]}, "properties": {"company_id": "new-gold", "jurisdiction": "Ontario", "claim_id": "277515", "claim_name": null, "holder": "(100) NEW GOLD INC.", "status": "Active", "recorded_date": "2018-04-10", "anniversary_or_expiry": "2028-11-22", "area_ha": null, "tenure_type": "Single Cell Mining Claim", "source": "Ontario MLAS operational claims (OGSEarth / LIO MapServer). Unofficial viewing data, not legal title.", "as_of": "2026-09-20", "role": "focus", "color": "#e8b040"}}, {"type": "Feature", "geometry": {"type": "Polygon", "coordinates": [[[-94.2375, 48.8083], [-94.2375, 48.8125], [-94.2438, 48.8125], [-94.2438, 48.8083], [-94.2375, 48.8083]]]}, "properties": {"company_id": "new-gold", "jurisdiction": "Ontario", "claim_id": "277516", "claim_name": null, "holder": "(100) NEW GOLD INC.", "status": "Active", "recorded_date": "2018-04-10", "anniversary_or_expiry": "2028-11-22", "area_ha": null, "tenure_type": "Single Cell Mining Claim", "source": "Ontario MLAS operational claims (OGSEarth / LIO MapServer). Unofficial viewing data, not legal title.", "as_of": "2026-09-20", "role": "focus", "color": "#e8b040"}}, {"type": "Feature", "geometry": {"type": "Polygon", "coordinates": [[[-94.05, 48.8875], [-94.05, 48.8917], [-94.0563, 48.8917], [-94.0563, 48.8875], [-94.05, 48.8875]]]}, "properties": {"company_id": "new-gold", "jurisdiction": "Ontario", "claim_id": "278093", "claim_name": null, "holder": "(100) NEW GOLD INC.", "status": "Active", "recorded_date": "2018-04-10", "anniversary_or_expiry": "2028-10-15", "area_ha": null, "tenure_type": "Single Cell Mining Claim", "source": "Ontario MLAS operational claims (OGSEarth / LIO MapServer). Unofficial viewing data, not legal title.", "as_of": "2026-09-20", "role": "focus", "color": "#e8b040"}}, {"type": "Feature", "geometry": {"type": "Polygon", "coordinates": [[[-94.3063, 48.7708], [-94.3063, 48.775], [-94.3125, 48.775], [-94.3125, 48.7708], [-94.3063, 48.7708]]]}, "properties": {"company_id": "new-gold", "jurisdiction": "Ontario", "claim_id": "277522", "claim_name": null, "holder": "(100) NEW GOLD INC.", "status": "Active", "recorded_date": "2018-04-10", "anniversary_or_expiry": "2027-01-26", "area_ha": null, "tenure_type": "Single Cell Mining Claim", "source": "Ontario MLAS operational claims (OGSEarth / LIO MapServer). Unofficial viewing data, not legal title.", "as_of": "2026-09-20", "role": "focus", "color": "#e8b040"}}, {"type": "Feature", "geometry": {"type": "Polygon", "coordinates": [[[-94.3125, 48.7708], [-94.3125, 48.775], [-94.3188, 48.775], [-94.3188, 48.7708], [-94.3125, 48.7708]]]}, "properties": {"company_id": "new-gold", "jurisdiction": "Ontario", "claim_id": "277523", "claim_name": null, "holder": "(100) NEW GOLD INC.", "status": "Active", "recorded_date": "2018-04-10", "anniversary_or_expiry": "2027-01-26", "area_ha": null, "tenure_type": "Single Cell Mining Claim", "source": "Ontario MLAS operational claims (OGSEarth / LIO MapServer). Unofficial viewing data, not legal title.", "as_of": "2026-09-20", "role": "focus", "color": "#e8b040"}}, {"type": "Feature", "geometry": {"type": "Polygon", "coordinates": [[[-93.8625, 48.9042], [-93.8625, 48.9083], [-93.8688, 48.9083], [-93.8688, 48.9042], [-93.8625, 48.9042]]]}, "properties": {"company_id": "new-gold", "jurisdiction": "Ontario", "claim_id": "277533", "claim_name": null, "holder": "(100) NEW GOLD INC.", "status": "Active", "recorded_date": "2018-04-10", "anniversary_or_expiry": "2027-02-20", "area_ha": null, "tenure_type": "Single Cell Mining Claim", "source": "Ontario MLAS operational claims (OGSEarth / LIO MapServer). Unofficial viewing data, not legal title.", "as_of": "2026-09-20", "role": "focus", "color": "#e8b040"}}, {"type": "Feature", "geometry": {"type": "Polygon", "coordinates": [[[-93.85, 48.8833], [-93.85, 48.8875], [-93.8563, 48.8875], [-93.8563, 48.8833], [-93.85, 48.8833]]]}, "properties": {"company_id": "new-gold", "jurisdiction": "Ontario", "claim_id": "278142", "claim_name": null, "holder": "(100) NEW GOLD INC.", "status": "Active", "recorded_date": "2018-04-10", "anniversary_or_expiry": "2028-05-16", "area_ha": null, "tenure_type": "Single Cell Mining Claim", "source": "Ontario MLAS operational claims (OGSEarth / LIO MapServer). Unofficial viewing data, not legal title.", "as_of": "2026-09-20", "role": "focus", "color": "#e8b040"}}, {"type": "Feature", "geometry": {"type": "Polygon", "coordinates": [[[-94.125, 48.8375], [-94.125, 48.8417], [-94.1313, 48.8417], [-94.1313, 48.8375], [-94.125, 48.8375]]]}, "properties": {"company_id": "new-gold", "jurisdiction": "Ontario", "claim_id": "278171", "claim_name": null, "holder": "(100) NEW GOLD INC.", "status": "Active", "recorded_date": "2018-04-10", "anniversary_or_expiry": "2028-11-27", "area_ha": null, "tenure_type": "Single Cell Mining Claim", "source": "Ontario MLAS operational claims (OGSEarth / LIO MapServer). Unofficial viewing data, not legal title.", "as_of": "2026-09-20", "role": "focus", "color": "#e8b040"}}, {"type": "Feature", "geometry": {"type": "Polygon", "coordinates": [[[-94.2375, 48.7917], [-94.2375, 48.7958], [-94.2438, 48.7958], [-94.2438, 48.7917], [-94.2375, 48.7917]]]}, "properties": {"company_id": "new-gold", "jurisdiction": "Ontario", "claim_id": "278173", "claim_name": null, "holder": "(100) NEW GOLD INC.", "status": "Active", "recorded_date": "2018-04-10", "anniversary_or_expiry": "2028-11-22", "area_ha": null, "tenure_type": "Single Cell Mining Claim", "source": "Ontario MLAS operational claims (OGSEarth / LIO MapServer). Unofficial viewing data, not legal title.", "as_of": "2026-09-20", "role": "focus", "color": "#e8b040"}}, {"type": "Feature", "geometry": {"type": "Polygon", "coordinates": [[[-94.1875, 48.8208], [-94.1875, 48.825], [-94.1938, 48.825], [-94.1938, 48.8208], [-94.1875, 48.8208]]]}, "properties": {"company_id": "new-gold", "jurisdiction": "Ontario", "claim_id": "278174", "claim_name": null, "holder": "(100) NEW GOLD INC.", "status": "Active", "recorded_date": "2018-04-10", "anniversary_or_expiry": "2027-03-03", "area_ha": null, "tenure_type": "Single Cell Mining Claim", "source": "Ontario MLAS operational claims (OGSEarth / LIO MapServer). Unofficial viewing data, not legal title.", "as_of": "2026-09-20", "role": "focus", "color": "#e8b040"}}, {"type": "Feature", "geometry": {"type": "Polygon", "coordinates": [[[-93.825, 48.8667], [-93.825, 48.8708], [-93.8313, 48.8708], [-93.8313, 48.8667], [-93.825, 48.8667]]]}, "properties": {"company_id": "new-gold", "jurisdiction": "Ontario", "claim_id": "278201", "claim_name": null, "holder": "(100) NEW GOLD INC.", "status": "Active", "recorded_date": "2018-04-10", "anniversary_or_expiry": "2028-06-30", "area_ha": null, "tenure_type": "Single Cell Mining Claim", "source": "Ontario MLAS operational claims (OGSEarth / LIO MapServer). Unofficial viewing data, not legal title.", "as_of": "2026-09-20", "role": "focus", "color": "#e8b040"}}, {"type": "Feature", "geometry": {"type": "Polygon", "coordinates": [[[-93.8375, 48.8917], [-93.8375, 48.8958], [-93.8438, 48.8958], [-93.8438, 48.8917], [-93.8375, 48.8917]]]}, "properties": {"company_id": "new-gold", "jurisdiction": "Ontario", "claim_id": "279658", "claim_name": null, "holder": "(100) NEW GOLD INC.", "status": "Active", "recorded_date": "2018-04-10", "anniversary_or_expiry": "2028-05-16", "area_ha": null, "tenure_type": "Boundary Cell Mining Claim", "source": "Ontario MLAS operational claims (OGSEarth / LIO MapServer). Unofficial viewing data, not legal title.", "as_of": "2026-09-20", "role": "focus", "color": "#e8b040"}}, {"type": "Feature", "geometry": {"type": "Polygon", "coordinates": [[[-94.1125, 48.8333], [-94.1125, 48.8375], [-94.1188, 48.8375], [-94.1188, 48.8333], [-94.1125, 48.8333]]]}, "properties": {"company_id": "new-gold", "jurisdiction": "Ontario", "claim_id": "279679", "claim_name": null, "holder": "(100) NEW GOLD INC.", "status": "Active", "recorded_date": "2018-04-10", "anniversary_or_expiry": "2028-11-27", "area_ha": null, "tenure_type": "Single Cell Mining Claim", "source": "Ontario MLAS operational claims (OGSEarth / LIO MapServer). Unofficial viewing data, not legal title.", "as_of": "2026-09-20", "role": "focus", "color": "#e8b040"}}, {"type": "Feature", "geometry": {"type": "Polygon", "coordinates": [[[-94.1938, 48.8208], [-94.1938, 48.825], [-94.2, 48.825], [-94.2, 48.8208], [-94.1938, 48.8208]]]}, "properties": {"company_id": "new-gold", "jurisdiction": "Ontario", "claim_id": "279682", "claim_name": null, "holder": "(100) NEW GOLD INC.", "status": "Active", "recorded_date": "2018-04-10", "anniversary_or_expiry": "2027-03-03", "area_ha": null, "tenure_type": "Single Cell Mining Claim", "source": "Ontario MLAS operational claims (OGSEarth / LIO MapServer). Unofficial viewing data, not legal title.", "as_of": "2026-09-20", "role": "focus", "color": "#e8b040"}}, {"type": "Feature", "geometry": {"type": "Polygon", "coordinates": [[[-94.1563, 48.825], [-94.1563, 48.8292], [-94.1625, 48.8292], [-94.1625, 48.825], [-94.1563, 48.825]]]}, "properties": {"company_id": "new-gold", "jurisdiction": "Ontario", "claim_id": "280268", "claim_name": null, "holder": "(100) NEW GOLD INC.", "status": "Active", "recorded_date": "2018-04-10", "anniversary_or_expiry": "2028-11-22", "area_ha": null, "tenure_type": "Single Cell Mining Claim", "source": "Ontario MLAS operational claims (OGSEarth / LIO MapServer). Unofficial viewing data, not legal title.", "as_of": "2026-09-20", "role": "focus", "color": "#e8b040"}}, {"type": "Feature", "geometry": {"type": "Polygon", "coordinates": [[[-93.9125, 48.8708], [-93.9125, 48.875], [-93.9188, 48.875], [-93.9188, 48.8708], [-93.9125, 48.8708]]]}, "properties": {"company_id": "new-gold", "jurisdiction": "Ontario", "claim_id": "280269", "claim_name": null, "holder": "(100) NEW GOLD INC.", "status": "Active", "recorded_date": "2018-04-10", "anniversary_or_expiry": "2028-05-15", "area_ha": null, "tenure_type": "Single Cell Mining Claim", "source": "Ontario MLAS operational claims (OGSEarth / LIO MapServer). Unofficial viewing data, not legal title.", "as_of": "2026-09-20", "role": "focus", "color": "#e8b040"}}, {"type": "Feature", "geometry": {"type": "Polygon", "coordinates": [[[-93.9188, 48.8708], [-93.9188, 48.875], [-93.925, 48.875], [-93.925, 48.8708], [-93.9188, 48.8708]]]}, "properties": {"company_id": "new-gold", "jurisdiction": "Ontario", "claim_id": "280270", "claim_name": null, "holder": "(100) NEW GOLD INC.", "status": "Active", "recorded_date": "2018-04-10", "anniversary_or_expiry": "2028-05-06", "area_ha": null, "tenure_type": "Single Cell Mining Claim", "source": "Ontario MLAS operational claims (OGSEarth / LIO MapServer). Unofficial viewing data, not legal title.", "as_of": "2026-09-20", "role": "focus", "color": "#e8b040"}}, {"type": "Feature", "geometry": {"type": "Polygon", "coordinates": [[[-94.0938, 48.8958], [-94.0938, 48.9], [-94.1, 48.9], [-94.1, 48.8958], [-94.0938, 48.8958]]]}, "properties": {"company_id": "new-gold", "jurisdiction": "Ontario", "claim_id": "280893", "claim_name": null, "holder": "(100) NEW GOLD INC.", "status": "Active", "recorded_date": "2018-04-10", "anniversary_or_expiry": "2028-10-15", "area_ha": null, "tenure_type": "Single Cell Mining Claim", "source": "Ontario MLAS operational claims (OGSEarth / LIO MapServer). Unofficial viewing data, not legal title.", "as_of": "2026-09-20", "role": "focus", "color": "#e8b040"}}, {"type": "Feature", "geometry": {"type": "Polygon", "coordinates": [[[-94.1313, 48.8292], [-94.1313, 48.8333], [-94.1375, 48.8333], [-94.1375, 48.8292], [-94.1313, 48.8292]]]}, "properties": {"company_id": "new-gold", "jurisdiction": "Ontario", "claim_id": "281565", "claim_name": null, "holder": "(100) NEW GOLD INC.", "status": "Active", "recorded_date": "2018-04-10", "anniversary_or_expiry": "2028-11-27", "area_ha": null, "tenure_type": "Single Cell Mining Claim", "source": "Ontario MLAS operational claims (OGSEarth / LIO MapServer). Unofficial viewing data, not legal title.", "as_of": "2026-09-20", "role": "focus", "color": "#e8b040"}}, {"type": "Feature", "geometry": {"type": "Polygon", "coordinates": [[[-94.0625, 48.8875], [-94.0625, 48.8917], [-94.0688, 48.8917], [-94.0688, 48.8875], [-94.0625, 48.8875]]]}, "properties": {"company_id": "new-gold", "jurisdiction": "Ontario", "claim_id": "281017", "claim_name": null, "holder": "(100) NEW GOLD INC.", "status": "Active", "recorded_date": "2018-04-10", "anniversary_or_expiry": "2028-10-15", "area_ha": null, "tenure_type": "Single Cell Mining Claim", "source": "Ontario MLAS operational claims (OGSEarth / LIO MapServer). Unofficial viewing data, not legal title.", "as_of": "2026-09-20", "role": "focus", "color": "#e8b040"}}, {"type": "Feature", "geometry": {"type": "Polygon", "coordinates": [[[-94.0938, 48.8792], [-94.0938, 48.8833], [-94.1, 48.8833], [-94.1, 48.8792], [-94.0938, 48.8792]]]}, "properties": {"company_id": "new-gold", "jurisdiction": "Ontario", "claim_id": "281019", "claim_name": null, "holder": "(100) NEW GOLD INC.", "status": "Active", "recorded_date": "2018-04-10", "anniversary_or_expiry": "2028-10-15", "area_ha": null, "tenure_type": "Single Cell Mining Claim", "source": "Ontario MLAS operational claims (OGSEarth / LIO MapServer). Unofficial viewing data, not legal title.", "as_of": "2026-09-20", "role": "focus", "color": "#e8b040"}}, {"type": "Feature", "geometry": {"type": "Polygon", "coordinates": [[[-94.0375, 48.8875], [-94.0375, 48.8917], [-94.0438, 48.8917], [-94.0438, 48.8875], [-94.0375, 48.8875]]]}, "properties": {"company_id": "new-gold", "jurisdiction": "Ontario", "claim_id": "281645", "claim_name": null, "holder": "(100) NEW GOLD INC.", "status": "Active", "recorded_date": "2018-04-10", "anniversary_or_expiry": "2026-12-19", "area_ha": null, "tenure_type": "Single Cell Mining Claim", "source": "Ontario MLAS operational claims (OGSEarth / LIO MapServer). Unofficial viewing data, not legal title.", "as_of": "2026-09-20", "role": "focus", "color": "#e8b040"}}, {"type": "Feature", "geometry": {"type": "Polygon", "coordinates": [[[-94.1938, 48.8], [-94.1938, 48.8042], [-94.2, 48.8042], [-94.2, 48.8], [-94.1938, 48.8]]]}, "properties": {"company_id": "new-gold", "jurisdiction": "Ontario", "claim_id": "281646", "claim_name": null, "holder": "(100) NEW GOLD INC.", "status": "Active", "recorded_date": "2018-04-10", "anniversary_or_expiry": "2028-11-22", "area_ha": null, "tenure_type": "Single Cell Mining Claim", "source": "Ontario MLAS operational claims (OGSEarth / LIO MapServer). Unofficial viewing data, not legal title.", "as_of": "2026-09-20", "role": "focus", "color": "#e8b040"}}, {"type": "Feature", "geometry": {"type": "Polygon", "coordinates": [[[-94.2, 48.8], [-94.2, 48.8042], [-94.2063, 48.8042], [-94.2063, 48.8], [-94.2, 48.8]]]}, "properties": {"company_id": "new-gold", "jurisdiction": "Ontario", "claim_id": "281647", "claim_name": null, "holder": "(100) NEW GOLD INC.", "status": "Active", "recorded_date": "2018-04-10", "anniversary_or_expiry": "2028-11-22", "area_ha": null, "tenure_type": "Single Cell Mining Claim", "source": "Ontario MLAS operational claims (OGSEarth / LIO MapServer). Unofficial viewing data, not legal title.", "as_of": "2026-09-20", "role": "focus", "color": "#e8b040"}}, {"type": "Feature", "geometry": {"type": "Polygon", "coordinates": [[[-93.8938, 48.925], [-93.8938, 48.9292], [-93.9, 48.9292], [-93.9, 48.925], [-93.8938, 48.925]]]}, "properties": {"company_id": "new-gold", "jurisdiction": "Ontario", "claim_id": "282920", "claim_name": null, "holder": "(100) NEW GOLD INC.", "status": "Active", "recorded_date": "2018-04-10", "anniversary_or_expiry": "2028-10-26", "area_ha": null, "tenure_type": "Single Cell Mining Claim", "source": "Ontario MLAS operational claims (OGSEarth / LIO MapServer). Unofficial viewing data, not legal title.", "as_of": "2026-09-20", "role": "focus", "color": "#e8b040"}}, {"type": "Feature", "geometry": {"type": "Polygon", "coordinates": [[[-93.9, 48.925], [-93.9, 48.9292], [-93.9063, 48.9292], [-93.9063, 48.925], [-93.9, 48.925]]]}, "properties": {"company_id": "new-gold", "jurisdiction": "Ontario", "claim_id": "282921", "claim_name": null, "holder": "(100) NEW GOLD INC.", "status": "Active", "recorded_date": "2018-04-10", "anniversary_or_expiry": "2028-10-26", "area_ha": null, "tenure_type": "Single Cell Mining Claim", "source": "Ontario MLAS operational claims (OGSEarth / LIO MapServer). Unofficial viewing data, not legal title.", "as_of": "2026-09-20", "role": "focus", "color": "#e8b040"}}, {"type": "Feature", "geometry": {"type": "Polygon", "coordinates": [[[-93.9, 48.9208], [-93.9, 48.925], [-93.9063, 48.925], [-93.9063, 48.9208], [-93.9, 48.9208]]]}, "properties": {"company_id": "new-gold", "jurisdiction": "Ontario", "claim_id": "282922", "claim_name": null, "holder": "(100) NEW GOLD INC.", "status": "Active", "recorded_date": "2018-04-10", "anniversary_or_expiry": "2028-10-26", "area_ha": null, "tenure_type": "Single Cell Mining Claim", "source": "Ontario MLAS operational claims (OGSEarth / LIO MapServer). Unofficial viewing data, not legal title.", "as_of": "2026-09-20", "role": "focus", "color": "#e8b040"}}, {"type": "Feature", "geometry": {"type": "Polygon", "coordinates": [[[-94.2875, 48.7667], [-94.2875, 48.7708], [-94.2938, 48.7708], [-94.2938, 48.7667], [-94.2875, 48.7667]]]}, "properties": {"company_id": "new-gold", "jurisdiction": "Ontario", "claim_id": "282940", "claim_name": null, "holder": "(100) NEW GOLD INC.", "status": "Active", "recorded_date": "2018-04-10", "anniversary_or_expiry": "2027-01-26", "area_ha": null, "tenure_type": "Single Cell Mining Claim", "source": "Ontario MLAS operational claims (OGSEarth / LIO MapServer). Unofficial viewing data, not legal title.", "as_of": "2026-09-20", "role": "focus", "color": "#e8b040"}}, {"type": "Feature", "geometry": {"type": "Polygon", "coordinates": [[[-94.2188, 48.7958], [-94.2188, 48.8], [-94.225, 48.8], [-94.225, 48.7958], [-94.2188, 48.7958]]]}, "properties": {"company_id": "new-gold", "jurisdiction": "Ontario", "claim_id": "282386", "claim_name": null, "holder": "(100) NEW GOLD INC.", "status": "Active", "recorded_date": "2018-04-10", "anniversary_or_expiry": "2028-11-22", "area_ha": null, "tenure_type": "Single Cell Mining Claim", "source": "Ontario MLAS operational claims (OGSEarth / LIO MapServer). Unofficial viewing data, not legal title.", "as_of": "2026-09-20", "role": "focus", "color": "#e8b040"}}, {"type": "Feature", "geometry": {"type": "Polygon", "coordinates": [[[-94.2125, 48.7875], [-94.2125, 48.7917], [-94.2188, 48.7917], [-94.2188, 48.7875], [-94.2125, 48.7875]]]}, "properties": {"company_id": "new-gold", "jurisdiction": "Ontario", "claim_id": "282387", "claim_name": null, "holder": "(100) NEW GOLD INC.", "status": "Active", "recorded_date": "2018-04-10", "anniversary_or_expiry": "2028-11-22", "area_ha": null, "tenure_type": "Single Cell Mining Claim", "source": "Ontario MLAS operational claims (OGSEarth / LIO MapServer). Unofficial viewing data, not legal title.", "as_of": "2026-09-20", "role": "focus", "color": "#e8b040"}}, {"type": "Feature", "geometry": {"type": "Polygon", "coordinates": [[[-94.2188, 48.8083], [-94.2188, 48.8125], [-94.225, 48.8125], [-94.225, 48.8083], [-94.2188, 48.8083]]]}, "properties": {"company_id": "new-gold", "jurisdiction": "Ontario", "claim_id": "282949", "claim_name": null, "holder": "(100) NEW GOLD INC.", "status": "Active", "recorded_date": "2018-04-10", "anniversary_or_expiry": "2028-11-22", "area_ha": null, "tenure_type": "Single Cell Mining Claim", "source": "Ontario MLAS operational claims (OGSEarth / LIO MapServer). Unofficial viewing data, not legal title.", "as_of": "2026-09-20", "role": "focus", "color": "#e8b040"}}, {"type": "Feature", "geometry": {"type": "Polygon", "coordinates": [[[-93.9125, 48.975], [-93.9125, 48.9792], [-93.9188, 48.9792], [-93.9188, 48.975], [-93.9125, 48.975]]]}, "properties": {"company_id": "new-gold", "jurisdiction": "Ontario", "claim_id": "282955", "claim_name": null, "holder": "(100) NEW GOLD INC.", "status": "Active", "recorded_date": "2018-04-10", "anniversary_or_expiry": "2028-10-26", "area_ha": null, "tenure_type": "Single Cell Mining Claim", "source": "Ontario MLAS operational claims (OGSEarth / LIO MapServer). Unofficial viewing data, not legal title.", "as_of": "2026-09-20", "role": "focus", "color": "#e8b040"}}, {"type": "Feature", "geometry": {"type": "Polygon", "coordinates": [[[-93.8063, 48.9167], [-93.8063, 48.9208], [-93.8125, 48.9208], [-93.8125, 48.9167], [-93.8063, 48.9167]]]}, "properties": {"company_id": "new-gold", "jurisdiction": "Ontario", "claim_id": "283586", "claim_name": null, "holder": "(100) NEW GOLD INC.", "status": "Active", "recorded_date": "2018-04-10", "anniversary_or_expiry": "2028-05-17", "area_ha": null, "tenure_type": "Single Cell Mining Claim", "source": "Ontario MLAS operational claims (OGSEarth / LIO MapServer). Unofficial viewing data, not legal title.", "as_of": "2026-09-20", "role": "focus", "color": "#e8b040"}}, {"type": "Feature", "geometry": {"type": "Polygon", "coordinates": [[[-93.7813, 48.9083], [-93.7813, 48.9125], [-93.7875, 48.9125], [-93.7875, 48.9083], [-93.7813, 48.9083]]]}, "properties": {"company_id": "new-gold", "jurisdiction": "Ontario", "claim_id": "283587", "claim_name": null, "holder": "(100) NEW GOLD INC.", "status": "Active", "recorded_date": "2018-04-10", "anniversary_or_expiry": "2027-02-13", "area_ha": null, "tenure_type": "Single Cell Mining Claim", "source": "Ontario MLAS operational claims (OGSEarth / LIO MapServer). Unofficial viewing data, not legal title.", "as_of": "2026-09-20", "role": "focus", "color": "#e8b040"}}, {"type": "Feature", "geometry": {"type": "Polygon", "coordinates": [[[-93.825, 48.9042], [-93.825, 48.9083], [-93.8313, 48.9083], [-93.8313, 48.9042], [-93.825, 48.9042]]]}, "properties": {"company_id": "new-gold", "jurisdiction": "Ontario", "claim_id": "283635", "claim_name": null, "holder": "(100) NEW GOLD INC.", "status": "Active", "recorded_date": "2018-04-10", "anniversary_or_expiry": "2027-03-13", "area_ha": null, "tenure_type": "Single Cell Mining Claim", "source": "Ontario MLAS operational claims (OGSEarth / LIO MapServer). Unofficial viewing data, not legal title.", "as_of": "2026-09-20", "role": "focus", "color": "#e8b040"}}, {"type": "Feature", "geometry": {"type": "Polygon", "coordinates": [[[-93.9125, 48.9333], [-93.9125, 48.9375], [-93.9188, 48.9375], [-93.9188, 48.9333], [-93.9125, 48.9333]]]}, "properties": {"company_id": "new-gold", "jurisdiction": "Ontario", "claim_id": "283694", "claim_name": null, "holder": "(100) NEW GOLD INC.", "status": "Active", "recorded_date": "2018-04-10", "anniversary_or_expiry": "2028-10-26", "area_ha": null, "tenure_type": "Single Cell Mining Claim", "source": "Ontario MLAS operational claims (OGSEarth / LIO MapServer). Unofficial viewing data, not legal title.", "as_of": "2026-09-20", "role": "focus", "color": "#e8b040"}}, {"type": "Feature", "geometry": {"type": "Polygon", "coordinates": [[[-93.9188, 48.9292], [-93.9188, 48.9333], [-93.925, 48.9333], [-93.925, 48.9292], [-93.9188, 48.9292]]]}, "properties": {"company_id": "new-gold", "jurisdiction": "Ontario", "claim_id": "283695", "claim_name": null, "holder": "(100) NEW GOLD INC.", "status": "Active", "recorded_date": "2018-04-10", "anniversary_or_expiry": "2028-10-26", "area_ha": null, "tenure_type": "Single Cell Mining Claim", "source": "Ontario MLAS operational claims (OGSEarth / LIO MapServer). Unofficial viewing data, not legal title.", "as_of": "2026-09-20", "role": "focus", "color": "#e8b040"}}, {"type": "Feature", "geometry": {"type": "Polygon", "coordinates": [[[-93.9313, 48.8833], [-93.9313, 48.8875], [-93.9375, 48.8875], [-93.9375, 48.8833], [-93.9313, 48.8833]]]}, "properties": {"company_id": "new-gold", "jurisdiction": "Ontario", "claim_id": "282246", "claim_name": null, "holder": "(100) NEW GOLD INC.", "status": "Active", "recorded_date": "2018-04-10", "anniversary_or_expiry": "2028-05-06", "area_ha": null, "tenure_type": "Single Cell Mining Claim", "source": "Ontario MLAS operational claims (OGSEarth / LIO MapServer). Unofficial viewing data, not legal title.", "as_of": "2026-09-20", "role": "focus", "color": "#e8b040"}}, {"type": "Feature", "geometry": {"type": "Polygon", "coordinates": [[[-94.1, 48.8458], [-94.1, 48.85], [-94.1063, 48.85], [-94.1063, 48.8458], [-94.1, 48.8458]]]}, "properties": {"company_id": "new-gold", "jurisdiction": "Ontario", "claim_id": "282247", "claim_name": null, "holder": "(100) NEW GOLD INC.", "status": "Active", "recorded_date": "2018-04-10", "anniversary_or_expiry": "2028-11-27", "area_ha": null, "tenure_type": "Single Cell Mining Claim", "source": "Ontario MLAS operational claims (OGSEarth / LIO MapServer). Unofficial viewing data, not legal title.", "as_of": "2026-09-20", "role": "focus", "color": "#e8b040"}}, {"type": "Feature", "geometry": {"type": "Polygon", "coordinates": [[[-94.05, 48.8958], [-94.05, 48.9], [-94.0563, 48.9], [-94.0563, 48.8958], [-94.05, 48.8958]]]}, "properties": {"company_id": "new-gold", "jurisdiction": "Ontario", "claim_id": "282248", "claim_name": null, "holder": "(100) NEW GOLD INC.", "status": "Active", "recorded_date": "2018-04-10", "anniversary_or_expiry": "2028-10-15", "area_ha": null, "tenure_type": "Single Cell Mining Claim", "source": "Ontario MLAS operational claims (OGSEarth / LIO MapServer). Unofficial viewing data, not legal title.", "as_of": "2026-09-20", "role": "focus", "color": "#e8b040"}}, {"type": "Feature", "geometry": {"type": "Polygon", "coordinates": [[[-94.0563, 48.8958], [-94.0563, 48.9], [-94.0625, 48.9], [-94.0625, 48.8958], [-94.0563, 48.8958]]]}, "properties": {"company_id": "new-gold", "jurisdiction": "Ontario", "claim_id": "282249", "claim_name": null, "holder": "(100) NEW GOLD INC.", "status": "Active", "recorded_date": "2018-04-10", "anniversary_or_expiry": "2028-10-15", "area_ha": null, "tenure_type": "Single Cell Mining Claim", "source": "Ontario MLAS operational claims (OGSEarth / LIO MapServer). Unofficial viewing data, not legal title.", "as_of": "2026-09-20", "role": "focus", "color": "#e8b040"}}, {"type": "Feature", "geometry": {"type": "Polygon", "coordinates": [[[-93.8688, 48.9458], [-93.8688, 48.95], [-93.875, 48.95], [-93.875, 48.9458], [-93.8688, 48.9458]]]}, "properties": {"company_id": "new-gold", "jurisdiction": "Ontario", "claim_id": "282255", "claim_name": null, "holder": "(100) NEW GOLD INC.", "status": "Active", "recorded_date": "2018-04-10", "anniversary_or_expiry": "2028-10-26", "area_ha": null, "tenure_type": "Single Cell Mining Claim", "source": "Ontario MLAS operational claims (OGSEarth / LIO MapServer). Unofficial viewing data, not legal title.", "as_of": "2026-09-20", "role": "focus", "color": "#e8b040"}}, {"type": "Feature", "geometry": {"type": "Polygon", "coordinates": [[[-93.875, 48.9417], [-93.875, 48.9458], [-93.8813, 48.9458], [-93.8813, 48.9417], [-93.875, 48.9417]]]}, "properties": {"company_id": "new-gold", "jurisdiction": "Ontario", "claim_id": "282256", "claim_name": null, "holder": "(100) NEW GOLD INC.", "status": "Active", "recorded_date": "2018-04-10", "anniversary_or_expiry": "2028-10-26", "area_ha": null, "tenure_type": "Single Cell Mining Claim", "source": "Ontario MLAS operational claims (OGSEarth / LIO MapServer). Unofficial viewing data, not legal title.", "as_of": "2026-09-20", "role": "focus", "color": "#e8b040"}}, {"type": "Feature", "geometry": {"type": "Polygon", "coordinates": [[[-93.8563, 48.9375], [-93.8563, 48.9417], [-93.8625, 48.9417], [-93.8625, 48.9375], [-93.8563, 48.9375]]]}, "properties": {"company_id": "new-gold", "jurisdiction": "Ontario", "claim_id": "282257", "claim_name": null, "holder": "(100) NEW GOLD INC.", "status": "Active", "recorded_date": "2018-04-10", "anniversary_or_expiry": "2028-10-26", "area_ha": null, "tenure_type": "Single Cell Mining Claim", "source": "Ontario MLAS operational claims (OGSEarth / LIO MapServer). Unofficial viewing data, not legal title.", "as_of": "2026-09-20", "role": "focus", "color": "#e8b040"}}, {"type": "Feature", "geometry": {"type": "Polygon", "coordinates": [[[-93.8188, 48.9375], [-93.8188, 48.9417], [-93.825, 48.9417], [-93.825, 48.9375], [-93.8188, 48.9375]]]}, "properties": {"company_id": "new-gold", "jurisdiction": "Ontario", "claim_id": "282272", "claim_name": null, "holder": "(100) NEW GOLD INC.", "status": "Active", "recorded_date": "2018-04-10", "anniversary_or_expiry": "2028-06-21", "area_ha": null, "tenure_type": "Single Cell Mining Claim", "source": "Ontario MLAS operational claims (OGSEarth / LIO MapServer). Unofficial viewing data, not legal title.", "as_of": "2026-09-20", "role": "focus", "color": "#e8b040"}}, {"type": "Feature", "geometry": {"type": "Polygon", "coordinates": [[[-93.825, 48.9292], [-93.825, 48.9333], [-93.8313, 48.9333], [-93.8313, 48.9292], [-93.825, 48.9292]]]}, "properties": {"company_id": "new-gold", "jurisdiction": "Ontario", "claim_id": "282273", "claim_name": null, "holder": "(100) NEW GOLD INC.", "status": "Active", "recorded_date": "2018-04-10", "anniversary_or_expiry": "2028-06-21", "area_ha": null, "tenure_type": "Single Cell Mining Claim", "source": "Ontario MLAS operational claims (OGSEarth / LIO MapServer). Unofficial viewing data, not legal title.", "as_of": "2026-09-20", "role": "focus", "color": "#e8b040"}}, {"type": "Feature", "geometry": {"type": "Polygon", "coordinates": [[[-93.8313, 48.925], [-93.8313, 48.9292], [-93.8375, 48.9292], [-93.8375, 48.925], [-93.8313, 48.925]]]}, "properties": {"company_id": "new-gold", "jurisdiction": "Ontario", "claim_id": "282274", "claim_name": null, "holder": "(100) NEW GOLD INC.", "status": "Active", "recorded_date": "2018-04-10", "anniversary_or_expiry": "2028-06-21", "area_ha": null, "tenure_type": "Single Cell Mining Claim", "source": "Ontario MLAS operational claims (OGSEarth / LIO MapServer). Unofficial viewing data, not legal title.", "as_of": "2026-09-20", "role": "focus", "color": "#e8b040"}}, {"type": "Feature", "geometry": {"type": "Polygon", "coordinates": [[[-93.9063, 48.9625], [-93.9063, 48.9667], [-93.9125, 48.9667], [-93.9125, 48.9625], [-93.9063, 48.9625]]]}, "properties": {"company_id": "new-gold", "jurisdiction": "Ontario", "claim_id": "282276", "claim_name": null, "holder": "(100) NEW GOLD INC.", "status": "Active", "recorded_date": "2018-04-10", "anniversary_or_expiry": "2028-10-26", "area_ha": null, "tenure_type": "Single Cell Mining Claim", "source": "Ontario MLAS operational claims (OGSEarth / LIO MapServer). Unofficial viewing data, not legal title.", "as_of": "2026-09-20", "role": "focus", "color": "#e8b040"}}, {"type": "Feature", "geometry": {"type": "Polygon", "coordinates": [[[-93.8063, 48.9708], [-93.8063, 48.975], [-93.8125, 48.975], [-93.8125, 48.9708], [-93.8063, 48.9708]]]}, "properties": {"company_id": "new-gold", "jurisdiction": "Ontario", "claim_id": "285763", "claim_name": null, "holder": "(100) NEW GOLD INC.", "status": "Active", "recorded_date": "2018-04-10", "anniversary_or_expiry": "2028-06-02", "area_ha": null, "tenure_type": "Single Cell Mining Claim", "source": "Ontario MLAS operational claims (OGSEarth / LIO MapServer). Unofficial viewing data, not legal title.", "as_of": "2026-09-20", "role": "focus", "color": "#e8b040"}}, {"type": "Feature", "geometry": {"type": "Polygon", "coordinates": [[[-93.8063, 48.9917], [-93.8063, 48.9958], [-93.8125, 48.9958], [-93.8125, 48.9917], [-93.8063, 48.9917]]]}, "properties": {"company_id": "new-gold", "jurisdiction": "Ontario", "claim_id": "286348", "claim_name": null, "holder": "(100) NEW GOLD INC.", "status": "Active", "recorded_date": "2018-04-10", "anniversary_or_expiry": "2028-05-25", "area_ha": null, "tenure_type": "Single Cell Mining Claim", "source": "Ontario MLAS operational claims (OGSEarth / LIO MapServer). Unofficial viewing data, not legal title.", "as_of": "2026-09-20", "role": "focus", "color": "#e8b040"}}, {"type": "Feature", "geometry": {"type": "Polygon", "coordinates": [[[-94.2625, 48.8125], [-94.2625, 48.8167], [-94.2688, 48.8167], [-94.2688, 48.8125], [-94.2625, 48.8125]]]}, "properties": {"company_id": "new-gold", "jurisdiction": "Ontario", "claim_id": "286365", "claim_name": null, "holder": "(100) NEW GOLD INC.", "status": "Active", "recorded_date": "2018-04-10", "anniversary_or_expiry": "2026-12-02", "area_ha": null, "tenure_type": "Single Cell Mining Claim", "source": "Ontario MLAS operational claims (OGSEarth / LIO MapServer). Unofficial viewing data, not legal title.", "as_of": "2026-09-20", "role": "focus", "color": "#e8b040"}}, {"type": "Feature", "geometry": {"type": "Polygon", "coordinates": [[[-93.775, 48.9917], [-93.775, 48.9958], [-93.7813, 48.9958], [-93.7813, 48.9917], [-93.775, 48.9917]]]}, "properties": {"company_id": "new-gold", "jurisdiction": "Ontario", "claim_id": "286409", "claim_name": null, "holder": "(100) NEW GOLD INC.", "status": "Active", "recorded_date": "2018-04-10", "anniversary_or_expiry": "2028-05-25", "area_ha": null, "tenure_type": "Single Cell Mining Claim", "source": "Ontario MLAS operational claims (OGSEarth / LIO MapServer). Unofficial viewing data, not legal title.", "as_of": "2026-09-20", "role": "focus", "color": "#e8b040"}}, {"type": "Feature", "geometry": {"type": "Polygon", "coordinates": [[[-93.8125, 48.9208], [-93.8125, 48.925], [-93.8188, 48.925], [-93.8188, 48.9208], [-93.8125, 48.9208]]]}, "properties": {"company_id": "new-gold", "jurisdiction": "Ontario", "claim_id": "284268", "claim_name": null, "holder": "(100) NEW GOLD INC.", "status": "Active", "recorded_date": "2018-04-10", "anniversary_or_expiry": "2028-05-17", "area_ha": null, "tenure_type": "Single Cell Mining Claim", "source": "Ontario MLAS operational claims (OGSEarth / LIO MapServer). Unofficial viewing data, not legal title.", "as_of": "2026-09-20", "role": "focus", "color": "#e8b040"}}, {"type": "Feature", "geometry": {"type": "Polygon", "coordinates": [[[-94.3, 48.7542], [-94.3, 48.7583], [-94.3063, 48.7583], [-94.3063, 48.7542], [-94.3, 48.7542]]]}, "properties": {"company_id": "new-gold", "jurisdiction": "Ontario", "claim_id": "286030", "claim_name": null, "holder": "(100) NEW GOLD INC.", "status": "Active", "recorded_date": "2018-04-10", "anniversary_or_expiry": "2027-01-26", "area_ha": null, "tenure_type": "Single Cell Mining Claim", "source": "Ontario MLAS operational claims (OGSEarth / LIO MapServer). Unofficial viewing data, not legal title.", "as_of": "2026-09-20", "role": "focus", "color": "#e8b040"}}, {"type": "Feature", "geometry": {"type": "Polygon", "coordinates": [[[-94.1438, 48.8375], [-94.1438, 48.8417], [-94.15, 48.8417], [-94.15, 48.8375], [-94.1438, 48.8375]]]}, "properties": {"company_id": "new-gold", "jurisdiction": "Ontario", "claim_id": "284376", "claim_name": null, "holder": "(100) NEW GOLD INC.", "status": "Active", "recorded_date": "2018-04-10", "anniversary_or_expiry": "2028-11-22", "area_ha": null, "tenure_type": "Single Cell Mining Claim", "source": "Ontario MLAS operational claims (OGSEarth / LIO MapServer). Unofficial viewing data, not legal title.", "as_of": "2026-09-20", "role": "focus", "color": "#e8b040"}}, {"type": "Feature", "geometry": {"type": "Polygon", "coordinates": [[[-94.15, 48.8292], [-94.15, 48.8333], [-94.1563, 48.8333], [-94.1563, 48.8292], [-94.15, 48.8292]]]}, "properties": {"company_id": "new-gold", "jurisdiction": "Ontario", "claim_id": "284377", "claim_name": null, "holder": "(100) NEW GOLD INC.", "status": "Active", "recorded_date": "2018-04-10", "anniversary_or_expiry": "2028-11-22", "area_ha": null, "tenure_type": "Single Cell Mining Claim", "source": "Ontario MLAS operational claims (OGSEarth / LIO MapServer). Unofficial viewing data, not legal title.", "as_of": "2026-09-20", "role": "focus", "color": "#e8b040"}}, {"type": "Feature", "geometry": {"type": "Polygon", "coordinates": [[[-94.3, 48.7708], [-94.3, 48.775], [-94.3063, 48.775], [-94.3063, 48.7708], [-94.3, 48.7708]]]}, "properties": {"company_id": "new-gold", "jurisdiction": "Ontario", "claim_id": "284378", "claim_name": null, "holder": "(100) NEW GOLD INC.", "status": "Active", "recorded_date": "2018-04-10", "anniversary_or_expiry": "2027-01-26", "area_ha": null, "tenure_type": "Single Cell Mining Claim", "source": "Ontario MLAS operational claims (OGSEarth / LIO MapServer). Unofficial viewing data, not legal title.", "as_of": "2026-09-20", "role": "focus", "color": "#e8b040"}}, {"type": "Feature", "geometry": {"type": "Polygon", "coordinates": [[[-93.8, 48.9375], [-93.8, 48.9417], [-93.8063, 48.9417], [-93.8063, 48.9375], [-93.8, 48.9375]]]}, "properties": {"company_id": "new-gold", "jurisdiction": "Ontario", "claim_id": "284970", "claim_name": null, "holder": "(100) NEW GOLD INC.", "status": "Active", "recorded_date": "2018-04-10", "anniversary_or_expiry": "2027-02-13", "area_ha": null, "tenure_type": "Single Cell Mining Claim", "source": "Ontario MLAS operational claims (OGSEarth / LIO MapServer). Unofficial viewing data, not legal title.", "as_of": "2026-09-20", "role": "focus", "color": "#e8b040"}}, {"type": "Feature", "geometry": {"type": "Polygon", "coordinates": [[[-93.8375, 48.8708], [-93.8375, 48.875], [-93.8438, 48.875], [-93.8438, 48.8708], [-93.8375, 48.8708]]]}, "properties": {"company_id": "new-gold", "jurisdiction": "Ontario", "claim_id": "284411", "claim_name": null, "holder": "(100) NEW GOLD INC.", "status": "Active", "recorded_date": "2018-04-10", "anniversary_or_expiry": "2028-05-04", "area_ha": null, "tenure_type": "Single Cell Mining Claim", "source": "Ontario MLAS operational claims (OGSEarth / LIO MapServer). Unofficial viewing data, not legal title.", "as_of": "2026-09-20", "role": "focus", "color": "#e8b040"}}, {"type": "Feature", "geometry": {"type": "Polygon", "coordinates": [[[-93.8813, 48.9458], [-93.8813, 48.95], [-93.8875, 48.95], [-93.8875, 48.9458], [-93.8813, 48.9458]]]}, "properties": {"company_id": "new-gold", "jurisdiction": "Ontario", "claim_id": "285018", "claim_name": null, "holder": "(100) NEW GOLD INC.", "status": "Active", "recorded_date": "2018-04-10", "anniversary_or_expiry": "2028-10-26", "area_ha": null, "tenure_type": "Single Cell Mining Claim", "source": "Ontario MLAS operational claims (OGSEarth / LIO MapServer). Unofficial viewing data, not legal title.", "as_of": "2026-09-20", "role": "focus", "color": "#e8b040"}}, {"type": "Feature", "geometry": {"type": "Polygon", "coordinates": [[[-93.8438, 48.9667], [-93.8438, 48.9708], [-93.85, 48.9708], [-93.85, 48.9667], [-93.8438, 48.9667]]]}, "properties": {"company_id": "new-gold", "jurisdiction": "Ontario", "claim_id": "285638", "claim_name": null, "holder": "(100) NEW GOLD INC.", "status": "Active", "recorded_date": "2018-04-10", "anniversary_or_expiry": "2028-06-02", "area_ha": null, "tenure_type": "Single Cell Mining Claim", "source": "Ontario MLAS operational claims (OGSEarth / LIO MapServer). Unofficial viewing data, not legal title.", "as_of": "2026-09-20", "role": "focus", "color": "#e8b040"}}, {"type": "Feature", "geometry": {"type": "Polygon", "coordinates": [[[-93.8063, 48.9083], [-93.8063, 48.9125], [-93.8125, 48.9125], [-93.8125, 48.9083], [-93.8063, 48.9083]]]}, "properties": {"company_id": "new-gold", "jurisdiction": "Ontario", "claim_id": "285639", "claim_name": null, "holder": "(100) NEW GOLD INC.", "status": "Active", "recorded_date": "2018-04-10", "anniversary_or_expiry": "2028-05-04", "area_ha": null, "tenure_type": "Boundary Cell Mining Claim", "source": "Ontario MLAS operational claims (OGSEarth / LIO MapServer). Unofficial viewing data, not legal title.", "as_of": "2026-09-20", "role": "focus", "color": "#e8b040"}}, {"type": "Feature", "geometry": {"type": "Polygon", "coordinates": [[[-93.8563, 48.9917], [-93.8563, 48.9958], [-93.8625, 48.9958], [-93.8625, 48.9917], [-93.8563, 48.9917]]]}, "properties": {"company_id": "new-gold", "jurisdiction": "Ontario", "claim_id": "285662", "claim_name": null, "holder": "(100) NEW GOLD INC.", "status": "Active", "recorded_date": "2018-04-10", "anniversary_or_expiry": "2028-05-08", "area_ha": null, "tenure_type": "Single Cell Mining Claim", "source": "Ontario MLAS operational claims (OGSEarth / LIO MapServer). Unofficial viewing data, not legal title.", "as_of": "2026-09-20", "role": "focus", "color": "#e8b040"}}, {"type": "Feature", "geometry": {"type": "Polygon", "coordinates": [[[-93.9938, 48.7833], [-93.9938, 48.7875], [-94.0, 48.7875], [-94.0, 48.7833], [-93.9938, 48.7833]]]}, "properties": {"company_id": "new-gold", "jurisdiction": "Ontario", "claim_id": "285689", "claim_name": null, "holder": "(100) NEW GOLD INC.", "status": "Active", "recorded_date": "2018-04-10", "anniversary_or_expiry": "2027-01-11", "area_ha": null, "tenure_type": "Single Cell Mining Claim", "source": "Ontario MLAS operational claims (OGSEarth / LIO MapServer). Unofficial viewing data, not legal title.", "as_of": "2026-09-20", "role": "focus", "color": "#e8b040"}}, {"type": "Feature", "geometry": {"type": "Polygon", "coordinates": [[[-93.7875, 48.9625], [-93.7875, 48.9667], [-93.7938, 48.9667], [-93.7938, 48.9625], [-93.7875, 48.9625]]]}, "properties": {"company_id": "new-gold", "jurisdiction": "Ontario", "claim_id": "285713", "claim_name": null, "holder": "(100) NEW GOLD INC.", "status": "Active", "recorded_date": "2018-04-10", "anniversary_or_expiry": "2028-06-02", "area_ha": null, "tenure_type": "Single Cell Mining Claim", "source": "Ontario MLAS operational claims (OGSEarth / LIO MapServer). Unofficial viewing data, not legal title.", "as_of": "2026-09-20", "role": "focus", "color": "#e8b040"}}, {"type": "Feature", "geometry": {"type": "Polygon", "coordinates": [[[-93.8, 48.95], [-93.8, 48.9542], [-93.8063, 48.9542], [-93.8063, 48.95], [-93.8, 48.95]]]}, "properties": {"company_id": "new-gold", "jurisdiction": "Ontario", "claim_id": "285714", "claim_name": null, "holder": "(100) NEW GOLD INC.", "status": "Active", "recorded_date": "2018-04-10", "anniversary_or_expiry": "2028-06-02", "area_ha": null, "tenure_type": "Boundary Cell Mining Claim", "source": "Ontario MLAS operational claims (OGSEarth / LIO MapServer). Unofficial viewing data, not legal title.", "as_of": "2026-09-20", "role": "focus", "color": "#e8b040"}}, {"type": "Feature", "geometry": {"type": "Polygon", "coordinates": [[[-94.1688, 48.8167], [-94.1688, 48.8208], [-94.175, 48.8208], [-94.175, 48.8167], [-94.1688, 48.8167]]]}, "properties": {"company_id": "new-gold", "jurisdiction": "Ontario", "claim_id": "287549", "claim_name": null, "holder": "(100) NEW GOLD INC.", "status": "Active", "recorded_date": "2018-04-10", "anniversary_or_expiry": "2027-03-03", "area_ha": null, "tenure_type": "Single Cell Mining Claim", "source": "Ontario MLAS operational claims (OGSEarth / LIO MapServer). Unofficial viewing data, not legal title.", "as_of": "2026-09-20", "role": "focus", "color": "#e8b040"}}, {"type": "Feature", "geometry": {"type": "Polygon", "coordinates": [[[-94.1813, 48.8125], [-94.1813, 48.8167], [-94.1875, 48.8167], [-94.1875, 48.8125], [-94.1813, 48.8125]]]}, "properties": {"company_id": "new-gold", "jurisdiction": "Ontario", "claim_id": "287550", "claim_name": null, "holder": "(100) NEW GOLD INC.", "status": "Active", "recorded_date": "2018-04-10", "anniversary_or_expiry": "2027-03-03", "area_ha": null, "tenure_type": "Single Cell Mining Claim", "source": "Ontario MLAS operational claims (OGSEarth / LIO MapServer). Unofficial viewing data, not legal title.", "as_of": "2026-09-20", "role": "focus", "color": "#e8b040"}}, {"type": "Feature", "geometry": {"type": "Polygon", "coordinates": [[[-93.9563, 48.9042], [-93.9563, 48.9083], [-93.9625, 48.9083], [-93.9625, 48.9042], [-93.9563, 48.9042]]]}, "properties": {"company_id": "new-gold", "jurisdiction": "Ontario", "claim_id": "288151", "claim_name": null, "holder": "(100) NEW GOLD INC.", "status": "Active", "recorded_date": "2018-04-10", "anniversary_or_expiry": "2027-03-01", "area_ha": null, "tenure_type": "Single Cell Mining Claim", "source": "Ontario MLAS operational claims (OGSEarth / LIO MapServer). Unofficial viewing data, not legal title.", "as_of": "2026-09-20", "role": "focus", "color": "#e8b040"}}, {"type": "Feature", "geometry": {"type": "Polygon", "coordinates": [[[-93.7625, 48.9958], [-93.7625, 49.0], [-93.7688, 49.0], [-93.7688, 48.9958], [-93.7625, 48.9958]]]}, "properties": {"company_id": "new-gold", "jurisdiction": "Ontario", "claim_id": "287087", "claim_name": null, "holder": "(100) NEW GOLD INC.", "status": "Active", "recorded_date": "2018-04-10", "anniversary_or_expiry": "2028-05-25", "area_ha": null, "tenure_type": "Single Cell Mining Claim", "source": "Ontario MLAS operational claims (OGSEarth / LIO MapServer). Unofficial viewing data, not legal title.", "as_of": "2026-09-20", "role": "focus", "color": "#e8b040"}}, {"type": "Feature", "geometry": {"type": "Polygon", "coordinates": [[[-93.775, 48.9333], [-93.775, 48.9375], [-93.7813, 48.9375], [-93.7813, 48.9333], [-93.775, 48.9333]]]}, "properties": {"company_id": "new-gold", "jurisdiction": "Ontario", "claim_id": "290980", "claim_name": null, "holder": "(100) NEW GOLD INC.", "status": "Active", "recorded_date": "2018-04-10", "anniversary_or_expiry": "2027-02-13", "area_ha": null, "tenure_type": "Single Cell Mining Claim", "source": "Ontario MLAS operational claims (OGSEarth / LIO MapServer). Unofficial viewing data, not legal title.", "as_of": "2026-09-20", "role": "focus", "color": "#e8b040"}}, {"type": "Feature", "geometry": {"type": "Polygon", "coordinates": [[[-93.9, 48.9375], [-93.9, 48.9417], [-93.9063, 48.9417], [-93.9063, 48.9375], [-93.9, 48.9375]]]}, "properties": {"company_id": "new-gold", "jurisdiction": "Ontario", "claim_id": "291018", "claim_name": null, "holder": "(100) NEW GOLD INC.", "status": "Active", "recorded_date": "2018-04-10", "anniversary_or_expiry": "2028-10-26", "area_ha": null, "tenure_type": "Single Cell Mining Claim", "source": "Ontario MLAS operational claims (OGSEarth / LIO MapServer). Unofficial viewing data, not legal title.", "as_of": "2026-09-20", "role": "focus", "color": "#e8b040"}}, {"type": "Feature", "geometry": {"type": "Polygon", "coordinates": [[[-93.8313, 48.9], [-93.8313, 48.9042], [-93.8375, 48.9042], [-93.8375, 48.9], [-93.8313, 48.9]]]}, "properties": {"company_id": "new-gold", "jurisdiction": "Ontario", "claim_id": "290446", "claim_name": null, "holder": "(100) NEW GOLD INC.", "status": "Active", "recorded_date": "2018-04-10", "anniversary_or_expiry": "2027-03-13", "area_ha": null, "tenure_type": "Single Cell Mining Claim", "source": "Ontario MLAS operational claims (OGSEarth / LIO MapServer). Unofficial viewing data, not legal title.", "as_of": "2026-09-20", "role": "focus", "color": "#e8b040"}}, {"type": "Feature", "geometry": {"type": "Polygon", "coordinates": [[[-93.9, 48.9458], [-93.9, 48.95], [-93.9063, 48.95], [-93.9063, 48.9458], [-93.9, 48.9458]]]}, "properties": {"company_id": "new-gold", "jurisdiction": "Ontario", "claim_id": "291075", "claim_name": null, "holder": "(100) NEW GOLD INC.", "status": "Active", "recorded_date": "2018-04-10", "anniversary_or_expiry": "2028-10-26", "area_ha": null, "tenure_type": "Single Cell Mining Claim", "source": "Ontario MLAS operational claims (OGSEarth / LIO MapServer). Unofficial viewing data, not legal title.", "as_of": "2026-09-20", "role": "focus", "color": "#e8b040"}}, {"type": "Feature", "geometry": {"type": "Polygon", "coordinates": [[[-93.8938, 48.9417], [-93.8938, 48.9458], [-93.9, 48.9458], [-93.9, 48.9417], [-93.8938, 48.9417]]]}, "properties": {"company_id": "new-gold", "jurisdiction": "Ontario", "claim_id": "291076", "claim_name": null, "holder": "(100) NEW GOLD INC.", "status": "Active", "recorded_date": "2018-04-10", "anniversary_or_expiry": "2028-10-26", "area_ha": null, "tenure_type": "Single Cell Mining Claim", "source": "Ontario MLAS operational claims (OGSEarth / LIO MapServer). Unofficial viewing data, not legal title.", "as_of": "2026-09-20", "role": "focus", "color": "#e8b040"}}, {"type": "Feature", "geometry": {"type": "Polygon", "coordinates": [[[-94.2063, 48.8083], [-94.2063, 48.8125], [-94.2125, 48.8125], [-94.2125, 48.8083], [-94.2063, 48.8083]]]}, "properties": {"company_id": "new-gold", "jurisdiction": "Ontario", "claim_id": "288873", "claim_name": null, "holder": "(100) NEW GOLD INC.", "status": "Active", "recorded_date": "2018-04-10", "anniversary_or_expiry": "2027-03-03", "area_ha": null, "tenure_type": "Single Cell Mining Claim", "source": "Ontario MLAS operational claims (OGSEarth / LIO MapServer). Unofficial viewing data, not legal title.", "as_of": "2026-09-20", "role": "focus", "color": "#e8b040"}}, {"type": "Feature", "geometry": {"type": "Polygon", "coordinates": [[[-94.0688, 48.8958], [-94.0688, 48.9], [-94.075, 48.9], [-94.075, 48.8958], [-94.0688, 48.8958]]]}, "properties": {"company_id": "new-gold", "jurisdiction": "Ontario", "claim_id": "289621", "claim_name": null, "holder": "(100) NEW GOLD INC.", "status": "Active", "recorded_date": "2018-04-10", "anniversary_or_expiry": "2028-10-15", "area_ha": null, "tenure_type": "Single Cell Mining Claim", "source": "Ontario MLAS operational claims (OGSEarth / LIO MapServer). Unofficial viewing data, not legal title.", "as_of": "2026-09-20", "role": "focus", "color": "#e8b040"}}, {"type": "Feature", "geometry": {"type": "Polygon", "coordinates": [[[-93.85, 48.9542], [-93.85, 48.9583], [-93.8563, 48.9583], [-93.8563, 48.9542], [-93.85, 48.9542]]]}, "properties": {"company_id": "new-gold", "jurisdiction": "Ontario", "claim_id": "289632", "claim_name": null, "holder": "(100) NEW GOLD INC.", "status": "Active", "recorded_date": "2018-04-10", "anniversary_or_expiry": "2028-10-26", "area_ha": null, "tenure_type": "Boundary Cell Mining Claim", "source": "Ontario MLAS operational claims (OGSEarth / LIO MapServer). Unofficial viewing data, not legal title.", "as_of": "2026-09-20", "role": "focus", "color": "#e8b040"}}, {"type": "Feature", "geometry": {"type": "Polygon", "coordinates": [[[-93.875, 48.9542], [-93.875, 48.9583], [-93.8813, 48.9583], [-93.8813, 48.9542], [-93.875, 48.9542]]]}, "properties": {"company_id": "new-gold", "jurisdiction": "Ontario", "claim_id": "289633", "claim_name": null, "holder": "(100) NEW GOLD INC.", "status": "Active", "recorded_date": "2018-04-10", "anniversary_or_expiry": "2028-10-26", "area_ha": null, "tenure_type": "Single Cell Mining Claim", "source": "Ontario MLAS operational claims (OGSEarth / LIO MapServer). Unofficial viewing data, not legal title.", "as_of": "2026-09-20", "role": "focus", "color": "#e8b040"}}, {"type": "Feature", "geometry": {"type": "Polygon", "coordinates": [[[-93.8625, 48.95], [-93.8625, 48.9542], [-93.8688, 48.9542], [-93.8688, 48.95], [-93.8625, 48.95]]]}, "properties": {"company_id": "new-gold", "jurisdiction": "Ontario", "claim_id": "289634", "claim_name": null, "holder": "(100) NEW GOLD INC.", "status": "Active", "recorded_date": "2018-04-10", "anniversary_or_expiry": "2028-10-26", "area_ha": null, "tenure_type": "Single Cell Mining Claim", "source": "Ontario MLAS operational claims (OGSEarth / LIO MapServer). Unofficial viewing data, not legal title.", "as_of": "2026-09-20", "role": "focus", "color": "#e8b040"}}, {"type": "Feature", "geometry": {"type": "Polygon", "coordinates": [[[-93.875, 48.9458], [-93.875, 48.95], [-93.8813, 48.95], [-93.8813, 48.9458], [-93.875, 48.9458]]]}, "properties": {"company_id": "new-gold", "jurisdiction": "Ontario", "claim_id": "289635", "claim_name": null, "holder": "(100) NEW GOLD INC.", "status": "Active", "recorded_date": "2018-04-10", "anniversary_or_expiry": "2028-10-26", "area_ha": null, "tenure_type": "Single Cell Mining Claim", "source": "Ontario MLAS operational claims (OGSEarth / LIO MapServer). Unofficial viewing data, not legal title.", "as_of": "2026-09-20", "role": "focus", "color": "#e8b040"}}, {"type": "Feature", "geometry": {"type": "Polygon", "coordinates": [[[-93.8313, 48.9375], [-93.8313, 48.9417], [-93.8375, 48.9417], [-93.8375, 48.9375], [-93.8313, 48.9375]]]}, "properties": {"company_id": "new-gold", "jurisdiction": "Ontario", "claim_id": "289658", "claim_name": null, "holder": "(100) NEW GOLD INC.", "status": "Active", "recorded_date": "2018-04-10", "anniversary_or_expiry": "2028-06-21", "area_ha": null, "tenure_type": "Single Cell Mining Claim", "source": "Ontario MLAS operational claims (OGSEarth / LIO MapServer). Unofficial viewing data, not legal title.", "as_of": "2026-09-20", "role": "focus", "color": "#e8b040"}}, {"type": "Feature", "geometry": {"type": "Polygon", "coordinates": [[[-93.8813, 48.95], [-93.8813, 48.9542], [-93.8875, 48.9542], [-93.8875, 48.95], [-93.8813, 48.95]]]}, "properties": {"company_id": "new-gold", "jurisdiction": "Ontario", "claim_id": "290297", "claim_name": null, "holder": "(100) NEW GOLD INC.", "status": "Active", "recorded_date": "2018-04-10", "anniversary_or_expiry": "2028-10-26", "area_ha": null, "tenure_type": "Single Cell Mining Claim", "source": "Ontario MLAS operational claims (OGSEarth / LIO MapServer). Unofficial viewing data, not legal title.", "as_of": "2026-09-20", "role": "focus", "color": "#e8b040"}}, {"type": "Feature", "geometry": {"type": "Polygon", "coordinates": [[[-93.8875, 48.95], [-93.8875, 48.9542], [-93.8938, 48.9542], [-93.8938, 48.95], [-93.8875, 48.95]]]}, "properties": {"company_id": "new-gold", "jurisdiction": "Ontario", "claim_id": "290298", "claim_name": null, "holder": "(100) NEW GOLD INC.", "status": "Active", "recorded_date": "2018-04-10", "anniversary_or_expiry": "2028-10-26", "area_ha": null, "tenure_type": "Single Cell Mining Claim", "source": "Ontario MLAS operational claims (OGSEarth / LIO MapServer). Unofficial viewing data, not legal title.", "as_of": "2026-09-20", "role": "focus", "color": "#e8b040"}}, {"type": "Feature", "geometry": {"type": "Polygon", "coordinates": [[[-93.9, 48.9792], [-93.9, 48.9833], [-93.9063, 48.9833], [-93.9063, 48.9792], [-93.9, 48.9792]]]}, "properties": {"company_id": "new-gold", "jurisdiction": "Ontario", "claim_id": "290300", "claim_name": null, "holder": "(100) NEW GOLD INC.", "status": "Active", "recorded_date": "2018-04-10", "anniversary_or_expiry": "2028-10-26", "area_ha": null, "tenure_type": "Single Cell Mining Claim", "source": "Ontario MLAS operational claims (OGSEarth / LIO MapServer). Unofficial viewing data, not legal title.", "as_of": "2026-09-20", "role": "focus", "color": "#e8b040"}}, {"type": "Feature", "geometry": {"type": "Polygon", "coordinates": [[[-93.775, 48.9375], [-93.775, 48.9417], [-93.7813, 48.9417], [-93.7813, 48.9375], [-93.775, 48.9375]]]}, "properties": {"company_id": "new-gold", "jurisdiction": "Ontario", "claim_id": "290325", "claim_name": null, "holder": "(100) NEW GOLD INC.", "status": "Active", "recorded_date": "2018-04-10", "anniversary_or_expiry": "2027-02-13", "area_ha": null, "tenure_type": "Single Cell Mining Claim", "source": "Ontario MLAS operational claims (OGSEarth / LIO MapServer). Unofficial viewing data, not legal title.", "as_of": "2026-09-20", "role": "focus", "color": "#e8b040"}}, {"type": "Feature", "geometry": {"type": "Polygon", "coordinates": [[[-93.8438, 48.9], [-93.8438, 48.9042], [-93.85, 48.9042], [-93.85, 48.9], [-93.8438, 48.9]]]}, "properties": {"company_id": "new-gold", "jurisdiction": "Ontario", "claim_id": "291689", "claim_name": null, "holder": "(100) NEW GOLD INC.", "status": "Active", "recorded_date": "2018-04-10", "anniversary_or_expiry": "2028-06-26", "area_ha": null, "tenure_type": "Single Cell Mining Claim", "source": "Ontario MLAS operational claims (OGSEarth / LIO MapServer). Unofficial viewing data, not legal title.", "as_of": "2026-09-20", "role": "focus", "color": "#e8b040"}}, {"type": "Feature", "geometry": {"type": "Polygon", "coordinates": [[[-93.8313, 48.9125], [-93.8313, 48.9167], [-93.8375, 48.9167], [-93.8375, 48.9125], [-93.8313, 48.9125]]]}, "properties": {"company_id": "new-gold", "jurisdiction": "Ontario", "claim_id": "292359", "claim_name": null, "holder": "(100) NEW GOLD INC.", "status": "Active", "recorded_date": "2018-04-10", "anniversary_or_expiry": "2028-06-21", "area_ha": null, "tenure_type": "Single Cell Mining Claim", "source": "Ontario MLAS operational claims (OGSEarth / LIO MapServer). Unofficial viewing data, not legal title.", "as_of": "2026-09-20", "role": "focus", "color": "#e8b040"}}, {"type": "Feature", "geometry": {"type": "Polygon", "coordinates": [[[-93.7938, 48.9458], [-93.7938, 48.95], [-93.8, 48.95], [-93.8, 48.9458], [-93.7938, 48.9458]]]}, "properties": {"company_id": "new-gold", "jurisdiction": "Ontario", "claim_id": "292360", "claim_name": null, "holder": "(100) NEW GOLD INC.", "status": "Active", "recorded_date": "2018-04-10", "anniversary_or_expiry": "2027-02-13", "area_ha": null, "tenure_type": "Single Cell Mining Claim", "source": "Ontario MLAS operational claims (OGSEarth / LIO MapServer). Unofficial viewing data, not legal title.", "as_of": "2026-09-20", "role": "focus", "color": "#e8b040"}}, {"type": "Feature", "geometry": {"type": "Polygon", "coordinates": [[[-93.8438, 48.9542], [-93.8438, 48.9583], [-93.85, 48.9583], [-93.85, 48.9542], [-93.8438, 48.9542]]]}, "properties": {"company_id": "new-gold", "jurisdiction": "Ontario", "claim_id": "292435", "claim_name": null, "holder": "(100) NEW GOLD INC.", "status": "Active", "recorded_date": "2018-04-10", "anniversary_or_expiry": "2028-06-02", "area_ha": null, "tenure_type": "Single Cell Mining Claim", "source": "Ontario MLAS operational claims (OGSEarth / LIO MapServer). Unofficial viewing data, not legal title.", "as_of": "2026-09-20", "role": "focus", "color": "#e8b040"}}, {"type": "Feature", "geometry": {"type": "Polygon", "coordinates": [[[-93.8313, 48.95], [-93.8313, 48.9542], [-93.8375, 48.9542], [-93.8375, 48.95], [-93.8313, 48.95]]]}, "properties": {"company_id": "new-gold", "jurisdiction": "Ontario", "claim_id": "292436", "claim_name": null, "holder": "(100) NEW GOLD INC.", "status": "Active", "recorded_date": "2018-04-10", "anniversary_or_expiry": "2028-06-02", "area_ha": null, "tenure_type": "Boundary Cell Mining Claim", "source": "Ontario MLAS operational claims (OGSEarth / LIO MapServer). Unofficial viewing data, not legal title.", "as_of": "2026-09-20", "role": "focus", "color": "#e8b040"}}, {"type": "Feature", "geometry": {"type": "Polygon", "coordinates": [[[-93.7188, 48.9958], [-93.7188, 49.0], [-93.725, 49.0], [-93.725, 48.9958], [-93.7188, 48.9958]]]}, "properties": {"company_id": "new-gold", "jurisdiction": "Ontario", "claim_id": "292438", "claim_name": null, "holder": "(100) NEW GOLD INC.", "status": "Active", "recorded_date": "2018-04-10", "anniversary_or_expiry": "2028-07-11", "area_ha": null, "tenure_type": "Single Cell Mining Claim", "source": "Ontario MLAS operational claims (OGSEarth / LIO MapServer). Unofficial viewing data, not legal title.", "as_of": "2026-09-20", "role": "focus", "color": "#e8b040"}}, {"type": "Feature", "geometry": {"type": "Polygon", "coordinates": [[[-93.7313, 48.9917], [-93.7313, 48.9958], [-93.7375, 48.9958], [-93.7375, 48.9917], [-93.7313, 48.9917]]]}, "properties": {"company_id": "new-gold", "jurisdiction": "Ontario", "claim_id": "292439", "claim_name": null, "holder": "(100) NEW GOLD INC.", "status": "Active", "recorded_date": "2018-04-10", "anniversary_or_expiry": "2028-07-11", "area_ha": null, "tenure_type": "Single Cell Mining Claim", "source": "Ontario MLAS operational claims (OGSEarth / LIO MapServer). Unofficial viewing data, not legal title.", "as_of": "2026-09-20", "role": "focus", "color": "#e8b040"}}, {"type": "Feature", "geometry": {"type": "Polygon", "coordinates": [[[-93.725, 48.9875], [-93.725, 48.9917], [-93.7313, 48.9917], [-93.7313, 48.9875], [-93.725, 48.9875]]]}, "properties": {"company_id": "new-gold", "jurisdiction": "Ontario", "claim_id": "292440", "claim_name": null, "holder": "(100) NEW GOLD INC.", "status": "Active", "recorded_date": "2018-04-10", "anniversary_or_expiry": "2028-07-11", "area_ha": null, "tenure_type": "Single Cell Mining Claim", "source": "Ontario MLAS operational claims (OGSEarth / LIO MapServer). Unofficial viewing data, not legal title.", "as_of": "2026-09-20", "role": "focus", "color": "#e8b040"}}, {"type": "Feature", "geometry": {"type": "Polygon", "coordinates": [[[-93.8063, 48.9], [-93.8063, 48.9042], [-93.8125, 48.9042], [-93.8125, 48.9], [-93.8063, 48.9]]]}, "properties": {"company_id": "new-gold", "jurisdiction": "Ontario", "claim_id": "292441", "claim_name": null, "holder": "(100) NEW GOLD INC.", "status": "Active", "recorded_date": "2018-04-10", "anniversary_or_expiry": "2028-05-04", "area_ha": null, "tenure_type": "Boundary Cell Mining Claim", "source": "Ontario MLAS operational claims (OGSEarth / LIO MapServer). Unofficial viewing data, not legal title.", "as_of": "2026-09-20", "role": "focus", "color": "#e8b040"}}, {"type": "Feature", "geometry": {"type": "Polygon", "coordinates": [[[-93.7375, 48.975], [-93.7375, 48.9792], [-93.7438, 48.9792], [-93.7438, 48.975], [-93.7375, 48.975]]]}, "properties": {"company_id": "new-gold", "jurisdiction": "Ontario", "claim_id": "292442", "claim_name": null, "holder": "(100) NEW GOLD INC.", "status": "Active", "recorded_date": "2018-04-10", "anniversary_or_expiry": "2028-07-11", "area_ha": null, "tenure_type": "Single Cell Mining Claim", "source": "Ontario MLAS operational claims (OGSEarth / LIO MapServer). Unofficial viewing data, not legal title.", "as_of": "2026-09-20", "role": "focus", "color": "#e8b040"}}, {"type": "Feature", "geometry": {"type": "Polygon", "coordinates": [[[-93.8563, 48.9958], [-93.8563, 49.0], [-93.8625, 49.0], [-93.8625, 48.9958], [-93.8563, 48.9958]]]}, "properties": {"company_id": "new-gold", "jurisdiction": "Ontario", "claim_id": "292456", "claim_name": null, "holder": "(100) NEW GOLD INC.", "status": "Active", "recorded_date": "2018-04-10", "anniversary_or_expiry": "2028-08-04", "area_ha": null, "tenure_type": "Single Cell Mining Claim", "source": "Ontario MLAS operational claims (OGSEarth / LIO MapServer). Unofficial viewing data, not legal title.", "as_of": "2026-09-20", "role": "focus", "color": "#e8b040"}}, {"type": "Feature", "geometry": {"type": "Polygon", "coordinates": [[[-93.8, 48.9792], [-93.8, 48.9833], [-93.8063, 48.9833], [-93.8063, 48.9792], [-93.8, 48.9792]]]}, "properties": {"company_id": "new-gold", "jurisdiction": "Ontario", "claim_id": "293061", "claim_name": null, "holder": "(100) NEW GOLD INC.", "status": "Active", "recorded_date": "2018-04-10", "anniversary_or_expiry": "2028-06-02", "area_ha": null, "tenure_type": "Single Cell Mining Claim", "source": "Ontario MLAS operational claims (OGSEarth / LIO MapServer). Unofficial viewing data, not legal title.", "as_of": "2026-09-20", "role": "focus", "color": "#e8b040"}}, {"type": "Feature", "geometry": {"type": "Polygon", "coordinates": [[[-93.8188, 48.9667], [-93.8188, 48.9708], [-93.825, 48.9708], [-93.825, 48.9667], [-93.8188, 48.9667]]]}, "properties": {"company_id": "new-gold", "jurisdiction": "Ontario", "claim_id": "293062", "claim_name": null, "holder": "(100) NEW GOLD INC.", "status": "Active", "recorded_date": "2018-04-10", "anniversary_or_expiry": "2028-06-02", "area_ha": null, "tenure_type": "Single Cell Mining Claim", "source": "Ontario MLAS operational claims (OGSEarth / LIO MapServer). Unofficial viewing data, not legal title.", "as_of": "2026-09-20", "role": "focus", "color": "#e8b040"}}, {"type": "Feature", "geometry": {"type": "Polygon", "coordinates": [[[-93.7563, 48.9792], [-93.7563, 48.9833], [-93.7625, 48.9833], [-93.7625, 48.9792], [-93.7563, 48.9792]]]}, "properties": {"company_id": "new-gold", "jurisdiction": "Ontario", "claim_id": "293063", "claim_name": null, "holder": "(100) NEW GOLD INC.", "status": "Active", "recorded_date": "2018-04-10", "anniversary_or_expiry": "2028-07-11", "area_ha": null, "tenure_type": "Boundary Cell Mining Claim", "source": "Ontario MLAS operational claims (OGSEarth / LIO MapServer). Unofficial viewing data, not legal title.", "as_of": "2026-09-20", "role": "focus", "color": "#e8b040"}}, {"type": "Feature", "geometry": {"type": "Polygon", "coordinates": [[[-93.85, 48.9708], [-93.85, 48.975], [-93.8563, 48.975], [-93.8563, 48.9708], [-93.85, 48.9708]]]}, "properties": {"company_id": "new-gold", "jurisdiction": "Ontario", "claim_id": "293140", "claim_name": null, "holder": "(100) NEW GOLD INC.", "status": "Active", "recorded_date": "2018-04-10", "anniversary_or_expiry": "2028-06-02", "area_ha": null, "tenure_type": "Boundary Cell Mining Claim", "source": "Ontario MLAS operational claims (OGSEarth / LIO MapServer). Unofficial viewing data, not legal title.", "as_of": "2026-09-20", "role": "focus", "color": "#e8b040"}}, {"type": "Feature", "geometry": {"type": "Polygon", "coordinates": [[[-93.7313, 49.0083], [-93.7313, 49.0125], [-93.7375, 49.0125], [-93.7375, 49.0083], [-93.7313, 49.0083]]]}, "properties": {"company_id": "new-gold", "jurisdiction": "Ontario", "claim_id": "293143", "claim_name": null, "holder": "(100) NEW GOLD INC.", "status": "Active", "recorded_date": "2018-04-10", "anniversary_or_expiry": "2028-07-11", "area_ha": null, "tenure_type": "Single Cell Mining Claim", "source": "Ontario MLAS operational claims (OGSEarth / LIO MapServer). Unofficial viewing data, not legal title.", "as_of": "2026-09-20", "role": "focus", "color": "#e8b040"}}, {"type": "Feature", "geometry": {"type": "Polygon", "coordinates": [[[-93.7438, 49.0083], [-93.7438, 49.0125], [-93.75, 49.0125], [-93.75, 49.0083], [-93.7438, 49.0083]]]}, "properties": {"company_id": "new-gold", "jurisdiction": "Ontario", "claim_id": "294396", "claim_name": null, "holder": "(100) NEW GOLD INC.", "status": "Active", "recorded_date": "2018-04-10", "anniversary_or_expiry": "2028-07-11", "area_ha": null, "tenure_type": "Single Cell Mining Claim", "source": "Ontario MLAS operational claims (OGSEarth / LIO MapServer). Unofficial viewing data, not legal title.", "as_of": "2026-09-20", "role": "focus", "color": "#e8b040"}}, {"type": "Feature", "geometry": {"type": "Polygon", "coordinates": [[[-93.825, 48.9583], [-93.825, 48.9625], [-93.8313, 48.9625], [-93.8313, 48.9583], [-93.825, 48.9583]]]}, "properties": {"company_id": "new-gold", "jurisdiction": "Ontario", "claim_id": "294434", "claim_name": null, "holder": "(100) NEW GOLD INC.", "status": "Active", "recorded_date": "2018-04-10", "anniversary_or_expiry": "2028-06-02", "area_ha": null, "tenure_type": "Single Cell Mining Claim", "source": "Ontario MLAS operational claims (OGSEarth / LIO MapServer). Unofficial viewing data, not legal title.", "as_of": "2026-09-20", "role": "focus", "color": "#e8b040"}}, {"type": "Feature", "geometry": {"type": "Polygon", "coordinates": [[[-93.8125, 48.9542], [-93.8125, 48.9583], [-93.8188, 48.9583], [-93.8188, 48.9542], [-93.8125, 48.9542]]]}, "properties": {"company_id": "new-gold", "jurisdiction": "Ontario", "claim_id": "294435", "claim_name": null, "holder": "(100) NEW GOLD INC.", "status": "Active", "recorded_date": "2018-04-10", "anniversary_or_expiry": "2028-06-02", "area_ha": null, "tenure_type": "Single Cell Mining Claim", "source": "Ontario MLAS operational claims (OGSEarth / LIO MapServer). Unofficial viewing data, not legal title.", "as_of": "2026-09-20", "role": "focus", "color": "#e8b040"}}, {"type": "Feature", "geometry": {"type": "Polygon", "coordinates": [[[-94.2063, 48.8125], [-94.2063, 48.8167], [-94.2125, 48.8167], [-94.2125, 48.8125], [-94.2063, 48.8125]]]}, "properties": {"company_id": "new-gold", "jurisdiction": "Ontario", "claim_id": "295630", "claim_name": null, "holder": "(100) NEW GOLD INC.", "status": "Active", "recorded_date": "2018-04-10", "anniversary_or_expiry": "2027-03-03", "area_ha": null, "tenure_type": "Single Cell Mining Claim", "source": "Ontario MLAS operational claims (OGSEarth / LIO MapServer). Unofficial viewing data, not legal title.", "as_of": "2026-09-20", "role": "focus", "color": "#e8b040"}}, {"type": "Feature", "geometry": {"type": "Polygon", "coordinates": [[[-93.8, 48.9708], [-93.8, 48.975], [-93.8063, 48.975], [-93.8063, 48.9708], [-93.8, 48.9708]]]}, "properties": {"company_id": "new-gold", "jurisdiction": "Ontario", "claim_id": "294501", "claim_name": null, "holder": "(100) NEW GOLD INC.", "status": "Active", "recorded_date": "2018-04-10", "anniversary_or_expiry": "2028-06-02", "area_ha": null, "tenure_type": "Single Cell Mining Claim", "source": "Ontario MLAS operational claims (OGSEarth / LIO MapServer). Unofficial viewing data, not legal title.", "as_of": "2026-09-20", "role": "focus", "color": "#e8b040"}}, {"type": "Feature", "geometry": {"type": "Polygon", "coordinates": [[[-94.2938, 48.7583], [-94.2938, 48.7625], [-94.3, 48.7625], [-94.3, 48.7583], [-94.2938, 48.7583]]]}, "properties": {"company_id": "new-gold", "jurisdiction": "Ontario", "claim_id": "294051", "claim_name": null, "holder": "(100) NEW GOLD INC.", "status": "Active", "recorded_date": "2018-04-10", "anniversary_or_expiry": "2027-01-26", "area_ha": null, "tenure_type": "Single Cell Mining Claim", "source": "Ontario MLAS operational claims (OGSEarth / LIO MapServer). Unofficial viewing data, not legal title.", "as_of": "2026-09-20", "role": "focus", "color": "#e8b040"}}, {"type": "Feature", "geometry": {"type": "Polygon", "coordinates": [[[-94.2688, 48.8083], [-94.2688, 48.8125], [-94.275, 48.8125], [-94.275, 48.8083], [-94.2688, 48.8083]]]}, "properties": {"company_id": "new-gold", "jurisdiction": "Ontario", "claim_id": "294224", "claim_name": null, "holder": "(100) NEW GOLD INC.", "status": "Active", "recorded_date": "2018-04-10", "anniversary_or_expiry": "2026-12-02", "area_ha": null, "tenure_type": "Single Cell Mining Claim", "source": "Ontario MLAS operational claims (OGSEarth / LIO MapServer). Unofficial viewing data, not legal title.", "as_of": "2026-09-20", "role": "focus", "color": "#e8b040"}}, {"type": "Feature", "geometry": {"type": "Polygon", "coordinates": [[[-93.7813, 48.9917], [-93.7813, 48.9958], [-93.7875, 48.9958], [-93.7875, 48.9917], [-93.7813, 48.9917]]]}, "properties": {"company_id": "new-gold", "jurisdiction": "Ontario", "claim_id": "293725", "claim_name": null, "holder": "(100) NEW GOLD INC.", "status": "Active", "recorded_date": "2018-04-10", "anniversary_or_expiry": "2028-05-25", "area_ha": null, "tenure_type": "Single Cell Mining Claim", "source": "Ontario MLAS operational claims (OGSEarth / LIO MapServer). Unofficial viewing data, not legal title.", "as_of": "2026-09-20", "role": "focus", "color": "#e8b040"}}, {"type": "Feature", "geometry": {"type": "Polygon", "coordinates": [[[-94.1688, 48.8125], [-94.1688, 48.8167], [-94.175, 48.8167], [-94.175, 48.8125], [-94.1688, 48.8125]]]}, "properties": {"company_id": "new-gold", "jurisdiction": "Ontario", "claim_id": "294288", "claim_name": null, "holder": "(100) NEW GOLD INC.", "status": "Active", "recorded_date": "2018-04-10", "anniversary_or_expiry": "2027-03-03", "area_ha": null, "tenure_type": "Single Cell Mining Claim", "source": "Ontario MLAS operational claims (OGSEarth / LIO MapServer). Unofficial viewing data, not legal title.", "as_of": "2026-09-20", "role": "focus", "color": "#e8b040"}}, {"type": "Feature", "geometry": {"type": "Polygon", "coordinates": [[[-93.9563, 48.9125], [-93.9563, 48.9167], [-93.9625, 48.9167], [-93.9625, 48.9125], [-93.9563, 48.9125]]]}, "properties": {"company_id": "new-gold", "jurisdiction": "Ontario", "claim_id": "294896", "claim_name": null, "holder": "(100) NEW GOLD INC.", "status": "Active", "recorded_date": "2018-04-10", "anniversary_or_expiry": "2027-03-01", "area_ha": null, "tenure_type": "Single Cell Mining Claim", "source": "Ontario MLAS operational claims (OGSEarth / LIO MapServer). Unofficial viewing data, not legal title.", "as_of": "2026-09-20", "role": "focus", "color": "#e8b040"}}, {"type": "Feature", "geometry": {"type": "Polygon", "coordinates": [[[-93.9688, 48.9042], [-93.9688, 48.9083], [-93.975, 48.9083], [-93.975, 48.9042], [-93.9688, 48.9042]]]}, "properties": {"company_id": "new-gold", "jurisdiction": "Ontario", "claim_id": "294897", "claim_name": null, "holder": "(100) NEW GOLD INC.", "status": "Active", "recorded_date": "2018-04-10", "anniversary_or_expiry": "2027-03-01", "area_ha": null, "tenure_type": "Single Cell Mining Claim", "source": "Ontario MLAS operational claims (OGSEarth / LIO MapServer). Unofficial viewing data, not legal title.", "as_of": "2026-09-20", "role": "focus", "color": "#e8b040"}}, {"type": "Feature", "geometry": {"type": "Polygon", "coordinates": [[[-93.7813, 48.9833], [-93.7813, 48.9875], [-93.7875, 48.9875], [-93.7875, 48.9833], [-93.7813, 48.9833]]]}, "properties": {"company_id": "new-gold", "jurisdiction": "Ontario", "claim_id": "293738", "claim_name": null, "holder": "(100) NEW GOLD INC.", "status": "Active", "recorded_date": "2018-04-10", "anniversary_or_expiry": "2028-05-25", "area_ha": null, "tenure_type": "Single Cell Mining Claim", "source": "Ontario MLAS operational claims (OGSEarth / LIO MapServer). Unofficial viewing data, not legal title.", "as_of": "2026-09-20", "role": "focus", "color": "#e8b040"}}, {"type": "Feature", "geometry": {"type": "Polygon", "coordinates": [[[-93.9938, 48.7875], [-93.9938, 48.7917], [-94.0, 48.7917], [-94.0, 48.7875], [-93.9938, 48.7875]]]}, "properties": {"company_id": "new-gold", "jurisdiction": "Ontario", "claim_id": "296857", "claim_name": null, "holder": "(100) NEW GOLD INC.", "status": "Active", "recorded_date": "2018-04-10", "anniversary_or_expiry": "2027-01-11", "area_ha": null, "tenure_type": "Single Cell Mining Claim", "source": "Ontario MLAS operational claims (OGSEarth / LIO MapServer). Unofficial viewing data, not legal title.", "as_of": "2026-09-20", "role": "focus", "color": "#e8b040"}}, {"type": "Feature", "geometry": {"type": "Polygon", "coordinates": [[[-94.3188, 48.7625], [-94.3188, 48.7667], [-94.325, 48.7667], [-94.325, 48.7625], [-94.3188, 48.7625]]]}, "properties": {"company_id": "new-gold", "jurisdiction": "Ontario", "claim_id": "296866", "claim_name": null, "holder": "(100) NEW GOLD INC.", "status": "Active", "recorded_date": "2018-04-10", "anniversary_or_expiry": "2027-01-26", "area_ha": null, "tenure_type": "Single Cell Mining Claim", "source": "Ontario MLAS operational claims (OGSEarth / LIO MapServer). Unofficial viewing data, not legal title.", "as_of": "2026-09-20", "role": "focus", "color": "#e8b040"}}, {"type": "Feature", "geometry": {"type": "Polygon", "coordinates": [[[-93.8625, 48.9125], [-93.8625, 48.9167], [-93.8688, 48.9167], [-93.8688, 48.9125], [-93.8625, 48.9125]]]}, "properties": {"company_id": "new-gold", "jurisdiction": "Ontario", "claim_id": "296873", "claim_name": null, "holder": "(100) NEW GOLD INC.", "status": "Active", "recorded_date": "2018-04-10", "anniversary_or_expiry": "2027-02-20", "area_ha": null, "tenure_type": "Single Cell Mining Claim", "source": "Ontario MLAS operational claims (OGSEarth / LIO MapServer). Unofficial viewing data, not legal title.", "as_of": "2026-09-20", "role": "focus", "color": "#e8b040"}}, {"type": "Feature", "geometry": {"type": "Polygon", "coordinates": [[[-94.1438, 48.8667], [-94.1438, 48.8708], [-94.15, 48.8708], [-94.15, 48.8667], [-94.1438, 48.8667]]]}, "properties": {"company_id": "new-gold", "jurisdiction": "Ontario", "claim_id": "296316", "claim_name": null, "holder": "(100) NEW GOLD INC.", "status": "Active", "recorded_date": "2018-04-10", "anniversary_or_expiry": "2028-07-16", "area_ha": null, "tenure_type": "Single Cell Mining Claim", "source": "Ontario MLAS operational claims (OGSEarth / LIO MapServer). Unofficial viewing data, not legal title.", "as_of": "2026-09-20", "role": "focus", "color": "#e8b040"}}, {"type": "Feature", "geometry": {"type": "Polygon", "coordinates": [[[-93.875, 48.8958], [-93.875, 48.9], [-93.8813, 48.9], [-93.8813, 48.8958], [-93.875, 48.8958]]]}, "properties": {"company_id": "new-gold", "jurisdiction": "Ontario", "claim_id": "297524", "claim_name": null, "holder": "(100) NEW GOLD INC.", "status": "Active", "recorded_date": "2018-04-10", "anniversary_or_expiry": "2027-01-28", "area_ha": null, "tenure_type": "Single Cell Mining Claim", "source": "Ontario MLAS operational claims (OGSEarth / LIO MapServer). Unofficial viewing data, not legal title.", "as_of": "2026-09-20", "role": "focus", "color": "#e8b040"}}, {"type": "Feature", "geometry": {"type": "Polygon", "coordinates": [[[-94.1063, 48.8333], [-94.1063, 48.8375], [-94.1125, 48.8375], [-94.1125, 48.8333], [-94.1063, 48.8333]]]}, "properties": {"company_id": "new-gold", "jurisdiction": "Ontario", "claim_id": "296979", "claim_name": null, "holder": "(100) NEW GOLD INC.", "status": "Active", "recorded_date": "2018-04-10", "anniversary_or_expiry": "2028-11-27", "area_ha": null, "tenure_type": "Single Cell Mining Claim", "source": "Ontario MLAS operational claims (OGSEarth / LIO MapServer). Unofficial viewing data, not legal title.", "as_of": "2026-09-20", "role": "focus", "color": "#e8b040"}}, {"type": "Feature", "geometry": {"type": "Polygon", "coordinates": [[[-94.25, 48.8], [-94.25, 48.8042], [-94.2563, 48.8042], [-94.2563, 48.8], [-94.25, 48.8]]]}, "properties": {"company_id": "new-gold", "jurisdiction": "Ontario", "claim_id": "296982", "claim_name": null, "holder": "(100) NEW GOLD INC.", "status": "Active", "recorded_date": "2018-04-10", "anniversary_or_expiry": "2028-11-22", "area_ha": null, "tenure_type": "Single Cell Mining Claim", "source": "Ontario MLAS operational claims (OGSEarth / LIO MapServer). Unofficial viewing data, not legal title.", "as_of": "2026-09-20", "role": "focus", "color": "#e8b040"}}, {"type": "Feature", "geometry": {"type": "Polygon", "coordinates": [[[-94.1875, 48.8167], [-94.1875, 48.8208], [-94.1938, 48.8208], [-94.1938, 48.8167], [-94.1875, 48.8167]]]}, "properties": {"company_id": "new-gold", "jurisdiction": "Ontario", "claim_id": "296983", "claim_name": null, "holder": "(100) NEW GOLD INC.", "status": "Active", "recorded_date": "2018-04-10", "anniversary_or_expiry": "2027-03-03", "area_ha": null, "tenure_type": "Single Cell Mining Claim", "source": "Ontario MLAS operational claims (OGSEarth / LIO MapServer). Unofficial viewing data, not legal title.", "as_of": "2026-09-20", "role": "focus", "color": "#e8b040"}}, {"type": "Feature", "geometry": {"type": "Polygon", "coordinates": [[[-94.125, 48.8583], [-94.125, 48.8625], [-94.1313, 48.8625], [-94.1313, 48.8583], [-94.125, 48.8583]]]}, "properties": {"company_id": "new-gold", "jurisdiction": "Ontario", "claim_id": "296992", "claim_name": null, "holder": "(100) NEW GOLD INC.", "status": "Active", "recorded_date": "2018-04-10", "anniversary_or_expiry": "2028-09-25", "area_ha": null, "tenure_type": "Single Cell Mining Claim", "source": "Ontario MLAS operational claims (OGSEarth / LIO MapServer). Unofficial viewing data, not legal title.", "as_of": "2026-09-20", "role": "focus", "color": "#e8b040"}}, {"type": "Feature", "geometry": {"type": "Polygon", "coordinates": [[[-93.8563, 48.8833], [-93.8563, 48.8875], [-93.8625, 48.8875], [-93.8625, 48.8833], [-93.8563, 48.8833]]]}, "properties": {"company_id": "new-gold", "jurisdiction": "Ontario", "claim_id": "296996", "claim_name": null, "holder": "(100) NEW GOLD INC.", "status": "Active", "recorded_date": "2018-04-10", "anniversary_or_expiry": "2028-04-19", "area_ha": null, "tenure_type": "Single Cell Mining Claim", "source": "Ontario MLAS operational claims (OGSEarth / LIO MapServer). Unofficial viewing data, not legal title.", "as_of": "2026-09-20", "role": "focus", "color": "#e8b040"}}, {"type": "Feature", "geometry": {"type": "Polygon", "coordinates": [[[-94.2625, 48.7875], [-94.2625, 48.7917], [-94.2688, 48.7917], [-94.2688, 48.7875], [-94.2625, 48.7875]]]}, "properties": {"company_id": "new-gold", "jurisdiction": "Ontario", "claim_id": "297585", "claim_name": null, "holder": "(100) NEW GOLD INC.", "status": "Active", "recorded_date": "2018-04-10", "anniversary_or_expiry": "2028-11-22", "area_ha": null, "tenure_type": "Single Cell Mining Claim", "source": "Ontario MLAS operational claims (OGSEarth / LIO MapServer). Unofficial viewing data, not legal title.", "as_of": "2026-09-20", "role": "focus", "color": "#e8b040"}}, {"type": "Feature", "geometry": {"type": "Polygon", "coordinates": [[[-93.9188, 51.0042], [-93.9188, 51.0083], [-93.925, 51.0083], [-93.925, 51.0042], [-93.9188, 51.0042]]]}, "properties": {"company_id": "new-gold", "jurisdiction": "Ontario", "claim_id": "299839", "claim_name": null, "holder": "(24.5) NEW GOLD INC., (24.5) TOMAGOLD CORPORATION CORPORATION TOMAGOLD, (51) Evolution Mining Gold Operations Ltd.", "status": "Active", "recorded_date": "2018-04-10", "anniversary_or_expiry": "2029-10-27", "area_ha": null, "tenure_type": "Single Cell Mining Claim", "source": "Ontario MLAS operational claims (OGSEarth / LIO MapServer). Unofficial viewing data, not legal title.", "as_of": "2026-09-20", "role": "focus", "color": "#e8b040"}}, {"type": "Feature", "geometry": {"type": "Polygon", "coordinates": [[[-94.075, 48.8875], [-94.075, 48.8917], [-94.0813, 48.8917], [-94.0813, 48.8875], [-94.075, 48.8875]]]}, "properties": {"company_id": "new-gold", "jurisdiction": "Ontario", "claim_id": "298203", "claim_name": null, "holder": "(100) NEW GOLD INC.", "status": "Active", "recorded_date": "2018-04-10", "anniversary_or_expiry": "2028-10-15", "area_ha": null, "tenure_type": "Single Cell Mining Claim", "source": "Ontario MLAS operational claims (OGSEarth / LIO MapServer). Unofficial viewing data, not legal title.", "as_of": "2026-09-20", "role": "focus", "color": "#e8b040"}}, {"type": "Feature", "geometry": {"type": "Polygon", "coordinates": [[[-94.075, 48.8792], [-94.075, 48.8833], [-94.0813, 48.8833], [-94.0813, 48.8792], [-94.075, 48.8792]]]}, "properties": {"company_id": "new-gold", "jurisdiction": "Ontario", "claim_id": "298224", "claim_name": null, "holder": "(100) NEW GOLD INC.", "status": "Active", "recorded_date": "2018-04-10", "anniversary_or_expiry": "2028-10-15", "area_ha": null, "tenure_type": "Single Cell Mining Claim", "source": "Ontario MLAS operational claims (OGSEarth / LIO MapServer). Unofficial viewing data, not legal title.", "as_of": "2026-09-20", "role": "focus", "color": "#e8b040"}}, {"type": "Feature", "geometry": {"type": "Polygon", "coordinates": [[[-94.0375, 48.8958], [-94.0375, 48.9], [-94.0438, 48.9], [-94.0438, 48.8958], [-94.0375, 48.8958]]]}, "properties": {"company_id": "new-gold", "jurisdiction": "Ontario", "claim_id": "298930", "claim_name": null, "holder": "(100) NEW GOLD INC.", "status": "Active", "recorded_date": "2018-04-10", "anniversary_or_expiry": "2026-12-19", "area_ha": null, "tenure_type": "Single Cell Mining Claim", "source": "Ontario MLAS operational claims (OGSEarth / LIO MapServer). Unofficial viewing data, not legal title.", "as_of": "2026-09-20", "role": "focus", "color": "#e8b040"}}, {"type": "Feature", "geometry": {"type": "Polygon", "coordinates": [[[-94.1875, 48.8], [-94.1875, 48.8042], [-94.1938, 48.8042], [-94.1938, 48.8], [-94.1875, 48.8]]]}, "properties": {"company_id": "new-gold", "jurisdiction": "Ontario", "claim_id": "298931", "claim_name": null, "holder": "(100) NEW GOLD INC.", "status": "Active", "recorded_date": "2018-04-10", "anniversary_or_expiry": "2028-11-22", "area_ha": null, "tenure_type": "Single Cell Mining Claim", "source": "Ontario MLAS operational claims (OGSEarth / LIO MapServer). Unofficial viewing data, not legal title.", "as_of": "2026-09-20", "role": "focus", "color": "#e8b040"}}, {"type": "Feature", "geometry": {"type": "Polygon", "coordinates": [[[-94.2938, 48.7542], [-94.2938, 48.7583], [-94.3, 48.7583], [-94.3, 48.7542], [-94.2938, 48.7542]]]}, "properties": {"company_id": "new-gold", "jurisdiction": "Ontario", "claim_id": "306216", "claim_name": null, "holder": "(100) NEW GOLD INC.", "status": "Active", "recorded_date": "2018-04-10", "anniversary_or_expiry": "2027-01-26", "area_ha": null, "tenure_type": "Single Cell Mining Claim", "source": "Ontario MLAS operational claims (OGSEarth / LIO MapServer). Unofficial viewing data, not legal title.", "as_of": "2026-09-20", "role": "focus", "color": "#e8b040"}}, {"type": "Feature", "geometry": {"type": "Polygon", "coordinates": [[[-93.8438, 48.9083], [-93.8438, 48.9125], [-93.85, 48.9125], [-93.85, 48.9083], [-93.8438, 48.9083]]]}, "properties": {"company_id": "new-gold", "jurisdiction": "Ontario", "claim_id": "314076", "claim_name": null, "holder": "(100) NEW GOLD INC.", "status": "Active", "recorded_date": "2018-04-10", "anniversary_or_expiry": "2028-06-26", "area_ha": null, "tenure_type": "Single Cell Mining Claim", "source": "Ontario MLAS operational claims (OGSEarth / LIO MapServer). Unofficial viewing data, not legal title.", "as_of": "2026-09-20", "role": "focus", "color": "#e8b040"}}, {"type": "Feature", "geometry": {"type": "Polygon", "coordinates": [[[-93.8438, 48.9042], [-93.8438, 48.9083], [-93.85, 48.9083], [-93.85, 48.9042], [-93.8438, 48.9042]]]}, "properties": {"company_id": "new-gold", "jurisdiction": "Ontario", "claim_id": "314077", "claim_name": null, "holder": "(100) NEW GOLD INC.", "status": "Active", "recorded_date": "2018-04-10", "anniversary_or_expiry": "2028-06-26", "area_ha": null, "tenure_type": "Single Cell Mining Claim", "source": "Ontario MLAS operational claims (OGSEarth / LIO MapServer). Unofficial viewing data, not legal title.", "as_of": "2026-09-20", "role": "focus", "color": "#e8b040"}}, {"type": "Feature", "geometry": {"type": "Polygon", "coordinates": [[[-93.975, 48.9042], [-93.975, 48.9083], [-93.9813, 48.9083], [-93.9813, 48.9042], [-93.975, 48.9042]]]}, "properties": {"company_id": "new-gold", "jurisdiction": "Ontario", "claim_id": "314078", "claim_name": null, "holder": "(100) NEW GOLD INC.", "status": "Active", "recorded_date": "2018-04-10", "anniversary_or_expiry": "2027-03-01", "area_ha": null, "tenure_type": "Single Cell Mining Claim", "source": "Ontario MLAS operational claims (OGSEarth / LIO MapServer). Unofficial viewing data, not legal title.", "as_of": "2026-09-20", "role": "focus", "color": "#e8b040"}}, {"type": "Feature", "geometry": {"type": "Polygon", "coordinates": [[[-94.3063, 48.7792], [-94.3063, 48.7833], [-94.3125, 48.7833], [-94.3125, 48.7792], [-94.3063, 48.7792]]]}, "properties": {"company_id": "new-gold", "jurisdiction": "Ontario", "claim_id": "314099", "claim_name": null, "holder": "(100) NEW GOLD INC.", "status": "Active", "recorded_date": "2018-04-10", "anniversary_or_expiry": "2028-06-13", "area_ha": null, "tenure_type": "Single Cell Mining Claim", "source": "Ontario MLAS operational claims (OGSEarth / LIO MapServer). Unofficial viewing data, not legal title.", "as_of": "2026-09-20", "role": "focus", "color": "#e8b040"}}, {"type": "Feature", "geometry": {"type": "Polygon", "coordinates": [[[-94.3125, 48.7792], [-94.3125, 48.7833], [-94.3188, 48.7833], [-94.3188, 48.7792], [-94.3125, 48.7792]]]}, "properties": {"company_id": "new-gold", "jurisdiction": "Ontario", "claim_id": "314100", "claim_name": null, "holder": "(100) NEW GOLD INC.", "status": "Active", "recorded_date": "2018-04-10", "anniversary_or_expiry": "2027-01-26", "area_ha": null, "tenure_type": "Single Cell Mining Claim", "source": "Ontario MLAS operational claims (OGSEarth / LIO MapServer). Unofficial viewing data, not legal title.", "as_of": "2026-09-20", "role": "focus", "color": "#e8b040"}}, {"type": "Feature", "geometry": {"type": "Polygon", "coordinates": [[[-94.3188, 48.775], [-94.3188, 48.7792], [-94.325, 48.7792], [-94.325, 48.775], [-94.3188, 48.775]]]}, "properties": {"company_id": "new-gold", "jurisdiction": "Ontario", "claim_id": "314101", "claim_name": null, "holder": "(100) NEW GOLD INC.", "status": "Active", "recorded_date": "2018-04-10", "anniversary_or_expiry": "2027-01-26", "area_ha": null, "tenure_type": "Single Cell Mining Claim", "source": "Ontario MLAS operational claims (OGSEarth / LIO MapServer). Unofficial viewing data, not legal title.", "as_of": "2026-09-20", "role": "focus", "color": "#e8b040"}}, {"type": "Feature", "geometry": {"type": "Polygon", "coordinates": [[[-93.8563, 48.9125], [-93.8563, 48.9167], [-93.8625, 48.9167], [-93.8625, 48.9125], [-93.8563, 48.9125]]]}, "properties": {"company_id": "new-gold", "jurisdiction": "Ontario", "claim_id": "314106", "claim_name": null, "holder": "(100) NEW GOLD INC.", "status": "Active", "recorded_date": "2018-04-10", "anniversary_or_expiry": "2027-03-01", "area_ha": null, "tenure_type": "Single Cell Mining Claim", "source": "Ontario MLAS operational claims (OGSEarth / LIO MapServer). Unofficial viewing data, not legal title.", "as_of": "2026-09-20", "role": "focus", "color": "#e8b040"}}, {"type": "Feature", "geometry": {"type": "Polygon", "coordinates": [[[-93.8375, 48.8958], [-93.8375, 48.9], [-93.8438, 48.9], [-93.8438, 48.8958], [-93.8375, 48.8958]]]}, "properties": {"company_id": "new-gold", "jurisdiction": "Ontario", "claim_id": "312710", "claim_name": null, "holder": "(100) NEW GOLD INC.", "status": "Active", "recorded_date": "2018-04-10", "anniversary_or_expiry": "2028-05-16", "area_ha": null, "tenure_type": "Boundary Cell Mining Claim", "source": "Ontario MLAS operational claims (OGSEarth / LIO MapServer). Unofficial viewing data, not legal title.", "as_of": "2026-09-20", "role": "focus", "color": "#e8b040"}}, {"type": "Feature", "geometry": {"type": "Polygon", "coordinates": [[[-94.1188, 48.8333], [-94.1188, 48.8375], [-94.125, 48.8375], [-94.125, 48.8333], [-94.1188, 48.8333]]]}, "properties": {"company_id": "new-gold", "jurisdiction": "Ontario", "claim_id": "312743", "claim_name": null, "holder": "(100) NEW GOLD INC.", "status": "Active", "recorded_date": "2018-04-10", "anniversary_or_expiry": "2028-11-27", "area_ha": null, "tenure_type": "Single Cell Mining Claim", "source": "Ontario MLAS operational claims (OGSEarth / LIO MapServer). Unofficial viewing data, not legal title.", "as_of": "2026-09-20", "role": "focus", "color": "#e8b040"}}, {"type": "Feature", "geometry": {"type": "Polygon", "coordinates": [[[-94.1063, 48.825], [-94.1063, 48.8292], [-94.1125, 48.8292], [-94.1125, 48.825], [-94.1063, 48.825]]]}, "properties": {"company_id": "new-gold", "jurisdiction": "Ontario", "claim_id": "312744", "claim_name": null, "holder": "(100) NEW GOLD INC.", "status": "Active", "recorded_date": "2018-04-10", "anniversary_or_expiry": "2028-11-27", "area_ha": null, "tenure_type": "Single Cell Mining Claim", "source": "Ontario MLAS operational claims (OGSEarth / LIO MapServer). Unofficial viewing data, not legal title.", "as_of": "2026-09-20", "role": "focus", "color": "#e8b040"}}, {"type": "Feature", "geometry": {"type": "Polygon", "coordinates": [[[-94.25, 48.7875], [-94.25, 48.7917], [-94.2563, 48.7917], [-94.2563, 48.7875], [-94.25, 48.7875]]]}, "properties": {"company_id": "new-gold", "jurisdiction": "Ontario", "claim_id": "312747", "claim_name": null, "holder": "(100) NEW GOLD INC.", "status": "Active", "recorded_date": "2018-04-10", "anniversary_or_expiry": "2028-11-22", "area_ha": null, "tenure_type": "Single Cell Mining Claim", "source": "Ontario MLAS operational claims (OGSEarth / LIO MapServer). Unofficial viewing data, not legal title.", "as_of": "2026-09-20", "role": "focus", "color": "#e8b040"}}, {"type": "Feature", "geometry": {"type": "Polygon", "coordinates": [[[-94.1125, 48.8542], [-94.1125, 48.8583], [-94.1188, 48.8583], [-94.1188, 48.8542], [-94.1125, 48.8542]]]}, "properties": {"company_id": "new-gold", "jurisdiction": "Ontario", "claim_id": "312755", "claim_name": null, "holder": "(100) NEW GOLD INC.", "status": "Active", "recorded_date": "2018-04-10", "anniversary_or_expiry": "2028-09-25", "area_ha": null, "tenure_type": "Single Cell Mining Claim", "source": "Ontario MLAS operational claims (OGSEarth / LIO MapServer). Unofficial viewing data, not legal title.", "as_of": "2026-09-20", "role": "focus", "color": "#e8b040"}}, {"type": "Feature", "geometry": {"type": "Polygon", "coordinates": [[[-94.1188, 48.8542], [-94.1188, 48.8583], [-94.125, 48.8583], [-94.125, 48.8542], [-94.1188, 48.8542]]]}, "properties": {"company_id": "new-gold", "jurisdiction": "Ontario", "claim_id": "312756", "claim_name": null, "holder": "(100) NEW GOLD INC.", "status": "Active", "recorded_date": "2018-04-10", "anniversary_or_expiry": "2028-09-25", "area_ha": null, "tenure_type": "Single Cell Mining Claim", "source": "Ontario MLAS operational claims (OGSEarth / LIO MapServer). Unofficial viewing data, not legal title.", "as_of": "2026-09-20", "role": "focus", "color": "#e8b040"}}, {"type": "Feature", "geometry": {"type": "Polygon", "coordinates": [[[-93.8625, 48.875], [-93.8625, 48.8792], [-93.8688, 48.8792], [-93.8688, 48.875], [-93.8625, 48.875]]]}, "properties": {"company_id": "new-gold", "jurisdiction": "Ontario", "claim_id": "312759", "claim_name": null, "holder": "(100) NEW GOLD INC.", "status": "Active", "recorded_date": "2018-04-10", "anniversary_or_expiry": "2028-04-19", "area_ha": null, "tenure_type": "Single Cell Mining Claim", "source": "Ontario MLAS operational claims (OGSEarth / LIO MapServer). Unofficial viewing data, not legal title.", "as_of": "2026-09-20", "role": "focus", "color": "#e8b040"}}, {"type": "Feature", "geometry": {"type": "Polygon", "coordinates": [[[-93.825, 48.8625], [-93.825, 48.8667], [-93.8313, 48.8667], [-93.8313, 48.8625], [-93.825, 48.8625]]]}, "properties": {"company_id": "new-gold", "jurisdiction": "Ontario", "claim_id": "312775", "claim_name": null, "holder": "(100) NEW GOLD INC.", "status": "Active", "recorded_date": "2018-04-10", "anniversary_or_expiry": "2028-06-30", "area_ha": null, "tenure_type": "Single Cell Mining Claim", "source": "Ontario MLAS operational claims (OGSEarth / LIO MapServer). Unofficial viewing data, not legal title.", "as_of": "2026-09-20", "role": "focus", "color": "#e8b040"}}, {"type": "Feature", "geometry": {"type": "Polygon", "coordinates": [[[-94.2, 48.8125], [-94.2, 48.8167], [-94.2063, 48.8167], [-94.2063, 48.8125], [-94.2, 48.8125]]]}, "properties": {"company_id": "new-gold", "jurisdiction": "Ontario", "claim_id": "313383", "claim_name": null, "holder": "(100) NEW GOLD INC.", "status": "Active", "recorded_date": "2018-04-10", "anniversary_or_expiry": "2027-03-03", "area_ha": null, "tenure_type": "Single Cell Mining Claim", "source": "Ontario MLAS operational claims (OGSEarth / LIO MapServer). Unofficial viewing data, not legal title.", "as_of": "2026-09-20", "role": "focus", "color": "#e8b040"}}, {"type": "Feature", "geometry": {"type": "Polygon", "coordinates": [[[-93.975, 48.8917], [-93.975, 48.8958], [-93.9813, 48.8958], [-93.9813, 48.8917], [-93.975, 48.8917]]]}, "properties": {"company_id": "new-gold", "jurisdiction": "Ontario", "claim_id": "314657", "claim_name": null, "holder": "(100) NEW GOLD INC.", "status": "Active", "recorded_date": "2018-04-10", "anniversary_or_expiry": "2026-12-19", "area_ha": null, "tenure_type": "Single Cell Mining Claim", "source": "Ontario MLAS operational claims (OGSEarth / LIO MapServer). Unofficial viewing data, not legal title.", "as_of": "2026-09-20", "role": "focus", "color": "#e8b040"}}, {"type": "Feature", "geometry": {"type": "Polygon", "coordinates": [[[-93.975, 48.8875], [-93.975, 48.8917], [-93.9813, 48.8917], [-93.9813, 48.8875], [-93.975, 48.8875]]]}, "properties": {"company_id": "new-gold", "jurisdiction": "Ontario", "claim_id": "314674", "claim_name": null, "holder": "(100) NEW GOLD INC.", "status": "Active", "recorded_date": "2018-04-10", "anniversary_or_expiry": "2026-12-19", "area_ha": null, "tenure_type": "Single Cell Mining Claim", "source": "Ontario MLAS operational claims (OGSEarth / LIO MapServer). Unofficial viewing data, not legal title.", "as_of": "2026-09-20", "role": "focus", "color": "#e8b040"}}, {"type": "Feature", "geometry": {"type": "Polygon", "coordinates": [[[-94.2625, 48.7958], [-94.2625, 48.8], [-94.2688, 48.8], [-94.2688, 48.7958], [-94.2625, 48.7958]]]}, "properties": {"company_id": "new-gold", "jurisdiction": "Ontario", "claim_id": "314675", "claim_name": null, "holder": "(100) NEW GOLD INC.", "status": "Active", "recorded_date": "2018-04-10", "anniversary_or_expiry": "2026-12-02", "area_ha": null, "tenure_type": "Single Cell Mining Claim", "source": "Ontario MLAS operational claims (OGSEarth / LIO MapServer). Unofficial viewing data, not legal title.", "as_of": "2026-09-20", "role": "focus", "color": "#e8b040"}}, {"type": "Feature", "geometry": {"type": "Polygon", "coordinates": [[[-94.1375, 48.8208], [-94.1375, 48.825], [-94.1438, 48.825], [-94.1438, 48.8208], [-94.1375, 48.8208]]]}, "properties": {"company_id": "new-gold", "jurisdiction": "Ontario", "claim_id": "314676", "claim_name": null, "holder": "(100) NEW GOLD INC.", "status": "Active", "recorded_date": "2018-04-10", "anniversary_or_expiry": "2028-11-22", "area_ha": null, "tenure_type": "Single Cell Mining Claim", "source": "Ontario MLAS operational claims (OGSEarth / LIO MapServer). Unofficial viewing data, not legal title.", "as_of": "2026-09-20", "role": "focus", "color": "#e8b040"}}, {"type": "Feature", "geometry": {"type": "Polygon", "coordinates": [[[-94.15, 48.8208], [-94.15, 48.825], [-94.1563, 48.825], [-94.1563, 48.8208], [-94.15, 48.8208]]]}, "properties": {"company_id": "new-gold", "jurisdiction": "Ontario", "claim_id": "314677", "claim_name": null, "holder": "(100) NEW GOLD INC.", "status": "Active", "recorded_date": "2018-04-10", "anniversary_or_expiry": "2028-11-22", "area_ha": null, "tenure_type": "Single Cell Mining Claim", "source": "Ontario MLAS operational claims (OGSEarth / LIO MapServer). Unofficial viewing data, not legal title.", "as_of": "2026-09-20", "role": "focus", "color": "#e8b040"}}, {"type": "Feature", "geometry": {"type": "Polygon", "coordinates": [[[-93.9438, 48.8708], [-93.9438, 48.875], [-93.95, 48.875], [-93.95, 48.8708], [-93.9438, 48.8708]]]}, "properties": {"company_id": "new-gold", "jurisdiction": "Ontario", "claim_id": "314682", "claim_name": null, "holder": "(100) NEW GOLD INC.", "status": "Active", "recorded_date": "2018-04-10", "anniversary_or_expiry": "2028-05-06", "area_ha": null, "tenure_type": "Single Cell Mining Claim", "source": "Ontario MLAS operational claims (OGSEarth / LIO MapServer). Unofficial viewing data, not legal title.", "as_of": "2026-09-20", "role": "focus", "color": "#e8b040"}}, {"type": "Feature", "geometry": {"type": "Polygon", "coordinates": [[[-93.925, 48.8667], [-93.925, 48.8708], [-93.9313, 48.8708], [-93.9313, 48.8667], [-93.925, 48.8667]]]}, "properties": {"company_id": "new-gold", "jurisdiction": "Ontario", "claim_id": "314683", "claim_name": null, "holder": "(100) NEW GOLD INC.", "status": "Active", "recorded_date": "2018-04-10", "anniversary_or_expiry": "2028-05-06", "area_ha": null, "tenure_type": "Single Cell Mining Claim", "source": "Ontario MLAS operational claims (OGSEarth / LIO MapServer). Unofficial viewing data, not legal title.", "as_of": "2026-09-20", "role": "focus", "color": "#e8b040"}}, {"type": "Feature", "geometry": {"type": "Polygon", "coordinates": [[[-94.075, 48.8958], [-94.075, 48.9], [-94.0813, 48.9], [-94.0813, 48.8958], [-94.075, 48.8958]]]}, "properties": {"company_id": "new-gold", "jurisdiction": "Ontario", "claim_id": "314797", "claim_name": null, "holder": "(100) NEW GOLD INC.", "status": "Active", "recorded_date": "2018-04-10", "anniversary_or_expiry": "2028-10-15", "area_ha": null, "tenure_type": "Single Cell Mining Claim", "source": "Ontario MLAS operational claims (OGSEarth / LIO MapServer). Unofficial viewing data, not legal title.", "as_of": "2026-09-20", "role": "focus", "color": "#e8b040"}}, {"type": "Feature", "geometry": {"type": "Polygon", "coordinates": [[[-94.0813, 48.8958], [-94.0813, 48.9], [-94.0875, 48.9], [-94.0875, 48.8958], [-94.0813, 48.8958]]]}, "properties": {"company_id": "new-gold", "jurisdiction": "Ontario", "claim_id": "314798", "claim_name": null, "holder": "(100) NEW GOLD INC.", "status": "Active", "recorded_date": "2018-04-10", "anniversary_or_expiry": "2028-10-15", "area_ha": null, "tenure_type": "Single Cell Mining Claim", "source": "Ontario MLAS operational claims (OGSEarth / LIO MapServer). Unofficial viewing data, not legal title.", "as_of": "2026-09-20", "role": "focus", "color": "#e8b040"}}, {"type": "Feature", "geometry": {"type": "Polygon", "coordinates": [[[-94.0875, 48.8958], [-94.0875, 48.9], [-94.0938, 48.9], [-94.0938, 48.8958], [-94.0875, 48.8958]]]}, "properties": {"company_id": "new-gold", "jurisdiction": "Ontario", "claim_id": "314799", "claim_name": null, "holder": "(100) NEW GOLD INC.", "status": "Active", "recorded_date": "2018-04-10", "anniversary_or_expiry": "2028-10-15", "area_ha": null, "tenure_type": "Single Cell Mining Claim", "source": "Ontario MLAS operational claims (OGSEarth / LIO MapServer). Unofficial viewing data, not legal title.", "as_of": "2026-09-20", "role": "focus", "color": "#e8b040"}}, {"type": "Feature", "geometry": {"type": "Polygon", "coordinates": [[[-94.3125, 48.7583], [-94.3125, 48.7625], [-94.3188, 48.7625], [-94.3188, 48.7583], [-94.3125, 48.7583]]]}, "properties": {"company_id": "new-gold", "jurisdiction": "Ontario", "claim_id": "320899", "claim_name": null, "holder": "(100) NEW GOLD INC.", "status": "Active", "recorded_date": "2018-04-10", "anniversary_or_expiry": "2027-01-26", "area_ha": null, "tenure_type": "Single Cell Mining Claim", "source": "Ontario MLAS operational claims (OGSEarth / LIO MapServer). Unofficial viewing data, not legal title.", "as_of": "2026-09-20", "role": "focus", "color": "#e8b040"}}, {"type": "Feature", "geometry": {"type": "Polygon", "coordinates": [[[-94.1375, 48.8375], [-94.1375, 48.8417], [-94.1438, 48.8417], [-94.1438, 48.8375], [-94.1375, 48.8375]]]}, "properties": {"company_id": "new-gold", "jurisdiction": "Ontario", "claim_id": "320908", "claim_name": null, "holder": "(100) NEW GOLD INC.", "status": "Active", "recorded_date": "2018-04-10", "anniversary_or_expiry": "2028-11-22", "area_ha": null, "tenure_type": "Single Cell Mining Claim", "source": "Ontario MLAS operational claims (OGSEarth / LIO MapServer). Unofficial viewing data, not legal title.", "as_of": "2026-09-20", "role": "focus", "color": "#e8b040"}}, {"type": "Feature", "geometry": {"type": "Polygon", "coordinates": [[[-93.8375, 48.8792], [-93.8375, 48.8833], [-93.8438, 48.8833], [-93.8438, 48.8792], [-93.8375, 48.8792]]]}, "properties": {"company_id": "new-gold", "jurisdiction": "Ontario", "claim_id": "320943", "claim_name": null, "holder": "(100) NEW GOLD INC.", "status": "Active", "recorded_date": "2018-04-10", "anniversary_or_expiry": "2028-05-04", "area_ha": null, "tenure_type": "Single Cell Mining Claim", "source": "Ontario MLAS operational claims (OGSEarth / LIO MapServer). Unofficial viewing data, not legal title.", "as_of": "2026-09-20", "role": "focus", "color": "#e8b040"}}, {"type": "Feature", "geometry": {"type": "Polygon", "coordinates": [[[-93.8063, 48.9333], [-93.8063, 48.9375], [-93.8125, 48.9375], [-93.8125, 48.9333], [-93.8063, 48.9333]]]}, "properties": {"company_id": "new-gold", "jurisdiction": "Ontario", "claim_id": "321009", "claim_name": null, "holder": "(100) NEW GOLD INC.", "status": "Active", "recorded_date": "2018-04-10", "anniversary_or_expiry": "2027-02-13", "area_ha": null, "tenure_type": "Single Cell Mining Claim", "source": "Ontario MLAS operational claims (OGSEarth / LIO MapServer). Unofficial viewing data, not legal title.", "as_of": "2026-09-20", "role": "focus", "color": "#e8b040"}}, {"type": "Feature", "geometry": {"type": "Polygon", "coordinates": [[[-93.7188, 49.0042], [-93.7188, 49.0083], [-93.725, 49.0083], [-93.725, 49.0042], [-93.7188, 49.0042]]]}, "properties": {"company_id": "new-gold", "jurisdiction": "Ontario", "claim_id": "321680", "claim_name": null, "holder": "(100) NEW GOLD INC.", "status": "Active", "recorded_date": "2018-04-10", "anniversary_or_expiry": "2028-07-11", "area_ha": null, "tenure_type": "Single Cell Mining Claim", "source": "Ontario MLAS operational claims (OGSEarth / LIO MapServer). Unofficial viewing data, not legal title.", "as_of": "2026-09-20", "role": "focus", "color": "#e8b040"}}, {"type": "Feature", "geometry": {"type": "Polygon", "coordinates": [[[-93.7875, 48.9583], [-93.7875, 48.9625], [-93.7938, 48.9625], [-93.7938, 48.9583], [-93.7875, 48.9583]]]}, "properties": {"company_id": "new-gold", "jurisdiction": "Ontario", "claim_id": "322254", "claim_name": null, "holder": "(100) NEW GOLD INC.", "status": "Active", "recorded_date": "2018-04-10", "anniversary_or_expiry": "2028-06-02", "area_ha": null, "tenure_type": "Single Cell Mining Claim", "source": "Ontario MLAS operational claims (OGSEarth / LIO MapServer). Unofficial viewing data, not legal title.", "as_of": "2026-09-20", "role": "focus", "color": "#e8b040"}}, {"type": "Feature", "geometry": {"type": "Polygon", "coordinates": [[[-93.8063, 48.9583], [-93.8063, 48.9625], [-93.8125, 48.9625], [-93.8125, 48.9583], [-93.8063, 48.9583]]]}, "properties": {"company_id": "new-gold", "jurisdiction": "Ontario", "claim_id": "322255", "claim_name": null, "holder": "(100) NEW GOLD INC.", "status": "Active", "recorded_date": "2018-04-10", "anniversary_or_expiry": "2028-06-02", "area_ha": null, "tenure_type": "Single Cell Mining Claim", "source": "Ontario MLAS operational claims (OGSEarth / LIO MapServer). Unofficial viewing data, not legal title.", "as_of": "2026-09-20", "role": "focus", "color": "#e8b040"}}, {"type": "Feature", "geometry": {"type": "Polygon", "coordinates": [[[-93.8, 48.9542], [-93.8, 48.9583], [-93.8063, 48.9583], [-93.8063, 48.9542], [-93.8, 48.9542]]]}, "properties": {"company_id": "new-gold", "jurisdiction": "Ontario", "claim_id": "322256", "claim_name": null, "holder": "(100) NEW GOLD INC.", "status": "Active", "recorded_date": "2018-04-10", "anniversary_or_expiry": "2028-06-02", "area_ha": null, "tenure_type": "Single Cell Mining Claim", "source": "Ontario MLAS operational claims (OGSEarth / LIO MapServer). Unofficial viewing data, not legal title.", "as_of": "2026-09-20", "role": "focus", "color": "#e8b040"}}, {"type": "Feature", "geometry": {"type": "Polygon", "coordinates": [[[-93.8563, 48.9833], [-93.8563, 48.9875], [-93.8625, 48.9875], [-93.8625, 48.9833], [-93.8563, 48.9833]]]}, "properties": {"company_id": "new-gold", "jurisdiction": "Ontario", "claim_id": "321704", "claim_name": null, "holder": "(100) NEW GOLD INC.", "status": "Active", "recorded_date": "2018-04-10", "anniversary_or_expiry": "2028-05-08", "area_ha": null, "tenure_type": "Single Cell Mining Claim", "source": "Ontario MLAS operational claims (OGSEarth / LIO MapServer). Unofficial viewing data, not legal title.", "as_of": "2026-09-20", "role": "focus", "color": "#e8b040"}}, {"type": "Feature", "geometry": {"type": "Polygon", "coordinates": [[[-93.8375, 48.9875], [-93.8375, 48.9917], [-93.8438, 48.9917], [-93.8438, 48.9875], [-93.8375, 48.9875]]]}, "properties": {"company_id": "new-gold", "jurisdiction": "Ontario", "claim_id": "322309", "claim_name": null, "holder": "(100) NEW GOLD INC.", "status": "Active", "recorded_date": "2018-04-10", "anniversary_or_expiry": "2028-05-08", "area_ha": null, "tenure_type": "Single Cell Mining Claim", "source": "Ontario MLAS operational claims (OGSEarth / LIO MapServer). Unofficial viewing data, not legal title.", "as_of": "2026-09-20", "role": "focus", "color": "#e8b040"}}, {"type": "Feature", "geometry": {"type": "Polygon", "coordinates": [[[-93.7438, 48.9917], [-93.7438, 48.9958], [-93.75, 48.9958], [-93.75, 48.9917], [-93.7438, 48.9917]]]}, "properties": {"company_id": "new-gold", "jurisdiction": "Ontario", "claim_id": "322310", "claim_name": null, "holder": "(100) NEW GOLD INC.", "status": "Active", "recorded_date": "2018-04-10", "anniversary_or_expiry": "2028-07-11", "area_ha": null, "tenure_type": "Single Cell Mining Claim", "source": "Ontario MLAS operational claims (OGSEarth / LIO MapServer). Unofficial viewing data, not legal title.", "as_of": "2026-09-20", "role": "focus", "color": "#e8b040"}}, {"type": "Feature", "geometry": {"type": "Polygon", "coordinates": [[[-94.2625, 48.8], [-94.2625, 48.8042], [-94.2688, 48.8042], [-94.2688, 48.8], [-94.2625, 48.8]]]}, "properties": {"company_id": "new-gold", "jurisdiction": "Ontario", "claim_id": "322915", "claim_name": null, "holder": "(100) NEW GOLD INC.", "status": "Active", "recorded_date": "2018-04-10", "anniversary_or_expiry": "2026-12-02", "area_ha": null, "tenure_type": "Single Cell Mining Claim", "source": "Ontario MLAS operational claims (OGSEarth / LIO MapServer). Unofficial viewing data, not legal title.", "as_of": "2026-09-20", "role": "focus", "color": "#e8b040"}}, {"type": "Feature", "geometry": {"type": "Polygon", "coordinates": [[[-93.7875, 48.9875], [-93.7875, 48.9917], [-93.7938, 48.9917], [-93.7938, 48.9875], [-93.7875, 48.9875]]]}, "properties": {"company_id": "new-gold", "jurisdiction": "Ontario", "claim_id": "322973", "claim_name": null, "holder": "(100) NEW GOLD INC.", "status": "Active", "recorded_date": "2018-04-10", "anniversary_or_expiry": "2028-05-25", "area_ha": null, "tenure_type": "Single Cell Mining Claim", "source": "Ontario MLAS operational claims (OGSEarth / LIO MapServer). Unofficial viewing data, not legal title.", "as_of": "2026-09-20", "role": "focus", "color": "#e8b040"}}, {"type": "Feature", "geometry": {"type": "Polygon", "coordinates": [[[-93.775, 48.9833], [-93.775, 48.9875], [-93.7813, 48.9875], [-93.7813, 48.9833], [-93.775, 48.9833]]]}, "properties": {"company_id": "new-gold", "jurisdiction": "Ontario", "claim_id": "322974", "claim_name": null, "holder": "(100) NEW GOLD INC.", "status": "Active", "recorded_date": "2018-04-10", "anniversary_or_expiry": "2028-05-25", "area_ha": null, "tenure_type": "Single Cell Mining Claim", "source": "Ontario MLAS operational claims (OGSEarth / LIO MapServer). Unofficial viewing data, not legal title.", "as_of": "2026-09-20", "role": "focus", "color": "#e8b040"}}, {"type": "Feature", "geometry": {"type": "Polygon", "coordinates": [[[-93.8188, 48.8875], [-93.8188, 48.8917], [-93.825, 48.8917], [-93.825, 48.8875], [-93.8188, 48.8875]]]}, "properties": {"company_id": "new-gold", "jurisdiction": "Ontario", "claim_id": "322396", "claim_name": null, "holder": "(100) NEW GOLD INC.", "status": "Active", "recorded_date": "2018-04-10", "anniversary_or_expiry": "2028-05-04", "area_ha": null, "tenure_type": "Boundary Cell Mining Claim", "source": "Ontario MLAS operational claims (OGSEarth / LIO MapServer). Unofficial viewing data, not legal title.", "as_of": "2026-09-20", "role": "focus", "color": "#e8b040"}}, {"type": "Feature", "geometry": {"type": "Polygon", "coordinates": [[[-93.8875, 48.9875], [-93.8875, 48.9917], [-93.8938, 48.9917], [-93.8938, 48.9875], [-93.8875, 48.9875]]]}, "properties": {"company_id": "new-gold", "jurisdiction": "Ontario", "claim_id": "323074", "claim_name": null, "holder": "(100) NEW GOLD INC.", "status": "Active", "recorded_date": "2018-04-10", "anniversary_or_expiry": "2028-08-04", "area_ha": null, "tenure_type": "Boundary Cell Mining Claim", "source": "Ontario MLAS operational claims (OGSEarth / LIO MapServer). Unofficial viewing data, not legal title.", "as_of": "2026-09-20", "role": "focus", "color": "#e8b040"}}, {"type": "Feature", "geometry": {"type": "Polygon", "coordinates": [[[-94.0625, 48.8208], [-94.0625, 48.825], [-94.0688, 48.825], [-94.0688, 48.8208], [-94.0625, 48.8208]]]}, "properties": {"company_id": "new-gold", "jurisdiction": "Ontario", "claim_id": "323478", "claim_name": null, "holder": "(100) NEW GOLD INC.", "status": "Active", "recorded_date": "2018-04-10", "anniversary_or_expiry": "2028-10-27", "area_ha": null, "tenure_type": "Single Cell Mining Claim", "source": "Ontario MLAS operational claims (OGSEarth / LIO MapServer). Unofficial viewing data, not legal title.", "as_of": "2026-09-20", "role": "focus", "color": "#e8b040"}}, {"type": "Feature", "geometry": {"type": "Polygon", "coordinates": [[[-94.0625, 48.8167], [-94.0625, 48.8208], [-94.0688, 48.8208], [-94.0688, 48.8167], [-94.0625, 48.8167]]]}, "properties": {"company_id": "new-gold", "jurisdiction": "Ontario", "claim_id": "323479", "claim_name": null, "holder": "(100) NEW GOLD INC.", "status": "Active", "recorded_date": "2018-04-10", "anniversary_or_expiry": "2028-10-27", "area_ha": null, "tenure_type": "Single Cell Mining Claim", "source": "Ontario MLAS operational claims (OGSEarth / LIO MapServer). Unofficial viewing data, not legal title.", "as_of": "2026-09-20", "role": "focus", "color": "#e8b040"}}, {"type": "Feature", "geometry": {"type": "Polygon", "coordinates": [[[-94.2938, 48.8042], [-94.2938, 48.8083], [-94.3, 48.8083], [-94.3, 48.8042], [-94.2938, 48.8042]]]}, "properties": {"company_id": "new-gold", "jurisdiction": "Ontario", "claim_id": "323538", "claim_name": null, "holder": "(100) NEW GOLD INC.", "status": "Active", "recorded_date": "2018-04-10", "anniversary_or_expiry": "2026-12-02", "area_ha": null, "tenure_type": "Single Cell Mining Claim", "source": "Ontario MLAS operational claims (OGSEarth / LIO MapServer). Unofficial viewing data, not legal title.", "as_of": "2026-09-20", "role": "focus", "color": "#e8b040"}}, {"type": "Feature", "geometry": {"type": "Polygon", "coordinates": [[[-93.7688, 48.9917], [-93.7688, 48.9958], [-93.775, 48.9958], [-93.775, 48.9917], [-93.7688, 48.9917]]]}, "properties": {"company_id": "new-gold", "jurisdiction": "Ontario", "claim_id": "323602", "claim_name": null, "holder": "(100) NEW GOLD INC.", "status": "Active", "recorded_date": "2018-04-10", "anniversary_or_expiry": "2028-05-25", "area_ha": null, "tenure_type": "Single Cell Mining Claim", "source": "Ontario MLAS operational claims (OGSEarth / LIO MapServer). Unofficial viewing data, not legal title.", "as_of": "2026-09-20", "role": "focus", "color": "#e8b040"}}, {"type": "Feature", "geometry": {"type": "Polygon", "coordinates": [[[-93.8188, 48.95], [-93.8188, 48.9542], [-93.825, 48.9542], [-93.825, 48.95], [-93.8188, 48.95]]]}, "properties": {"company_id": "new-gold", "jurisdiction": "Ontario", "claim_id": "323643", "claim_name": null, "holder": "(100) NEW GOLD INC.", "status": "Active", "recorded_date": "2018-04-10", "anniversary_or_expiry": "2028-06-02", "area_ha": null, "tenure_type": "Boundary Cell Mining Claim", "source": "Ontario MLAS operational claims (OGSEarth / LIO MapServer). Unofficial viewing data, not legal title.", "as_of": "2026-09-20", "role": "focus", "color": "#e8b040"}}, {"type": "Feature", "geometry": {"type": "Polygon", "coordinates": [[[-93.7438, 49.0], [-93.7438, 49.0042], [-93.75, 49.0042], [-93.75, 49.0], [-93.7438, 49.0]]]}, "properties": {"company_id": "new-gold", "jurisdiction": "Ontario", "claim_id": "323644", "claim_name": null, "holder": "(100) NEW GOLD INC.", "status": "Active", "recorded_date": "2018-04-10", "anniversary_or_expiry": "2028-07-11", "area_ha": null, "tenure_type": "Single Cell Mining Claim", "source": "Ontario MLAS operational claims (OGSEarth / LIO MapServer). Unofficial viewing data, not legal title.", "as_of": "2026-09-20", "role": "focus", "color": "#e8b040"}}, {"type": "Feature", "geometry": {"type": "Polygon", "coordinates": [[[-94.2375, 48.8125], [-94.2375, 48.8167], [-94.2438, 48.8167], [-94.2438, 48.8125], [-94.2375, 48.8125]]]}, "properties": {"company_id": "new-gold", "jurisdiction": "Ontario", "claim_id": "326138", "claim_name": null, "holder": "(100) NEW GOLD INC.", "status": "Active", "recorded_date": "2018-04-10", "anniversary_or_expiry": "2028-11-22", "area_ha": null, "tenure_type": "Single Cell Mining Claim", "source": "Ontario MLAS operational claims (OGSEarth / LIO MapServer). Unofficial viewing data, not legal title.", "as_of": "2026-09-20", "role": "focus", "color": "#e8b040"}}, {"type": "Feature", "geometry": {"type": "Polygon", "coordinates": [[[-94.2375, 48.8], [-94.2375, 48.8042], [-94.2438, 48.8042], [-94.2438, 48.8], [-94.2375, 48.8]]]}, "properties": {"company_id": "new-gold", "jurisdiction": "Ontario", "claim_id": "326139", "claim_name": null, "holder": "(100) NEW GOLD INC.", "status": "Active", "recorded_date": "2018-04-10", "anniversary_or_expiry": "2028-11-22", "area_ha": null, "tenure_type": "Single Cell Mining Claim", "source": "Ontario MLAS operational claims (OGSEarth / LIO MapServer). Unofficial viewing data, not legal title.", "as_of": "2026-09-20", "role": "focus", "color": "#e8b040"}}, {"type": "Feature", "geometry": {"type": "Polygon", "coordinates": [[[-94.325, 48.7792], [-94.325, 48.7833], [-94.3313, 48.7833], [-94.3313, 48.7792], [-94.325, 48.7792]]]}, "properties": {"company_id": "new-gold", "jurisdiction": "Ontario", "claim_id": "326142", "claim_name": null, "holder": "(100) NEW GOLD INC.", "status": "Active", "recorded_date": "2018-04-10", "anniversary_or_expiry": "2027-01-26", "area_ha": null, "tenure_type": "Single Cell Mining Claim", "source": "Ontario MLAS operational claims (OGSEarth / LIO MapServer). Unofficial viewing data, not legal title.", "as_of": "2026-09-20", "role": "focus", "color": "#e8b040"}}, {"type": "Feature", "geometry": {"type": "Polygon", "coordinates": [[[-94.1, 48.8333], [-94.1, 48.8375], [-94.1063, 48.8375], [-94.1063, 48.8333], [-94.1, 48.8333]]]}, "properties": {"company_id": "new-gold", "jurisdiction": "Ontario", "claim_id": "326764", "claim_name": null, "holder": "(100) NEW GOLD INC.", "status": "Active", "recorded_date": "2018-04-10", "anniversary_or_expiry": "2028-11-27", "area_ha": null, "tenure_type": "Single Cell Mining Claim", "source": "Ontario MLAS operational claims (OGSEarth / LIO MapServer). Unofficial viewing data, not legal title.", "as_of": "2026-09-20", "role": "focus", "color": "#e8b040"}}, {"type": "Feature", "geometry": {"type": "Polygon", "coordinates": [[[-94.2438, 48.7875], [-94.2438, 48.7917], [-94.25, 48.7917], [-94.25, 48.7875], [-94.2438, 48.7875]]]}, "properties": {"company_id": "new-gold", "jurisdiction": "Ontario", "claim_id": "326767", "claim_name": null, "holder": "(100) NEW GOLD INC.", "status": "Active", "recorded_date": "2018-04-10", "anniversary_or_expiry": "2028-11-22", "area_ha": null, "tenure_type": "Single Cell Mining Claim", "source": "Ontario MLAS operational claims (OGSEarth / LIO MapServer). Unofficial viewing data, not legal title.", "as_of": "2026-09-20", "role": "focus", "color": "#e8b040"}}, {"type": "Feature", "geometry": {"type": "Polygon", "coordinates": [[[-94.2438, 48.7833], [-94.2438, 48.7875], [-94.25, 48.7875], [-94.25, 48.7833], [-94.2438, 48.7833]]]}, "properties": {"company_id": "new-gold", "jurisdiction": "Ontario", "claim_id": "326768", "claim_name": null, "holder": "(100) NEW GOLD INC.", "status": "Active", "recorded_date": "2018-04-10", "anniversary_or_expiry": "2028-11-22", "area_ha": null, "tenure_type": "Single Cell Mining Claim", "source": "Ontario MLAS operational claims (OGSEarth / LIO MapServer). Unofficial viewing data, not legal title.", "as_of": "2026-09-20", "role": "focus", "color": "#e8b040"}}, {"type": "Feature", "geometry": {"type": "Polygon", "coordinates": [[[-94.1125, 48.8583], [-94.1125, 48.8625], [-94.1188, 48.8625], [-94.1188, 48.8583], [-94.1125, 48.8583]]]}, "properties": {"company_id": "new-gold", "jurisdiction": "Ontario", "claim_id": "326783", "claim_name": null, "holder": "(100) NEW GOLD INC.", "status": "Active", "recorded_date": "2018-04-10", "anniversary_or_expiry": "2028-09-25", "area_ha": null, "tenure_type": "Single Cell Mining Claim", "source": "Ontario MLAS operational claims (OGSEarth / LIO MapServer). Unofficial viewing data, not legal title.", "as_of": "2026-09-20", "role": "focus", "color": "#e8b040"}}, {"type": "Feature", "geometry": {"type": "Polygon", "coordinates": [[[-93.8688, 48.8917], [-93.8688, 48.8958], [-93.875, 48.8958], [-93.875, 48.8917], [-93.8688, 48.8917]]]}, "properties": {"company_id": "new-gold", "jurisdiction": "Ontario", "claim_id": "326808", "claim_name": null, "holder": "(100) NEW GOLD INC.", "status": "Active", "recorded_date": "2018-04-10", "anniversary_or_expiry": "2027-01-28", "area_ha": null, "tenure_type": "Single Cell Mining Claim", "source": "Ontario MLAS operational claims (OGSEarth / LIO MapServer). Unofficial viewing data, not legal title.", "as_of": "2026-09-20", "role": "focus", "color": "#e8b040"}}, {"type": "Feature", "geometry": {"type": "Polygon", "coordinates": [[[-93.825, 48.8583], [-93.825, 48.8625], [-93.8313, 48.8625], [-93.8313, 48.8583], [-93.825, 48.8583]]]}, "properties": {"company_id": "new-gold", "jurisdiction": "Ontario", "claim_id": "326809", "claim_name": null, "holder": "(100) NEW GOLD INC.", "status": "Active", "recorded_date": "2018-04-10", "anniversary_or_expiry": "2028-06-30", "area_ha": null, "tenure_type": "Single Cell Mining Claim", "source": "Ontario MLAS operational claims (OGSEarth / LIO MapServer). Unofficial viewing data, not legal title.", "as_of": "2026-09-20", "role": "focus", "color": "#e8b040"}}, {"type": "Feature", "geometry": {"type": "Polygon", "coordinates": [[[-94.1438, 48.8208], [-94.1438, 48.825], [-94.15, 48.825], [-94.15, 48.8208], [-94.1438, 48.8208]]]}, "properties": {"company_id": "new-gold", "jurisdiction": "Ontario", "claim_id": "326881", "claim_name": null, "holder": "(100) NEW GOLD INC.", "status": "Active", "recorded_date": "2018-04-10", "anniversary_or_expiry": "2028-11-22", "area_ha": null, "tenure_type": "Single Cell Mining Claim", "source": "Ontario MLAS operational claims (OGSEarth / LIO MapServer). Unofficial viewing data, not legal title.", "as_of": "2026-09-20", "role": "focus", "color": "#e8b040"}}, {"type": "Feature", "geometry": {"type": "Polygon", "coordinates": [[[-93.9188, 48.875], [-93.9188, 48.8792], [-93.925, 48.8792], [-93.925, 48.875], [-93.9188, 48.875]]]}, "properties": {"company_id": "new-gold", "jurisdiction": "Ontario", "claim_id": "326883", "claim_name": null, "holder": "(100) NEW GOLD INC.", "status": "Active", "recorded_date": "2018-04-10", "anniversary_or_expiry": "2028-05-06", "area_ha": null, "tenure_type": "Single Cell Mining Claim", "source": "Ontario MLAS operational claims (OGSEarth / LIO MapServer). Unofficial viewing data, not legal title.", "as_of": "2026-09-20", "role": "focus", "color": "#e8b040"}}, {"type": "Feature", "geometry": {"type": "Polygon", "coordinates": [[[-94.075, 48.8833], [-94.075, 48.8875], [-94.0813, 48.8875], [-94.0813, 48.8833], [-94.075, 48.8833]]]}, "properties": {"company_id": "new-gold", "jurisdiction": "Ontario", "claim_id": "327520", "claim_name": null, "holder": "(100) NEW GOLD INC.", "status": "Active", "recorded_date": "2018-04-10", "anniversary_or_expiry": "2028-10-15", "area_ha": null, "tenure_type": "Single Cell Mining Claim", "source": "Ontario MLAS operational claims (OGSEarth / LIO MapServer). Unofficial viewing data, not legal title.", "as_of": "2026-09-20", "role": "focus", "color": "#e8b040"}}, {"type": "Feature", "geometry": {"type": "Polygon", "coordinates": [[[-94.2813, 48.825], [-94.2813, 48.8292], [-94.2875, 48.8292], [-94.2875, 48.825], [-94.2813, 48.825]]]}, "properties": {"company_id": "new-gold", "jurisdiction": "Ontario", "claim_id": "329520", "claim_name": null, "holder": "(100) NEW GOLD INC.", "status": "Active", "recorded_date": "2018-04-10", "anniversary_or_expiry": "2026-12-02", "area_ha": null, "tenure_type": "Single Cell Mining Claim", "source": "Ontario MLAS operational claims (OGSEarth / LIO MapServer). Unofficial viewing data, not legal title.", "as_of": "2026-09-20", "role": "focus", "color": "#e8b040"}}, {"type": "Feature", "geometry": {"type": "Polygon", "coordinates": [[[-94.2875, 48.825], [-94.2875, 48.8292], [-94.2938, 48.8292], [-94.2938, 48.825], [-94.2875, 48.825]]]}, "properties": {"company_id": "new-gold", "jurisdiction": "Ontario", "claim_id": "329521", "claim_name": null, "holder": "(100) NEW GOLD INC.", "status": "Active", "recorded_date": "2018-04-10", "anniversary_or_expiry": "2026-12-02", "area_ha": null, "tenure_type": "Single Cell Mining Claim", "source": "Ontario MLAS operational claims (OGSEarth / LIO MapServer). Unofficial viewing data, not legal title.", "as_of": "2026-09-20", "role": "focus", "color": "#e8b040"}}, {"type": "Feature", "geometry": {"type": "Polygon", "coordinates": [[[-94.2875, 48.8208], [-94.2875, 48.825], [-94.2938, 48.825], [-94.2938, 48.8208], [-94.2875, 48.8208]]]}, "properties": {"company_id": "new-gold", "jurisdiction": "Ontario", "claim_id": "329522", "claim_name": null, "holder": "(100) NEW GOLD INC.", "status": "Active", "recorded_date": "2018-04-10", "anniversary_or_expiry": "2026-12-02", "area_ha": null, "tenure_type": "Single Cell Mining Claim", "source": "Ontario MLAS operational claims (OGSEarth / LIO MapServer). Unofficial viewing data, not legal title.", "as_of": "2026-09-20", "role": "focus", "color": "#e8b040"}}, {"type": "Feature", "geometry": {"type": "Polygon", "coordinates": [[[-93.8938, 48.95], [-93.8938, 48.9542], [-93.9, 48.9542], [-93.9, 48.95], [-93.8938, 48.95]]]}, "properties": {"company_id": "new-gold", "jurisdiction": "Ontario", "claim_id": "329538", "claim_name": null, "holder": "(100) NEW GOLD INC.", "status": "Active", "recorded_date": "2018-04-10", "anniversary_or_expiry": "2028-10-26", "area_ha": null, "tenure_type": "Single Cell Mining Claim", "source": "Ontario MLAS operational claims (OGSEarth / LIO MapServer). Unofficial viewing data, not legal title.", "as_of": "2026-09-20", "role": "focus", "color": "#e8b040"}}, {"type": "Feature", "geometry": {"type": "Polygon", "coordinates": [[[-93.9125, 48.9792], [-93.9125, 48.9833], [-93.9188, 48.9833], [-93.9188, 48.9792], [-93.9125, 48.9792]]]}, "properties": {"company_id": "new-gold", "jurisdiction": "Ontario", "claim_id": "329540", "claim_name": null, "holder": "(100) NEW GOLD INC.", "status": "Active", "recorded_date": "2018-04-10", "anniversary_or_expiry": "2028-10-26", "area_ha": null, "tenure_type": "Single Cell Mining Claim", "source": "Ontario MLAS operational claims (OGSEarth / LIO MapServer). Unofficial viewing data, not legal title.", "as_of": "2026-09-20", "role": "focus", "color": "#e8b040"}}, {"type": "Feature", "geometry": {"type": "Polygon", "coordinates": [[[-93.8313, 48.95], [-93.8313, 48.9542], [-93.8375, 48.9542], [-93.8375, 48.95], [-93.8313, 48.95]]]}, "properties": {"company_id": "new-gold", "jurisdiction": "Ontario", "claim_id": "329563", "claim_name": null, "holder": "(100) NEW GOLD INC.", "status": "Active", "recorded_date": "2018-04-10", "anniversary_or_expiry": "2027-02-13", "area_ha": null, "tenure_type": "Boundary Cell Mining Claim", "source": "Ontario MLAS operational claims (OGSEarth / LIO MapServer). Unofficial viewing data, not legal title.", "as_of": "2026-09-20", "role": "focus", "color": "#e8b040"}}, {"type": "Feature", "geometry": {"type": "Polygon", "coordinates": [[[-93.7813, 48.95], [-93.7813, 48.9542], [-93.7875, 48.9542], [-93.7875, 48.95], [-93.7813, 48.95]]]}, "properties": {"company_id": "new-gold", "jurisdiction": "Ontario", "claim_id": "329574", "claim_name": null, "holder": "(100) NEW GOLD INC.", "status": "Active", "recorded_date": "2018-04-10", "anniversary_or_expiry": "2027-02-13", "area_ha": null, "tenure_type": "Boundary Cell Mining Claim", "source": "Ontario MLAS operational claims (OGSEarth / LIO MapServer). Unofficial viewing data, not legal title.", "as_of": "2026-09-20", "role": "focus", "color": "#e8b040"}}, {"type": "Feature", "geometry": {"type": "Polygon", "coordinates": [[[-93.7688, 48.9417], [-93.7688, 48.9458], [-93.775, 48.9458], [-93.775, 48.9417], [-93.7688, 48.9417]]]}, "properties": {"company_id": "new-gold", "jurisdiction": "Ontario", "claim_id": "329575", "claim_name": null, "holder": "(100) NEW GOLD INC.", "status": "Active", "recorded_date": "2018-04-10", "anniversary_or_expiry": "2027-02-13", "area_ha": null, "tenure_type": "Single Cell Mining Claim", "source": "Ontario MLAS operational claims (OGSEarth / LIO MapServer). Unofficial viewing data, not legal title.", "as_of": "2026-09-20", "role": "focus", "color": "#e8b040"}}, {"type": "Feature", "geometry": {"type": "Polygon", "coordinates": [[[-93.7688, 48.9375], [-93.7688, 48.9417], [-93.775, 48.9417], [-93.775, 48.9375], [-93.7688, 48.9375]]]}, "properties": {"company_id": "new-gold", "jurisdiction": "Ontario", "claim_id": "329576", "claim_name": null, "holder": "(100) NEW GOLD INC.", "status": "Active", "recorded_date": "2018-04-10", "anniversary_or_expiry": "2027-02-13", "area_ha": null, "tenure_type": "Single Cell Mining Claim", "source": "Ontario MLAS operational claims (OGSEarth / LIO MapServer). Unofficial viewing data, not legal title.", "as_of": "2026-09-20", "role": "focus", "color": "#e8b040"}}, {"type": "Feature", "geometry": {"type": "Polygon", "coordinates": [[[-93.8, 48.9125], [-93.8, 48.9167], [-93.8063, 48.9167], [-93.8063, 48.9125], [-93.8, 48.9125]]]}, "properties": {"company_id": "new-gold", "jurisdiction": "Ontario", "claim_id": "330170", "claim_name": null, "holder": "(100) NEW GOLD INC.", "status": "Active", "recorded_date": "2018-04-10", "anniversary_or_expiry": "2027-02-13", "area_ha": null, "tenure_type": "Single Cell Mining Claim", "source": "Ontario MLAS operational claims (OGSEarth / LIO MapServer). Unofficial viewing data, not legal title.", "as_of": "2026-09-20", "role": "focus", "color": "#e8b040"}}, {"type": "Feature", "geometry": {"type": "Polygon", "coordinates": [[[-93.8813, 48.9792], [-93.8813, 48.9833], [-93.8875, 48.9833], [-93.8875, 48.9792], [-93.8813, 48.9792]]]}, "properties": {"company_id": "new-gold", "jurisdiction": "Ontario", "claim_id": "329595", "claim_name": null, "holder": "(100) NEW GOLD INC.", "status": "Active", "recorded_date": "2018-04-10", "anniversary_or_expiry": "2028-10-26", "area_ha": null, "tenure_type": "Boundary Cell Mining Claim", "source": "Ontario MLAS operational claims (OGSEarth / LIO MapServer). Unofficial viewing data, not legal title.", "as_of": "2026-09-20", "role": "focus", "color": "#e8b040"}}, {"type": "Feature", "geometry": {"type": "Polygon", "coordinates": [[[-93.8813, 48.9708], [-93.8813, 48.975], [-93.8875, 48.975], [-93.8875, 48.9708], [-93.8813, 48.9708]]]}, "properties": {"company_id": "new-gold", "jurisdiction": "Ontario", "claim_id": "329596", "claim_name": null, "holder": "(100) NEW GOLD INC.", "status": "Active", "recorded_date": "2018-04-10", "anniversary_or_expiry": "2028-10-26", "area_ha": null, "tenure_type": "Single Cell Mining Claim", "source": "Ontario MLAS operational claims (OGSEarth / LIO MapServer). Unofficial viewing data, not legal title.", "as_of": "2026-09-20", "role": "focus", "color": "#e8b040"}}, {"type": "Feature", "geometry": {"type": "Polygon", "coordinates": [[[-93.9188, 48.95], [-93.9188, 48.9542], [-93.925, 48.9542], [-93.925, 48.95], [-93.9188, 48.95]]]}, "properties": {"company_id": "new-gold", "jurisdiction": "Ontario", "claim_id": "329597", "claim_name": null, "holder": "(100) NEW GOLD INC.", "status": "Active", "recorded_date": "2018-04-10", "anniversary_or_expiry": "2028-10-26", "area_ha": null, "tenure_type": "Single Cell Mining Claim", "source": "Ontario MLAS operational claims (OGSEarth / LIO MapServer). Unofficial viewing data, not legal title.", "as_of": "2026-09-20", "role": "focus", "color": "#e8b040"}}, {"type": "Feature", "geometry": {"type": "Polygon", "coordinates": [[[-93.875, 48.9333], [-93.875, 48.9375], [-93.8813, 48.9375], [-93.8813, 48.9333], [-93.875, 48.9333]]]}, "properties": {"company_id": "new-gold", "jurisdiction": "Ontario", "claim_id": "330189", "claim_name": null, "holder": "(100) NEW GOLD INC.", "status": "Active", "recorded_date": "2018-04-10", "anniversary_or_expiry": "2027-01-28", "area_ha": null, "tenure_type": "Single Cell Mining Claim", "source": "Ontario MLAS operational claims (OGSEarth / LIO MapServer). Unofficial viewing data, not legal title.", "as_of": "2026-09-20", "role": "focus", "color": "#e8b040"}}, {"type": "Feature", "geometry": {"type": "Polygon", "coordinates": [[[-93.8875, 48.9333], [-93.8875, 48.9375], [-93.8938, 48.9375], [-93.8938, 48.9333], [-93.8875, 48.9333]]]}, "properties": {"company_id": "new-gold", "jurisdiction": "Ontario", "claim_id": "330207", "claim_name": null, "holder": "(100) NEW GOLD INC.", "status": "Active", "recorded_date": "2018-04-10", "anniversary_or_expiry": "2027-01-28", "area_ha": null, "tenure_type": "Single Cell Mining Claim", "source": "Ontario MLAS operational claims (OGSEarth / LIO MapServer). Unofficial viewing data, not legal title.", "as_of": "2026-09-20", "role": "focus", "color": "#e8b040"}}, {"type": "Feature", "geometry": {"type": "Polygon", "coordinates": [[[-93.8938, 48.9333], [-93.8938, 48.9375], [-93.9, 48.9375], [-93.9, 48.9333], [-93.8938, 48.9333]]]}, "properties": {"company_id": "new-gold", "jurisdiction": "Ontario", "claim_id": "330208", "claim_name": null, "holder": "(100) NEW GOLD INC.", "status": "Active", "recorded_date": "2018-04-10", "anniversary_or_expiry": "2028-10-26", "area_ha": null, "tenure_type": "Single Cell Mining Claim", "source": "Ontario MLAS operational claims (OGSEarth / LIO MapServer). Unofficial viewing data, not legal title.", "as_of": "2026-09-20", "role": "focus", "color": "#e8b040"}}, {"type": "Feature", "geometry": {"type": "Polygon", "coordinates": [[[-93.8063, 48.9083], [-93.8063, 48.9125], [-93.8125, 48.9125], [-93.8125, 48.9083], [-93.8063, 48.9083]]]}, "properties": {"company_id": "new-gold", "jurisdiction": "Ontario", "claim_id": "330217", "claim_name": null, "holder": "(100) NEW GOLD INC.", "status": "Active", "recorded_date": "2018-04-10", "anniversary_or_expiry": "2027-01-28", "area_ha": null, "tenure_type": "Boundary Cell Mining Claim", "source": "Ontario MLAS operational claims (OGSEarth / LIO MapServer). Unofficial viewing data, not legal title.", "as_of": "2026-09-20", "role": "focus", "color": "#e8b040"}}, {"type": "Feature", "geometry": {"type": "Polygon", "coordinates": [[[-93.7875, 48.9333], [-93.7875, 48.9375], [-93.7938, 48.9375], [-93.7938, 48.9333], [-93.7875, 48.9333]]]}, "properties": {"company_id": "new-gold", "jurisdiction": "Ontario", "claim_id": "330231", "claim_name": null, "holder": "(100) NEW GOLD INC.", "status": "Active", "recorded_date": "2018-04-10", "anniversary_or_expiry": "2027-02-13", "area_ha": null, "tenure_type": "Single Cell Mining Claim", "source": "Ontario MLAS operational claims (OGSEarth / LIO MapServer). Unofficial viewing data, not legal title.", "as_of": "2026-09-20", "role": "focus", "color": "#e8b040"}}, {"type": "Feature", "geometry": {"type": "Polygon", "coordinates": [[[-94.2063, 48.7875], [-94.2063, 48.7917], [-94.2125, 48.7917], [-94.2125, 48.7875], [-94.2063, 48.7875]]]}, "properties": {"company_id": "new-gold", "jurisdiction": "Ontario", "claim_id": "328213", "claim_name": null, "holder": "(100) NEW GOLD INC.", "status": "Active", "recorded_date": "2018-04-10", "anniversary_or_expiry": "2028-11-22", "area_ha": null, "tenure_type": "Single Cell Mining Claim", "source": "Ontario MLAS operational claims (OGSEarth / LIO MapServer). Unofficial viewing data, not legal title.", "as_of": "2026-09-20", "role": "focus", "color": "#e8b040"}}, {"type": "Feature", "geometry": {"type": "Polygon", "coordinates": [[[-93.8188, 48.9125], [-93.8188, 48.9167], [-93.825, 48.9167], [-93.825, 48.9125], [-93.8188, 48.9125]]]}, "properties": {"company_id": "new-gold", "jurisdiction": "Ontario", "claim_id": "328221", "claim_name": null, "holder": "(100) NEW GOLD INC.", "status": "Active", "recorded_date": "2018-04-10", "anniversary_or_expiry": "2028-06-26", "area_ha": null, "tenure_type": "Single Cell Mining Claim", "source": "Ontario MLAS operational claims (OGSEarth / LIO MapServer). Unofficial viewing data, not legal title.", "as_of": "2026-09-20", "role": "focus", "color": "#e8b040"}}, {"type": "Feature", "geometry": {"type": "Polygon", "coordinates": [[[-93.8375, 48.8583], [-93.8375, 48.8625], [-93.8438, 48.8625], [-93.8438, 48.8583], [-93.8375, 48.8583]]]}, "properties": {"company_id": "new-gold", "jurisdiction": "Ontario", "claim_id": "328822", "claim_name": null, "holder": "(100) NEW GOLD INC.", "status": "Active", "recorded_date": "2018-04-10", "anniversary_or_expiry": "2028-05-04", "area_ha": null, "tenure_type": "Single Cell Mining Claim", "source": "Ontario MLAS operational claims (OGSEarth / LIO MapServer). Unofficial viewing data, not legal title.", "as_of": "2026-09-20", "role": "focus", "color": "#e8b040"}}, {"type": "Feature", "geometry": {"type": "Polygon", "coordinates": [[[-93.8563, 48.9458], [-93.8563, 48.95], [-93.8625, 48.95], [-93.8625, 48.9458], [-93.8563, 48.9458]]]}, "properties": {"company_id": "new-gold", "jurisdiction": "Ontario", "claim_id": "328831", "claim_name": null, "holder": "(100) NEW GOLD INC.", "status": "Active", "recorded_date": "2018-04-10", "anniversary_or_expiry": "2028-10-26", "area_ha": null, "tenure_type": "Single Cell Mining Claim", "source": "Ontario MLAS operational claims (OGSEarth / LIO MapServer). Unofficial viewing data, not legal title.", "as_of": "2026-09-20", "role": "focus", "color": "#e8b040"}}, {"type": "Feature", "geometry": {"type": "Polygon", "coordinates": [[[-93.8188, 48.9333], [-93.8188, 48.9375], [-93.825, 48.9375], [-93.825, 48.9333], [-93.8188, 48.9333]]]}, "properties": {"company_id": "new-gold", "jurisdiction": "Ontario", "claim_id": "328856", "claim_name": null, "holder": "(100) NEW GOLD INC.", "status": "Active", "recorded_date": "2018-04-10", "anniversary_or_expiry": "2028-06-21", "area_ha": null, "tenure_type": "Single Cell Mining Claim", "source": "Ontario MLAS operational claims (OGSEarth / LIO MapServer). Unofficial viewing data, not legal title.", "as_of": "2026-09-20", "role": "focus", "color": "#e8b040"}}, {"type": "Feature", "geometry": {"type": "Polygon", "coordinates": [[[-93.8625, 48.9], [-93.8625, 48.9042], [-93.8688, 48.9042], [-93.8688, 48.9], [-93.8625, 48.9]]]}, "properties": {"company_id": "new-gold", "jurisdiction": "Ontario", "claim_id": "329433", "claim_name": null, "holder": "(100) NEW GOLD INC.", "status": "Active", "recorded_date": "2018-04-10", "anniversary_or_expiry": "2027-01-28", "area_ha": null, "tenure_type": "Single Cell Mining Claim", "source": "Ontario MLAS operational claims (OGSEarth / LIO MapServer). Unofficial viewing data, not legal title.", "as_of": "2026-09-20", "role": "focus", "color": "#e8b040"}}, {"type": "Feature", "geometry": {"type": "Polygon", "coordinates": [[[-93.9063, 48.8708], [-93.9063, 48.875], [-93.9125, 48.875], [-93.9125, 48.8708], [-93.9063, 48.8708]]]}, "properties": {"company_id": "new-gold", "jurisdiction": "Ontario", "claim_id": "329434", "claim_name": null, "holder": "(100) NEW GOLD INC.", "status": "Active", "recorded_date": "2018-04-10", "anniversary_or_expiry": "2028-05-15", "area_ha": null, "tenure_type": "Single Cell Mining Claim", "source": "Ontario MLAS operational claims (OGSEarth / LIO MapServer). Unofficial viewing data, not legal title.", "as_of": "2026-09-20", "role": "focus", "color": "#e8b040"}}, {"type": "Feature", "geometry": {"type": "Polygon", "coordinates": [[[-93.825, 48.9333], [-93.825, 48.9375], [-93.8313, 48.9375], [-93.8313, 48.9333], [-93.825, 48.9333]]]}, "properties": {"company_id": "new-gold", "jurisdiction": "Ontario", "claim_id": "328857", "claim_name": null, "holder": "(100) NEW GOLD INC.", "status": "Active", "recorded_date": "2018-04-10", "anniversary_or_expiry": "2028-06-21", "area_ha": null, "tenure_type": "Single Cell Mining Claim", "source": "Ontario MLAS operational claims (OGSEarth / LIO MapServer). Unofficial viewing data, not legal title.", "as_of": "2026-09-20", "role": "focus", "color": "#e8b040"}}, {"type": "Feature", "geometry": {"type": "Polygon", "coordinates": [[[-93.8938, 48.9667], [-93.8938, 48.9708], [-93.9, 48.9708], [-93.9, 48.9667], [-93.8938, 48.9667]]]}, "properties": {"company_id": "new-gold", "jurisdiction": "Ontario", "claim_id": "328860", "claim_name": null, "holder": "(100) NEW GOLD INC.", "status": "Active", "recorded_date": "2018-04-10", "anniversary_or_expiry": "2028-10-26", "area_ha": null, "tenure_type": "Single Cell Mining Claim", "source": "Ontario MLAS operational claims (OGSEarth / LIO MapServer). Unofficial viewing data, not legal title.", "as_of": "2026-09-20", "role": "focus", "color": "#e8b040"}}, {"type": "Feature", "geometry": {"type": "Polygon", "coordinates": [[[-93.9188, 48.9583], [-93.9188, 48.9625], [-93.925, 48.9625], [-93.925, 48.9583], [-93.9188, 48.9583]]]}, "properties": {"company_id": "new-gold", "jurisdiction": "Ontario", "claim_id": "328861", "claim_name": null, "holder": "(100) NEW GOLD INC.", "status": "Active", "recorded_date": "2018-04-10", "anniversary_or_expiry": "2028-10-26", "area_ha": null, "tenure_type": "Single Cell Mining Claim", "source": "Ontario MLAS operational claims (OGSEarth / LIO MapServer). Unofficial viewing data, not legal title.", "as_of": "2026-09-20", "role": "focus", "color": "#e8b040"}}, {"type": "Feature", "geometry": {"type": "Polygon", "coordinates": [[[-93.9, 48.9542], [-93.9, 48.9583], [-93.9063, 48.9583], [-93.9063, 48.9542], [-93.9, 48.9542]]]}, "properties": {"company_id": "new-gold", "jurisdiction": "Ontario", "claim_id": "328862", "claim_name": null, "holder": "(100) NEW GOLD INC.", "status": "Active", "recorded_date": "2018-04-10", "anniversary_or_expiry": "2028-10-26", "area_ha": null, "tenure_type": "Single Cell Mining Claim", "source": "Ontario MLAS operational claims (OGSEarth / LIO MapServer). Unofficial viewing data, not legal title.", "as_of": "2026-09-20", "role": "focus", "color": "#e8b040"}}, {"type": "Feature", "geometry": {"type": "Polygon", "coordinates": [[[-93.9188, 48.925], [-93.9188, 48.9292], [-93.925, 48.9292], [-93.925, 48.925], [-93.9188, 48.925]]]}, "properties": {"company_id": "new-gold", "jurisdiction": "Ontario", "claim_id": "329514", "claim_name": null, "holder": "(100) NEW GOLD INC.", "status": "Active", "recorded_date": "2018-04-10", "anniversary_or_expiry": "2028-10-26", "area_ha": null, "tenure_type": "Single Cell Mining Claim", "source": "Ontario MLAS operational claims (OGSEarth / LIO MapServer). Unofficial viewing data, not legal title.", "as_of": "2026-09-20", "role": "focus", "color": "#e8b040"}}, {"type": "Feature", "geometry": {"type": "Polygon", "coordinates": [[[-93.85, 48.9625], [-93.85, 48.9667], [-93.8563, 48.9667], [-93.8563, 48.9625], [-93.85, 48.9625]]]}, "properties": {"company_id": "new-gold", "jurisdiction": "Ontario", "claim_id": "329519", "claim_name": null, "holder": "(100) NEW GOLD INC.", "status": "Active", "recorded_date": "2018-04-10", "anniversary_or_expiry": "2028-10-26", "area_ha": null, "tenure_type": "Boundary Cell Mining Claim", "source": "Ontario MLAS operational claims (OGSEarth / LIO MapServer). Unofficial viewing data, not legal title.", "as_of": "2026-09-20", "role": "focus", "color": "#e8b040"}}, {"type": "Feature", "geometry": {"type": "Polygon", "coordinates": [[[-93.9125, 48.9458], [-93.9125, 48.95], [-93.9188, 48.95], [-93.9188, 48.9458], [-93.9125, 48.9458]]]}, "properties": {"company_id": "new-gold", "jurisdiction": "Ontario", "claim_id": "330833", "claim_name": null, "holder": "(100) NEW GOLD INC.", "status": "Active", "recorded_date": "2018-04-10", "anniversary_or_expiry": "2028-10-26", "area_ha": null, "tenure_type": "Single Cell Mining Claim", "source": "Ontario MLAS operational claims (OGSEarth / LIO MapServer). Unofficial viewing data, not legal title.", "as_of": "2026-09-20", "role": "focus", "color": "#e8b040"}}, {"type": "Feature", "geometry": {"type": "Polygon", "coordinates": [[[-93.9188, 48.9417], [-93.9188, 48.9458], [-93.925, 48.9458], [-93.925, 48.9417], [-93.9188, 48.9417]]]}, "properties": {"company_id": "new-gold", "jurisdiction": "Ontario", "claim_id": "330834", "claim_name": null, "holder": "(100) NEW GOLD INC.", "status": "Active", "recorded_date": "2018-04-10", "anniversary_or_expiry": "2028-10-26", "area_ha": null, "tenure_type": "Single Cell Mining Claim", "source": "Ontario MLAS operational claims (OGSEarth / LIO MapServer). Unofficial viewing data, not legal title.", "as_of": "2026-09-20", "role": "focus", "color": "#e8b040"}}, {"type": "Feature", "geometry": {"type": "Polygon", "coordinates": [[[-93.8063, 48.8958], [-93.8063, 48.9], [-93.8125, 48.9], [-93.8125, 48.8958], [-93.8063, 48.8958]]]}, "properties": {"company_id": "new-gold", "jurisdiction": "Ontario", "claim_id": "330940", "claim_name": null, "holder": "(100) NEW GOLD INC.", "status": "Active", "recorded_date": "2018-04-10", "anniversary_or_expiry": "2027-01-28", "area_ha": null, "tenure_type": "Boundary Cell Mining Claim", "source": "Ontario MLAS operational claims (OGSEarth / LIO MapServer). Unofficial viewing data, not legal title.", "as_of": "2026-09-20", "role": "focus", "color": "#e8b040"}}, {"type": "Feature", "geometry": {"type": "Polygon", "coordinates": [[[-93.8438, 48.9208], [-93.8438, 48.925], [-93.85, 48.925], [-93.85, 48.9208], [-93.8438, 48.9208]]]}, "properties": {"company_id": "new-gold", "jurisdiction": "Ontario", "claim_id": "337117", "claim_name": null, "holder": "(100) NEW GOLD INC.", "status": "Active", "recorded_date": "2018-04-10", "anniversary_or_expiry": "2027-01-28", "area_ha": null, "tenure_type": "Single Cell Mining Claim", "source": "Ontario MLAS operational claims (OGSEarth / LIO MapServer). Unofficial viewing data, not legal title.", "as_of": "2026-09-20", "role": "focus", "color": "#e8b040"}}, {"type": "Feature", "geometry": {"type": "Polygon", "coordinates": [[[-93.8375, 48.9167], [-93.8375, 48.9208], [-93.8438, 48.9208], [-93.8438, 48.9167], [-93.8375, 48.9167]]]}, "properties": {"company_id": "new-gold", "jurisdiction": "Ontario", "claim_id": "337118", "claim_name": null, "holder": "(100) NEW GOLD INC.", "status": "Active", "recorded_date": "2018-04-10", "anniversary_or_expiry": "2027-01-28", "area_ha": null, "tenure_type": "Single Cell Mining Claim", "source": "Ontario MLAS operational claims (OGSEarth / LIO MapServer). Unofficial viewing data, not legal title.", "as_of": "2026-09-20", "role": "focus", "color": "#e8b040"}}, {"type": "Feature", "geometry": {"type": "Polygon", "coordinates": [[[-93.8813, 48.9958], [-93.8813, 49.0], [-93.8875, 49.0], [-93.8875, 48.9958], [-93.8813, 48.9958]]]}, "properties": {"company_id": "new-gold", "jurisdiction": "Ontario", "claim_id": "335401", "claim_name": null, "holder": "(100) NEW GOLD INC.", "status": "Active", "recorded_date": "2018-04-10", "anniversary_or_expiry": "2028-08-04", "area_ha": null, "tenure_type": "Boundary Cell Mining Claim", "source": "Ontario MLAS operational claims (OGSEarth / LIO MapServer). Unofficial viewing data, not legal title.", "as_of": "2026-09-20", "role": "focus", "color": "#e8b040"}}, {"type": "Feature", "geometry": {"type": "Polygon", "coordinates": [[[-93.7438, 49.0208], [-93.7438, 49.025], [-93.75, 49.025], [-93.75, 49.0208], [-93.7438, 49.0208]]]}, "properties": {"company_id": "new-gold", "jurisdiction": "Ontario", "claim_id": "335421", "claim_name": null, "holder": "(100) NEW GOLD INC.", "status": "Active", "recorded_date": "2018-04-10", "anniversary_or_expiry": "2028-07-11", "area_ha": null, "tenure_type": "Single Cell Mining Claim", "source": "Ontario MLAS operational claims (OGSEarth / LIO MapServer). Unofficial viewing data, not legal title.", "as_of": "2026-09-20", "role": "focus", "color": "#e8b040"}}, {"type": "Feature", "geometry": {"type": "Polygon", "coordinates": [[[-93.75, 49.0125], [-93.75, 49.0167], [-93.7563, 49.0167], [-93.7563, 49.0125], [-93.75, 49.0125]]]}, "properties": {"company_id": "new-gold", "jurisdiction": "Ontario", "claim_id": "335422", "claim_name": null, "holder": "(100) NEW GOLD INC.", "status": "Active", "recorded_date": "2018-04-10", "anniversary_or_expiry": "2028-07-11", "area_ha": null, "tenure_type": "Single Cell Mining Claim", "source": "Ontario MLAS operational claims (OGSEarth / LIO MapServer). Unofficial viewing data, not legal title.", "as_of": "2026-09-20", "role": "focus", "color": "#e8b040"}}, {"type": "Feature", "geometry": {"type": "Polygon", "coordinates": [[[-93.7813, 48.9625], [-93.7813, 48.9667], [-93.7875, 48.9667], [-93.7875, 48.9625], [-93.7813, 48.9625]]]}, "properties": {"company_id": "new-gold", "jurisdiction": "Ontario", "claim_id": "335448", "claim_name": null, "holder": "(100) NEW GOLD INC.", "status": "Active", "recorded_date": "2018-04-10", "anniversary_or_expiry": "2028-06-02", "area_ha": null, "tenure_type": "Single Cell Mining Claim", "source": "Ontario MLAS operational claims (OGSEarth / LIO MapServer). Unofficial viewing data, not legal title.", "as_of": "2026-09-20", "role": "focus", "color": "#e8b040"}}, {"type": "Feature", "geometry": {"type": "Polygon", "coordinates": [[[-93.7813, 48.95], [-93.7813, 48.9542], [-93.7875, 48.9542], [-93.7875, 48.95], [-93.7813, 48.95]]]}, "properties": {"company_id": "new-gold", "jurisdiction": "Ontario", "claim_id": "335449", "claim_name": null, "holder": "(100) NEW GOLD INC.", "status": "Active", "recorded_date": "2018-04-10", "anniversary_or_expiry": "2028-06-02", "area_ha": null, "tenure_type": "Boundary Cell Mining Claim", "source": "Ontario MLAS operational claims (OGSEarth / LIO MapServer). Unofficial viewing data, not legal title.", "as_of": "2026-09-20", "role": "focus", "color": "#e8b040"}}, {"type": "Feature", "geometry": {"type": "Polygon", "coordinates": [[[-93.825, 48.9542], [-93.825, 48.9583], [-93.8313, 48.9583], [-93.8313, 48.9542], [-93.825, 48.9542]]]}, "properties": {"company_id": "new-gold", "jurisdiction": "Ontario", "claim_id": "335469", "claim_name": null, "holder": "(100) NEW GOLD INC.", "status": "Active", "recorded_date": "2018-04-10", "anniversary_or_expiry": "2028-06-02", "area_ha": null, "tenure_type": "Single Cell Mining Claim", "source": "Ontario MLAS operational claims (OGSEarth / LIO MapServer). Unofficial viewing data, not legal title.", "as_of": "2026-09-20", "role": "focus", "color": "#e8b040"}}, {"type": "Feature", "geometry": {"type": "Polygon", "coordinates": [[[-93.825, 48.95], [-93.825, 48.9542], [-93.8313, 48.9542], [-93.8313, 48.95], [-93.825, 48.95]]]}, "properties": {"company_id": "new-gold", "jurisdiction": "Ontario", "claim_id": "335470", "claim_name": null, "holder": "(100) NEW GOLD INC.", "status": "Active", "recorded_date": "2018-04-10", "anniversary_or_expiry": "2028-06-02", "area_ha": null, "tenure_type": "Boundary Cell Mining Claim", "source": "Ontario MLAS operational claims (OGSEarth / LIO MapServer). Unofficial viewing data, not legal title.", "as_of": "2026-09-20", "role": "focus", "color": "#e8b040"}}, {"type": "Feature", "geometry": {"type": "Polygon", "coordinates": [[[-93.75, 49.0], [-93.75, 49.0042], [-93.7563, 49.0042], [-93.7563, 49.0], [-93.75, 49.0]]]}, "properties": {"company_id": "new-gold", "jurisdiction": "Ontario", "claim_id": "335471", "claim_name": null, "holder": "(100) NEW GOLD INC.", "status": "Active", "recorded_date": "2018-04-10", "anniversary_or_expiry": "2028-07-11", "area_ha": null, "tenure_type": "Single Cell Mining Claim", "source": "Ontario MLAS operational claims (OGSEarth / LIO MapServer). Unofficial viewing data, not legal title.", "as_of": "2026-09-20", "role": "focus", "color": "#e8b040"}}, {"type": "Feature", "geometry": {"type": "Polygon", "coordinates": [[[-94.2875, 48.7917], [-94.2875, 48.7958], [-94.2938, 48.7958], [-94.2938, 48.7917], [-94.2875, 48.7917]]]}, "properties": {"company_id": "new-gold", "jurisdiction": "Ontario", "claim_id": "335763", "claim_name": null, "holder": "(100) NEW GOLD INC.", "status": "Active", "recorded_date": "2018-04-10", "anniversary_or_expiry": "2026-12-02", "area_ha": null, "tenure_type": "Single Cell Mining Claim", "source": "Ontario MLAS operational claims (OGSEarth / LIO MapServer). Unofficial viewing data, not legal title.", "as_of": "2026-09-20", "role": "focus", "color": "#e8b040"}}, {"type": "Feature", "geometry": {"type": "Polygon", "coordinates": [[[-94.2938, 48.7917], [-94.2938, 48.7958], [-94.3, 48.7958], [-94.3, 48.7917], [-94.2938, 48.7917]]]}, "properties": {"company_id": "new-gold", "jurisdiction": "Ontario", "claim_id": "335764", "claim_name": null, "holder": "(100) NEW GOLD INC.", "status": "Active", "recorded_date": "2018-04-10", "anniversary_or_expiry": "2026-12-02", "area_ha": null, "tenure_type": "Single Cell Mining Claim", "source": "Ontario MLAS operational claims (OGSEarth / LIO MapServer). Unofficial viewing data, not legal title.", "as_of": "2026-09-20", "role": "focus", "color": "#e8b040"}}, {"type": "Feature", "geometry": {"type": "Polygon", "coordinates": [[[-94.1625, 48.8167], [-94.1625, 48.8208], [-94.1688, 48.8208], [-94.1688, 48.8167], [-94.1625, 48.8167]]]}, "properties": {"company_id": "new-gold", "jurisdiction": "Ontario", "claim_id": "339966", "claim_name": null, "holder": "(100) NEW GOLD INC.", "status": "Active", "recorded_date": "2018-04-10", "anniversary_or_expiry": "2027-03-03", "area_ha": null, "tenure_type": "Single Cell Mining Claim", "source": "Ontario MLAS operational claims (OGSEarth / LIO MapServer). Unofficial viewing data, not legal title.", "as_of": "2026-09-20", "role": "focus", "color": "#e8b040"}}, {"type": "Feature", "geometry": {"type": "Polygon", "coordinates": [[[-94.0313, 48.8833], [-94.0313, 48.8875], [-94.0375, 48.8875], [-94.0375, 48.8833], [-94.0313, 48.8833]]]}, "properties": {"company_id": "new-gold", "jurisdiction": "Ontario", "claim_id": "340573", "claim_name": null, "holder": "(100) NEW GOLD INC.", "status": "Active", "recorded_date": "2018-04-10", "anniversary_or_expiry": "2026-12-19", "area_ha": null, "tenure_type": "Single Cell Mining Claim", "source": "Ontario MLAS operational claims (OGSEarth / LIO MapServer). Unofficial viewing data, not legal title.", "as_of": "2026-09-20", "role": "focus", "color": "#e8b040"}}, {"type": "Feature", "geometry": {"type": "Polygon", "coordinates": [[[-94.2063, 48.7958], [-94.2063, 48.8], [-94.2125, 48.8], [-94.2125, 48.7958], [-94.2063, 48.7958]]]}, "properties": {"company_id": "new-gold", "jurisdiction": "Ontario", "claim_id": "340574", "claim_name": null, "holder": "(100) NEW GOLD INC.", "status": "Active", "recorded_date": "2018-04-10", "anniversary_or_expiry": "2028-11-22", "area_ha": null, "tenure_type": "Single Cell Mining Claim", "source": "Ontario MLAS operational claims (OGSEarth / LIO MapServer). Unofficial viewing data, not legal title.", "as_of": "2026-09-20", "role": "focus", "color": "#e8b040"}}, {"type": "Feature", "geometry": {"type": "Polygon", "coordinates": [[[-93.825, 48.9375], [-93.825, 48.9417], [-93.8313, 48.9417], [-93.8313, 48.9375], [-93.825, 48.9375]]]}, "properties": {"company_id": "new-gold", "jurisdiction": "Ontario", "claim_id": "341220", "claim_name": null, "holder": "(100) NEW GOLD INC.", "status": "Active", "recorded_date": "2018-04-10", "anniversary_or_expiry": "2028-06-21", "area_ha": null, "tenure_type": "Single Cell Mining Claim", "source": "Ontario MLAS operational claims (OGSEarth / LIO MapServer). Unofficial viewing data, not legal title.", "as_of": "2026-09-20", "role": "focus", "color": "#e8b040"}}, {"type": "Feature", "geometry": {"type": "Polygon", "coordinates": [[[-93.8125, 48.9333], [-93.8125, 48.9375], [-93.8188, 48.9375], [-93.8188, 48.9333], [-93.8125, 48.9333]]]}, "properties": {"company_id": "new-gold", "jurisdiction": "Ontario", "claim_id": "341221", "claim_name": null, "holder": "(100) NEW GOLD INC.", "status": "Active", "recorded_date": "2018-04-10", "anniversary_or_expiry": "2028-06-21", "area_ha": null, "tenure_type": "Single Cell Mining Claim", "source": "Ontario MLAS operational claims (OGSEarth / LIO MapServer). Unofficial viewing data, not legal title.", "as_of": "2026-09-20", "role": "focus", "color": "#e8b040"}}, {"type": "Feature", "geometry": {"type": "Polygon", "coordinates": [[[-93.9, 48.9583], [-93.9, 48.9625], [-93.9063, 48.9625], [-93.9063, 48.9583], [-93.9, 48.9583]]]}, "properties": {"company_id": "new-gold", "jurisdiction": "Ontario", "claim_id": "341224", "claim_name": null, "holder": "(100) NEW GOLD INC.", "status": "Active", "recorded_date": "2018-04-10", "anniversary_or_expiry": "2028-10-26", "area_ha": null, "tenure_type": "Single Cell Mining Claim", "source": "Ontario MLAS operational claims (OGSEarth / LIO MapServer). Unofficial viewing data, not legal title.", "as_of": "2026-09-20", "role": "focus", "color": "#e8b040"}}, {"type": "Feature", "geometry": {"type": "Polygon", "coordinates": [[[-94.1125, 48.8417], [-94.1125, 48.8458], [-94.1188, 48.8458], [-94.1188, 48.8417], [-94.1125, 48.8417]]]}, "properties": {"company_id": "new-gold", "jurisdiction": "Ontario", "claim_id": "340688", "claim_name": null, "holder": "(100) NEW GOLD INC.", "status": "Active", "recorded_date": "2018-04-10", "anniversary_or_expiry": "2028-11-27", "area_ha": null, "tenure_type": "Single Cell Mining Claim", "source": "Ontario MLAS operational claims (OGSEarth / LIO MapServer). Unofficial viewing data, not legal title.", "as_of": "2026-09-20", "role": "focus", "color": "#e8b040"}}, {"type": "Feature", "geometry": {"type": "Polygon", "coordinates": [[[-94.225, 48.7917], [-94.225, 48.7958], [-94.2313, 48.7958], [-94.2313, 48.7917], [-94.225, 48.7917]]]}, "properties": {"company_id": "new-gold", "jurisdiction": "Ontario", "claim_id": "341325", "claim_name": null, "holder": "(100) NEW GOLD INC.", "status": "Active", "recorded_date": "2018-04-10", "anniversary_or_expiry": "2028-11-22", "area_ha": null, "tenure_type": "Single Cell Mining Claim", "source": "Ontario MLAS operational claims (OGSEarth / LIO MapServer). Unofficial viewing data, not legal title.", "as_of": "2026-09-20", "role": "focus", "color": "#e8b040"}}, {"type": "Feature", "geometry": {"type": "Polygon", "coordinates": [[[-93.9125, 48.925], [-93.9125, 48.9292], [-93.9188, 48.9292], [-93.9188, 48.925], [-93.9125, 48.925]]]}, "properties": {"company_id": "new-gold", "jurisdiction": "Ontario", "claim_id": "341350", "claim_name": null, "holder": "(100) NEW GOLD INC.", "status": "Active", "recorded_date": "2018-04-10", "anniversary_or_expiry": "2028-10-26", "area_ha": null, "tenure_type": "Single Cell Mining Claim", "source": "Ontario MLAS operational claims (OGSEarth / LIO MapServer). Unofficial viewing data, not legal title.", "as_of": "2026-09-20", "role": "focus", "color": "#e8b040"}}, {"type": "Feature", "geometry": {"type": "Polygon", "coordinates": [[[-93.9125, 48.9208], [-93.9125, 48.925], [-93.9188, 48.925], [-93.9188, 48.9208], [-93.9125, 48.9208]]]}, "properties": {"company_id": "new-gold", "jurisdiction": "Ontario", "claim_id": "341351", "claim_name": null, "holder": "(100) NEW GOLD INC.", "status": "Active", "recorded_date": "2018-04-10", "anniversary_or_expiry": "2028-10-26", "area_ha": null, "tenure_type": "Single Cell Mining Claim", "source": "Ontario MLAS operational claims (OGSEarth / LIO MapServer). Unofficial viewing data, not legal title.", "as_of": "2026-09-20", "role": "focus", "color": "#e8b040"}}, {"type": "Feature", "geometry": {"type": "Polygon", "coordinates": [[[-94.2938, 48.825], [-94.2938, 48.8292], [-94.3, 48.8292], [-94.3, 48.825], [-94.2938, 48.825]]]}, "properties": {"company_id": "new-gold", "jurisdiction": "Ontario", "claim_id": "341354", "claim_name": null, "holder": "(100) NEW GOLD INC.", "status": "Active", "recorded_date": "2018-04-10", "anniversary_or_expiry": "2026-12-02", "area_ha": null, "tenure_type": "Single Cell Mining Claim", "source": "Ontario MLAS operational claims (OGSEarth / LIO MapServer). Unofficial viewing data, not legal title.", "as_of": "2026-09-20", "role": "focus", "color": "#e8b040"}}, {"type": "Feature", "geometry": {"type": "Polygon", "coordinates": [[[-94.2688, 48.8208], [-94.2688, 48.825], [-94.275, 48.825], [-94.275, 48.8208], [-94.2688, 48.8208]]]}, "properties": {"company_id": "new-gold", "jurisdiction": "Ontario", "claim_id": "341355", "claim_name": null, "holder": "(100) NEW GOLD INC.", "status": "Active", "recorded_date": "2018-04-10", "anniversary_or_expiry": "2026-12-02", "area_ha": null, "tenure_type": "Single Cell Mining Claim", "source": "Ontario MLAS operational claims (OGSEarth / LIO MapServer). Unofficial viewing data, not legal title.", "as_of": "2026-09-20", "role": "focus", "color": "#e8b040"}}, {"type": "Feature", "geometry": {"type": "Polygon", "coordinates": [[[-94.275, 48.8125], [-94.275, 48.8167], [-94.2813, 48.8167], [-94.2813, 48.8125], [-94.275, 48.8125]]]}, "properties": {"company_id": "new-gold", "jurisdiction": "Ontario", "claim_id": "341356", "claim_name": null, "holder": "(100) NEW GOLD INC.", "status": "Active", "recorded_date": "2018-04-10", "anniversary_or_expiry": "2026-12-02", "area_ha": null, "tenure_type": "Single Cell Mining Claim", "source": "Ontario MLAS operational claims (OGSEarth / LIO MapServer). Unofficial viewing data, not legal title.", "as_of": "2026-09-20", "role": "focus", "color": "#e8b040"}}, {"type": "Feature", "geometry": {"type": "Polygon", "coordinates": [[[-94.125, 48.8208], [-94.125, 48.825], [-94.1313, 48.825], [-94.1313, 48.8208], [-94.125, 48.8208]]]}, "properties": {"company_id": "new-gold", "jurisdiction": "Ontario", "claim_id": "343290", "claim_name": null, "holder": "(100) NEW GOLD INC.", "status": "Active", "recorded_date": "2018-04-10", "anniversary_or_expiry": "2028-11-27", "area_ha": null, "tenure_type": "Single Cell Mining Claim", "source": "Ontario MLAS operational claims (OGSEarth / LIO MapServer). Unofficial viewing data, not legal title.", "as_of": "2026-09-20", "role": "focus", "color": "#e8b040"}}, {"type": "Feature", "geometry": {"type": "Polygon", "coordinates": [[[-94.3063, 48.7583], [-94.3063, 48.7625], [-94.3125, 48.7625], [-94.3125, 48.7583], [-94.3063, 48.7583]]]}, "properties": {"company_id": "new-gold", "jurisdiction": "Ontario", "claim_id": "343305", "claim_name": null, "holder": "(100) NEW GOLD INC.", "status": "Active", "recorded_date": "2018-04-10", "anniversary_or_expiry": "2027-01-26", "area_ha": null, "tenure_type": "Single Cell Mining Claim", "source": "Ontario MLAS operational claims (OGSEarth / LIO MapServer). Unofficial viewing data, not legal title.", "as_of": "2026-09-20", "role": "focus", "color": "#e8b040"}}, {"type": "Feature", "geometry": {"type": "Polygon", "coordinates": [[[-93.7938, 48.9292], [-93.7938, 48.9333], [-93.8, 48.9333], [-93.8, 48.9292], [-93.7938, 48.9292]]]}, "properties": {"company_id": "new-gold", "jurisdiction": "Ontario", "claim_id": "343919", "claim_name": null, "holder": "(100) NEW GOLD INC.", "status": "Active", "recorded_date": "2018-04-10", "anniversary_or_expiry": "2027-02-13", "area_ha": null, "tenure_type": "Single Cell Mining Claim", "source": "Ontario MLAS operational claims (OGSEarth / LIO MapServer). Unofficial viewing data, not legal title.", "as_of": "2026-09-20", "role": "focus", "color": "#e8b040"}}, {"type": "Feature", "geometry": {"type": "Polygon", "coordinates": [[[-93.7938, 48.95], [-93.7938, 48.9542], [-93.8, 48.9542], [-93.8, 48.95], [-93.7938, 48.95]]]}, "properties": {"company_id": "new-gold", "jurisdiction": "Ontario", "claim_id": "343974", "claim_name": null, "holder": "(100) NEW GOLD INC.", "status": "Active", "recorded_date": "2018-04-10", "anniversary_or_expiry": "2027-02-13", "area_ha": null, "tenure_type": "Boundary Cell Mining Claim", "source": "Ontario MLAS operational claims (OGSEarth / LIO MapServer). Unofficial viewing data, not legal title.", "as_of": "2026-09-20", "role": "focus", "color": "#e8b040"}}, {"type": "Feature", "geometry": {"type": "Polygon", "coordinates": [[[-93.9063, 48.9792], [-93.9063, 48.9833], [-93.9125, 48.9833], [-93.9125, 48.9792], [-93.9063, 48.9792]]]}, "properties": {"company_id": "new-gold", "jurisdiction": "Ontario", "claim_id": "341888", "claim_name": null, "holder": "(100) NEW GOLD INC.", "status": "Active", "recorded_date": "2018-04-10", "anniversary_or_expiry": "2028-10-26", "area_ha": null, "tenure_type": "Single Cell Mining Claim", "source": "Ontario MLAS operational claims (OGSEarth / LIO MapServer). Unofficial viewing data, not legal title.", "as_of": "2026-09-20", "role": "focus", "color": "#e8b040"}}, {"type": "Feature", "geometry": {"type": "Polygon", "coordinates": [[[-93.8313, 48.9458], [-93.8313, 48.95], [-93.8375, 48.95], [-93.8375, 48.9458], [-93.8313, 48.9458]]]}, "properties": {"company_id": "new-gold", "jurisdiction": "Ontario", "claim_id": "341910", "claim_name": null, "holder": "(100) NEW GOLD INC.", "status": "Active", "recorded_date": "2018-04-10", "anniversary_or_expiry": "2027-02-13", "area_ha": null, "tenure_type": "Single Cell Mining Claim", "source": "Ontario MLAS operational claims (OGSEarth / LIO MapServer). Unofficial viewing data, not legal title.", "as_of": "2026-09-20", "role": "focus", "color": "#e8b040"}}, {"type": "Feature", "geometry": {"type": "Polygon", "coordinates": [[[-93.9125, 48.9667], [-93.9125, 48.9708], [-93.9188, 48.9708], [-93.9188, 48.9667], [-93.9125, 48.9667]]]}, "properties": {"company_id": "new-gold", "jurisdiction": "Ontario", "claim_id": "341911", "claim_name": null, "holder": "(100) NEW GOLD INC.", "status": "Active", "recorded_date": "2018-04-10", "anniversary_or_expiry": "2028-10-26", "area_ha": null, "tenure_type": "Single Cell Mining Claim", "source": "Ontario MLAS operational claims (OGSEarth / LIO MapServer). Unofficial viewing data, not legal title.", "as_of": "2026-09-20", "role": "focus", "color": "#e8b040"}}, {"type": "Feature", "geometry": {"type": "Polygon", "coordinates": [[[-93.9, 48.95], [-93.9, 48.9542], [-93.9063, 48.9542], [-93.9063, 48.95], [-93.9, 48.95]]]}, "properties": {"company_id": "new-gold", "jurisdiction": "Ontario", "claim_id": "341932", "claim_name": null, "holder": "(100) NEW GOLD INC.", "status": "Active", "recorded_date": "2018-04-10", "anniversary_or_expiry": "2028-10-26", "area_ha": null, "tenure_type": "Single Cell Mining Claim", "source": "Ontario MLAS operational claims (OGSEarth / LIO MapServer). Unofficial viewing data, not legal title.", "as_of": "2026-09-20", "role": "focus", "color": "#e8b040"}}, {"type": "Feature", "geometry": {"type": "Polygon", "coordinates": [[[-93.8063, 48.9458], [-93.8063, 48.95], [-93.8125, 48.95], [-93.8125, 48.9458], [-93.8063, 48.9458]]]}, "properties": {"company_id": "new-gold", "jurisdiction": "Ontario", "claim_id": "341909", "claim_name": null, "holder": "(100) NEW GOLD INC.", "status": "Active", "recorded_date": "2018-04-10", "anniversary_or_expiry": "2027-02-13", "area_ha": null, "tenure_type": "Single Cell Mining Claim", "source": "Ontario MLAS operational claims (OGSEarth / LIO MapServer). Unofficial viewing data, not legal title.", "as_of": "2026-09-20", "role": "focus", "color": "#e8b040"}}, {"type": "Feature", "geometry": {"type": "Polygon", "coordinates": [[[-93.7875, 48.9083], [-93.7875, 48.9125], [-93.7938, 48.9125], [-93.7938, 48.9083], [-93.7875, 48.9083]]]}, "properties": {"company_id": "new-gold", "jurisdiction": "Ontario", "claim_id": "342008", "claim_name": null, "holder": "(100) NEW GOLD INC.", "status": "Active", "recorded_date": "2018-04-10", "anniversary_or_expiry": "2027-02-13", "area_ha": null, "tenure_type": "Single Cell Mining Claim", "source": "Ontario MLAS operational claims (OGSEarth / LIO MapServer). Unofficial viewing data, not legal title.", "as_of": "2026-09-20", "role": "focus", "color": "#e8b040"}}, {"type": "Feature", "geometry": {"type": "Polygon", "coordinates": [[[-93.825, 48.9], [-93.825, 48.9042], [-93.8313, 48.9042], [-93.8313, 48.9], [-93.825, 48.9]]]}, "properties": {"company_id": "new-gold", "jurisdiction": "Ontario", "claim_id": "342571", "claim_name": null, "holder": "(100) NEW GOLD INC.", "status": "Active", "recorded_date": "2018-04-10", "anniversary_or_expiry": "2027-01-28", "area_ha": null, "tenure_type": "Single Cell Mining Claim", "source": "Ontario MLAS operational claims (OGSEarth / LIO MapServer). Unofficial viewing data, not legal title.", "as_of": "2026-09-20", "role": "focus", "color": "#e8b040"}}, {"type": "Feature", "geometry": {"type": "Polygon", "coordinates": [[[-93.8375, 48.8917], [-93.8375, 48.8958], [-93.8438, 48.8958], [-93.8438, 48.8917], [-93.8375, 48.8917]]]}, "properties": {"company_id": "new-gold", "jurisdiction": "Ontario", "claim_id": "342572", "claim_name": null, "holder": "(100) NEW GOLD INC.", "status": "Active", "recorded_date": "2018-04-10", "anniversary_or_expiry": "2027-01-28", "area_ha": null, "tenure_type": "Boundary Cell Mining Claim", "source": "Ontario MLAS operational claims (OGSEarth / LIO MapServer). Unofficial viewing data, not legal title.", "as_of": "2026-09-20", "role": "focus", "color": "#e8b040"}}, {"type": "Feature", "geometry": {"type": "Polygon", "coordinates": [[[-93.8375, 48.8875], [-93.8375, 48.8917], [-93.8438, 48.8917], [-93.8438, 48.8875], [-93.8375, 48.8875]]]}, "properties": {"company_id": "new-gold", "jurisdiction": "Ontario", "claim_id": "342573", "claim_name": null, "holder": "(100) NEW GOLD INC.", "status": "Active", "recorded_date": "2018-04-10", "anniversary_or_expiry": "2027-01-28", "area_ha": null, "tenure_type": "Boundary Cell Mining Claim", "source": "Ontario MLAS operational claims (OGSEarth / LIO MapServer). Unofficial viewing data, not legal title.", "as_of": "2026-09-20", "role": "focus", "color": "#e8b040"}}, {"type": "Feature", "geometry": {"type": "Polygon", "coordinates": [[[-93.775, 48.925], [-93.775, 48.9292], [-93.7813, 48.9292], [-93.7813, 48.925], [-93.775, 48.925]]]}, "properties": {"company_id": "new-gold", "jurisdiction": "Ontario", "claim_id": "342583", "claim_name": null, "holder": "(100) NEW GOLD INC.", "status": "Active", "recorded_date": "2018-04-10", "anniversary_or_expiry": "2027-02-13", "area_ha": null, "tenure_type": "Single Cell Mining Claim", "source": "Ontario MLAS operational claims (OGSEarth / LIO MapServer). Unofficial viewing data, not legal title.", "as_of": "2026-09-20", "role": "focus", "color": "#e8b040"}}, {"type": "Feature", "geometry": {"type": "Polygon", "coordinates": [[[-93.9125, 48.9375], [-93.9125, 48.9417], [-93.9188, 48.9417], [-93.9188, 48.9375], [-93.9125, 48.9375]]]}, "properties": {"company_id": "new-gold", "jurisdiction": "Ontario", "claim_id": "342630", "claim_name": null, "holder": "(100) NEW GOLD INC.", "status": "Active", "recorded_date": "2018-04-10", "anniversary_or_expiry": "2028-10-26", "area_ha": null, "tenure_type": "Single Cell Mining Claim", "source": "Ontario MLAS operational claims (OGSEarth / LIO MapServer). Unofficial viewing data, not legal title.", "as_of": "2026-09-20", "role": "focus", "color": "#e8b040"}}, {"type": "Feature", "geometry": {"type": "Polygon", "coordinates": [[[-93.9063, 48.9333], [-93.9063, 48.9375], [-93.9125, 48.9375], [-93.9125, 48.9333], [-93.9063, 48.9333]]]}, "properties": {"company_id": "new-gold", "jurisdiction": "Ontario", "claim_id": "342631", "claim_name": null, "holder": "(100) NEW GOLD INC.", "status": "Active", "recorded_date": "2018-04-10", "anniversary_or_expiry": "2028-10-26", "area_ha": null, "tenure_type": "Single Cell Mining Claim", "source": "Ontario MLAS operational claims (OGSEarth / LIO MapServer). Unofficial viewing data, not legal title.", "as_of": "2026-09-20", "role": "focus", "color": "#e8b040"}}, {"type": "Feature", "geometry": {"type": "Polygon", "coordinates": [[[-93.8438, 48.9917], [-93.8438, 48.9958], [-93.85, 48.9958], [-93.85, 48.9917], [-93.8438, 48.9917]]]}, "properties": {"company_id": "new-gold", "jurisdiction": "Ontario", "claim_id": "344589", "claim_name": null, "holder": "(100) NEW GOLD INC.", "status": "Active", "recorded_date": "2018-04-10", "anniversary_or_expiry": "2028-05-08", "area_ha": null, "tenure_type": "Single Cell Mining Claim", "source": "Ontario MLAS operational claims (OGSEarth / LIO MapServer). Unofficial viewing data, not legal title.", "as_of": "2026-09-20", "role": "focus", "color": "#e8b040"}}, {"type": "Feature", "geometry": {"type": "Polygon", "coordinates": [[[-93.8625, 48.9917], [-93.8625, 48.9958], [-93.8688, 48.9958], [-93.8688, 48.9917], [-93.8625, 48.9917]]]}, "properties": {"company_id": "new-gold", "jurisdiction": "Ontario", "claim_id": "344590", "claim_name": null, "holder": "(100) NEW GOLD INC.", "status": "Active", "recorded_date": "2018-04-10", "anniversary_or_expiry": "2028-05-08", "area_ha": null, "tenure_type": "Boundary Cell Mining Claim", "source": "Ontario MLAS operational claims (OGSEarth / LIO MapServer). Unofficial viewing data, not legal title.", "as_of": "2026-09-20", "role": "focus", "color": "#e8b040"}}, {"type": "Feature", "geometry": {"type": "Polygon", "coordinates": [[[-93.85, 48.9792], [-93.85, 48.9833], [-93.8563, 48.9833], [-93.8563, 48.9792], [-93.85, 48.9792]]]}, "properties": {"company_id": "new-gold", "jurisdiction": "Ontario", "claim_id": "344591", "claim_name": null, "holder": "(100) NEW GOLD INC.", "status": "Active", "recorded_date": "2018-04-10", "anniversary_or_expiry": "2028-06-02", "area_ha": null, "tenure_type": "Boundary Cell Mining Claim", "source": "Ontario MLAS operational claims (OGSEarth / LIO MapServer). Unofficial viewing data, not legal title.", "as_of": "2026-09-20", "role": "focus", "color": "#e8b040"}}, {"type": "Feature", "geometry": {"type": "Polygon", "coordinates": [[[-93.7313, 48.9958], [-93.7313, 49.0], [-93.7375, 49.0], [-93.7375, 48.9958], [-93.7313, 48.9958]]]}, "properties": {"company_id": "new-gold", "jurisdiction": "Ontario", "claim_id": "344057", "claim_name": null, "holder": "(100) NEW GOLD INC.", "status": "Active", "recorded_date": "2018-04-10", "anniversary_or_expiry": "2028-07-11", "area_ha": null, "tenure_type": "Single Cell Mining Claim", "source": "Ontario MLAS operational claims (OGSEarth / LIO MapServer). Unofficial viewing data, not legal title.", "as_of": "2026-09-20", "role": "focus", "color": "#e8b040"}}, {"type": "Feature", "geometry": {"type": "Polygon", "coordinates": [[[-93.775, 48.975], [-93.775, 48.9792], [-93.7813, 48.9792], [-93.7813, 48.975], [-93.775, 48.975]]]}, "properties": {"company_id": "new-gold", "jurisdiction": "Ontario", "claim_id": "344058", "claim_name": null, "holder": "(100) NEW GOLD INC.", "status": "Active", "recorded_date": "2018-04-10", "anniversary_or_expiry": "2028-06-02", "area_ha": null, "tenure_type": "Single Cell Mining Claim", "source": "Ontario MLAS operational claims (OGSEarth / LIO MapServer). Unofficial viewing data, not legal title.", "as_of": "2026-09-20", "role": "focus", "color": "#e8b040"}}, {"type": "Feature", "geometry": {"type": "Polygon", "coordinates": [[[-93.7875, 48.9667], [-93.7875, 48.9708], [-93.7938, 48.9708], [-93.7938, 48.9667], [-93.7875, 48.9667]]]}, "properties": {"company_id": "new-gold", "jurisdiction": "Ontario", "claim_id": "344059", "claim_name": null, "holder": "(100) NEW GOLD INC.", "status": "Active", "recorded_date": "2018-04-10", "anniversary_or_expiry": "2028-06-02", "area_ha": null, "tenure_type": "Single Cell Mining Claim", "source": "Ontario MLAS operational claims (OGSEarth / LIO MapServer). Unofficial viewing data, not legal title.", "as_of": "2026-09-20", "role": "focus", "color": "#e8b040"}}, {"type": "Feature", "geometry": {"type": "Polygon", "coordinates": [[[-93.7938, 48.9], [-93.7938, 48.9042], [-93.8, 48.9042], [-93.8, 48.9], [-93.7938, 48.9]]]}, "properties": {"company_id": "new-gold", "jurisdiction": "Ontario", "claim_id": "344060", "claim_name": null, "holder": "(100) NEW GOLD INC.", "status": "Active", "recorded_date": "2018-04-10", "anniversary_or_expiry": "2028-05-04", "area_ha": null, "tenure_type": "Single Cell Mining Claim", "source": "Ontario MLAS operational claims (OGSEarth / LIO MapServer). Unofficial viewing data, not legal title.", "as_of": "2026-09-20", "role": "focus", "color": "#e8b040"}}, {"type": "Feature", "geometry": {"type": "Polygon", "coordinates": [[[-93.7938, 48.8958], [-93.7938, 48.9], [-93.8, 48.9], [-93.8, 48.8958], [-93.7938, 48.8958]]]}, "properties": {"company_id": "new-gold", "jurisdiction": "Ontario", "claim_id": "344061", "claim_name": null, "holder": "(100) NEW GOLD INC.", "status": "Active", "recorded_date": "2018-04-10", "anniversary_or_expiry": "2028-05-04", "area_ha": null, "tenure_type": "Single Cell Mining Claim", "source": "Ontario MLAS operational claims (OGSEarth / LIO MapServer). Unofficial viewing data, not legal title.", "as_of": "2026-09-20", "role": "focus", "color": "#e8b040"}}, {"type": "Feature", "geometry": {"type": "Polygon", "coordinates": [[[-93.8, 48.8958], [-93.8, 48.9], [-93.8063, 48.9], [-93.8063, 48.8958], [-93.8, 48.8958]]]}, "properties": {"company_id": "new-gold", "jurisdiction": "Ontario", "claim_id": "344062", "claim_name": null, "holder": "(100) NEW GOLD INC.", "status": "Active", "recorded_date": "2018-04-10", "anniversary_or_expiry": "2028-05-04", "area_ha": null, "tenure_type": "Single Cell Mining Claim", "source": "Ontario MLAS operational claims (OGSEarth / LIO MapServer). Unofficial viewing data, not legal title.", "as_of": "2026-09-20", "role": "focus", "color": "#e8b040"}}, {"type": "Feature", "geometry": {"type": "Polygon", "coordinates": [[[-93.7938, 48.9625], [-93.7938, 48.9667], [-93.8, 48.9667], [-93.8, 48.9625], [-93.7938, 48.9625]]]}, "properties": {"company_id": "new-gold", "jurisdiction": "Ontario", "claim_id": "344639", "claim_name": null, "holder": "(100) NEW GOLD INC.", "status": "Active", "recorded_date": "2018-04-10", "anniversary_or_expiry": "2028-06-02", "area_ha": null, "tenure_type": "Single Cell Mining Claim", "source": "Ontario MLAS operational claims (OGSEarth / LIO MapServer). Unofficial viewing data, not legal title.", "as_of": "2026-09-20", "role": "focus", "color": "#e8b040"}}, {"type": "Feature", "geometry": {"type": "Polygon", "coordinates": [[[-93.8063, 48.95], [-93.8063, 48.9542], [-93.8125, 48.9542], [-93.8125, 48.95], [-93.8063, 48.95]]]}, "properties": {"company_id": "new-gold", "jurisdiction": "Ontario", "claim_id": "344640", "claim_name": null, "holder": "(100) NEW GOLD INC.", "status": "Active", "recorded_date": "2018-04-10", "anniversary_or_expiry": "2028-06-02", "area_ha": null, "tenure_type": "Boundary Cell Mining Claim", "source": "Ontario MLAS operational claims (OGSEarth / LIO MapServer). Unofficial viewing data, not legal title.", "as_of": "2026-09-20", "role": "focus", "color": "#e8b040"}}, {"type": "Feature", "geometry": {"type": "Polygon", "coordinates": [[[-93.8188, 48.975], [-93.8188, 48.9792], [-93.825, 48.9792], [-93.825, 48.975], [-93.8188, 48.975]]]}, "properties": {"company_id": "new-gold", "jurisdiction": "Ontario", "claim_id": "344689", "claim_name": null, "holder": "(100) NEW GOLD INC.", "status": "Active", "recorded_date": "2018-04-10", "anniversary_or_expiry": "2028-06-02", "area_ha": null, "tenure_type": "Single Cell Mining Claim", "source": "Ontario MLAS operational claims (OGSEarth / LIO MapServer). Unofficial viewing data, not legal title.", "as_of": "2026-09-20", "role": "focus", "color": "#e8b040"}}, {"type": "Feature", "geometry": {"type": "Polygon", "coordinates": [[[-93.8313, 48.9708], [-93.8313, 48.975], [-93.8375, 48.975], [-93.8375, 48.9708], [-93.8313, 48.9708]]]}, "properties": {"company_id": "new-gold", "jurisdiction": "Ontario", "claim_id": "344690", "claim_name": null, "holder": "(100) NEW GOLD INC.", "status": "Active", "recorded_date": "2018-04-10", "anniversary_or_expiry": "2028-06-02", "area_ha": null, "tenure_type": "Single Cell Mining Claim", "source": "Ontario MLAS operational claims (OGSEarth / LIO MapServer). Unofficial viewing data, not legal title.", "as_of": "2026-09-20", "role": "focus", "color": "#e8b040"}}, {"type": "Feature", "geometry": {"type": "Polygon", "coordinates": [[[-93.725, 49.025], [-93.725, 49.0292], [-93.7313, 49.0292], [-93.7313, 49.025], [-93.725, 49.025]]]}, "properties": {"company_id": "new-gold", "jurisdiction": "Ontario", "claim_id": "345265", "claim_name": null, "holder": "(100) NEW GOLD INC.", "status": "Active", "recorded_date": "2018-04-10", "anniversary_or_expiry": "2028-07-11", "area_ha": null, "tenure_type": "Single Cell Mining Claim", "source": "Ontario MLAS operational claims (OGSEarth / LIO MapServer). Unofficial viewing data, not legal title.", "as_of": "2026-09-20", "role": "focus", "color": "#e8b040"}}, {"type": "Feature", "geometry": {"type": "Polygon", "coordinates": [[[-93.7188, 49.0125], [-93.7188, 49.0167], [-93.725, 49.0167], [-93.725, 49.0125], [-93.7188, 49.0125]]]}, "properties": {"company_id": "new-gold", "jurisdiction": "Ontario", "claim_id": "345266", "claim_name": null, "holder": "(100) NEW GOLD INC.", "status": "Active", "recorded_date": "2018-04-10", "anniversary_or_expiry": "2028-07-11", "area_ha": null, "tenure_type": "Single Cell Mining Claim", "source": "Ontario MLAS operational claims (OGSEarth / LIO MapServer). Unofficial viewing data, not legal title.", "as_of": "2026-09-20", "role": "focus", "color": "#e8b040"}}, {"type": "Feature", "geometry": {"type": "Polygon", "coordinates": [[[-93.8125, 48.8833], [-93.8125, 48.8875], [-93.8188, 48.8875], [-93.8188, 48.8833], [-93.8125, 48.8833]]]}, "properties": {"company_id": "new-gold", "jurisdiction": "Ontario", "claim_id": "345286", "claim_name": null, "holder": "(100) NEW GOLD INC.", "status": "Active", "recorded_date": "2018-04-10", "anniversary_or_expiry": "2028-05-04", "area_ha": null, "tenure_type": "Single Cell Mining Claim", "source": "Ontario MLAS operational claims (OGSEarth / LIO MapServer). Unofficial viewing data, not legal title.", "as_of": "2026-09-20", "role": "focus", "color": "#e8b040"}}, {"type": "Feature", "geometry": {"type": "Polygon", "coordinates": [[[-93.8125, 48.8792], [-93.8125, 48.8833], [-93.8188, 48.8833], [-93.8188, 48.8792], [-93.8125, 48.8792]]]}, "properties": {"company_id": "new-gold", "jurisdiction": "Ontario", "claim_id": "345287", "claim_name": null, "holder": "(100) NEW GOLD INC.", "status": "Active", "recorded_date": "2018-04-10", "anniversary_or_expiry": "2028-05-04", "area_ha": null, "tenure_type": "Single Cell Mining Claim", "source": "Ontario MLAS operational claims (OGSEarth / LIO MapServer). Unofficial viewing data, not legal title.", "as_of": "2026-09-20", "role": "focus", "color": "#e8b040"}}, {"type": "Feature", "geometry": {"type": "Polygon", "coordinates": [[[-93.8188, 48.875], [-93.8188, 48.8792], [-93.825, 48.8792], [-93.825, 48.875], [-93.8188, 48.875]]]}, "properties": {"company_id": "new-gold", "jurisdiction": "Ontario", "claim_id": "345288", "claim_name": null, "holder": "(100) NEW GOLD INC.", "status": "Active", "recorded_date": "2018-04-10", "anniversary_or_expiry": "2028-05-04", "area_ha": null, "tenure_type": "Single Cell Mining Claim", "source": "Ontario MLAS operational claims (OGSEarth / LIO MapServer). Unofficial viewing data, not legal title.", "as_of": "2026-09-20", "role": "focus", "color": "#e8b040"}}, {"type": "Feature", "geometry": {"type": "Polygon", "coordinates": [[[-93.8063, 48.9875], [-93.8063, 48.9917], [-93.8125, 48.9917], [-93.8125, 48.9875], [-93.8063, 48.9875]]]}, "properties": {"company_id": "new-gold", "jurisdiction": "Ontario", "claim_id": "345289", "claim_name": null, "holder": "(100) NEW GOLD INC.", "status": "Active", "recorded_date": "2018-04-10", "anniversary_or_expiry": "2028-05-25", "area_ha": null, "tenure_type": "Single Cell Mining Claim", "source": "Ontario MLAS operational claims (OGSEarth / LIO MapServer). Unofficial viewing data, not legal title.", "as_of": "2026-09-20", "role": "focus", "color": "#e8b040"}}, {"type": "Feature", "geometry": {"type": "Polygon", "coordinates": [[[-94.2563, 48.825], [-94.2563, 48.8292], [-94.2625, 48.8292], [-94.2625, 48.825], [-94.2563, 48.825]]]}, "properties": {"company_id": "new-gold", "jurisdiction": "Ontario", "claim_id": "345302", "claim_name": null, "holder": "(100) NEW GOLD INC.", "status": "Active", "recorded_date": "2018-04-10", "anniversary_or_expiry": "2026-12-02", "area_ha": null, "tenure_type": "Single Cell Mining Claim", "source": "Ontario MLAS operational claims (OGSEarth / LIO MapServer). Unofficial viewing data, not legal title.", "as_of": "2026-09-20", "role": "focus", "color": "#e8b040"}}, {"type": "Feature", "geometry": {"type": "Polygon", "coordinates": [[[-94.2625, 48.825], [-94.2625, 48.8292], [-94.2688, 48.8292], [-94.2688, 48.825], [-94.2625, 48.825]]]}, "properties": {"company_id": "new-gold", "jurisdiction": "Ontario", "claim_id": "345303", "claim_name": null, "holder": "(100) NEW GOLD INC.", "status": "Active", "recorded_date": "2018-04-10", "anniversary_or_expiry": "2026-12-02", "area_ha": null, "tenure_type": "Single Cell Mining Claim", "source": "Ontario MLAS operational claims (OGSEarth / LIO MapServer). Unofficial viewing data, not legal title.", "as_of": "2026-09-20", "role": "focus", "color": "#e8b040"}}, {"type": "Feature", "geometry": {"type": "Polygon", "coordinates": [[[-94.2563, 48.8042], [-94.2563, 48.8083], [-94.2625, 48.8083], [-94.2625, 48.8042], [-94.2563, 48.8042]]]}, "properties": {"company_id": "new-gold", "jurisdiction": "Ontario", "claim_id": "345304", "claim_name": null, "holder": "(100) NEW GOLD INC.", "status": "Active", "recorded_date": "2018-04-10", "anniversary_or_expiry": "2026-12-02", "area_ha": null, "tenure_type": "Single Cell Mining Claim", "source": "Ontario MLAS operational claims (OGSEarth / LIO MapServer). Unofficial viewing data, not legal title.", "as_of": "2026-09-20", "role": "focus", "color": "#e8b040"}}, {"type": "Feature", "geometry": {"type": "Polygon", "coordinates": [[[-93.7875, 48.9958], [-93.7875, 49.0], [-93.7938, 49.0], [-93.7938, 48.9958], [-93.7875, 48.9958]]]}, "properties": {"company_id": "new-gold", "jurisdiction": "Ontario", "claim_id": "345341", "claim_name": null, "holder": "(100) NEW GOLD INC.", "status": "Active", "recorded_date": "2018-04-10", "anniversary_or_expiry": "2028-05-25", "area_ha": null, "tenure_type": "Single Cell Mining Claim", "source": "Ontario MLAS operational claims (OGSEarth / LIO MapServer). Unofficial viewing data, not legal title.", "as_of": "2026-09-20", "role": "focus", "color": "#e8b040"}}, {"type": "Feature", "geometry": {"type": "Polygon", "coordinates": [[[-93.7813, 48.9875], [-93.7813, 48.9917], [-93.7875, 48.9917], [-93.7875, 48.9875], [-93.7813, 48.9875]]]}, "properties": {"company_id": "new-gold", "jurisdiction": "Ontario", "claim_id": "345358", "claim_name": null, "holder": "(100) NEW GOLD INC.", "status": "Active", "recorded_date": "2018-04-10", "anniversary_or_expiry": "2028-05-25", "area_ha": null, "tenure_type": "Single Cell Mining Claim", "source": "Ontario MLAS operational claims (OGSEarth / LIO MapServer). Unofficial viewing data, not legal title.", "as_of": "2026-09-20", "role": "focus", "color": "#e8b040"}}, {"type": "Feature", "geometry": {"type": "Polygon", "coordinates": [[[-93.7938, 48.9875], [-93.7938, 48.9917], [-93.8, 48.9917], [-93.8, 48.9875], [-93.7938, 48.9875]]]}, "properties": {"company_id": "new-gold", "jurisdiction": "Ontario", "claim_id": "345359", "claim_name": null, "holder": "(100) NEW GOLD INC.", "status": "Active", "recorded_date": "2018-04-10", "anniversary_or_expiry": "2028-05-25", "area_ha": null, "tenure_type": "Single Cell Mining Claim", "source": "Ontario MLAS operational claims (OGSEarth / LIO MapServer). Unofficial viewing data, not legal title.", "as_of": "2026-09-20", "role": "focus", "color": "#e8b040"}}, {"type": "Feature", "geometry": {"type": "Polygon", "coordinates": [[[-94.3063, 48.7542], [-94.3063, 48.7583], [-94.3125, 48.7583], [-94.3125, 48.7542], [-94.3063, 48.7542]]]}, "properties": {"company_id": "new-gold", "jurisdiction": "Ontario", "claim_id": "344935", "claim_name": null, "holder": "(100) NEW GOLD INC.", "status": "Active", "recorded_date": "2018-04-10", "anniversary_or_expiry": "2027-01-26", "area_ha": null, "tenure_type": "Single Cell Mining Claim", "source": "Ontario MLAS operational claims (OGSEarth / LIO MapServer). Unofficial viewing data, not legal title.", "as_of": "2026-09-20", "role": "focus", "color": "#e8b040"}}, {"type": "Feature", "geometry": {"type": "Polygon", "coordinates": [[[-93.8375, 49.0], [-93.8313, 49.0], [-93.8313, 49.0042], [-93.8438, 49.0042], [-93.8438, 49.0], [-93.8375, 49.0]]]}, "properties": {"company_id": "new-gold", "jurisdiction": "Ontario", "claim_id": "535472", "claim_name": null, "holder": "(100) NEW GOLD INC.", "status": "Active", "recorded_date": "2018-11-28", "anniversary_or_expiry": "2028-11-28", "area_ha": null, "tenure_type": "Multi-cell Mining Claim", "source": "Ontario MLAS operational claims (OGSEarth / LIO MapServer). Unofficial viewing data, not legal title.", "as_of": "2026-09-20", "role": "focus", "color": "#e8b040"}}, {"type": "Feature", "geometry": {"type": "Polygon", "coordinates": [[[-93.8688, 49.0], [-93.8688, 49.0042], [-93.875, 49.0042], [-93.875, 49.0], [-93.8688, 49.0]]]}, "properties": {"company_id": "new-gold", "jurisdiction": "Ontario", "claim_id": "535473", "claim_name": null, "holder": "(100) NEW GOLD INC.", "status": "Active", "recorded_date": "2018-11-28", "anniversary_or_expiry": "2028-11-28", "area_ha": null, "tenure_type": "Single Cell Mining Claim", "source": "Ontario MLAS operational claims (OGSEarth / LIO MapServer). Unofficial viewing data, not legal title.", "as_of": "2026-09-20", "role": "focus", "color": "#e8b040"}}, {"type": "Feature", "geometry": {"type": "Polygon", "coordinates": [[[-93.9188, 48.9917], [-93.9188, 48.9958], [-93.925, 48.9958], [-93.925, 48.9917], [-93.9188, 48.9917]]]}, "properties": {"company_id": "new-gold", "jurisdiction": "Ontario", "claim_id": "538576", "claim_name": null, "holder": "(100) NEW GOLD INC.", "status": "Active", "recorded_date": "2019-01-08", "anniversary_or_expiry": "2027-01-08", "area_ha": null, "tenure_type": "Single Cell Mining Claim", "source": "Ontario MLAS operational claims (OGSEarth / LIO MapServer). Unofficial viewing data, not legal title.", "as_of": "2026-09-20", "role": "focus", "color": "#e8b040"}}, {"type": "Feature", "geometry": {"type": "Polygon", "coordinates": [[[-93.9188, 48.9958], [-93.9188, 49.0], [-93.925, 49.0], [-93.925, 48.9958], [-93.9188, 48.9958]]]}, "properties": {"company_id": "new-gold", "jurisdiction": "Ontario", "claim_id": "538577", "claim_name": null, "holder": "(100) NEW GOLD INC.", "status": "Active", "recorded_date": "2019-01-08", "anniversary_or_expiry": "2027-01-08", "area_ha": null, "tenure_type": "Single Cell Mining Claim", "source": "Ontario MLAS operational claims (OGSEarth / LIO MapServer). Unofficial viewing data, not legal title.", "as_of": "2026-09-20", "role": "focus", "color": "#e8b040"}}, {"type": "Feature", "geometry": {"type": "Polygon", "coordinates": [[[-93.9125, 49.0042], [-93.9125, 49.0083], [-93.9188, 49.0083], [-93.9188, 49.0042], [-93.9125, 49.0042]]]}, "properties": {"company_id": "new-gold", "jurisdiction": "Ontario", "claim_id": "538578", "claim_name": null, "holder": "(100) NEW GOLD INC.", "status": "Active", "recorded_date": "2019-01-08", "anniversary_or_expiry": "2027-01-08", "area_ha": null, "tenure_type": "Single Cell Mining Claim", "source": "Ontario MLAS operational claims (OGSEarth / LIO MapServer). Unofficial viewing data, not legal title.", "as_of": "2026-09-20", "role": "focus", "color": "#e8b040"}}, {"type": "Feature", "geometry": {"type": "Polygon", "coordinates": [[[-93.8938, 49.0], [-93.8938, 49.0042], [-93.9, 49.0042], [-93.9, 49.0], [-93.8938, 49.0]]]}, "properties": {"company_id": "new-gold", "jurisdiction": "Ontario", "claim_id": "538579", "claim_name": null, "holder": "(100) NEW GOLD INC.", "status": "Active", "recorded_date": "2019-01-08", "anniversary_or_expiry": "2027-01-08", "area_ha": null, "tenure_type": "Single Cell Mining Claim", "source": "Ontario MLAS operational claims (OGSEarth / LIO MapServer). Unofficial viewing data, not legal title.", "as_of": "2026-09-20", "role": "focus", "color": "#e8b040"}}, {"type": "Feature", "geometry": {"type": "Polygon", "coordinates": [[[-93.875, 49.0], [-93.875, 49.0042], [-93.8813, 49.0042], [-93.8813, 49.0], [-93.875, 49.0]]]}, "properties": {"company_id": "new-gold", "jurisdiction": "Ontario", "claim_id": "538580", "claim_name": null, "holder": "(100) NEW GOLD INC.", "status": "Active", "recorded_date": "2019-01-08", "anniversary_or_expiry": "2027-01-08", "area_ha": null, "tenure_type": "Single Cell Mining Claim", "source": "Ontario MLAS operational claims (OGSEarth / LIO MapServer). Unofficial viewing data, not legal title.", "as_of": "2026-09-20", "role": "focus", "color": "#e8b040"}}, {"type": "Feature", "geometry": {"type": "Polygon", "coordinates": [[[-93.8875, 49.0], [-93.8875, 49.0042], [-93.8938, 49.0042], [-93.8938, 49.0], [-93.8875, 49.0]]]}, "properties": {"company_id": "new-gold", "jurisdiction": "Ontario", "claim_id": "538581", "claim_name": null, "holder": "(100) NEW GOLD INC.", "status": "Active", "recorded_date": "2019-01-08", "anniversary_or_expiry": "2027-01-08", "area_ha": null, "tenure_type": "Single Cell Mining Claim", "source": "Ontario MLAS operational claims (OGSEarth / LIO MapServer). Unofficial viewing data, not legal title.", "as_of": "2026-09-20", "role": "focus", "color": "#e8b040"}}, {"type": "Feature", "geometry": {"type": "Polygon", "coordinates": [[[-93.8813, 49.0042], [-93.8813, 49.0083], [-93.8875, 49.0083], [-93.8875, 49.0042], [-93.8813, 49.0042]]]}, "properties": {"company_id": "new-gold", "jurisdiction": "Ontario", "claim_id": "538582", "claim_name": null, "holder": "(100) NEW GOLD INC.", "status": "Active", "recorded_date": "2019-01-08", "anniversary_or_expiry": "2027-01-08", "area_ha": null, "tenure_type": "Single Cell Mining Claim", "source": "Ontario MLAS operational claims (OGSEarth / LIO MapServer). Unofficial viewing data, not legal title.", "as_of": "2026-09-20", "role": "focus", "color": "#e8b040"}}, {"type": "Feature", "geometry": {"type": "Polygon", "coordinates": [[[-93.875, 49.0042], [-93.875, 49.0083], [-93.8813, 49.0083], [-93.8813, 49.0042], [-93.875, 49.0042]]]}, "properties": {"company_id": "new-gold", "jurisdiction": "Ontario", "claim_id": "538583", "claim_name": null, "holder": "(100) NEW GOLD INC.", "status": "Active", "recorded_date": "2019-01-08", "anniversary_or_expiry": "2027-01-08", "area_ha": null, "tenure_type": "Single Cell Mining Claim", "source": "Ontario MLAS operational claims (OGSEarth / LIO MapServer). Unofficial viewing data, not legal title.", "as_of": "2026-09-20", "role": "focus", "color": "#e8b040"}}, {"type": "Feature", "geometry": {"type": "Polygon", "coordinates": [[[-93.9063, 49.0042], [-93.9063, 49.0083], [-93.9125, 49.0083], [-93.9125, 49.0042], [-93.9063, 49.0042]]]}, "properties": {"company_id": "new-gold", "jurisdiction": "Ontario", "claim_id": "538584", "claim_name": null, "holder": "(100) NEW GOLD INC.", "status": "Active", "recorded_date": "2019-01-08", "anniversary_or_expiry": "2027-01-08", "area_ha": null, "tenure_type": "Single Cell Mining Claim", "source": "Ontario MLAS operational claims (OGSEarth / LIO MapServer). Unofficial viewing data, not legal title.", "as_of": "2026-09-20", "role": "focus", "color": "#e8b040"}}, {"type": "Feature", "geometry": {"type": "Polygon", "coordinates": [[[-93.9188, 49.0042], [-93.9188, 49.0083], [-93.925, 49.0083], [-93.925, 49.0042], [-93.9188, 49.0042]]]}, "properties": {"company_id": "new-gold", "jurisdiction": "Ontario", "claim_id": "538585", "claim_name": null, "holder": "(100) NEW GOLD INC.", "status": "Active", "recorded_date": "2019-01-08", "anniversary_or_expiry": "2027-01-08", "area_ha": null, "tenure_type": "Single Cell Mining Claim", "source": "Ontario MLAS operational claims (OGSEarth / LIO MapServer). Unofficial viewing data, not legal title.", "as_of": "2026-09-20", "role": "focus", "color": "#e8b040"}}, {"type": "Feature", "geometry": {"type": "Polygon", "coordinates": [[[-93.8875, 49.0042], [-93.8875, 49.0083], [-93.8938, 49.0083], [-93.8938, 49.0042], [-93.8875, 49.0042]]]}, "properties": {"company_id": "new-gold", "jurisdiction": "Ontario", "claim_id": "538586", "claim_name": null, "holder": "(100) NEW GOLD INC.", "status": "Active", "recorded_date": "2019-01-08", "anniversary_or_expiry": "2027-01-08", "area_ha": null, "tenure_type": "Single Cell Mining Claim", "source": "Ontario MLAS operational claims (OGSEarth / LIO MapServer). Unofficial viewing data, not legal title.", "as_of": "2026-09-20", "role": "focus", "color": "#e8b040"}}, {"type": "Feature", "geometry": {"type": "Polygon", "coordinates": [[[-93.8688, 49.0042], [-93.8688, 49.0083], [-93.875, 49.0083], [-93.875, 49.0042], [-93.8688, 49.0042]]]}, "properties": {"company_id": "new-gold", "jurisdiction": "Ontario", "claim_id": "538587", "claim_name": null, "holder": "(100) NEW GOLD INC.", "status": "Active", "recorded_date": "2019-01-08", "anniversary_or_expiry": "2027-01-08", "area_ha": null, "tenure_type": "Single Cell Mining Claim", "source": "Ontario MLAS operational claims (OGSEarth / LIO MapServer). Unofficial viewing data, not legal title.", "as_of": "2026-09-20", "role": "focus", "color": "#e8b040"}}, {"type": "Feature", "geometry": {"type": "Polygon", "coordinates": [[[-93.9063, 49.0], [-93.9063, 49.0042], [-93.9125, 49.0042], [-93.9125, 49.0], [-93.9063, 49.0]]]}, "properties": {"company_id": "new-gold", "jurisdiction": "Ontario", "claim_id": "538588", "claim_name": null, "holder": "(100) NEW GOLD INC.", "status": "Active", "recorded_date": "2019-01-08", "anniversary_or_expiry": "2027-01-08", "area_ha": null, "tenure_type": "Single Cell Mining Claim", "source": "Ontario MLAS operational claims (OGSEarth / LIO MapServer). Unofficial viewing data, not legal title.", "as_of": "2026-09-20", "role": "focus", "color": "#e8b040"}}, {"type": "Feature", "geometry": {"type": "Polygon", "coordinates": [[[-93.9188, 49.0], [-93.9188, 49.0042], [-93.925, 49.0042], [-93.925, 49.0], [-93.9188, 49.0]]]}, "properties": {"company_id": "new-gold", "jurisdiction": "Ontario", "claim_id": "538589", "claim_name": null, "holder": "(100) NEW GOLD INC.", "status": "Active", "recorded_date": "2019-01-08", "anniversary_or_expiry": "2027-01-08", "area_ha": null, "tenure_type": "Single Cell Mining Claim", "source": "Ontario MLAS operational claims (OGSEarth / LIO MapServer). Unofficial viewing data, not legal title.", "as_of": "2026-09-20", "role": "focus", "color": "#e8b040"}}, {"type": "Feature", "geometry": {"type": "Polygon", "coordinates": [[[-93.9125, 49.0], [-93.9125, 49.0042], [-93.9188, 49.0042], [-93.9188, 49.0], [-93.9125, 49.0]]]}, "properties": {"company_id": "new-gold", "jurisdiction": "Ontario", "claim_id": "538590", "claim_name": null, "holder": "(100) NEW GOLD INC.", "status": "Active", "recorded_date": "2019-01-08", "anniversary_or_expiry": "2027-01-08", "area_ha": null, "tenure_type": "Single Cell Mining Claim", "source": "Ontario MLAS operational claims (OGSEarth / LIO MapServer). Unofficial viewing data, not legal title.", "as_of": "2026-09-20", "role": "focus", "color": "#e8b040"}}, {"type": "Feature", "geometry": {"type": "Polygon", "coordinates": [[[-93.9, 49.0], [-93.9, 49.0042], [-93.9063, 49.0042], [-93.9063, 49.0], [-93.9, 49.0]]]}, "properties": {"company_id": "new-gold", "jurisdiction": "Ontario", "claim_id": "538591", "claim_name": null, "holder": "(100) NEW GOLD INC.", "status": "Active", "recorded_date": "2019-01-08", "anniversary_or_expiry": "2027-01-08", "area_ha": null, "tenure_type": "Single Cell Mining Claim", "source": "Ontario MLAS operational claims (OGSEarth / LIO MapServer). Unofficial viewing data, not legal title.", "as_of": "2026-09-20", "role": "focus", "color": "#e8b040"}}, {"type": "Feature", "geometry": {"type": "Polygon", "coordinates": [[[-93.9, 49.0042], [-93.9, 49.0083], [-93.9063, 49.0083], [-93.9063, 49.0042], [-93.9, 49.0042]]]}, "properties": {"company_id": "new-gold", "jurisdiction": "Ontario", "claim_id": "538592", "claim_name": null, "holder": "(100) NEW GOLD INC.", "status": "Active", "recorded_date": "2019-01-08", "anniversary_or_expiry": "2027-01-08", "area_ha": null, "tenure_type": "Single Cell Mining Claim", "source": "Ontario MLAS operational claims (OGSEarth / LIO MapServer). Unofficial viewing data, not legal title.", "as_of": "2026-09-20", "role": "focus", "color": "#e8b040"}}, {"type": "Feature", "geometry": {"type": "Polygon", "coordinates": [[[-93.8938, 49.0042], [-93.8938, 49.0083], [-93.9, 49.0083], [-93.9, 49.0042], [-93.8938, 49.0042]]]}, "properties": {"company_id": "new-gold", "jurisdiction": "Ontario", "claim_id": "538593", "claim_name": null, "holder": "(100) NEW GOLD INC.", "status": "Active", "recorded_date": "2019-01-08", "anniversary_or_expiry": "2027-01-08", "area_ha": null, "tenure_type": "Single Cell Mining Claim", "source": "Ontario MLAS operational claims (OGSEarth / LIO MapServer). Unofficial viewing data, not legal title.", "as_of": "2026-09-20", "role": "focus", "color": "#e8b040"}}, {"type": "Feature", "geometry": {"type": "Polygon", "coordinates": [[[-93.8813, 49.0], [-93.8813, 49.0042], [-93.8875, 49.0042], [-93.8875, 49.0], [-93.8813, 49.0]]]}, "properties": {"company_id": "new-gold", "jurisdiction": "Ontario", "claim_id": "538594", "claim_name": null, "holder": "(100) NEW GOLD INC.", "status": "Active", "recorded_date": "2019-01-08", "anniversary_or_expiry": "2027-01-08", "area_ha": null, "tenure_type": "Single Cell Mining Claim", "source": "Ontario MLAS operational claims (OGSEarth / LIO MapServer). Unofficial viewing data, not legal title.", "as_of": "2026-09-20", "role": "focus", "color": "#e8b040"}}, {"type": "Feature", "geometry": {"type": "Polygon", "coordinates": [[[-93.8563, 48.9792], [-93.8563, 48.9833], [-93.8625, 48.9833], [-93.8625, 48.9792], [-93.8563, 48.9792]]]}, "properties": {"company_id": "new-gold", "jurisdiction": "Ontario", "claim_id": "539565", "claim_name": null, "holder": "(100) NEW GOLD INC.", "status": "Active", "recorded_date": "2019-01-20", "anniversary_or_expiry": "2028-10-26", "area_ha": null, "tenure_type": "Single Cell Mining Claim", "source": "Ontario MLAS operational claims (OGSEarth / LIO MapServer). Unofficial viewing data, not legal title.", "as_of": "2026-09-20", "role": "focus", "color": "#e8b040"}}, {"type": "Feature", "geometry": {"type": "Polygon", "coordinates": [[[-94.2813, 48.7625], [-94.2813, 48.7667], [-94.2875, 48.7667], [-94.2875, 48.7625], [-94.2813, 48.7625]]]}, "properties": {"company_id": "new-gold", "jurisdiction": "Ontario", "claim_id": "115763", "claim_name": null, "holder": "(100) NEW GOLD INC.", "status": "Active", "recorded_date": "2018-04-10", "anniversary_or_expiry": "2026-12-02", "area_ha": null, "tenure_type": "Single Cell Mining Claim", "source": "Ontario MLAS operational claims (OGSEarth / LIO MapServer). Unofficial viewing data, not legal title.", "as_of": "2026-09-20", "role": "focus", "color": "#e8b040"}}, {"type": "Feature", "geometry": {"type": "Polygon", "coordinates": [[[-94.2688, 48.7708], [-94.2688, 48.775], [-94.275, 48.775], [-94.275, 48.7708], [-94.2688, 48.7708]]]}, "properties": {"company_id": "new-gold", "jurisdiction": "Ontario", "claim_id": "125604", "claim_name": null, "holder": "(100) NEW GOLD INC.", "status": "Active", "recorded_date": "2018-04-10", "anniversary_or_expiry": "2026-12-02", "area_ha": null, "tenure_type": "Single Cell Mining Claim", "source": "Ontario MLAS operational claims (OGSEarth / LIO MapServer). Unofficial viewing data, not legal title.", "as_of": "2026-09-20", "role": "focus", "color": "#e8b040"}}, {"type": "Feature", "geometry": {"type": "Polygon", "coordinates": [[[-94.2688, 48.7625], [-94.2688, 48.7667], [-94.275, 48.7667], [-94.275, 48.7625], [-94.2688, 48.7625]]]}, "properties": {"company_id": "new-gold", "jurisdiction": "Ontario", "claim_id": "125605", "claim_name": null, "holder": "(100) NEW GOLD INC.", "status": "Active", "recorded_date": "2018-04-10", "anniversary_or_expiry": "2026-12-02", "area_ha": null, "tenure_type": "Single Cell Mining Claim", "source": "Ontario MLAS operational claims (OGSEarth / LIO MapServer). Unofficial viewing data, not legal title.", "as_of": "2026-09-20", "role": "focus", "color": "#e8b040"}}, {"type": "Feature", "geometry": {"type": "Polygon", "coordinates": [[[-94.2688, 48.7667], [-94.2688, 48.7708], [-94.275, 48.7708], [-94.275, 48.7667], [-94.2688, 48.7667]]]}, "properties": {"company_id": "new-gold", "jurisdiction": "Ontario", "claim_id": "154885", "claim_name": null, "holder": "(100) NEW GOLD INC.", "status": "Active", "recorded_date": "2018-04-10", "anniversary_or_expiry": "2026-12-02", "area_ha": null, "tenure_type": "Single Cell Mining Claim", "source": "Ontario MLAS operational claims (OGSEarth / LIO MapServer). Unofficial viewing data, not legal title.", "as_of": "2026-09-20", "role": "focus", "color": "#e8b040"}}, {"type": "Feature", "geometry": {"type": "Polygon", "coordinates": [[[-94.275, 48.7625], [-94.275, 48.7667], [-94.2813, 48.7667], [-94.2813, 48.7625], [-94.275, 48.7625]]]}, "properties": {"company_id": "new-gold", "jurisdiction": "Ontario", "claim_id": "171439", "claim_name": null, "holder": "(100) NEW GOLD INC.", "status": "Active", "recorded_date": "2018-04-10", "anniversary_or_expiry": "2026-12-02", "area_ha": null, "tenure_type": "Single Cell Mining Claim", "source": "Ontario MLAS operational claims (OGSEarth / LIO MapServer). Unofficial viewing data, not legal title.", "as_of": "2026-09-20", "role": "focus", "color": "#e8b040"}}, {"type": "Feature", "geometry": {"type": "Polygon", "coordinates": [[[-94.275, 48.7708], [-94.275, 48.775], [-94.2813, 48.775], [-94.2813, 48.7708], [-94.275, 48.7708]]]}, "properties": {"company_id": "new-gold", "jurisdiction": "Ontario", "claim_id": "274757", "claim_name": null, "holder": "(100) NEW GOLD INC.", "status": "Active", "recorded_date": "2018-04-10", "anniversary_or_expiry": "2026-12-02", "area_ha": null, "tenure_type": "Single Cell Mining Claim", "source": "Ontario MLAS operational claims (OGSEarth / LIO MapServer). Unofficial viewing data, not legal title.", "as_of": "2026-09-20", "role": "focus", "color": "#e8b040"}}, {"type": "Feature", "geometry": {"type": "Polygon", "coordinates": [[[-94.275, 48.7667], [-94.275, 48.7708], [-94.2813, 48.7708], [-94.2813, 48.7667], [-94.275, 48.7667]]]}, "properties": {"company_id": "new-gold", "jurisdiction": "Ontario", "claim_id": "274758", "claim_name": null, "holder": "(100) NEW GOLD INC.", "status": "Active", "recorded_date": "2018-04-10", "anniversary_or_expiry": "2026-12-02", "area_ha": null, "tenure_type": "Single Cell Mining Claim", "source": "Ontario MLAS operational claims (OGSEarth / LIO MapServer). Unofficial viewing data, not legal title.", "as_of": "2026-09-20", "role": "focus", "color": "#e8b040"}}, {"type": "Feature", "geometry": {"type": "Polygon", "coordinates": [[[-94.2813, 48.7708], [-94.2813, 48.775], [-94.2875, 48.775], [-94.2875, 48.7708], [-94.2813, 48.7708]]]}, "properties": {"company_id": "new-gold", "jurisdiction": "Ontario", "claim_id": "286903", "claim_name": null, "holder": "(100) NEW GOLD INC.", "status": "Active", "recorded_date": "2018-04-10", "anniversary_or_expiry": "2026-12-02", "area_ha": null, "tenure_type": "Single Cell Mining Claim", "source": "Ontario MLAS operational claims (OGSEarth / LIO MapServer). Unofficial viewing data, not legal title.", "as_of": "2026-09-20", "role": "focus", "color": "#e8b040"}}, {"type": "Feature", "geometry": {"type": "Polygon", "coordinates": [[[-94.2813, 48.7667], [-94.2813, 48.7708], [-94.2875, 48.7708], [-94.2875, 48.7667], [-94.2813, 48.7667]]]}, "properties": {"company_id": "new-gold", "jurisdiction": "Ontario", "claim_id": "310722", "claim_name": null, "holder": "(100) NEW GOLD INC.", "status": "Active", "recorded_date": "2018-04-10", "anniversary_or_expiry": "2026-12-02", "area_ha": null, "tenure_type": "Single Cell Mining Claim", "source": "Ontario MLAS operational claims (OGSEarth / LIO MapServer). Unofficial viewing data, not legal title.", "as_of": "2026-09-20", "role": "focus", "color": "#e8b040"}}, {"type": "Feature", "geometry": {"type": "Polygon", "coordinates": [[[-94.1313, 48.8542], [-94.1313, 48.8583], [-94.1375, 48.8583], [-94.1375, 48.8542], [-94.1313, 48.8542]]]}, "properties": {"company_id": "new-gold", "jurisdiction": "Ontario", "claim_id": "612706", "claim_name": null, "holder": "(100) NEW GOLD INC.", "status": "Active", "recorded_date": "2020-09-14", "anniversary_or_expiry": "2028-09-14", "area_ha": null, "tenure_type": "Single Cell Mining Claim", "source": "Ontario MLAS operational claims (OGSEarth / LIO MapServer). Unofficial viewing data, not legal title.", "as_of": "2026-09-20", "role": "focus", "color": "#e8b040"}}, {"type": "Feature", "geometry": {"type": "Polygon", "coordinates": [[[-94.1375, 48.85], [-94.125, 48.85], [-94.125, 48.8542], [-94.1438, 48.8542], [-94.1438, 48.85], [-94.1375, 48.85]]]}, "properties": {"company_id": "new-gold", "jurisdiction": "Ontario", "claim_id": "997506", "claim_name": null, "holder": "(100) NEW GOLD INC.", "status": "Active", "recorded_date": "2025-12-08", "anniversary_or_expiry": "2027-12-08", "area_ha": null, "tenure_type": "Multi-cell Mining Claim", "source": "Ontario MLAS operational claims (OGSEarth / LIO MapServer). Unofficial viewing data, not legal title.", "as_of": "2026-09-20", "role": "focus", "color": "#e8b040"}}, {"type": "Feature", "geometry": {"type": "Polygon", "coordinates": [[[-93.7938, 49.0042], [-93.7938, 49.0], [-93.7625, 49.0], [-93.7625, 49.025], [-93.775, 49.025], [-93.775, 49.0208], [-93.7813, 49.0208], [-93.7813, 49.0167], [-93.7875, 49.0167], [-93.7875, 49.0125], [-93.7938, 49.0125], [-93.7938, 49.0042]]]}, "properties": {"company_id": "new-gold", "jurisdiction": "Ontario", "claim_id": "997896", "claim_name": null, "holder": "(100) NEW GOLD INC.", "status": "Active", "recorded_date": "2025-12-08", "anniversary_or_expiry": "2027-12-08", "area_ha": null, "tenure_type": "Multi-cell Mining Claim", "source": "Ontario MLAS operational claims (OGSEarth / LIO MapServer). Unofficial viewing data, not legal title.", "as_of": "2026-09-20", "role": "focus", "color": "#e8b040"}}, {"type": "Feature", "geometry": {"type": "Polygon", "coordinates": [[[-93.8938, 49.0083], [-93.8438, 49.0083], [-93.8438, 49.0042], [-93.8313, 49.0042], [-93.8313, 49.0], [-93.7938, 49.0], [-93.7938, 49.0083], [-93.8313, 49.0083], [-93.8313, 49.0125], [-93.9, 49.0125], [-93.9, 49.0083], [-93.8938, 49.0083]]]}, "properties": {"company_id": "new-gold", "jurisdiction": "Ontario", "claim_id": "997897", "claim_name": null, "holder": "(100) NEW GOLD INC.", "status": "Active", "recorded_date": "2025-12-08", "anniversary_or_expiry": "2027-12-08", "area_ha": null, "tenure_type": "Multi-cell Mining Claim", "source": "Ontario MLAS operational claims (OGSEarth / LIO MapServer). Unofficial viewing data, not legal title.", "as_of": "2026-09-20", "role": "focus", "color": "#e8b040"}}, {"type": "Feature", "geometry": {"type": "Polygon", "coordinates": [[[-93.7188, 48.9917], [-93.7125, 48.9917], [-93.7125, 48.9958], [-93.7063, 48.9958], [-93.7063, 49.0], [-93.7, 49.0], [-93.7, 49.0042], [-93.6938, 49.0042], [-93.6938, 49.0083], [-93.6875, 49.0083], [-93.6875, 49.0167], [-93.7063, 49.0167], [-93.7063, 49.0125], [-93.7125, 49.0125], [-93.7125, 49.0083], [-93.7188, 49.0083], [-93.7188, 48.9917]]]}, "properties": {"company_id": "new-gold", "jurisdiction": "Ontario", "claim_id": "997898", "claim_name": null, "holder": "(100) NEW GOLD INC.", "status": "Active", "recorded_date": "2025-12-08", "anniversary_or_expiry": "2027-12-08", "area_ha": null, "tenure_type": "Multi-cell Mining Claim", "source": "Ontario MLAS operational claims (OGSEarth / LIO MapServer). Unofficial viewing data, not legal title.", "as_of": "2026-09-20", "role": "focus", "color": "#e8b040"}}, {"type": "Feature", "geometry": {"type": "Polygon", "coordinates": [[[-93.95, 48.9125], [-93.95, 48.9167], [-93.9563, 48.9167], [-93.9563, 48.9125], [-93.95, 48.9125]]]}, "properties": {"company_id": "new-gold", "jurisdiction": "Ontario", "claim_id": "997899", "claim_name": null, "holder": "(100) NEW GOLD INC.", "status": "Active", "recorded_date": "2025-12-08", "anniversary_or_expiry": "2027-12-08", "area_ha": null, "tenure_type": "Single Cell Mining Claim", "source": "Ontario MLAS operational claims (OGSEarth / LIO MapServer). Unofficial viewing data, not legal title.", "as_of": "2026-09-20", "role": "focus", "color": "#e8b040"}}, {"type": "Feature", "geometry": {"type": "Polygon", "coordinates": [[[-93.9438, 48.9125], [-93.9438, 48.9167], [-93.95, 48.9167], [-93.95, 48.9125], [-93.9438, 48.9125]]]}, "properties": {"company_id": "new-gold", "jurisdiction": "Ontario", "claim_id": "997900", "claim_name": null, "holder": "(100) NEW GOLD INC.", "status": "Active", "recorded_date": "2025-12-08", "anniversary_or_expiry": "2027-12-08", "area_ha": null, "tenure_type": "Single Cell Mining Claim", "source": "Ontario MLAS operational claims (OGSEarth / LIO MapServer). Unofficial viewing data, not legal title.", "as_of": "2026-09-20", "role": "focus", "color": "#e8b040"}}, {"type": "Feature", "geometry": {"type": "Polygon", "coordinates": [[[-93.9375, 48.9125], [-93.9375, 48.9167], [-93.9438, 48.9167], [-93.9438, 48.9125], [-93.9375, 48.9125]]]}, "properties": {"company_id": "new-gold", "jurisdiction": "Ontario", "claim_id": "997901", "claim_name": null, "holder": "(100) NEW GOLD INC.", "status": "Active", "recorded_date": "2025-12-08", "anniversary_or_expiry": "2027-12-08", "area_ha": null, "tenure_type": "Single Cell Mining Claim", "source": "Ontario MLAS operational claims (OGSEarth / LIO MapServer). Unofficial viewing data, not legal title.", "as_of": "2026-09-20", "role": "focus", "color": "#e8b040"}}, {"type": "Feature", "geometry": {"type": "Polygon", "coordinates": [[[-93.9313, 48.9125], [-93.9313, 48.9167], [-93.9375, 48.9167], [-93.9375, 48.9125], [-93.9313, 48.9125]]]}, "properties": {"company_id": "new-gold", "jurisdiction": "Ontario", "claim_id": "997902", "claim_name": null, "holder": "(100) NEW GOLD INC.", "status": "Active", "recorded_date": "2025-12-08", "anniversary_or_expiry": "2027-12-08", "area_ha": null, "tenure_type": "Single Cell Mining Claim", "source": "Ontario MLAS operational claims (OGSEarth / LIO MapServer). Unofficial viewing data, not legal title.", "as_of": "2026-09-20", "role": "focus", "color": "#e8b040"}}, {"type": "Feature", "geometry": {"type": "Polygon", "coordinates": [[[-93.925, 48.9125], [-93.925, 48.9167], [-93.9313, 48.9167], [-93.9313, 48.9125], [-93.925, 48.9125]]]}, "properties": {"company_id": "new-gold", "jurisdiction": "Ontario", "claim_id": "997903", "claim_name": null, "holder": "(100) NEW GOLD INC.", "status": "Active", "recorded_date": "2025-12-08", "anniversary_or_expiry": "2027-12-08", "area_ha": null, "tenure_type": "Single Cell Mining Claim", "source": "Ontario MLAS operational claims (OGSEarth / LIO MapServer). Unofficial viewing data, not legal title.", "as_of": "2026-09-20", "role": "focus", "color": "#e8b040"}}, {"type": "Feature", "geometry": {"type": "Polygon", "coordinates": [[[-93.95, 48.9083], [-93.95, 48.9125], [-93.9563, 48.9125], [-93.9563, 48.9083], [-93.95, 48.9083]]]}, "properties": {"company_id": "new-gold", "jurisdiction": "Ontario", "claim_id": "997904", "claim_name": null, "holder": "(100) NEW GOLD INC.", "status": "Active", "recorded_date": "2025-12-08", "anniversary_or_expiry": "2027-12-08", "area_ha": null, "tenure_type": "Single Cell Mining Claim", "source": "Ontario MLAS operational claims (OGSEarth / LIO MapServer). Unofficial viewing data, not legal title.", "as_of": "2026-09-20", "role": "focus", "color": "#e8b040"}}, {"type": "Feature", "geometry": {"type": "Polygon", "coordinates": [[[-93.9438, 48.9083], [-93.9438, 48.9125], [-93.95, 48.9125], [-93.95, 48.9083], [-93.9438, 48.9083]]]}, "properties": {"company_id": "new-gold", "jurisdiction": "Ontario", "claim_id": "997905", "claim_name": null, "holder": "(100) NEW GOLD INC.", "status": "Active", "recorded_date": "2025-12-08", "anniversary_or_expiry": "2027-12-08", "area_ha": null, "tenure_type": "Single Cell Mining Claim", "source": "Ontario MLAS operational claims (OGSEarth / LIO MapServer). Unofficial viewing data, not legal title.", "as_of": "2026-09-20", "role": "focus", "color": "#e8b040"}}, {"type": "Feature", "geometry": {"type": "Polygon", "coordinates": [[[-93.925, 48.9083], [-93.925, 48.9125], [-93.9313, 48.9125], [-93.9313, 48.9083], [-93.925, 48.9083]]]}, "properties": {"company_id": "new-gold", "jurisdiction": "Ontario", "claim_id": "997906", "claim_name": null, "holder": "(100) NEW GOLD INC.", "status": "Active", "recorded_date": "2025-12-08", "anniversary_or_expiry": "2027-12-08", "area_ha": null, "tenure_type": "Single Cell Mining Claim", "source": "Ontario MLAS operational claims (OGSEarth / LIO MapServer). Unofficial viewing data, not legal title.", "as_of": "2026-09-20", "role": "focus", "color": "#e8b040"}}, {"type": "Feature", "geometry": {"type": "Polygon", "coordinates": [[[-93.9188, 48.9083], [-93.9188, 48.9125], [-93.925, 48.9125], [-93.925, 48.9083], [-93.9188, 48.9083]]]}, "properties": {"company_id": "new-gold", "jurisdiction": "Ontario", "claim_id": "997907", "claim_name": null, "holder": "(100) NEW GOLD INC.", "status": "Active", "recorded_date": "2025-12-08", "anniversary_or_expiry": "2027-12-08", "area_ha": null, "tenure_type": "Single Cell Mining Claim", "source": "Ontario MLAS operational claims (OGSEarth / LIO MapServer). Unofficial viewing data, not legal title.", "as_of": "2026-09-20", "role": "focus", "color": "#e8b040"}}, {"type": "Feature", "geometry": {"type": "Polygon", "coordinates": [[[-93.9125, 48.9083], [-93.9125, 48.9125], [-93.9188, 48.9125], [-93.9188, 48.9083], [-93.9125, 48.9083]]]}, "properties": {"company_id": "new-gold", "jurisdiction": "Ontario", "claim_id": "997908", "claim_name": null, "holder": "(100) NEW GOLD INC.", "status": "Active", "recorded_date": "2025-12-08", "anniversary_or_expiry": "2027-12-08", "area_ha": null, "tenure_type": "Single Cell Mining Claim", "source": "Ontario MLAS operational claims (OGSEarth / LIO MapServer). Unofficial viewing data, not legal title.", "as_of": "2026-09-20", "role": "focus", "color": "#e8b040"}}, {"type": "Feature", "geometry": {"type": "Polygon", "coordinates": [[[-93.9063, 48.9083], [-93.9063, 48.9125], [-93.9125, 48.9125], [-93.9125, 48.9083], [-93.9063, 48.9083]]]}, "properties": {"company_id": "new-gold", "jurisdiction": "Ontario", "claim_id": "997909", "claim_name": null, "holder": "(100) NEW GOLD INC.", "status": "Active", "recorded_date": "2025-12-08", "anniversary_or_expiry": "2027-12-08", "area_ha": null, "tenure_type": "Single Cell Mining Claim", "source": "Ontario MLAS operational claims (OGSEarth / LIO MapServer). Unofficial viewing data, not legal title.", "as_of": "2026-09-20", "role": "focus", "color": "#e8b040"}}, {"type": "Feature", "geometry": {"type": "Polygon", "coordinates": [[[-93.9, 48.9083], [-93.9, 48.9125], [-93.9063, 48.9125], [-93.9063, 48.9083], [-93.9, 48.9083]]]}, "properties": {"company_id": "new-gold", "jurisdiction": "Ontario", "claim_id": "997910", "claim_name": null, "holder": "(100) NEW GOLD INC.", "status": "Active", "recorded_date": "2025-12-08", "anniversary_or_expiry": "2027-12-08", "area_ha": null, "tenure_type": "Single Cell Mining Claim", "source": "Ontario MLAS operational claims (OGSEarth / LIO MapServer). Unofficial viewing data, not legal title.", "as_of": "2026-09-20", "role": "focus", "color": "#e8b040"}}, {"type": "Feature", "geometry": {"type": "Polygon", "coordinates": [[[-93.95, 48.9042], [-93.95, 48.9083], [-93.9563, 48.9083], [-93.9563, 48.9042], [-93.95, 48.9042]]]}, "properties": {"company_id": "new-gold", "jurisdiction": "Ontario", "claim_id": "997911", "claim_name": null, "holder": "(100) NEW GOLD INC.", "status": "Active", "recorded_date": "2025-12-08", "anniversary_or_expiry": "2027-12-08", "area_ha": null, "tenure_type": "Single Cell Mining Claim", "source": "Ontario MLAS operational claims (OGSEarth / LIO MapServer). Unofficial viewing data, not legal title.", "as_of": "2026-09-20", "role": "focus", "color": "#e8b040"}}, {"type": "Feature", "geometry": {"type": "Polygon", "coordinates": [[[-93.9438, 48.9042], [-93.9438, 48.9083], [-93.95, 48.9083], [-93.95, 48.9042], [-93.9438, 48.9042]]]}, "properties": {"company_id": "new-gold", "jurisdiction": "Ontario", "claim_id": "997912", "claim_name": null, "holder": "(100) NEW GOLD INC.", "status": "Active", "recorded_date": "2025-12-08", "anniversary_or_expiry": "2027-12-08", "area_ha": null, "tenure_type": "Single Cell Mining Claim", "source": "Ontario MLAS operational claims (OGSEarth / LIO MapServer). Unofficial viewing data, not legal title.", "as_of": "2026-09-20", "role": "focus", "color": "#e8b040"}}, {"type": "Feature", "geometry": {"type": "Polygon", "coordinates": [[[-93.925, 48.9042], [-93.925, 48.9083], [-93.9313, 48.9083], [-93.9313, 48.9042], [-93.925, 48.9042]]]}, "properties": {"company_id": "new-gold", "jurisdiction": "Ontario", "claim_id": "997913", "claim_name": null, "holder": "(100) NEW GOLD INC.", "status": "Active", "recorded_date": "2025-12-08", "anniversary_or_expiry": "2027-12-08", "area_ha": null, "tenure_type": "Single Cell Mining Claim", "source": "Ontario MLAS operational claims (OGSEarth / LIO MapServer). Unofficial viewing data, not legal title.", "as_of": "2026-09-20", "role": "focus", "color": "#e8b040"}}, {"type": "Feature", "geometry": {"type": "Polygon", "coordinates": [[[-93.9188, 48.9042], [-93.9188, 48.9083], [-93.925, 48.9083], [-93.925, 48.9042], [-93.9188, 48.9042]]]}, "properties": {"company_id": "new-gold", "jurisdiction": "Ontario", "claim_id": "997914", "claim_name": null, "holder": "(100) NEW GOLD INC.", "status": "Active", "recorded_date": "2025-12-08", "anniversary_or_expiry": "2027-12-08", "area_ha": null, "tenure_type": "Single Cell Mining Claim", "source": "Ontario MLAS operational claims (OGSEarth / LIO MapServer). Unofficial viewing data, not legal title.", "as_of": "2026-09-20", "role": "focus", "color": "#e8b040"}}, {"type": "Feature", "geometry": {"type": "Polygon", "coordinates": [[[-93.9125, 48.9042], [-93.9125, 48.9083], [-93.9188, 48.9083], [-93.9188, 48.9042], [-93.9125, 48.9042]]]}, "properties": {"company_id": "new-gold", "jurisdiction": "Ontario", "claim_id": "997915", "claim_name": null, "holder": "(100) NEW GOLD INC.", "status": "Active", "recorded_date": "2025-12-08", "anniversary_or_expiry": "2027-12-08", "area_ha": null, "tenure_type": "Single Cell Mining Claim", "source": "Ontario MLAS operational claims (OGSEarth / LIO MapServer). Unofficial viewing data, not legal title.", "as_of": "2026-09-20", "role": "focus", "color": "#e8b040"}}, {"type": "Feature", "geometry": {"type": "Polygon", "coordinates": [[[-93.9063, 48.9042], [-93.9063, 48.9083], [-93.9125, 48.9083], [-93.9125, 48.9042], [-93.9063, 48.9042]]]}, "properties": {"company_id": "new-gold", "jurisdiction": "Ontario", "claim_id": "997916", "claim_name": null, "holder": "(100) NEW GOLD INC.", "status": "Active", "recorded_date": "2025-12-08", "anniversary_or_expiry": "2027-12-08", "area_ha": null, "tenure_type": "Single Cell Mining Claim", "source": "Ontario MLAS operational claims (OGSEarth / LIO MapServer). Unofficial viewing data, not legal title.", "as_of": "2026-09-20", "role": "focus", "color": "#e8b040"}}, {"type": "Feature", "geometry": {"type": "Polygon", "coordinates": [[[-93.925, 48.9333], [-93.925, 48.9375], [-93.9313, 48.9375], [-93.9313, 48.9333], [-93.925, 48.9333]]]}, "properties": {"company_id": "new-gold", "jurisdiction": "Ontario", "claim_id": "997917", "claim_name": null, "holder": "(100) NEW GOLD INC.", "status": "Active", "recorded_date": "2025-12-08", "anniversary_or_expiry": "2027-12-08", "area_ha": null, "tenure_type": "Single Cell Mining Claim", "source": "Ontario MLAS operational claims (OGSEarth / LIO MapServer). Unofficial viewing data, not legal title.", "as_of": "2026-09-20", "role": "focus", "color": "#e8b040"}}, {"type": "Feature", "geometry": {"type": "Polygon", "coordinates": [[[-93.925, 48.9292], [-93.925, 48.9333], [-93.9313, 48.9333], [-93.9313, 48.9292], [-93.925, 48.9292]]]}, "properties": {"company_id": "new-gold", "jurisdiction": "Ontario", "claim_id": "997918", "claim_name": null, "holder": "(100) NEW GOLD INC.", "status": "Active", "recorded_date": "2025-12-08", "anniversary_or_expiry": "2027-12-08", "area_ha": null, "tenure_type": "Single Cell Mining Claim", "source": "Ontario MLAS operational claims (OGSEarth / LIO MapServer). Unofficial viewing data, not legal title.", "as_of": "2026-09-20", "role": "focus", "color": "#e8b040"}}, {"type": "Feature", "geometry": {"type": "Polygon", "coordinates": [[[-93.9313, 48.925], [-93.9313, 48.9292], [-93.9375, 48.9292], [-93.9375, 48.925], [-93.9313, 48.925]]]}, "properties": {"company_id": "new-gold", "jurisdiction": "Ontario", "claim_id": "997919", "claim_name": null, "holder": "(100) NEW GOLD INC.", "status": "Active", "recorded_date": "2025-12-08", "anniversary_or_expiry": "2027-12-08", "area_ha": null, "tenure_type": "Single Cell Mining Claim", "source": "Ontario MLAS operational claims (OGSEarth / LIO MapServer). Unofficial viewing data, not legal title.", "as_of": "2026-09-20", "role": "focus", "color": "#e8b040"}}, {"type": "Feature", "geometry": {"type": "Polygon", "coordinates": [[[-93.925, 48.925], [-93.925, 48.9292], [-93.9313, 48.9292], [-93.9313, 48.925], [-93.925, 48.925]]]}, "properties": {"company_id": "new-gold", "jurisdiction": "Ontario", "claim_id": "997920", "claim_name": null, "holder": "(100) NEW GOLD INC.", "status": "Active", "recorded_date": "2025-12-08", "anniversary_or_expiry": "2027-12-08", "area_ha": null, "tenure_type": "Single Cell Mining Claim", "source": "Ontario MLAS operational claims (OGSEarth / LIO MapServer). Unofficial viewing data, not legal title.", "as_of": "2026-09-20", "role": "focus", "color": "#e8b040"}}, {"type": "Feature", "geometry": {"type": "Polygon", "coordinates": [[[-93.9313, 48.9208], [-93.9313, 48.925], [-93.9375, 48.925], [-93.9375, 48.9208], [-93.9313, 48.9208]]]}, "properties": {"company_id": "new-gold", "jurisdiction": "Ontario", "claim_id": "997921", "claim_name": null, "holder": "(100) NEW GOLD INC.", "status": "Active", "recorded_date": "2025-12-08", "anniversary_or_expiry": "2027-12-08", "area_ha": null, "tenure_type": "Single Cell Mining Claim", "source": "Ontario MLAS operational claims (OGSEarth / LIO MapServer). Unofficial viewing data, not legal title.", "as_of": "2026-09-20", "role": "focus", "color": "#e8b040"}}, {"type": "Feature", "geometry": {"type": "Polygon", "coordinates": [[[-93.925, 48.9208], [-93.925, 48.925], [-93.9313, 48.925], [-93.9313, 48.9208], [-93.925, 48.9208]]]}, "properties": {"company_id": "new-gold", "jurisdiction": "Ontario", "claim_id": "997922", "claim_name": null, "holder": "(100) NEW GOLD INC.", "status": "Active", "recorded_date": "2025-12-08", "anniversary_or_expiry": "2027-12-08", "area_ha": null, "tenure_type": "Single Cell Mining Claim", "source": "Ontario MLAS operational claims (OGSEarth / LIO MapServer). Unofficial viewing data, not legal title.", "as_of": "2026-09-20", "role": "focus", "color": "#e8b040"}}, {"type": "Feature", "geometry": {"type": "Polygon", "coordinates": [[[-93.9375, 48.9167], [-93.9375, 48.9208], [-93.9438, 48.9208], [-93.9438, 48.9167], [-93.9375, 48.9167]]]}, "properties": {"company_id": "new-gold", "jurisdiction": "Ontario", "claim_id": "997923", "claim_name": null, "holder": "(100) NEW GOLD INC.", "status": "Active", "recorded_date": "2025-12-08", "anniversary_or_expiry": "2027-12-08", "area_ha": null, "tenure_type": "Single Cell Mining Claim", "source": "Ontario MLAS operational claims (OGSEarth / LIO MapServer). Unofficial viewing data, not legal title.", "as_of": "2026-09-20", "role": "focus", "color": "#e8b040"}}, {"type": "Feature", "geometry": {"type": "Polygon", "coordinates": [[[-93.9313, 48.9167], [-93.9313, 48.9208], [-93.9375, 48.9208], [-93.9375, 48.9167], [-93.9313, 48.9167]]]}, "properties": {"company_id": "new-gold", "jurisdiction": "Ontario", "claim_id": "997924", "claim_name": null, "holder": "(100) NEW GOLD INC.", "status": "Active", "recorded_date": "2025-12-08", "anniversary_or_expiry": "2027-12-08", "area_ha": null, "tenure_type": "Single Cell Mining Claim", "source": "Ontario MLAS operational claims (OGSEarth / LIO MapServer). Unofficial viewing data, not legal title.", "as_of": "2026-09-20", "role": "focus", "color": "#e8b040"}}, {"type": "Feature", "geometry": {"type": "Polygon", "coordinates": [[[-93.925, 48.9167], [-93.925, 48.9208], [-93.9313, 48.9208], [-93.9313, 48.9167], [-93.925, 48.9167]]]}, "properties": {"company_id": "new-gold", "jurisdiction": "Ontario", "claim_id": "997925", "claim_name": null, "holder": "(100) NEW GOLD INC.", "status": "Active", "recorded_date": "2025-12-08", "anniversary_or_expiry": "2027-12-08", "area_ha": null, "tenure_type": "Single Cell Mining Claim", "source": "Ontario MLAS operational claims (OGSEarth / LIO MapServer). Unofficial viewing data, not legal title.", "as_of": "2026-09-20", "role": "focus", "color": "#e8b040"}}, {"type": "Feature", "geometry": {"type": "Polygon", "coordinates": [[[-93.9813, 48.7833], [-93.9813, 48.7792], [-93.95, 48.7792], [-93.95, 48.7875], [-93.9375, 48.7875], [-93.9375, 48.7958], [-93.975, 48.7958], [-93.975, 48.7875], [-93.9813, 48.7875], [-93.9813, 48.7833]]]}, "properties": {"company_id": "new-gold", "jurisdiction": "Ontario", "claim_id": "997926", "claim_name": null, "holder": "(100) NEW GOLD INC.", "status": "Active", "recorded_date": "2025-12-08", "anniversary_or_expiry": "2027-12-08", "area_ha": null, "tenure_type": "Multi-cell Mining Claim", "source": "Ontario MLAS operational claims (OGSEarth / LIO MapServer). Unofficial viewing data, not legal title.", "as_of": "2026-09-20", "role": "focus", "color": "#e8b040"}}, {"type": "Feature", "geometry": {"type": "Polygon", "coordinates": [[[-94.2813, 48.7917], [-94.2813, 48.7875], [-94.275, 48.7875], [-94.275, 48.7958], [-94.2813, 48.7958], [-94.2813, 48.7917]]]}, "properties": {"company_id": "new-gold", "jurisdiction": "Ontario", "claim_id": "997927", "claim_name": null, "holder": "(100) NEW GOLD INC.", "status": "Active", "recorded_date": "2025-12-08", "anniversary_or_expiry": "2027-12-08", "area_ha": null, "tenure_type": "Multi-cell Mining Claim", "source": "Ontario MLAS operational claims (OGSEarth / LIO MapServer). Unofficial viewing data, not legal title.", "as_of": "2026-09-20", "role": "focus", "color": "#e8b040"}}, {"type": "Feature", "geometry": {"type": "Polygon", "coordinates": [[[-94.3125, 48.7458], [-94.3125, 48.7417], [-94.3, 48.7417], [-94.3, 48.75], [-94.3125, 48.75], [-94.3125, 48.7458]]]}, "properties": {"company_id": "new-gold", "jurisdiction": "Ontario", "claim_id": "997928", "claim_name": null, "holder": "(100) NEW GOLD INC.", "status": "Active", "recorded_date": "2025-12-08", "anniversary_or_expiry": "2027-12-08", "area_ha": null, "tenure_type": "Multi-cell Mining Claim", "source": "Ontario MLAS operational claims (OGSEarth / LIO MapServer). Unofficial viewing data, not legal title.", "as_of": "2026-09-20", "role": "focus", "color": "#e8b040"}}, {"type": "Feature", "geometry": {"type": "Polygon", "coordinates": [[[-94.2938, 48.7542], [-94.2938, 48.75], [-94.2625, 48.75], [-94.2625, 48.7667], [-94.2688, 48.7667], [-94.2688, 48.7625], [-94.2875, 48.7625], [-94.2875, 48.7667], [-94.2938, 48.7667], [-94.2938, 48.7542]]]}, "properties": {"company_id": "new-gold", "jurisdiction": "Ontario", "claim_id": "997929", "claim_name": null, "holder": "(100) NEW GOLD INC.", "status": "Active", "recorded_date": "2025-12-08", "anniversary_or_expiry": "2027-12-08", "area_ha": null, "tenure_type": "Multi-cell Mining Claim", "source": "Ontario MLAS operational claims (OGSEarth / LIO MapServer). Unofficial viewing data, not legal title.", "as_of": "2026-09-20", "role": "focus", "color": "#e8b040"}}, {"type": "Feature", "geometry": {"type": "Polygon", "coordinates": [[[-93.75, 48.9667], [-93.75, 48.9625], [-93.7188, 48.9625], [-93.7188, 48.9792], [-93.725, 48.9792], [-93.725, 48.9667], [-93.7375, 48.9667], [-93.7375, 48.975], [-93.7438, 48.975], [-93.7438, 48.9792], [-93.75, 48.9792], [-93.75, 48.9667]]]}, "properties": {"company_id": "new-gold", "jurisdiction": "Ontario", "claim_id": "1011901", "claim_name": null, "holder": "(100) NEW GOLD INC.", "status": "Active", "recorded_date": "2026-01-04", "anniversary_or_expiry": "2027-12-08", "area_ha": null, "tenure_type": "Multi-cell Mining Claim", "source": "Ontario MLAS operational claims (OGSEarth / LIO MapServer). Unofficial viewing data, not legal title.", "as_of": "2026-09-20", "role": "focus", "color": "#e8b040"}}, {"type": "Feature", "geometry": {"type": "Polygon", "coordinates": [[[-93.775, 48.9708], [-93.775, 48.9667], [-93.7563, 48.9667], [-93.7563, 48.9625], [-93.75, 48.9625], [-93.75, 48.9792], [-93.775, 48.9792], [-93.775, 48.9708]]]}, "properties": {"company_id": "new-gold", "jurisdiction": "Ontario", "claim_id": "1011952", "claim_name": null, "holder": "(100) NEW GOLD INC.", "status": "Active", "recorded_date": "2026-01-04", "anniversary_or_expiry": "2027-12-08", "area_ha": null, "tenure_type": "Multi-cell Mining Claim", "source": "Ontario MLAS operational claims (OGSEarth / LIO MapServer). Unofficial viewing data, not legal title.", "as_of": "2026-09-20", "role": "focus", "color": "#e8b040"}}, {"type": "Feature", "geometry": {"type": "Polygon", "coordinates": [[[-93.7813, 48.9583], [-93.7813, 48.9542], [-93.7625, 48.9542], [-93.7625, 48.9458], [-93.7563, 48.9458], [-93.7563, 48.9667], [-93.7813, 48.9667], [-93.7813, 48.9583]]]}, "properties": {"company_id": "new-gold", "jurisdiction": "Ontario", "claim_id": "1011953", "claim_name": null, "holder": "(100) NEW GOLD INC.", "status": "Active", "recorded_date": "2026-01-04", "anniversary_or_expiry": "2027-12-08", "area_ha": null, "tenure_type": "Multi-cell Mining Claim", "source": "Ontario MLAS operational claims (OGSEarth / LIO MapServer). Unofficial viewing data, not legal title.", "as_of": "2026-09-20", "role": "focus", "color": "#e8b040"}}, {"type": "Feature", "geometry": {"type": "Polygon", "coordinates": [[[-93.7563, 48.9542], [-93.7563, 48.95], [-93.7375, 48.95], [-93.7375, 48.9625], [-93.7563, 48.9625], [-93.7563, 48.9542]]]}, "properties": {"company_id": "new-gold", "jurisdiction": "Ontario", "claim_id": "1012004", "claim_name": null, "holder": "(100) NEW GOLD INC.", "status": "Active", "recorded_date": "2026-01-04", "anniversary_or_expiry": "2027-12-08", "area_ha": null, "tenure_type": "Multi-cell Mining Claim", "source": "Ontario MLAS operational claims (OGSEarth / LIO MapServer). Unofficial viewing data, not legal title.", "as_of": "2026-09-20", "role": "focus", "color": "#e8b040"}}, {"type": "Feature", "geometry": {"type": "Polygon", "coordinates": [[[-93.75, 48.9458], [-93.7125, 48.9458], [-93.7125, 48.9583], [-93.7188, 48.9583], [-93.7188, 48.9625], [-93.7375, 48.9625], [-93.7375, 48.95], [-93.7563, 48.95], [-93.7563, 48.9458], [-93.75, 48.9458]]]}, "properties": {"company_id": "new-gold", "jurisdiction": "Ontario", "claim_id": "1012025", "claim_name": null, "holder": "(100) NEW GOLD INC.", "status": "Active", "recorded_date": "2026-01-04", "anniversary_or_expiry": "2027-12-08", "area_ha": null, "tenure_type": "Multi-cell Mining Claim", "source": "Ontario MLAS operational claims (OGSEarth / LIO MapServer). Unofficial viewing data, not legal title.", "as_of": "2026-09-20", "role": "focus", "color": "#e8b040"}}, {"type": "Feature", "geometry": {"type": "Polygon", "coordinates": [[[-93.7688, 48.9292], [-93.7688, 48.925], [-93.75, 48.925], [-93.75, 48.9458], [-93.7625, 48.9458], [-93.7625, 48.9375], [-93.7688, 48.9375], [-93.7688, 48.9292]]]}, "properties": {"company_id": "new-gold", "jurisdiction": "Ontario", "claim_id": "1012026", "claim_name": null, "holder": "(100) NEW GOLD INC.", "status": "Active", "recorded_date": "2026-01-04", "anniversary_or_expiry": "2027-12-08", "area_ha": null, "tenure_type": "Multi-cell Mining Claim", "source": "Ontario MLAS operational claims (OGSEarth / LIO MapServer). Unofficial viewing data, not legal title.", "as_of": "2026-09-20", "role": "focus", "color": "#e8b040"}}, {"type": "Feature", "geometry": {"type": "Polygon", "coordinates": [[[-93.7438, 48.9417], [-93.7313, 48.9417], [-93.7313, 48.9292], [-93.7063, 48.9292], [-93.7063, 48.9333], [-93.7125, 48.9333], [-93.7125, 48.9458], [-93.75, 48.9458], [-93.75, 48.9417], [-93.7438, 48.9417]]]}, "properties": {"company_id": "new-gold", "jurisdiction": "Ontario", "claim_id": "1012027", "claim_name": null, "holder": "(100) NEW GOLD INC.", "status": "Active", "recorded_date": "2026-01-04", "anniversary_or_expiry": "2027-12-08", "area_ha": null, "tenure_type": "Multi-cell Mining Claim", "source": "Ontario MLAS operational claims (OGSEarth / LIO MapServer). Unofficial viewing data, not legal title.", "as_of": "2026-09-20", "role": "focus", "color": "#e8b040"}}, {"type": "Feature", "geometry": {"type": "Polygon", "coordinates": [[[-93.75, 48.9167], [-93.75, 48.9125], [-93.7438, 48.9125], [-93.7438, 48.9167], [-93.7375, 48.9167], [-93.7375, 48.9208], [-93.7313, 48.9208], [-93.7313, 48.9417], [-93.75, 48.9417], [-93.75, 48.9167]]]}, "properties": {"company_id": "new-gold", "jurisdiction": "Ontario", "claim_id": "1012028", "claim_name": null, "holder": "(100) NEW GOLD INC.", "status": "Active", "recorded_date": "2026-01-04", "anniversary_or_expiry": "2027-12-08", "area_ha": null, "tenure_type": "Multi-cell Mining Claim", "source": "Ontario MLAS operational claims (OGSEarth / LIO MapServer). Unofficial viewing data, not legal title.", "as_of": "2026-09-20", "role": "focus", "color": "#e8b040"}}, {"type": "Feature", "geometry": {"type": "Polygon", "coordinates": [[[-93.7813, 48.9208], [-93.7813, 48.9167], [-93.775, 48.9167], [-93.775, 48.9125], [-93.75, 48.9125], [-93.75, 48.925], [-93.7813, 48.925], [-93.7813, 48.9208]]]}, "properties": {"company_id": "new-gold", "jurisdiction": "Ontario", "claim_id": "1012029", "claim_name": null, "holder": "(100) NEW GOLD INC.", "status": "Active", "recorded_date": "2026-01-04", "anniversary_or_expiry": "2027-12-08", "area_ha": null, "tenure_type": "Multi-cell Mining Claim", "source": "Ontario MLAS operational claims (OGSEarth / LIO MapServer). Unofficial viewing data, not legal title.", "as_of": "2026-09-20", "role": "focus", "color": "#e8b040"}}, {"type": "Feature", "geometry": {"type": "Polygon", "coordinates": [[[-93.7313, 48.9167], [-93.7, 48.9167], [-93.7, 48.9208], [-93.7063, 48.9208], [-93.7063, 48.9292], [-93.7313, 48.9292], [-93.7313, 48.9208], [-93.7375, 48.9208], [-93.7375, 48.9167], [-93.7313, 48.9167]]]}, "properties": {"company_id": "new-gold", "jurisdiction": "Ontario", "claim_id": "1012030", "claim_name": null, "holder": "(100) NEW GOLD INC.", "status": "Active", "recorded_date": "2026-01-04", "anniversary_or_expiry": "2027-12-08", "area_ha": null, "tenure_type": "Multi-cell Mining Claim", "source": "Ontario MLAS operational claims (OGSEarth / LIO MapServer). Unofficial viewing data, not legal title.", "as_of": "2026-09-20", "role": "focus", "color": "#e8b040"}}, {"type": "Feature", "geometry": {"type": "Polygon", "coordinates": [[[-93.6938, 48.9042], [-93.675, 48.9042], [-93.675, 48.9125], [-93.6688, 48.9125], [-93.6688, 48.9208], [-93.6625, 48.9208], [-93.6625, 48.9292], [-93.675, 48.9292], [-93.675, 48.925], [-93.6813, 48.925], [-93.6813, 48.9208], [-93.6875, 48.9208], [-93.6875, 48.9167], [-93.6938, 48.9167], [-93.6938, 48.9042]]]}, "properties": {"company_id": "new-gold", "jurisdiction": "Ontario", "claim_id": "1012031", "claim_name": null, "holder": "(100) NEW GOLD INC.", "status": "Active", "recorded_date": "2026-01-04", "anniversary_or_expiry": "2027-12-08", "area_ha": null, "tenure_type": "Multi-cell Mining Claim", "source": "Ontario MLAS operational claims (OGSEarth / LIO MapServer). Unofficial viewing data, not legal title.", "as_of": "2026-09-20", "role": "focus", "color": "#e8b040"}}, {"type": "Feature", "geometry": {"type": "Polygon", "coordinates": [[[-93.7313, 48.9083], [-93.7313, 48.9042], [-93.6938, 48.9042], [-93.6938, 48.9167], [-93.7313, 48.9167], [-93.7313, 48.9083]]]}, "properties": {"company_id": "new-gold", "jurisdiction": "Ontario", "claim_id": "1012032", "claim_name": null, "holder": "(100) NEW GOLD INC.", "status": "Active", "recorded_date": "2026-01-04", "anniversary_or_expiry": "2027-12-08", "area_ha": null, "tenure_type": "Multi-cell Mining Claim", "source": "Ontario MLAS operational claims (OGSEarth / LIO MapServer). Unofficial viewing data, not legal title.", "as_of": "2026-09-20", "role": "focus", "color": "#e8b040"}}, {"type": "Feature", "geometry": {"type": "Polygon", "coordinates": [[[-93.7563, 48.8958], [-93.7563, 48.8917], [-93.7313, 48.8917], [-93.7313, 48.8958], [-93.75, 48.8958], [-93.75, 48.9], [-93.7438, 48.9], [-93.7438, 48.9083], [-93.7375, 48.9083], [-93.7375, 48.9042], [-93.7313, 48.9042], [-93.7313, 48.9167], [-93.7438, 48.9167], [-93.7438, 48.9125], [-93.7563, 48.9125], [-93.7563, 48.8958]]]}, "properties": {"company_id": "new-gold", "jurisdiction": "Ontario", "claim_id": "1012033", "claim_name": null, "holder": "(100) NEW GOLD INC.", "status": "Active", "recorded_date": "2026-01-04", "anniversary_or_expiry": "2027-12-08", "area_ha": null, "tenure_type": "Multi-cell Mining Claim", "source": "Ontario MLAS operational claims (OGSEarth / LIO MapServer). Unofficial viewing data, not legal title.", "as_of": "2026-09-20", "role": "focus", "color": "#e8b040"}}, {"type": "Feature", "geometry": {"type": "Polygon", "coordinates": [[[-93.775, 48.8875], [-93.775, 48.8833], [-93.7625, 48.8833], [-93.7625, 48.8917], [-93.7563, 48.8917], [-93.7563, 48.9125], [-93.775, 48.9125], [-93.775, 48.8875]]]}, "properties": {"company_id": "new-gold", "jurisdiction": "Ontario", "claim_id": "1012034", "claim_name": null, "holder": "(100) NEW GOLD INC.", "status": "Active", "recorded_date": "2026-01-04", "anniversary_or_expiry": "2027-12-08", "area_ha": null, "tenure_type": "Multi-cell Mining Claim", "source": "Ontario MLAS operational claims (OGSEarth / LIO MapServer). Unofficial viewing data, not legal title.", "as_of": "2026-09-20", "role": "focus", "color": "#e8b040"}}, {"type": "Feature", "geometry": {"type": "Polygon", "coordinates": [[[-93.7938, 48.8917], [-93.7938, 48.8875], [-93.7813, 48.8875], [-93.7813, 48.8833], [-93.775, 48.8833], [-93.775, 48.9167], [-93.7813, 48.9167], [-93.7813, 48.9083], [-93.7938, 48.9083], [-93.7938, 48.8917]]]}, "properties": {"company_id": "new-gold", "jurisdiction": "Ontario", "claim_id": "1012035", "claim_name": null, "holder": "(100) NEW GOLD INC.", "status": "Active", "recorded_date": "2026-01-04", "anniversary_or_expiry": "2027-12-08", "area_ha": null, "tenure_type": "Multi-cell Mining Claim", "source": "Ontario MLAS operational claims (OGSEarth / LIO MapServer). Unofficial viewing data, not legal title.", "as_of": "2026-09-20", "role": "focus", "color": "#e8b040"}}, {"type": "Feature", "geometry": {"type": "Polygon", "coordinates": [[[-93.7313, 48.8958], [-93.7313, 48.8917], [-93.725, 48.8917], [-93.725, 48.8875], [-93.7, 48.8875], [-93.7, 48.9042], [-93.7313, 48.9042], [-93.7313, 48.8958]]]}, "properties": {"company_id": "new-gold", "jurisdiction": "Ontario", "claim_id": "1012036", "claim_name": null, "holder": "(100) NEW GOLD INC.", "status": "Active", "recorded_date": "2026-01-04", "anniversary_or_expiry": "2027-12-08", "area_ha": null, "tenure_type": "Multi-cell Mining Claim", "source": "Ontario MLAS operational claims (OGSEarth / LIO MapServer). Unofficial viewing data, not legal title.", "as_of": "2026-09-20", "role": "focus", "color": "#e8b040"}}, {"type": "Feature", "geometry": {"type": "Polygon", "coordinates": [[[-93.7, 48.8917], [-93.7, 48.8875], [-93.6688, 48.8875], [-93.6688, 48.8917], [-93.675, 48.8917], [-93.675, 48.8958], [-93.6813, 48.8958], [-93.6813, 48.9042], [-93.7, 48.9042], [-93.7, 48.8917]]]}, "properties": {"company_id": "new-gold", "jurisdiction": "Ontario", "claim_id": "1012037", "claim_name": null, "holder": "(100) NEW GOLD INC.", "status": "Active", "recorded_date": "2026-01-04", "anniversary_or_expiry": "2027-12-08", "area_ha": null, "tenure_type": "Multi-cell Mining Claim", "source": "Ontario MLAS operational claims (OGSEarth / LIO MapServer). Unofficial viewing data, not legal title.", "as_of": "2026-09-20", "role": "focus", "color": "#e8b040"}}, {"type": "Feature", "geometry": {"type": "Polygon", "coordinates": [[[-93.725, 48.8667], [-93.7063, 48.8667], [-93.7063, 48.8875], [-93.725, 48.8875], [-93.725, 48.8708], [-93.7313, 48.8708], [-93.7313, 48.8667], [-93.725, 48.8667]]]}, "properties": {"company_id": "new-gold", "jurisdiction": "Ontario", "claim_id": "1012038", "claim_name": null, "holder": "(100) NEW GOLD INC.", "status": "Active", "recorded_date": "2026-01-04", "anniversary_or_expiry": "2027-12-08", "area_ha": null, "tenure_type": "Multi-cell Mining Claim", "source": "Ontario MLAS operational claims (OGSEarth / LIO MapServer). Unofficial viewing data, not legal title.", "as_of": "2026-09-20", "role": "focus", "color": "#e8b040"}}, {"type": "Feature", "geometry": {"type": "Polygon", "coordinates": [[[-93.7063, 48.8708], [-93.7063, 48.8667], [-93.6813, 48.8667], [-93.6813, 48.8875], [-93.7063, 48.8875], [-93.7063, 48.8708]]]}, "properties": {"company_id": "new-gold", "jurisdiction": "Ontario", "claim_id": "1012039", "claim_name": null, "holder": "(100) NEW GOLD INC.", "status": "Active", "recorded_date": "2026-01-04", "anniversary_or_expiry": "2027-12-08", "area_ha": null, "tenure_type": "Multi-cell Mining Claim", "source": "Ontario MLAS operational claims (OGSEarth / LIO MapServer). Unofficial viewing data, not legal title.", "as_of": "2026-09-20", "role": "focus", "color": "#e8b040"}}, {"type": "Feature", "geometry": {"type": "Polygon", "coordinates": [[[-93.6813, 48.8708], [-93.6813, 48.8667], [-93.6438, 48.8667], [-93.6438, 48.8708], [-93.65, 48.8708], [-93.65, 48.875], [-93.6563, 48.875], [-93.6563, 48.8792], [-93.6625, 48.8792], [-93.6625, 48.8833], [-93.6688, 48.8833], [-93.6688, 48.8875], [-93.6813, 48.8875], [-93.6813, 48.8708]]]}, "properties": {"company_id": "new-gold", "jurisdiction": "Ontario", "claim_id": "1012040", "claim_name": null, "holder": "(100) NEW GOLD INC.", "status": "Active", "recorded_date": "2026-01-04", "anniversary_or_expiry": "2027-12-08", "area_ha": null, "tenure_type": "Multi-cell Mining Claim", "source": "Ontario MLAS operational claims (OGSEarth / LIO MapServer). Unofficial viewing data, not legal title.", "as_of": "2026-09-20", "role": "focus", "color": "#e8b040"}}, {"type": "Feature", "geometry": {"type": "Polygon", "coordinates": [[[-93.7313, 48.8625], [-93.7313, 48.8583], [-93.725, 48.8583], [-93.725, 48.8542], [-93.7063, 48.8542], [-93.7063, 48.8667], [-93.7313, 48.8667], [-93.7313, 48.8625]]]}, "properties": {"company_id": "new-gold", "jurisdiction": "Ontario", "claim_id": "1012041", "claim_name": null, "holder": "(100) NEW GOLD INC.", "status": "Active", "recorded_date": "2026-01-04", "anniversary_or_expiry": "2027-12-08", "area_ha": null, "tenure_type": "Multi-cell Mining Claim", "source": "Ontario MLAS operational claims (OGSEarth / LIO MapServer). Unofficial viewing data, not legal title.", "as_of": "2026-09-20", "role": "focus", "color": "#e8b040"}}, {"type": "Feature", "geometry": {"type": "Polygon", "coordinates": [[[-93.7063, 48.8542], [-93.7063, 48.85], [-93.6813, 48.85], [-93.6813, 48.8667], [-93.7063, 48.8667], [-93.7063, 48.8542]]]}, "properties": {"company_id": "new-gold", "jurisdiction": "Ontario", "claim_id": "1012042", "claim_name": null, "holder": "(100) NEW GOLD INC.", "status": "Active", "recorded_date": "2026-01-04", "anniversary_or_expiry": "2027-12-08", "area_ha": null, "tenure_type": "Multi-cell Mining Claim", "source": "Ontario MLAS operational claims (OGSEarth / LIO MapServer). Unofficial viewing data, not legal title.", "as_of": "2026-09-20", "role": "focus", "color": "#e8b040"}}, {"type": "Feature", "geometry": {"type": "Polygon", "coordinates": [[[-93.6813, 48.85], [-93.6813, 48.8458], [-93.6563, 48.8458], [-93.6563, 48.8667], [-93.6813, 48.8667], [-93.6813, 48.85]]]}, "properties": {"company_id": "new-gold", "jurisdiction": "Ontario", "claim_id": "1012043", "claim_name": null, "holder": "(100) NEW GOLD INC.", "status": "Active", "recorded_date": "2026-01-04", "anniversary_or_expiry": "2027-12-08", "area_ha": null, "tenure_type": "Multi-cell Mining Claim", "source": "Ontario MLAS operational claims (OGSEarth / LIO MapServer). Unofficial viewing data, not legal title.", "as_of": "2026-09-20", "role": "focus", "color": "#e8b040"}}, {"type": "Feature", "geometry": {"type": "Polygon", "coordinates": [[[-93.6563, 48.8458], [-93.6563, 48.8417], [-93.6313, 48.8417], [-93.6313, 48.8583], [-93.6375, 48.8583], [-93.6375, 48.8625], [-93.6438, 48.8625], [-93.6438, 48.8667], [-93.6563, 48.8667], [-93.6563, 48.8458]]]}, "properties": {"company_id": "new-gold", "jurisdiction": "Ontario", "claim_id": "1012044", "claim_name": null, "holder": "(100) NEW GOLD INC.", "status": "Active", "recorded_date": "2026-01-04", "anniversary_or_expiry": "2027-12-08", "area_ha": null, "tenure_type": "Multi-cell Mining Claim", "source": "Ontario MLAS operational claims (OGSEarth / LIO MapServer). Unofficial viewing data, not legal title.", "as_of": "2026-09-20", "role": "focus", "color": "#e8b040"}}]}