{"type": "FeatureCollection", "features": [{"type": "Feature", "geometry": {"type": "Polygon", "coordinates": [[[-78.01127274118166, 49.52500007910406], [-78.00833333125208, 49.52500000671109], [-78.00833333826411, 49.516666675268155], [-78.0113344579062, 49.51666674523206], [-78.01132141124997, 49.5176593222919], [-78.01127549388293, 49.52134517120606], [-78.011270285677, 49.52488628815233], [-78.01127274118166, 49.52500007910406]]]}, "properties": {"company_id": "radisson-mining", "jurisdiction": "Quebec", "claim_id": "", "claim_name": null, "holder": "Ressources Minières Radisson Inc.", "status": "Active", "recorded_date": null, "anniversary_or_expiry": null, "area_ha": null, "tenure_type": null, "source": "GESTIM active titles (MRNF digital data dump). Not legal title.", "as_of": "2026-09-20", "role": "focus", "color": "#e8b040"}}, {"type": "Feature", "geometry": {"type": "Polygon", "coordinates": [[[-78.0083333296212, 49.53333333849731], [-78.00833333123569, 49.52880766886048], [-78.00833333125208, 49.52500000671109], [-78.01127274118166, 49.52500007910406], [-78.011355226787, 49.528829430965644], [-78.01145536827714, 49.5322718210999], [-78.01148170583353, 49.53333341142688], [-78.0083333296212, 49.53333333849731]]]}, "properties": {"company_id": "radisson-mining", "jurisdiction": "Quebec", "claim_id": "", "claim_name": null, "holder": "Ressources Minières Radisson Inc.", "status": "Active", "recorded_date": null, "anniversary_or_expiry": null, "area_ha": null, "tenure_type": null, "source": "GESTIM active titles (MRNF digital data dump). Not legal title.", "as_of": "2026-09-20", "role": "focus", "color": "#e8b040"}}, {"type": "Feature", "geometry": {"type": "Polygon", "coordinates": [[[-77.99999999780489, 49.516666671878404], [-77.99999999417253, 49.52500001338658], [-77.99166667413674, 49.52500000062835], [-77.99166666712311, 49.51666666918928], [-77.99999999780489, 49.516666671878404]]]}, "properties": {"company_id": "radisson-mining", "jurisdiction": "Quebec", "claim_id": "", "claim_name": null, "holder": "Ressources Minières Radisson Inc.", "status": "Active", "recorded_date": null, "anniversary_or_expiry": null, "area_ha": null, "tenure_type": null, "source": "GESTIM active titles (MRNF digital data dump). Not legal title.", "as_of": "2026-09-20", "role": "focus", "color": "#e8b040"}}, {"type": "Feature", "geometry": {"type": "Polygon", "coordinates": [[[-77.99166666712311, 49.51666666918928], [-77.99166667413674, 49.52500000062835], [-77.98333333393818, 49.525000004254984], [-77.98333333677343, 49.516666673514344], [-77.99166666712311, 49.51666666918928]]]}, "properties": {"company_id": "radisson-mining", "jurisdiction": "Quebec", "claim_id": "", "claim_name": null, "holder": "Ressources Minières Radisson Inc.", "status": "Active", "recorded_date": null, "anniversary_or_expiry": null, "area_ha": null, "tenure_type": null, "source": "GESTIM active titles (MRNF digital data dump). Not legal title.", "as_of": "2026-09-20", "role": "focus", "color": "#e8b040"}}, {"type": "Feature", "geometry": {"type": "Polygon", "coordinates": [[[-77.98333333677343, 49.516666673514344], [-77.98333333393818, 49.525000004254984], [-77.97500000319803, 49.524999999868015], [-77.97500000206551, 49.51666667015454], [-77.98333333677343, 49.516666673514344]]]}, "properties": {"company_id": "radisson-mining", "jurisdiction": "Quebec", "claim_id": "", "claim_name": null, "holder": "Ressources Minières Radisson Inc.", "status": "Active", "recorded_date": null, "anniversary_or_expiry": null, "area_ha": null, "tenure_type": null, "source": "GESTIM active titles (MRNF digital data dump). Not legal title.", "as_of": "2026-09-20", "role": "focus", "color": "#e8b040"}}, {"type": "Feature", "geometry": {"type": "Polygon", "coordinates": [[[-78.00000001111881, 49.52500000730146], [-78.00000000899784, 49.53333334018086], [-77.9916666757692, 49.533333332410784], [-77.99166667413674, 49.52500000062835], [-78.00000001111881, 49.52500000730146]]]}, "properties": {"company_id": "radisson-mining", "jurisdiction": "Quebec", "claim_id": "", "claim_name": null, "holder": "Ressources Minières Radisson Inc.", "status": "Active", "recorded_date": null, "anniversary_or_expiry": null, "area_ha": null, "tenure_type": null, "source": "GESTIM active titles (MRNF digital data dump). Not legal title.", "as_of": "2026-09-20", "role": "focus", "color": "#e8b040"}}, {"type": "Feature", "geometry": {"type": "Polygon", "coordinates": [[[-77.99166667413674, 49.52500000062835], [-77.9916666757692, 49.533333332410784], [-77.98333333934222, 49.53333333496889], [-77.98333333393818, 49.525000004254984], [-77.99166667413674, 49.52500000062835]]]}, "properties": {"company_id": "radisson-mining", "jurisdiction": "Quebec", "claim_id": "", "claim_name": null, "holder": "Ressources Minières Radisson Inc.", "status": "Active", "recorded_date": null, "anniversary_or_expiry": null, "area_ha": null, "tenure_type": null, "source": "GESTIM active titles (MRNF digital data dump). Not legal title.", "as_of": "2026-09-20", "role": "focus", "color": "#e8b040"}}, {"type": "Feature", "geometry": {"type": "Polygon", "coordinates": [[[-77.98333333393818, 49.525000004254984], [-77.98333333934222, 49.53333333496889], [-77.97499999913806, 49.5333333388795], [-77.97500000319803, 49.524999999868015], [-77.98333333393818, 49.525000004254984]]]}, "properties": {"company_id": "radisson-mining", "jurisdiction": "Quebec", "claim_id": "", "claim_name": null, "holder": "Ressources Minières Radisson Inc.", "status": "Active", "recorded_date": null, "anniversary_or_expiry": null, "area_ha": null, "tenure_type": null, "source": "GESTIM active titles (MRNF digital data dump). Not legal title.", "as_of": "2026-09-20", "role": "focus", "color": "#e8b040"}}, {"type": "Feature", "geometry": {"type": "Polygon", "coordinates": [[[-77.97500000319803, 49.524999999868015], [-77.97499999913806, 49.5333333388795], [-77.96666666838546, 49.53333333481273], [-77.96666666918148, 49.525000005796734], [-77.97500000319803, 49.524999999868015]]]}, "properties": {"company_id": "radisson-mining", "jurisdiction": "Quebec", "claim_id": "", "claim_name": null, "holder": "Ressources Minières Radisson Inc.", "status": "Active", "recorded_date": null, "anniversary_or_expiry": null, "area_ha": null, "tenure_type": null, "source": "GESTIM active titles (MRNF digital data dump). Not legal title.", "as_of": "2026-09-20", "role": "focus", "color": "#e8b040"}}, {"type": "Feature", "geometry": {"type": "Polygon", "coordinates": [[[-77.96666666918149, 49.525000005796734], [-77.96666666838546, 49.53333333481273], [-77.95833333434433, 49.53333334109697], [-77.95833334456971, 49.52500000372944], [-77.96666666918149, 49.525000005796734]]]}, "properties": {"company_id": "radisson-mining", "jurisdiction": "Quebec", "claim_id": "", "claim_name": null, "holder": "Ressources Minières Radisson Inc.", "status": "Active", "recorded_date": null, "anniversary_or_expiry": null, "area_ha": null, "tenure_type": null, "source": "GESTIM active titles (MRNF digital data dump). Not legal title.", "as_of": "2026-09-20", "role": "focus", "color": "#e8b040"}}, {"type": "Feature", "geometry": {"type": "Polygon", "coordinates": [[[-77.95833334456972, 49.52500000372943], [-77.95833333434433, 49.53333334109696], [-77.95000000970099, 49.53333333942128], [-77.9500000022812, 49.52500000336287], [-77.95833334456972, 49.52500000372943]]]}, "properties": {"company_id": "radisson-mining", "jurisdiction": "Quebec", "claim_id": "", "claim_name": null, "holder": "Ressources Minières Radisson Inc.", "status": "Active", "recorded_date": null, "anniversary_or_expiry": null, "area_ha": null, "tenure_type": null, "source": "GESTIM active titles (MRNF digital data dump). Not legal title.", "as_of": "2026-09-20", "role": "focus", "color": "#e8b040"}}, {"type": "Feature", "geometry": {"type": "Polygon", "coordinates": [[[-78.00000000899784, 49.53333334018086], [-78.00000000165858, 49.54166667341835], [-77.99166667255602, 49.54166667351978], [-77.9916666757692, 49.533333332410784], [-78.00000000899784, 49.53333334018086]]]}, "properties": {"company_id": "radisson-mining", "jurisdiction": "Quebec", "claim_id": "", "claim_name": null, "holder": "Ressources Minières Radisson Inc.", "status": "Active", "recorded_date": null, "anniversary_or_expiry": null, "area_ha": null, "tenure_type": null, "source": "GESTIM active titles (MRNF digital data dump). Not legal title.", "as_of": "2026-09-20", "role": "focus", "color": "#e8b040"}}, {"type": "Feature", "geometry": {"type": "Polygon", "coordinates": [[[-77.9916666757692, 49.533333332410784], [-77.99166667255602, 49.54166667351978], [-77.98333333917553, 49.54166666601274], [-77.98333333934222, 49.53333333496889], [-77.9916666757692, 49.533333332410784]]]}, "properties": {"company_id": "radisson-mining", "jurisdiction": "Quebec", "claim_id": "", "claim_name": null, "holder": "Ressources Minières Radisson Inc.", "status": "Active", "recorded_date": null, "anniversary_or_expiry": null, "area_ha": null, "tenure_type": null, "source": "GESTIM active titles (MRNF digital data dump). Not legal title.", "as_of": "2026-09-20", "role": "focus", "color": "#e8b040"}}, {"type": "Feature", "geometry": {"type": "Polygon", "coordinates": [[[-77.98333333934222, 49.53333333496889], [-77.98333333917552, 49.54166666601274], [-77.97500000258466, 49.54166666886918], [-77.97499999913806, 49.5333333388795], [-77.98333333934222, 49.53333333496889]]]}, "properties": {"company_id": "radisson-mining", "jurisdiction": "Quebec", "claim_id": "", "claim_name": null, "holder": "Ressources Minières Radisson Inc.", "status": "Active", "recorded_date": null, "anniversary_or_expiry": null, "area_ha": null, "tenure_type": null, "source": "GESTIM active titles (MRNF digital data dump). Not legal title.", "as_of": "2026-09-20", "role": "focus", "color": "#e8b040"}}, {"type": "Feature", "geometry": {"type": "Polygon", "coordinates": [[[-77.97499999913806, 49.5333333388795], [-77.97500000258466, 49.54166666886918], [-77.96666667600977, 49.54166667275933], [-77.96666666838546, 49.53333333481273], [-77.97499999913806, 49.5333333388795]]]}, "properties": {"company_id": "radisson-mining", "jurisdiction": "Quebec", "claim_id": "", "claim_name": null, "holder": "Ressources Minières Radisson Inc.", "status": "Active", "recorded_date": null, "anniversary_or_expiry": null, "area_ha": null, "tenure_type": null, "source": "GESTIM active titles (MRNF digital data dump). Not legal title.", "as_of": "2026-09-20", "role": "focus", "color": "#e8b040"}}, {"type": "Feature", "geometry": {"type": "Polygon", "coordinates": [[[-77.96666666838546, 49.53333333481273], [-77.96666667600974, 49.541666672752854], [-77.95833334507564, 49.54166666905695], [-77.95833333434433, 49.53333334109697], [-77.96666666838546, 49.53333333481273]]]}, "properties": {"company_id": "radisson-mining", "jurisdiction": "Quebec", "claim_id": "", "claim_name": null, "holder": "Ressources Minières Radisson Inc.", "status": "Active", "recorded_date": null, "anniversary_or_expiry": null, "area_ha": null, "tenure_type": null, "source": "GESTIM active titles (MRNF digital data dump). Not legal title.", "as_of": "2026-09-20", "role": "focus", "color": "#e8b040"}}, {"type": "Feature", "geometry": {"type": "Polygon", "coordinates": [[[-77.95833333434433, 49.53333334109696], [-77.95833334507564, 49.54166666906341], [-77.95000001029949, 49.54166666677098], [-77.95000000970099, 49.53333333942128], [-77.95833333434433, 49.53333334109696]]]}, "properties": {"company_id": "radisson-mining", "jurisdiction": "Quebec", "claim_id": "", "claim_name": null, "holder": "Ressources Minières Radisson Inc.", "status": "Active", "recorded_date": null, "anniversary_or_expiry": null, "area_ha": null, "tenure_type": null, "source": "GESTIM active titles (MRNF digital data dump). Not legal title.", "as_of": "2026-09-20", "role": "focus", "color": "#e8b040"}}, {"type": "Feature", "geometry": {"type": "Polygon", "coordinates": [[[-78.00000000165858, 49.54166667341835], [-78.00000000289356, 49.55000000665647], [-77.99166667719217, 49.550000005633784], [-77.99166667255602, 49.54166667351978], [-78.00000000165858, 49.54166667341835]]]}, "properties": {"company_id": "radisson-mining", "jurisdiction": "Quebec", "claim_id": "", "claim_name": null, "holder": "Ressources Minières Radisson Inc.", "status": "Active", "recorded_date": null, "anniversary_or_expiry": null, "area_ha": null, "tenure_type": null, "source": "GESTIM active titles (MRNF digital data dump). Not legal title.", "as_of": "2026-09-20", "role": "focus", "color": "#e8b040"}}, {"type": "Feature", "geometry": {"type": "Polygon", "coordinates": [[[-77.99166667255602, 49.54166667351978], [-77.99166667719217, 49.550000005633784], [-77.98333333397215, 49.550000006369864], [-77.98333333917553, 49.54166666601274], [-77.99166667255602, 49.54166667351978]]]}, "properties": {"company_id": "radisson-mining", "jurisdiction": "Quebec", "claim_id": "", "claim_name": null, "holder": "Ressources Minières Radisson Inc.", "status": "Active", "recorded_date": null, "anniversary_or_expiry": null, "area_ha": null, "tenure_type": null, "source": "GESTIM active titles (MRNF digital data dump). Not legal title.", "as_of": "2026-09-20", "role": "focus", "color": "#e8b040"}}, {"type": "Feature", "geometry": {"type": "Polygon", "coordinates": [[[-77.98333333917553, 49.54166666601274], [-77.98333333397215, 49.550000006369864], [-77.9750000002708, 49.54999999917554], [-77.97500000258466, 49.54166666886918], [-77.98333333917553, 49.54166666601274]]]}, "properties": {"company_id": "radisson-mining", "jurisdiction": "Quebec", "claim_id": "", "claim_name": null, "holder": "Ressources Minières Radisson Inc.", "status": "Active", "recorded_date": null, "anniversary_or_expiry": null, "area_ha": null, "tenure_type": null, "source": "GESTIM active titles (MRNF digital data dump). Not legal title.", "as_of": "2026-09-20", "role": "focus", "color": "#e8b040"}}, {"type": "Feature", "geometry": {"type": "Polygon", "coordinates": [[[-77.96666667600977, 49.54166667275933], [-77.96666667715313, 49.550000002025854], [-77.95833333643053, 49.550000006654585], [-77.95833334507564, 49.54166666906341], [-77.96666667600977, 49.54166667275933]]]}, "properties": {"company_id": "radisson-mining", "jurisdiction": "Quebec", "claim_id": "", "claim_name": null, "holder": "Ressources Minières Radisson Inc.", "status": "Active", "recorded_date": null, "anniversary_or_expiry": null, "area_ha": null, "tenure_type": null, "source": "GESTIM active titles (MRNF digital data dump). Not legal title.", "as_of": "2026-09-20", "role": "focus", "color": "#e8b040"}}, {"type": "Feature", "geometry": {"type": "Polygon", "coordinates": [[[-77.95833334507564, 49.54166666906341], [-77.95833333643053, 49.550000006654585], [-77.95000000514537, 49.550000003378315], [-77.95000001029949, 49.54166666677098], [-77.95833334507564, 49.54166666906341]]]}, "properties": {"company_id": "radisson-mining", "jurisdiction": "Quebec", "claim_id": "", "claim_name": null, "holder": "Ressources Minières Radisson Inc.", "status": "Active", "recorded_date": null, "anniversary_or_expiry": null, "area_ha": null, "tenure_type": null, "source": "GESTIM active titles (MRNF digital data dump). Not legal title.", "as_of": "2026-09-20", "role": "focus", "color": "#e8b040"}}, {"type": "Feature", "geometry": {"type": "Polygon", "coordinates": [[[-77.96666667715313, 49.550000002025854], [-77.9666666728908, 49.558333340578436], [-77.95833333491993, 49.5583333351992], [-77.95833333643053, 49.550000006654585], [-77.96666667715313, 49.550000002025854]]]}, "properties": {"company_id": "radisson-mining", "jurisdiction": "Quebec", "claim_id": "", "claim_name": null, "holder": "Ressources Minières Radisson Inc.", "status": "Active", "recorded_date": null, "anniversary_or_expiry": null, "area_ha": null, "tenure_type": null, "source": "GESTIM active titles (MRNF digital data dump). Not legal title.", "as_of": "2026-09-20", "role": "focus", "color": "#e8b040"}}, {"type": "Feature", "geometry": {"type": "Polygon", "coordinates": [[[-78.00833333826411, 49.516666675268155], [-78.00833333125208, 49.52500000671109], [-77.99999999417253, 49.52500001338658], [-77.99999999780492, 49.516666671878404], [-78.00833333826411, 49.516666675268155]]]}, "properties": {"company_id": "radisson-mining", "jurisdiction": "Quebec", "claim_id": "", "claim_name": null, "holder": "Ressources Minières Radisson Inc.", "status": "Active", "recorded_date": null, "anniversary_or_expiry": null, "area_ha": null, "tenure_type": null, "source": "GESTIM active titles (MRNF digital data dump). Not legal title.", "as_of": "2026-09-20", "role": "focus", "color": "#e8b040"}}, {"type": "Feature", "geometry": {"type": "Polygon", "coordinates": [[[-78.00833333125208, 49.52500000671109], [-78.0083333296212, 49.53333333849731], [-77.99999999629505, 49.533333346269764], [-77.99999999417253, 49.52500001338658], [-78.00833333125208, 49.52500000671109]]]}, "properties": {"company_id": "radisson-mining", "jurisdiction": "Quebec", "claim_id": "", "claim_name": null, "holder": "Ressources Minières Radisson Inc.", "status": "Active", "recorded_date": null, "anniversary_or_expiry": null, "area_ha": null, "tenure_type": null, "source": "GESTIM active titles (MRNF digital data dump). Not legal title.", "as_of": "2026-09-20", "role": "focus", "color": "#e8b040"}}, {"type": "Feature", "geometry": {"type": "Polygon", "coordinates": [[[-78.01666666614729, 49.533333341052845], [-78.0166666663156, 49.54166667210052], [-78.00833333283593, 49.54166667961006], [-78.0083333296212, 49.53333333849731], [-78.01666666614729, 49.533333341052845]]]}, "properties": {"company_id": "radisson-mining", "jurisdiction": "Quebec", "claim_id": "", "claim_name": null, "holder": "Ressources Minières Radisson Inc.", "status": "Active", "recorded_date": null, "anniversary_or_expiry": null, "area_ha": null, "tenure_type": null, "source": "GESTIM active titles (MRNF digital data dump). Not legal title.", "as_of": "2026-09-20", "role": "focus", "color": "#e8b040"}}, {"type": "Feature", "geometry": {"type": "Polygon", "coordinates": [[[-78.0083333296212, 49.53333333849731], [-78.00833333283593, 49.54166667961006], [-78.00000000363585, 49.541666679511096], [-77.99999999629505, 49.533333346269764], [-78.0083333296212, 49.53333333849731]]]}, "properties": {"company_id": "radisson-mining", "jurisdiction": "Quebec", "claim_id": "", "claim_name": null, "holder": "Ressources Minières Radisson Inc.", "status": "Active", "recorded_date": null, "anniversary_or_expiry": null, "area_ha": null, "tenure_type": null, "source": "GESTIM active titles (MRNF digital data dump). Not legal title.", "as_of": "2026-09-20", "role": "focus", "color": "#e8b040"}}, {"type": "Feature", "geometry": {"type": "Polygon", "coordinates": [[[-78.38333332937552, 48.24166667304799], [-78.38333333912013, 48.23333333134383], [-78.39166667330787, 48.233333328213526], [-78.39166665892623, 48.241666672590334], [-78.38333332937552, 48.24166667304799]]]}, "properties": {"company_id": "radisson-mining", "jurisdiction": "Quebec", "claim_id": "", "claim_name": null, "holder": "Ressources Minières Radisson Inc.", "status": "Active", "recorded_date": null, "anniversary_or_expiry": null, "area_ha": null, "tenure_type": null, "source": "GESTIM active titles (MRNF digital data dump). Not legal title.", "as_of": "2026-09-20", "role": "focus", "color": "#e8b040"}}, {"type": "Feature", "geometry": {"type": "Polygon", "coordinates": [[[-78.39166667330785, 48.233333328203315], [-78.40000000095696, 48.233333331700045], [-78.39999999583097, 48.24166667009711], [-78.39166665892623, 48.241666672590334], [-78.39166667330785, 48.233333328203315]]]}, "properties": {"company_id": "radisson-mining", "jurisdiction": "Quebec", "claim_id": "", "claim_name": null, "holder": "Ressources Minières Radisson Inc.", "status": "Active", "recorded_date": null, "anniversary_or_expiry": null, "area_ha": null, "tenure_type": null, "source": "GESTIM active titles (MRNF digital data dump). Not legal title.", "as_of": "2026-09-20", "role": "focus", "color": "#e8b040"}}, {"type": "Feature", "geometry": {"type": "Polygon", "coordinates": [[[-78.40000000095696, 48.233333331700045], [-78.40833333599727, 48.23333333314824], [-78.40833332665383, 48.24166666527043], [-78.39999999583097, 48.24166667009711], [-78.40000000095696, 48.233333331700045]]]}, "properties": {"company_id": "radisson-mining", "jurisdiction": "Quebec", "claim_id": "", "claim_name": null, "holder": "Ressources Minières Radisson Inc.", "status": "Active", "recorded_date": null, "anniversary_or_expiry": null, "area_ha": null, "tenure_type": null, "source": "GESTIM active titles (MRNF digital data dump). Not legal title.", "as_of": "2026-09-20", "role": "focus", "color": "#e8b040"}}, {"type": "Feature", "geometry": {"type": "Polygon", "coordinates": [[[-78.40000000053789, 48.1416666687629], [-78.40000000093106, 48.149999999827116], [-78.39166665782002, 48.15000000683749], [-78.3916666646763, 48.14166666991321], [-78.40000000053789, 48.1416666687629]]]}, "properties": {"company_id": "radisson-mining", "jurisdiction": "Quebec", "claim_id": "", "claim_name": null, "holder": "Ressources Minières Radisson Inc.", "status": "Active", "recorded_date": null, "anniversary_or_expiry": null, "area_ha": null, "tenure_type": null, "source": "GESTIM active titles (MRNF digital data dump). Not legal title.", "as_of": "2026-09-20", "role": "focus", "color": "#e8b040"}}, {"type": "Feature", "geometry": {"type": "Polygon", "coordinates": [[[-78.3916666646763, 48.14166666991321], [-78.39166665782002, 48.15000000683749], [-78.38333333611207, 48.150000002913764], [-78.38333333634654, 48.141666668792816], [-78.3916666646763, 48.14166666991321]]]}, "properties": {"company_id": "radisson-mining", "jurisdiction": "Quebec", "claim_id": "", "claim_name": null, "holder": "Ressources Minières Radisson Inc.", "status": "Active", "recorded_date": null, "anniversary_or_expiry": null, "area_ha": null, "tenure_type": null, "source": "GESTIM active titles (MRNF digital data dump). Not legal title.", "as_of": "2026-09-20", "role": "focus", "color": "#e8b040"}}, {"type": "Feature", "geometry": {"type": "Polygon", "coordinates": [[[-78.38333333634654, 48.141666668792816], [-78.38333333611207, 48.150000002913764], [-78.37499999458406, 48.15000000510781], [-78.37500000210213, 48.14166666508936], [-78.38333333634654, 48.141666668792816]]]}, "properties": {"company_id": "radisson-mining", "jurisdiction": "Quebec", "claim_id": "", "claim_name": null, "holder": "Ressources Minières Radisson Inc.", "status": "Active", "recorded_date": null, "anniversary_or_expiry": null, "area_ha": null, "tenure_type": null, "source": "GESTIM active titles (MRNF digital data dump). Not legal title.", "as_of": "2026-09-20", "role": "focus", "color": "#e8b040"}}, {"type": "Feature", "geometry": {"type": "Polygon", "coordinates": [[[-78.37500000210213, 48.14166666508936], [-78.37499999458406, 48.15000000510781], [-78.36666666053488, 48.15000000503635], [-78.36666666146496, 48.14166666778171], [-78.37500000210213, 48.14166666508936]]]}, "properties": {"company_id": "radisson-mining", "jurisdiction": "Quebec", "claim_id": "", "claim_name": null, "holder": "Ressources Minières Radisson Inc.", "status": "Active", "recorded_date": null, "anniversary_or_expiry": null, "area_ha": null, "tenure_type": null, "source": "GESTIM active titles (MRNF digital data dump). Not legal title.", "as_of": "2026-09-20", "role": "focus", "color": "#e8b040"}}, {"type": "Feature", "geometry": {"type": "Polygon", "coordinates": [[[-78.36666666146496, 48.14166666778171], [-78.36666666053488, 48.15000000503635], [-78.35833333394618, 48.15000000269385], [-78.35833332830241, 48.14166666818281], [-78.36666666146496, 48.14166666778171]]]}, "properties": {"company_id": "radisson-mining", "jurisdiction": "Quebec", "claim_id": "", "claim_name": null, "holder": "Ressources Minières Radisson Inc.", "status": "Active", "recorded_date": null, "anniversary_or_expiry": null, "area_ha": null, "tenure_type": null, "source": "GESTIM active titles (MRNF digital data dump). Not legal title.", "as_of": "2026-09-20", "role": "focus", "color": "#e8b040"}}, {"type": "Feature", "geometry": {"type": "Polygon", "coordinates": [[[-78.36666666053488, 48.15000000503635], [-78.36666667124634, 48.15833333296851], [-78.35833333716342, 48.15833333657394], [-78.35833333394618, 48.15000000269385], [-78.36666666053488, 48.15000000503635]]]}, "properties": {"company_id": "radisson-mining", "jurisdiction": "Quebec", "claim_id": "", "claim_name": null, "holder": "Ressources Minières Radisson Inc.", "status": "Active", "recorded_date": null, "anniversary_or_expiry": null, "area_ha": null, "tenure_type": null, "source": "GESTIM active titles (MRNF digital data dump). Not legal title.", "as_of": "2026-09-20", "role": "focus", "color": "#e8b040"}}, {"type": "Feature", "geometry": {"type": "Polygon", "coordinates": [[[-78.36666667124634, 48.15833333296851], [-78.36666666582366, 48.1666666689377], [-78.35833332452722, 48.166666669514576], [-78.35833333716342, 48.15833333657394], [-78.36666667124634, 48.15833333296851]]]}, "properties": {"company_id": "radisson-mining", "jurisdiction": "Quebec", "claim_id": "", "claim_name": null, "holder": "Ressources Minières Radisson Inc.", "status": "Active", "recorded_date": null, "anniversary_or_expiry": null, "area_ha": null, "tenure_type": null, "source": "GESTIM active titles (MRNF digital data dump). Not legal title.", "as_of": "2026-09-20", "role": "focus", "color": "#e8b040"}}, {"type": "Feature", "geometry": {"type": "Polygon", "coordinates": [[[-78.49166666498452, 48.16666666984604], [-78.4916666611074, 48.175000005343136], [-78.48333333534704, 48.17500000247719], [-78.48333333294863, 48.16666666998604], [-78.49166666498452, 48.16666666984604]]]}, "properties": {"company_id": "radisson-mining", "jurisdiction": "Quebec", "claim_id": "", "claim_name": null, "holder": "Ressources Minières Radisson Inc.", "status": "Active", "recorded_date": null, "anniversary_or_expiry": null, "area_ha": null, "tenure_type": null, "source": "GESTIM active titles (MRNF digital data dump). Not legal title.", "as_of": "2026-09-20", "role": "focus", "color": "#e8b040"}}, {"type": "Feature", "geometry": {"type": "Polygon", "coordinates": [[[-78.48333333294863, 48.16666666998604], [-78.48333333534704, 48.17500000247719], [-78.47500000339171, 48.17500000618374], [-78.4749999951748, 48.16666666769001], [-78.48333333294863, 48.16666666998604]]]}, "properties": {"company_id": "radisson-mining", "jurisdiction": "Quebec", "claim_id": "", "claim_name": null, "holder": "Ressources Minières Radisson Inc.", "status": "Active", "recorded_date": null, "anniversary_or_expiry": null, "area_ha": null, "tenure_type": null, "source": "GESTIM active titles (MRNF digital data dump). Not legal title.", "as_of": "2026-09-20", "role": "focus", "color": "#e8b040"}}, {"type": "Feature", "geometry": {"type": "Polygon", "coordinates": [[[-78.39999999664657, 48.16666666887226], [-78.39999999198473, 48.175000006854106], [-78.39166666772381, 48.175000005467695], [-78.39166666627803, 48.16666667027294], [-78.39999999664657, 48.16666666887226]]]}, "properties": {"company_id": "radisson-mining", "jurisdiction": "Quebec", "claim_id": "", "claim_name": null, "holder": "Ressources Minières Radisson Inc.", "status": "Active", "recorded_date": null, "anniversary_or_expiry": null, "area_ha": null, "tenure_type": null, "source": "GESTIM active titles (MRNF digital data dump). Not legal title.", "as_of": "2026-09-20", "role": "focus", "color": "#e8b040"}}, {"type": "Feature", "geometry": {"type": "Polygon", "coordinates": [[[-78.39166666627803, 48.16666667027294], [-78.39166666772381, 48.175000005467695], [-78.38333333749927, 48.17500000158389], [-78.38333332996193, 48.166666669155795], [-78.39166666627803, 48.16666667027294]]]}, "properties": {"company_id": "radisson-mining", "jurisdiction": "Quebec", "claim_id": "", "claim_name": null, "holder": "Ressources Minières Radisson Inc.", "status": "Active", "recorded_date": null, "anniversary_or_expiry": null, "area_ha": null, "tenure_type": null, "source": "GESTIM active titles (MRNF digital data dump). Not legal title.", "as_of": "2026-09-20", "role": "focus", "color": "#e8b040"}}, {"type": "Feature", "geometry": {"type": "Polygon", "coordinates": [[[-78.37500000111501, 48.16666666581943], [-78.3750000008338, 48.175000004181626], [-78.36666665816534, 48.17500000426487], [-78.36666666582366, 48.1666666689377], [-78.37500000111501, 48.16666666581943]]]}, "properties": {"company_id": "radisson-mining", "jurisdiction": "Quebec", "claim_id": "", "claim_name": null, "holder": "Ressources Minières Radisson Inc.", "status": "Active", "recorded_date": null, "anniversary_or_expiry": null, "area_ha": null, "tenure_type": null, "source": "GESTIM active titles (MRNF digital data dump). Not legal title.", "as_of": "2026-09-20", "role": "focus", "color": "#e8b040"}}, {"type": "Feature", "geometry": {"type": "Polygon", "coordinates": [[[-78.36666666582366, 48.1666666689377], [-78.36666665816534, 48.17500000426487], [-78.35833333634942, 48.175000002443134], [-78.35833332452722, 48.166666669514576], [-78.36666666582366, 48.1666666689377]]]}, "properties": {"company_id": "radisson-mining", "jurisdiction": "Quebec", "claim_id": "", "claim_name": null, "holder": "Ressources Minières Radisson Inc.", "status": "Active", "recorded_date": null, "anniversary_or_expiry": null, "area_ha": null, "tenure_type": null, "source": "GESTIM active titles (MRNF digital data dump). Not legal title.", "as_of": "2026-09-20", "role": "focus", "color": "#e8b040"}}, {"type": "Feature", "geometry": {"type": "Polygon", "coordinates": [[[-78.49999999457107, 48.17500000609398], [-78.499999998892, 48.183333335092215], [-78.49166667110438, 48.183333340315926], [-78.4916666611074, 48.175000005343136], [-78.49999999457107, 48.17500000609398]]]}, "properties": {"company_id": "radisson-mining", "jurisdiction": "Quebec", "claim_id": "", "claim_name": null, "holder": "Ressources Minières Radisson Inc.", "status": "Active", "recorded_date": null, "anniversary_or_expiry": null, "area_ha": null, "tenure_type": null, "source": "GESTIM active titles (MRNF digital data dump). Not legal title.", "as_of": "2026-09-20", "role": "focus", "color": "#e8b040"}}, {"type": "Feature", "geometry": {"type": "Polygon", "coordinates": [[[-78.4916666611074, 48.175000005343136], [-78.49166667110438, 48.183333340315926], [-78.48333333800379, 48.18333333416219], [-78.48333333534704, 48.17500000247719], [-78.4916666611074, 48.175000005343136]]]}, "properties": {"company_id": "radisson-mining", "jurisdiction": "Quebec", "claim_id": "", "claim_name": null, "holder": "Ressources Minières Radisson Inc.", "status": "Active", "recorded_date": null, "anniversary_or_expiry": null, "area_ha": null, "tenure_type": null, "source": "GESTIM active titles (MRNF digital data dump). Not legal title.", "as_of": "2026-09-20", "role": "focus", "color": "#e8b040"}}, {"type": "Feature", "geometry": {"type": "Polygon", "coordinates": [[[-78.47500000339171, 48.17500000618374], [-78.47499999869287, 48.183333334599425], [-78.46666666703227, 48.18333333292748], [-78.4666666661049, 48.174999998478256], [-78.47500000339171, 48.17500000618374]]]}, "properties": {"company_id": "radisson-mining", "jurisdiction": "Quebec", "claim_id": "", "claim_name": null, "holder": "Ressources Minières Radisson Inc.", "status": "Active", "recorded_date": null, "anniversary_or_expiry": null, "area_ha": null, "tenure_type": null, "source": "GESTIM active titles (MRNF digital data dump). Not legal title.", "as_of": "2026-09-20", "role": "focus", "color": "#e8b040"}}, {"type": "Feature", "geometry": {"type": "Polygon", "coordinates": [[[-78.4666666661049, 48.174999998478256], [-78.46666666703227, 48.18333333292748], [-78.45833332911876, 48.1833333378319], [-78.45833333557718, 48.17500000661423], [-78.4666666661049, 48.174999998478256]]]}, "properties": {"company_id": "radisson-mining", "jurisdiction": "Quebec", "claim_id": "", "claim_name": null, "holder": "Ressources Minières Radisson Inc.", "status": "Active", "recorded_date": null, "anniversary_or_expiry": null, "area_ha": null, "tenure_type": null, "source": "GESTIM active titles (MRNF digital data dump). Not legal title.", "as_of": "2026-09-20", "role": "focus", "color": "#e8b040"}}, {"type": "Feature", "geometry": {"type": "Polygon", "coordinates": [[[-78.39999999198473, 48.175000006854106], [-78.39999999969969, 48.18333333546334], [-78.39166666747673, 48.18333333998528], [-78.39166666772381, 48.175000005467695], [-78.39999999198473, 48.175000006854106]]]}, "properties": {"company_id": "radisson-mining", "jurisdiction": "Quebec", "claim_id": "", "claim_name": null, "holder": "Ressources Minières Radisson Inc.", "status": "Active", "recorded_date": null, "anniversary_or_expiry": null, "area_ha": null, "tenure_type": null, "source": "GESTIM active titles (MRNF digital data dump). Not legal title.", "as_of": "2026-09-20", "role": "focus", "color": "#e8b040"}}, {"type": "Feature", "geometry": {"type": "Polygon", "coordinates": [[[-78.39166666772381, 48.175000005467695], [-78.39166666747673, 48.18333333998528], [-78.38333332972908, 48.1833333330406], [-78.38333333749927, 48.17500000158389], [-78.39166666772381, 48.175000005467695]]]}, "properties": {"company_id": "radisson-mining", "jurisdiction": "Quebec", "claim_id": "", "claim_name": null, "holder": "Ressources Minières Radisson Inc.", "status": "Active", "recorded_date": null, "anniversary_or_expiry": null, "area_ha": null, "tenure_type": null, "source": "GESTIM active titles (MRNF digital data dump). Not legal title.", "as_of": "2026-09-20", "role": "focus", "color": "#e8b040"}}, {"type": "Feature", "geometry": {"type": "Polygon", "coordinates": [[[-78.38333333749927, 48.17500000158389], [-78.38333332972908, 48.1833333330406], [-78.3749999989636, 48.18333333290293], [-78.3750000008338, 48.175000004181626], [-78.38333333749927, 48.17500000158389]]]}, "properties": {"company_id": "radisson-mining", "jurisdiction": "Quebec", "claim_id": "", "claim_name": null, "holder": "Ressources Minières Radisson Inc.", "status": "Active", "recorded_date": null, "anniversary_or_expiry": null, "area_ha": null, "tenure_type": null, "source": "GESTIM active titles (MRNF digital data dump). Not legal title.", "as_of": "2026-09-20", "role": "focus", "color": "#e8b040"}}, {"type": "Feature", "geometry": {"type": "Polygon", "coordinates": [[[-78.36666665816534, 48.17500000426487], [-78.36666666171826, 48.18333333925856], [-78.35833333233367, 48.18333333443315], [-78.35833333634942, 48.175000002443134], [-78.36666665816534, 48.17500000426487]]]}, "properties": {"company_id": "radisson-mining", "jurisdiction": "Quebec", "claim_id": "", "claim_name": null, "holder": "Ressources Minières Radisson Inc.", "status": "Active", "recorded_date": null, "anniversary_or_expiry": null, "area_ha": null, "tenure_type": null, "source": "GESTIM active titles (MRNF digital data dump). Not legal title.", "as_of": "2026-09-20", "role": "focus", "color": "#e8b040"}}, {"type": "Feature", "geometry": {"type": "Polygon", "coordinates": [[[-78.499999998892, 48.183333335092215], [-78.50000000339773, 48.19166667224997], [-78.4916666685443, 48.191666665189764], [-78.49166667110438, 48.183333340315926], [-78.499999998892, 48.183333335092215]]]}, "properties": {"company_id": "radisson-mining", "jurisdiction": "Quebec", "claim_id": "", "claim_name": null, "holder": "Ressources Minières Radisson Inc.", "status": "Active", "recorded_date": null, "anniversary_or_expiry": null, "area_ha": null, "tenure_type": null, "source": "GESTIM active titles (MRNF digital data dump). Not legal title.", "as_of": "2026-09-20", "role": "focus", "color": "#e8b040"}}, {"type": "Feature", "geometry": {"type": "Polygon", "coordinates": [[[-78.49166667110438, 48.183333340315926], [-78.4916666685443, 48.191666665189764], [-78.48333332704455, 48.19166667373527], [-78.48333333800379, 48.18333333416219], [-78.49166667110438, 48.183333340315926]]]}, "properties": {"company_id": "radisson-mining", "jurisdiction": "Quebec", "claim_id": "", "claim_name": null, "holder": "Ressources Minières Radisson Inc.", "status": "Active", "recorded_date": null, "anniversary_or_expiry": null, "area_ha": null, "tenure_type": null, "source": "GESTIM active titles (MRNF digital data dump). Not legal title.", "as_of": "2026-09-20", "role": "focus", "color": "#e8b040"}}, {"type": "Feature", "geometry": {"type": "Polygon", "coordinates": [[[-78.48333333800379, 48.18333333416219], [-78.48333332704455, 48.19166667373527], [-78.47499999363944, 48.191666671209106], [-78.47499999869287, 48.183333334599425], [-78.48333333800379, 48.18333333416219]]]}, "properties": {"company_id": "radisson-mining", "jurisdiction": "Quebec", "claim_id": "", "claim_name": null, "holder": "Ressources Minières Radisson Inc.", "status": "Active", "recorded_date": null, "anniversary_or_expiry": null, "area_ha": null, "tenure_type": null, "source": "GESTIM active titles (MRNF digital data dump). Not legal title.", "as_of": "2026-09-20", "role": "focus", "color": "#e8b040"}}, {"type": "Feature", "geometry": {"type": "Polygon", "coordinates": [[[-78.47499999869287, 48.183333334599425], [-78.47499999363944, 48.191666671209106], [-78.46666666787135, 48.191666666594244], [-78.46666666703227, 48.18333333292748], [-78.47499999869287, 48.183333334599425]]]}, "properties": {"company_id": "radisson-mining", "jurisdiction": "Quebec", "claim_id": "", "claim_name": null, "holder": "Ressources Minières Radisson Inc.", "status": "Active", "recorded_date": null, "anniversary_or_expiry": null, "area_ha": null, "tenure_type": null, "source": "GESTIM active titles (MRNF digital data dump). Not legal title.", "as_of": "2026-09-20", "role": "focus", "color": "#e8b040"}}, {"type": "Feature", "geometry": {"type": "Polygon", "coordinates": [[[-78.46666666703227, 48.18333333292748], [-78.46666666787135, 48.191666666594244], [-78.45833333583461, 48.1916666685761], [-78.45833332911876, 48.1833333378319], [-78.46666666703227, 48.18333333292748]]]}, "properties": {"company_id": "radisson-mining", "jurisdiction": "Quebec", "claim_id": "", "claim_name": null, "holder": "Ressources Minières Radisson Inc.", "status": "Active", "recorded_date": null, "anniversary_or_expiry": null, "area_ha": null, "tenure_type": null, "source": "GESTIM active titles (MRNF digital data dump). Not legal title.", "as_of": "2026-09-20", "role": "focus", "color": "#e8b040"}}, {"type": "Feature", "geometry": {"type": "Polygon", "coordinates": [[[-78.4499999992618, 48.18333333162657], [-78.44999999795272, 48.1916666681583], [-78.44166666764937, 48.19166666563189], [-78.44166666311214, 48.18333333198296], [-78.4499999992618, 48.18333333162657]]]}, "properties": {"company_id": "radisson-mining", "jurisdiction": "Quebec", "claim_id": "", "claim_name": null, "holder": "Ressources Minières Radisson Inc.", "status": "Active", "recorded_date": null, "anniversary_or_expiry": null, "area_ha": null, "tenure_type": null, "source": "GESTIM active titles (MRNF digital data dump). Not legal title.", "as_of": "2026-09-20", "role": "focus", "color": "#e8b040"}}, {"type": "Feature", "geometry": {"type": "Polygon", "coordinates": [[[-78.44166666311214, 48.18333333198296], [-78.44166666764937, 48.19166666563189], [-78.43333333101486, 48.191666669679215], [-78.43333333408704, 48.183333339192835], [-78.44166666311214, 48.18333333198296]]]}, "properties": {"company_id": "radisson-mining", "jurisdiction": "Quebec", "claim_id": "", "claim_name": null, "holder": "Ressources Minières Radisson Inc.", "status": "Active", "recorded_date": null, "anniversary_or_expiry": null, "area_ha": null, "tenure_type": null, "source": "GESTIM active titles (MRNF digital data dump). Not legal title.", "as_of": "2026-09-20", "role": "focus", "color": "#e8b040"}}, {"type": "Feature", "geometry": {"type": "Polygon", "coordinates": [[[-78.43333333408704, 48.183333339192835], [-78.43333333101486, 48.191666669679215], [-78.42500000191893, 48.19166667160515], [-78.42499999962465, 48.18333333497386], [-78.43333333408704, 48.183333339192835]]]}, "properties": {"company_id": "radisson-mining", "jurisdiction": "Quebec", "claim_id": "", "claim_name": null, "holder": "Ressources Minières Radisson Inc.", "status": "Active", "recorded_date": null, "anniversary_or_expiry": null, "area_ha": null, "tenure_type": null, "source": "GESTIM active titles (MRNF digital data dump). Not legal title.", "as_of": "2026-09-20", "role": "focus", "color": "#e8b040"}}, {"type": "Feature", "geometry": {"type": "Polygon", "coordinates": [[[-78.42499999962465, 48.18333333497386], [-78.42500000191893, 48.19166667160515], [-78.41666666690112, 48.19166667110211], [-78.41666665880724, 48.183333337293384], [-78.42499999962465, 48.18333333497386]]]}, "properties": {"company_id": "radisson-mining", "jurisdiction": "Quebec", "claim_id": "", "claim_name": null, "holder": "Ressources Minières Radisson Inc.", "status": "Active", "recorded_date": null, "anniversary_or_expiry": null, "area_ha": null, "tenure_type": null, "source": "GESTIM active titles (MRNF digital data dump). Not legal title.", "as_of": "2026-09-20", "role": "focus", "color": "#e8b040"}}, {"type": "Feature", "geometry": {"type": "Polygon", "coordinates": [[[-78.41666665880724, 48.183333337293384], [-78.41666666690112, 48.19166667110211], [-78.40833332594308, 48.191666668161716], [-78.40833332550511, 48.18333333745835], [-78.41666665880724, 48.183333337293384]]]}, "properties": {"company_id": "radisson-mining", "jurisdiction": "Quebec", "claim_id": "", "claim_name": null, "holder": "Ressources Minières Radisson Inc.", "status": "Active", "recorded_date": null, "anniversary_or_expiry": null, "area_ha": null, "tenure_type": null, "source": "GESTIM active titles (MRNF digital data dump). Not legal title.", "as_of": "2026-09-20", "role": "focus", "color": "#e8b040"}}, {"type": "Feature", "geometry": {"type": "Polygon", "coordinates": [[[-78.39999999969969, 48.18333333546334], [-78.39999999201312, 48.19166667206748], [-78.39166666554476, 48.19166667382615], [-78.39166666747673, 48.18333333998528], [-78.39999999969969, 48.18333333546334]]]}, "properties": {"company_id": "radisson-mining", "jurisdiction": "Quebec", "claim_id": "", "claim_name": null, "holder": "Ressources Minières Radisson Inc.", "status": "Active", "recorded_date": null, "anniversary_or_expiry": null, "area_ha": null, "tenure_type": null, "source": "GESTIM active titles (MRNF digital data dump). Not legal title.", "as_of": "2026-09-20", "role": "focus", "color": "#e8b040"}}, {"type": "Feature", "geometry": {"type": "Polygon", "coordinates": [[[-78.39166666747673, 48.18333333998528], [-78.39166666554476, 48.19166667382615], [-78.38333333307783, 48.19166667312604], [-78.38333332972908, 48.1833333330406], [-78.39166666747673, 48.18333333998528]]]}, "properties": {"company_id": "radisson-mining", "jurisdiction": "Quebec", "claim_id": "", "claim_name": null, "holder": "Ressources Minières Radisson Inc.", "status": "Active", "recorded_date": null, "anniversary_or_expiry": null, "area_ha": null, "tenure_type": null, "source": "GESTIM active titles (MRNF digital data dump). Not legal title.", "as_of": "2026-09-20", "role": "focus", "color": "#e8b040"}}, {"type": "Feature", "geometry": {"type": "Polygon", "coordinates": [[[-78.38333332972908, 48.1833333330406], [-78.38333333307783, 48.19166667312604], [-78.37499999459402, 48.191666669958764], [-78.3749999989636, 48.18333333290293], [-78.38333332972908, 48.1833333330406]]]}, "properties": {"company_id": "radisson-mining", "jurisdiction": "Quebec", "claim_id": "", "claim_name": null, "holder": "Ressources Minières Radisson Inc.", "status": "Active", "recorded_date": null, "anniversary_or_expiry": null, "area_ha": null, "tenure_type": null, "source": "GESTIM active titles (MRNF digital data dump). Not legal title.", "as_of": "2026-09-20", "role": "focus", "color": "#e8b040"}}, {"type": "Feature", "geometry": {"type": "Polygon", "coordinates": [[[-78.3749999989636, 48.18333333290293], [-78.37499999459402, 48.191666669958764], [-78.36666666305545, 48.19166667361126], [-78.36666666171826, 48.18333333925856], [-78.3749999989636, 48.18333333290293]]]}, "properties": {"company_id": "radisson-mining", "jurisdiction": "Quebec", "claim_id": "", "claim_name": null, "holder": "Ressources Minières Radisson Inc.", "status": "Active", "recorded_date": null, "anniversary_or_expiry": null, "area_ha": null, "tenure_type": null, "source": "GESTIM active titles (MRNF digital data dump). Not legal title.", "as_of": "2026-09-20", "role": "focus", "color": "#e8b040"}}, {"type": "Feature", "geometry": {"type": "Polygon", "coordinates": [[[-78.36666666171826, 48.18333333925856], [-78.36666666305545, 48.19166667361126], [-78.35833332592249, 48.191666665794074], [-78.35833333233367, 48.18333333443315], [-78.36666666171826, 48.18333333925856]]]}, "properties": {"company_id": "radisson-mining", "jurisdiction": "Quebec", "claim_id": "", "claim_name": null, "holder": "Ressources Minières Radisson Inc.", "status": "Active", "recorded_date": null, "anniversary_or_expiry": null, "area_ha": null, "tenure_type": null, "source": "GESTIM active titles (MRNF digital data dump). Not legal title.", "as_of": "2026-09-20", "role": "focus", "color": "#e8b040"}}, {"type": "Feature", "geometry": {"type": "Polygon", "coordinates": [[[-78.3499999964296, 48.18333333608577], [-78.34999999523112, 48.19166667377066], [-78.34166665890847, 48.19166667026248], [-78.34166666788725, 48.183333335531465], [-78.3499999964296, 48.18333333608577]]]}, "properties": {"company_id": "radisson-mining", "jurisdiction": "Quebec", "claim_id": "", "claim_name": null, "holder": "Ressources Minières Radisson Inc.", "status": "Active", "recorded_date": null, "anniversary_or_expiry": null, "area_ha": null, "tenure_type": null, "source": "GESTIM active titles (MRNF digital data dump). Not legal title.", "as_of": "2026-09-20", "role": "focus", "color": "#e8b040"}}, {"type": "Feature", "geometry": {"type": "Polygon", "coordinates": [[[-78.48333332704455, 48.19166667373527], [-78.48333333024158, 48.20000000380939], [-78.47500000212624, 48.20000000732064], [-78.47499999363944, 48.191666671209106], [-78.48333332704455, 48.19166667373527]]]}, "properties": {"company_id": "radisson-mining", "jurisdiction": "Quebec", "claim_id": "", "claim_name": null, "holder": "Ressources Minières Radisson Inc.", "status": "Active", "recorded_date": null, "anniversary_or_expiry": null, "area_ha": null, "tenure_type": null, "source": "GESTIM active titles (MRNF digital data dump). Not legal title.", "as_of": "2026-09-20", "role": "focus", "color": "#e8b040"}}, {"type": "Feature", "geometry": {"type": "Polygon", "coordinates": [[[-78.47499999363944, 48.191666671209106], [-78.47500000212624, 48.20000000732064], [-78.46666666863061, 48.19999999947901], [-78.46666666787135, 48.191666666594244], [-78.47499999363944, 48.191666671209106]]]}, "properties": {"company_id": "radisson-mining", "jurisdiction": "Quebec", "claim_id": "", "claim_name": null, "holder": "Ressources Minières Radisson Inc.", "status": "Active", "recorded_date": null, "anniversary_or_expiry": null, "area_ha": null, "tenure_type": null, "source": "GESTIM active titles (MRNF digital data dump). Not legal title.", "as_of": "2026-09-20", "role": "focus", "color": "#e8b040"}}, {"type": "Feature", "geometry": {"type": "Polygon", "coordinates": [[[-78.46666666787135, 48.191666666594244], [-78.46666666863061, 48.19999999947901], [-78.45833332885078, 48.19999999825256], [-78.45833333583461, 48.1916666685761], [-78.46666666787135, 48.191666666594244]]]}, "properties": {"company_id": "radisson-mining", "jurisdiction": "Quebec", "claim_id": "", "claim_name": null, "holder": "Ressources Minières Radisson Inc.", "status": "Active", "recorded_date": null, "anniversary_or_expiry": null, "area_ha": null, "tenure_type": null, "source": "GESTIM active titles (MRNF digital data dump). Not legal title.", "as_of": "2026-09-20", "role": "focus", "color": "#e8b040"}}, {"type": "Feature", "geometry": {"type": "Polygon", "coordinates": [[[-78.44999999795272, 48.1916666681583], [-78.44999999620836, 48.20000000393131], [-78.44166667157597, 48.19999999853395], [-78.44166666764937, 48.19166666563189], [-78.44999999795272, 48.1916666681583]]]}, "properties": {"company_id": "radisson-mining", "jurisdiction": "Quebec", "claim_id": "", "claim_name": null, "holder": "Ressources Minières Radisson Inc.", "status": "Active", "recorded_date": null, "anniversary_or_expiry": null, "area_ha": null, "tenure_type": null, "source": "GESTIM active titles (MRNF digital data dump). Not legal title.", "as_of": "2026-09-20", "role": "focus", "color": "#e8b040"}}, {"type": "Feature", "geometry": {"type": "Polygon", "coordinates": [[[-78.44166666764937, 48.19166666563189], [-78.44166667157597, 48.19999999853395], [-78.43333332715221, 48.199999999430275], [-78.43333333101486, 48.191666669679215], [-78.44166666764937, 48.19166666563189]]]}, "properties": {"company_id": "radisson-mining", "jurisdiction": "Quebec", "claim_id": "", "claim_name": null, "holder": "Ressources Minières Radisson Inc.", "status": "Active", "recorded_date": null, "anniversary_or_expiry": null, "area_ha": null, "tenure_type": null, "source": "GESTIM active titles (MRNF digital data dump). Not legal title.", "as_of": "2026-09-20", "role": "focus", "color": "#e8b040"}}, {"type": "Feature", "geometry": {"type": "Polygon", "coordinates": [[[-78.43333333101486, 48.191666669679215], [-78.43333332715221, 48.199999999430275], [-78.42500000369778, 48.19999999852513], [-78.42500000191893, 48.19166667160515], [-78.43333333101486, 48.191666669679215]]]}, "properties": {"company_id": "radisson-mining", "jurisdiction": "Quebec", "claim_id": "", "claim_name": null, "holder": "Ressources Minières Radisson Inc.", "status": "Active", "recorded_date": null, "anniversary_or_expiry": null, "area_ha": null, "tenure_type": null, "source": "GESTIM active titles (MRNF digital data dump). Not legal title.", "as_of": "2026-09-20", "role": "focus", "color": "#e8b040"}}, {"type": "Feature", "geometry": {"type": "Polygon", "coordinates": [[[-78.42500000191893, 48.19166667160515], [-78.42500000369778, 48.19999999852513], [-78.41666666040936, 48.20000000389687], [-78.41666666690112, 48.19166667110211], [-78.42500000191893, 48.19166667160515]]]}, "properties": {"company_id": "radisson-mining", "jurisdiction": "Quebec", "claim_id": "", "claim_name": null, "holder": "Ressources Minières Radisson Inc.", "status": "Active", "recorded_date": null, "anniversary_or_expiry": null, "area_ha": null, "tenure_type": null, "source": "GESTIM active titles (MRNF digital data dump). Not legal title.", "as_of": "2026-09-20", "role": "focus", "color": "#e8b040"}}, {"type": "Feature", "geometry": {"type": "Polygon", "coordinates": [[[-78.41666666690112, 48.19166667110211], [-78.41666666040936, 48.20000000389687], [-78.40833332505966, 48.19999999816519], [-78.40833332594308, 48.191666668161716], [-78.41666666690112, 48.19166667110211]]]}, "properties": {"company_id": "radisson-mining", "jurisdiction": "Quebec", "claim_id": "", "claim_name": null, "holder": "Ressources Minières Radisson Inc.", "status": "Active", "recorded_date": null, "anniversary_or_expiry": null, "area_ha": null, "tenure_type": null, "source": "GESTIM active titles (MRNF digital data dump). Not legal title.", "as_of": "2026-09-20", "role": "focus", "color": "#e8b040"}}, {"type": "Feature", "geometry": {"type": "Polygon", "coordinates": [[[-78.39999999201312, 48.19166667206748], [-78.39999999672412, 48.19999999930011], [-78.39166666193593, 48.200000006990734], [-78.39166666554476, 48.19166667382615], [-78.39999999201312, 48.19166667206748]]]}, "properties": {"company_id": "radisson-mining", "jurisdiction": "Quebec", "claim_id": "", "claim_name": null, "holder": "Ressources Minières Radisson Inc.", "status": "Active", "recorded_date": null, "anniversary_or_expiry": null, "area_ha": null, "tenure_type": null, "source": "GESTIM active titles (MRNF digital data dump). Not legal title.", "as_of": "2026-09-20", "role": "focus", "color": "#e8b040"}}, {"type": "Feature", "geometry": {"type": "Polygon", "coordinates": [[[-78.39166666554476, 48.19166667382615], [-78.39166666193593, 48.200000006990734], [-78.38333333503206, 48.20000000355966], [-78.38333333307783, 48.19166667312604], [-78.39166666554476, 48.19166667382615]]]}, "properties": {"company_id": "radisson-mining", "jurisdiction": "Quebec", "claim_id": "", "claim_name": null, "holder": "Ressources Minières Radisson Inc.", "status": "Active", "recorded_date": null, "anniversary_or_expiry": null, "area_ha": null, "tenure_type": null, "source": "GESTIM active titles (MRNF digital data dump). Not legal title.", "as_of": "2026-09-20", "role": "focus", "color": "#e8b040"}}, {"type": "Feature", "geometry": {"type": "Polygon", "coordinates": [[[-78.38333333307783, 48.19166667312604], [-78.38333333503206, 48.20000000355966], [-78.37500000163563, 48.20000000666924], [-78.37499999459402, 48.191666669958764], [-78.38333333307783, 48.19166667312604]]]}, "properties": {"company_id": "radisson-mining", "jurisdiction": "Quebec", "claim_id": "", "claim_name": null, "holder": "Ressources Minières Radisson Inc.", "status": "Active", "recorded_date": null, "anniversary_or_expiry": null, "area_ha": null, "tenure_type": null, "source": "GESTIM active titles (MRNF digital data dump). Not legal title.", "as_of": "2026-09-20", "role": "focus", "color": "#e8b040"}}, {"type": "Feature", "geometry": {"type": "Polygon", "coordinates": [[[-78.37499999459402, 48.191666669958764], [-78.37500000163563, 48.20000000666924], [-78.36666666264576, 48.19999999833605], [-78.36666666305545, 48.19166667361126], [-78.37499999459402, 48.191666669958764]]]}, "properties": {"company_id": "radisson-mining", "jurisdiction": "Quebec", "claim_id": "", "claim_name": null, "holder": "Ressources Minières Radisson Inc.", "status": "Active", "recorded_date": null, "anniversary_or_expiry": null, "area_ha": null, "tenure_type": null, "source": "GESTIM active titles (MRNF digital data dump). Not legal title.", "as_of": "2026-09-20", "role": "focus", "color": "#e8b040"}}, {"type": "Feature", "geometry": {"type": "Polygon", "coordinates": [[[-78.36666666305545, 48.19166667361126], [-78.36666666264576, 48.19999999833605], [-78.35833333010461, 48.20000000582281], [-78.35833332592249, 48.191666665794074], [-78.36666666305545, 48.19166667361126]]]}, "properties": {"company_id": "radisson-mining", "jurisdiction": "Quebec", "claim_id": "", "claim_name": null, "holder": "Ressources Minières Radisson Inc.", "status": "Active", "recorded_date": null, "anniversary_or_expiry": null, "area_ha": null, "tenure_type": null, "source": "GESTIM active titles (MRNF digital data dump). Not legal title.", "as_of": "2026-09-20", "role": "focus", "color": "#e8b040"}}, {"type": "Feature", "geometry": {"type": "Polygon", "coordinates": [[[-78.34999999523112, 48.19166667377066], [-78.34999999193305, 48.200000001851734], [-78.34166666062963, 48.200000004699874], [-78.34166665890847, 48.19166667026248], [-78.34999999523112, 48.19166667377066]]]}, "properties": {"company_id": "radisson-mining", "jurisdiction": "Quebec", "claim_id": "", "claim_name": null, "holder": "Ressources Minières Radisson Inc.", "status": "Active", "recorded_date": null, "anniversary_or_expiry": null, "area_ha": null, "tenure_type": null, "source": "GESTIM active titles (MRNF digital data dump). Not legal title.", "as_of": "2026-09-20", "role": "focus", "color": "#e8b040"}}, {"type": "Feature", "geometry": {"type": "Polygon", "coordinates": [[[-78.48333333024158, 48.20000000380939], [-78.4833333337229, 48.20833333307881], [-78.47499999771692, 48.20833333335544], [-78.47500000212624, 48.20000000732064], [-78.48333333024158, 48.20000000380939]]]}, "properties": {"company_id": "radisson-mining", "jurisdiction": "Quebec", "claim_id": "", "claim_name": null, "holder": "Ressources Minières Radisson Inc.", "status": "Active", "recorded_date": null, "anniversary_or_expiry": null, "area_ha": null, "tenure_type": null, "source": "GESTIM active titles (MRNF digital data dump). Not legal title.", "as_of": "2026-09-20", "role": "focus", "color": "#e8b040"}}, {"type": "Feature", "geometry": {"type": "Polygon", "coordinates": [[[-78.47500000212624, 48.20000000732064], [-78.47499999771692, 48.20833333335544], [-78.46666666887504, 48.208333340570334], [-78.46666666863061, 48.19999999947901], [-78.47500000212624, 48.20000000732064]]]}, "properties": {"company_id": "radisson-mining", "jurisdiction": "Quebec", "claim_id": "", "claim_name": null, "holder": "Ressources Minières Radisson Inc.", "status": "Active", "recorded_date": null, "anniversary_or_expiry": null, "area_ha": null, "tenure_type": null, "source": "GESTIM active titles (MRNF digital data dump). Not legal title.", "as_of": "2026-09-20", "role": "focus", "color": "#e8b040"}}, {"type": "Feature", "geometry": {"type": "Polygon", "coordinates": [[[-78.46666666863061, 48.19999999947901], [-78.46666666887504, 48.208333340570334], [-78.45833333461749, 48.20833333644466], [-78.45833332885078, 48.19999999825256], [-78.46666666863061, 48.19999999947901]]]}, "properties": {"company_id": "radisson-mining", "jurisdiction": "Quebec", "claim_id": "", "claim_name": null, "holder": "Ressources Minières Radisson Inc.", "status": "Active", "recorded_date": null, "anniversary_or_expiry": null, "area_ha": null, "tenure_type": null, "source": "GESTIM active titles (MRNF digital data dump). Not legal title.", "as_of": "2026-09-20", "role": "focus", "color": "#e8b040"}}, {"type": "Feature", "geometry": {"type": "Polygon", "coordinates": [[[-78.44999999620836, 48.20000000393131], [-78.44999999403723, 48.20833333894614], [-78.4416666610058, 48.20833333937798], [-78.44166667157597, 48.19999999853395], [-78.44999999620836, 48.20000000393131]]]}, "properties": {"company_id": "radisson-mining", "jurisdiction": "Quebec", "claim_id": "", "claim_name": null, "holder": "Ressources Minières Radisson Inc.", "status": "Active", "recorded_date": null, "anniversary_or_expiry": null, "area_ha": null, "tenure_type": null, "source": "GESTIM active titles (MRNF digital data dump). Not legal title.", "as_of": "2026-09-20", "role": "focus", "color": "#e8b040"}}, {"type": "Feature", "geometry": {"type": "Polygon", "coordinates": [[[-78.44166667157597, 48.19999999853395], [-78.4416666610058, 48.20833333937798], [-78.43333333550447, 48.208333337734835], [-78.43333332715221, 48.199999999430275], [-78.44166667157597, 48.19999999853395]]]}, "properties": {"company_id": "radisson-mining", "jurisdiction": "Quebec", "claim_id": "", "claim_name": null, "holder": "Ressources Minières Radisson Inc.", "status": "Active", "recorded_date": null, "anniversary_or_expiry": null, "area_ha": null, "tenure_type": null, "source": "GESTIM active titles (MRNF digital data dump). Not legal title.", "as_of": "2026-09-20", "role": "focus", "color": "#e8b040"}}, {"type": "Feature", "geometry": {"type": "Polygon", "coordinates": [[[-78.4833333337229, 48.20833333307881], [-78.48333333705637, 48.21666667053217], [-78.47499999297841, 48.21666666758569], [-78.47499999771692, 48.20833333335544], [-78.4833333337229, 48.20833333307881]]]}, "properties": {"company_id": "radisson-mining", "jurisdiction": "Quebec", "claim_id": "", "claim_name": null, "holder": "Ressources Minières Radisson Inc.", "status": "Active", "recorded_date": null, "anniversary_or_expiry": null, "area_ha": null, "tenure_type": null, "source": "GESTIM active titles (MRNF digital data dump). Not legal title.", "as_of": "2026-09-20", "role": "focus", "color": "#e8b040"}}, {"type": "Feature", "geometry": {"type": "Polygon", "coordinates": [[[-78.46666666887504, 48.208333340570334], [-78.46666666950017, 48.216666671892575], [-78.45833332669687, 48.21666667356983], [-78.45833333461749, 48.20833333644466], [-78.46666666887504, 48.208333340570334]]]}, "properties": {"company_id": "radisson-mining", "jurisdiction": "Quebec", "claim_id": "", "claim_name": null, "holder": "Ressources Minières Radisson Inc.", "status": "Active", "recorded_date": null, "anniversary_or_expiry": null, "area_ha": null, "tenure_type": null, "source": "GESTIM active titles (MRNF digital data dump). Not legal title.", "as_of": "2026-09-20", "role": "focus", "color": "#e8b040"}}, {"type": "Feature", "geometry": {"type": "Polygon", "coordinates": [[[-78.45833333461749, 48.20833333644466], [-78.45833332669687, 48.21666667356983], [-78.4499999914477, 48.216666673203264], [-78.44999999403723, 48.20833333894614], [-78.45833333461749, 48.20833333644466]]]}, "properties": {"company_id": "radisson-mining", "jurisdiction": "Quebec", "claim_id": "", "claim_name": null, "holder": "Ressources Minières Radisson Inc.", "status": "Active", "recorded_date": null, "anniversary_or_expiry": null, "area_ha": null, "tenure_type": null, "source": "GESTIM active titles (MRNF digital data dump). Not legal title.", "as_of": "2026-09-20", "role": "focus", "color": "#e8b040"}}, {"type": "Feature", "geometry": {"type": "Polygon", "coordinates": [[[-78.44999999403723, 48.20833333894614], [-78.4499999914477, 48.216666673203264], [-78.44166666373383, 48.21666667078753], [-78.4416666610058, 48.20833333937798], [-78.44999999403723, 48.20833333894614]]]}, "properties": {"company_id": "radisson-mining", "jurisdiction": "Quebec", "claim_id": "", "claim_name": null, "holder": "Ressources Minières Radisson Inc.", "status": "Active", "recorded_date": null, "anniversary_or_expiry": null, "area_ha": null, "tenure_type": null, "source": "GESTIM active titles (MRNF digital data dump). Not legal title.", "as_of": "2026-09-20", "role": "focus", "color": "#e8b040"}}, {"type": "Feature", "geometry": {"type": "Polygon", "coordinates": [[[-78.4416666610058, 48.20833333937798], [-78.44166666373383, 48.21666667078753], [-78.43333333008793, 48.21666666601688], [-78.43333333550447, 48.208333337734835], [-78.4416666610058, 48.20833333937798]]]}, "properties": {"company_id": "radisson-mining", "jurisdiction": "Quebec", "claim_id": "", "claim_name": null, "holder": "Ressources Minières Radisson Inc.", "status": "Active", "recorded_date": null, "anniversary_or_expiry": null, "area_ha": null, "tenure_type": null, "source": "GESTIM active titles (MRNF digital data dump). Not legal title.", "as_of": "2026-09-20", "role": "focus", "color": "#e8b040"}}, {"type": "Feature", "geometry": {"type": "Polygon", "coordinates": [[[-78.34166666788725, 48.183333335531465], [-78.34166665890847, 48.19166667026248], [-78.33333332944827, 48.191666673547296], [-78.33333333324933, 48.183333332452634], [-78.34166666788725, 48.183333335531465]]]}, "properties": {"company_id": "radisson-mining", "jurisdiction": "Quebec", "claim_id": "", "claim_name": null, "holder": "Ressources Minières Radisson Inc.", "status": "Active", "recorded_date": null, "anniversary_or_expiry": null, "area_ha": null, "tenure_type": null, "source": "GESTIM active titles (MRNF digital data dump). Not legal title.", "as_of": "2026-09-20", "role": "focus", "color": "#e8b040"}}, {"type": "Feature", "geometry": {"type": "Polygon", "coordinates": [[[-78.33333333324933, 48.183333332452634], [-78.33333332944827, 48.191666673547296], [-78.32499999432288, 48.19166666533218], [-78.32499999202957, 48.183333335827754], [-78.33333333324933, 48.183333332452634]]]}, "properties": {"company_id": "radisson-mining", "jurisdiction": "Quebec", "claim_id": "", "claim_name": null, "holder": "Ressources Minières Radisson Inc.", "status": "Active", "recorded_date": null, "anniversary_or_expiry": null, "area_ha": null, "tenure_type": null, "source": "GESTIM active titles (MRNF digital data dump). Not legal title.", "as_of": "2026-09-20", "role": "focus", "color": "#e8b040"}}, {"type": "Feature", "geometry": {"type": "Polygon", "coordinates": [[[-78.36666666264576, 48.19999999833605], [-78.36666665911413, 48.2083333403955], [-78.35833333237345, 48.20833333623616], [-78.35833333010461, 48.20000000582281], [-78.36666666264576, 48.19999999833605]]]}, "properties": {"company_id": "radisson-mining", "jurisdiction": "Quebec", "claim_id": "", "claim_name": null, "holder": "Ressources Minières Radisson Inc.", "status": "Active", "recorded_date": null, "anniversary_or_expiry": null, "area_ha": null, "tenure_type": null, "source": "GESTIM active titles (MRNF digital data dump). Not legal title.", "as_of": "2026-09-20", "role": "focus", "color": "#e8b040"}}, {"type": "Feature", "geometry": {"type": "Polygon", "coordinates": [[[-78.35833333010461, 48.20000000582281], [-78.35833333237345, 48.20833333623616], [-78.34999999906104, 48.208333338614025], [-78.34999999193305, 48.200000001851734], [-78.35833333010461, 48.20000000582281]]]}, "properties": {"company_id": "radisson-mining", "jurisdiction": "Quebec", "claim_id": "", "claim_name": null, "holder": "Ressources Minières Radisson Inc.", "status": "Active", "recorded_date": null, "anniversary_or_expiry": null, "area_ha": null, "tenure_type": null, "source": "GESTIM active titles (MRNF digital data dump). Not legal title.", "as_of": "2026-09-20", "role": "focus", "color": "#e8b040"}}, {"type": "Feature", "geometry": {"type": "Polygon", "coordinates": [[[-78.34999999193305, 48.200000001851734], [-78.34999999906104, 48.208333338614025], [-78.34166665961955, 48.20833333853315], [-78.34166666062963, 48.200000004699874], [-78.34999999193305, 48.200000001851734]]]}, "properties": {"company_id": "radisson-mining", "jurisdiction": "Quebec", "claim_id": "", "claim_name": null, "holder": "Ressources Minières Radisson Inc.", "status": "Active", "recorded_date": null, "anniversary_or_expiry": null, "area_ha": null, "tenure_type": null, "source": "GESTIM active titles (MRNF digital data dump). Not legal title.", "as_of": "2026-09-20", "role": "focus", "color": "#e8b040"}}, {"type": "Feature", "geometry": {"type": "Polygon", "coordinates": [[[-78.34999999906104, 48.208333338614025], [-78.35000000410959, 48.216666665773516], [-78.3416666693335, 48.21666667207398], [-78.34166665961955, 48.20833333853315], [-78.34999999906104, 48.208333338614025]]]}, "properties": {"company_id": "radisson-mining", "jurisdiction": "Quebec", "claim_id": "", "claim_name": null, "holder": "Ressources Minières Radisson Inc.", "status": "Active", "recorded_date": null, "anniversary_or_expiry": null, "area_ha": null, "tenure_type": null, "source": "GESTIM active titles (MRNF digital data dump). Not legal title.", "as_of": "2026-09-20", "role": "focus", "color": "#e8b040"}}, {"type": "Feature", "geometry": {"type": "Polygon", "coordinates": [[[-78.40833333052096, 48.14166666504439], [-78.40833333769193, 48.14999999925454], [-78.40000000093106, 48.149999999827116], [-78.40000000053789, 48.1416666687629], [-78.40833333052096, 48.14166666504439]]]}, "properties": {"company_id": "radisson-mining", "jurisdiction": "Quebec", "claim_id": "", "claim_name": null, "holder": "Ressources Minières Radisson Inc.", "status": "Active", "recorded_date": null, "anniversary_or_expiry": null, "area_ha": null, "tenure_type": null, "source": "GESTIM active titles (MRNF digital data dump). Not legal title.", "as_of": "2026-09-20", "role": "focus", "color": "#e8b040"}}, {"type": "Feature", "geometry": {"type": "Polygon", "coordinates": [[[-78.38333332996193, 48.166666669155795], [-78.38333333749927, 48.17500000158389], [-78.3750000008338, 48.175000004181626], [-78.37500000111501, 48.16666666581943], [-78.38333332996193, 48.166666669155795]]]}, "properties": {"company_id": "radisson-mining", "jurisdiction": "Quebec", "claim_id": "", "claim_name": null, "holder": "Ressources Minières Radisson Inc.", "status": "Active", "recorded_date": null, "anniversary_or_expiry": null, "area_ha": null, "tenure_type": null, "source": "GESTIM active titles (MRNF digital data dump). Not legal title.", "as_of": "2026-09-20", "role": "focus", "color": "#e8b040"}}, {"type": "Feature", "geometry": {"type": "Polygon", "coordinates": [[[-78.48333333534704, 48.17500000247719], [-78.48333333800379, 48.18333333416219], [-78.47499999869287, 48.183333334599425], [-78.47500000339171, 48.17500000618374], [-78.48333333534704, 48.17500000247719]]]}, "properties": {"company_id": "radisson-mining", "jurisdiction": "Quebec", "claim_id": "", "claim_name": null, "holder": "Ressources Minières Radisson Inc.", "status": "Active", "recorded_date": null, "anniversary_or_expiry": null, "area_ha": null, "tenure_type": null, "source": "GESTIM active titles (MRNF digital data dump). Not legal title.", "as_of": "2026-09-20", "role": "focus", "color": "#e8b040"}}, {"type": "Feature", "geometry": {"type": "Polygon", "coordinates": [[[-78.3750000008338, 48.175000004181626], [-78.3749999989636, 48.18333333290293], [-78.36666666171826, 48.18333333925856], [-78.36666665816534, 48.17500000426487], [-78.3750000008338, 48.175000004181626]]]}, "properties": {"company_id": "radisson-mining", "jurisdiction": "Quebec", "claim_id": "", "claim_name": null, "holder": "Ressources Minières Radisson Inc.", "status": "Active", "recorded_date": null, "anniversary_or_expiry": null, "area_ha": null, "tenure_type": null, "source": "GESTIM active titles (MRNF digital data dump). Not legal title.", "as_of": "2026-09-20", "role": "focus", "color": "#e8b040"}}, {"type": "Feature", "geometry": {"type": "Polygon", "coordinates": [[[-78.45833332911876, 48.1833333378319], [-78.45833333583461, 48.1916666685761], [-78.44999999795272, 48.1916666681583], [-78.4499999992618, 48.18333333162657], [-78.45833332911876, 48.1833333378319]]]}, "properties": {"company_id": "radisson-mining", "jurisdiction": "Quebec", "claim_id": "", "claim_name": null, "holder": "Ressources Minières Radisson Inc.", "status": "Active", "recorded_date": null, "anniversary_or_expiry": null, "area_ha": null, "tenure_type": null, "source": "GESTIM active titles (MRNF digital data dump). Not legal title.", "as_of": "2026-09-20", "role": "focus", "color": "#e8b040"}}, {"type": "Feature", "geometry": {"type": "Polygon", "coordinates": [[[-78.40833332550511, 48.18333333745835], [-78.40833332594308, 48.191666668161716], [-78.39999999201312, 48.19166667206748], [-78.39999999969969, 48.18333333546334], [-78.40833332550511, 48.18333333745835]]]}, "properties": {"company_id": "radisson-mining", "jurisdiction": "Quebec", "claim_id": "", "claim_name": null, "holder": "Ressources Minières Radisson Inc.", "status": "Active", "recorded_date": null, "anniversary_or_expiry": null, "area_ha": null, "tenure_type": null, "source": "GESTIM active titles (MRNF digital data dump). Not legal title.", "as_of": "2026-09-20", "role": "focus", "color": "#e8b040"}}, {"type": "Feature", "geometry": {"type": "Polygon", "coordinates": [[[-78.35833333233367, 48.18333333443315], [-78.35833332592249, 48.191666665794074], [-78.34999999523112, 48.19166667377066], [-78.3499999964296, 48.18333333608577], [-78.35833333233367, 48.18333333443315]]]}, "properties": {"company_id": "radisson-mining", "jurisdiction": "Quebec", "claim_id": "", "claim_name": null, "holder": "Ressources Minières Radisson Inc.", "status": "Active", "recorded_date": null, "anniversary_or_expiry": null, "area_ha": null, "tenure_type": null, "source": "GESTIM active titles (MRNF digital data dump). Not legal title.", "as_of": "2026-09-20", "role": "focus", "color": "#e8b040"}}, {"type": "Feature", "geometry": {"type": "Polygon", "coordinates": [[[-78.45833333583461, 48.1916666685761], [-78.45833332885078, 48.19999999825256], [-78.44999999620836, 48.20000000393131], [-78.44999999795272, 48.1916666681583], [-78.45833333583461, 48.1916666685761]]]}, "properties": {"company_id": "radisson-mining", "jurisdiction": "Quebec", "claim_id": "", "claim_name": null, "holder": "Ressources Minières Radisson Inc.", "status": "Active", "recorded_date": null, "anniversary_or_expiry": null, "area_ha": null, "tenure_type": null, "source": "GESTIM active titles (MRNF digital data dump). Not legal title.", "as_of": "2026-09-20", "role": "focus", "color": "#e8b040"}}, {"type": "Feature", "geometry": {"type": "Polygon", "coordinates": [[[-78.40833332594308, 48.191666668161716], [-78.40833332505966, 48.19999999816519], [-78.39999999672412, 48.19999999930011], [-78.39999999201312, 48.19166667206748], [-78.40833332594308, 48.191666668161716]]]}, "properties": {"company_id": "radisson-mining", "jurisdiction": "Quebec", "claim_id": "", "claim_name": null, "holder": "Ressources Minières Radisson Inc.", "status": "Active", "recorded_date": null, "anniversary_or_expiry": null, "area_ha": null, "tenure_type": null, "source": "GESTIM active titles (MRNF digital data dump). Not legal title.", "as_of": "2026-09-20", "role": "focus", "color": "#e8b040"}}, {"type": "Feature", "geometry": {"type": "Polygon", "coordinates": [[[-78.35833332592249, 48.191666665794074], [-78.35833333010461, 48.20000000582281], [-78.34999999193305, 48.200000001851734], [-78.34999999523112, 48.19166667377066], [-78.35833332592249, 48.191666665794074]]]}, "properties": {"company_id": "radisson-mining", "jurisdiction": "Quebec", "claim_id": "", "claim_name": null, "holder": "Ressources Minières Radisson Inc.", "status": "Active", "recorded_date": null, "anniversary_or_expiry": null, "area_ha": null, "tenure_type": null, "source": "GESTIM active titles (MRNF digital data dump). Not legal title.", "as_of": "2026-09-20", "role": "focus", "color": "#e8b040"}}, {"type": "Feature", "geometry": {"type": "Polygon", "coordinates": [[[-78.45833332885078, 48.19999999825256], [-78.45833333461749, 48.20833333644466], [-78.44999999403723, 48.20833333894614], [-78.44999999620836, 48.20000000393131], [-78.45833332885078, 48.19999999825256]]]}, "properties": {"company_id": "radisson-mining", "jurisdiction": "Quebec", "claim_id": "", "claim_name": null, "holder": "Ressources Minières Radisson Inc.", "status": "Active", "recorded_date": null, "anniversary_or_expiry": null, "area_ha": null, "tenure_type": null, "source": "GESTIM active titles (MRNF digital data dump). Not legal title.", "as_of": "2026-09-20", "role": "focus", "color": "#e8b040"}}, {"type": "Feature", "geometry": {"type": "Polygon", "coordinates": [[[-78.47499999771692, 48.20833333335544], [-78.47499999297841, 48.21666666758569], [-78.46666666950017, 48.216666671892575], [-78.46666666887504, 48.208333340570334], [-78.47499999771692, 48.20833333335544]]]}, "properties": {"company_id": "radisson-mining", "jurisdiction": "Quebec", "claim_id": "", "claim_name": null, "holder": "Ressources Minières Radisson Inc.", "status": "Active", "recorded_date": null, "anniversary_or_expiry": null, "area_ha": null, "tenure_type": null, "source": "GESTIM active titles (MRNF digital data dump). Not legal title.", "as_of": "2026-09-20", "role": "focus", "color": "#e8b040"}}, {"type": "Feature", "geometry": {"type": "Polygon", "coordinates": [[[-78.37499999882817, 48.23333333210516], [-78.38333333912013, 48.23333333134383], [-78.38333332937552, 48.24166667304799], [-78.37499999370534, 48.24166667115724], [-78.37499999882817, 48.23333333210516]]]}, "properties": {"company_id": "radisson-mining", "jurisdiction": "Quebec", "claim_id": "", "claim_name": null, "holder": "Ressources Minières Radisson Inc.", "status": "Active", "recorded_date": null, "anniversary_or_expiry": null, "area_ha": null, "tenure_type": null, "source": "GESTIM active titles (MRNF digital data dump). Not legal title.", "as_of": "2026-09-20", "role": "focus", "color": "#e8b040"}}, {"type": "Feature", "geometry": {"type": "Polygon", "coordinates": [[[-77.97500000206551, 49.51666667015454], [-77.97500000319803, 49.524999999868015], [-77.96666666918148, 49.525000005796734], [-77.96666667731616, 49.51666666774523], [-77.97500000206551, 49.51666667015454]]]}, "properties": {"company_id": "radisson-mining", "jurisdiction": "Quebec", "claim_id": "", "claim_name": null, "holder": "Ressources Minières Radisson Inc.", "status": "Active", "recorded_date": null, "anniversary_or_expiry": null, "area_ha": null, "tenure_type": null, "source": "GESTIM active titles (MRNF digital data dump). Not legal title.", "as_of": "2026-09-20", "role": "focus", "color": "#e8b040"}}, {"type": "Feature", "geometry": {"type": "Polygon", "coordinates": [[[-77.97500000258466, 49.54166666886918], [-77.9750000002708, 49.54999999917554], [-77.96666667715313, 49.550000002025854], [-77.96666667600977, 49.54166667275933], [-77.97500000258466, 49.54166666886918]]]}, "properties": {"company_id": "radisson-mining", "jurisdiction": "Quebec", "claim_id": "", "claim_name": null, "holder": "Ressources Minières Radisson Inc.", "status": "Active", "recorded_date": null, "anniversary_or_expiry": null, "area_ha": null, "tenure_type": null, "source": "GESTIM active titles (MRNF digital data dump). Not legal title.", "as_of": "2026-09-20", "role": "focus", "color": "#e8b040"}}, {"type": "Feature", "geometry": {"type": "Polygon", "coordinates": [[[-77.95833333643053, 49.550000006654585], [-77.95833333491993, 49.5583333351992], [-77.95000000749269, 49.55833333990885], [-77.95000000514537, 49.550000003378315], [-77.95833333643053, 49.550000006654585]]]}, "properties": {"company_id": "radisson-mining", "jurisdiction": "Quebec", "claim_id": "", "claim_name": null, "holder": "Ressources Minières Radisson Inc.", "status": "Active", "recorded_date": null, "anniversary_or_expiry": null, "area_ha": null, "tenure_type": null, "source": "GESTIM active titles (MRNF digital data dump). Not legal title.", "as_of": "2026-09-20", "role": "focus", "color": "#e8b040"}}, {"type": "Feature", "geometry": {"type": "Polygon", "coordinates": [[[-78.36666666729913, 48.21666667313625], [-78.35833333227451, 48.21666666602194], [-78.35833333237345, 48.20833333623616], [-78.36666665911413, 48.2083333403955], [-78.36666666729913, 48.21666667313625]]]}, "properties": {"company_id": "radisson-mining", "jurisdiction": "Quebec", "claim_id": "", "claim_name": null, "holder": "Ressources Minières Radisson Inc.", "status": "Active", "recorded_date": null, "anniversary_or_expiry": null, "area_ha": null, "tenure_type": null, "source": "GESTIM active titles (MRNF digital data dump). Not legal title.", "as_of": "2026-09-20", "role": "focus", "color": "#e8b040"}}, {"type": "Feature", "geometry": {"type": "Polygon", "coordinates": [[[-78.35833333227451, 48.21666666602194], [-78.35000000410959, 48.216666665773516], [-78.34999999906104, 48.208333338614025], [-78.35833333237345, 48.20833333623616], [-78.35833333227451, 48.21666666602194]]]}, "properties": {"company_id": "radisson-mining", "jurisdiction": "Quebec", "claim_id": "", "claim_name": null, "holder": "Ressources Minières Radisson Inc.", "status": "Active", "recorded_date": null, "anniversary_or_expiry": null, "area_ha": null, "tenure_type": null, "source": "GESTIM active titles (MRNF digital data dump). Not legal title.", "as_of": "2026-09-20", "role": "focus", "color": "#e8b040"}}, {"type": "Feature", "geometry": {"type": "Polygon", "coordinates": [[[-78.366666666584, 48.21746725909922], [-78.3583333331731, 48.21747008044535], [-78.35833333227451, 48.21666666602194], [-78.36666666729913, 48.21666667313625], [-78.366666666584, 48.21746725909922]]]}, "properties": {"company_id": "radisson-mining", "jurisdiction": "Quebec", "claim_id": "", "claim_name": null, "holder": "Ressources Minières Radisson Inc.", "status": "Active", "recorded_date": null, "anniversary_or_expiry": null, "area_ha": null, "tenure_type": null, "source": "GESTIM active titles (MRNF digital data dump). Not legal title.", "as_of": "2026-09-20", "role": "focus", "color": "#e8b040"}}, {"type": "Feature", "geometry": {"type": "Polygon", "coordinates": [[[-78.3583333331731, 48.21747008044535], [-78.35000000285305, 48.21747228524052], [-78.35000000410959, 48.216666665773516], [-78.35833333227451, 48.21666666602194], [-78.3583333331731, 48.21747008044535]]]}, "properties": {"company_id": "radisson-mining", "jurisdiction": "Quebec", "claim_id": "", "claim_name": null, "holder": "Ressources Minières Radisson Inc.", "status": "Active", "recorded_date": null, "anniversary_or_expiry": null, "area_ha": null, "tenure_type": null, "source": "GESTIM active titles (MRNF digital data dump). Not legal title.", "as_of": "2026-09-20", "role": "focus", "color": "#e8b040"}}, {"type": "Feature", "geometry": {"type": "Polygon", "coordinates": [[[-78.44166666587634, 48.22500000145156], [-78.43333333690698, 48.225000002853385], [-78.43333333008793, 48.21666666601688], [-78.44166666373383, 48.21666667078753], [-78.44166666587634, 48.22500000145156]]]}, "properties": {"company_id": "radisson-mining", "jurisdiction": "Quebec", "claim_id": "", "claim_name": null, "holder": "Ressources Minières Radisson Inc.", "status": "Active", "recorded_date": null, "anniversary_or_expiry": null, "area_ha": null, "tenure_type": null, "source": "GESTIM active titles (MRNF digital data dump). Not legal title.", "as_of": "2026-09-20", "role": "focus", "color": "#e8b040"}}, {"type": "Feature", "geometry": {"type": "Polygon", "coordinates": [[[-78.4416666660127, 48.22601750388586], [-78.44111759450337, 48.22607725942762], [-78.43538989275142, 48.22679787511714], [-78.4333333349151, 48.22724735894112], [-78.43333333690698, 48.225000002853385], [-78.44166666587634, 48.22500000145156], [-78.4416666660127, 48.22601750388586]]]}, "properties": {"company_id": "radisson-mining", "jurisdiction": "Quebec", "claim_id": "", "claim_name": null, "holder": "Ressources Minières Radisson Inc.", "status": "Active", "recorded_date": null, "anniversary_or_expiry": null, "area_ha": null, "tenure_type": null, "source": "GESTIM active titles (MRNF digital data dump). Not legal title.", "as_of": "2026-09-20", "role": "focus", "color": "#e8b040"}}, {"type": "Feature", "geometry": {"type": "Polygon", "coordinates": [[[-78.4083333359973, 48.233333333158406], [-78.40000000095696, 48.23333333171021], [-78.40000000773568, 48.22875856493902], [-78.40472659719866, 48.22811032219891], [-78.40833333115093, 48.22749277072005], [-78.4083333359973, 48.233333333158406]]]}, "properties": {"company_id": "radisson-mining", "jurisdiction": "Quebec", "claim_id": "", "claim_name": null, "holder": "Ressources Minières Radisson Inc.", "status": "Active", "recorded_date": null, "anniversary_or_expiry": null, "area_ha": null, "tenure_type": null, "source": "GESTIM active titles (MRNF digital data dump). Not legal title.", "as_of": "2026-09-20", "role": "focus", "color": "#e8b040"}}, {"type": "Feature", "geometry": {"type": "Polygon", "coordinates": [[[-78.34166665890847, 48.19166667026248], [-78.34166666062963, 48.200000004699874], [-78.33333333899635, 48.199999999797456], [-78.33333332944827, 48.191666673547296], [-78.34166665890847, 48.19166667026248]]]}, "properties": {"company_id": "radisson-mining", "jurisdiction": "Quebec", "claim_id": "", "claim_name": null, "holder": "Ressources Minières Radisson Inc.", "status": "Active", "recorded_date": null, "anniversary_or_expiry": null, "area_ha": null, "tenure_type": null, "source": "GESTIM active titles (MRNF digital data dump). Not legal title.", "as_of": "2026-09-20", "role": "focus", "color": "#e8b040"}}, {"type": "Feature", "geometry": {"type": "Polygon", "coordinates": [[[-78.34166666062963, 48.200000004699874], [-78.34166665961955, 48.20833333853315], [-78.33755159568078, 48.20833340344457], [-78.33755185613572, 48.207661267752506], [-78.33755180316035, 48.20764516021451], [-78.33755241923362, 48.20602055148419], [-78.33755300165598, 48.204434182868475], [-78.33755351973268, 48.20285005290455], [-78.33755421051683, 48.201259178138976], [-78.33447703461621, 48.201255001409876], [-78.33333333761182, 48.201259540812146], [-78.33333333899635, 48.199999999797456], [-78.34166666062963, 48.200000004699874]]]}, "properties": {"company_id": "radisson-mining", "jurisdiction": "Quebec", "claim_id": "", "claim_name": null, "holder": "Ressources Minières Radisson Inc.", "status": "Active", "recorded_date": null, "anniversary_or_expiry": null, "area_ha": null, "tenure_type": null, "source": "GESTIM active titles (MRNF digital data dump). Not legal title.", "as_of": "2026-09-20", "role": "focus", "color": "#e8b040"}}, {"type": "Feature", "geometry": {"type": "Polygon", "coordinates": [[[-78.34166665961955, 48.20833333853315], [-78.3416666693335, 48.21666667207398], [-78.33333334377744, 48.216666666940874], [-78.3333333390831, 48.213985706140136], [-78.33333333077256, 48.2139857040545], [-78.33333332998515, 48.20923930720176], [-78.33755125091783, 48.20922307976823], [-78.33755159568078, 48.20833340344457], [-78.34166665961955, 48.20833333853315]]]}, "properties": {"company_id": "radisson-mining", "jurisdiction": "Quebec", "claim_id": "", "claim_name": null, "holder": "Ressources Minières Radisson Inc.", "status": "Active", "recorded_date": null, "anniversary_or_expiry": null, "area_ha": null, "tenure_type": null, "source": "GESTIM active titles (MRNF digital data dump). Not legal title.", "as_of": "2026-09-20", "role": "focus", "color": "#e8b040"}}, {"type": "Feature", "geometry": {"type": "Polygon", "coordinates": [[[-78.33333332944827, 48.191666673547296], [-78.33333333899635, 48.199999999797456], [-78.3249999954585, 48.199999997667575], [-78.32499999432288, 48.19166666533218], [-78.33333332944827, 48.191666673547296]]]}, "properties": {"company_id": "radisson-mining", "jurisdiction": "Quebec", "claim_id": "", "claim_name": null, "holder": "Ressources Minières Radisson Inc.", "status": "Active", "recorded_date": null, "anniversary_or_expiry": null, "area_ha": null, "tenure_type": null, "source": "GESTIM active titles (MRNF digital data dump). Not legal title.", "as_of": "2026-09-20", "role": "focus", "color": "#e8b040"}}, {"type": "Feature", "geometry": {"type": "Polygon", "coordinates": [[[-78.32499999432288, 48.19166666533218], [-78.3249999954585, 48.199999997667575], [-78.31666667263941, 48.19999999366263], [-78.31666666555044, 48.1916666728836], [-78.32499999432288, 48.19166666533218]]]}, "properties": {"company_id": "radisson-mining", "jurisdiction": "Quebec", "claim_id": "", "claim_name": null, "holder": "Ressources Minières Radisson Inc.", "status": "Active", "recorded_date": null, "anniversary_or_expiry": null, "area_ha": null, "tenure_type": null, "source": "GESTIM active titles (MRNF digital data dump). Not legal title.", "as_of": "2026-09-20", "role": "focus", "color": "#e8b040"}}, {"type": "Feature", "geometry": {"type": "Polygon", "coordinates": [[[-78.31666666555044, 48.1916666728836], [-78.31666667263941, 48.19999999366263], [-78.30833332972041, 48.19999999582184], [-78.30833333107596, 48.1916666689197], [-78.31666666555044, 48.1916666728836]]]}, "properties": {"company_id": "radisson-mining", "jurisdiction": "Quebec", "claim_id": "", "claim_name": null, "holder": "Ressources Minières Radisson Inc.", "status": "Active", "recorded_date": null, "anniversary_or_expiry": null, "area_ha": null, "tenure_type": null, "source": "GESTIM active titles (MRNF digital data dump). Not legal title.", "as_of": "2026-09-20", "role": "focus", "color": "#e8b040"}}, {"type": "Feature", "geometry": {"type": "Polygon", "coordinates": [[[-78.30833333107596, 48.1916666689197], [-78.30833332972041, 48.19999999582184], [-78.30592315912783, 48.20000005470093], [-78.30592300339602, 48.199416022837234], [-78.2999999948522, 48.19942898269952], [-78.30000000338116, 48.19166667172166], [-78.30833333107596, 48.1916666689197]]]}, "properties": {"company_id": "radisson-mining", "jurisdiction": "Quebec", "claim_id": "", "claim_name": null, "holder": "Ressources Minières Radisson Inc.", "status": "Active", "recorded_date": null, "anniversary_or_expiry": null, "area_ha": null, "tenure_type": null, "source": "GESTIM active titles (MRNF digital data dump). Not legal title.", "as_of": "2026-09-20", "role": "focus", "color": "#e8b040"}}, {"type": "Feature", "geometry": {"type": "Polygon", "coordinates": [[[-78.43333333550447, 48.208333337734835], [-78.42500000596881, 48.20833332811748], [-78.42500000369778, 48.19999999852513], [-78.43333332715221, 48.199999999430275], [-78.43333333550447, 48.208333337734835]]]}, "properties": {"company_id": "radisson-mining", "jurisdiction": "Quebec", "claim_id": "", "claim_name": null, "holder": "Ressources Minières Radisson Inc.", "status": "Active", "recorded_date": null, "anniversary_or_expiry": null, "area_ha": null, "tenure_type": null, "source": "GESTIM active titles (MRNF digital data dump). Not legal title.", "as_of": "2026-09-20", "role": "focus", "color": "#e8b040"}}, {"type": "Feature", "geometry": {"type": "Polygon", "coordinates": [[[-78.43333333008793, 48.21666666601688], [-78.42500000539025, 48.21666666257625], [-78.42500000596881, 48.20833332811748], [-78.43333333550447, 48.208333337734835], [-78.43333333008793, 48.21666666601688]]]}, "properties": {"company_id": "radisson-mining", "jurisdiction": "Quebec", "claim_id": "", "claim_name": null, "holder": "Ressources Minières Radisson Inc.", "status": "Active", "recorded_date": null, "anniversary_or_expiry": null, "area_ha": null, "tenure_type": null, "source": "GESTIM active titles (MRNF digital data dump). Not legal title.", "as_of": "2026-09-20", "role": "focus", "color": "#e8b040"}}, {"type": "Feature", "geometry": {"type": "Polygon", "coordinates": [[[-78.42500000539025, 48.21666666257625], [-78.41666667285696, 48.21666666236285], [-78.4166666681647, 48.20833333069123], [-78.42500000596881, 48.20833332811748], [-78.42500000539025, 48.21666666257625]]]}, "properties": {"company_id": "radisson-mining", "jurisdiction": "Quebec", "claim_id": "", "claim_name": null, "holder": "Ressources Minières Radisson Inc.", "status": "Active", "recorded_date": null, "anniversary_or_expiry": null, "area_ha": null, "tenure_type": null, "source": "GESTIM active titles (MRNF digital data dump). Not legal title.", "as_of": "2026-09-20", "role": "focus", "color": "#e8b040"}}, {"type": "Feature", "geometry": {"type": "Polygon", "coordinates": [[[-78.42500000596881, 48.20833332811748], [-78.4166666681647, 48.20833333069123], [-78.41666666040936, 48.20000000389687], [-78.42500000369778, 48.19999999852513], [-78.42500000596881, 48.20833332811748]]]}, "properties": {"company_id": "radisson-mining", "jurisdiction": "Quebec", "claim_id": "", "claim_name": null, "holder": "Ressources Minières Radisson Inc.", "status": "Active", "recorded_date": null, "anniversary_or_expiry": null, "area_ha": null, "tenure_type": null, "source": "GESTIM active titles (MRNF digital data dump). Not legal title.", "as_of": "2026-09-20", "role": "focus", "color": "#e8b040"}}, {"type": "Feature", "geometry": {"type": "Polygon", "coordinates": [[[-78.4166666681647, 48.20833333069123], [-78.40833333783263, 48.208333331169804], [-78.40833332505966, 48.19999999816519], [-78.41666666040936, 48.20000000389687], [-78.4166666681647, 48.20833333069123]]]}, "properties": {"company_id": "radisson-mining", "jurisdiction": "Quebec", "claim_id": "", "claim_name": null, "holder": "Ressources Minières Radisson Inc.", "status": "Active", "recorded_date": null, "anniversary_or_expiry": null, "area_ha": null, "tenure_type": null, "source": "GESTIM active titles (MRNF digital data dump). Not legal title.", "as_of": "2026-09-20", "role": "focus", "color": "#e8b040"}}, {"type": "Feature", "geometry": {"type": "Polygon", "coordinates": [[[-78.41666667285693, 48.216666662362734], [-78.4166666654265, 48.22130042538657], [-78.4083333333333, 48.2235482732841], [-78.40833333433363, 48.21666665977146], [-78.41666667285693, 48.216666662362734]]]}, "properties": {"company_id": "radisson-mining", "jurisdiction": "Quebec", "claim_id": "", "claim_name": null, "holder": "Ressources Minières Radisson Inc.", "status": "Active", "recorded_date": null, "anniversary_or_expiry": null, "area_ha": null, "tenure_type": null, "source": "GESTIM active titles (MRNF digital data dump). Not legal title.", "as_of": "2026-09-20", "role": "focus", "color": "#e8b040"}}, {"type": "Feature", "geometry": {"type": "Polygon", "coordinates": [[[-78.40833333433363, 48.21666665977146], [-78.40000000279373, 48.2166666640855], [-78.40000000150778, 48.20833332924344], [-78.40833333783263, 48.208333331169804], [-78.40833333433363, 48.21666665977146]]]}, "properties": {"company_id": "radisson-mining", "jurisdiction": "Quebec", "claim_id": "", "claim_name": null, "holder": "Ressources Minières Radisson Inc.", "status": "Active", "recorded_date": null, "anniversary_or_expiry": null, "area_ha": null, "tenure_type": null, "source": "GESTIM active titles (MRNF digital data dump). Not legal title.", "as_of": "2026-09-20", "role": "focus", "color": "#e8b040"}}, {"type": "Feature", "geometry": {"type": "Polygon", "coordinates": [[[-78.40833333783263, 48.208333331169804], [-78.40000000150778, 48.20833332924344], [-78.39999999672412, 48.19999999930011], [-78.40833332505964, 48.19999999816519], [-78.40833333783263, 48.208333331169804]]]}, "properties": {"company_id": "radisson-mining", "jurisdiction": "Quebec", "claim_id": "", "claim_name": null, "holder": "Ressources Minières Radisson Inc.", "status": "Active", "recorded_date": null, "anniversary_or_expiry": null, "area_ha": null, "tenure_type": null, "source": "GESTIM active titles (MRNF digital data dump). Not legal title.", "as_of": "2026-09-20", "role": "focus", "color": "#e8b040"}}, {"type": "Feature", "geometry": {"type": "Polygon", "coordinates": [[[-78.39166667216102, 48.20833333419654], [-78.39166666193593, 48.200000006990734], [-78.39999999672412, 48.19999999930011], [-78.40000000150778, 48.20833332924344], [-78.39166667216102, 48.20833333419654]]]}, "properties": {"company_id": "radisson-mining", "jurisdiction": "Quebec", "claim_id": "", "claim_name": null, "holder": "Ressources Minières Radisson Inc.", "status": "Active", "recorded_date": null, "anniversary_or_expiry": null, "area_ha": null, "tenure_type": null, "source": "GESTIM active titles (MRNF digital data dump). Not legal title.", "as_of": "2026-09-20", "role": "focus", "color": "#e8b040"}}, {"type": "Feature", "geometry": {"type": "Polygon", "coordinates": [[[-78.3916666652254, 48.216666666006596], [-78.38333333505551, 48.216666665832555], [-78.3833333372388, 48.20833332774222], [-78.39166667216102, 48.20833333419654], [-78.3916666652254, 48.216666666006596]]]}, "properties": {"company_id": "radisson-mining", "jurisdiction": "Quebec", "claim_id": "", "claim_name": null, "holder": "Ressources Minières Radisson Inc.", "status": "Active", "recorded_date": null, "anniversary_or_expiry": null, "area_ha": null, "tenure_type": null, "source": "GESTIM active titles (MRNF digital data dump). Not legal title.", "as_of": "2026-09-20", "role": "focus", "color": "#e8b040"}}, {"type": "Feature", "geometry": {"type": "Polygon", "coordinates": [[[-78.39166666193593, 48.200000006990734], [-78.39166667216102, 48.20833333419654], [-78.3833333372388, 48.20833332774222], [-78.3833333371282, 48.19999999797592], [-78.39166666193593, 48.200000006990734]]]}, "properties": {"company_id": "radisson-mining", "jurisdiction": "Quebec", "claim_id": "", "claim_name": null, "holder": "Ressources Minières Radisson Inc.", "status": "Active", "recorded_date": null, "anniversary_or_expiry": null, "area_ha": null, "tenure_type": null, "source": "GESTIM active titles (MRNF digital data dump). Not legal title.", "as_of": "2026-09-20", "role": "focus", "color": "#e8b040"}}, {"type": "Feature", "geometry": {"type": "Polygon", "coordinates": [[[-78.3833333372388, 48.20833332774222], [-78.37499999581037, 48.208333327847036], [-78.37500000163563, 48.20000000666924], [-78.38333333503206, 48.20000000355966], [-78.3833333372388, 48.20833332774222]]]}, "properties": {"company_id": "radisson-mining", "jurisdiction": "Quebec", "claim_id": "", "claim_name": null, "holder": "Ressources Minières Radisson Inc.", "status": "Active", "recorded_date": null, "anniversary_or_expiry": null, "area_ha": null, "tenure_type": null, "source": "GESTIM active titles (MRNF digital data dump). Not legal title.", "as_of": "2026-09-20", "role": "focus", "color": "#e8b040"}}, {"type": "Feature", "geometry": {"type": "Polygon", "coordinates": [[[-78.37499999581037, 48.208333327847036], [-78.36666665911413, 48.2083333403955], [-78.36666666264576, 48.19999999833605], [-78.37500000163563, 48.20000000666924], [-78.37499999581037, 48.208333327847036]]]}, "properties": {"company_id": "radisson-mining", "jurisdiction": "Quebec", "claim_id": "", "claim_name": null, "holder": "Ressources Minières Radisson Inc.", "status": "Active", "recorded_date": null, "anniversary_or_expiry": null, "area_ha": null, "tenure_type": null, "source": "GESTIM active titles (MRNF digital data dump). Not legal title.", "as_of": "2026-09-20", "role": "focus", "color": "#e8b040"}}, {"type": "Feature", "geometry": {"type": "Polygon", "coordinates": [[[-78.42984464459077, 48.21860357102351], [-78.42984759495691, 48.22157396800481], [-78.42984765791027, 48.221635492706476], [-78.42985077906536, 48.22469502732921], [-78.42985119240068, 48.2251205451155], [-78.4298541117163, 48.22799551880167], [-78.42985449713633, 48.228422927920015], [-78.4298548639889, 48.22881193445585], [-78.4298528553861, 48.23119972497729], [-78.42985126889756, 48.232974100993104], [-78.42985120885302, 48.23306062438791], [-78.42984950815864, 48.234342835464865], [-78.4298492142213, 48.234653948304214], [-78.42984907516123, 48.234854253458195], [-78.42984876142359, 48.23520502206048], [-78.42984782538402, 48.236050116880385], [-78.42984905441989, 48.236198352863134], [-78.42985562559879, 48.23705161801327], [-78.42526096422634, 48.23828792911901], [-78.42101769263509, 48.239572500312235], [-78.41336419396079, 48.23970485628917], [-78.41199871014145, 48.235568154081086], [-78.41183055662428, 48.234716868748066], [-78.41177415646929, 48.23443121029879], [-78.41113326531004, 48.231184863078546], [-78.41010334804194, 48.22718190008776], [-78.4082564564032, 48.223569163641635], [-78.41533975383658, 48.221644058871306], [-78.42174977794625, 48.219983843053335], [-78.42984464459077, 48.21860357102351]]]}, "properties": {"company_id": "radisson-mining", "jurisdiction": "Quebec", "claim_id": "", "claim_name": null, "holder": "Ressources Minières Radisson Inc.", "status": "Active", "recorded_date": null, "anniversary_or_expiry": null, "area_ha": null, "tenure_type": null, "source": "GESTIM active titles (MRNF digital data dump). Not legal title.", "as_of": "2026-09-20", "role": "focus", "color": "#e8b040"}}, {"type": "Feature", "geometry": {"type": "Polygon", "coordinates": [[[-78.40000000186498, 48.228752109574465], [-78.40000000095696, 48.233333331700045], [-78.39166667330785, 48.233333328203315], [-78.39166667148268, 48.22861104286083], [-78.39905672506704, 48.227886399515015], [-78.39927549030409, 48.22885214324639], [-78.40000000186498, 48.228752109574465]]]}, "properties": {"company_id": "radisson-mining", "jurisdiction": "Quebec", "claim_id": "", "claim_name": null, "holder": "Ressources Minières Radisson Inc.", "status": "Active", "recorded_date": null, "anniversary_or_expiry": null, "area_ha": null, "tenure_type": null, "source": "GESTIM active titles (MRNF digital data dump). Not legal title.", "as_of": "2026-09-20", "role": "focus", "color": "#e8b040"}}, {"type": "Feature", "geometry": {"type": "Polygon", "coordinates": [[[-78.40833333599727, 48.233333333148224], [-78.41155742031472, 48.23333340449815], [-78.41177415647182, 48.23443121028803], [-78.41183055662678, 48.23471686873733], [-78.41199871014396, 48.23556815407034], [-78.4133641939633, 48.239704856278394], [-78.41403651988784, 48.24166673112888], [-78.40833332863382, 48.24166665965592], [-78.40833333599727, 48.233333333148224]]]}, "properties": {"company_id": "radisson-mining", "jurisdiction": "Quebec", "claim_id": "", "claim_name": null, "holder": "Ressources Minières Radisson Inc.", "status": "Active", "recorded_date": null, "anniversary_or_expiry": null, "area_ha": null, "tenure_type": null, "source": "GESTIM active titles (MRNF digital data dump). Not legal title.", "as_of": "2026-09-20", "role": "focus", "color": "#e8b040"}}, {"type": "Feature", "geometry": {"type": "Polygon", "coordinates": [[[-78.36666666586818, 48.23333333078722], [-78.36666666325469, 48.22764950006327], [-78.36666667412798, 48.22764949945913], [-78.36892908243964, 48.22752377530692], [-78.3719585474798, 48.227284435333786], [-78.37265203750924, 48.23046578690951], [-78.37500001043865, 48.23023599916485], [-78.37499999882817, 48.23333333210516], [-78.36666666586818, 48.23333333078722]]]}, "properties": {"company_id": "radisson-mining", "jurisdiction": "Quebec", "claim_id": "", "claim_name": null, "holder": "Ressources Minières Radisson Inc.", "status": "Active", "recorded_date": null, "anniversary_or_expiry": null, "area_ha": null, "tenure_type": null, "source": "GESTIM active titles (MRNF digital data dump). Not legal title.", "as_of": "2026-09-20", "role": "focus", "color": "#e8b040"}}, {"type": "Feature", "geometry": {"type": "Polygon", "coordinates": [[[-78.35647185996937, 48.23158174309081], [-78.35525928372535, 48.22814921417981], [-78.35786868859863, 48.22792279164436], [-78.35833333460863, 48.22792219211225], [-78.35833333831884, 48.23149991689553], [-78.35647185996937, 48.23158174309081]]]}, "properties": {"company_id": "radisson-mining", "jurisdiction": "Quebec", "claim_id": "", "claim_name": null, "holder": "Ressources Minières Radisson Inc.", "status": "Active", "recorded_date": null, "anniversary_or_expiry": null, "area_ha": null, "tenure_type": null, "source": "GESTIM active titles (MRNF digital data dump). Not legal title.", "as_of": "2026-09-20", "role": "focus", "color": "#e8b040"}}, {"type": "Feature", "geometry": {"type": "Polygon", "coordinates": [[[-78.37499999932456, 48.24507859787101], [-78.3715295312908, 48.24527625758659], [-78.36988191083583, 48.245435609788366], [-78.37000419903647, 48.24324678938629], [-78.37009246639397, 48.241666741695], [-78.37499999370534, 48.24166667115724], [-78.37499999932456, 48.24507859787101]]]}, "properties": {"company_id": "radisson-mining", "jurisdiction": "Quebec", "claim_id": "", "claim_name": null, "holder": "Ressources Minières Radisson Inc.", "status": "Active", "recorded_date": null, "anniversary_or_expiry": null, "area_ha": null, "tenure_type": null, "source": "GESTIM active titles (MRNF digital data dump). Not legal title.", "as_of": "2026-09-20", "role": "focus", "color": "#e8b040"}}, {"type": "Feature", "geometry": {"type": "Polygon", "coordinates": [[[-78.37499999370534, 48.24166667115724], [-78.38333332937552, 48.24166667304799], [-78.38333333337656, 48.2452139629272], [-78.38187633197393, 48.24523174035473], [-78.3810276204652, 48.24519035476441], [-78.3770602816696, 48.24499683637714], [-78.37643514153402, 48.244996826353486], [-78.37499999932456, 48.24507859787101], [-78.37499999370534, 48.24166667115724]]]}, "properties": {"company_id": "radisson-mining", "jurisdiction": "Quebec", "claim_id": "", "claim_name": null, "holder": "Ressources Minières Radisson Inc.", "status": "Active", "recorded_date": null, "anniversary_or_expiry": null, "area_ha": null, "tenure_type": null, "source": "GESTIM active titles (MRNF digital data dump). Not legal title.", "as_of": "2026-09-20", "role": "focus", "color": "#e8b040"}}, {"type": "Feature", "geometry": {"type": "Polygon", "coordinates": [[[-78.38333333554871, 48.22942745454834], [-78.38569333751572, 48.22920007271189], [-78.3863021675953, 48.22913976334076], [-78.38711375685148, 48.22905930865052], [-78.38738168679993, 48.22903275695506], [-78.38799078183284, 48.22897245366515], [-78.39093583508645, 48.22868268121278], [-78.39166667148268, 48.22861104286083], [-78.39166667330787, 48.233333328213526], [-78.38333333912013, 48.23333333134383], [-78.38333333554871, 48.22942745454834]]]}, "properties": {"company_id": "radisson-mining", "jurisdiction": "Quebec", "claim_id": "", "claim_name": null, "holder": "Ressources Minières Radisson Inc.", "status": "Active", "recorded_date": null, "anniversary_or_expiry": null, "area_ha": null, "tenure_type": null, "source": "GESTIM active titles (MRNF digital data dump). Not legal title.", "as_of": "2026-09-20", "role": "focus", "color": "#e8b040"}}, {"type": "Feature", "geometry": {"type": "Polygon", "coordinates": [[[-78.37499999370534, 48.24166667115724], [-78.37009246639397, 48.241666741695], [-78.37026103814955, 48.2386489071176], [-78.36713595833845, 48.23915736312314], [-78.36666666708146, 48.23939788383881], [-78.36666666586818, 48.23333333078722], [-78.37499999882816, 48.23333333209499], [-78.37499999370534, 48.24166667115724]]]}, "properties": {"company_id": "radisson-mining", "jurisdiction": "Quebec", "claim_id": "", "claim_name": null, "holder": "Ressources Minières Radisson Inc.", "status": "Active", "recorded_date": null, "anniversary_or_expiry": null, "area_ha": null, "tenure_type": null, "source": "GESTIM active titles (MRNF digital data dump). Not legal title.", "as_of": "2026-09-20", "role": "focus", "color": "#e8b040"}}, {"type": "Feature", "geometry": {"type": "Polygon", "coordinates": [[[-78.38333333337656, 48.2452139629272], [-78.38333332937552, 48.24166667304799], [-78.39166665892623, 48.241666672590334], [-78.39166666096943, 48.24521344680679], [-78.39111031646055, 48.245082748831486], [-78.38896019564737, 48.24512866802144], [-78.3871495371837, 48.2451673119971], [-78.38499391284674, 48.24519367738988], [-78.38333333337656, 48.2452139629272]]]}, "properties": {"company_id": "radisson-mining", "jurisdiction": "Quebec", "claim_id": "", "claim_name": null, "holder": "Ressources Minières Radisson Inc.", "status": "Active", "recorded_date": null, "anniversary_or_expiry": null, "area_ha": null, "tenure_type": null, "source": "GESTIM active titles (MRNF digital data dump). Not legal title.", "as_of": "2026-09-20", "role": "focus", "color": "#e8b040"}}, {"type": "Feature", "geometry": {"type": "Polygon", "coordinates": [[[-78.37500001043865, 48.23023599916485], [-78.37874314108855, 48.229869574141155], [-78.38333333554871, 48.22942745454834], [-78.38333333912013, 48.23333333134383], [-78.37499999882817, 48.23333333210516], [-78.37500001043865, 48.23023599916485]]]}, "properties": {"company_id": "radisson-mining", "jurisdiction": "Quebec", "claim_id": "", "claim_name": null, "holder": "Ressources Minières Radisson Inc.", "status": "Active", "recorded_date": null, "anniversary_or_expiry": null, "area_ha": null, "tenure_type": null, "source": "GESTIM active titles (MRNF digital data dump). Not legal title.", "as_of": "2026-09-20", "role": "focus", "color": "#e8b040"}}, {"type": "Feature", "geometry": {"type": "Polygon", "coordinates": [[[-78.36666666708146, 48.23939788383881], [-78.36523246671507, 48.24013291157515], [-78.36485708549927, 48.24019247126558], [-78.36267397523402, 48.24053882147532], [-78.36197684923715, 48.23418624904171], [-78.3619539273227, 48.23333340852452], [-78.36666666586818, 48.23333333078722], [-78.36666666708146, 48.23939788383881]]]}, "properties": {"company_id": "radisson-mining", "jurisdiction": "Quebec", "claim_id": "", "claim_name": null, "holder": "Ressources Minières Radisson Inc.", "status": "Active", "recorded_date": null, "anniversary_or_expiry": null, "area_ha": null, "tenure_type": null, "source": "GESTIM active titles (MRNF digital data dump). Not legal title.", "as_of": "2026-09-20", "role": "focus", "color": "#e8b040"}}, {"type": "Feature", "geometry": {"type": "Polygon", "coordinates": [[[-78.36666666586818, 48.23333333078722], [-78.3619539273227, 48.23333340852452], [-78.36190043458062, 48.231343024606], [-78.35833333831884, 48.23149991689553], [-78.35833333460863, 48.22792219211225], [-78.36191122827093, 48.227917550113425], [-78.36478924758038, 48.227753797311], [-78.36666666325469, 48.22764950006327], [-78.36666666586818, 48.23333333078722]]]}, "properties": {"company_id": "radisson-mining", "jurisdiction": "Quebec", "claim_id": "", "claim_name": null, "holder": "Ressources Minières Radisson Inc.", "status": "Active", "recorded_date": null, "anniversary_or_expiry": null, "area_ha": null, "tenure_type": null, "source": "GESTIM active titles (MRNF digital data dump). Not legal title.", "as_of": "2026-09-20", "role": "focus", "color": "#e8b040"}}, {"type": "Feature", "geometry": {"type": "Polygon", "coordinates": [[[-78.44166666373381, 48.21666667078753], [-78.4499999914477, 48.216666673203264], [-78.44999999463778, 48.21883818755328], [-78.44943955909886, 48.218837955498906], [-78.44722287893973, 48.218837013205466], [-78.44166666429112, 48.218834479990626], [-78.44166666373381, 48.21666667078753]]]}, "properties": {"company_id": "radisson-mining", "jurisdiction": "Quebec", "claim_id": "", "claim_name": null, "holder": "Ressources Minières Radisson Inc.", "status": "Active", "recorded_date": null, "anniversary_or_expiry": null, "area_ha": null, "tenure_type": null, "source": "GESTIM active titles (MRNF digital data dump). Not legal title.", "as_of": "2026-09-20", "role": "focus", "color": "#e8b040"}}, {"type": "Feature", "geometry": {"type": "Polygon", "coordinates": [[[-78.3999999968778, 48.24264696022382], [-78.39692370490347, 48.242668326224695], [-78.39689158451337, 48.24309424950407], [-78.3968789689792, 48.243261518232494], [-78.39663871994753, 48.24519748645399], [-78.39654888684635, 48.246360257992116], [-78.39292668392085, 48.24550944160415], [-78.39166666096943, 48.245213446806765], [-78.39166665892623, 48.241666672590334], [-78.39999999583097, 48.24166667009711], [-78.3999999968778, 48.24264696022382]]]}, "properties": {"company_id": "radisson-mining", "jurisdiction": "Quebec", "claim_id": "", "claim_name": null, "holder": "Ressources Minières Radisson Inc.", "status": "Active", "recorded_date": null, "anniversary_or_expiry": null, "area_ha": null, "tenure_type": null, "source": "GESTIM active titles (MRNF digital data dump). Not legal title.", "as_of": "2026-09-20", "role": "focus", "color": "#e8b040"}}, {"type": "Feature", "geometry": {"type": "Polygon", "coordinates": [[[-78.41431894816999, 48.24249082070077], [-78.4134522857547, 48.24262334934695], [-78.40833332715133, 48.24261638457442], [-78.40833332665383, 48.24166666527043], [-78.41403651988784, 48.24166673112887], [-78.41431894816999, 48.24249082070077]]]}, "properties": {"company_id": "radisson-mining", "jurisdiction": "Quebec", "claim_id": "", "claim_name": null, "holder": "Ressources Minières Radisson Inc.", "status": "Active", "recorded_date": null, "anniversary_or_expiry": null, "area_ha": null, "tenure_type": null, "source": "GESTIM active titles (MRNF digital data dump). Not legal title.", "as_of": "2026-09-20", "role": "focus", "color": "#e8b040"}}, {"type": "Feature", "geometry": {"type": "Polygon", "coordinates": [[[-78.40833332715133, 48.242616384574426], [-78.40790902449521, 48.24261579629763], [-78.4073645889056, 48.24263311643596], [-78.40239977726729, 48.2426307981664], [-78.40100509290224, 48.24263995847934], [-78.3999999968778, 48.24264696022382], [-78.39999999583097, 48.24166667009711], [-78.40833332863382, 48.24166665965593], [-78.40833332715133, 48.242616384574426]]]}, "properties": {"company_id": "radisson-mining", "jurisdiction": "Quebec", "claim_id": "", "claim_name": null, "holder": "Ressources Minières Radisson Inc.", "status": "Active", "recorded_date": null, "anniversary_or_expiry": null, "area_ha": null, "tenure_type": null, "source": "GESTIM active titles (MRNF digital data dump). Not legal title.", "as_of": "2026-09-20", "role": "focus", "color": "#e8b040"}}, {"type": "Feature", "geometry": {"type": "Polygon", "coordinates": [[[-78.42985107537616, 48.22500007223077], [-78.43333333690698, 48.225000002853385], [-78.4333333349151, 48.22724735894112], [-78.42985412268547, 48.22800768309042], [-78.4298541117163, 48.22799551880165], [-78.42985119240068, 48.2251205451155], [-78.42985107537616, 48.22500007223077]]]}, "properties": {"company_id": "radisson-mining", "jurisdiction": "Quebec", "claim_id": "", "claim_name": null, "holder": "Ressources Minières Radisson Inc.", "status": "Active", "recorded_date": null, "anniversary_or_expiry": null, "area_ha": null, "tenure_type": null, "source": "GESTIM active titles (MRNF digital data dump). Not legal title.", "as_of": "2026-09-20", "role": "focus", "color": "#e8b040"}}, {"type": "Feature", "geometry": {"type": "Polygon", "coordinates": [[[-78.42500000539025, 48.216666662576266], [-78.43333333008793, 48.21666666601688], [-78.43333333690698, 48.225000002853385], [-78.42985107537616, 48.22500007223077], [-78.42985077906536, 48.22469502732921], [-78.42984765791027, 48.22163549270648], [-78.42984759495691, 48.22157396800481], [-78.42984464459077, 48.21860357102351], [-78.425, 48.21942972394722], [-78.42500000348788, 48.21667235854041], [-78.42500000539025, 48.216666662576266]]]}, "properties": {"company_id": "radisson-mining", "jurisdiction": "Quebec", "claim_id": "", "claim_name": null, "holder": "Ressources Minières Radisson Inc.", "status": "Active", "recorded_date": null, "anniversary_or_expiry": null, "area_ha": null, "tenure_type": null, "source": "GESTIM active titles (MRNF digital data dump). Not legal title.", "as_of": "2026-09-20", "role": "focus", "color": "#e8b040"}}, {"type": "Feature", "geometry": {"type": "Polygon", "coordinates": [[[-78.40833333599727, 48.23333333314824], [-78.40833333333329, 48.233333333343495], [-78.40833333333329, 48.22749277034625], [-78.41003282460878, 48.22720173249528], [-78.41010525886259, 48.22718932745502], [-78.41113326531004, 48.231184863078546], [-78.41155742031471, 48.23333340449813], [-78.40833333599727, 48.23333333314824]]]}, "properties": {"company_id": "radisson-mining", "jurisdiction": "Quebec", "claim_id": "", "claim_name": null, "holder": "Ressources Minières Radisson Inc.", "status": "Active", "recorded_date": null, "anniversary_or_expiry": null, "area_ha": null, "tenure_type": null, "source": "GESTIM active titles (MRNF digital data dump). Not legal title.", "as_of": "2026-09-20", "role": "focus", "color": "#e8b040"}}, {"type": "Feature", "geometry": {"type": "Polygon", "coordinates": [[[-78.41666667285696, 48.21666666236285], [-78.42500000539025, 48.21666666257625], [-78.425, 48.21942972394722], [-78.42174977794625, 48.219983843053335], [-78.4166666654265, 48.22130042538657], [-78.41666667285696, 48.21666666236285]]]}, "properties": {"company_id": "radisson-mining", "jurisdiction": "Quebec", "claim_id": "", "claim_name": null, "holder": "Ressources Minières Radisson Inc.", "status": "Active", "recorded_date": null, "anniversary_or_expiry": null, "area_ha": null, "tenure_type": null, "source": "GESTIM active titles (MRNF digital data dump). Not legal title.", "as_of": "2026-09-20", "role": "focus", "color": "#e8b040"}}, {"type": "Feature", "geometry": {"type": "Polygon", "coordinates": [[[-78.33333333761182, 48.201259540812146], [-78.33447703461621, 48.201255001409876], [-78.33755421051683, 48.201259178138976], [-78.33755351973268, 48.20285005290455], [-78.33755300165598, 48.204434182868475], [-78.33755241923362, 48.20602055148419], [-78.33755180316035, 48.20764516021451], [-78.33755185613572, 48.207661267752506], [-78.33755159568078, 48.20833340344457], [-78.3333333333333, 48.20833333334353], [-78.33333333761182, 48.201259540812146]]]}, "properties": {"company_id": "radisson-mining", "jurisdiction": "Quebec", "claim_id": "", "claim_name": null, "holder": "Ressources Minières Radisson Inc.", "status": "Active", "recorded_date": null, "anniversary_or_expiry": null, "area_ha": null, "tenure_type": null, "source": "GESTIM active titles (MRNF digital data dump). Not legal title.", "as_of": "2026-09-20", "role": "focus", "color": "#e8b040"}}, {"type": "Feature", "geometry": {"type": "Polygon", "coordinates": [[[-78.3333333333333, 48.20833333334353], [-78.33755159568078, 48.20833340344457], [-78.33755125091783, 48.20922307976823], [-78.33333332998515, 48.20923930720176], [-78.3333333333333, 48.20833333334353]]]}, "properties": {"company_id": "radisson-mining", "jurisdiction": "Quebec", "claim_id": "", "claim_name": null, "holder": "Ressources Minières Radisson Inc.", "status": "Active", "recorded_date": null, "anniversary_or_expiry": null, "area_ha": null, "tenure_type": null, "source": "GESTIM active titles (MRNF digital data dump). Not legal title.", "as_of": "2026-09-20", "role": "focus", "color": "#e8b040"}}, {"type": "Feature", "geometry": {"type": "Polygon", "coordinates": [[[-78.3249999954585, 48.199999997667575], [-78.33333333899635, 48.199999999797456], [-78.3333333333333, 48.20833333334353], [-78.32500000000002, 48.20833333334353], [-78.3249999954585, 48.199999997667575]]]}, "properties": {"company_id": "radisson-mining", "jurisdiction": "Quebec", "claim_id": "", "claim_name": null, "holder": "Ressources Minières Radisson Inc.", "status": "Active", "recorded_date": null, "anniversary_or_expiry": null, "area_ha": null, "tenure_type": null, "source": "GESTIM active titles (MRNF digital data dump). Not legal title.", "as_of": "2026-09-20", "role": "focus", "color": "#e8b040"}}, {"type": "Feature", "geometry": {"type": "Polygon", "coordinates": [[[-78.31666667263941, 48.19999999366263], [-78.3249999954585, 48.199999997667575], [-78.32500000000002, 48.20833333334353], [-78.31666666666673, 48.20833333334353], [-78.31666667263941, 48.19999999366263]]]}, "properties": {"company_id": "radisson-mining", "jurisdiction": "Quebec", "claim_id": "", "claim_name": null, "holder": "Ressources Minières Radisson Inc.", "status": "Active", "recorded_date": null, "anniversary_or_expiry": null, "area_ha": null, "tenure_type": null, "source": "GESTIM active titles (MRNF digital data dump). Not legal title.", "as_of": "2026-09-20", "role": "focus", "color": "#e8b040"}}, {"type": "Feature", "geometry": {"type": "Polygon", "coordinates": [[[-78.30833332972041, 48.19999999582184], [-78.31666667263941, 48.19999999366263], [-78.31666666666673, 48.20833333334353], [-78.3083333333333, 48.20833333334353], [-78.30833332972041, 48.19999999582184]]]}, "properties": {"company_id": "radisson-mining", "jurisdiction": "Quebec", "claim_id": "", "claim_name": null, "holder": "Ressources Minières Radisson Inc.", "status": "Active", "recorded_date": null, "anniversary_or_expiry": null, "area_ha": null, "tenure_type": null, "source": "GESTIM active titles (MRNF digital data dump). Not legal title.", "as_of": "2026-09-20", "role": "focus", "color": "#e8b040"}}, {"type": "Feature", "geometry": {"type": "Polygon", "coordinates": [[[-78.32500000000002, 48.20833333334353], [-78.3333333333333, 48.20833333334353], [-78.33333332998515, 48.20923930720176], [-78.33219149594875, 48.20924367488929], [-78.32859699545968, 48.209238585067524], [-78.32500000419738, 48.20925216412665], [-78.32500000000002, 48.20833333334353]]]}, "properties": {"company_id": "radisson-mining", "jurisdiction": "Quebec", "claim_id": "", "claim_name": null, "holder": "Ressources Minières Radisson Inc.", "status": "Active", "recorded_date": null, "anniversary_or_expiry": null, "area_ha": null, "tenure_type": null, "source": "GESTIM active titles (MRNF digital data dump). Not legal title.", "as_of": "2026-09-20", "role": "focus", "color": "#e8b040"}}, {"type": "Feature", "geometry": {"type": "Polygon", "coordinates": [[[-78.3083333333333, 48.20833333334353], [-78.30833333617174, 48.20926592684087], [-78.30599593460406, 48.2092621435599], [-78.30599265374487, 48.20833339535753], [-78.3083333333333, 48.20833333334353]]]}, "properties": {"company_id": "radisson-mining", "jurisdiction": "Quebec", "claim_id": "", "claim_name": null, "holder": "Ressources Minières Radisson Inc.", "status": "Active", "recorded_date": null, "anniversary_or_expiry": null, "area_ha": null, "tenure_type": null, "source": "GESTIM active titles (MRNF digital data dump). Not legal title.", "as_of": "2026-09-20", "role": "focus", "color": "#e8b040"}}, {"type": "Feature", "geometry": {"type": "Polygon", "coordinates": [[[-78.30599265374487, 48.20833339535753], [-78.30599074964435, 48.20779436503908], [-78.30599051633946, 48.20772906246279], [-78.30598495862134, 48.20616398561776], [-78.3059848865481, 48.20613924972266], [-78.30597934905508, 48.2045738096628], [-78.30597926867841, 48.204549165715854], [-78.3059789900044, 48.20447077475282], [-78.30592449761076, 48.20447088439039], [-78.30592400857624, 48.20288224541512], [-78.30592350406494, 48.20129360573262], [-78.30833333067106, 48.201288835788596], [-78.3083333333333, 48.20833333334353], [-78.30599265374487, 48.20833339535753]]]}, "properties": {"company_id": "radisson-mining", "jurisdiction": "Quebec", "claim_id": "", "claim_name": null, "holder": "Ressources Minières Radisson Inc.", "status": "Active", "recorded_date": null, "anniversary_or_expiry": null, "area_ha": null, "tenure_type": null, "source": "GESTIM active titles (MRNF digital data dump). Not legal title.", "as_of": "2026-09-20", "role": "focus", "color": "#e8b040"}}, {"type": "Feature", "geometry": {"type": "Polygon", "coordinates": [[[-78.30833333617174, 48.20926592684087], [-78.30833334224111, 48.21402431751905], [-78.30592712919699, 48.214028690016015], [-78.30592713109075, 48.21402968065649], [-78.30592680789836, 48.214029681254836], [-78.30592685825808, 48.21253563120059], [-78.30600743697741, 48.2125354717946], [-78.30600176402305, 48.21091967117324], [-78.30600172674885, 48.210908784180525], [-78.30599635551135, 48.209381485805615], [-78.30599629231205, 48.20936340170807], [-78.30599593460406, 48.2092621435599], [-78.30833333617174, 48.20926592684087]]]}, "properties": {"company_id": "radisson-mining", "jurisdiction": "Quebec", "claim_id": "", "claim_name": null, "holder": "Ressources Minières Radisson Inc.", "status": "Active", "recorded_date": null, "anniversary_or_expiry": null, "area_ha": null, "tenure_type": null, "source": "GESTIM active titles (MRNF digital data dump). Not legal title.", "as_of": "2026-09-20", "role": "focus", "color": "#e8b040"}}, {"type": "Feature", "geometry": {"type": "Polygon", "coordinates": [[[-78.41666667285696, 48.21666666236285], [-78.40833333433363, 48.21666665977146], [-78.40833333783263, 48.208333331169804], [-78.4166666681647, 48.20833333069123], [-78.41666667285696, 48.21666666236285]]]}, "properties": {"company_id": "radisson-mining", "jurisdiction": "Quebec", "claim_id": "", "claim_name": null, "holder": "Ressources Minières Radisson Inc.", "status": "Active", "recorded_date": null, "anniversary_or_expiry": null, "area_ha": null, "tenure_type": null, "source": "GESTIM active titles (MRNF digital data dump). Not legal title.", "as_of": "2026-09-20", "role": "focus", "color": "#e8b040"}}, {"type": "Feature", "geometry": {"type": "Polygon", "coordinates": [[[-78.40000000279373, 48.2166666640855], [-78.39166666522542, 48.216666666006574], [-78.39166667216102, 48.20833333419654], [-78.40000000150778, 48.20833332924344], [-78.40000000279373, 48.2166666640855]]]}, "properties": {"company_id": "radisson-mining", "jurisdiction": "Quebec", "claim_id": "", "claim_name": null, "holder": "Ressources Minières Radisson Inc.", "status": "Active", "recorded_date": null, "anniversary_or_expiry": null, "area_ha": null, "tenure_type": null, "source": "GESTIM active titles (MRNF digital data dump). Not legal title.", "as_of": "2026-09-20", "role": "focus", "color": "#e8b040"}}, {"type": "Feature", "geometry": {"type": "Polygon", "coordinates": [[[-78.38333333505551, 48.216666665832534], [-78.37499999881742, 48.21666666325056], [-78.37499999581037, 48.208333327847036], [-78.3833333372388, 48.20833332774222], [-78.38333333505551, 48.216666665832534]]]}, "properties": {"company_id": "radisson-mining", "jurisdiction": "Quebec", "claim_id": "", "claim_name": null, "holder": "Ressources Minières Radisson Inc.", "status": "Active", "recorded_date": null, "anniversary_or_expiry": null, "area_ha": null, "tenure_type": null, "source": "GESTIM active titles (MRNF digital data dump). Not legal title.", "as_of": "2026-09-20", "role": "focus", "color": "#e8b040"}}, {"type": "Feature", "geometry": {"type": "Polygon", "coordinates": [[[-78.3749999988174, 48.21666666325059], [-78.36666666729913, 48.21666667313625], [-78.36666665911413, 48.2083333403955], [-78.37499999581037, 48.208333327847036], [-78.3749999988174, 48.21666666325059]]]}, "properties": {"company_id": "radisson-mining", "jurisdiction": "Quebec", "claim_id": "", "claim_name": null, "holder": "Ressources Minières Radisson Inc.", "status": "Active", "recorded_date": null, "anniversary_or_expiry": null, "area_ha": null, "tenure_type": null, "source": "GESTIM active titles (MRNF digital data dump). Not legal title.", "as_of": "2026-09-20", "role": "focus", "color": "#e8b040"}}, {"type": "Feature", "geometry": {"type": "Polygon", "coordinates": [[[-78.32500000000002, 48.20833333334353], [-78.32499999947417, 48.213992634095725], [-78.32237081762209, 48.21399779241375], [-78.31688957029861, 48.21400835601307], [-78.31666666728616, 48.21400878280714], [-78.31666666666673, 48.20833333334353], [-78.32500000000002, 48.20833333334353]]]}, "properties": {"company_id": "radisson-mining", "jurisdiction": "Quebec", "claim_id": "", "claim_name": null, "holder": "Ressources Minières Radisson Inc.", "status": "Active", "recorded_date": null, "anniversary_or_expiry": null, "area_ha": null, "tenure_type": null, "source": "GESTIM active titles (MRNF digital data dump). Not legal title.", "as_of": "2026-09-20", "role": "focus", "color": "#e8b040"}}, {"type": "Feature", "geometry": {"type": "Polygon", "coordinates": [[[-78.31666666666673, 48.20833333334353], [-78.31666666728616, 48.21400878280714], [-78.31140834512249, 48.21401865831364], [-78.31140834559334, 48.21401864932671], [-78.30833334224111, 48.21402431751905], [-78.3083333333333, 48.20833333334353], [-78.31666666666673, 48.20833333334353]]]}, "properties": {"company_id": "radisson-mining", "jurisdiction": "Quebec", "claim_id": "", "claim_name": null, "holder": "Ressources Minières Radisson Inc.", "status": "Active", "recorded_date": null, "anniversary_or_expiry": null, "area_ha": null, "tenure_type": null, "source": "GESTIM active titles (MRNF digital data dump). Not legal title.", "as_of": "2026-09-20", "role": "focus", "color": "#e8b040"}}, {"type": "Feature", "geometry": {"type": "Polygon", "coordinates": [[[-78.45833333335119, 48.2237751024944], [-78.45801256862082, 48.2231420893629], [-78.45244226439418, 48.22442262462774], [-78.45000000355155, 48.22488848337143], [-78.4499999914477, 48.216666673203264], [-78.45833332669685, 48.21666667356984], [-78.45833333335119, 48.2237751024944]]]}, "properties": {"company_id": "radisson-mining", "jurisdiction": "Quebec", "claim_id": "", "claim_name": null, "holder": "Ressources Minières Radisson Inc.", "status": "Active", "recorded_date": null, "anniversary_or_expiry": null, "area_ha": null, "tenure_type": null, "source": "GESTIM active titles (MRNF digital data dump). Not legal title.", "as_of": "2026-09-20", "role": "focus", "color": "#e8b040"}}]}