{"type": "FeatureCollection", "features": [{"type": "Feature", "geometry": {"type": "Polygon", "coordinates": [[[-80.2188, 48.0833], [-80.2188, 48.0875], [-80.225, 48.0875], [-80.225, 48.0833], [-80.2188, 48.0833]]]}, "properties": {"company_id": "stardust-metal", "jurisdiction": "Ontario", "claim_id": "104539", "claim_name": null, "holder": "(100) STARDUST METAL CORP.", "status": "Active", "recorded_date": "2018-04-10", "anniversary_or_expiry": "2027-02-11", "area_ha": null, "tenure_type": "Single Cell Mining Claim", "source": "Ontario MLAS operational claims (OGSEarth / LIO MapServer). Unofficial viewing data, not legal title.", "as_of": "2026-09-20", "role": "focus", "color": "#e8b040"}}, {"type": "Feature", "geometry": {"type": "Polygon", "coordinates": [[[-90.2938, 48.6583], [-90.2938, 48.6625], [-90.3, 48.6625], [-90.3, 48.6583], [-90.2938, 48.6583]]]}, "properties": {"company_id": "stardust-metal", "jurisdiction": "Ontario", "claim_id": "106204", "claim_name": null, "holder": "(100) STARDUST METAL CORP.", "status": "Active", "recorded_date": "2018-04-10", "anniversary_or_expiry": "2030-02-17", "area_ha": null, "tenure_type": "Single Cell Mining Claim", "source": "Ontario MLAS operational claims (OGSEarth / LIO MapServer). Unofficial viewing data, not legal title.", "as_of": "2026-09-20", "role": "focus", "color": "#e8b040"}}, {"type": "Feature", "geometry": {"type": "Polygon", "coordinates": [[[-90.3, 48.6583], [-90.3, 48.6625], [-90.3063, 48.6625], [-90.3063, 48.6583], [-90.3, 48.6583]]]}, "properties": {"company_id": "stardust-metal", "jurisdiction": "Ontario", "claim_id": "106205", "claim_name": null, "holder": "(100) STARDUST METAL CORP.", "status": "Active", "recorded_date": "2018-04-10", "anniversary_or_expiry": "2030-02-17", "area_ha": null, "tenure_type": "Single Cell Mining Claim", "source": "Ontario MLAS operational claims (OGSEarth / LIO MapServer). Unofficial viewing data, not legal title.", "as_of": "2026-09-20", "role": "focus", "color": "#e8b040"}}, {"type": "Feature", "geometry": {"type": "Polygon", "coordinates": [[[-90.2625, 48.65], [-90.2625, 48.6542], [-90.2688, 48.6542], [-90.2688, 48.65], [-90.2625, 48.65]]]}, "properties": {"company_id": "stardust-metal", "jurisdiction": "Ontario", "claim_id": "105971", "claim_name": null, "holder": "(100) STARDUST METAL CORP.", "status": "Active", "recorded_date": "2018-04-10", "anniversary_or_expiry": "2030-04-19", "area_ha": null, "tenure_type": "Single Cell Mining Claim", "source": "Ontario MLAS operational claims (OGSEarth / LIO MapServer). Unofficial viewing data, not legal title.", "as_of": "2026-09-20", "role": "focus", "color": "#e8b040"}}, {"type": "Feature", "geometry": {"type": "Polygon", "coordinates": [[[-90.2813, 48.65], [-90.2813, 48.6542], [-90.2875, 48.6542], [-90.2875, 48.65], [-90.2813, 48.65]]]}, "properties": {"company_id": "stardust-metal", "jurisdiction": "Ontario", "claim_id": "105972", "claim_name": null, "holder": "(100) STARDUST METAL CORP.", "status": "Active", "recorded_date": "2018-04-10", "anniversary_or_expiry": "2030-02-17", "area_ha": null, "tenure_type": "Single Cell Mining Claim", "source": "Ontario MLAS operational claims (OGSEarth / LIO MapServer). Unofficial viewing data, not legal title.", "as_of": "2026-09-20", "role": "focus", "color": "#e8b040"}}, {"type": "Feature", "geometry": {"type": "Polygon", "coordinates": [[[-90.2125, 48.6417], [-90.2125, 48.6458], [-90.2188, 48.6458], [-90.2188, 48.6417], [-90.2125, 48.6417]]]}, "properties": {"company_id": "stardust-metal", "jurisdiction": "Ontario", "claim_id": "108282", "claim_name": null, "holder": "(100) STARDUST METAL CORP.", "status": "Active", "recorded_date": "2018-04-10", "anniversary_or_expiry": "2030-02-26", "area_ha": null, "tenure_type": "Single Cell Mining Claim", "source": "Ontario MLAS operational claims (OGSEarth / LIO MapServer). Unofficial viewing data, not legal title.", "as_of": "2026-09-20", "role": "focus", "color": "#e8b040"}}, {"type": "Feature", "geometry": {"type": "Polygon", "coordinates": [[[-90.2938, 48.6375], [-90.2938, 48.6417], [-90.3, 48.6417], [-90.3, 48.6375], [-90.2938, 48.6375]]]}, "properties": {"company_id": "stardust-metal", "jurisdiction": "Ontario", "claim_id": "108329", "claim_name": null, "holder": "(100) STARDUST METAL CORP.", "status": "Active", "recorded_date": "2018-04-10", "anniversary_or_expiry": "2030-10-15", "area_ha": null, "tenure_type": "Single Cell Mining Claim", "source": "Ontario MLAS operational claims (OGSEarth / LIO MapServer). Unofficial viewing data, not legal title.", "as_of": "2026-09-20", "role": "focus", "color": "#e8b040"}}, {"type": "Feature", "geometry": {"type": "Polygon", "coordinates": [[[-90.075, 48.6292], [-90.075, 48.6333], [-90.0813, 48.6333], [-90.0813, 48.6292], [-90.075, 48.6292]]]}, "properties": {"company_id": "stardust-metal", "jurisdiction": "Ontario", "claim_id": "108364", "claim_name": null, "holder": "(100) STARDUST METAL CORP.", "status": "Active", "recorded_date": "2018-04-10", "anniversary_or_expiry": "2030-04-04", "area_ha": null, "tenure_type": "Single Cell Mining Claim", "source": "Ontario MLAS operational claims (OGSEarth / LIO MapServer). Unofficial viewing data, not legal title.", "as_of": "2026-09-20", "role": "focus", "color": "#e8b040"}}, {"type": "Feature", "geometry": {"type": "Polygon", "coordinates": [[[-90.225, 48.65], [-90.225, 48.6542], [-90.2313, 48.6542], [-90.2313, 48.65], [-90.225, 48.65]]]}, "properties": {"company_id": "stardust-metal", "jurisdiction": "Ontario", "claim_id": "108952", "claim_name": null, "holder": "(100) STARDUST METAL CORP.", "status": "Active", "recorded_date": "2018-04-10", "anniversary_or_expiry": "2030-09-11", "area_ha": null, "tenure_type": "Single Cell Mining Claim", "source": "Ontario MLAS operational claims (OGSEarth / LIO MapServer). Unofficial viewing data, not legal title.", "as_of": "2026-09-20", "role": "focus", "color": "#e8b040"}}, {"type": "Feature", "geometry": {"type": "Polygon", "coordinates": [[[-90.2313, 48.6458], [-90.2313, 48.65], [-90.2375, 48.65], [-90.2375, 48.6458], [-90.2313, 48.6458]]]}, "properties": {"company_id": "stardust-metal", "jurisdiction": "Ontario", "claim_id": "108953", "claim_name": null, "holder": "(100) STARDUST METAL CORP.", "status": "Active", "recorded_date": "2018-04-10", "anniversary_or_expiry": "2030-12-23", "area_ha": null, "tenure_type": "Single Cell Mining Claim", "source": "Ontario MLAS operational claims (OGSEarth / LIO MapServer). Unofficial viewing data, not legal title.", "as_of": "2026-09-20", "role": "focus", "color": "#e8b040"}}, {"type": "Feature", "geometry": {"type": "Polygon", "coordinates": [[[-90.2813, 48.6708], [-90.2813, 48.675], [-90.2875, 48.675], [-90.2875, 48.6708], [-90.2813, 48.6708]]]}, "properties": {"company_id": "stardust-metal", "jurisdiction": "Ontario", "claim_id": "110333", "claim_name": null, "holder": "(100) STARDUST METAL CORP.", "status": "Active", "recorded_date": "2018-04-10", "anniversary_or_expiry": "2030-02-17", "area_ha": null, "tenure_type": "Single Cell Mining Claim", "source": "Ontario MLAS operational claims (OGSEarth / LIO MapServer). Unofficial viewing data, not legal title.", "as_of": "2026-09-20", "role": "focus", "color": "#e8b040"}}, {"type": "Feature", "geometry": {"type": "Polygon", "coordinates": [[[-90.2875, 48.6708], [-90.2875, 48.675], [-90.2938, 48.675], [-90.2938, 48.6708], [-90.2875, 48.6708]]]}, "properties": {"company_id": "stardust-metal", "jurisdiction": "Ontario", "claim_id": "110334", "claim_name": null, "holder": "(100) STARDUST METAL CORP.", "status": "Active", "recorded_date": "2018-04-10", "anniversary_or_expiry": "2030-02-17", "area_ha": null, "tenure_type": "Single Cell Mining Claim", "source": "Ontario MLAS operational claims (OGSEarth / LIO MapServer). Unofficial viewing data, not legal title.", "as_of": "2026-09-20", "role": "focus", "color": "#e8b040"}}, {"type": "Feature", "geometry": {"type": "Polygon", "coordinates": [[[-90.2, 48.6625], [-90.2, 48.6667], [-90.2063, 48.6667], [-90.2063, 48.6625], [-90.2, 48.6625]]]}, "properties": {"company_id": "stardust-metal", "jurisdiction": "Ontario", "claim_id": "111045", "claim_name": null, "holder": "(100) STARDUST METAL CORP.", "status": "Active", "recorded_date": "2018-04-10", "anniversary_or_expiry": "2030-05-10", "area_ha": null, "tenure_type": "Single Cell Mining Claim", "source": "Ontario MLAS operational claims (OGSEarth / LIO MapServer). Unofficial viewing data, not legal title.", "as_of": "2026-09-20", "role": "focus", "color": "#e8b040"}}, {"type": "Feature", "geometry": {"type": "Polygon", "coordinates": [[[-90.2063, 48.6625], [-90.2063, 48.6667], [-90.2125, 48.6667], [-90.2125, 48.6625], [-90.2063, 48.6625]]]}, "properties": {"company_id": "stardust-metal", "jurisdiction": "Ontario", "claim_id": "111046", "claim_name": null, "holder": "(100) STARDUST METAL CORP.", "status": "Active", "recorded_date": "2018-04-10", "anniversary_or_expiry": "2030-05-10", "area_ha": null, "tenure_type": "Single Cell Mining Claim", "source": "Ontario MLAS operational claims (OGSEarth / LIO MapServer). Unofficial viewing data, not legal title.", "as_of": "2026-09-20", "role": "focus", "color": "#e8b040"}}, {"type": "Feature", "geometry": {"type": "Polygon", "coordinates": [[[-90.2125, 48.6625], [-90.2125, 48.6667], [-90.2188, 48.6667], [-90.2188, 48.6625], [-90.2125, 48.6625]]]}, "properties": {"company_id": "stardust-metal", "jurisdiction": "Ontario", "claim_id": "111047", "claim_name": null, "holder": "(100) STARDUST METAL CORP.", "status": "Active", "recorded_date": "2018-04-10", "anniversary_or_expiry": "2030-05-10", "area_ha": null, "tenure_type": "Single Cell Mining Claim", "source": "Ontario MLAS operational claims (OGSEarth / LIO MapServer). Unofficial viewing data, not legal title.", "as_of": "2026-09-20", "role": "focus", "color": "#e8b040"}}, {"type": "Feature", "geometry": {"type": "Polygon", "coordinates": [[[-90.2563, 48.6583], [-90.2563, 48.6625], [-90.2625, 48.6625], [-90.2625, 48.6583], [-90.2563, 48.6583]]]}, "properties": {"company_id": "stardust-metal", "jurisdiction": "Ontario", "claim_id": "112582", "claim_name": null, "holder": "(100) STARDUST METAL CORP.", "status": "Active", "recorded_date": "2018-04-10", "anniversary_or_expiry": "2030-04-19", "area_ha": null, "tenure_type": "Single Cell Mining Claim", "source": "Ontario MLAS operational claims (OGSEarth / LIO MapServer). Unofficial viewing data, not legal title.", "as_of": "2026-09-20", "role": "focus", "color": "#e8b040"}}, {"type": "Feature", "geometry": {"type": "Polygon", "coordinates": [[[-90.1813, 48.6292], [-90.1813, 48.6333], [-90.1875, 48.6333], [-90.1875, 48.6292], [-90.1813, 48.6292]]]}, "properties": {"company_id": "stardust-metal", "jurisdiction": "Ontario", "claim_id": "112082", "claim_name": null, "holder": "(100) STARDUST METAL CORP.", "status": "Active", "recorded_date": "2018-04-10", "anniversary_or_expiry": "2030-03-22", "area_ha": null, "tenure_type": "Single Cell Mining Claim", "source": "Ontario MLAS operational claims (OGSEarth / LIO MapServer). Unofficial viewing data, not legal title.", "as_of": "2026-09-20", "role": "focus", "color": "#e8b040"}}, {"type": "Feature", "geometry": {"type": "Polygon", "coordinates": [[[-90.1813, 48.625], [-90.1813, 48.6292], [-90.1875, 48.6292], [-90.1875, 48.625], [-90.1813, 48.625]]]}, "properties": {"company_id": "stardust-metal", "jurisdiction": "Ontario", "claim_id": "112083", "claim_name": null, "holder": "(100) STARDUST METAL CORP.", "status": "Active", "recorded_date": "2018-04-10", "anniversary_or_expiry": "2030-03-22", "area_ha": null, "tenure_type": "Single Cell Mining Claim", "source": "Ontario MLAS operational claims (OGSEarth / LIO MapServer). Unofficial viewing data, not legal title.", "as_of": "2026-09-20", "role": "focus", "color": "#e8b040"}}, {"type": "Feature", "geometry": {"type": "Polygon", "coordinates": [[[-90.1813, 48.6208], [-90.1813, 48.625], [-90.1875, 48.625], [-90.1875, 48.6208], [-90.1813, 48.6208]]]}, "properties": {"company_id": "stardust-metal", "jurisdiction": "Ontario", "claim_id": "112084", "claim_name": null, "holder": "(100) STARDUST METAL CORP.", "status": "Active", "recorded_date": "2018-04-10", "anniversary_or_expiry": "2030-03-22", "area_ha": null, "tenure_type": "Single Cell Mining Claim", "source": "Ontario MLAS operational claims (OGSEarth / LIO MapServer). Unofficial viewing data, not legal title.", "as_of": "2026-09-20", "role": "focus", "color": "#e8b040"}}, {"type": "Feature", "geometry": {"type": "Polygon", "coordinates": [[[-89.8563, 48.6083], [-89.8563, 48.6125], [-89.8625, 48.6125], [-89.8625, 48.6083], [-89.8563, 48.6083]]]}, "properties": {"company_id": "stardust-metal", "jurisdiction": "Ontario", "claim_id": "113273", "claim_name": null, "holder": "(100) STARDUST METAL CORP.", "status": "Active", "recorded_date": "2018-04-10", "anniversary_or_expiry": "2030-02-16", "area_ha": null, "tenure_type": "Single Cell Mining Claim", "source": "Ontario MLAS operational claims (OGSEarth / LIO MapServer). Unofficial viewing data, not legal title.", "as_of": "2026-09-20", "role": "focus", "color": "#e8b040"}}, {"type": "Feature", "geometry": {"type": "Polygon", "coordinates": [[[-90.1813, 48.6625], [-90.1813, 48.6667], [-90.1875, 48.6667], [-90.1875, 48.6625], [-90.1813, 48.6625]]]}, "properties": {"company_id": "stardust-metal", "jurisdiction": "Ontario", "claim_id": "113325", "claim_name": null, "holder": "(100) STARDUST METAL CORP.", "status": "Active", "recorded_date": "2018-04-10", "anniversary_or_expiry": "2030-04-19", "area_ha": null, "tenure_type": "Single Cell Mining Claim", "source": "Ontario MLAS operational claims (OGSEarth / LIO MapServer). Unofficial viewing data, not legal title.", "as_of": "2026-09-20", "role": "focus", "color": "#e8b040"}}, {"type": "Feature", "geometry": {"type": "Polygon", "coordinates": [[[-90.175, 48.6458], [-90.175, 48.65], [-90.1813, 48.65], [-90.1813, 48.6458], [-90.175, 48.6458]]]}, "properties": {"company_id": "stardust-metal", "jurisdiction": "Ontario", "claim_id": "113326", "claim_name": null, "holder": "(100) STARDUST METAL CORP.", "status": "Active", "recorded_date": "2018-04-10", "anniversary_or_expiry": "2030-04-19", "area_ha": null, "tenure_type": "Boundary Cell Mining Claim", "source": "Ontario MLAS operational claims (OGSEarth / LIO MapServer). Unofficial viewing data, not legal title.", "as_of": "2026-09-20", "role": "focus", "color": "#e8b040"}}, {"type": "Feature", "geometry": {"type": "Polygon", "coordinates": [[[-90.2438, 48.6458], [-90.2438, 48.65], [-90.25, 48.65], [-90.25, 48.6458], [-90.2438, 48.6458]]]}, "properties": {"company_id": "stardust-metal", "jurisdiction": "Ontario", "claim_id": "114480", "claim_name": null, "holder": "(100) STARDUST METAL CORP.", "status": "Active", "recorded_date": "2018-04-10", "anniversary_or_expiry": "2030-09-11", "area_ha": null, "tenure_type": "Single Cell Mining Claim", "source": "Ontario MLAS operational claims (OGSEarth / LIO MapServer). Unofficial viewing data, not legal title.", "as_of": "2026-09-20", "role": "focus", "color": "#e8b040"}}, {"type": "Feature", "geometry": {"type": "Polygon", "coordinates": [[[-80.1063, 48.1583], [-80.1063, 48.1625], [-80.1125, 48.1625], [-80.1125, 48.1583], [-80.1063, 48.1583]]]}, "properties": {"company_id": "stardust-metal", "jurisdiction": "Ontario", "claim_id": "114705", "claim_name": null, "holder": "(100) STARDUST METAL CORP.", "status": "Active", "recorded_date": "2018-04-10", "anniversary_or_expiry": "2030-03-19", "area_ha": null, "tenure_type": "Boundary Cell Mining Claim", "source": "Ontario MLAS operational claims (OGSEarth / LIO MapServer). Unofficial viewing data, not legal title.", "as_of": "2026-09-20", "role": "focus", "color": "#e8b040"}}, {"type": "Feature", "geometry": {"type": "Polygon", "coordinates": [[[-90.275, 48.65], [-90.275, 48.6542], [-90.2813, 48.6542], [-90.2813, 48.65], [-90.275, 48.65]]]}, "properties": {"company_id": "stardust-metal", "jurisdiction": "Ontario", "claim_id": "120007", "claim_name": null, "holder": "(100) STARDUST METAL CORP.", "status": "Active", "recorded_date": "2018-04-10", "anniversary_or_expiry": "2030-02-17", "area_ha": null, "tenure_type": "Single Cell Mining Claim", "source": "Ontario MLAS operational claims (OGSEarth / LIO MapServer). Unofficial viewing data, not legal title.", "as_of": "2026-09-20", "role": "focus", "color": "#e8b040"}}, {"type": "Feature", "geometry": {"type": "Polygon", "coordinates": [[[-90.0563, 48.6292], [-90.0563, 48.6333], [-90.0625, 48.6333], [-90.0625, 48.6292], [-90.0563, 48.6292]]]}, "properties": {"company_id": "stardust-metal", "jurisdiction": "Ontario", "claim_id": "125498", "claim_name": null, "holder": "(100) STARDUST METAL CORP.", "status": "Active", "recorded_date": "2018-04-10", "anniversary_or_expiry": "2030-04-04", "area_ha": null, "tenure_type": "Single Cell Mining Claim", "source": "Ontario MLAS operational claims (OGSEarth / LIO MapServer). Unofficial viewing data, not legal title.", "as_of": "2026-09-20", "role": "focus", "color": "#e8b040"}}, {"type": "Feature", "geometry": {"type": "Polygon", "coordinates": [[[-90.2875, 48.6458], [-90.2875, 48.65], [-90.2938, 48.65], [-90.2938, 48.6458], [-90.2875, 48.6458]]]}, "properties": {"company_id": "stardust-metal", "jurisdiction": "Ontario", "claim_id": "126732", "claim_name": null, "holder": "(100) STARDUST METAL CORP.", "status": "Active", "recorded_date": "2018-04-10", "anniversary_or_expiry": "2030-10-15", "area_ha": null, "tenure_type": "Single Cell Mining Claim", "source": "Ontario MLAS operational claims (OGSEarth / LIO MapServer). Unofficial viewing data, not legal title.", "as_of": "2026-09-20", "role": "focus", "color": "#e8b040"}}, {"type": "Feature", "geometry": {"type": "Polygon", "coordinates": [[[-80.2125, 48.0875], [-80.2125, 48.0917], [-80.2188, 48.0917], [-80.2188, 48.0875], [-80.2125, 48.0875]]]}, "properties": {"company_id": "stardust-metal", "jurisdiction": "Ontario", "claim_id": "129707", "claim_name": null, "holder": "(100) STARDUST METAL CORP.", "status": "Active", "recorded_date": "2018-04-10", "anniversary_or_expiry": "2027-02-11", "area_ha": null, "tenure_type": "Boundary Cell Mining Claim", "source": "Ontario MLAS operational claims (OGSEarth / LIO MapServer). Unofficial viewing data, not legal title.", "as_of": "2026-09-20", "role": "focus", "color": "#e8b040"}}, {"type": "Feature", "geometry": {"type": "Polygon", "coordinates": [[[-90.225, 48.6458], [-90.225, 48.65], [-90.2313, 48.65], [-90.2313, 48.6458], [-90.225, 48.6458]]]}, "properties": {"company_id": "stardust-metal", "jurisdiction": "Ontario", "claim_id": "131561", "claim_name": null, "holder": "(100) STARDUST METAL CORP.", "status": "Active", "recorded_date": "2018-04-10", "anniversary_or_expiry": "2030-12-23", "area_ha": null, "tenure_type": "Single Cell Mining Claim", "source": "Ontario MLAS operational claims (OGSEarth / LIO MapServer). Unofficial viewing data, not legal title.", "as_of": "2026-09-20", "role": "focus", "color": "#e8b040"}}, {"type": "Feature", "geometry": {"type": "Polygon", "coordinates": [[[-90.2313, 48.6625], [-90.2313, 48.6667], [-90.2375, 48.6667], [-90.2375, 48.6625], [-90.2313, 48.6625]]]}, "properties": {"company_id": "stardust-metal", "jurisdiction": "Ontario", "claim_id": "130423", "claim_name": null, "holder": "(100) STARDUST METAL CORP.", "status": "Active", "recorded_date": "2018-04-10", "anniversary_or_expiry": "2030-05-10", "area_ha": null, "tenure_type": "Single Cell Mining Claim", "source": "Ontario MLAS operational claims (OGSEarth / LIO MapServer). Unofficial viewing data, not legal title.", "as_of": "2026-09-20", "role": "focus", "color": "#e8b040"}}, {"type": "Feature", "geometry": {"type": "Polygon", "coordinates": [[[-80.1375, 48.1458], [-80.1375, 48.15], [-80.1438, 48.15], [-80.1438, 48.1458], [-80.1375, 48.1458]]]}, "properties": {"company_id": "stardust-metal", "jurisdiction": "Ontario", "claim_id": "131104", "claim_name": null, "holder": "(100) STARDUST METAL CORP.", "status": "Active", "recorded_date": "2018-04-10", "anniversary_or_expiry": "2030-09-28", "area_ha": null, "tenure_type": "Boundary Cell Mining Claim", "source": "Ontario MLAS operational claims (OGSEarth / LIO MapServer). Unofficial viewing data, not legal title.", "as_of": "2026-09-20", "role": "focus", "color": "#e8b040"}}, {"type": "Feature", "geometry": {"type": "Polygon", "coordinates": [[[-80.225, 48.0833], [-80.225, 48.0875], [-80.2313, 48.0875], [-80.2313, 48.0833], [-80.225, 48.0833]]]}, "properties": {"company_id": "stardust-metal", "jurisdiction": "Ontario", "claim_id": "130723", "claim_name": null, "holder": "(100) STARDUST METAL CORP.", "status": "Active", "recorded_date": "2018-04-10", "anniversary_or_expiry": "2027-02-11", "area_ha": null, "tenure_type": "Single Cell Mining Claim", "source": "Ontario MLAS operational claims (OGSEarth / LIO MapServer). Unofficial viewing data, not legal title.", "as_of": "2026-09-20", "role": "focus", "color": "#e8b040"}}, {"type": "Feature", "geometry": {"type": "Polygon", "coordinates": [[[-90.275, 48.6708], [-90.275, 48.675], [-90.2813, 48.675], [-90.2813, 48.6708], [-90.275, 48.6708]]]}, "properties": {"company_id": "stardust-metal", "jurisdiction": "Ontario", "claim_id": "135634", "claim_name": null, "holder": "(100) STARDUST METAL CORP.", "status": "Active", "recorded_date": "2018-04-10", "anniversary_or_expiry": "2030-02-17", "area_ha": null, "tenure_type": "Single Cell Mining Claim", "source": "Ontario MLAS operational claims (OGSEarth / LIO MapServer). Unofficial viewing data, not legal title.", "as_of": "2026-09-20", "role": "focus", "color": "#e8b040"}}, {"type": "Feature", "geometry": {"type": "Polygon", "coordinates": [[[-80.1438, 48.0708], [-80.1438, 48.075], [-80.15, 48.075], [-80.15, 48.0708], [-80.1438, 48.0708]]]}, "properties": {"company_id": "stardust-metal", "jurisdiction": "Ontario", "claim_id": "136214", "claim_name": null, "holder": "(100) STARDUST METAL CORP.", "status": "Active", "recorded_date": "2018-04-10", "anniversary_or_expiry": "2029-01-08", "area_ha": null, "tenure_type": "Boundary Cell Mining Claim", "source": "Ontario MLAS operational claims (OGSEarth / LIO MapServer). Unofficial viewing data, not legal title.", "as_of": "2026-09-20", "role": "focus", "color": "#e8b040"}}, {"type": "Feature", "geometry": {"type": "Polygon", "coordinates": [[[-80.15, 48.0708], [-80.15, 48.075], [-80.1563, 48.075], [-80.1563, 48.0708], [-80.15, 48.0708]]]}, "properties": {"company_id": "stardust-metal", "jurisdiction": "Ontario", "claim_id": "136215", "claim_name": null, "holder": "(100) STARDUST METAL CORP.", "status": "Active", "recorded_date": "2018-04-10", "anniversary_or_expiry": "2029-01-08", "area_ha": null, "tenure_type": "Boundary Cell Mining Claim", "source": "Ontario MLAS operational claims (OGSEarth / LIO MapServer). Unofficial viewing data, not legal title.", "as_of": "2026-09-20", "role": "focus", "color": "#e8b040"}}, {"type": "Feature", "geometry": {"type": "Polygon", "coordinates": [[[-89.8313, 48.5917], [-89.8313, 48.5958], [-89.8375, 48.5958], [-89.8375, 48.5917], [-89.8313, 48.5917]]]}, "properties": {"company_id": "stardust-metal", "jurisdiction": "Ontario", "claim_id": "136429", "claim_name": null, "holder": "(100) STARDUST METAL CORP.", "status": "Active", "recorded_date": "2018-04-10", "anniversary_or_expiry": "2030-05-10", "area_ha": null, "tenure_type": "Single Cell Mining Claim", "source": "Ontario MLAS operational claims (OGSEarth / LIO MapServer). Unofficial viewing data, not legal title.", "as_of": "2026-09-20", "role": "focus", "color": "#e8b040"}}, {"type": "Feature", "geometry": {"type": "Polygon", "coordinates": [[[-80.1, 48.15], [-80.1, 48.1542], [-80.1063, 48.1542], [-80.1063, 48.15], [-80.1, 48.15]]]}, "properties": {"company_id": "stardust-metal", "jurisdiction": "Ontario", "claim_id": "136485", "claim_name": null, "holder": "(100) STARDUST METAL CORP.", "status": "Active", "recorded_date": "2018-04-10", "anniversary_or_expiry": "2030-03-18", "area_ha": null, "tenure_type": "Boundary Cell Mining Claim", "source": "Ontario MLAS operational claims (OGSEarth / LIO MapServer). Unofficial viewing data, not legal title.", "as_of": "2026-09-20", "role": "focus", "color": "#e8b040"}}, {"type": "Feature", "geometry": {"type": "Polygon", "coordinates": [[[-90.3125, 48.6583], [-90.3125, 48.6625], [-90.3188, 48.6625], [-90.3188, 48.6583], [-90.3125, 48.6583]]]}, "properties": {"company_id": "stardust-metal", "jurisdiction": "Ontario", "claim_id": "134771", "claim_name": null, "holder": "(100) STARDUST METAL CORP.", "status": "Active", "recorded_date": "2018-04-10", "anniversary_or_expiry": "2030-02-17", "area_ha": null, "tenure_type": "Single Cell Mining Claim", "source": "Ontario MLAS operational claims (OGSEarth / LIO MapServer). Unofficial viewing data, not legal title.", "as_of": "2026-09-20", "role": "focus", "color": "#e8b040"}}, {"type": "Feature", "geometry": {"type": "Polygon", "coordinates": [[[-90.2938, 48.65], [-90.2938, 48.6542], [-90.3, 48.6542], [-90.3, 48.65], [-90.2938, 48.65]]]}, "properties": {"company_id": "stardust-metal", "jurisdiction": "Ontario", "claim_id": "134772", "claim_name": null, "holder": "(100) STARDUST METAL CORP.", "status": "Active", "recorded_date": "2018-04-10", "anniversary_or_expiry": "2030-02-17", "area_ha": null, "tenure_type": "Single Cell Mining Claim", "source": "Ontario MLAS operational claims (OGSEarth / LIO MapServer). Unofficial viewing data, not legal title.", "as_of": "2026-09-20", "role": "focus", "color": "#e8b040"}}, {"type": "Feature", "geometry": {"type": "Polygon", "coordinates": [[[-80.25, 48.0833], [-80.25, 48.0875], [-80.2563, 48.0875], [-80.2563, 48.0833], [-80.25, 48.0833]]]}, "properties": {"company_id": "stardust-metal", "jurisdiction": "Ontario", "claim_id": "138384", "claim_name": null, "holder": "(100) STARDUST METAL CORP.", "status": "Active", "recorded_date": "2018-04-10", "anniversary_or_expiry": "2027-02-11", "area_ha": null, "tenure_type": "Single Cell Mining Claim", "source": "Ontario MLAS operational claims (OGSEarth / LIO MapServer). Unofficial viewing data, not legal title.", "as_of": "2026-09-20", "role": "focus", "color": "#e8b040"}}, {"type": "Feature", "geometry": {"type": "Polygon", "coordinates": [[[-90.25, 48.6458], [-90.25, 48.65], [-90.2563, 48.65], [-90.2563, 48.6458], [-90.25, 48.6458]]]}, "properties": {"company_id": "stardust-metal", "jurisdiction": "Ontario", "claim_id": "138574", "claim_name": null, "holder": "(100) STARDUST METAL CORP.", "status": "Active", "recorded_date": "2018-04-10", "anniversary_or_expiry": "2030-09-11", "area_ha": null, "tenure_type": "Single Cell Mining Claim", "source": "Ontario MLAS operational claims (OGSEarth / LIO MapServer). Unofficial viewing data, not legal title.", "as_of": "2026-09-20", "role": "focus", "color": "#e8b040"}}, {"type": "Feature", "geometry": {"type": "Polygon", "coordinates": [[[-90.075, 48.6333], [-90.075, 48.6375], [-90.0813, 48.6375], [-90.0813, 48.6333], [-90.075, 48.6333]]]}, "properties": {"company_id": "stardust-metal", "jurisdiction": "Ontario", "claim_id": "137482", "claim_name": null, "holder": "(100) STARDUST METAL CORP.", "status": "Active", "recorded_date": "2018-04-10", "anniversary_or_expiry": "2030-04-04", "area_ha": null, "tenure_type": "Single Cell Mining Claim", "source": "Ontario MLAS operational claims (OGSEarth / LIO MapServer). Unofficial viewing data, not legal title.", "as_of": "2026-09-20", "role": "focus", "color": "#e8b040"}}, {"type": "Feature", "geometry": {"type": "Polygon", "coordinates": [[[-80.1563, 48.1125], [-80.1563, 48.1167], [-80.1625, 48.1167], [-80.1625, 48.1125], [-80.1563, 48.1125]]]}, "properties": {"company_id": "stardust-metal", "jurisdiction": "Ontario", "claim_id": "137120", "claim_name": null, "holder": "(100) STARDUST METAL CORP.", "status": "Active", "recorded_date": "2018-04-10", "anniversary_or_expiry": "2030-04-13", "area_ha": null, "tenure_type": "Boundary Cell Mining Claim", "source": "Ontario MLAS operational claims (OGSEarth / LIO MapServer). Unofficial viewing data, not legal title.", "as_of": "2026-09-20", "role": "focus", "color": "#e8b040"}}, {"type": "Feature", "geometry": {"type": "Polygon", "coordinates": [[[-89.8313, 48.5958], [-89.8313, 48.6], [-89.8375, 48.6], [-89.8375, 48.5958], [-89.8313, 48.5958]]]}, "properties": {"company_id": "stardust-metal", "jurisdiction": "Ontario", "claim_id": "137187", "claim_name": null, "holder": "(100) STARDUST METAL CORP.", "status": "Active", "recorded_date": "2018-04-10", "anniversary_or_expiry": "2030-05-10", "area_ha": null, "tenure_type": "Single Cell Mining Claim", "source": "Ontario MLAS operational claims (OGSEarth / LIO MapServer). Unofficial viewing data, not legal title.", "as_of": "2026-09-20", "role": "focus", "color": "#e8b040"}}, {"type": "Feature", "geometry": {"type": "Polygon", "coordinates": [[[-80.2563, 48.0792], [-80.2563, 48.0833], [-80.2625, 48.0833], [-80.2625, 48.0792], [-80.2563, 48.0792]]]}, "properties": {"company_id": "stardust-metal", "jurisdiction": "Ontario", "claim_id": "138357", "claim_name": null, "holder": "(100) STARDUST METAL CORP.", "status": "Active", "recorded_date": "2018-04-10", "anniversary_or_expiry": "2027-02-11", "area_ha": null, "tenure_type": "Single Cell Mining Claim", "source": "Ontario MLAS operational claims (OGSEarth / LIO MapServer). Unofficial viewing data, not legal title.", "as_of": "2026-09-20", "role": "focus", "color": "#e8b040"}}, {"type": "Feature", "geometry": {"type": "Polygon", "coordinates": [[[-80.2563, 48.075], [-80.2563, 48.0792], [-80.2625, 48.0792], [-80.2625, 48.075], [-80.2563, 48.075]]]}, "properties": {"company_id": "stardust-metal", "jurisdiction": "Ontario", "claim_id": "138358", "claim_name": null, "holder": "(100) STARDUST METAL CORP.", "status": "Active", "recorded_date": "2018-04-10", "anniversary_or_expiry": "2027-02-11", "area_ha": null, "tenure_type": "Single Cell Mining Claim", "source": "Ontario MLAS operational claims (OGSEarth / LIO MapServer). Unofficial viewing data, not legal title.", "as_of": "2026-09-20", "role": "focus", "color": "#e8b040"}}, {"type": "Feature", "geometry": {"type": "Polygon", "coordinates": [[[-90.1875, 48.6208], [-90.1875, 48.625], [-90.1938, 48.625], [-90.1938, 48.6208], [-90.1875, 48.6208]]]}, "properties": {"company_id": "stardust-metal", "jurisdiction": "Ontario", "claim_id": "139739", "claim_name": null, "holder": "(100) STARDUST METAL CORP.", "status": "Active", "recorded_date": "2018-04-10", "anniversary_or_expiry": "2030-03-22", "area_ha": null, "tenure_type": "Single Cell Mining Claim", "source": "Ontario MLAS operational claims (OGSEarth / LIO MapServer). Unofficial viewing data, not legal title.", "as_of": "2026-09-20", "role": "focus", "color": "#e8b040"}}, {"type": "Feature", "geometry": {"type": "Polygon", "coordinates": [[[-89.7875, 48.5833], [-89.7875, 48.5875], [-89.7938, 48.5875], [-89.7938, 48.5833], [-89.7875, 48.5833]]]}, "properties": {"company_id": "stardust-metal", "jurisdiction": "Ontario", "claim_id": "140500", "claim_name": null, "holder": "(100) STARDUST METAL CORP.", "status": "Active", "recorded_date": "2018-04-10", "anniversary_or_expiry": "2030-06-02", "area_ha": null, "tenure_type": "Single Cell Mining Claim", "source": "Ontario MLAS operational claims (OGSEarth / LIO MapServer). Unofficial viewing data, not legal title.", "as_of": "2026-09-20", "role": "focus", "color": "#e8b040"}}, {"type": "Feature", "geometry": {"type": "Polygon", "coordinates": [[[-89.85, 48.6125], [-89.85, 48.6167], [-89.8563, 48.6167], [-89.8563, 48.6125], [-89.85, 48.6125]]]}, "properties": {"company_id": "stardust-metal", "jurisdiction": "Ontario", "claim_id": "139961", "claim_name": null, "holder": "(100) STARDUST METAL CORP.", "status": "Active", "recorded_date": "2018-04-10", "anniversary_or_expiry": "2030-02-16", "area_ha": null, "tenure_type": "Single Cell Mining Claim", "source": "Ontario MLAS operational claims (OGSEarth / LIO MapServer). Unofficial viewing data, not legal title.", "as_of": "2026-09-20", "role": "focus", "color": "#e8b040"}}, {"type": "Feature", "geometry": {"type": "Polygon", "coordinates": [[[-89.85, 48.6042], [-89.85, 48.6083], [-89.8563, 48.6083], [-89.8563, 48.6042], [-89.85, 48.6042]]]}, "properties": {"company_id": "stardust-metal", "jurisdiction": "Ontario", "claim_id": "142499", "claim_name": null, "holder": "(100) STARDUST METAL CORP.", "status": "Active", "recorded_date": "2018-04-10", "anniversary_or_expiry": "2030-05-10", "area_ha": null, "tenure_type": "Single Cell Mining Claim", "source": "Ontario MLAS operational claims (OGSEarth / LIO MapServer). Unofficial viewing data, not legal title.", "as_of": "2026-09-20", "role": "focus", "color": "#e8b040"}}, {"type": "Feature", "geometry": {"type": "Polygon", "coordinates": [[[-80.1, 48.1542], [-80.1, 48.1583], [-80.1063, 48.1583], [-80.1063, 48.1542], [-80.1, 48.1542]]]}, "properties": {"company_id": "stardust-metal", "jurisdiction": "Ontario", "claim_id": "141955", "claim_name": null, "holder": "(100) STARDUST METAL CORP.", "status": "Active", "recorded_date": "2018-04-10", "anniversary_or_expiry": "2030-03-18", "area_ha": null, "tenure_type": "Boundary Cell Mining Claim", "source": "Ontario MLAS operational claims (OGSEarth / LIO MapServer). Unofficial viewing data, not legal title.", "as_of": "2026-09-20", "role": "focus", "color": "#e8b040"}}, {"type": "Feature", "geometry": {"type": "Polygon", "coordinates": [[[-90.175, 48.6625], [-90.175, 48.6667], [-90.1813, 48.6667], [-90.1813, 48.6625], [-90.175, 48.6625]]]}, "properties": {"company_id": "stardust-metal", "jurisdiction": "Ontario", "claim_id": "142574", "claim_name": null, "holder": "(100) STARDUST METAL CORP.", "status": "Active", "recorded_date": "2018-04-10", "anniversary_or_expiry": "2030-04-19", "area_ha": null, "tenure_type": "Single Cell Mining Claim", "source": "Ontario MLAS operational claims (OGSEarth / LIO MapServer). Unofficial viewing data, not legal title.", "as_of": "2026-09-20", "role": "focus", "color": "#e8b040"}}, {"type": "Feature", "geometry": {"type": "Polygon", "coordinates": [[[-90.1813, 48.6458], [-90.1813, 48.65], [-90.1875, 48.65], [-90.1875, 48.6458], [-90.1813, 48.6458]]]}, "properties": {"company_id": "stardust-metal", "jurisdiction": "Ontario", "claim_id": "142575", "claim_name": null, "holder": "(100) STARDUST METAL CORP.", "status": "Active", "recorded_date": "2018-04-10", "anniversary_or_expiry": "2030-04-19", "area_ha": null, "tenure_type": "Boundary Cell Mining Claim", "source": "Ontario MLAS operational claims (OGSEarth / LIO MapServer). Unofficial viewing data, not legal title.", "as_of": "2026-09-20", "role": "focus", "color": "#e8b040"}}, {"type": "Feature", "geometry": {"type": "Polygon", "coordinates": [[[-80.15, 48.0667], [-80.15, 48.0708], [-80.1563, 48.0708], [-80.1563, 48.0667], [-80.15, 48.0667]]]}, "properties": {"company_id": "stardust-metal", "jurisdiction": "Ontario", "claim_id": "142240", "claim_name": null, "holder": "(100) STARDUST METAL CORP.", "status": "Active", "recorded_date": "2018-04-10", "anniversary_or_expiry": "2029-01-08", "area_ha": null, "tenure_type": "Boundary Cell Mining Claim", "source": "Ontario MLAS operational claims (OGSEarth / LIO MapServer). Unofficial viewing data, not legal title.", "as_of": "2026-09-20", "role": "focus", "color": "#e8b040"}}, {"type": "Feature", "geometry": {"type": "Polygon", "coordinates": [[[-90.275, 48.6667], [-90.275, 48.6708], [-90.2813, 48.6708], [-90.2813, 48.6667], [-90.275, 48.6667]]]}, "properties": {"company_id": "stardust-metal", "jurisdiction": "Ontario", "claim_id": "141707", "claim_name": null, "holder": "(100) STARDUST METAL CORP.", "status": "Active", "recorded_date": "2018-04-10", "anniversary_or_expiry": "2030-02-17", "area_ha": null, "tenure_type": "Single Cell Mining Claim", "source": "Ontario MLAS operational claims (OGSEarth / LIO MapServer). Unofficial viewing data, not legal title.", "as_of": "2026-09-20", "role": "focus", "color": "#e8b040"}}, {"type": "Feature", "geometry": {"type": "Polygon", "coordinates": [[[-90.2188, 48.6375], [-90.2188, 48.6417], [-90.225, 48.6417], [-90.225, 48.6375], [-90.2188, 48.6375]]]}, "properties": {"company_id": "stardust-metal", "jurisdiction": "Ontario", "claim_id": "144186", "claim_name": null, "holder": "(100) STARDUST METAL CORP.", "status": "Active", "recorded_date": "2018-04-10", "anniversary_or_expiry": "2030-02-26", "area_ha": null, "tenure_type": "Single Cell Mining Claim", "source": "Ontario MLAS operational claims (OGSEarth / LIO MapServer). Unofficial viewing data, not legal title.", "as_of": "2026-09-20", "role": "focus", "color": "#e8b040"}}, {"type": "Feature", "geometry": {"type": "Polygon", "coordinates": [[[-90.0625, 48.6292], [-90.0625, 48.6333], [-90.0688, 48.6333], [-90.0688, 48.6292], [-90.0625, 48.6292]]]}, "properties": {"company_id": "stardust-metal", "jurisdiction": "Ontario", "claim_id": "144284", "claim_name": null, "holder": "(100) STARDUST METAL CORP.", "status": "Active", "recorded_date": "2018-04-10", "anniversary_or_expiry": "2030-04-04", "area_ha": null, "tenure_type": "Single Cell Mining Claim", "source": "Ontario MLAS operational claims (OGSEarth / LIO MapServer). Unofficial viewing data, not legal title.", "as_of": "2026-09-20", "role": "focus", "color": "#e8b040"}}, {"type": "Feature", "geometry": {"type": "Polygon", "coordinates": [[[-80.25, 48.0875], [-80.25, 48.0917], [-80.2563, 48.0917], [-80.2563, 48.0875], [-80.25, 48.0875]]]}, "properties": {"company_id": "stardust-metal", "jurisdiction": "Ontario", "claim_id": "144358", "claim_name": null, "holder": "(100) STARDUST METAL CORP.", "status": "Active", "recorded_date": "2018-04-10", "anniversary_or_expiry": "2027-02-11", "area_ha": null, "tenure_type": "Single Cell Mining Claim", "source": "Ontario MLAS operational claims (OGSEarth / LIO MapServer). Unofficial viewing data, not legal title.", "as_of": "2026-09-20", "role": "focus", "color": "#e8b040"}}, {"type": "Feature", "geometry": {"type": "Polygon", "coordinates": [[[-80.2563, 48.0875], [-80.2563, 48.0917], [-80.2625, 48.0917], [-80.2625, 48.0875], [-80.2563, 48.0875]]]}, "properties": {"company_id": "stardust-metal", "jurisdiction": "Ontario", "claim_id": "144359", "claim_name": null, "holder": "(100) STARDUST METAL CORP.", "status": "Active", "recorded_date": "2018-04-10", "anniversary_or_expiry": "2027-02-11", "area_ha": null, "tenure_type": "Single Cell Mining Claim", "source": "Ontario MLAS operational claims (OGSEarth / LIO MapServer). Unofficial viewing data, not legal title.", "as_of": "2026-09-20", "role": "focus", "color": "#e8b040"}}, {"type": "Feature", "geometry": {"type": "Polygon", "coordinates": [[[-90.175, 48.625], [-90.175, 48.6292], [-90.1813, 48.6292], [-90.1813, 48.625], [-90.175, 48.625]]]}, "properties": {"company_id": "stardust-metal", "jurisdiction": "Ontario", "claim_id": "145690", "claim_name": null, "holder": "(100) STARDUST METAL CORP.", "status": "Active", "recorded_date": "2018-04-10", "anniversary_or_expiry": "2030-03-22", "area_ha": null, "tenure_type": "Boundary Cell Mining Claim", "source": "Ontario MLAS operational claims (OGSEarth / LIO MapServer). Unofficial viewing data, not legal title.", "as_of": "2026-09-20", "role": "focus", "color": "#e8b040"}}, {"type": "Feature", "geometry": {"type": "Polygon", "coordinates": [[[-90.25, 48.6625], [-90.25, 48.6667], [-90.2563, 48.6667], [-90.2563, 48.6625], [-90.25, 48.6625]]]}, "properties": {"company_id": "stardust-metal", "jurisdiction": "Ontario", "claim_id": "143984", "claim_name": null, "holder": "(100) STARDUST METAL CORP.", "status": "Active", "recorded_date": "2018-04-10", "anniversary_or_expiry": "2030-04-19", "area_ha": null, "tenure_type": "Single Cell Mining Claim", "source": "Ontario MLAS operational claims (OGSEarth / LIO MapServer). Unofficial viewing data, not legal title.", "as_of": "2026-09-20", "role": "focus", "color": "#e8b040"}}, {"type": "Feature", "geometry": {"type": "Polygon", "coordinates": [[[-90.1438, 48.6333], [-90.1438, 48.6375], [-90.15, 48.6375], [-90.15, 48.6333], [-90.1438, 48.6333]]]}, "properties": {"company_id": "stardust-metal", "jurisdiction": "Ontario", "claim_id": "147702", "claim_name": null, "holder": "(100) STARDUST METAL CORP.", "status": "Active", "recorded_date": "2018-04-10", "anniversary_or_expiry": "2030-03-27", "area_ha": null, "tenure_type": "Boundary Cell Mining Claim", "source": "Ontario MLAS operational claims (OGSEarth / LIO MapServer). Unofficial viewing data, not legal title.", "as_of": "2026-09-20", "role": "focus", "color": "#e8b040"}}, {"type": "Feature", "geometry": {"type": "Polygon", "coordinates": [[[-90.1938, 48.6333], [-90.1938, 48.6375], [-90.2, 48.6375], [-90.2, 48.6333], [-90.1938, 48.6333]]]}, "properties": {"company_id": "stardust-metal", "jurisdiction": "Ontario", "claim_id": "146841", "claim_name": null, "holder": "(100) STARDUST METAL CORP.", "status": "Active", "recorded_date": "2018-04-10", "anniversary_or_expiry": "2030-03-22", "area_ha": null, "tenure_type": "Boundary Cell Mining Claim", "source": "Ontario MLAS operational claims (OGSEarth / LIO MapServer). Unofficial viewing data, not legal title.", "as_of": "2026-09-20", "role": "focus", "color": "#e8b040"}}, {"type": "Feature", "geometry": {"type": "Polygon", "coordinates": [[[-90.275, 48.6583], [-90.275, 48.6625], [-90.2813, 48.6625], [-90.2813, 48.6583], [-90.275, 48.6583]]]}, "properties": {"company_id": "stardust-metal", "jurisdiction": "Ontario", "claim_id": "147476", "claim_name": null, "holder": "(100) STARDUST METAL CORP.", "status": "Active", "recorded_date": "2018-04-10", "anniversary_or_expiry": "2030-02-17", "area_ha": null, "tenure_type": "Single Cell Mining Claim", "source": "Ontario MLAS operational claims (OGSEarth / LIO MapServer). Unofficial viewing data, not legal title.", "as_of": "2026-09-20", "role": "focus", "color": "#e8b040"}}, {"type": "Feature", "geometry": {"type": "Polygon", "coordinates": [[[-90.2688, 48.6542], [-90.2688, 48.6583], [-90.275, 48.6583], [-90.275, 48.6542], [-90.2688, 48.6542]]]}, "properties": {"company_id": "stardust-metal", "jurisdiction": "Ontario", "claim_id": "147477", "claim_name": null, "holder": "(100) STARDUST METAL CORP.", "status": "Active", "recorded_date": "2018-04-10", "anniversary_or_expiry": "2030-02-17", "area_ha": null, "tenure_type": "Single Cell Mining Claim", "source": "Ontario MLAS operational claims (OGSEarth / LIO MapServer). Unofficial viewing data, not legal title.", "as_of": "2026-09-20", "role": "focus", "color": "#e8b040"}}, {"type": "Feature", "geometry": {"type": "Polygon", "coordinates": [[[-90.275, 48.6542], [-90.275, 48.6583], [-90.2813, 48.6583], [-90.2813, 48.6542], [-90.275, 48.6542]]]}, "properties": {"company_id": "stardust-metal", "jurisdiction": "Ontario", "claim_id": "147478", "claim_name": null, "holder": "(100) STARDUST METAL CORP.", "status": "Active", "recorded_date": "2018-04-10", "anniversary_or_expiry": "2030-02-17", "area_ha": null, "tenure_type": "Single Cell Mining Claim", "source": "Ontario MLAS operational claims (OGSEarth / LIO MapServer). Unofficial viewing data, not legal title.", "as_of": "2026-09-20", "role": "focus", "color": "#e8b040"}}, {"type": "Feature", "geometry": {"type": "Polygon", "coordinates": [[[-90.1875, 48.6417], [-90.1875, 48.6458], [-90.1938, 48.6458], [-90.1938, 48.6417], [-90.1875, 48.6417]]]}, "properties": {"company_id": "stardust-metal", "jurisdiction": "Ontario", "claim_id": "146404", "claim_name": null, "holder": "(100) STARDUST METAL CORP.", "status": "Active", "recorded_date": "2018-04-10", "anniversary_or_expiry": "2030-04-19", "area_ha": null, "tenure_type": "Boundary Cell Mining Claim", "source": "Ontario MLAS operational claims (OGSEarth / LIO MapServer). Unofficial viewing data, not legal title.", "as_of": "2026-09-20", "role": "focus", "color": "#e8b040"}}, {"type": "Feature", "geometry": {"type": "Polygon", "coordinates": [[[-80.1438, 48.1333], [-80.1438, 48.1375], [-80.15, 48.1375], [-80.15, 48.1333], [-80.1438, 48.1333]]]}, "properties": {"company_id": "stardust-metal", "jurisdiction": "Ontario", "claim_id": "152720", "claim_name": null, "holder": "(100) STARDUST METAL CORP.", "status": "Active", "recorded_date": "2018-04-10", "anniversary_or_expiry": "2030-04-13", "area_ha": null, "tenure_type": "Boundary Cell Mining Claim", "source": "Ontario MLAS operational claims (OGSEarth / LIO MapServer). Unofficial viewing data, not legal title.", "as_of": "2026-09-20", "role": "focus", "color": "#e8b040"}}, {"type": "Feature", "geometry": {"type": "Polygon", "coordinates": [[[-80.125, 48.1667], [-80.125, 48.1708], [-80.1313, 48.1708], [-80.1313, 48.1667], [-80.125, 48.1667]]]}, "properties": {"company_id": "stardust-metal", "jurisdiction": "Ontario", "claim_id": "154698", "claim_name": null, "holder": "(100) STARDUST METAL CORP.", "status": "Active", "recorded_date": "2018-04-10", "anniversary_or_expiry": "2030-12-03", "area_ha": null, "tenure_type": "Single Cell Mining Claim", "source": "Ontario MLAS operational claims (OGSEarth / LIO MapServer). Unofficial viewing data, not legal title.", "as_of": "2026-09-20", "role": "focus", "color": "#e8b040"}}, {"type": "Feature", "geometry": {"type": "Polygon", "coordinates": [[[-89.8313, 48.5833], [-89.8313, 48.5875], [-89.8375, 48.5875], [-89.8375, 48.5833], [-89.8313, 48.5833]]]}, "properties": {"company_id": "stardust-metal", "jurisdiction": "Ontario", "claim_id": "153246", "claim_name": null, "holder": "(100) STARDUST METAL CORP.", "status": "Active", "recorded_date": "2018-04-10", "anniversary_or_expiry": "2030-05-10", "area_ha": null, "tenure_type": "Single Cell Mining Claim", "source": "Ontario MLAS operational claims (OGSEarth / LIO MapServer). Unofficial viewing data, not legal title.", "as_of": "2026-09-20", "role": "focus", "color": "#e8b040"}}, {"type": "Feature", "geometry": {"type": "Polygon", "coordinates": [[[-89.8063, 48.6], [-89.8063, 48.6042], [-89.8125, 48.6042], [-89.8125, 48.6], [-89.8063, 48.6]]]}, "properties": {"company_id": "stardust-metal", "jurisdiction": "Ontario", "claim_id": "153341", "claim_name": null, "holder": "(100) STARDUST METAL CORP.", "status": "Active", "recorded_date": "2018-04-10", "anniversary_or_expiry": "2030-08-21", "area_ha": null, "tenure_type": "Single Cell Mining Claim", "source": "Ontario MLAS operational claims (OGSEarth / LIO MapServer). Unofficial viewing data, not legal title.", "as_of": "2026-09-20", "role": "focus", "color": "#e8b040"}}, {"type": "Feature", "geometry": {"type": "Polygon", "coordinates": [[[-90.1813, 48.6333], [-90.1813, 48.6375], [-90.1875, 48.6375], [-90.1875, 48.6333], [-90.1813, 48.6333]]]}, "properties": {"company_id": "stardust-metal", "jurisdiction": "Ontario", "claim_id": "159806", "claim_name": null, "holder": "(100) STARDUST METAL CORP.", "status": "Active", "recorded_date": "2018-04-10", "anniversary_or_expiry": "2030-03-22", "area_ha": null, "tenure_type": "Boundary Cell Mining Claim", "source": "Ontario MLAS operational claims (OGSEarth / LIO MapServer). Unofficial viewing data, not legal title.", "as_of": "2026-09-20", "role": "focus", "color": "#e8b040"}}, {"type": "Feature", "geometry": {"type": "Polygon", "coordinates": [[[-90.25, 48.6417], [-90.25, 48.6458], [-90.2563, 48.6458], [-90.2563, 48.6417], [-90.25, 48.6417]]]}, "properties": {"company_id": "stardust-metal", "jurisdiction": "Ontario", "claim_id": "158066", "claim_name": null, "holder": "(100) STARDUST METAL CORP.", "status": "Active", "recorded_date": "2018-04-10", "anniversary_or_expiry": "2030-09-11", "area_ha": null, "tenure_type": "Single Cell Mining Claim", "source": "Ontario MLAS operational claims (OGSEarth / LIO MapServer). Unofficial viewing data, not legal title.", "as_of": "2026-09-20", "role": "focus", "color": "#e8b040"}}, {"type": "Feature", "geometry": {"type": "Polygon", "coordinates": [[[-80.0938, 48.1417], [-80.0938, 48.1458], [-80.1, 48.1458], [-80.1, 48.1417], [-80.0938, 48.1417]]]}, "properties": {"company_id": "stardust-metal", "jurisdiction": "Ontario", "claim_id": "158684", "claim_name": null, "holder": "(100) STARDUST METAL CORP.", "status": "Active", "recorded_date": "2018-04-10", "anniversary_or_expiry": "2030-03-18", "area_ha": null, "tenure_type": "Boundary Cell Mining Claim", "source": "Ontario MLAS operational claims (OGSEarth / LIO MapServer). Unofficial viewing data, not legal title.", "as_of": "2026-09-20", "role": "focus", "color": "#e8b040"}}, {"type": "Feature", "geometry": {"type": "Polygon", "coordinates": [[[-80.1125, 48.1667], [-80.1125, 48.1708], [-80.1188, 48.1708], [-80.1188, 48.1667], [-80.1125, 48.1667]]]}, "properties": {"company_id": "stardust-metal", "jurisdiction": "Ontario", "claim_id": "158757", "claim_name": null, "holder": "(100) STARDUST METAL CORP.", "status": "Active", "recorded_date": "2018-04-10", "anniversary_or_expiry": "2030-12-03", "area_ha": null, "tenure_type": "Single Cell Mining Claim", "source": "Ontario MLAS operational claims (OGSEarth / LIO MapServer). Unofficial viewing data, not legal title.", "as_of": "2026-09-20", "role": "focus", "color": "#e8b040"}}, {"type": "Feature", "geometry": {"type": "Polygon", "coordinates": [[[-90.1875, 48.6542], [-90.1875, 48.6583], [-90.1938, 48.6583], [-90.1938, 48.6542], [-90.1875, 48.6542]]]}, "properties": {"company_id": "stardust-metal", "jurisdiction": "Ontario", "claim_id": "160519", "claim_name": null, "holder": "(100) STARDUST METAL CORP.", "status": "Active", "recorded_date": "2018-04-10", "anniversary_or_expiry": "2030-04-19", "area_ha": null, "tenure_type": "Single Cell Mining Claim", "source": "Ontario MLAS operational claims (OGSEarth / LIO MapServer). Unofficial viewing data, not legal title.", "as_of": "2026-09-20", "role": "focus", "color": "#e8b040"}}, {"type": "Feature", "geometry": {"type": "Polygon", "coordinates": [[[-89.7875, 48.5875], [-89.7875, 48.5917], [-89.7938, 48.5917], [-89.7938, 48.5875], [-89.7875, 48.5875]]]}, "properties": {"company_id": "stardust-metal", "jurisdiction": "Ontario", "claim_id": "159993", "claim_name": null, "holder": "(100) STARDUST METAL CORP.", "status": "Active", "recorded_date": "2018-04-10", "anniversary_or_expiry": "2030-06-02", "area_ha": null, "tenure_type": "Single Cell Mining Claim", "source": "Ontario MLAS operational claims (OGSEarth / LIO MapServer). Unofficial viewing data, not legal title.", "as_of": "2026-09-20", "role": "focus", "color": "#e8b040"}}, {"type": "Feature", "geometry": {"type": "Polygon", "coordinates": [[[-89.8, 48.5875], [-89.8, 48.5917], [-89.8063, 48.5917], [-89.8063, 48.5875], [-89.8, 48.5875]]]}, "properties": {"company_id": "stardust-metal", "jurisdiction": "Ontario", "claim_id": "159994", "claim_name": null, "holder": "(100) STARDUST METAL CORP.", "status": "Active", "recorded_date": "2018-04-10", "anniversary_or_expiry": "2030-06-02", "area_ha": null, "tenure_type": "Single Cell Mining Claim", "source": "Ontario MLAS operational claims (OGSEarth / LIO MapServer). Unofficial viewing data, not legal title.", "as_of": "2026-09-20", "role": "focus", "color": "#e8b040"}}, {"type": "Feature", "geometry": {"type": "Polygon", "coordinates": [[[-90.2375, 48.6667], [-90.2375, 48.6708], [-90.2438, 48.6708], [-90.2438, 48.6667], [-90.2375, 48.6667]]]}, "properties": {"company_id": "stardust-metal", "jurisdiction": "Ontario", "claim_id": "160585", "claim_name": null, "holder": "(100) STARDUST METAL CORP.", "status": "Active", "recorded_date": "2018-04-10", "anniversary_or_expiry": "2030-05-10", "area_ha": null, "tenure_type": "Single Cell Mining Claim", "source": "Ontario MLAS operational claims (OGSEarth / LIO MapServer). Unofficial viewing data, not legal title.", "as_of": "2026-09-20", "role": "focus", "color": "#e8b040"}}, {"type": "Feature", "geometry": {"type": "Polygon", "coordinates": [[[-90.1938, 48.625], [-90.1938, 48.6292], [-90.2, 48.6292], [-90.2, 48.625], [-90.1938, 48.625]]]}, "properties": {"company_id": "stardust-metal", "jurisdiction": "Ontario", "claim_id": "163893", "claim_name": null, "holder": "(100) STARDUST METAL CORP.", "status": "Active", "recorded_date": "2018-04-10", "anniversary_or_expiry": "2030-03-22", "area_ha": null, "tenure_type": "Single Cell Mining Claim", "source": "Ontario MLAS operational claims (OGSEarth / LIO MapServer). Unofficial viewing data, not legal title.", "as_of": "2026-09-20", "role": "focus", "color": "#e8b040"}}, {"type": "Feature", "geometry": {"type": "Polygon", "coordinates": [[[-90.2, 48.625], [-90.2, 48.6292], [-90.2063, 48.6292], [-90.2063, 48.625], [-90.2, 48.625]]]}, "properties": {"company_id": "stardust-metal", "jurisdiction": "Ontario", "claim_id": "163894", "claim_name": null, "holder": "(100) STARDUST METAL CORP.", "status": "Active", "recorded_date": "2018-04-10", "anniversary_or_expiry": "2030-03-22", "area_ha": null, "tenure_type": "Single Cell Mining Claim", "source": "Ontario MLAS operational claims (OGSEarth / LIO MapServer). Unofficial viewing data, not legal title.", "as_of": "2026-09-20", "role": "focus", "color": "#e8b040"}}, {"type": "Feature", "geometry": {"type": "Polygon", "coordinates": [[[-90.2438, 48.65], [-90.2438, 48.6542], [-90.25, 48.6542], [-90.25, 48.65], [-90.2438, 48.65]]]}, "properties": {"company_id": "stardust-metal", "jurisdiction": "Ontario", "claim_id": "163383", "claim_name": null, "holder": "(100) STARDUST METAL CORP.", "status": "Active", "recorded_date": "2018-04-10", "anniversary_or_expiry": "2030-09-11", "area_ha": null, "tenure_type": "Single Cell Mining Claim", "source": "Ontario MLAS operational claims (OGSEarth / LIO MapServer). Unofficial viewing data, not legal title.", "as_of": "2026-09-20", "role": "focus", "color": "#e8b040"}}, {"type": "Feature", "geometry": {"type": "Polygon", "coordinates": [[[-89.8063, 48.5792], [-89.8063, 48.5833], [-89.8125, 48.5833], [-89.8125, 48.5792], [-89.8063, 48.5792]]]}, "properties": {"company_id": "stardust-metal", "jurisdiction": "Ontario", "claim_id": "163408", "claim_name": null, "holder": "(100) STARDUST METAL CORP.", "status": "Active", "recorded_date": "2018-04-10", "anniversary_or_expiry": "2030-06-02", "area_ha": null, "tenure_type": "Single Cell Mining Claim", "source": "Ontario MLAS operational claims (OGSEarth / LIO MapServer). Unofficial viewing data, not legal title.", "as_of": "2026-09-20", "role": "focus", "color": "#e8b040"}}, {"type": "Feature", "geometry": {"type": "Polygon", "coordinates": [[[-89.8125, 48.5792], [-89.8125, 48.5833], [-89.8188, 48.5833], [-89.8188, 48.5792], [-89.8125, 48.5792]]]}, "properties": {"company_id": "stardust-metal", "jurisdiction": "Ontario", "claim_id": "163421", "claim_name": null, "holder": "(100) STARDUST METAL CORP.", "status": "Active", "recorded_date": "2018-04-10", "anniversary_or_expiry": "2030-06-02", "area_ha": null, "tenure_type": "Single Cell Mining Claim", "source": "Ontario MLAS operational claims (OGSEarth / LIO MapServer). Unofficial viewing data, not legal title.", "as_of": "2026-09-20", "role": "focus", "color": "#e8b040"}}, {"type": "Feature", "geometry": {"type": "Polygon", "coordinates": [[[-89.8375, 48.6083], [-89.8375, 48.6125], [-89.8438, 48.6125], [-89.8438, 48.6083], [-89.8375, 48.6083]]]}, "properties": {"company_id": "stardust-metal", "jurisdiction": "Ontario", "claim_id": "164047", "claim_name": null, "holder": "(100) STARDUST METAL CORP.", "status": "Active", "recorded_date": "2018-04-10", "anniversary_or_expiry": "2030-02-16", "area_ha": null, "tenure_type": "Single Cell Mining Claim", "source": "Ontario MLAS operational claims (OGSEarth / LIO MapServer). Unofficial viewing data, not legal title.", "as_of": "2026-09-20", "role": "focus", "color": "#e8b040"}}, {"type": "Feature", "geometry": {"type": "Polygon", "coordinates": [[[-90.2875, 48.6583], [-90.2875, 48.6625], [-90.2938, 48.6625], [-90.2938, 48.6583], [-90.2875, 48.6583]]]}, "properties": {"company_id": "stardust-metal", "jurisdiction": "Ontario", "claim_id": "165201", "claim_name": null, "holder": "(100) STARDUST METAL CORP.", "status": "Active", "recorded_date": "2018-04-10", "anniversary_or_expiry": "2030-02-17", "area_ha": null, "tenure_type": "Single Cell Mining Claim", "source": "Ontario MLAS operational claims (OGSEarth / LIO MapServer). Unofficial viewing data, not legal title.", "as_of": "2026-09-20", "role": "focus", "color": "#e8b040"}}, {"type": "Feature", "geometry": {"type": "Polygon", "coordinates": [[[-89.8563, 48.6125], [-89.8563, 48.6167], [-89.8625, 48.6167], [-89.8625, 48.6125], [-89.8563, 48.6125]]]}, "properties": {"company_id": "stardust-metal", "jurisdiction": "Ontario", "claim_id": "164802", "claim_name": null, "holder": "(100) STARDUST METAL CORP.", "status": "Active", "recorded_date": "2018-04-10", "anniversary_or_expiry": "2030-02-16", "area_ha": null, "tenure_type": "Single Cell Mining Claim", "source": "Ontario MLAS operational claims (OGSEarth / LIO MapServer). Unofficial viewing data, not legal title.", "as_of": "2026-09-20", "role": "focus", "color": "#e8b040"}}, {"type": "Feature", "geometry": {"type": "Polygon", "coordinates": [[[-90.2375, 48.6542], [-90.2375, 48.6583], [-90.2438, 48.6583], [-90.2438, 48.6542], [-90.2375, 48.6542]]]}, "properties": {"company_id": "stardust-metal", "jurisdiction": "Ontario", "claim_id": "168596", "claim_name": null, "holder": "(100) STARDUST METAL CORP.", "status": "Active", "recorded_date": "2018-04-10", "anniversary_or_expiry": "2030-09-11", "area_ha": null, "tenure_type": "Single Cell Mining Claim", "source": "Ontario MLAS operational claims (OGSEarth / LIO MapServer). Unofficial viewing data, not legal title.", "as_of": "2026-09-20", "role": "focus", "color": "#e8b040"}}, {"type": "Feature", "geometry": {"type": "Polygon", "coordinates": [[[-89.8188, 48.5833], [-89.8188, 48.5875], [-89.825, 48.5875], [-89.825, 48.5833], [-89.8188, 48.5833]]]}, "properties": {"company_id": "stardust-metal", "jurisdiction": "Ontario", "claim_id": "170630", "claim_name": null, "holder": "(100) STARDUST METAL CORP.", "status": "Active", "recorded_date": "2018-04-10", "anniversary_or_expiry": "2030-05-10", "area_ha": null, "tenure_type": "Single Cell Mining Claim", "source": "Ontario MLAS operational claims (OGSEarth / LIO MapServer). Unofficial viewing data, not legal title.", "as_of": "2026-09-20", "role": "focus", "color": "#e8b040"}}, {"type": "Feature", "geometry": {"type": "Polygon", "coordinates": [[[-89.8563, 48.6], [-89.8563, 48.6042], [-89.8625, 48.6042], [-89.8625, 48.6], [-89.8563, 48.6]]]}, "properties": {"company_id": "stardust-metal", "jurisdiction": "Ontario", "claim_id": "171244", "claim_name": null, "holder": "(100) STARDUST METAL CORP.", "status": "Active", "recorded_date": "2018-04-10", "anniversary_or_expiry": "2030-05-10", "area_ha": null, "tenure_type": "Single Cell Mining Claim", "source": "Ontario MLAS operational claims (OGSEarth / LIO MapServer). Unofficial viewing data, not legal title.", "as_of": "2026-09-20", "role": "focus", "color": "#e8b040"}}, {"type": "Feature", "geometry": {"type": "Polygon", "coordinates": [[[-89.8438, 48.5875], [-89.8438, 48.5917], [-89.85, 48.5917], [-89.85, 48.5875], [-89.8438, 48.5875]]]}, "properties": {"company_id": "stardust-metal", "jurisdiction": "Ontario", "claim_id": "169860", "claim_name": null, "holder": "(100) STARDUST METAL CORP.", "status": "Active", "recorded_date": "2018-04-10", "anniversary_or_expiry": "2030-05-10", "area_ha": null, "tenure_type": "Boundary Cell Mining Claim", "source": "Ontario MLAS operational claims (OGSEarth / LIO MapServer). Unofficial viewing data, not legal title.", "as_of": "2026-09-20", "role": "focus", "color": "#e8b040"}}, {"type": "Feature", "geometry": {"type": "Polygon", "coordinates": [[[-89.8438, 48.6], [-89.8438, 48.6042], [-89.85, 48.6042], [-89.85, 48.6], [-89.8438, 48.6]]]}, "properties": {"company_id": "stardust-metal", "jurisdiction": "Ontario", "claim_id": "171888", "claim_name": null, "holder": "(100) STARDUST METAL CORP.", "status": "Active", "recorded_date": "2018-04-10", "anniversary_or_expiry": "2030-05-10", "area_ha": null, "tenure_type": "Single Cell Mining Claim", "source": "Ontario MLAS operational claims (OGSEarth / LIO MapServer). Unofficial viewing data, not legal title.", "as_of": "2026-09-20", "role": "focus", "color": "#e8b040"}}, {"type": "Feature", "geometry": {"type": "Polygon", "coordinates": [[[-90.225, 48.6417], [-90.225, 48.6458], [-90.2313, 48.6458], [-90.2313, 48.6417], [-90.225, 48.6417]]]}, "properties": {"company_id": "stardust-metal", "jurisdiction": "Ontario", "claim_id": "172771", "claim_name": null, "holder": "(100) STARDUST METAL CORP.", "status": "Active", "recorded_date": "2018-04-10", "anniversary_or_expiry": "2030-12-23", "area_ha": null, "tenure_type": "Single Cell Mining Claim", "source": "Ontario MLAS operational claims (OGSEarth / LIO MapServer). Unofficial viewing data, not legal title.", "as_of": "2026-09-20", "role": "focus", "color": "#e8b040"}}, {"type": "Feature", "geometry": {"type": "Polygon", "coordinates": [[[-90.0563, 48.6208], [-90.0563, 48.625], [-90.0625, 48.625], [-90.0625, 48.6208], [-90.0563, 48.6208]]]}, "properties": {"company_id": "stardust-metal", "jurisdiction": "Ontario", "claim_id": "172873", "claim_name": null, "holder": "(100) STARDUST METAL CORP.", "status": "Active", "recorded_date": "2018-04-10", "anniversary_or_expiry": "2030-04-04", "area_ha": null, "tenure_type": "Single Cell Mining Claim", "source": "Ontario MLAS operational claims (OGSEarth / LIO MapServer). Unofficial viewing data, not legal title.", "as_of": "2026-09-20", "role": "focus", "color": "#e8b040"}}, {"type": "Feature", "geometry": {"type": "Polygon", "coordinates": [[[-90.2, 48.6458], [-90.2, 48.65], [-90.2063, 48.65], [-90.2063, 48.6458], [-90.2, 48.6458]]]}, "properties": {"company_id": "stardust-metal", "jurisdiction": "Ontario", "claim_id": "174234", "claim_name": null, "holder": "(100) STARDUST METAL CORP.", "status": "Active", "recorded_date": "2018-04-10", "anniversary_or_expiry": "2030-09-15", "area_ha": null, "tenure_type": "Single Cell Mining Claim", "source": "Ontario MLAS operational claims (OGSEarth / LIO MapServer). Unofficial viewing data, not legal title.", "as_of": "2026-09-20", "role": "focus", "color": "#e8b040"}}, {"type": "Feature", "geometry": {"type": "Polygon", "coordinates": [[[-90.1938, 48.6417], [-90.1938, 48.6458], [-90.2, 48.6458], [-90.2, 48.6417], [-90.1938, 48.6417]]]}, "properties": {"company_id": "stardust-metal", "jurisdiction": "Ontario", "claim_id": "175005", "claim_name": null, "holder": "(100) STARDUST METAL CORP.", "status": "Active", "recorded_date": "2018-04-10", "anniversary_or_expiry": "2030-04-19", "area_ha": null, "tenure_type": "Boundary Cell Mining Claim", "source": "Ontario MLAS operational claims (OGSEarth / LIO MapServer). Unofficial viewing data, not legal title.", "as_of": "2026-09-20", "role": "focus", "color": "#e8b040"}}, {"type": "Feature", "geometry": {"type": "Polygon", "coordinates": [[[-90.1938, 48.6292], [-90.1938, 48.6333], [-90.2, 48.6333], [-90.2, 48.6292], [-90.1938, 48.6292]]]}, "properties": {"company_id": "stardust-metal", "jurisdiction": "Ontario", "claim_id": "176086", "claim_name": null, "holder": "(100) STARDUST METAL CORP.", "status": "Active", "recorded_date": "2018-04-10", "anniversary_or_expiry": "2030-03-22", "area_ha": null, "tenure_type": "Single Cell Mining Claim", "source": "Ontario MLAS operational claims (OGSEarth / LIO MapServer). Unofficial viewing data, not legal title.", "as_of": "2026-09-20", "role": "focus", "color": "#e8b040"}}, {"type": "Feature", "geometry": {"type": "Polygon", "coordinates": [[[-90.2688, 48.6583], [-90.2688, 48.6625], [-90.275, 48.6625], [-90.275, 48.6583], [-90.2688, 48.6583]]]}, "properties": {"company_id": "stardust-metal", "jurisdiction": "Ontario", "claim_id": "176717", "claim_name": null, "holder": "(100) STARDUST METAL CORP.", "status": "Active", "recorded_date": "2018-04-10", "anniversary_or_expiry": "2030-02-17", "area_ha": null, "tenure_type": "Single Cell Mining Claim", "source": "Ontario MLAS operational claims (OGSEarth / LIO MapServer). Unofficial viewing data, not legal title.", "as_of": "2026-09-20", "role": "focus", "color": "#e8b040"}}, {"type": "Feature", "geometry": {"type": "Polygon", "coordinates": [[[-90.2688, 48.65], [-90.2688, 48.6542], [-90.275, 48.6542], [-90.275, 48.65], [-90.2688, 48.65]]]}, "properties": {"company_id": "stardust-metal", "jurisdiction": "Ontario", "claim_id": "176718", "claim_name": null, "holder": "(100) STARDUST METAL CORP.", "status": "Active", "recorded_date": "2018-04-10", "anniversary_or_expiry": "2030-02-17", "area_ha": null, "tenure_type": "Single Cell Mining Claim", "source": "Ontario MLAS operational claims (OGSEarth / LIO MapServer). Unofficial viewing data, not legal title.", "as_of": "2026-09-20", "role": "focus", "color": "#e8b040"}}, {"type": "Feature", "geometry": {"type": "Polygon", "coordinates": [[[-90.1375, 48.6375], [-90.1375, 48.6417], [-90.1438, 48.6417], [-90.1438, 48.6375], [-90.1375, 48.6375]]]}, "properties": {"company_id": "stardust-metal", "jurisdiction": "Ontario", "claim_id": "176809", "claim_name": null, "holder": "(100) STARDUST METAL CORP.", "status": "Active", "recorded_date": "2018-04-10", "anniversary_or_expiry": "2030-03-27", "area_ha": null, "tenure_type": "Single Cell Mining Claim", "source": "Ontario MLAS operational claims (OGSEarth / LIO MapServer). Unofficial viewing data, not legal title.", "as_of": "2026-09-20", "role": "focus", "color": "#e8b040"}}, {"type": "Feature", "geometry": {"type": "Polygon", "coordinates": [[[-90.2313, 48.6667], [-90.2313, 48.6708], [-90.2375, 48.6708], [-90.2375, 48.6667], [-90.2313, 48.6667]]]}, "properties": {"company_id": "stardust-metal", "jurisdiction": "Ontario", "claim_id": "176266", "claim_name": null, "holder": "(100) STARDUST METAL CORP.", "status": "Active", "recorded_date": "2018-04-10", "anniversary_or_expiry": "2030-05-10", "area_ha": null, "tenure_type": "Single Cell Mining Claim", "source": "Ontario MLAS operational claims (OGSEarth / LIO MapServer). Unofficial viewing data, not legal title.", "as_of": "2026-09-20", "role": "focus", "color": "#e8b040"}}, {"type": "Feature", "geometry": {"type": "Polygon", "coordinates": [[[-80.2313, 48.0792], [-80.2313, 48.0833], [-80.2375, 48.0833], [-80.2375, 48.0792], [-80.2313, 48.0792]]]}, "properties": {"company_id": "stardust-metal", "jurisdiction": "Ontario", "claim_id": "180303", "claim_name": null, "holder": "(100) STARDUST METAL CORP.", "status": "Active", "recorded_date": "2018-04-10", "anniversary_or_expiry": "2027-02-11", "area_ha": null, "tenure_type": "Single Cell Mining Claim", "source": "Ontario MLAS operational claims (OGSEarth / LIO MapServer). Unofficial viewing data, not legal title.", "as_of": "2026-09-20", "role": "focus", "color": "#e8b040"}}, {"type": "Feature", "geometry": {"type": "Polygon", "coordinates": [[[-90.3188, 48.6583], [-90.3188, 48.6625], [-90.325, 48.6625], [-90.325, 48.6583], [-90.3188, 48.6583]]]}, "properties": {"company_id": "stardust-metal", "jurisdiction": "Ontario", "claim_id": "186765", "claim_name": null, "holder": "(100) STARDUST METAL CORP.", "status": "Active", "recorded_date": "2018-04-10", "anniversary_or_expiry": "2030-02-17", "area_ha": null, "tenure_type": "Single Cell Mining Claim", "source": "Ontario MLAS operational claims (OGSEarth / LIO MapServer). Unofficial viewing data, not legal title.", "as_of": "2026-09-20", "role": "focus", "color": "#e8b040"}}, {"type": "Feature", "geometry": {"type": "Polygon", "coordinates": [[[-90.2938, 48.6542], [-90.2938, 48.6583], [-90.3, 48.6583], [-90.3, 48.6542], [-90.2938, 48.6542]]]}, "properties": {"company_id": "stardust-metal", "jurisdiction": "Ontario", "claim_id": "186766", "claim_name": null, "holder": "(100) STARDUST METAL CORP.", "status": "Active", "recorded_date": "2018-04-10", "anniversary_or_expiry": "2030-02-17", "area_ha": null, "tenure_type": "Single Cell Mining Claim", "source": "Ontario MLAS operational claims (OGSEarth / LIO MapServer). Unofficial viewing data, not legal title.", "as_of": "2026-09-20", "role": "focus", "color": "#e8b040"}}, {"type": "Feature", "geometry": {"type": "Polygon", "coordinates": [[[-90.3, 48.6542], [-90.3, 48.6583], [-90.3063, 48.6583], [-90.3063, 48.6542], [-90.3, 48.6542]]]}, "properties": {"company_id": "stardust-metal", "jurisdiction": "Ontario", "claim_id": "186767", "claim_name": null, "holder": "(100) STARDUST METAL CORP.", "status": "Active", "recorded_date": "2018-04-10", "anniversary_or_expiry": "2030-02-17", "area_ha": null, "tenure_type": "Single Cell Mining Claim", "source": "Ontario MLAS operational claims (OGSEarth / LIO MapServer). Unofficial viewing data, not legal title.", "as_of": "2026-09-20", "role": "focus", "color": "#e8b040"}}, {"type": "Feature", "geometry": {"type": "Polygon", "coordinates": [[[-90.2313, 48.6542], [-90.2313, 48.6583], [-90.2375, 48.6583], [-90.2375, 48.6542], [-90.2313, 48.6542]]]}, "properties": {"company_id": "stardust-metal", "jurisdiction": "Ontario", "claim_id": "187203", "claim_name": null, "holder": "(100) STARDUST METAL CORP.", "status": "Active", "recorded_date": "2018-04-10", "anniversary_or_expiry": "2030-03-24", "area_ha": null, "tenure_type": "Single Cell Mining Claim", "source": "Ontario MLAS operational claims (OGSEarth / LIO MapServer). Unofficial viewing data, not legal title.", "as_of": "2026-09-20", "role": "focus", "color": "#e8b040"}}, {"type": "Feature", "geometry": {"type": "Polygon", "coordinates": [[[-89.825, 48.5833], [-89.825, 48.5875], [-89.8313, 48.5875], [-89.8313, 48.5833], [-89.825, 48.5833]]]}, "properties": {"company_id": "stardust-metal", "jurisdiction": "Ontario", "claim_id": "189366", "claim_name": null, "holder": "(100) STARDUST METAL CORP.", "status": "Active", "recorded_date": "2018-04-10", "anniversary_or_expiry": "2030-05-10", "area_ha": null, "tenure_type": "Single Cell Mining Claim", "source": "Ontario MLAS operational claims (OGSEarth / LIO MapServer). Unofficial viewing data, not legal title.", "as_of": "2026-09-20", "role": "focus", "color": "#e8b040"}}, {"type": "Feature", "geometry": {"type": "Polygon", "coordinates": [[[-90.2875, 48.6625], [-90.2875, 48.6667], [-90.2938, 48.6667], [-90.2938, 48.6625], [-90.2875, 48.6625]]]}, "properties": {"company_id": "stardust-metal", "jurisdiction": "Ontario", "claim_id": "188239", "claim_name": null, "holder": "(100) STARDUST METAL CORP.", "status": "Active", "recorded_date": "2018-04-10", "anniversary_or_expiry": "2030-02-17", "area_ha": null, "tenure_type": "Single Cell Mining Claim", "source": "Ontario MLAS operational claims (OGSEarth / LIO MapServer). Unofficial viewing data, not legal title.", "as_of": "2026-09-20", "role": "focus", "color": "#e8b040"}}, {"type": "Feature", "geometry": {"type": "Polygon", "coordinates": [[[-90.2875, 48.6375], [-90.2875, 48.6417], [-90.2938, 48.6417], [-90.2938, 48.6375], [-90.2875, 48.6375]]]}, "properties": {"company_id": "stardust-metal", "jurisdiction": "Ontario", "claim_id": "190754", "claim_name": null, "holder": "(100) STARDUST METAL CORP.", "status": "Active", "recorded_date": "2018-04-10", "anniversary_or_expiry": "2030-10-15", "area_ha": null, "tenure_type": "Single Cell Mining Claim", "source": "Ontario MLAS operational claims (OGSEarth / LIO MapServer). Unofficial viewing data, not legal title.", "as_of": "2026-09-20", "role": "focus", "color": "#e8b040"}}, {"type": "Feature", "geometry": {"type": "Polygon", "coordinates": [[[-90.1875, 48.65], [-90.1875, 48.6542], [-90.1938, 48.6542], [-90.1938, 48.65], [-90.1875, 48.65]]]}, "properties": {"company_id": "stardust-metal", "jurisdiction": "Ontario", "claim_id": "193075", "claim_name": null, "holder": "(100) STARDUST METAL CORP.", "status": "Active", "recorded_date": "2018-04-10", "anniversary_or_expiry": "2030-04-19", "area_ha": null, "tenure_type": "Single Cell Mining Claim", "source": "Ontario MLAS operational claims (OGSEarth / LIO MapServer). Unofficial viewing data, not legal title.", "as_of": "2026-09-20", "role": "focus", "color": "#e8b040"}}, {"type": "Feature", "geometry": {"type": "Polygon", "coordinates": [[[-90.2063, 48.6583], [-90.2063, 48.6625], [-90.2125, 48.6625], [-90.2125, 48.6583], [-90.2063, 48.6583]]]}, "properties": {"company_id": "stardust-metal", "jurisdiction": "Ontario", "claim_id": "193654", "claim_name": null, "holder": "(100) STARDUST METAL CORP.", "status": "Active", "recorded_date": "2018-04-10", "anniversary_or_expiry": "2030-05-10", "area_ha": null, "tenure_type": "Single Cell Mining Claim", "source": "Ontario MLAS operational claims (OGSEarth / LIO MapServer). Unofficial viewing data, not legal title.", "as_of": "2026-09-20", "role": "focus", "color": "#e8b040"}}, {"type": "Feature", "geometry": {"type": "Polygon", "coordinates": [[[-90.2375, 48.6583], [-90.2375, 48.6625], [-90.2438, 48.6625], [-90.2438, 48.6583], [-90.2375, 48.6583]]]}, "properties": {"company_id": "stardust-metal", "jurisdiction": "Ontario", "claim_id": "193655", "claim_name": null, "holder": "(100) STARDUST METAL CORP.", "status": "Active", "recorded_date": "2018-04-10", "anniversary_or_expiry": "2030-05-10", "area_ha": null, "tenure_type": "Single Cell Mining Claim", "source": "Ontario MLAS operational claims (OGSEarth / LIO MapServer). Unofficial viewing data, not legal title.", "as_of": "2026-09-20", "role": "focus", "color": "#e8b040"}}, {"type": "Feature", "geometry": {"type": "Polygon", "coordinates": [[[-89.8438, 48.6125], [-89.8438, 48.6167], [-89.85, 48.6167], [-89.85, 48.6125], [-89.8438, 48.6125]]]}, "properties": {"company_id": "stardust-metal", "jurisdiction": "Ontario", "claim_id": "194066", "claim_name": null, "holder": "(100) STARDUST METAL CORP.", "status": "Active", "recorded_date": "2018-04-10", "anniversary_or_expiry": "2030-02-16", "area_ha": null, "tenure_type": "Single Cell Mining Claim", "source": "Ontario MLAS operational claims (OGSEarth / LIO MapServer). Unofficial viewing data, not legal title.", "as_of": "2026-09-20", "role": "focus", "color": "#e8b040"}}, {"type": "Feature", "geometry": {"type": "Polygon", "coordinates": [[[-90.2, 48.6583], [-90.2, 48.6625], [-90.2063, 48.6625], [-90.2063, 48.6583], [-90.2, 48.6583]]]}, "properties": {"company_id": "stardust-metal", "jurisdiction": "Ontario", "claim_id": "194598", "claim_name": null, "holder": "(100) STARDUST METAL CORP.", "status": "Active", "recorded_date": "2018-04-10", "anniversary_or_expiry": "2030-05-10", "area_ha": null, "tenure_type": "Single Cell Mining Claim", "source": "Ontario MLAS operational claims (OGSEarth / LIO MapServer). Unofficial viewing data, not legal title.", "as_of": "2026-09-20", "role": "focus", "color": "#e8b040"}}, {"type": "Feature", "geometry": {"type": "Polygon", "coordinates": [[[-90.2375, 48.6458], [-90.2375, 48.65], [-90.2438, 48.65], [-90.2438, 48.6458], [-90.2375, 48.6458]]]}, "properties": {"company_id": "stardust-metal", "jurisdiction": "Ontario", "claim_id": "196382", "claim_name": null, "holder": "(100) STARDUST METAL CORP.", "status": "Active", "recorded_date": "2018-04-10", "anniversary_or_expiry": "2030-12-23", "area_ha": null, "tenure_type": "Single Cell Mining Claim", "source": "Ontario MLAS operational claims (OGSEarth / LIO MapServer). Unofficial viewing data, not legal title.", "as_of": "2026-09-20", "role": "focus", "color": "#e8b040"}}, {"type": "Feature", "geometry": {"type": "Polygon", "coordinates": [[[-90.3188, 48.6542], [-90.3188, 48.6583], [-90.325, 48.6583], [-90.325, 48.6542], [-90.3188, 48.6542]]]}, "properties": {"company_id": "stardust-metal", "jurisdiction": "Ontario", "claim_id": "198975", "claim_name": null, "holder": "(100) STARDUST METAL CORP.", "status": "Active", "recorded_date": "2018-04-10", "anniversary_or_expiry": "2030-02-17", "area_ha": null, "tenure_type": "Single Cell Mining Claim", "source": "Ontario MLAS operational claims (OGSEarth / LIO MapServer). Unofficial viewing data, not legal title.", "as_of": "2026-09-20", "role": "focus", "color": "#e8b040"}}, {"type": "Feature", "geometry": {"type": "Polygon", "coordinates": [[[-90.1938, 48.6583], [-90.1938, 48.6625], [-90.2, 48.6625], [-90.2, 48.6583], [-90.1938, 48.6583]]]}, "properties": {"company_id": "stardust-metal", "jurisdiction": "Ontario", "claim_id": "201273", "claim_name": null, "holder": "(100) STARDUST METAL CORP.", "status": "Active", "recorded_date": "2018-04-10", "anniversary_or_expiry": "2030-04-19", "area_ha": null, "tenure_type": "Single Cell Mining Claim", "source": "Ontario MLAS operational claims (OGSEarth / LIO MapServer). Unofficial viewing data, not legal title.", "as_of": "2026-09-20", "role": "focus", "color": "#e8b040"}}, {"type": "Feature", "geometry": {"type": "Polygon", "coordinates": [[[-80.1625, 48.125], [-80.1625, 48.1292], [-80.1688, 48.1292], [-80.1688, 48.125], [-80.1625, 48.125]]]}, "properties": {"company_id": "stardust-metal", "jurisdiction": "Ontario", "claim_id": "201295", "claim_name": null, "holder": "(100) STARDUST METAL CORP.", "status": "Active", "recorded_date": "2018-04-10", "anniversary_or_expiry": "2030-04-13", "area_ha": null, "tenure_type": "Boundary Cell Mining Claim", "source": "Ontario MLAS operational claims (OGSEarth / LIO MapServer). Unofficial viewing data, not legal title.", "as_of": "2026-09-20", "role": "focus", "color": "#e8b040"}}, {"type": "Feature", "geometry": {"type": "Polygon", "coordinates": [[[-90.2813, 48.6667], [-90.2813, 48.6708], [-90.2875, 48.6708], [-90.2875, 48.6667], [-90.2813, 48.6667]]]}, "properties": {"company_id": "stardust-metal", "jurisdiction": "Ontario", "claim_id": "200441", "claim_name": null, "holder": "(100) STARDUST METAL CORP.", "status": "Active", "recorded_date": "2018-04-10", "anniversary_or_expiry": "2030-02-17", "area_ha": null, "tenure_type": "Single Cell Mining Claim", "source": "Ontario MLAS operational claims (OGSEarth / LIO MapServer). Unofficial viewing data, not legal title.", "as_of": "2026-09-20", "role": "focus", "color": "#e8b040"}}, {"type": "Feature", "geometry": {"type": "Polygon", "coordinates": [[[-90.2875, 48.6667], [-90.2875, 48.6708], [-90.2938, 48.6708], [-90.2938, 48.6667], [-90.2875, 48.6667]]]}, "properties": {"company_id": "stardust-metal", "jurisdiction": "Ontario", "claim_id": "200442", "claim_name": null, "holder": "(100) STARDUST METAL CORP.", "status": "Active", "recorded_date": "2018-04-10", "anniversary_or_expiry": "2030-02-17", "area_ha": null, "tenure_type": "Single Cell Mining Claim", "source": "Ontario MLAS operational claims (OGSEarth / LIO MapServer). Unofficial viewing data, not legal title.", "as_of": "2026-09-20", "role": "focus", "color": "#e8b040"}}, {"type": "Feature", "geometry": {"type": "Polygon", "coordinates": [[[-90.2688, 48.6625], [-90.2688, 48.6667], [-90.275, 48.6667], [-90.275, 48.6625], [-90.2688, 48.6625]]]}, "properties": {"company_id": "stardust-metal", "jurisdiction": "Ontario", "claim_id": "200443", "claim_name": null, "holder": "(100) STARDUST METAL CORP.", "status": "Active", "recorded_date": "2018-04-10", "anniversary_or_expiry": "2030-02-17", "area_ha": null, "tenure_type": "Single Cell Mining Claim", "source": "Ontario MLAS operational claims (OGSEarth / LIO MapServer). Unofficial viewing data, not legal title.", "as_of": "2026-09-20", "role": "focus", "color": "#e8b040"}}, {"type": "Feature", "geometry": {"type": "Polygon", "coordinates": [[[-80.2375, 48.0792], [-80.2375, 48.0833], [-80.2438, 48.0833], [-80.2438, 48.0792], [-80.2375, 48.0792]]]}, "properties": {"company_id": "stardust-metal", "jurisdiction": "Ontario", "claim_id": "200471", "claim_name": null, "holder": "(100) STARDUST METAL CORP.", "status": "Active", "recorded_date": "2018-04-10", "anniversary_or_expiry": "2027-02-11", "area_ha": null, "tenure_type": "Single Cell Mining Claim", "source": "Ontario MLAS operational claims (OGSEarth / LIO MapServer). Unofficial viewing data, not legal title.", "as_of": "2026-09-20", "role": "focus", "color": "#e8b040"}}, {"type": "Feature", "geometry": {"type": "Polygon", "coordinates": [[[-90.2938, 48.6458], [-90.2938, 48.65], [-90.3, 48.65], [-90.3, 48.6458], [-90.2938, 48.6458]]]}, "properties": {"company_id": "stardust-metal", "jurisdiction": "Ontario", "claim_id": "202889", "claim_name": null, "holder": "(100) STARDUST METAL CORP.", "status": "Active", "recorded_date": "2018-04-10", "anniversary_or_expiry": "2030-10-15", "area_ha": null, "tenure_type": "Single Cell Mining Claim", "source": "Ontario MLAS operational claims (OGSEarth / LIO MapServer). Unofficial viewing data, not legal title.", "as_of": "2026-09-20", "role": "focus", "color": "#e8b040"}}, {"type": "Feature", "geometry": {"type": "Polygon", "coordinates": [[[-90.2938, 48.6417], [-90.2938, 48.6458], [-90.3, 48.6458], [-90.3, 48.6417], [-90.2938, 48.6417]]]}, "properties": {"company_id": "stardust-metal", "jurisdiction": "Ontario", "claim_id": "202890", "claim_name": null, "holder": "(100) STARDUST METAL CORP.", "status": "Active", "recorded_date": "2018-04-10", "anniversary_or_expiry": "2030-10-15", "area_ha": null, "tenure_type": "Single Cell Mining Claim", "source": "Ontario MLAS operational claims (OGSEarth / LIO MapServer). Unofficial viewing data, not legal title.", "as_of": "2026-09-20", "role": "focus", "color": "#e8b040"}}, {"type": "Feature", "geometry": {"type": "Polygon", "coordinates": [[[-80.25, 48.0792], [-80.25, 48.0833], [-80.2563, 48.0833], [-80.2563, 48.0792], [-80.25, 48.0792]]]}, "properties": {"company_id": "stardust-metal", "jurisdiction": "Ontario", "claim_id": "203163", "claim_name": null, "holder": "(100) STARDUST METAL CORP.", "status": "Active", "recorded_date": "2018-04-10", "anniversary_or_expiry": "2027-02-11", "area_ha": null, "tenure_type": "Single Cell Mining Claim", "source": "Ontario MLAS operational claims (OGSEarth / LIO MapServer). Unofficial viewing data, not legal title.", "as_of": "2026-09-20", "role": "focus", "color": "#e8b040"}}, {"type": "Feature", "geometry": {"type": "Polygon", "coordinates": [[[-90.2438, 48.6583], [-90.2438, 48.6625], [-90.25, 48.6625], [-90.25, 48.6583], [-90.2438, 48.6583]]]}, "properties": {"company_id": "stardust-metal", "jurisdiction": "Ontario", "claim_id": "202676", "claim_name": null, "holder": "(100) STARDUST METAL CORP.", "status": "Active", "recorded_date": "2018-04-10", "anniversary_or_expiry": "2030-04-19", "area_ha": null, "tenure_type": "Single Cell Mining Claim", "source": "Ontario MLAS operational claims (OGSEarth / LIO MapServer). Unofficial viewing data, not legal title.", "as_of": "2026-09-20", "role": "focus", "color": "#e8b040"}}, {"type": "Feature", "geometry": {"type": "Polygon", "coordinates": [[[-90.2, 48.65], [-90.2, 48.6542], [-90.2063, 48.6542], [-90.2063, 48.65], [-90.2, 48.65]]]}, "properties": {"company_id": "stardust-metal", "jurisdiction": "Ontario", "claim_id": "204310", "claim_name": null, "holder": "(100) STARDUST METAL CORP.", "status": "Active", "recorded_date": "2018-04-10", "anniversary_or_expiry": "2030-09-15", "area_ha": null, "tenure_type": "Single Cell Mining Claim", "source": "Ontario MLAS operational claims (OGSEarth / LIO MapServer). Unofficial viewing data, not legal title.", "as_of": "2026-09-20", "role": "focus", "color": "#e8b040"}}, {"type": "Feature", "geometry": {"type": "Polygon", "coordinates": [[[-90.2688, 48.6667], [-90.2688, 48.6708], [-90.275, 48.6708], [-90.275, 48.6667], [-90.2688, 48.6667]]]}, "properties": {"company_id": "stardust-metal", "jurisdiction": "Ontario", "claim_id": "207767", "claim_name": null, "holder": "(100) STARDUST METAL CORP.", "status": "Active", "recorded_date": "2018-04-10", "anniversary_or_expiry": "2030-02-17", "area_ha": null, "tenure_type": "Single Cell Mining Claim", "source": "Ontario MLAS operational claims (OGSEarth / LIO MapServer). Unofficial viewing data, not legal title.", "as_of": "2026-09-20", "role": "focus", "color": "#e8b040"}}, {"type": "Feature", "geometry": {"type": "Polygon", "coordinates": [[[-90.2813, 48.6625], [-90.2813, 48.6667], [-90.2875, 48.6667], [-90.2875, 48.6625], [-90.2813, 48.6625]]]}, "properties": {"company_id": "stardust-metal", "jurisdiction": "Ontario", "claim_id": "207768", "claim_name": null, "holder": "(100) STARDUST METAL CORP.", "status": "Active", "recorded_date": "2018-04-10", "anniversary_or_expiry": "2030-02-17", "area_ha": null, "tenure_type": "Single Cell Mining Claim", "source": "Ontario MLAS operational claims (OGSEarth / LIO MapServer). Unofficial viewing data, not legal title.", "as_of": "2026-09-20", "role": "focus", "color": "#e8b040"}}, {"type": "Feature", "geometry": {"type": "Polygon", "coordinates": [[[-80.2375, 48.0875], [-80.2375, 48.0917], [-80.2438, 48.0917], [-80.2438, 48.0875], [-80.2375, 48.0875]]]}, "properties": {"company_id": "stardust-metal", "jurisdiction": "Ontario", "claim_id": "207795", "claim_name": null, "holder": "(100) STARDUST METAL CORP.", "status": "Active", "recorded_date": "2018-04-10", "anniversary_or_expiry": "2027-02-11", "area_ha": null, "tenure_type": "Single Cell Mining Claim", "source": "Ontario MLAS operational claims (OGSEarth / LIO MapServer). Unofficial viewing data, not legal title.", "as_of": "2026-09-20", "role": "focus", "color": "#e8b040"}}, {"type": "Feature", "geometry": {"type": "Polygon", "coordinates": [[[-80.125, 48.1208], [-80.125, 48.125], [-80.1313, 48.125], [-80.1313, 48.1208], [-80.125, 48.1208]]]}, "properties": {"company_id": "stardust-metal", "jurisdiction": "Ontario", "claim_id": "207983", "claim_name": null, "holder": "(100) STARDUST METAL CORP.", "status": "Active", "recorded_date": "2018-04-10", "anniversary_or_expiry": "2030-02-11", "area_ha": null, "tenure_type": "Single Cell Mining Claim", "source": "Ontario MLAS operational claims (OGSEarth / LIO MapServer). Unofficial viewing data, not legal title.", "as_of": "2026-09-20", "role": "focus", "color": "#e8b040"}}, {"type": "Feature", "geometry": {"type": "Polygon", "coordinates": [[[-80.2625, 48.0875], [-80.2625, 48.0917], [-80.2688, 48.0917], [-80.2688, 48.0875], [-80.2625, 48.0875]]]}, "properties": {"company_id": "stardust-metal", "jurisdiction": "Ontario", "claim_id": "210473", "claim_name": null, "holder": "(100) STARDUST METAL CORP.", "status": "Active", "recorded_date": "2018-04-10", "anniversary_or_expiry": "2027-02-11", "area_ha": null, "tenure_type": "Single Cell Mining Claim", "source": "Ontario MLAS operational claims (OGSEarth / LIO MapServer). Unofficial viewing data, not legal title.", "as_of": "2026-09-20", "role": "focus", "color": "#e8b040"}}, {"type": "Feature", "geometry": {"type": "Polygon", "coordinates": [[[-80.2438, 48.0792], [-80.2438, 48.0833], [-80.25, 48.0833], [-80.25, 48.0792], [-80.2438, 48.0792]]]}, "properties": {"company_id": "stardust-metal", "jurisdiction": "Ontario", "claim_id": "210486", "claim_name": null, "holder": "(100) STARDUST METAL CORP.", "status": "Active", "recorded_date": "2018-04-10", "anniversary_or_expiry": "2027-02-11", "area_ha": null, "tenure_type": "Single Cell Mining Claim", "source": "Ontario MLAS operational claims (OGSEarth / LIO MapServer). Unofficial viewing data, not legal title.", "as_of": "2026-09-20", "role": "focus", "color": "#e8b040"}}, {"type": "Feature", "geometry": {"type": "Polygon", "coordinates": [[[-89.825, 48.5958], [-89.825, 48.6], [-89.8313, 48.6], [-89.8313, 48.5958], [-89.825, 48.5958]]]}, "properties": {"company_id": "stardust-metal", "jurisdiction": "Ontario", "claim_id": "209386", "claim_name": null, "holder": "(100) STARDUST METAL CORP.", "status": "Active", "recorded_date": "2018-04-10", "anniversary_or_expiry": "2030-05-10", "area_ha": null, "tenure_type": "Single Cell Mining Claim", "source": "Ontario MLAS operational claims (OGSEarth / LIO MapServer). Unofficial viewing data, not legal title.", "as_of": "2026-09-20", "role": "focus", "color": "#e8b040"}}, {"type": "Feature", "geometry": {"type": "Polygon", "coordinates": [[[-90.2438, 48.6625], [-90.2438, 48.6667], [-90.25, 48.6667], [-90.25, 48.6625], [-90.2438, 48.6625]]]}, "properties": {"company_id": "stardust-metal", "jurisdiction": "Ontario", "claim_id": "210710", "claim_name": null, "holder": "(100) STARDUST METAL CORP.", "status": "Active", "recorded_date": "2018-04-10", "anniversary_or_expiry": "2030-04-19", "area_ha": null, "tenure_type": "Single Cell Mining Claim", "source": "Ontario MLAS operational claims (OGSEarth / LIO MapServer). Unofficial viewing data, not legal title.", "as_of": "2026-09-20", "role": "focus", "color": "#e8b040"}}, {"type": "Feature", "geometry": {"type": "Polygon", "coordinates": [[[-90.2563, 48.6625], [-90.2563, 48.6667], [-90.2625, 48.6667], [-90.2625, 48.6625], [-90.2563, 48.6625]]]}, "properties": {"company_id": "stardust-metal", "jurisdiction": "Ontario", "claim_id": "210711", "claim_name": null, "holder": "(100) STARDUST METAL CORP.", "status": "Active", "recorded_date": "2018-04-10", "anniversary_or_expiry": "2030-04-19", "area_ha": null, "tenure_type": "Single Cell Mining Claim", "source": "Ontario MLAS operational claims (OGSEarth / LIO MapServer). Unofficial viewing data, not legal title.", "as_of": "2026-09-20", "role": "focus", "color": "#e8b040"}}, {"type": "Feature", "geometry": {"type": "Polygon", "coordinates": [[[-90.2063, 48.6542], [-90.2063, 48.6583], [-90.2125, 48.6583], [-90.2125, 48.6542], [-90.2063, 48.6542]]]}, "properties": {"company_id": "stardust-metal", "jurisdiction": "Ontario", "claim_id": "212527", "claim_name": null, "holder": "(100) STARDUST METAL CORP.", "status": "Active", "recorded_date": "2018-04-10", "anniversary_or_expiry": "2030-09-11", "area_ha": null, "tenure_type": "Single Cell Mining Claim", "source": "Ontario MLAS operational claims (OGSEarth / LIO MapServer). Unofficial viewing data, not legal title.", "as_of": "2026-09-20", "role": "focus", "color": "#e8b040"}}, {"type": "Feature", "geometry": {"type": "Polygon", "coordinates": [[[-89.8438, 48.6083], [-89.8438, 48.6125], [-89.85, 48.6125], [-89.85, 48.6083], [-89.8438, 48.6083]]]}, "properties": {"company_id": "stardust-metal", "jurisdiction": "Ontario", "claim_id": "211401", "claim_name": null, "holder": "(100) STARDUST METAL CORP.", "status": "Active", "recorded_date": "2018-04-10", "anniversary_or_expiry": "2030-02-16", "area_ha": null, "tenure_type": "Single Cell Mining Claim", "source": "Ontario MLAS operational claims (OGSEarth / LIO MapServer). Unofficial viewing data, not legal title.", "as_of": "2026-09-20", "role": "focus", "color": "#e8b040"}}, {"type": "Feature", "geometry": {"type": "Polygon", "coordinates": [[[-89.8, 48.5833], [-89.8, 48.5875], [-89.8063, 48.5875], [-89.8063, 48.5833], [-89.8, 48.5833]]]}, "properties": {"company_id": "stardust-metal", "jurisdiction": "Ontario", "claim_id": "212643", "claim_name": null, "holder": "(100) STARDUST METAL CORP.", "status": "Active", "recorded_date": "2018-04-10", "anniversary_or_expiry": "2030-06-02", "area_ha": null, "tenure_type": "Single Cell Mining Claim", "source": "Ontario MLAS operational claims (OGSEarth / LIO MapServer). Unofficial viewing data, not legal title.", "as_of": "2026-09-20", "role": "focus", "color": "#e8b040"}}, {"type": "Feature", "geometry": {"type": "Polygon", "coordinates": [[[-80.1438, 48.0625], [-80.1438, 48.0667], [-80.15, 48.0667], [-80.15, 48.0625], [-80.1438, 48.0625]]]}, "properties": {"company_id": "stardust-metal", "jurisdiction": "Ontario", "claim_id": "217398", "claim_name": null, "holder": "(100) STARDUST METAL CORP.", "status": "Active", "recorded_date": "2018-04-10", "anniversary_or_expiry": "2029-01-08", "area_ha": null, "tenure_type": "Boundary Cell Mining Claim", "source": "Ontario MLAS operational claims (OGSEarth / LIO MapServer). Unofficial viewing data, not legal title.", "as_of": "2026-09-20", "role": "focus", "color": "#e8b040"}}, {"type": "Feature", "geometry": {"type": "Polygon", "coordinates": [[[-80.1375, 48.1542], [-80.1375, 48.1583], [-80.1438, 48.1583], [-80.1438, 48.1542], [-80.1375, 48.1542]]]}, "properties": {"company_id": "stardust-metal", "jurisdiction": "Ontario", "claim_id": "216853", "claim_name": null, "holder": "(100) STARDUST METAL CORP.", "status": "Active", "recorded_date": "2018-04-10", "anniversary_or_expiry": "2030-06-01", "area_ha": null, "tenure_type": "Boundary Cell Mining Claim", "source": "Ontario MLAS operational claims (OGSEarth / LIO MapServer). Unofficial viewing data, not legal title.", "as_of": "2026-09-20", "role": "focus", "color": "#e8b040"}}, {"type": "Feature", "geometry": {"type": "Polygon", "coordinates": [[[-80.1313, 48.1083], [-80.1313, 48.1125], [-80.1375, 48.1125], [-80.1375, 48.1083], [-80.1313, 48.1083]]]}, "properties": {"company_id": "stardust-metal", "jurisdiction": "Ontario", "claim_id": "219049", "claim_name": null, "holder": "(100) STARDUST METAL CORP.", "status": "Active", "recorded_date": "2018-04-10", "anniversary_or_expiry": "2030-10-23", "area_ha": null, "tenure_type": "Boundary Cell Mining Claim", "source": "Ontario MLAS operational claims (OGSEarth / LIO MapServer). Unofficial viewing data, not legal title.", "as_of": "2026-09-20", "role": "focus", "color": "#e8b040"}}, {"type": "Feature", "geometry": {"type": "Polygon", "coordinates": [[[-89.8375, 48.5875], [-89.8375, 48.5917], [-89.8438, 48.5917], [-89.8438, 48.5875], [-89.8375, 48.5875]]]}, "properties": {"company_id": "stardust-metal", "jurisdiction": "Ontario", "claim_id": "219195", "claim_name": null, "holder": "(100) STARDUST METAL CORP.", "status": "Active", "recorded_date": "2018-04-10", "anniversary_or_expiry": "2030-05-10", "area_ha": null, "tenure_type": "Single Cell Mining Claim", "source": "Ontario MLAS operational claims (OGSEarth / LIO MapServer). Unofficial viewing data, not legal title.", "as_of": "2026-09-20", "role": "focus", "color": "#e8b040"}}, {"type": "Feature", "geometry": {"type": "Polygon", "coordinates": [[[-90.2188, 48.6417], [-90.2188, 48.6458], [-90.225, 48.6458], [-90.225, 48.6417], [-90.2188, 48.6417]]]}, "properties": {"company_id": "stardust-metal", "jurisdiction": "Ontario", "claim_id": "218092", "claim_name": null, "holder": "(100) STARDUST METAL CORP.", "status": "Active", "recorded_date": "2018-04-10", "anniversary_or_expiry": "2030-02-26", "area_ha": null, "tenure_type": "Single Cell Mining Claim", "source": "Ontario MLAS operational claims (OGSEarth / LIO MapServer). Unofficial viewing data, not legal title.", "as_of": "2026-09-20", "role": "focus", "color": "#e8b040"}}, {"type": "Feature", "geometry": {"type": "Polygon", "coordinates": [[[-90.0563, 48.6333], [-90.0563, 48.6375], [-90.0625, 48.6375], [-90.0625, 48.6333], [-90.0563, 48.6333]]]}, "properties": {"company_id": "stardust-metal", "jurisdiction": "Ontario", "claim_id": "219360", "claim_name": null, "holder": "(100) STARDUST METAL CORP.", "status": "Active", "recorded_date": "2018-04-10", "anniversary_or_expiry": "2030-04-04", "area_ha": null, "tenure_type": "Single Cell Mining Claim", "source": "Ontario MLAS operational claims (OGSEarth / LIO MapServer). Unofficial viewing data, not legal title.", "as_of": "2026-09-20", "role": "focus", "color": "#e8b040"}}, {"type": "Feature", "geometry": {"type": "Polygon", "coordinates": [[[-89.825, 48.5875], [-89.825, 48.5917], [-89.8313, 48.5917], [-89.8313, 48.5875], [-89.825, 48.5875]]]}, "properties": {"company_id": "stardust-metal", "jurisdiction": "Ontario", "claim_id": "220180", "claim_name": null, "holder": "(100) STARDUST METAL CORP.", "status": "Active", "recorded_date": "2018-04-10", "anniversary_or_expiry": "2030-05-10", "area_ha": null, "tenure_type": "Single Cell Mining Claim", "source": "Ontario MLAS operational claims (OGSEarth / LIO MapServer). Unofficial viewing data, not legal title.", "as_of": "2026-09-20", "role": "focus", "color": "#e8b040"}}, {"type": "Feature", "geometry": {"type": "Polygon", "coordinates": [[[-90.1938, 48.6625], [-90.1938, 48.6667], [-90.2, 48.6667], [-90.2, 48.6625], [-90.1938, 48.6625]]]}, "properties": {"company_id": "stardust-metal", "jurisdiction": "Ontario", "claim_id": "220830", "claim_name": null, "holder": "(100) STARDUST METAL CORP.", "status": "Active", "recorded_date": "2018-04-10", "anniversary_or_expiry": "2030-04-19", "area_ha": null, "tenure_type": "Single Cell Mining Claim", "source": "Ontario MLAS operational claims (OGSEarth / LIO MapServer). Unofficial viewing data, not legal title.", "as_of": "2026-09-20", "role": "focus", "color": "#e8b040"}}, {"type": "Feature", "geometry": {"type": "Polygon", "coordinates": [[[-89.8375, 48.5958], [-89.8375, 48.6], [-89.8438, 48.6], [-89.8438, 48.5958], [-89.8375, 48.5958]]]}, "properties": {"company_id": "stardust-metal", "jurisdiction": "Ontario", "claim_id": "221433", "claim_name": null, "holder": "(100) STARDUST METAL CORP.", "status": "Active", "recorded_date": "2018-04-10", "anniversary_or_expiry": "2030-05-10", "area_ha": null, "tenure_type": "Single Cell Mining Claim", "source": "Ontario MLAS operational claims (OGSEarth / LIO MapServer). Unofficial viewing data, not legal title.", "as_of": "2026-09-20", "role": "focus", "color": "#e8b040"}}, {"type": "Feature", "geometry": {"type": "Polygon", "coordinates": [[[-80.2125, 48.0833], [-80.2125, 48.0875], [-80.2188, 48.0875], [-80.2188, 48.0833], [-80.2125, 48.0833]]]}, "properties": {"company_id": "stardust-metal", "jurisdiction": "Ontario", "claim_id": "223033", "claim_name": null, "holder": "(100) STARDUST METAL CORP.", "status": "Active", "recorded_date": "2018-04-10", "anniversary_or_expiry": "2027-02-11", "area_ha": null, "tenure_type": "Single Cell Mining Claim", "source": "Ontario MLAS operational claims (OGSEarth / LIO MapServer). Unofficial viewing data, not legal title.", "as_of": "2026-09-20", "role": "focus", "color": "#e8b040"}}, {"type": "Feature", "geometry": {"type": "Polygon", "coordinates": [[[-80.2313, 48.0917], [-80.2313, 48.0958], [-80.2375, 48.0958], [-80.2375, 48.0917], [-80.2313, 48.0917]]]}, "properties": {"company_id": "stardust-metal", "jurisdiction": "Ontario", "claim_id": "223073", "claim_name": null, "holder": "(100) STARDUST METAL CORP.", "status": "Active", "recorded_date": "2018-04-10", "anniversary_or_expiry": "2027-02-11", "area_ha": null, "tenure_type": "Boundary Cell Mining Claim", "source": "Ontario MLAS operational claims (OGSEarth / LIO MapServer). Unofficial viewing data, not legal title.", "as_of": "2026-09-20", "role": "focus", "color": "#e8b040"}}, {"type": "Feature", "geometry": {"type": "Polygon", "coordinates": [[[-90.25, 48.65], [-90.25, 48.6542], [-90.2563, 48.6542], [-90.2563, 48.65], [-90.25, 48.65]]]}, "properties": {"company_id": "stardust-metal", "jurisdiction": "Ontario", "claim_id": "222744", "claim_name": null, "holder": "(100) STARDUST METAL CORP.", "status": "Active", "recorded_date": "2018-04-10", "anniversary_or_expiry": "2030-09-11", "area_ha": null, "tenure_type": "Single Cell Mining Claim", "source": "Ontario MLAS operational claims (OGSEarth / LIO MapServer). Unofficial viewing data, not legal title.", "as_of": "2026-09-20", "role": "focus", "color": "#e8b040"}}, {"type": "Feature", "geometry": {"type": "Polygon", "coordinates": [[[-90.2625, 48.6542], [-90.2625, 48.6583], [-90.2688, 48.6583], [-90.2688, 48.6542], [-90.2625, 48.6542]]]}, "properties": {"company_id": "stardust-metal", "jurisdiction": "Ontario", "claim_id": "223301", "claim_name": null, "holder": "(100) STARDUST METAL CORP.", "status": "Active", "recorded_date": "2018-04-10", "anniversary_or_expiry": "2030-04-19", "area_ha": null, "tenure_type": "Single Cell Mining Claim", "source": "Ontario MLAS operational claims (OGSEarth / LIO MapServer). Unofficial viewing data, not legal title.", "as_of": "2026-09-20", "role": "focus", "color": "#e8b040"}}, {"type": "Feature", "geometry": {"type": "Polygon", "coordinates": [[[-90.2313, 48.6417], [-90.2313, 48.6458], [-90.2375, 48.6458], [-90.2375, 48.6417], [-90.2313, 48.6417]]]}, "properties": {"company_id": "stardust-metal", "jurisdiction": "Ontario", "claim_id": "224142", "claim_name": null, "holder": "(100) STARDUST METAL CORP.", "status": "Active", "recorded_date": "2018-04-10", "anniversary_or_expiry": "2030-12-23", "area_ha": null, "tenure_type": "Single Cell Mining Claim", "source": "Ontario MLAS operational claims (OGSEarth / LIO MapServer). Unofficial viewing data, not legal title.", "as_of": "2026-09-20", "role": "focus", "color": "#e8b040"}}, {"type": "Feature", "geometry": {"type": "Polygon", "coordinates": [[[-80.1625, 48.1042], [-80.1625, 48.1083], [-80.1688, 48.1083], [-80.1688, 48.1042], [-80.1625, 48.1042]]]}, "properties": {"company_id": "stardust-metal", "jurisdiction": "Ontario", "claim_id": "226505", "claim_name": null, "holder": "(100) STARDUST METAL CORP.", "status": "Active", "recorded_date": "2018-04-10", "anniversary_or_expiry": "2030-06-21", "area_ha": null, "tenure_type": "Boundary Cell Mining Claim", "source": "Ontario MLAS operational claims (OGSEarth / LIO MapServer). Unofficial viewing data, not legal title.", "as_of": "2026-09-20", "role": "focus", "color": "#e8b040"}}, {"type": "Feature", "geometry": {"type": "Polygon", "coordinates": [[[-89.7938, 48.5875], [-89.7938, 48.5917], [-89.8, 48.5917], [-89.8, 48.5875], [-89.7938, 48.5875]]]}, "properties": {"company_id": "stardust-metal", "jurisdiction": "Ontario", "claim_id": "224707", "claim_name": null, "holder": "(100) STARDUST METAL CORP.", "status": "Active", "recorded_date": "2018-04-10", "anniversary_or_expiry": "2030-06-02", "area_ha": null, "tenure_type": "Single Cell Mining Claim", "source": "Ontario MLAS operational claims (OGSEarth / LIO MapServer). Unofficial viewing data, not legal title.", "as_of": "2026-09-20", "role": "focus", "color": "#e8b040"}}, {"type": "Feature", "geometry": {"type": "Polygon", "coordinates": [[[-90.1938, 48.65], [-90.1938, 48.6542], [-90.2, 48.6542], [-90.2, 48.65], [-90.1938, 48.65]]]}, "properties": {"company_id": "stardust-metal", "jurisdiction": "Ontario", "claim_id": "227230", "claim_name": null, "holder": "(100) STARDUST METAL CORP.", "status": "Active", "recorded_date": "2018-04-10", "anniversary_or_expiry": "2030-09-15", "area_ha": null, "tenure_type": "Single Cell Mining Claim", "source": "Ontario MLAS operational claims (OGSEarth / LIO MapServer). Unofficial viewing data, not legal title.", "as_of": "2026-09-20", "role": "focus", "color": "#e8b040"}}, {"type": "Feature", "geometry": {"type": "Polygon", "coordinates": [[[-90.0625, 48.6208], [-90.0625, 48.625], [-90.0688, 48.625], [-90.0688, 48.6208], [-90.0625, 48.6208]]]}, "properties": {"company_id": "stardust-metal", "jurisdiction": "Ontario", "claim_id": "227495", "claim_name": null, "holder": "(100) STARDUST METAL CORP.", "status": "Active", "recorded_date": "2018-04-10", "anniversary_or_expiry": "2030-04-04", "area_ha": null, "tenure_type": "Single Cell Mining Claim", "source": "Ontario MLAS operational claims (OGSEarth / LIO MapServer). Unofficial viewing data, not legal title.", "as_of": "2026-09-20", "role": "focus", "color": "#e8b040"}}, {"type": "Feature", "geometry": {"type": "Polygon", "coordinates": [[[-90.1875, 48.6333], [-90.1875, 48.6375], [-90.1938, 48.6375], [-90.1938, 48.6333], [-90.1875, 48.6333]]]}, "properties": {"company_id": "stardust-metal", "jurisdiction": "Ontario", "claim_id": "231191", "claim_name": null, "holder": "(100) STARDUST METAL CORP.", "status": "Active", "recorded_date": "2018-04-10", "anniversary_or_expiry": "2030-03-22", "area_ha": null, "tenure_type": "Boundary Cell Mining Claim", "source": "Ontario MLAS operational claims (OGSEarth / LIO MapServer). Unofficial viewing data, not legal title.", "as_of": "2026-09-20", "role": "focus", "color": "#e8b040"}}, {"type": "Feature", "geometry": {"type": "Polygon", "coordinates": [[[-90.1875, 48.6292], [-90.1875, 48.6333], [-90.1938, 48.6333], [-90.1938, 48.6292], [-90.1875, 48.6292]]]}, "properties": {"company_id": "stardust-metal", "jurisdiction": "Ontario", "claim_id": "231192", "claim_name": null, "holder": "(100) STARDUST METAL CORP.", "status": "Active", "recorded_date": "2018-04-10", "anniversary_or_expiry": "2030-03-22", "area_ha": null, "tenure_type": "Single Cell Mining Claim", "source": "Ontario MLAS operational claims (OGSEarth / LIO MapServer). Unofficial viewing data, not legal title.", "as_of": "2026-09-20", "role": "focus", "color": "#e8b040"}}, {"type": "Feature", "geometry": {"type": "Polygon", "coordinates": [[[-90.3063, 48.6542], [-90.3063, 48.6583], [-90.3125, 48.6583], [-90.3125, 48.6542], [-90.3063, 48.6542]]]}, "properties": {"company_id": "stardust-metal", "jurisdiction": "Ontario", "claim_id": "234562", "claim_name": null, "holder": "(100) STARDUST METAL CORP.", "status": "Active", "recorded_date": "2018-04-10", "anniversary_or_expiry": "2030-02-17", "area_ha": null, "tenure_type": "Single Cell Mining Claim", "source": "Ontario MLAS operational claims (OGSEarth / LIO MapServer). Unofficial viewing data, not legal title.", "as_of": "2026-09-20", "role": "focus", "color": "#e8b040"}}, {"type": "Feature", "geometry": {"type": "Polygon", "coordinates": [[[-90.3125, 48.6542], [-90.3125, 48.6583], [-90.3188, 48.6583], [-90.3188, 48.6542], [-90.3125, 48.6542]]]}, "properties": {"company_id": "stardust-metal", "jurisdiction": "Ontario", "claim_id": "234563", "claim_name": null, "holder": "(100) STARDUST METAL CORP.", "status": "Active", "recorded_date": "2018-04-10", "anniversary_or_expiry": "2030-02-17", "area_ha": null, "tenure_type": "Single Cell Mining Claim", "source": "Ontario MLAS operational claims (OGSEarth / LIO MapServer). Unofficial viewing data, not legal title.", "as_of": "2026-09-20", "role": "focus", "color": "#e8b040"}}, {"type": "Feature", "geometry": {"type": "Polygon", "coordinates": [[[-90.3125, 48.65], [-90.3125, 48.6542], [-90.3188, 48.6542], [-90.3188, 48.65], [-90.3125, 48.65]]]}, "properties": {"company_id": "stardust-metal", "jurisdiction": "Ontario", "claim_id": "234564", "claim_name": null, "holder": "(100) STARDUST METAL CORP.", "status": "Active", "recorded_date": "2018-04-10", "anniversary_or_expiry": "2030-02-17", "area_ha": null, "tenure_type": "Single Cell Mining Claim", "source": "Ontario MLAS operational claims (OGSEarth / LIO MapServer). Unofficial viewing data, not legal title.", "as_of": "2026-09-20", "role": "focus", "color": "#e8b040"}}, {"type": "Feature", "geometry": {"type": "Polygon", "coordinates": [[[-90.0625, 48.6333], [-90.0625, 48.6375], [-90.0688, 48.6375], [-90.0688, 48.6333], [-90.0625, 48.6333]]]}, "properties": {"company_id": "stardust-metal", "jurisdiction": "Ontario", "claim_id": "238092", "claim_name": null, "holder": "(100) STARDUST METAL CORP.", "status": "Active", "recorded_date": "2018-04-10", "anniversary_or_expiry": "2030-04-04", "area_ha": null, "tenure_type": "Single Cell Mining Claim", "source": "Ontario MLAS operational claims (OGSEarth / LIO MapServer). Unofficial viewing data, not legal title.", "as_of": "2026-09-20", "role": "focus", "color": "#e8b040"}}, {"type": "Feature", "geometry": {"type": "Polygon", "coordinates": [[[-90.2625, 48.6667], [-90.2625, 48.6708], [-90.2688, 48.6708], [-90.2688, 48.6667], [-90.2625, 48.6667]]]}, "properties": {"company_id": "stardust-metal", "jurisdiction": "Ontario", "claim_id": "236404", "claim_name": null, "holder": "(100) STARDUST METAL CORP.", "status": "Active", "recorded_date": "2018-04-10", "anniversary_or_expiry": "2030-02-17", "area_ha": null, "tenure_type": "Single Cell Mining Claim", "source": "Ontario MLAS operational claims (OGSEarth / LIO MapServer). Unofficial viewing data, not legal title.", "as_of": "2026-09-20", "role": "focus", "color": "#e8b040"}}, {"type": "Feature", "geometry": {"type": "Polygon", "coordinates": [[[-80.1188, 48.1625], [-80.1188, 48.1667], [-80.125, 48.1667], [-80.125, 48.1625], [-80.1188, 48.1625]]]}, "properties": {"company_id": "stardust-metal", "jurisdiction": "Ontario", "claim_id": "236434", "claim_name": null, "holder": "(100) STARDUST METAL CORP.", "status": "Active", "recorded_date": "2018-04-10", "anniversary_or_expiry": "2030-03-19", "area_ha": null, "tenure_type": "Single Cell Mining Claim", "source": "Ontario MLAS operational claims (OGSEarth / LIO MapServer). Unofficial viewing data, not legal title.", "as_of": "2026-09-20", "role": "focus", "color": "#e8b040"}}, {"type": "Feature", "geometry": {"type": "Polygon", "coordinates": [[[-89.85, 48.5917], [-89.85, 48.5958], [-89.8563, 48.5958], [-89.8563, 48.5917], [-89.85, 48.5917]]]}, "properties": {"company_id": "stardust-metal", "jurisdiction": "Ontario", "claim_id": "237029", "claim_name": null, "holder": "(100) STARDUST METAL CORP.", "status": "Active", "recorded_date": "2018-04-10", "anniversary_or_expiry": "2030-06-19", "area_ha": null, "tenure_type": "Single Cell Mining Claim", "source": "Ontario MLAS operational claims (OGSEarth / LIO MapServer). Unofficial viewing data, not legal title.", "as_of": "2026-09-20", "role": "focus", "color": "#e8b040"}}, {"type": "Feature", "geometry": {"type": "Polygon", "coordinates": [[[-89.825, 48.5917], [-89.825, 48.5958], [-89.8313, 48.5958], [-89.8313, 48.5917], [-89.825, 48.5917]]]}, "properties": {"company_id": "stardust-metal", "jurisdiction": "Ontario", "claim_id": "237184", "claim_name": null, "holder": "(100) STARDUST METAL CORP.", "status": "Active", "recorded_date": "2018-04-10", "anniversary_or_expiry": "2030-05-10", "area_ha": null, "tenure_type": "Single Cell Mining Claim", "source": "Ontario MLAS operational claims (OGSEarth / LIO MapServer). Unofficial viewing data, not legal title.", "as_of": "2026-09-20", "role": "focus", "color": "#e8b040"}}, {"type": "Feature", "geometry": {"type": "Polygon", "coordinates": [[[-90.175, 48.6542], [-90.175, 48.6583], [-90.1813, 48.6583], [-90.1813, 48.6542], [-90.175, 48.6542]]]}, "properties": {"company_id": "stardust-metal", "jurisdiction": "Ontario", "claim_id": "237893", "claim_name": null, "holder": "(100) STARDUST METAL CORP.", "status": "Active", "recorded_date": "2018-04-10", "anniversary_or_expiry": "2030-04-19", "area_ha": null, "tenure_type": "Single Cell Mining Claim", "source": "Ontario MLAS operational claims (OGSEarth / LIO MapServer). Unofficial viewing data, not legal title.", "as_of": "2026-09-20", "role": "focus", "color": "#e8b040"}}, {"type": "Feature", "geometry": {"type": "Polygon", "coordinates": [[[-80.0938, 48.1458], [-80.0938, 48.15], [-80.1, 48.15], [-80.1, 48.1458], [-80.0938, 48.1458]]]}, "properties": {"company_id": "stardust-metal", "jurisdiction": "Ontario", "claim_id": "239123", "claim_name": null, "holder": "(100) STARDUST METAL CORP.", "status": "Active", "recorded_date": "2018-04-10", "anniversary_or_expiry": "2030-03-18", "area_ha": null, "tenure_type": "Boundary Cell Mining Claim", "source": "Ontario MLAS operational claims (OGSEarth / LIO MapServer). Unofficial viewing data, not legal title.", "as_of": "2026-09-20", "role": "focus", "color": "#e8b040"}}, {"type": "Feature", "geometry": {"type": "Polygon", "coordinates": [[[-89.8313, 48.5875], [-89.8313, 48.5917], [-89.8375, 48.5917], [-89.8375, 48.5875], [-89.8313, 48.5875]]]}, "properties": {"company_id": "stardust-metal", "jurisdiction": "Ontario", "claim_id": "239284", "claim_name": null, "holder": "(100) STARDUST METAL CORP.", "status": "Active", "recorded_date": "2018-04-10", "anniversary_or_expiry": "2030-05-10", "area_ha": null, "tenure_type": "Single Cell Mining Claim", "source": "Ontario MLAS operational claims (OGSEarth / LIO MapServer). Unofficial viewing data, not legal title.", "as_of": "2026-09-20", "role": "focus", "color": "#e8b040"}}, {"type": "Feature", "geometry": {"type": "Polygon", "coordinates": [[[-90.2188, 48.6458], [-90.2188, 48.65], [-90.225, 48.65], [-90.225, 48.6458], [-90.2188, 48.6458]]]}, "properties": {"company_id": "stardust-metal", "jurisdiction": "Ontario", "claim_id": "238852", "claim_name": null, "holder": "(100) STARDUST METAL CORP.", "status": "Active", "recorded_date": "2018-04-10", "anniversary_or_expiry": "2030-09-11", "area_ha": null, "tenure_type": "Single Cell Mining Claim", "source": "Ontario MLAS operational claims (OGSEarth / LIO MapServer). Unofficial viewing data, not legal title.", "as_of": "2026-09-20", "role": "focus", "color": "#e8b040"}}, {"type": "Feature", "geometry": {"type": "Polygon", "coordinates": [[[-80.2625, 48.0792], [-80.2625, 48.0833], [-80.2688, 48.0833], [-80.2688, 48.0792], [-80.2625, 48.0792]]]}, "properties": {"company_id": "stardust-metal", "jurisdiction": "Ontario", "claim_id": "239089", "claim_name": null, "holder": "(100) STARDUST METAL CORP.", "status": "Active", "recorded_date": "2018-04-10", "anniversary_or_expiry": "2027-02-11", "area_ha": null, "tenure_type": "Single Cell Mining Claim", "source": "Ontario MLAS operational claims (OGSEarth / LIO MapServer). Unofficial viewing data, not legal title.", "as_of": "2026-09-20", "role": "focus", "color": "#e8b040"}}, {"type": "Feature", "geometry": {"type": "Polygon", "coordinates": [[[-90.2563, 48.65], [-90.2563, 48.6542], [-90.2625, 48.6542], [-90.2625, 48.65], [-90.2563, 48.65]]]}, "properties": {"company_id": "stardust-metal", "jurisdiction": "Ontario", "claim_id": "240525", "claim_name": null, "holder": "(100) STARDUST METAL CORP.", "status": "Active", "recorded_date": "2018-04-10", "anniversary_or_expiry": "2030-04-19", "area_ha": null, "tenure_type": "Single Cell Mining Claim", "source": "Ontario MLAS operational claims (OGSEarth / LIO MapServer). Unofficial viewing data, not legal title.", "as_of": "2026-09-20", "role": "focus", "color": "#e8b040"}}, {"type": "Feature", "geometry": {"type": "Polygon", "coordinates": [[[-90.2313, 48.65], [-90.2313, 48.6542], [-90.2375, 48.6542], [-90.2375, 48.65], [-90.2313, 48.65]]]}, "properties": {"company_id": "stardust-metal", "jurisdiction": "Ontario", "claim_id": "242968", "claim_name": null, "holder": "(100) STARDUST METAL CORP.", "status": "Active", "recorded_date": "2018-04-10", "anniversary_or_expiry": "2030-09-11", "area_ha": null, "tenure_type": "Single Cell Mining Claim", "source": "Ontario MLAS operational claims (OGSEarth / LIO MapServer). Unofficial viewing data, not legal title.", "as_of": "2026-09-20", "role": "focus", "color": "#e8b040"}}, {"type": "Feature", "geometry": {"type": "Polygon", "coordinates": [[[-90.0688, 48.625], [-90.0688, 48.6292], [-90.075, 48.6292], [-90.075, 48.625], [-90.0688, 48.625]]]}, "properties": {"company_id": "stardust-metal", "jurisdiction": "Ontario", "claim_id": "246964", "claim_name": null, "holder": "(100) STARDUST METAL CORP.", "status": "Active", "recorded_date": "2018-04-10", "anniversary_or_expiry": "2030-04-04", "area_ha": null, "tenure_type": "Single Cell Mining Claim", "source": "Ontario MLAS operational claims (OGSEarth / LIO MapServer). Unofficial viewing data, not legal title.", "as_of": "2026-09-20", "role": "focus", "color": "#e8b040"}}, {"type": "Feature", "geometry": {"type": "Polygon", "coordinates": [[[-89.8125, 48.5875], [-89.8125, 48.5917], [-89.8188, 48.5917], [-89.8188, 48.5875], [-89.8125, 48.5875]]]}, "properties": {"company_id": "stardust-metal", "jurisdiction": "Ontario", "claim_id": "248701", "claim_name": null, "holder": "(100) STARDUST METAL CORP.", "status": "Active", "recorded_date": "2018-04-10", "anniversary_or_expiry": "2030-06-02", "area_ha": null, "tenure_type": "Single Cell Mining Claim", "source": "Ontario MLAS operational claims (OGSEarth / LIO MapServer). Unofficial viewing data, not legal title.", "as_of": "2026-09-20", "role": "focus", "color": "#e8b040"}}, {"type": "Feature", "geometry": {"type": "Polygon", "coordinates": [[[-89.8, 48.5792], [-89.8, 48.5833], [-89.8063, 48.5833], [-89.8063, 48.5792], [-89.8, 48.5792]]]}, "properties": {"company_id": "stardust-metal", "jurisdiction": "Ontario", "claim_id": "248702", "claim_name": null, "holder": "(100) STARDUST METAL CORP.", "status": "Active", "recorded_date": "2018-04-10", "anniversary_or_expiry": "2030-06-02", "area_ha": null, "tenure_type": "Single Cell Mining Claim", "source": "Ontario MLAS operational claims (OGSEarth / LIO MapServer). Unofficial viewing data, not legal title.", "as_of": "2026-09-20", "role": "focus", "color": "#e8b040"}}, {"type": "Feature", "geometry": {"type": "Polygon", "coordinates": [[[-90.2875, 48.65], [-90.2875, 48.6542], [-90.2938, 48.6542], [-90.2938, 48.65], [-90.2875, 48.65]]]}, "properties": {"company_id": "stardust-metal", "jurisdiction": "Ontario", "claim_id": "250804", "claim_name": null, "holder": "(100) STARDUST METAL CORP.", "status": "Active", "recorded_date": "2018-04-10", "anniversary_or_expiry": "2030-02-17", "area_ha": null, "tenure_type": "Single Cell Mining Claim", "source": "Ontario MLAS operational claims (OGSEarth / LIO MapServer). Unofficial viewing data, not legal title.", "as_of": "2026-09-20", "role": "focus", "color": "#e8b040"}}, {"type": "Feature", "geometry": {"type": "Polygon", "coordinates": [[[-90.1813, 48.65], [-90.1813, 48.6542], [-90.1875, 48.6542], [-90.1875, 48.65], [-90.1813, 48.65]]]}, "properties": {"company_id": "stardust-metal", "jurisdiction": "Ontario", "claim_id": "249757", "claim_name": null, "holder": "(100) STARDUST METAL CORP.", "status": "Active", "recorded_date": "2018-04-10", "anniversary_or_expiry": "2030-04-19", "area_ha": null, "tenure_type": "Single Cell Mining Claim", "source": "Ontario MLAS operational claims (OGSEarth / LIO MapServer). Unofficial viewing data, not legal title.", "as_of": "2026-09-20", "role": "focus", "color": "#e8b040"}}, {"type": "Feature", "geometry": {"type": "Polygon", "coordinates": [[[-90.2188, 48.6583], [-90.2188, 48.6625], [-90.225, 48.6625], [-90.225, 48.6583], [-90.2188, 48.6583]]]}, "properties": {"company_id": "stardust-metal", "jurisdiction": "Ontario", "claim_id": "249837", "claim_name": null, "holder": "(100) STARDUST METAL CORP.", "status": "Active", "recorded_date": "2018-04-10", "anniversary_or_expiry": "2030-05-10", "area_ha": null, "tenure_type": "Single Cell Mining Claim", "source": "Ontario MLAS operational claims (OGSEarth / LIO MapServer). Unofficial viewing data, not legal title.", "as_of": "2026-09-20", "role": "focus", "color": "#e8b040"}}, {"type": "Feature", "geometry": {"type": "Polygon", "coordinates": [[[-90.2375, 48.65], [-90.2375, 48.6542], [-90.2438, 48.6542], [-90.2438, 48.65], [-90.2375, 48.65]]]}, "properties": {"company_id": "stardust-metal", "jurisdiction": "Ontario", "claim_id": "251010", "claim_name": null, "holder": "(100) STARDUST METAL CORP.", "status": "Active", "recorded_date": "2018-04-10", "anniversary_or_expiry": "2030-09-11", "area_ha": null, "tenure_type": "Single Cell Mining Claim", "source": "Ontario MLAS operational claims (OGSEarth / LIO MapServer). Unofficial viewing data, not legal title.", "as_of": "2026-09-20", "role": "focus", "color": "#e8b040"}}, {"type": "Feature", "geometry": {"type": "Polygon", "coordinates": [[[-80.125, 48.125], [-80.125, 48.1292], [-80.1313, 48.1292], [-80.1313, 48.125], [-80.125, 48.125]]]}, "properties": {"company_id": "stardust-metal", "jurisdiction": "Ontario", "claim_id": "255117", "claim_name": null, "holder": "(100) STARDUST METAL CORP.", "status": "Active", "recorded_date": "2018-04-10", "anniversary_or_expiry": "2030-02-11", "area_ha": null, "tenure_type": "Boundary Cell Mining Claim", "source": "Ontario MLAS operational claims (OGSEarth / LIO MapServer). Unofficial viewing data, not legal title.", "as_of": "2026-09-20", "role": "focus", "color": "#e8b040"}}, {"type": "Feature", "geometry": {"type": "Polygon", "coordinates": [[[-80.1063, 48.1417], [-80.1063, 48.1458], [-80.1125, 48.1458], [-80.1125, 48.1417], [-80.1063, 48.1417]]]}, "properties": {"company_id": "stardust-metal", "jurisdiction": "Ontario", "claim_id": "255785", "claim_name": null, "holder": "(100) STARDUST METAL CORP.", "status": "Active", "recorded_date": "2018-04-10", "anniversary_or_expiry": "2030-03-18", "area_ha": null, "tenure_type": "Boundary Cell Mining Claim", "source": "Ontario MLAS operational claims (OGSEarth / LIO MapServer). Unofficial viewing data, not legal title.", "as_of": "2026-09-20", "role": "focus", "color": "#e8b040"}}, {"type": "Feature", "geometry": {"type": "Polygon", "coordinates": [[[-80.1625, 48.1083], [-80.1625, 48.1125], [-80.1688, 48.1125], [-80.1688, 48.1083], [-80.1625, 48.1083]]]}, "properties": {"company_id": "stardust-metal", "jurisdiction": "Ontario", "claim_id": "257750", "claim_name": null, "holder": "(100) STARDUST METAL CORP.", "status": "Active", "recorded_date": "2018-04-10", "anniversary_or_expiry": "2030-06-21", "area_ha": null, "tenure_type": "Boundary Cell Mining Claim", "source": "Ontario MLAS operational claims (OGSEarth / LIO MapServer). Unofficial viewing data, not legal title.", "as_of": "2026-09-20", "role": "focus", "color": "#e8b040"}}, {"type": "Feature", "geometry": {"type": "Polygon", "coordinates": [[[-80.1563, 48.125], [-80.1563, 48.1292], [-80.1625, 48.1292], [-80.1625, 48.125], [-80.1563, 48.125]]]}, "properties": {"company_id": "stardust-metal", "jurisdiction": "Ontario", "claim_id": "257341", "claim_name": null, "holder": "(100) STARDUST METAL CORP.", "status": "Active", "recorded_date": "2018-04-10", "anniversary_or_expiry": "2030-04-13", "area_ha": null, "tenure_type": "Boundary Cell Mining Claim", "source": "Ontario MLAS operational claims (OGSEarth / LIO MapServer). Unofficial viewing data, not legal title.", "as_of": "2026-09-20", "role": "focus", "color": "#e8b040"}}, {"type": "Feature", "geometry": {"type": "Polygon", "coordinates": [[[-89.8438, 48.5958], [-89.8438, 48.6], [-89.85, 48.6], [-89.85, 48.5958], [-89.8438, 48.5958]]]}, "properties": {"company_id": "stardust-metal", "jurisdiction": "Ontario", "claim_id": "257407", "claim_name": null, "holder": "(100) STARDUST METAL CORP.", "status": "Active", "recorded_date": "2018-04-10", "anniversary_or_expiry": "2030-05-10", "area_ha": null, "tenure_type": "Single Cell Mining Claim", "source": "Ontario MLAS operational claims (OGSEarth / LIO MapServer). Unofficial viewing data, not legal title.", "as_of": "2026-09-20", "role": "focus", "color": "#e8b040"}}, {"type": "Feature", "geometry": {"type": "Polygon", "coordinates": [[[-89.8625, 48.6125], [-89.8625, 48.6167], [-89.8688, 48.6167], [-89.8688, 48.6125], [-89.8625, 48.6125]]]}, "properties": {"company_id": "stardust-metal", "jurisdiction": "Ontario", "claim_id": "260616", "claim_name": null, "holder": "(100) STARDUST METAL CORP.", "status": "Active", "recorded_date": "2018-04-10", "anniversary_or_expiry": "2030-02-16", "area_ha": null, "tenure_type": "Single Cell Mining Claim", "source": "Ontario MLAS operational claims (OGSEarth / LIO MapServer). Unofficial viewing data, not legal title.", "as_of": "2026-09-20", "role": "focus", "color": "#e8b040"}}, {"type": "Feature", "geometry": {"type": "Polygon", "coordinates": [[[-89.7938, 48.5792], [-89.7938, 48.5833], [-89.8, 48.5833], [-89.8, 48.5792], [-89.7938, 48.5792]]]}, "properties": {"company_id": "stardust-metal", "jurisdiction": "Ontario", "claim_id": "260649", "claim_name": null, "holder": "(100) STARDUST METAL CORP.", "status": "Active", "recorded_date": "2018-04-10", "anniversary_or_expiry": "2030-06-02", "area_ha": null, "tenure_type": "Single Cell Mining Claim", "source": "Ontario MLAS operational claims (OGSEarth / LIO MapServer). Unofficial viewing data, not legal title.", "as_of": "2026-09-20", "role": "focus", "color": "#e8b040"}}, {"type": "Feature", "geometry": {"type": "Polygon", "coordinates": [[[-80.25, 48.075], [-80.25, 48.0792], [-80.2563, 48.0792], [-80.2563, 48.075], [-80.25, 48.075]]]}, "properties": {"company_id": "stardust-metal", "jurisdiction": "Ontario", "claim_id": "259193", "claim_name": null, "holder": "(100) STARDUST METAL CORP.", "status": "Active", "recorded_date": "2018-04-10", "anniversary_or_expiry": "2027-02-11", "area_ha": null, "tenure_type": "Single Cell Mining Claim", "source": "Ontario MLAS operational claims (OGSEarth / LIO MapServer). Unofficial viewing data, not legal title.", "as_of": "2026-09-20", "role": "focus", "color": "#e8b040"}}, {"type": "Feature", "geometry": {"type": "Polygon", "coordinates": [[[-90.2188, 48.6625], [-90.2188, 48.6667], [-90.225, 48.6667], [-90.225, 48.6625], [-90.2188, 48.6625]]]}, "properties": {"company_id": "stardust-metal", "jurisdiction": "Ontario", "claim_id": "261802", "claim_name": null, "holder": "(100) STARDUST METAL CORP.", "status": "Active", "recorded_date": "2018-04-10", "anniversary_or_expiry": "2030-05-10", "area_ha": null, "tenure_type": "Single Cell Mining Claim", "source": "Ontario MLAS operational claims (OGSEarth / LIO MapServer). Unofficial viewing data, not legal title.", "as_of": "2026-09-20", "role": "focus", "color": "#e8b040"}}, {"type": "Feature", "geometry": {"type": "Polygon", "coordinates": [[[-90.2313, 48.6583], [-90.2313, 48.6625], [-90.2375, 48.6625], [-90.2375, 48.6583], [-90.2313, 48.6583]]]}, "properties": {"company_id": "stardust-metal", "jurisdiction": "Ontario", "claim_id": "261803", "claim_name": null, "holder": "(100) STARDUST METAL CORP.", "status": "Active", "recorded_date": "2018-04-10", "anniversary_or_expiry": "2030-05-10", "area_ha": null, "tenure_type": "Single Cell Mining Claim", "source": "Ontario MLAS operational claims (OGSEarth / LIO MapServer). Unofficial viewing data, not legal title.", "as_of": "2026-09-20", "role": "focus", "color": "#e8b040"}}, {"type": "Feature", "geometry": {"type": "Polygon", "coordinates": [[[-80.1, 48.1458], [-80.1, 48.15], [-80.1063, 48.15], [-80.1063, 48.1458], [-80.1, 48.1458]]]}, "properties": {"company_id": "stardust-metal", "jurisdiction": "Ontario", "claim_id": "267919", "claim_name": null, "holder": "(100) STARDUST METAL CORP.", "status": "Active", "recorded_date": "2018-04-10", "anniversary_or_expiry": "2030-03-18", "area_ha": null, "tenure_type": "Boundary Cell Mining Claim", "source": "Ontario MLAS operational claims (OGSEarth / LIO MapServer). Unofficial viewing data, not legal title.", "as_of": "2026-09-20", "role": "focus", "color": "#e8b040"}}, {"type": "Feature", "geometry": {"type": "Polygon", "coordinates": [[[-89.85, 48.6083], [-89.85, 48.6125], [-89.8563, 48.6125], [-89.8563, 48.6083], [-89.85, 48.6083]]]}, "properties": {"company_id": "stardust-metal", "jurisdiction": "Ontario", "claim_id": "267969", "claim_name": null, "holder": "(100) STARDUST METAL CORP.", "status": "Active", "recorded_date": "2018-04-10", "anniversary_or_expiry": "2030-02-16", "area_ha": null, "tenure_type": "Single Cell Mining Claim", "source": "Ontario MLAS operational claims (OGSEarth / LIO MapServer). Unofficial viewing data, not legal title.", "as_of": "2026-09-20", "role": "focus", "color": "#e8b040"}}, {"type": "Feature", "geometry": {"type": "Polygon", "coordinates": [[[-89.85, 48.6], [-89.85, 48.6042], [-89.8563, 48.6042], [-89.8563, 48.6], [-89.85, 48.6]]]}, "properties": {"company_id": "stardust-metal", "jurisdiction": "Ontario", "claim_id": "267970", "claim_name": null, "holder": "(100) STARDUST METAL CORP.", "status": "Active", "recorded_date": "2018-04-10", "anniversary_or_expiry": "2030-05-10", "area_ha": null, "tenure_type": "Single Cell Mining Claim", "source": "Ontario MLAS operational claims (OGSEarth / LIO MapServer). Unofficial viewing data, not legal title.", "as_of": "2026-09-20", "role": "focus", "color": "#e8b040"}}, {"type": "Feature", "geometry": {"type": "Polygon", "coordinates": [[[-89.8625, 48.6], [-89.8625, 48.6042], [-89.8688, 48.6042], [-89.8688, 48.6], [-89.8625, 48.6]]]}, "properties": {"company_id": "stardust-metal", "jurisdiction": "Ontario", "claim_id": "267971", "claim_name": null, "holder": "(100) STARDUST METAL CORP.", "status": "Active", "recorded_date": "2018-04-10", "anniversary_or_expiry": "2030-05-10", "area_ha": null, "tenure_type": "Single Cell Mining Claim", "source": "Ontario MLAS operational claims (OGSEarth / LIO MapServer). Unofficial viewing data, not legal title.", "as_of": "2026-09-20", "role": "focus", "color": "#e8b040"}}, {"type": "Feature", "geometry": {"type": "Polygon", "coordinates": [[[-80.1625, 48.1], [-80.1625, 48.1042], [-80.1688, 48.1042], [-80.1688, 48.1], [-80.1625, 48.1]]]}, "properties": {"company_id": "stardust-metal", "jurisdiction": "Ontario", "claim_id": "266266", "claim_name": null, "holder": "(100) STARDUST METAL CORP.", "status": "Active", "recorded_date": "2018-04-10", "anniversary_or_expiry": "2030-06-21", "area_ha": null, "tenure_type": "Boundary Cell Mining Claim", "source": "Ontario MLAS operational claims (OGSEarth / LIO MapServer). Unofficial viewing data, not legal title.", "as_of": "2026-09-20", "role": "focus", "color": "#e8b040"}}, {"type": "Feature", "geometry": {"type": "Polygon", "coordinates": [[[-90.2625, 48.6708], [-90.2625, 48.675], [-90.2688, 48.675], [-90.2688, 48.6708], [-90.2625, 48.6708]]]}, "properties": {"company_id": "stardust-metal", "jurisdiction": "Ontario", "claim_id": "267044", "claim_name": null, "holder": "(100) STARDUST METAL CORP.", "status": "Active", "recorded_date": "2018-04-10", "anniversary_or_expiry": "2030-02-17", "area_ha": null, "tenure_type": "Single Cell Mining Claim", "source": "Ontario MLAS operational claims (OGSEarth / LIO MapServer). Unofficial viewing data, not legal title.", "as_of": "2026-09-20", "role": "focus", "color": "#e8b040"}}, {"type": "Feature", "geometry": {"type": "Polygon", "coordinates": [[[-90.275, 48.6625], [-90.275, 48.6667], [-90.2813, 48.6667], [-90.2813, 48.6625], [-90.275, 48.6625]]]}, "properties": {"company_id": "stardust-metal", "jurisdiction": "Ontario", "claim_id": "267045", "claim_name": null, "holder": "(100) STARDUST METAL CORP.", "status": "Active", "recorded_date": "2018-04-10", "anniversary_or_expiry": "2030-02-17", "area_ha": null, "tenure_type": "Single Cell Mining Claim", "source": "Ontario MLAS operational claims (OGSEarth / LIO MapServer). Unofficial viewing data, not legal title.", "as_of": "2026-09-20", "role": "focus", "color": "#e8b040"}}, {"type": "Feature", "geometry": {"type": "Polygon", "coordinates": [[[-80.2313, 48.0833], [-80.2313, 48.0875], [-80.2375, 48.0875], [-80.2375, 48.0833], [-80.2313, 48.0833]]]}, "properties": {"company_id": "stardust-metal", "jurisdiction": "Ontario", "claim_id": "267078", "claim_name": null, "holder": "(100) STARDUST METAL CORP.", "status": "Active", "recorded_date": "2018-04-10", "anniversary_or_expiry": "2027-02-11", "area_ha": null, "tenure_type": "Single Cell Mining Claim", "source": "Ontario MLAS operational claims (OGSEarth / LIO MapServer). Unofficial viewing data, not legal title.", "as_of": "2026-09-20", "role": "focus", "color": "#e8b040"}}, {"type": "Feature", "geometry": {"type": "Polygon", "coordinates": [[[-80.1313, 48.1667], [-80.1313, 48.1708], [-80.1375, 48.1708], [-80.1375, 48.1667], [-80.1313, 48.1667]]]}, "properties": {"company_id": "stardust-metal", "jurisdiction": "Ontario", "claim_id": "266575", "claim_name": null, "holder": "(100) STARDUST METAL CORP.", "status": "Active", "recorded_date": "2018-04-10", "anniversary_or_expiry": "2030-12-03", "area_ha": null, "tenure_type": "Single Cell Mining Claim", "source": "Ontario MLAS operational claims (OGSEarth / LIO MapServer). Unofficial viewing data, not legal title.", "as_of": "2026-09-20", "role": "focus", "color": "#e8b040"}}, {"type": "Feature", "geometry": {"type": "Polygon", "coordinates": [[[-80.125, 48.1625], [-80.125, 48.1667], [-80.1313, 48.1667], [-80.1313, 48.1625], [-80.125, 48.1625]]]}, "properties": {"company_id": "stardust-metal", "jurisdiction": "Ontario", "claim_id": "266576", "claim_name": null, "holder": "(100) STARDUST METAL CORP.", "status": "Active", "recorded_date": "2018-04-10", "anniversary_or_expiry": "2030-12-03", "area_ha": null, "tenure_type": "Single Cell Mining Claim", "source": "Ontario MLAS operational claims (OGSEarth / LIO MapServer). Unofficial viewing data, not legal title.", "as_of": "2026-09-20", "role": "focus", "color": "#e8b040"}}, {"type": "Feature", "geometry": {"type": "Polygon", "coordinates": [[[-89.8188, 48.5875], [-89.8188, 48.5917], [-89.825, 48.5917], [-89.825, 48.5875], [-89.8188, 48.5875]]]}, "properties": {"company_id": "stardust-metal", "jurisdiction": "Ontario", "claim_id": "267845", "claim_name": null, "holder": "(100) STARDUST METAL CORP.", "status": "Active", "recorded_date": "2018-04-10", "anniversary_or_expiry": "2030-05-10", "area_ha": null, "tenure_type": "Single Cell Mining Claim", "source": "Ontario MLAS operational claims (OGSEarth / LIO MapServer). Unofficial viewing data, not legal title.", "as_of": "2026-09-20", "role": "focus", "color": "#e8b040"}}, {"type": "Feature", "geometry": {"type": "Polygon", "coordinates": [[[-90.2375, 48.6625], [-90.2375, 48.6667], [-90.2438, 48.6667], [-90.2438, 48.6625], [-90.2375, 48.6625]]]}, "properties": {"company_id": "stardust-metal", "jurisdiction": "Ontario", "claim_id": "268579", "claim_name": null, "holder": "(100) STARDUST METAL CORP.", "status": "Active", "recorded_date": "2018-04-10", "anniversary_or_expiry": "2030-05-10", "area_ha": null, "tenure_type": "Single Cell Mining Claim", "source": "Ontario MLAS operational claims (OGSEarth / LIO MapServer). Unofficial viewing data, not legal title.", "as_of": "2026-09-20", "role": "focus", "color": "#e8b040"}}, {"type": "Feature", "geometry": {"type": "Polygon", "coordinates": [[[-90.2125, 48.6583], [-90.2125, 48.6625], [-90.2188, 48.6625], [-90.2188, 48.6583], [-90.2125, 48.6583]]]}, "properties": {"company_id": "stardust-metal", "jurisdiction": "Ontario", "claim_id": "268580", "claim_name": null, "holder": "(100) STARDUST METAL CORP.", "status": "Active", "recorded_date": "2018-04-10", "anniversary_or_expiry": "2030-05-10", "area_ha": null, "tenure_type": "Single Cell Mining Claim", "source": "Ontario MLAS operational claims (OGSEarth / LIO MapServer). Unofficial viewing data, not legal title.", "as_of": "2026-09-20", "role": "focus", "color": "#e8b040"}}, {"type": "Feature", "geometry": {"type": "Polygon", "coordinates": [[[-90.2125, 48.6542], [-90.2125, 48.6583], [-90.2188, 48.6583], [-90.2188, 48.6542], [-90.2125, 48.6542]]]}, "properties": {"company_id": "stardust-metal", "jurisdiction": "Ontario", "claim_id": "268581", "claim_name": null, "holder": "(100) STARDUST METAL CORP.", "status": "Active", "recorded_date": "2018-04-10", "anniversary_or_expiry": "2030-09-11", "area_ha": null, "tenure_type": "Single Cell Mining Claim", "source": "Ontario MLAS operational claims (OGSEarth / LIO MapServer). Unofficial viewing data, not legal title.", "as_of": "2026-09-20", "role": "focus", "color": "#e8b040"}}, {"type": "Feature", "geometry": {"type": "Polygon", "coordinates": [[[-90.2688, 48.6708], [-90.2688, 48.675], [-90.275, 48.675], [-90.275, 48.6708], [-90.2688, 48.6708]]]}, "properties": {"company_id": "stardust-metal", "jurisdiction": "Ontario", "claim_id": "273167", "claim_name": null, "holder": "(100) STARDUST METAL CORP.", "status": "Active", "recorded_date": "2018-04-10", "anniversary_or_expiry": "2030-02-17", "area_ha": null, "tenure_type": "Single Cell Mining Claim", "source": "Ontario MLAS operational claims (OGSEarth / LIO MapServer). Unofficial viewing data, not legal title.", "as_of": "2026-09-20", "role": "focus", "color": "#e8b040"}}, {"type": "Feature", "geometry": {"type": "Polygon", "coordinates": [[[-90.2125, 48.65], [-90.2125, 48.6542], [-90.2188, 48.6542], [-90.2188, 48.65], [-90.2125, 48.65]]]}, "properties": {"company_id": "stardust-metal", "jurisdiction": "Ontario", "claim_id": "274665", "claim_name": null, "holder": "(100) STARDUST METAL CORP.", "status": "Active", "recorded_date": "2018-04-10", "anniversary_or_expiry": "2030-09-11", "area_ha": null, "tenure_type": "Single Cell Mining Claim", "source": "Ontario MLAS operational claims (OGSEarth / LIO MapServer). Unofficial viewing data, not legal title.", "as_of": "2026-09-20", "role": "focus", "color": "#e8b040"}}, {"type": "Feature", "geometry": {"type": "Polygon", "coordinates": [[[-80.1, 48.1417], [-80.1, 48.1458], [-80.1063, 48.1458], [-80.1063, 48.1417], [-80.1, 48.1417]]]}, "properties": {"company_id": "stardust-metal", "jurisdiction": "Ontario", "claim_id": "274678", "claim_name": null, "holder": "(100) STARDUST METAL CORP.", "status": "Active", "recorded_date": "2018-04-10", "anniversary_or_expiry": "2030-03-18", "area_ha": null, "tenure_type": "Boundary Cell Mining Claim", "source": "Ontario MLAS operational claims (OGSEarth / LIO MapServer). Unofficial viewing data, not legal title.", "as_of": "2026-09-20", "role": "focus", "color": "#e8b040"}}, {"type": "Feature", "geometry": {"type": "Polygon", "coordinates": [[[-80.1313, 48.1208], [-80.1313, 48.125], [-80.1375, 48.125], [-80.1375, 48.1208], [-80.1313, 48.1208]]]}, "properties": {"company_id": "stardust-metal", "jurisdiction": "Ontario", "claim_id": "274224", "claim_name": null, "holder": "(100) STARDUST METAL CORP.", "status": "Active", "recorded_date": "2018-04-10", "anniversary_or_expiry": "2030-10-23", "area_ha": null, "tenure_type": "Boundary Cell Mining Claim", "source": "Ontario MLAS operational claims (OGSEarth / LIO MapServer). Unofficial viewing data, not legal title.", "as_of": "2026-09-20", "role": "focus", "color": "#e8b040"}}, {"type": "Feature", "geometry": {"type": "Polygon", "coordinates": [[[-90.175, 48.6292], [-90.175, 48.6333], [-90.1813, 48.6333], [-90.1813, 48.6292], [-90.175, 48.6292]]]}, "properties": {"company_id": "stardust-metal", "jurisdiction": "Ontario", "claim_id": "277181", "claim_name": null, "holder": "(100) STARDUST METAL CORP.", "status": "Active", "recorded_date": "2018-04-10", "anniversary_or_expiry": "2030-03-22", "area_ha": null, "tenure_type": "Boundary Cell Mining Claim", "source": "Ontario MLAS operational claims (OGSEarth / LIO MapServer). Unofficial viewing data, not legal title.", "as_of": "2026-09-20", "role": "focus", "color": "#e8b040"}}, {"type": "Feature", "geometry": {"type": "Polygon", "coordinates": [[[-90.175, 48.6208], [-90.175, 48.625], [-90.1813, 48.625], [-90.1813, 48.6208], [-90.175, 48.6208]]]}, "properties": {"company_id": "stardust-metal", "jurisdiction": "Ontario", "claim_id": "277182", "claim_name": null, "holder": "(100) STARDUST METAL CORP.", "status": "Active", "recorded_date": "2018-04-10", "anniversary_or_expiry": "2030-03-22", "area_ha": null, "tenure_type": "Boundary Cell Mining Claim", "source": "Ontario MLAS operational claims (OGSEarth / LIO MapServer). Unofficial viewing data, not legal title.", "as_of": "2026-09-20", "role": "focus", "color": "#e8b040"}}, {"type": "Feature", "geometry": {"type": "Polygon", "coordinates": [[[-80.2563, 48.0833], [-80.2563, 48.0875], [-80.2625, 48.0875], [-80.2625, 48.0833], [-80.2563, 48.0833]]]}, "properties": {"company_id": "stardust-metal", "jurisdiction": "Ontario", "claim_id": "275868", "claim_name": null, "holder": "(100) STARDUST METAL CORP.", "status": "Active", "recorded_date": "2018-04-10", "anniversary_or_expiry": "2027-02-11", "area_ha": null, "tenure_type": "Single Cell Mining Claim", "source": "Ontario MLAS operational claims (OGSEarth / LIO MapServer). Unofficial viewing data, not legal title.", "as_of": "2026-09-20", "role": "focus", "color": "#e8b040"}}, {"type": "Feature", "geometry": {"type": "Polygon", "coordinates": [[[-90.1313, 48.6375], [-90.1313, 48.6417], [-90.1375, 48.6417], [-90.1375, 48.6375], [-90.1313, 48.6375]]]}, "properties": {"company_id": "stardust-metal", "jurisdiction": "Ontario", "claim_id": "279459", "claim_name": null, "holder": "(100) STARDUST METAL CORP.", "status": "Active", "recorded_date": "2018-04-10", "anniversary_or_expiry": "2030-03-27", "area_ha": null, "tenure_type": "Boundary Cell Mining Claim", "source": "Ontario MLAS operational claims (OGSEarth / LIO MapServer). Unofficial viewing data, not legal title.", "as_of": "2026-09-20", "role": "focus", "color": "#e8b040"}}, {"type": "Feature", "geometry": {"type": "Polygon", "coordinates": [[[-90.1375, 48.6333], [-90.1375, 48.6375], [-90.1438, 48.6375], [-90.1438, 48.6333], [-90.1375, 48.6333]]]}, "properties": {"company_id": "stardust-metal", "jurisdiction": "Ontario", "claim_id": "279460", "claim_name": null, "holder": "(100) STARDUST METAL CORP.", "status": "Active", "recorded_date": "2018-04-10", "anniversary_or_expiry": "2030-03-27", "area_ha": null, "tenure_type": "Boundary Cell Mining Claim", "source": "Ontario MLAS operational claims (OGSEarth / LIO MapServer). Unofficial viewing data, not legal title.", "as_of": "2026-09-20", "role": "focus", "color": "#e8b040"}}, {"type": "Feature", "geometry": {"type": "Polygon", "coordinates": [[[-80.2313, 48.0875], [-80.2313, 48.0917], [-80.2375, 48.0917], [-80.2375, 48.0875], [-80.2313, 48.0875]]]}, "properties": {"company_id": "stardust-metal", "jurisdiction": "Ontario", "claim_id": "279049", "claim_name": null, "holder": "(100) STARDUST METAL CORP.", "status": "Active", "recorded_date": "2018-04-10", "anniversary_or_expiry": "2027-02-11", "area_ha": null, "tenure_type": "Single Cell Mining Claim", "source": "Ontario MLAS operational claims (OGSEarth / LIO MapServer). Unofficial viewing data, not legal title.", "as_of": "2026-09-20", "role": "focus", "color": "#e8b040"}}, {"type": "Feature", "geometry": {"type": "Polygon", "coordinates": [[[-90.3063, 48.65], [-90.3063, 48.6542], [-90.3125, 48.6542], [-90.3125, 48.65], [-90.3063, 48.65]]]}, "properties": {"company_id": "stardust-metal", "jurisdiction": "Ontario", "claim_id": "282582", "claim_name": null, "holder": "(100) STARDUST METAL CORP.", "status": "Active", "recorded_date": "2018-04-10", "anniversary_or_expiry": "2030-02-17", "area_ha": null, "tenure_type": "Single Cell Mining Claim", "source": "Ontario MLAS operational claims (OGSEarth / LIO MapServer). Unofficial viewing data, not legal title.", "as_of": "2026-09-20", "role": "focus", "color": "#e8b040"}}, {"type": "Feature", "geometry": {"type": "Polygon", "coordinates": [[[-90.2125, 48.6458], [-90.2125, 48.65], [-90.2188, 48.65], [-90.2188, 48.6458], [-90.2125, 48.6458]]]}, "properties": {"company_id": "stardust-metal", "jurisdiction": "Ontario", "claim_id": "286019", "claim_name": null, "holder": "(100) STARDUST METAL CORP.", "status": "Active", "recorded_date": "2018-04-10", "anniversary_or_expiry": "2030-02-26", "area_ha": null, "tenure_type": "Single Cell Mining Claim", "source": "Ontario MLAS operational claims (OGSEarth / LIO MapServer). Unofficial viewing data, not legal title.", "as_of": "2026-09-20", "role": "focus", "color": "#e8b040"}}, {"type": "Feature", "geometry": {"type": "Polygon", "coordinates": [[[-80.1563, 48.1083], [-80.1563, 48.1125], [-80.1625, 48.1125], [-80.1625, 48.1083], [-80.1563, 48.1083]]]}, "properties": {"company_id": "stardust-metal", "jurisdiction": "Ontario", "claim_id": "288318", "claim_name": null, "holder": "(100) STARDUST METAL CORP.", "status": "Active", "recorded_date": "2018-04-10", "anniversary_or_expiry": "2030-06-21", "area_ha": null, "tenure_type": "Boundary Cell Mining Claim", "source": "Ontario MLAS operational claims (OGSEarth / LIO MapServer). Unofficial viewing data, not legal title.", "as_of": "2026-09-20", "role": "focus", "color": "#e8b040"}}, {"type": "Feature", "geometry": {"type": "Polygon", "coordinates": [[[-90.3188, 48.65], [-90.3188, 48.6542], [-90.325, 48.6542], [-90.325, 48.65], [-90.3188, 48.65]]]}, "properties": {"company_id": "stardust-metal", "jurisdiction": "Ontario", "claim_id": "290630", "claim_name": null, "holder": "(100) STARDUST METAL CORP.", "status": "Active", "recorded_date": "2018-04-10", "anniversary_or_expiry": "2030-02-17", "area_ha": null, "tenure_type": "Single Cell Mining Claim", "source": "Ontario MLAS operational claims (OGSEarth / LIO MapServer). Unofficial viewing data, not legal title.", "as_of": "2026-09-20", "role": "focus", "color": "#e8b040"}}, {"type": "Feature", "geometry": {"type": "Polygon", "coordinates": [[[-90.2625, 48.6625], [-90.2625, 48.6667], [-90.2688, 48.6667], [-90.2688, 48.6625], [-90.2625, 48.6625]]]}, "properties": {"company_id": "stardust-metal", "jurisdiction": "Ontario", "claim_id": "292238", "claim_name": null, "holder": "(100) STARDUST METAL CORP.", "status": "Active", "recorded_date": "2018-04-10", "anniversary_or_expiry": "2030-04-19", "area_ha": null, "tenure_type": "Single Cell Mining Claim", "source": "Ontario MLAS operational claims (OGSEarth / LIO MapServer). Unofficial viewing data, not legal title.", "as_of": "2026-09-20", "role": "focus", "color": "#e8b040"}}, {"type": "Feature", "geometry": {"type": "Polygon", "coordinates": [[[-80.2375, 48.0833], [-80.2375, 48.0875], [-80.2438, 48.0875], [-80.2438, 48.0833], [-80.2375, 48.0833]]]}, "properties": {"company_id": "stardust-metal", "jurisdiction": "Ontario", "claim_id": "292278", "claim_name": null, "holder": "(100) STARDUST METAL CORP.", "status": "Active", "recorded_date": "2018-04-10", "anniversary_or_expiry": "2027-02-11", "area_ha": null, "tenure_type": "Single Cell Mining Claim", "source": "Ontario MLAS operational claims (OGSEarth / LIO MapServer). Unofficial viewing data, not legal title.", "as_of": "2026-09-20", "role": "focus", "color": "#e8b040"}}, {"type": "Feature", "geometry": {"type": "Polygon", "coordinates": [[[-80.1438, 48.0667], [-80.1438, 48.0708], [-80.15, 48.0708], [-80.15, 48.0667], [-80.1438, 48.0667]]]}, "properties": {"company_id": "stardust-metal", "jurisdiction": "Ontario", "claim_id": "292060", "claim_name": null, "holder": "(100) STARDUST METAL CORP.", "status": "Active", "recorded_date": "2018-04-10", "anniversary_or_expiry": "2029-01-08", "area_ha": null, "tenure_type": "Boundary Cell Mining Claim", "source": "Ontario MLAS operational claims (OGSEarth / LIO MapServer). Unofficial viewing data, not legal title.", "as_of": "2026-09-20", "role": "focus", "color": "#e8b040"}}, {"type": "Feature", "geometry": {"type": "Polygon", "coordinates": [[[-80.15, 48.0625], [-80.15, 48.0667], [-80.1563, 48.0667], [-80.1563, 48.0625], [-80.15, 48.0625]]]}, "properties": {"company_id": "stardust-metal", "jurisdiction": "Ontario", "claim_id": "292061", "claim_name": null, "holder": "(100) STARDUST METAL CORP.", "status": "Active", "recorded_date": "2018-04-10", "anniversary_or_expiry": "2029-01-08", "area_ha": null, "tenure_type": "Single Cell Mining Claim", "source": "Ontario MLAS operational claims (OGSEarth / LIO MapServer). Unofficial viewing data, not legal title.", "as_of": "2026-09-20", "role": "focus", "color": "#e8b040"}}, {"type": "Feature", "geometry": {"type": "Polygon", "coordinates": [[[-90.2063, 48.65], [-90.2063, 48.6542], [-90.2125, 48.6542], [-90.2125, 48.65], [-90.2063, 48.65]]]}, "properties": {"company_id": "stardust-metal", "jurisdiction": "Ontario", "claim_id": "295484", "claim_name": null, "holder": "(100) STARDUST METAL CORP.", "status": "Active", "recorded_date": "2018-04-10", "anniversary_or_expiry": "2030-09-15", "area_ha": null, "tenure_type": "Single Cell Mining Claim", "source": "Ontario MLAS operational claims (OGSEarth / LIO MapServer). Unofficial viewing data, not legal title.", "as_of": "2026-09-20", "role": "focus", "color": "#e8b040"}}, {"type": "Feature", "geometry": {"type": "Polygon", "coordinates": [[[-90.1875, 48.625], [-90.1875, 48.6292], [-90.1938, 48.6292], [-90.1938, 48.625], [-90.1875, 48.625]]]}, "properties": {"company_id": "stardust-metal", "jurisdiction": "Ontario", "claim_id": "297897", "claim_name": null, "holder": "(100) STARDUST METAL CORP.", "status": "Active", "recorded_date": "2018-04-10", "anniversary_or_expiry": "2030-03-22", "area_ha": null, "tenure_type": "Single Cell Mining Claim", "source": "Ontario MLAS operational claims (OGSEarth / LIO MapServer). Unofficial viewing data, not legal title.", "as_of": "2026-09-20", "role": "focus", "color": "#e8b040"}}, {"type": "Feature", "geometry": {"type": "Polygon", "coordinates": [[[-80.225, 48.0875], [-80.225, 48.0917], [-80.2313, 48.0917], [-80.2313, 48.0875], [-80.225, 48.0875]]]}, "properties": {"company_id": "stardust-metal", "jurisdiction": "Ontario", "claim_id": "297692", "claim_name": null, "holder": "(100) STARDUST METAL CORP.", "status": "Active", "recorded_date": "2018-04-10", "anniversary_or_expiry": "2027-02-11", "area_ha": null, "tenure_type": "Single Cell Mining Claim", "source": "Ontario MLAS operational claims (OGSEarth / LIO MapServer). Unofficial viewing data, not legal title.", "as_of": "2026-09-20", "role": "focus", "color": "#e8b040"}}, {"type": "Feature", "geometry": {"type": "Polygon", "coordinates": [[[-80.2188, 48.0875], [-80.2188, 48.0917], [-80.225, 48.0917], [-80.225, 48.0875], [-80.2188, 48.0875]]]}, "properties": {"company_id": "stardust-metal", "jurisdiction": "Ontario", "claim_id": "297130", "claim_name": null, "holder": "(100) STARDUST METAL CORP.", "status": "Active", "recorded_date": "2018-04-10", "anniversary_or_expiry": "2027-02-11", "area_ha": null, "tenure_type": "Single Cell Mining Claim", "source": "Ontario MLAS operational claims (OGSEarth / LIO MapServer). Unofficial viewing data, not legal title.", "as_of": "2026-09-20", "role": "focus", "color": "#e8b040"}}, {"type": "Feature", "geometry": {"type": "Polygon", "coordinates": [[[-80.2188, 48.0792], [-80.2188, 48.0833], [-80.225, 48.0833], [-80.225, 48.0792], [-80.2188, 48.0792]]]}, "properties": {"company_id": "stardust-metal", "jurisdiction": "Ontario", "claim_id": "297246", "claim_name": null, "holder": "(100) STARDUST METAL CORP.", "status": "Active", "recorded_date": "2018-04-10", "anniversary_or_expiry": "2027-02-11", "area_ha": null, "tenure_type": "Single Cell Mining Claim", "source": "Ontario MLAS operational claims (OGSEarth / LIO MapServer). Unofficial viewing data, not legal title.", "as_of": "2026-09-20", "role": "focus", "color": "#e8b040"}}, {"type": "Feature", "geometry": {"type": "Polygon", "coordinates": [[[-90.2875, 48.6542], [-90.2875, 48.6583], [-90.2938, 48.6583], [-90.2938, 48.6542], [-90.2875, 48.6542]]]}, "properties": {"company_id": "stardust-metal", "jurisdiction": "Ontario", "claim_id": "298524", "claim_name": null, "holder": "(100) STARDUST METAL CORP.", "status": "Active", "recorded_date": "2018-04-10", "anniversary_or_expiry": "2030-02-17", "area_ha": null, "tenure_type": "Single Cell Mining Claim", "source": "Ontario MLAS operational claims (OGSEarth / LIO MapServer). Unofficial viewing data, not legal title.", "as_of": "2026-09-20", "role": "focus", "color": "#e8b040"}}, {"type": "Feature", "geometry": {"type": "Polygon", "coordinates": [[[-90.2188, 48.65], [-90.2188, 48.6542], [-90.225, 48.6542], [-90.225, 48.65], [-90.2188, 48.65]]]}, "properties": {"company_id": "stardust-metal", "jurisdiction": "Ontario", "claim_id": "299570", "claim_name": null, "holder": "(100) STARDUST METAL CORP.", "status": "Active", "recorded_date": "2018-04-10", "anniversary_or_expiry": "2030-09-11", "area_ha": null, "tenure_type": "Single Cell Mining Claim", "source": "Ontario MLAS operational claims (OGSEarth / LIO MapServer). Unofficial viewing data, not legal title.", "as_of": "2026-09-20", "role": "focus", "color": "#e8b040"}}, {"type": "Feature", "geometry": {"type": "Polygon", "coordinates": [[[-80.1375, 48.1583], [-80.1375, 48.1625], [-80.1438, 48.1625], [-80.1438, 48.1583], [-80.1375, 48.1583]]]}, "properties": {"company_id": "stardust-metal", "jurisdiction": "Ontario", "claim_id": "300564", "claim_name": null, "holder": "(100) STARDUST METAL CORP.", "status": "Active", "recorded_date": "2018-04-10", "anniversary_or_expiry": "2030-06-01", "area_ha": null, "tenure_type": "Boundary Cell Mining Claim", "source": "Ontario MLAS operational claims (OGSEarth / LIO MapServer). Unofficial viewing data, not legal title.", "as_of": "2026-09-20", "role": "focus", "color": "#e8b040"}}, {"type": "Feature", "geometry": {"type": "Polygon", "coordinates": [[[-80.2438, 48.0875], [-80.2438, 48.0917], [-80.25, 48.0917], [-80.25, 48.0875], [-80.2438, 48.0875]]]}, "properties": {"company_id": "stardust-metal", "jurisdiction": "Ontario", "claim_id": "303656", "claim_name": null, "holder": "(100) STARDUST METAL CORP.", "status": "Active", "recorded_date": "2018-04-10", "anniversary_or_expiry": "2027-02-11", "area_ha": null, "tenure_type": "Single Cell Mining Claim", "source": "Ontario MLAS operational claims (OGSEarth / LIO MapServer). Unofficial viewing data, not legal title.", "as_of": "2026-09-20", "role": "focus", "color": "#e8b040"}}, {"type": "Feature", "geometry": {"type": "Polygon", "coordinates": [[[-89.8438, 48.5917], [-89.8438, 48.5958], [-89.85, 48.5958], [-89.85, 48.5917], [-89.8438, 48.5917]]]}, "properties": {"company_id": "stardust-metal", "jurisdiction": "Ontario", "claim_id": "304267", "claim_name": null, "holder": "(100) STARDUST METAL CORP.", "status": "Active", "recorded_date": "2018-04-10", "anniversary_or_expiry": "2030-05-10", "area_ha": null, "tenure_type": "Single Cell Mining Claim", "source": "Ontario MLAS operational claims (OGSEarth / LIO MapServer). Unofficial viewing data, not legal title.", "as_of": "2026-09-20", "role": "focus", "color": "#e8b040"}}, {"type": "Feature", "geometry": {"type": "Polygon", "coordinates": [[[-80.1313, 48.125], [-80.1313, 48.1292], [-80.1375, 48.1292], [-80.1375, 48.125], [-80.1313, 48.125]]]}, "properties": {"company_id": "stardust-metal", "jurisdiction": "Ontario", "claim_id": "303825", "claim_name": null, "holder": "(100) STARDUST METAL CORP.", "status": "Active", "recorded_date": "2018-04-10", "anniversary_or_expiry": "2030-02-11", "area_ha": null, "tenure_type": "Boundary Cell Mining Claim", "source": "Ontario MLAS operational claims (OGSEarth / LIO MapServer). Unofficial viewing data, not legal title.", "as_of": "2026-09-20", "role": "focus", "color": "#e8b040"}}, {"type": "Feature", "geometry": {"type": "Polygon", "coordinates": [[[-90.3063, 48.6583], [-90.3063, 48.6625], [-90.3125, 48.6625], [-90.3125, 48.6583], [-90.3063, 48.6583]]]}, "properties": {"company_id": "stardust-metal", "jurisdiction": "Ontario", "claim_id": "302774", "claim_name": null, "holder": "(100) STARDUST METAL CORP.", "status": "Active", "recorded_date": "2018-04-10", "anniversary_or_expiry": "2030-02-17", "area_ha": null, "tenure_type": "Single Cell Mining Claim", "source": "Ontario MLAS operational claims (OGSEarth / LIO MapServer). Unofficial viewing data, not legal title.", "as_of": "2026-09-20", "role": "focus", "color": "#e8b040"}}, {"type": "Feature", "geometry": {"type": "Polygon", "coordinates": [[[-90.1938, 48.6458], [-90.1938, 48.65], [-90.2, 48.65], [-90.2, 48.6458], [-90.1938, 48.6458]]]}, "properties": {"company_id": "stardust-metal", "jurisdiction": "Ontario", "claim_id": "305977", "claim_name": null, "holder": "(100) STARDUST METAL CORP.", "status": "Active", "recorded_date": "2018-04-10", "anniversary_or_expiry": "2030-09-15", "area_ha": null, "tenure_type": "Single Cell Mining Claim", "source": "Ontario MLAS operational claims (OGSEarth / LIO MapServer). Unofficial viewing data, not legal title.", "as_of": "2026-09-20", "role": "focus", "color": "#e8b040"}}, {"type": "Feature", "geometry": {"type": "Polygon", "coordinates": [[[-89.8125, 48.5833], [-89.8125, 48.5875], [-89.8188, 48.5875], [-89.8188, 48.5833], [-89.8125, 48.5833]]]}, "properties": {"company_id": "stardust-metal", "jurisdiction": "Ontario", "claim_id": "306560", "claim_name": null, "holder": "(100) STARDUST METAL CORP.", "status": "Active", "recorded_date": "2018-04-10", "anniversary_or_expiry": "2030-06-02", "area_ha": null, "tenure_type": "Single Cell Mining Claim", "source": "Ontario MLAS operational claims (OGSEarth / LIO MapServer). Unofficial viewing data, not legal title.", "as_of": "2026-09-20", "role": "focus", "color": "#e8b040"}}, {"type": "Feature", "geometry": {"type": "Polygon", "coordinates": [[[-90.0625, 48.625], [-90.0625, 48.6292], [-90.0688, 48.6292], [-90.0688, 48.625], [-90.0625, 48.625]]]}, "properties": {"company_id": "stardust-metal", "jurisdiction": "Ontario", "claim_id": "306796", "claim_name": null, "holder": "(100) STARDUST METAL CORP.", "status": "Active", "recorded_date": "2018-04-10", "anniversary_or_expiry": "2030-04-04", "area_ha": null, "tenure_type": "Single Cell Mining Claim", "source": "Ontario MLAS operational claims (OGSEarth / LIO MapServer). Unofficial viewing data, not legal title.", "as_of": "2026-09-20", "role": "focus", "color": "#e8b040"}}, {"type": "Feature", "geometry": {"type": "Polygon", "coordinates": [[[-90.1875, 48.6583], [-90.1875, 48.6625], [-90.1938, 48.6625], [-90.1938, 48.6583], [-90.1875, 48.6583]]]}, "properties": {"company_id": "stardust-metal", "jurisdiction": "Ontario", "claim_id": "305083", "claim_name": null, "holder": "(100) STARDUST METAL CORP.", "status": "Active", "recorded_date": "2018-04-10", "anniversary_or_expiry": "2030-04-19", "area_ha": null, "tenure_type": "Single Cell Mining Claim", "source": "Ontario MLAS operational claims (OGSEarth / LIO MapServer). Unofficial viewing data, not legal title.", "as_of": "2026-09-20", "role": "focus", "color": "#e8b040"}}, {"type": "Feature", "geometry": {"type": "Polygon", "coordinates": [[[-80.1625, 48.1125], [-80.1625, 48.1167], [-80.1688, 48.1167], [-80.1688, 48.1125], [-80.1625, 48.1125]]]}, "properties": {"company_id": "stardust-metal", "jurisdiction": "Ontario", "claim_id": "305107", "claim_name": null, "holder": "(100) STARDUST METAL CORP.", "status": "Active", "recorded_date": "2018-04-10", "anniversary_or_expiry": "2030-04-13", "area_ha": null, "tenure_type": "Boundary Cell Mining Claim", "source": "Ontario MLAS operational claims (OGSEarth / LIO MapServer). Unofficial viewing data, not legal title.", "as_of": "2026-09-20", "role": "focus", "color": "#e8b040"}}, {"type": "Feature", "geometry": {"type": "Polygon", "coordinates": [[[-80.2625, 48.075], [-80.2625, 48.0792], [-80.2688, 48.0792], [-80.2688, 48.075], [-80.2625, 48.075]]]}, "properties": {"company_id": "stardust-metal", "jurisdiction": "Ontario", "claim_id": "306380", "claim_name": null, "holder": "(100) STARDUST METAL CORP.", "status": "Active", "recorded_date": "2018-04-10", "anniversary_or_expiry": "2027-02-11", "area_ha": null, "tenure_type": "Single Cell Mining Claim", "source": "Ontario MLAS operational claims (OGSEarth / LIO MapServer). Unofficial viewing data, not legal title.", "as_of": "2026-09-20", "role": "focus", "color": "#e8b040"}}, {"type": "Feature", "geometry": {"type": "Polygon", "coordinates": [[[-80.2625, 48.0833], [-80.2625, 48.0875], [-80.2688, 48.0875], [-80.2688, 48.0833], [-80.2625, 48.0833]]]}, "properties": {"company_id": "stardust-metal", "jurisdiction": "Ontario", "claim_id": "306407", "claim_name": null, "holder": "(100) STARDUST METAL CORP.", "status": "Active", "recorded_date": "2018-04-10", "anniversary_or_expiry": "2027-02-11", "area_ha": null, "tenure_type": "Single Cell Mining Claim", "source": "Ontario MLAS operational claims (OGSEarth / LIO MapServer). Unofficial viewing data, not legal title.", "as_of": "2026-09-20", "role": "focus", "color": "#e8b040"}}, {"type": "Feature", "geometry": {"type": "Polygon", "coordinates": [[[-90.25, 48.6583], [-90.25, 48.6625], [-90.2563, 48.6625], [-90.2563, 48.6583], [-90.25, 48.6583]]]}, "properties": {"company_id": "stardust-metal", "jurisdiction": "Ontario", "claim_id": "306492", "claim_name": null, "holder": "(100) STARDUST METAL CORP.", "status": "Active", "recorded_date": "2018-04-10", "anniversary_or_expiry": "2030-04-19", "area_ha": null, "tenure_type": "Single Cell Mining Claim", "source": "Ontario MLAS operational claims (OGSEarth / LIO MapServer). Unofficial viewing data, not legal title.", "as_of": "2026-09-20", "role": "focus", "color": "#e8b040"}}, {"type": "Feature", "geometry": {"type": "Polygon", "coordinates": [[[-80.225, 48.0792], [-80.225, 48.0833], [-80.2313, 48.0833], [-80.2313, 48.0792], [-80.225, 48.0792]]]}, "properties": {"company_id": "stardust-metal", "jurisdiction": "Ontario", "claim_id": "309440", "claim_name": null, "holder": "(100) STARDUST METAL CORP.", "status": "Active", "recorded_date": "2018-04-10", "anniversary_or_expiry": "2027-02-11", "area_ha": null, "tenure_type": "Single Cell Mining Claim", "source": "Ontario MLAS operational claims (OGSEarth / LIO MapServer). Unofficial viewing data, not legal title.", "as_of": "2026-09-20", "role": "focus", "color": "#e8b040"}}, {"type": "Feature", "geometry": {"type": "Polygon", "coordinates": [[[-90.1938, 48.6542], [-90.1938, 48.6583], [-90.2, 48.6583], [-90.2, 48.6542], [-90.1938, 48.6542]]]}, "properties": {"company_id": "stardust-metal", "jurisdiction": "Ontario", "claim_id": "309020", "claim_name": null, "holder": "(100) STARDUST METAL CORP.", "status": "Active", "recorded_date": "2018-04-10", "anniversary_or_expiry": "2030-04-19", "area_ha": null, "tenure_type": "Single Cell Mining Claim", "source": "Ontario MLAS operational claims (OGSEarth / LIO MapServer). Unofficial viewing data, not legal title.", "as_of": "2026-09-20", "role": "focus", "color": "#e8b040"}}, {"type": "Feature", "geometry": {"type": "Polygon", "coordinates": [[[-90.2, 48.6542], [-90.2, 48.6583], [-90.2063, 48.6583], [-90.2063, 48.6542], [-90.2, 48.6542]]]}, "properties": {"company_id": "stardust-metal", "jurisdiction": "Ontario", "claim_id": "309021", "claim_name": null, "holder": "(100) STARDUST METAL CORP.", "status": "Active", "recorded_date": "2018-04-10", "anniversary_or_expiry": "2030-05-10", "area_ha": null, "tenure_type": "Single Cell Mining Claim", "source": "Ontario MLAS operational claims (OGSEarth / LIO MapServer). Unofficial viewing data, not legal title.", "as_of": "2026-09-20", "role": "focus", "color": "#e8b040"}}, {"type": "Feature", "geometry": {"type": "Polygon", "coordinates": [[[-89.7938, 48.5833], [-89.7938, 48.5875], [-89.8, 48.5875], [-89.8, 48.5833], [-89.7938, 48.5833]]]}, "properties": {"company_id": "stardust-metal", "jurisdiction": "Ontario", "claim_id": "308486", "claim_name": null, "holder": "(100) STARDUST METAL CORP.", "status": "Active", "recorded_date": "2018-04-10", "anniversary_or_expiry": "2030-06-02", "area_ha": null, "tenure_type": "Single Cell Mining Claim", "source": "Ontario MLAS operational claims (OGSEarth / LIO MapServer). Unofficial viewing data, not legal title.", "as_of": "2026-09-20", "role": "focus", "color": "#e8b040"}}, {"type": "Feature", "geometry": {"type": "Polygon", "coordinates": [[[-90.225, 48.6625], [-90.225, 48.6667], [-90.2313, 48.6667], [-90.2313, 48.6625], [-90.225, 48.6625]]]}, "properties": {"company_id": "stardust-metal", "jurisdiction": "Ontario", "claim_id": "309095", "claim_name": null, "holder": "(100) STARDUST METAL CORP.", "status": "Active", "recorded_date": "2018-04-10", "anniversary_or_expiry": "2030-05-10", "area_ha": null, "tenure_type": "Single Cell Mining Claim", "source": "Ontario MLAS operational claims (OGSEarth / LIO MapServer). Unofficial viewing data, not legal title.", "as_of": "2026-09-20", "role": "focus", "color": "#e8b040"}}, {"type": "Feature", "geometry": {"type": "Polygon", "coordinates": [[[-90.2188, 48.6542], [-90.2188, 48.6583], [-90.225, 48.6583], [-90.225, 48.6542], [-90.2188, 48.6542]]]}, "properties": {"company_id": "stardust-metal", "jurisdiction": "Ontario", "claim_id": "309096", "claim_name": null, "holder": "(100) STARDUST METAL CORP.", "status": "Active", "recorded_date": "2018-04-10", "anniversary_or_expiry": "2030-09-11", "area_ha": null, "tenure_type": "Single Cell Mining Claim", "source": "Ontario MLAS operational claims (OGSEarth / LIO MapServer). Unofficial viewing data, not legal title.", "as_of": "2026-09-20", "role": "focus", "color": "#e8b040"}}, {"type": "Feature", "geometry": {"type": "Polygon", "coordinates": [[[-90.2, 48.6333], [-90.2, 48.6375], [-90.2063, 48.6375], [-90.2063, 48.6333], [-90.2, 48.6333]]]}, "properties": {"company_id": "stardust-metal", "jurisdiction": "Ontario", "claim_id": "310050", "claim_name": null, "holder": "(100) STARDUST METAL CORP.", "status": "Active", "recorded_date": "2018-04-10", "anniversary_or_expiry": "2030-03-22", "area_ha": null, "tenure_type": "Boundary Cell Mining Claim", "source": "Ontario MLAS operational claims (OGSEarth / LIO MapServer). Unofficial viewing data, not legal title.", "as_of": "2026-09-20", "role": "focus", "color": "#e8b040"}}, {"type": "Feature", "geometry": {"type": "Polygon", "coordinates": [[[-89.8188, 48.5917], [-89.8188, 48.5958], [-89.825, 48.5958], [-89.825, 48.5917], [-89.8188, 48.5917]]]}, "properties": {"company_id": "stardust-metal", "jurisdiction": "Ontario", "claim_id": "311213", "claim_name": null, "holder": "(100) STARDUST METAL CORP.", "status": "Active", "recorded_date": "2018-04-10", "anniversary_or_expiry": "2030-05-10", "area_ha": null, "tenure_type": "Single Cell Mining Claim", "source": "Ontario MLAS operational claims (OGSEarth / LIO MapServer). Unofficial viewing data, not legal title.", "as_of": "2026-09-20", "role": "focus", "color": "#e8b040"}}, {"type": "Feature", "geometry": {"type": "Polygon", "coordinates": [[[-90.1875, 48.6625], [-90.1875, 48.6667], [-90.1938, 48.6667], [-90.1938, 48.6625], [-90.1875, 48.6625]]]}, "properties": {"company_id": "stardust-metal", "jurisdiction": "Ontario", "claim_id": "311878", "claim_name": null, "holder": "(100) STARDUST METAL CORP.", "status": "Active", "recorded_date": "2018-04-10", "anniversary_or_expiry": "2030-04-19", "area_ha": null, "tenure_type": "Single Cell Mining Claim", "source": "Ontario MLAS operational claims (OGSEarth / LIO MapServer). Unofficial viewing data, not legal title.", "as_of": "2026-09-20", "role": "focus", "color": "#e8b040"}}, {"type": "Feature", "geometry": {"type": "Polygon", "coordinates": [[[-90.1813, 48.6583], [-90.1813, 48.6625], [-90.1875, 48.6625], [-90.1875, 48.6583], [-90.1813, 48.6583]]]}, "properties": {"company_id": "stardust-metal", "jurisdiction": "Ontario", "claim_id": "311879", "claim_name": null, "holder": "(100) STARDUST METAL CORP.", "status": "Active", "recorded_date": "2018-04-10", "anniversary_or_expiry": "2030-04-19", "area_ha": null, "tenure_type": "Single Cell Mining Claim", "source": "Ontario MLAS operational claims (OGSEarth / LIO MapServer). Unofficial viewing data, not legal title.", "as_of": "2026-09-20", "role": "focus", "color": "#e8b040"}}, {"type": "Feature", "geometry": {"type": "Polygon", "coordinates": [[[-90.175, 48.65], [-90.175, 48.6542], [-90.1813, 48.6542], [-90.1813, 48.65], [-90.175, 48.65]]]}, "properties": {"company_id": "stardust-metal", "jurisdiction": "Ontario", "claim_id": "311880", "claim_name": null, "holder": "(100) STARDUST METAL CORP.", "status": "Active", "recorded_date": "2018-04-10", "anniversary_or_expiry": "2030-04-19", "area_ha": null, "tenure_type": "Single Cell Mining Claim", "source": "Ontario MLAS operational claims (OGSEarth / LIO MapServer). Unofficial viewing data, not legal title.", "as_of": "2026-09-20", "role": "focus", "color": "#e8b040"}}, {"type": "Feature", "geometry": {"type": "Polygon", "coordinates": [[[-80.15, 48.1208], [-80.15, 48.125], [-80.1563, 48.125], [-80.1563, 48.1208], [-80.15, 48.1208]]]}, "properties": {"company_id": "stardust-metal", "jurisdiction": "Ontario", "claim_id": "311905", "claim_name": null, "holder": "(100) STARDUST METAL CORP.", "status": "Active", "recorded_date": "2018-04-10", "anniversary_or_expiry": "2030-04-13", "area_ha": null, "tenure_type": "Single Cell Mining Claim", "source": "Ontario MLAS operational claims (OGSEarth / LIO MapServer). Unofficial viewing data, not legal title.", "as_of": "2026-09-20", "role": "focus", "color": "#e8b040"}}, {"type": "Feature", "geometry": {"type": "Polygon", "coordinates": [[[-80.1563, 48.1208], [-80.1563, 48.125], [-80.1625, 48.125], [-80.1625, 48.1208], [-80.1563, 48.1208]]]}, "properties": {"company_id": "stardust-metal", "jurisdiction": "Ontario", "claim_id": "311906", "claim_name": null, "holder": "(100) STARDUST METAL CORP.", "status": "Active", "recorded_date": "2018-04-10", "anniversary_or_expiry": "2030-04-13", "area_ha": null, "tenure_type": "Single Cell Mining Claim", "source": "Ontario MLAS operational claims (OGSEarth / LIO MapServer). Unofficial viewing data, not legal title.", "as_of": "2026-09-20", "role": "focus", "color": "#e8b040"}}, {"type": "Feature", "geometry": {"type": "Polygon", "coordinates": [[[-90.1438, 48.6375], [-90.1438, 48.6417], [-90.15, 48.6417], [-90.15, 48.6375], [-90.1438, 48.6375]]]}, "properties": {"company_id": "stardust-metal", "jurisdiction": "Ontario", "claim_id": "310286", "claim_name": null, "holder": "(100) STARDUST METAL CORP.", "status": "Active", "recorded_date": "2018-04-10", "anniversary_or_expiry": "2030-03-27", "area_ha": null, "tenure_type": "Boundary Cell Mining Claim", "source": "Ontario MLAS operational claims (OGSEarth / LIO MapServer). Unofficial viewing data, not legal title.", "as_of": "2026-09-20", "role": "focus", "color": "#e8b040"}}, {"type": "Feature", "geometry": {"type": "Polygon", "coordinates": [[[-80.1375, 48.15], [-80.1375, 48.1542], [-80.1438, 48.1542], [-80.1438, 48.15], [-80.1375, 48.15]]]}, "properties": {"company_id": "stardust-metal", "jurisdiction": "Ontario", "claim_id": "309792", "claim_name": null, "holder": "(100) STARDUST METAL CORP.", "status": "Active", "recorded_date": "2018-04-10", "anniversary_or_expiry": "2030-09-28", "area_ha": null, "tenure_type": "Boundary Cell Mining Claim", "source": "Ontario MLAS operational claims (OGSEarth / LIO MapServer). Unofficial viewing data, not legal title.", "as_of": "2026-09-20", "role": "focus", "color": "#e8b040"}}, {"type": "Feature", "geometry": {"type": "Polygon", "coordinates": [[[-89.85, 48.5875], [-89.85, 48.5917], [-89.8563, 48.5917], [-89.8563, 48.5875], [-89.85, 48.5875]]]}, "properties": {"company_id": "stardust-metal", "jurisdiction": "Ontario", "claim_id": "311090", "claim_name": null, "holder": "(100) STARDUST METAL CORP.", "status": "Active", "recorded_date": "2018-04-10", "anniversary_or_expiry": "2030-06-19", "area_ha": null, "tenure_type": "Boundary Cell Mining Claim", "source": "Ontario MLAS operational claims (OGSEarth / LIO MapServer). Unofficial viewing data, not legal title.", "as_of": "2026-09-20", "role": "focus", "color": "#e8b040"}}, {"type": "Feature", "geometry": {"type": "Polygon", "coordinates": [[[-90.075, 48.625], [-90.075, 48.6292], [-90.0813, 48.6292], [-90.0813, 48.625], [-90.075, 48.625]]]}, "properties": {"company_id": "stardust-metal", "jurisdiction": "Ontario", "claim_id": "313527", "claim_name": null, "holder": "(100) STARDUST METAL CORP.", "status": "Active", "recorded_date": "2018-04-10", "anniversary_or_expiry": "2030-04-04", "area_ha": null, "tenure_type": "Single Cell Mining Claim", "source": "Ontario MLAS operational claims (OGSEarth / LIO MapServer). Unofficial viewing data, not legal title.", "as_of": "2026-09-20", "role": "focus", "color": "#e8b040"}}, {"type": "Feature", "geometry": {"type": "Polygon", "coordinates": [[[-90.2563, 48.6542], [-90.2563, 48.6583], [-90.2625, 48.6583], [-90.2625, 48.6542], [-90.2563, 48.6542]]]}, "properties": {"company_id": "stardust-metal", "jurisdiction": "Ontario", "claim_id": "313274", "claim_name": null, "holder": "(100) STARDUST METAL CORP.", "status": "Active", "recorded_date": "2018-04-10", "anniversary_or_expiry": "2030-04-19", "area_ha": null, "tenure_type": "Single Cell Mining Claim", "source": "Ontario MLAS operational claims (OGSEarth / LIO MapServer). Unofficial viewing data, not legal title.", "as_of": "2026-09-20", "role": "focus", "color": "#e8b040"}}, {"type": "Feature", "geometry": {"type": "Polygon", "coordinates": [[[-90.0688, 48.6333], [-90.0688, 48.6375], [-90.075, 48.6375], [-90.075, 48.6333], [-90.0688, 48.6333]]]}, "properties": {"company_id": "stardust-metal", "jurisdiction": "Ontario", "claim_id": "312216", "claim_name": null, "holder": "(100) STARDUST METAL CORP.", "status": "Active", "recorded_date": "2018-04-10", "anniversary_or_expiry": "2030-04-04", "area_ha": null, "tenure_type": "Single Cell Mining Claim", "source": "Ontario MLAS operational claims (OGSEarth / LIO MapServer). Unofficial viewing data, not legal title.", "as_of": "2026-09-20", "role": "focus", "color": "#e8b040"}}, {"type": "Feature", "geometry": {"type": "Polygon", "coordinates": [[[-90.1875, 48.6458], [-90.1875, 48.65], [-90.1938, 48.65], [-90.1938, 48.6458], [-90.1875, 48.6458]]]}, "properties": {"company_id": "stardust-metal", "jurisdiction": "Ontario", "claim_id": "315720", "claim_name": null, "holder": "(100) STARDUST METAL CORP.", "status": "Active", "recorded_date": "2018-04-10", "anniversary_or_expiry": "2030-04-19", "area_ha": null, "tenure_type": "Boundary Cell Mining Claim", "source": "Ontario MLAS operational claims (OGSEarth / LIO MapServer). Unofficial viewing data, not legal title.", "as_of": "2026-09-20", "role": "focus", "color": "#e8b040"}}, {"type": "Feature", "geometry": {"type": "Polygon", "coordinates": [[[-90.2063, 48.6458], [-90.2063, 48.65], [-90.2125, 48.65], [-90.2125, 48.6458], [-90.2063, 48.6458]]]}, "properties": {"company_id": "stardust-metal", "jurisdiction": "Ontario", "claim_id": "314925", "claim_name": null, "holder": "(100) STARDUST METAL CORP.", "status": "Active", "recorded_date": "2018-04-10", "anniversary_or_expiry": "2030-09-15", "area_ha": null, "tenure_type": "Single Cell Mining Claim", "source": "Ontario MLAS operational claims (OGSEarth / LIO MapServer). Unofficial viewing data, not legal title.", "as_of": "2026-09-20", "role": "focus", "color": "#e8b040"}}, {"type": "Feature", "geometry": {"type": "Polygon", "coordinates": [[[-90.2, 48.6292], [-90.2, 48.6333], [-90.2063, 48.6333], [-90.2063, 48.6292], [-90.2, 48.6292]]]}, "properties": {"company_id": "stardust-metal", "jurisdiction": "Ontario", "claim_id": "316093", "claim_name": null, "holder": "(100) STARDUST METAL CORP.", "status": "Active", "recorded_date": "2018-04-10", "anniversary_or_expiry": "2030-03-22", "area_ha": null, "tenure_type": "Single Cell Mining Claim", "source": "Ontario MLAS operational claims (OGSEarth / LIO MapServer). Unofficial viewing data, not legal title.", "as_of": "2026-09-20", "role": "focus", "color": "#e8b040"}}, {"type": "Feature", "geometry": {"type": "Polygon", "coordinates": [[[-90.175, 48.6333], [-90.175, 48.6375], [-90.1813, 48.6375], [-90.1813, 48.6333], [-90.175, 48.6333]]]}, "properties": {"company_id": "stardust-metal", "jurisdiction": "Ontario", "claim_id": "315012", "claim_name": null, "holder": "(100) STARDUST METAL CORP.", "status": "Active", "recorded_date": "2018-04-10", "anniversary_or_expiry": "2030-03-22", "area_ha": null, "tenure_type": "Boundary Cell Mining Claim", "source": "Ontario MLAS operational claims (OGSEarth / LIO MapServer). Unofficial viewing data, not legal title.", "as_of": "2026-09-20", "role": "focus", "color": "#e8b040"}}, {"type": "Feature", "geometry": {"type": "Polygon", "coordinates": [[[-80.1188, 48.1667], [-80.1188, 48.1708], [-80.125, 48.1708], [-80.125, 48.1667], [-80.1188, 48.1667]]]}, "properties": {"company_id": "stardust-metal", "jurisdiction": "Ontario", "claim_id": "314491", "claim_name": null, "holder": "(100) STARDUST METAL CORP.", "status": "Active", "recorded_date": "2018-04-10", "anniversary_or_expiry": "2030-12-03", "area_ha": null, "tenure_type": "Single Cell Mining Claim", "source": "Ontario MLAS operational claims (OGSEarth / LIO MapServer). Unofficial viewing data, not legal title.", "as_of": "2026-09-20", "role": "focus", "color": "#e8b040"}}, {"type": "Feature", "geometry": {"type": "Polygon", "coordinates": [[[-89.8125, 48.5917], [-89.8125, 48.5958], [-89.8188, 48.5958], [-89.8188, 48.5917], [-89.8125, 48.5917]]]}, "properties": {"company_id": "stardust-metal", "jurisdiction": "Ontario", "claim_id": "314535", "claim_name": null, "holder": "(100) STARDUST METAL CORP.", "status": "Active", "recorded_date": "2018-04-10", "anniversary_or_expiry": "2030-06-02", "area_ha": null, "tenure_type": "Single Cell Mining Claim", "source": "Ontario MLAS operational claims (OGSEarth / LIO MapServer). Unofficial viewing data, not legal title.", "as_of": "2026-09-20", "role": "focus", "color": "#e8b040"}}, {"type": "Feature", "geometry": {"type": "Polygon", "coordinates": [[[-90.1313, 48.6333], [-90.1313, 48.6375], [-90.1375, 48.6375], [-90.1375, 48.6333], [-90.1313, 48.6333]]]}, "properties": {"company_id": "stardust-metal", "jurisdiction": "Ontario", "claim_id": "317003", "claim_name": null, "holder": "(100) STARDUST METAL CORP.", "status": "Active", "recorded_date": "2018-04-10", "anniversary_or_expiry": "2030-03-27", "area_ha": null, "tenure_type": "Boundary Cell Mining Claim", "source": "Ontario MLAS operational claims (OGSEarth / LIO MapServer). Unofficial viewing data, not legal title.", "as_of": "2026-09-20", "role": "focus", "color": "#e8b040"}}, {"type": "Feature", "geometry": {"type": "Polygon", "coordinates": [[[-90.2813, 48.6583], [-90.2813, 48.6625], [-90.2875, 48.6625], [-90.2875, 48.6583], [-90.2813, 48.6583]]]}, "properties": {"company_id": "stardust-metal", "jurisdiction": "Ontario", "claim_id": "316720", "claim_name": null, "holder": "(100) STARDUST METAL CORP.", "status": "Active", "recorded_date": "2018-04-10", "anniversary_or_expiry": "2030-02-17", "area_ha": null, "tenure_type": "Single Cell Mining Claim", "source": "Ontario MLAS operational claims (OGSEarth / LIO MapServer). Unofficial viewing data, not legal title.", "as_of": "2026-09-20", "role": "focus", "color": "#e8b040"}}, {"type": "Feature", "geometry": {"type": "Polygon", "coordinates": [[[-90.3, 48.65], [-90.3, 48.6542], [-90.3063, 48.6542], [-90.3063, 48.65], [-90.3, 48.65]]]}, "properties": {"company_id": "stardust-metal", "jurisdiction": "Ontario", "claim_id": "319458", "claim_name": null, "holder": "(100) STARDUST METAL CORP.", "status": "Active", "recorded_date": "2018-04-10", "anniversary_or_expiry": "2030-02-17", "area_ha": null, "tenure_type": "Single Cell Mining Claim", "source": "Ontario MLAS operational claims (OGSEarth / LIO MapServer). Unofficial viewing data, not legal title.", "as_of": "2026-09-20", "role": "focus", "color": "#e8b040"}}, {"type": "Feature", "geometry": {"type": "Polygon", "coordinates": [[[-89.8063, 48.5833], [-89.8063, 48.5875], [-89.8125, 48.5875], [-89.8125, 48.5833], [-89.8063, 48.5833]]]}, "properties": {"company_id": "stardust-metal", "jurisdiction": "Ontario", "claim_id": "328012", "claim_name": null, "holder": "(100) STARDUST METAL CORP.", "status": "Active", "recorded_date": "2018-04-10", "anniversary_or_expiry": "2030-06-02", "area_ha": null, "tenure_type": "Single Cell Mining Claim", "source": "Ontario MLAS operational claims (OGSEarth / LIO MapServer). Unofficial viewing data, not legal title.", "as_of": "2026-09-20", "role": "focus", "color": "#e8b040"}}, {"type": "Feature", "geometry": {"type": "Polygon", "coordinates": [[[-80.225, 48.0917], [-80.225, 48.0958], [-80.2313, 48.0958], [-80.2313, 48.0917], [-80.225, 48.0917]]]}, "properties": {"company_id": "stardust-metal", "jurisdiction": "Ontario", "claim_id": "326309", "claim_name": null, "holder": "(100) STARDUST METAL CORP.", "status": "Active", "recorded_date": "2018-04-10", "anniversary_or_expiry": "2027-02-11", "area_ha": null, "tenure_type": "Boundary Cell Mining Claim", "source": "Ontario MLAS operational claims (OGSEarth / LIO MapServer). Unofficial viewing data, not legal title.", "as_of": "2026-09-20", "role": "focus", "color": "#e8b040"}}, {"type": "Feature", "geometry": {"type": "Polygon", "coordinates": [[[-80.2438, 48.0833], [-80.2438, 48.0875], [-80.25, 48.0875], [-80.25, 48.0833], [-80.2438, 48.0833]]]}, "properties": {"company_id": "stardust-metal", "jurisdiction": "Ontario", "claim_id": "325882", "claim_name": null, "holder": "(100) STARDUST METAL CORP.", "status": "Active", "recorded_date": "2018-04-10", "anniversary_or_expiry": "2027-02-11", "area_ha": null, "tenure_type": "Single Cell Mining Claim", "source": "Ontario MLAS operational claims (OGSEarth / LIO MapServer). Unofficial viewing data, not legal title.", "as_of": "2026-09-20", "role": "focus", "color": "#e8b040"}}, {"type": "Feature", "geometry": {"type": "Polygon", "coordinates": [[[-90.2375, 48.6417], [-90.2375, 48.6458], [-90.2438, 48.6458], [-90.2438, 48.6417], [-90.2375, 48.6417]]]}, "properties": {"company_id": "stardust-metal", "jurisdiction": "Ontario", "claim_id": "326065", "claim_name": null, "holder": "(100) STARDUST METAL CORP.", "status": "Active", "recorded_date": "2018-04-10", "anniversary_or_expiry": "2030-12-23", "area_ha": null, "tenure_type": "Single Cell Mining Claim", "source": "Ontario MLAS operational claims (OGSEarth / LIO MapServer). Unofficial viewing data, not legal title.", "as_of": "2026-09-20", "role": "focus", "color": "#e8b040"}}, {"type": "Feature", "geometry": {"type": "Polygon", "coordinates": [[[-90.1813, 48.6542], [-90.1813, 48.6583], [-90.1875, 48.6583], [-90.1875, 48.6542], [-90.1813, 48.6542]]]}, "properties": {"company_id": "stardust-metal", "jurisdiction": "Ontario", "claim_id": "328438", "claim_name": null, "holder": "(100) STARDUST METAL CORP.", "status": "Active", "recorded_date": "2018-04-10", "anniversary_or_expiry": "2030-04-19", "area_ha": null, "tenure_type": "Single Cell Mining Claim", "source": "Ontario MLAS operational claims (OGSEarth / LIO MapServer). Unofficial viewing data, not legal title.", "as_of": "2026-09-20", "role": "focus", "color": "#e8b040"}}, {"type": "Feature", "geometry": {"type": "Polygon", "coordinates": [[[-90.225, 48.6583], [-90.225, 48.6625], [-90.2313, 48.6625], [-90.2313, 48.6583], [-90.225, 48.6583]]]}, "properties": {"company_id": "stardust-metal", "jurisdiction": "Ontario", "claim_id": "328508", "claim_name": null, "holder": "(100) STARDUST METAL CORP.", "status": "Active", "recorded_date": "2018-04-10", "anniversary_or_expiry": "2030-05-10", "area_ha": null, "tenure_type": "Single Cell Mining Claim", "source": "Ontario MLAS operational claims (OGSEarth / LIO MapServer). Unofficial viewing data, not legal title.", "as_of": "2026-09-20", "role": "focus", "color": "#e8b040"}}, {"type": "Feature", "geometry": {"type": "Polygon", "coordinates": [[[-80.1375, 48.1417], [-80.1375, 48.1458], [-80.1438, 48.1458], [-80.1438, 48.1417], [-80.1375, 48.1417]]]}, "properties": {"company_id": "stardust-metal", "jurisdiction": "Ontario", "claim_id": "328031", "claim_name": null, "holder": "(100) STARDUST METAL CORP.", "status": "Active", "recorded_date": "2018-04-10", "anniversary_or_expiry": "2030-09-28", "area_ha": null, "tenure_type": "Boundary Cell Mining Claim", "source": "Ontario MLAS operational claims (OGSEarth / LIO MapServer). Unofficial viewing data, not legal title.", "as_of": "2026-09-20", "role": "focus", "color": "#e8b040"}}, {"type": "Feature", "geometry": {"type": "Polygon", "coordinates": [[[-80.1438, 48.1292], [-80.1438, 48.1333], [-80.15, 48.1333], [-80.15, 48.1292], [-80.1438, 48.1292]]]}, "properties": {"company_id": "stardust-metal", "jurisdiction": "Ontario", "claim_id": "331270", "claim_name": null, "holder": "(100) STARDUST METAL CORP.", "status": "Active", "recorded_date": "2018-04-10", "anniversary_or_expiry": "2030-04-13", "area_ha": null, "tenure_type": "Boundary Cell Mining Claim", "source": "Ontario MLAS operational claims (OGSEarth / LIO MapServer). Unofficial viewing data, not legal title.", "as_of": "2026-09-20", "role": "focus", "color": "#e8b040"}}, {"type": "Feature", "geometry": {"type": "Polygon", "coordinates": [[[-89.8375, 48.6125], [-89.8375, 48.6167], [-89.8438, 48.6167], [-89.8438, 48.6125], [-89.8375, 48.6125]]]}, "properties": {"company_id": "stardust-metal", "jurisdiction": "Ontario", "claim_id": "331976", "claim_name": null, "holder": "(100) STARDUST METAL CORP.", "status": "Active", "recorded_date": "2018-04-10", "anniversary_or_expiry": "2030-02-16", "area_ha": null, "tenure_type": "Single Cell Mining Claim", "source": "Ontario MLAS operational claims (OGSEarth / LIO MapServer). Unofficial viewing data, not legal title.", "as_of": "2026-09-20", "role": "focus", "color": "#e8b040"}}, {"type": "Feature", "geometry": {"type": "Polygon", "coordinates": [[[-89.8063, 48.5917], [-89.8063, 48.5958], [-89.8125, 48.5958], [-89.8125, 48.5917], [-89.8063, 48.5917]]]}, "properties": {"company_id": "stardust-metal", "jurisdiction": "Ontario", "claim_id": "332004", "claim_name": null, "holder": "(100) STARDUST METAL CORP.", "status": "Active", "recorded_date": "2018-04-10", "anniversary_or_expiry": "2030-06-02", "area_ha": null, "tenure_type": "Single Cell Mining Claim", "source": "Ontario MLAS operational claims (OGSEarth / LIO MapServer). Unofficial viewing data, not legal title.", "as_of": "2026-09-20", "role": "focus", "color": "#e8b040"}}, {"type": "Feature", "geometry": {"type": "Polygon", "coordinates": [[[-89.8063, 48.5875], [-89.8063, 48.5917], [-89.8125, 48.5917], [-89.8125, 48.5875], [-89.8063, 48.5875]]]}, "properties": {"company_id": "stardust-metal", "jurisdiction": "Ontario", "claim_id": "332005", "claim_name": null, "holder": "(100) STARDUST METAL CORP.", "status": "Active", "recorded_date": "2018-04-10", "anniversary_or_expiry": "2030-06-02", "area_ha": null, "tenure_type": "Single Cell Mining Claim", "source": "Ontario MLAS operational claims (OGSEarth / LIO MapServer). Unofficial viewing data, not legal title.", "as_of": "2026-09-20", "role": "focus", "color": "#e8b040"}}, {"type": "Feature", "geometry": {"type": "Polygon", "coordinates": [[[-90.2438, 48.6542], [-90.2438, 48.6583], [-90.25, 48.6583], [-90.25, 48.6542], [-90.2438, 48.6542]]]}, "properties": {"company_id": "stardust-metal", "jurisdiction": "Ontario", "claim_id": "331553", "claim_name": null, "holder": "(100) STARDUST METAL CORP.", "status": "Active", "recorded_date": "2018-04-10", "anniversary_or_expiry": "2030-09-11", "area_ha": null, "tenure_type": "Single Cell Mining Claim", "source": "Ontario MLAS operational claims (OGSEarth / LIO MapServer). Unofficial viewing data, not legal title.", "as_of": "2026-09-20", "role": "focus", "color": "#e8b040"}}, {"type": "Feature", "geometry": {"type": "Polygon", "coordinates": [[[-90.25, 48.6542], [-90.25, 48.6583], [-90.2563, 48.6583], [-90.2563, 48.6542], [-90.25, 48.6542]]]}, "properties": {"company_id": "stardust-metal", "jurisdiction": "Ontario", "claim_id": "331554", "claim_name": null, "holder": "(100) STARDUST METAL CORP.", "status": "Active", "recorded_date": "2018-04-10", "anniversary_or_expiry": "2030-09-11", "area_ha": null, "tenure_type": "Single Cell Mining Claim", "source": "Ontario MLAS operational claims (OGSEarth / LIO MapServer). Unofficial viewing data, not legal title.", "as_of": "2026-09-20", "role": "focus", "color": "#e8b040"}}, {"type": "Feature", "geometry": {"type": "Polygon", "coordinates": [[[-90.2438, 48.6417], [-90.2438, 48.6458], [-90.25, 48.6458], [-90.25, 48.6417], [-90.2438, 48.6417]]]}, "properties": {"company_id": "stardust-metal", "jurisdiction": "Ontario", "claim_id": "331585", "claim_name": null, "holder": "(100) STARDUST METAL CORP.", "status": "Active", "recorded_date": "2018-04-10", "anniversary_or_expiry": "2030-09-11", "area_ha": null, "tenure_type": "Single Cell Mining Claim", "source": "Ontario MLAS operational claims (OGSEarth / LIO MapServer). Unofficial viewing data, not legal title.", "as_of": "2026-09-20", "role": "focus", "color": "#e8b040"}}, {"type": "Feature", "geometry": {"type": "Polygon", "coordinates": [[[-80.1313, 48.1292], [-80.1313, 48.1333], [-80.1375, 48.1333], [-80.1375, 48.1292], [-80.1313, 48.1292]]]}, "properties": {"company_id": "stardust-metal", "jurisdiction": "Ontario", "claim_id": "331590", "claim_name": null, "holder": "(100) STARDUST METAL CORP.", "status": "Active", "recorded_date": "2018-04-10", "anniversary_or_expiry": "2030-02-16", "area_ha": null, "tenure_type": "Boundary Cell Mining Claim", "source": "Ontario MLAS operational claims (OGSEarth / LIO MapServer). Unofficial viewing data, not legal title.", "as_of": "2026-09-20", "role": "focus", "color": "#e8b040"}}, {"type": "Feature", "geometry": {"type": "Polygon", "coordinates": [[[-89.8375, 48.6042], [-89.8375, 48.6083], [-89.8438, 48.6083], [-89.8438, 48.6042], [-89.8375, 48.6042]]]}, "properties": {"company_id": "stardust-metal", "jurisdiction": "Ontario", "claim_id": "331760", "claim_name": null, "holder": "(100) STARDUST METAL CORP.", "status": "Active", "recorded_date": "2018-04-10", "anniversary_or_expiry": "2030-02-16", "area_ha": null, "tenure_type": "Single Cell Mining Claim", "source": "Ontario MLAS operational claims (OGSEarth / LIO MapServer). Unofficial viewing data, not legal title.", "as_of": "2026-09-20", "role": "focus", "color": "#e8b040"}}, {"type": "Feature", "geometry": {"type": "Polygon", "coordinates": [[[-89.8375, 48.5917], [-89.8375, 48.5958], [-89.8438, 48.5958], [-89.8438, 48.5917], [-89.8375, 48.5917]]]}, "properties": {"company_id": "stardust-metal", "jurisdiction": "Ontario", "claim_id": "334326", "claim_name": null, "holder": "(100) STARDUST METAL CORP.", "status": "Active", "recorded_date": "2018-04-10", "anniversary_or_expiry": "2030-05-10", "area_ha": null, "tenure_type": "Single Cell Mining Claim", "source": "Ontario MLAS operational claims (OGSEarth / LIO MapServer). Unofficial viewing data, not legal title.", "as_of": "2026-09-20", "role": "focus", "color": "#e8b040"}}, {"type": "Feature", "geometry": {"type": "Polygon", "coordinates": [[[-80.1063, 48.1542], [-80.1063, 48.1583], [-80.1125, 48.1583], [-80.1125, 48.1542], [-80.1063, 48.1542]]]}, "properties": {"company_id": "stardust-metal", "jurisdiction": "Ontario", "claim_id": "334405", "claim_name": null, "holder": "(100) STARDUST METAL CORP.", "status": "Active", "recorded_date": "2018-04-10", "anniversary_or_expiry": "2030-03-19", "area_ha": null, "tenure_type": "Boundary Cell Mining Claim", "source": "Ontario MLAS operational claims (OGSEarth / LIO MapServer). Unofficial viewing data, not legal title.", "as_of": "2026-09-20", "role": "focus", "color": "#e8b040"}}, {"type": "Feature", "geometry": {"type": "Polygon", "coordinates": [[[-89.8625, 48.6083], [-89.8625, 48.6125], [-89.8688, 48.6125], [-89.8688, 48.6083], [-89.8625, 48.6083]]]}, "properties": {"company_id": "stardust-metal", "jurisdiction": "Ontario", "claim_id": "334456", "claim_name": null, "holder": "(100) STARDUST METAL CORP.", "status": "Active", "recorded_date": "2018-04-10", "anniversary_or_expiry": "2030-02-16", "area_ha": null, "tenure_type": "Single Cell Mining Claim", "source": "Ontario MLAS operational claims (OGSEarth / LIO MapServer). Unofficial viewing data, not legal title.", "as_of": "2026-09-20", "role": "focus", "color": "#e8b040"}}, {"type": "Feature", "geometry": {"type": "Polygon", "coordinates": [[[-90.175, 48.6583], [-90.175, 48.6625], [-90.1813, 48.6625], [-90.1813, 48.6583], [-90.175, 48.6583]]]}, "properties": {"company_id": "stardust-metal", "jurisdiction": "Ontario", "claim_id": "334514", "claim_name": null, "holder": "(100) STARDUST METAL CORP.", "status": "Active", "recorded_date": "2018-04-10", "anniversary_or_expiry": "2030-04-19", "area_ha": null, "tenure_type": "Single Cell Mining Claim", "source": "Ontario MLAS operational claims (OGSEarth / LIO MapServer). Unofficial viewing data, not legal title.", "as_of": "2026-09-20", "role": "focus", "color": "#e8b040"}}, {"type": "Feature", "geometry": {"type": "Polygon", "coordinates": [[[-90.225, 48.6542], [-90.225, 48.6583], [-90.2313, 48.6583], [-90.2313, 48.6542], [-90.225, 48.6542]]]}, "properties": {"company_id": "stardust-metal", "jurisdiction": "Ontario", "claim_id": "337226", "claim_name": null, "holder": "(100) STARDUST METAL CORP.", "status": "Active", "recorded_date": "2018-04-10", "anniversary_or_expiry": "2030-09-11", "area_ha": null, "tenure_type": "Single Cell Mining Claim", "source": "Ontario MLAS operational claims (OGSEarth / LIO MapServer). Unofficial viewing data, not legal title.", "as_of": "2026-09-20", "role": "focus", "color": "#e8b040"}}, {"type": "Feature", "geometry": {"type": "Polygon", "coordinates": [[[-90.2625, 48.6583], [-90.2625, 48.6625], [-90.2688, 48.6625], [-90.2688, 48.6583], [-90.2625, 48.6583]]]}, "properties": {"company_id": "stardust-metal", "jurisdiction": "Ontario", "claim_id": "338286", "claim_name": null, "holder": "(100) STARDUST METAL CORP.", "status": "Active", "recorded_date": "2018-04-10", "anniversary_or_expiry": "2030-04-19", "area_ha": null, "tenure_type": "Single Cell Mining Claim", "source": "Ontario MLAS operational claims (OGSEarth / LIO MapServer). Unofficial viewing data, not legal title.", "as_of": "2026-09-20", "role": "focus", "color": "#e8b040"}}, {"type": "Feature", "geometry": {"type": "Polygon", "coordinates": [[[-90.2813, 48.6542], [-90.2813, 48.6583], [-90.2875, 48.6583], [-90.2875, 48.6542], [-90.2813, 48.6542]]]}, "properties": {"company_id": "stardust-metal", "jurisdiction": "Ontario", "claim_id": "338287", "claim_name": null, "holder": "(100) STARDUST METAL CORP.", "status": "Active", "recorded_date": "2018-04-10", "anniversary_or_expiry": "2030-02-17", "area_ha": null, "tenure_type": "Single Cell Mining Claim", "source": "Ontario MLAS operational claims (OGSEarth / LIO MapServer). Unofficial viewing data, not legal title.", "as_of": "2026-09-20", "role": "focus", "color": "#e8b040"}}, {"type": "Feature", "geometry": {"type": "Polygon", "coordinates": [[[-90.2875, 48.6417], [-90.2875, 48.6458], [-90.2938, 48.6458], [-90.2938, 48.6417], [-90.2875, 48.6417]]]}, "properties": {"company_id": "stardust-metal", "jurisdiction": "Ontario", "claim_id": "344972", "claim_name": null, "holder": "(100) STARDUST METAL CORP.", "status": "Active", "recorded_date": "2018-04-10", "anniversary_or_expiry": "2030-10-15", "area_ha": null, "tenure_type": "Single Cell Mining Claim", "source": "Ontario MLAS operational claims (OGSEarth / LIO MapServer). Unofficial viewing data, not legal title.", "as_of": "2026-09-20", "role": "focus", "color": "#e8b040"}}, {"type": "Feature", "geometry": {"type": "Polygon", "coordinates": [[[-90.0688, 48.6292], [-90.0688, 48.6333], [-90.075, 48.6333], [-90.075, 48.6292], [-90.0688, 48.6292]]]}, "properties": {"company_id": "stardust-metal", "jurisdiction": "Ontario", "claim_id": "345018", "claim_name": null, "holder": "(100) STARDUST METAL CORP.", "status": "Active", "recorded_date": "2018-04-10", "anniversary_or_expiry": "2030-04-04", "area_ha": null, "tenure_type": "Single Cell Mining Claim", "source": "Ontario MLAS operational claims (OGSEarth / LIO MapServer). Unofficial viewing data, not legal title.", "as_of": "2026-09-20", "role": "focus", "color": "#e8b040"}}, {"type": "Feature", "geometry": {"type": "Polygon", "coordinates": [[[-90.0563, 48.625], [-90.0563, 48.6292], [-90.0625, 48.6292], [-90.0625, 48.625], [-90.0563, 48.625]]]}, "properties": {"company_id": "stardust-metal", "jurisdiction": "Ontario", "claim_id": "345019", "claim_name": null, "holder": "(100) STARDUST METAL CORP.", "status": "Active", "recorded_date": "2018-04-10", "anniversary_or_expiry": "2030-04-04", "area_ha": null, "tenure_type": "Single Cell Mining Claim", "source": "Ontario MLAS operational claims (OGSEarth / LIO MapServer). Unofficial viewing data, not legal title.", "as_of": "2026-09-20", "role": "focus", "color": "#e8b040"}}, {"type": "Feature", "geometry": {"type": "Polygon", "coordinates": [[[-90.2125, 48.6375], [-90.2125, 48.6417], [-90.2188, 48.6417], [-90.2188, 48.6375], [-90.2125, 48.6375]]]}, "properties": {"company_id": "stardust-metal", "jurisdiction": "Ontario", "claim_id": "344918", "claim_name": null, "holder": "(100) STARDUST METAL CORP.", "status": "Active", "recorded_date": "2018-04-10", "anniversary_or_expiry": "2030-02-26", "area_ha": null, "tenure_type": "Single Cell Mining Claim", "source": "Ontario MLAS operational claims (OGSEarth / LIO MapServer). Unofficial viewing data, not legal title.", "as_of": "2026-09-20", "role": "focus", "color": "#e8b040"}}, {"type": "Feature", "geometry": {"type": "Polygon", "coordinates": [[[-80.1375, 48.1542], [-80.1375, 48.15], [-80.125, 48.15], [-80.125, 48.1625], [-80.1313, 48.1625], [-80.1313, 48.1667], [-80.1375, 48.1667], [-80.1375, 48.1542]]]}, "properties": {"company_id": "stardust-metal", "jurisdiction": "Ontario", "claim_id": "535355", "claim_name": null, "holder": "(100) STARDUST METAL CORP.", "status": "Active", "recorded_date": "2018-11-23", "anniversary_or_expiry": "2030-06-01", "area_ha": null, "tenure_type": "Multi-cell Mining Claim", "source": "Ontario MLAS operational claims (OGSEarth / LIO MapServer). Unofficial viewing data, not legal title.", "as_of": "2026-09-20", "role": "focus", "color": "#e8b040"}}, {"type": "Feature", "geometry": {"type": "Polygon", "coordinates": [[[-80.125, 48.1583], [-80.125, 48.1542], [-80.1125, 48.1542], [-80.1125, 48.1625], [-80.1063, 48.1625], [-80.1063, 48.1667], [-80.1188, 48.1667], [-80.1188, 48.1625], [-80.125, 48.1625], [-80.125, 48.1583]]]}, "properties": {"company_id": "stardust-metal", "jurisdiction": "Ontario", "claim_id": "535356", "claim_name": null, "holder": "(100) STARDUST METAL CORP.", "status": "Active", "recorded_date": "2018-11-23", "anniversary_or_expiry": "2030-03-19", "area_ha": null, "tenure_type": "Multi-cell Mining Claim", "source": "Ontario MLAS operational claims (OGSEarth / LIO MapServer). Unofficial viewing data, not legal title.", "as_of": "2026-09-20", "role": "focus", "color": "#e8b040"}}, {"type": "Feature", "geometry": {"type": "Polygon", "coordinates": [[[-80.125, 48.15], [-80.125, 48.1458], [-80.1063, 48.1458], [-80.1063, 48.1542], [-80.125, 48.1542], [-80.125, 48.15]]]}, "properties": {"company_id": "stardust-metal", "jurisdiction": "Ontario", "claim_id": "535357", "claim_name": null, "holder": "(100) STARDUST METAL CORP.", "status": "Active", "recorded_date": "2018-11-23", "anniversary_or_expiry": "2030-03-18", "area_ha": null, "tenure_type": "Multi-cell Mining Claim", "source": "Ontario MLAS operational claims (OGSEarth / LIO MapServer). Unofficial viewing data, not legal title.", "as_of": "2026-09-20", "role": "focus", "color": "#e8b040"}}, {"type": "Feature", "geometry": {"type": "Polygon", "coordinates": [[[-80.1375, 48.1458], [-80.1375, 48.1417], [-80.1125, 48.1417], [-80.1125, 48.1458], [-80.125, 48.1458], [-80.125, 48.15], [-80.1375, 48.15], [-80.1375, 48.1458]]]}, "properties": {"company_id": "stardust-metal", "jurisdiction": "Ontario", "claim_id": "535358", "claim_name": null, "holder": "(100) STARDUST METAL CORP.", "status": "Active", "recorded_date": "2018-11-23", "anniversary_or_expiry": "2030-09-28", "area_ha": null, "tenure_type": "Multi-cell Mining Claim", "source": "Ontario MLAS operational claims (OGSEarth / LIO MapServer). Unofficial viewing data, not legal title.", "as_of": "2026-09-20", "role": "focus", "color": "#e8b040"}}, {"type": "Feature", "geometry": {"type": "Polygon", "coordinates": [[[-80.1438, 48.1375], [-80.1438, 48.1333], [-80.1313, 48.1333], [-80.1313, 48.1375], [-80.1188, 48.1375], [-80.1188, 48.1417], [-80.1438, 48.1417], [-80.1438, 48.1375]]]}, "properties": {"company_id": "stardust-metal", "jurisdiction": "Ontario", "claim_id": "535359", "claim_name": null, "holder": "(100) STARDUST METAL CORP.", "status": "Active", "recorded_date": "2018-11-23", "anniversary_or_expiry": "2030-02-16", "area_ha": null, "tenure_type": "Multi-cell Mining Claim", "source": "Ontario MLAS operational claims (OGSEarth / LIO MapServer). Unofficial viewing data, not legal title.", "as_of": "2026-09-20", "role": "focus", "color": "#e8b040"}}, {"type": "Feature", "geometry": {"type": "Polygon", "coordinates": [[[-80.15, 48.1208], [-80.15, 48.1167], [-80.1375, 48.1167], [-80.1375, 48.1333], [-80.1438, 48.1333], [-80.1438, 48.125], [-80.15, 48.125], [-80.15, 48.1208]]]}, "properties": {"company_id": "stardust-metal", "jurisdiction": "Ontario", "claim_id": "535360", "claim_name": null, "holder": "(100) STARDUST METAL CORP.", "status": "Active", "recorded_date": "2018-11-23", "anniversary_or_expiry": "2030-04-13", "area_ha": null, "tenure_type": "Multi-cell Mining Claim", "source": "Ontario MLAS operational claims (OGSEarth / LIO MapServer). Unofficial viewing data, not legal title.", "as_of": "2026-09-20", "role": "focus", "color": "#e8b040"}}, {"type": "Feature", "geometry": {"type": "Polygon", "coordinates": [[[-80.1688, 48.1208], [-80.1688, 48.1167], [-80.15, 48.1167], [-80.15, 48.1208], [-80.1625, 48.1208], [-80.1625, 48.125], [-80.1688, 48.125], [-80.1688, 48.1208]]]}, "properties": {"company_id": "stardust-metal", "jurisdiction": "Ontario", "claim_id": "535361", "claim_name": null, "holder": "(100) STARDUST METAL CORP.", "status": "Active", "recorded_date": "2018-11-23", "anniversary_or_expiry": "2030-04-13", "area_ha": null, "tenure_type": "Multi-cell Mining Claim", "source": "Ontario MLAS operational claims (OGSEarth / LIO MapServer). Unofficial viewing data, not legal title.", "as_of": "2026-09-20", "role": "focus", "color": "#e8b040"}}, {"type": "Feature", "geometry": {"type": "Polygon", "coordinates": [[[-80.1375, 48.1125], [-80.1313, 48.1125], [-80.1313, 48.1208], [-80.1375, 48.1208], [-80.1375, 48.1167], [-80.1438, 48.1167], [-80.1438, 48.1125], [-80.1375, 48.1125]]]}, "properties": {"company_id": "stardust-metal", "jurisdiction": "Ontario", "claim_id": "535362", "claim_name": null, "holder": "(100) STARDUST METAL CORP.", "status": "Active", "recorded_date": "2018-11-23", "anniversary_or_expiry": "2030-10-23", "area_ha": null, "tenure_type": "Multi-cell Mining Claim", "source": "Ontario MLAS operational claims (OGSEarth / LIO MapServer). Unofficial viewing data, not legal title.", "as_of": "2026-09-20", "role": "focus", "color": "#e8b040"}}, {"type": "Feature", "geometry": {"type": "Polygon", "coordinates": [[[-80.1625, 48.1042], [-80.1625, 48.1], [-80.1563, 48.1], [-80.1563, 48.1083], [-80.1625, 48.1083], [-80.1625, 48.1042]]]}, "properties": {"company_id": "stardust-metal", "jurisdiction": "Ontario", "claim_id": "535363", "claim_name": null, "holder": "(100) STARDUST METAL CORP.", "status": "Active", "recorded_date": "2018-11-23", "anniversary_or_expiry": "2030-06-21", "area_ha": null, "tenure_type": "Multi-cell Mining Claim", "source": "Ontario MLAS operational claims (OGSEarth / LIO MapServer). Unofficial viewing data, not legal title.", "as_of": "2026-09-20", "role": "focus", "color": "#e8b040"}}, {"type": "Feature", "geometry": {"type": "Polygon", "coordinates": [[[-90.1688, 48.65], [-90.1688, 48.6542], [-90.175, 48.6542], [-90.175, 48.65], [-90.1688, 48.65]]]}, "properties": {"company_id": "stardust-metal", "jurisdiction": "Ontario", "claim_id": "546227", "claim_name": null, "holder": "(100) STARDUST METAL CORP.", "status": "Active", "recorded_date": "2019-03-26", "anniversary_or_expiry": "2030-03-26", "area_ha": null, "tenure_type": "Single Cell Mining Claim", "source": "Ontario MLAS operational claims (OGSEarth / LIO MapServer). Unofficial viewing data, not legal title.", "as_of": "2026-09-20", "role": "focus", "color": "#e8b040"}}, {"type": "Feature", "geometry": {"type": "Polygon", "coordinates": [[[-90.1625, 48.65], [-90.1625, 48.6542], [-90.1688, 48.6542], [-90.1688, 48.65], [-90.1625, 48.65]]]}, "properties": {"company_id": "stardust-metal", "jurisdiction": "Ontario", "claim_id": "546228", "claim_name": null, "holder": "(100) STARDUST METAL CORP.", "status": "Active", "recorded_date": "2019-03-26", "anniversary_or_expiry": "2030-03-26", "area_ha": null, "tenure_type": "Single Cell Mining Claim", "source": "Ontario MLAS operational claims (OGSEarth / LIO MapServer). Unofficial viewing data, not legal title.", "as_of": "2026-09-20", "role": "focus", "color": "#e8b040"}}, {"type": "Feature", "geometry": {"type": "Polygon", "coordinates": [[[-90.1563, 48.65], [-90.1563, 48.6542], [-90.1625, 48.6542], [-90.1625, 48.65], [-90.1563, 48.65]]]}, "properties": {"company_id": "stardust-metal", "jurisdiction": "Ontario", "claim_id": "546229", "claim_name": null, "holder": "(100) STARDUST METAL CORP.", "status": "Active", "recorded_date": "2019-03-26", "anniversary_or_expiry": "2030-03-26", "area_ha": null, "tenure_type": "Single Cell Mining Claim", "source": "Ontario MLAS operational claims (OGSEarth / LIO MapServer). Unofficial viewing data, not legal title.", "as_of": "2026-09-20", "role": "focus", "color": "#e8b040"}}, {"type": "Feature", "geometry": {"type": "Polygon", "coordinates": [[[-90.15, 48.65], [-90.15, 48.6542], [-90.1563, 48.6542], [-90.1563, 48.65], [-90.15, 48.65]]]}, "properties": {"company_id": "stardust-metal", "jurisdiction": "Ontario", "claim_id": "546230", "claim_name": null, "holder": "(100) STARDUST METAL CORP.", "status": "Active", "recorded_date": "2019-03-26", "anniversary_or_expiry": "2030-03-26", "area_ha": null, "tenure_type": "Single Cell Mining Claim", "source": "Ontario MLAS operational claims (OGSEarth / LIO MapServer). Unofficial viewing data, not legal title.", "as_of": "2026-09-20", "role": "focus", "color": "#e8b040"}}, {"type": "Feature", "geometry": {"type": "Polygon", "coordinates": [[[-90.1438, 48.65], [-90.1438, 48.6542], [-90.15, 48.6542], [-90.15, 48.65], [-90.1438, 48.65]]]}, "properties": {"company_id": "stardust-metal", "jurisdiction": "Ontario", "claim_id": "546231", "claim_name": null, "holder": "(100) STARDUST METAL CORP.", "status": "Active", "recorded_date": "2019-03-26", "anniversary_or_expiry": "2030-03-26", "area_ha": null, "tenure_type": "Single Cell Mining Claim", "source": "Ontario MLAS operational claims (OGSEarth / LIO MapServer). Unofficial viewing data, not legal title.", "as_of": "2026-09-20", "role": "focus", "color": "#e8b040"}}, {"type": "Feature", "geometry": {"type": "Polygon", "coordinates": [[[-90.1438, 48.6458], [-90.1438, 48.65], [-90.15, 48.65], [-90.15, 48.6458], [-90.1438, 48.6458]]]}, "properties": {"company_id": "stardust-metal", "jurisdiction": "Ontario", "claim_id": "546232", "claim_name": null, "holder": "(100) STARDUST METAL CORP.", "status": "Active", "recorded_date": "2019-03-26", "anniversary_or_expiry": "2030-03-26", "area_ha": null, "tenure_type": "Single Cell Mining Claim", "source": "Ontario MLAS operational claims (OGSEarth / LIO MapServer). Unofficial viewing data, not legal title.", "as_of": "2026-09-20", "role": "focus", "color": "#e8b040"}}, {"type": "Feature", "geometry": {"type": "Polygon", "coordinates": [[[-90.1438, 48.6417], [-90.1438, 48.6458], [-90.15, 48.6458], [-90.15, 48.6417], [-90.1438, 48.6417]]]}, "properties": {"company_id": "stardust-metal", "jurisdiction": "Ontario", "claim_id": "546233", "claim_name": null, "holder": "(100) STARDUST METAL CORP.", "status": "Active", "recorded_date": "2019-03-26", "anniversary_or_expiry": "2030-03-26", "area_ha": null, "tenure_type": "Single Cell Mining Claim", "source": "Ontario MLAS operational claims (OGSEarth / LIO MapServer). Unofficial viewing data, not legal title.", "as_of": "2026-09-20", "role": "focus", "color": "#e8b040"}}, {"type": "Feature", "geometry": {"type": "Polygon", "coordinates": [[[-90.1375, 48.6417], [-90.1375, 48.6458], [-90.1438, 48.6458], [-90.1438, 48.6417], [-90.1375, 48.6417]]]}, "properties": {"company_id": "stardust-metal", "jurisdiction": "Ontario", "claim_id": "546234", "claim_name": null, "holder": "(100) STARDUST METAL CORP.", "status": "Active", "recorded_date": "2019-03-26", "anniversary_or_expiry": "2030-03-26", "area_ha": null, "tenure_type": "Single Cell Mining Claim", "source": "Ontario MLAS operational claims (OGSEarth / LIO MapServer). Unofficial viewing data, not legal title.", "as_of": "2026-09-20", "role": "focus", "color": "#e8b040"}}, {"type": "Feature", "geometry": {"type": "Polygon", "coordinates": [[[-90.1313, 48.6417], [-90.1313, 48.6458], [-90.1375, 48.6458], [-90.1375, 48.6417], [-90.1313, 48.6417]]]}, "properties": {"company_id": "stardust-metal", "jurisdiction": "Ontario", "claim_id": "546235", "claim_name": null, "holder": "(100) STARDUST METAL CORP.", "status": "Active", "recorded_date": "2019-03-26", "anniversary_or_expiry": "2030-03-26", "area_ha": null, "tenure_type": "Single Cell Mining Claim", "source": "Ontario MLAS operational claims (OGSEarth / LIO MapServer). Unofficial viewing data, not legal title.", "as_of": "2026-09-20", "role": "focus", "color": "#e8b040"}}, {"type": "Feature", "geometry": {"type": "Polygon", "coordinates": [[[-90.125, 48.6417], [-90.125, 48.6458], [-90.1313, 48.6458], [-90.1313, 48.6417], [-90.125, 48.6417]]]}, "properties": {"company_id": "stardust-metal", "jurisdiction": "Ontario", "claim_id": "546236", "claim_name": null, "holder": "(100) STARDUST METAL CORP.", "status": "Active", "recorded_date": "2019-03-26", "anniversary_or_expiry": "2030-03-26", "area_ha": null, "tenure_type": "Single Cell Mining Claim", "source": "Ontario MLAS operational claims (OGSEarth / LIO MapServer). Unofficial viewing data, not legal title.", "as_of": "2026-09-20", "role": "focus", "color": "#e8b040"}}, {"type": "Feature", "geometry": {"type": "Polygon", "coordinates": [[[-90.1188, 48.6417], [-90.1188, 48.6458], [-90.125, 48.6458], [-90.125, 48.6417], [-90.1188, 48.6417]]]}, "properties": {"company_id": "stardust-metal", "jurisdiction": "Ontario", "claim_id": "546237", "claim_name": null, "holder": "(100) STARDUST METAL CORP.", "status": "Active", "recorded_date": "2019-03-26", "anniversary_or_expiry": "2030-03-26", "area_ha": null, "tenure_type": "Single Cell Mining Claim", "source": "Ontario MLAS operational claims (OGSEarth / LIO MapServer). Unofficial viewing data, not legal title.", "as_of": "2026-09-20", "role": "focus", "color": "#e8b040"}}, {"type": "Feature", "geometry": {"type": "Polygon", "coordinates": [[[-90.1125, 48.6417], [-90.1125, 48.6458], [-90.1188, 48.6458], [-90.1188, 48.6417], [-90.1125, 48.6417]]]}, "properties": {"company_id": "stardust-metal", "jurisdiction": "Ontario", "claim_id": "546238", "claim_name": null, "holder": "(100) STARDUST METAL CORP.", "status": "Active", "recorded_date": "2019-03-26", "anniversary_or_expiry": "2030-03-26", "area_ha": null, "tenure_type": "Single Cell Mining Claim", "source": "Ontario MLAS operational claims (OGSEarth / LIO MapServer). Unofficial viewing data, not legal title.", "as_of": "2026-09-20", "role": "focus", "color": "#e8b040"}}, {"type": "Feature", "geometry": {"type": "Polygon", "coordinates": [[[-90.1125, 48.6375], [-90.1125, 48.6417], [-90.1188, 48.6417], [-90.1188, 48.6375], [-90.1125, 48.6375]]]}, "properties": {"company_id": "stardust-metal", "jurisdiction": "Ontario", "claim_id": "546239", "claim_name": null, "holder": "(100) STARDUST METAL CORP.", "status": "Active", "recorded_date": "2019-03-26", "anniversary_or_expiry": "2030-03-26", "area_ha": null, "tenure_type": "Single Cell Mining Claim", "source": "Ontario MLAS operational claims (OGSEarth / LIO MapServer). Unofficial viewing data, not legal title.", "as_of": "2026-09-20", "role": "focus", "color": "#e8b040"}}, {"type": "Feature", "geometry": {"type": "Polygon", "coordinates": [[[-90.1125, 48.6333], [-90.1125, 48.6375], [-90.1188, 48.6375], [-90.1188, 48.6333], [-90.1125, 48.6333]]]}, "properties": {"company_id": "stardust-metal", "jurisdiction": "Ontario", "claim_id": "546240", "claim_name": null, "holder": "(100) STARDUST METAL CORP.", "status": "Active", "recorded_date": "2019-03-26", "anniversary_or_expiry": "2030-03-26", "area_ha": null, "tenure_type": "Single Cell Mining Claim", "source": "Ontario MLAS operational claims (OGSEarth / LIO MapServer). Unofficial viewing data, not legal title.", "as_of": "2026-09-20", "role": "focus", "color": "#e8b040"}}, {"type": "Feature", "geometry": {"type": "Polygon", "coordinates": [[[-90.0813, 48.6333], [-90.0813, 48.6375], [-90.0875, 48.6375], [-90.0875, 48.6333], [-90.0813, 48.6333]]]}, "properties": {"company_id": "stardust-metal", "jurisdiction": "Ontario", "claim_id": "546243", "claim_name": null, "holder": "(100) STARDUST METAL CORP.", "status": "Active", "recorded_date": "2019-03-26", "anniversary_or_expiry": "2030-03-26", "area_ha": null, "tenure_type": "Single Cell Mining Claim", "source": "Ontario MLAS operational claims (OGSEarth / LIO MapServer). Unofficial viewing data, not legal title.", "as_of": "2026-09-20", "role": "focus", "color": "#e8b040"}}, {"type": "Feature", "geometry": {"type": "Polygon", "coordinates": [[[-90.1063, 48.6333], [-90.1063, 48.6375], [-90.1125, 48.6375], [-90.1125, 48.6333], [-90.1063, 48.6333]]]}, "properties": {"company_id": "stardust-metal", "jurisdiction": "Ontario", "claim_id": "555289", "claim_name": null, "holder": "(100) STARDUST METAL CORP.", "status": "Active", "recorded_date": "2019-08-01", "anniversary_or_expiry": "2030-08-01", "area_ha": null, "tenure_type": "Single Cell Mining Claim", "source": "Ontario MLAS operational claims (OGSEarth / LIO MapServer). Unofficial viewing data, not legal title.", "as_of": "2026-09-20", "role": "focus", "color": "#e8b040"}}, {"type": "Feature", "geometry": {"type": "Polygon", "coordinates": [[[-90.1, 48.6333], [-90.1, 48.6375], [-90.1063, 48.6375], [-90.1063, 48.6333], [-90.1, 48.6333]]]}, "properties": {"company_id": "stardust-metal", "jurisdiction": "Ontario", "claim_id": "555290", "claim_name": null, "holder": "(100) STARDUST METAL CORP.", "status": "Active", "recorded_date": "2019-08-01", "anniversary_or_expiry": "2030-08-01", "area_ha": null, "tenure_type": "Single Cell Mining Claim", "source": "Ontario MLAS operational claims (OGSEarth / LIO MapServer). Unofficial viewing data, not legal title.", "as_of": "2026-09-20", "role": "focus", "color": "#e8b040"}}, {"type": "Feature", "geometry": {"type": "Polygon", "coordinates": [[[-90.0938, 48.6333], [-90.0938, 48.6375], [-90.1, 48.6375], [-90.1, 48.6333], [-90.0938, 48.6333]]]}, "properties": {"company_id": "stardust-metal", "jurisdiction": "Ontario", "claim_id": "555291", "claim_name": null, "holder": "(100) STARDUST METAL CORP.", "status": "Active", "recorded_date": "2019-08-01", "anniversary_or_expiry": "2030-08-01", "area_ha": null, "tenure_type": "Single Cell Mining Claim", "source": "Ontario MLAS operational claims (OGSEarth / LIO MapServer). Unofficial viewing data, not legal title.", "as_of": "2026-09-20", "role": "focus", "color": "#e8b040"}}, {"type": "Feature", "geometry": {"type": "Polygon", "coordinates": [[[-90.0875, 48.6333], [-90.0875, 48.6375], [-90.0938, 48.6375], [-90.0938, 48.6333], [-90.0875, 48.6333]]]}, "properties": {"company_id": "stardust-metal", "jurisdiction": "Ontario", "claim_id": "555292", "claim_name": null, "holder": "(100) STARDUST METAL CORP.", "status": "Active", "recorded_date": "2019-08-01", "anniversary_or_expiry": "2030-08-01", "area_ha": null, "tenure_type": "Single Cell Mining Claim", "source": "Ontario MLAS operational claims (OGSEarth / LIO MapServer). Unofficial viewing data, not legal title.", "as_of": "2026-09-20", "role": "focus", "color": "#e8b040"}}, {"type": "Feature", "geometry": {"type": "Polygon", "coordinates": [[[-80.2, 48.0625], [-80.2, 48.0667], [-80.2063, 48.0667], [-80.2063, 48.0625], [-80.2, 48.0625]]]}, "properties": {"company_id": "stardust-metal", "jurisdiction": "Ontario", "claim_id": "576249", "claim_name": null, "holder": "(100) STARDUST METAL CORP.", "status": "Active", "recorded_date": "2020-02-10", "anniversary_or_expiry": "2027-02-10", "area_ha": null, "tenure_type": "Single Cell Mining Claim", "source": "Ontario MLAS operational claims (OGSEarth / LIO MapServer). Unofficial viewing data, not legal title.", "as_of": "2026-09-20", "role": "focus", "color": "#e8b040"}}, {"type": "Feature", "geometry": {"type": "Polygon", "coordinates": [[[-80.2, 48.0667], [-80.2, 48.0708], [-80.2063, 48.0708], [-80.2063, 48.0667], [-80.2, 48.0667]]]}, "properties": {"company_id": "stardust-metal", "jurisdiction": "Ontario", "claim_id": "576250", "claim_name": null, "holder": "(100) STARDUST METAL CORP.", "status": "Active", "recorded_date": "2020-02-10", "anniversary_or_expiry": "2027-02-10", "area_ha": null, "tenure_type": "Single Cell Mining Claim", "source": "Ontario MLAS operational claims (OGSEarth / LIO MapServer). Unofficial viewing data, not legal title.", "as_of": "2026-09-20", "role": "focus", "color": "#e8b040"}}, {"type": "Feature", "geometry": {"type": "Polygon", "coordinates": [[[-80.2188, 48.0625], [-80.2188, 48.0667], [-80.225, 48.0667], [-80.225, 48.0625], [-80.2188, 48.0625]]]}, "properties": {"company_id": "stardust-metal", "jurisdiction": "Ontario", "claim_id": "576251", "claim_name": null, "holder": "(100) STARDUST METAL CORP.", "status": "Active", "recorded_date": "2020-02-10", "anniversary_or_expiry": "2027-02-10", "area_ha": null, "tenure_type": "Single Cell Mining Claim", "source": "Ontario MLAS operational claims (OGSEarth / LIO MapServer). Unofficial viewing data, not legal title.", "as_of": "2026-09-20", "role": "focus", "color": "#e8b040"}}, {"type": "Feature", "geometry": {"type": "Polygon", "coordinates": [[[-80.2, 48.0708], [-80.2, 48.075], [-80.2063, 48.075], [-80.2063, 48.0708], [-80.2, 48.0708]]]}, "properties": {"company_id": "stardust-metal", "jurisdiction": "Ontario", "claim_id": "576252", "claim_name": null, "holder": "(100) STARDUST METAL CORP.", "status": "Active", "recorded_date": "2020-02-10", "anniversary_or_expiry": "2027-02-10", "area_ha": null, "tenure_type": "Single Cell Mining Claim", "source": "Ontario MLAS operational claims (OGSEarth / LIO MapServer). Unofficial viewing data, not legal title.", "as_of": "2026-09-20", "role": "focus", "color": "#e8b040"}}, {"type": "Feature", "geometry": {"type": "Polygon", "coordinates": [[[-80.2313, 48.0708], [-80.2313, 48.075], [-80.2375, 48.075], [-80.2375, 48.0708], [-80.2313, 48.0708]]]}, "properties": {"company_id": "stardust-metal", "jurisdiction": "Ontario", "claim_id": "576253", "claim_name": null, "holder": "(100) STARDUST METAL CORP.", "status": "Active", "recorded_date": "2020-02-10", "anniversary_or_expiry": "2027-02-10", "area_ha": null, "tenure_type": "Single Cell Mining Claim", "source": "Ontario MLAS operational claims (OGSEarth / LIO MapServer). Unofficial viewing data, not legal title.", "as_of": "2026-09-20", "role": "focus", "color": "#e8b040"}}, {"type": "Feature", "geometry": {"type": "Polygon", "coordinates": [[[-80.225, 48.0667], [-80.225, 48.0708], [-80.2313, 48.0708], [-80.2313, 48.0667], [-80.225, 48.0667]]]}, "properties": {"company_id": "stardust-metal", "jurisdiction": "Ontario", "claim_id": "576254", "claim_name": null, "holder": "(100) STARDUST METAL CORP.", "status": "Active", "recorded_date": "2020-02-10", "anniversary_or_expiry": "2027-02-10", "area_ha": null, "tenure_type": "Single Cell Mining Claim", "source": "Ontario MLAS operational claims (OGSEarth / LIO MapServer). Unofficial viewing data, not legal title.", "as_of": "2026-09-20", "role": "focus", "color": "#e8b040"}}, {"type": "Feature", "geometry": {"type": "Polygon", "coordinates": [[[-80.2188, 48.0667], [-80.2188, 48.0708], [-80.225, 48.0708], [-80.225, 48.0667], [-80.2188, 48.0667]]]}, "properties": {"company_id": "stardust-metal", "jurisdiction": "Ontario", "claim_id": "576255", "claim_name": null, "holder": "(100) STARDUST METAL CORP.", "status": "Active", "recorded_date": "2020-02-10", "anniversary_or_expiry": "2027-02-10", "area_ha": null, "tenure_type": "Single Cell Mining Claim", "source": "Ontario MLAS operational claims (OGSEarth / LIO MapServer). Unofficial viewing data, not legal title.", "as_of": "2026-09-20", "role": "focus", "color": "#e8b040"}}, {"type": "Feature", "geometry": {"type": "Polygon", "coordinates": [[[-80.2125, 48.0708], [-80.2125, 48.075], [-80.2188, 48.075], [-80.2188, 48.0708], [-80.2125, 48.0708]]]}, "properties": {"company_id": "stardust-metal", "jurisdiction": "Ontario", "claim_id": "576256", "claim_name": null, "holder": "(100) STARDUST METAL CORP.", "status": "Active", "recorded_date": "2020-02-10", "anniversary_or_expiry": "2027-02-10", "area_ha": null, "tenure_type": "Single Cell Mining Claim", "source": "Ontario MLAS operational claims (OGSEarth / LIO MapServer). Unofficial viewing data, not legal title.", "as_of": "2026-09-20", "role": "focus", "color": "#e8b040"}}, {"type": "Feature", "geometry": {"type": "Polygon", "coordinates": [[[-80.2063, 48.0708], [-80.2063, 48.075], [-80.2125, 48.075], [-80.2125, 48.0708], [-80.2063, 48.0708]]]}, "properties": {"company_id": "stardust-metal", "jurisdiction": "Ontario", "claim_id": "576257", "claim_name": null, "holder": "(100) STARDUST METAL CORP.", "status": "Active", "recorded_date": "2020-02-10", "anniversary_or_expiry": "2027-02-10", "area_ha": null, "tenure_type": "Single Cell Mining Claim", "source": "Ontario MLAS operational claims (OGSEarth / LIO MapServer). Unofficial viewing data, not legal title.", "as_of": "2026-09-20", "role": "focus", "color": "#e8b040"}}, {"type": "Feature", "geometry": {"type": "Polygon", "coordinates": [[[-80.2375, 48.0708], [-80.2375, 48.075], [-80.2438, 48.075], [-80.2438, 48.0708], [-80.2375, 48.0708]]]}, "properties": {"company_id": "stardust-metal", "jurisdiction": "Ontario", "claim_id": "576258", "claim_name": null, "holder": "(100) STARDUST METAL CORP.", "status": "Active", "recorded_date": "2020-02-10", "anniversary_or_expiry": "2027-02-10", "area_ha": null, "tenure_type": "Single Cell Mining Claim", "source": "Ontario MLAS operational claims (OGSEarth / LIO MapServer). Unofficial viewing data, not legal title.", "as_of": "2026-09-20", "role": "focus", "color": "#e8b040"}}, {"type": "Feature", "geometry": {"type": "Polygon", "coordinates": [[[-80.2125, 48.0667], [-80.2125, 48.0708], [-80.2188, 48.0708], [-80.2188, 48.0667], [-80.2125, 48.0667]]]}, "properties": {"company_id": "stardust-metal", "jurisdiction": "Ontario", "claim_id": "576259", "claim_name": null, "holder": "(100) STARDUST METAL CORP.", "status": "Active", "recorded_date": "2020-02-10", "anniversary_or_expiry": "2027-02-10", "area_ha": null, "tenure_type": "Single Cell Mining Claim", "source": "Ontario MLAS operational claims (OGSEarth / LIO MapServer). Unofficial viewing data, not legal title.", "as_of": "2026-09-20", "role": "focus", "color": "#e8b040"}}, {"type": "Feature", "geometry": {"type": "Polygon", "coordinates": [[[-80.2063, 48.0667], [-80.2063, 48.0708], [-80.2125, 48.0708], [-80.2125, 48.0667], [-80.2063, 48.0667]]]}, "properties": {"company_id": "stardust-metal", "jurisdiction": "Ontario", "claim_id": "576260", "claim_name": null, "holder": "(100) STARDUST METAL CORP.", "status": "Active", "recorded_date": "2020-02-10", "anniversary_or_expiry": "2027-02-10", "area_ha": null, "tenure_type": "Single Cell Mining Claim", "source": "Ontario MLAS operational claims (OGSEarth / LIO MapServer). Unofficial viewing data, not legal title.", "as_of": "2026-09-20", "role": "focus", "color": "#e8b040"}}, {"type": "Feature", "geometry": {"type": "Polygon", "coordinates": [[[-80.2188, 48.0708], [-80.2188, 48.075], [-80.225, 48.075], [-80.225, 48.0708], [-80.2188, 48.0708]]]}, "properties": {"company_id": "stardust-metal", "jurisdiction": "Ontario", "claim_id": "576261", "claim_name": null, "holder": "(100) STARDUST METAL CORP.", "status": "Active", "recorded_date": "2020-02-10", "anniversary_or_expiry": "2027-02-10", "area_ha": null, "tenure_type": "Single Cell Mining Claim", "source": "Ontario MLAS operational claims (OGSEarth / LIO MapServer). Unofficial viewing data, not legal title.", "as_of": "2026-09-20", "role": "focus", "color": "#e8b040"}}, {"type": "Feature", "geometry": {"type": "Polygon", "coordinates": [[[-80.2125, 48.0625], [-80.2125, 48.0667], [-80.2188, 48.0667], [-80.2188, 48.0625], [-80.2125, 48.0625]]]}, "properties": {"company_id": "stardust-metal", "jurisdiction": "Ontario", "claim_id": "576262", "claim_name": null, "holder": "(100) STARDUST METAL CORP.", "status": "Active", "recorded_date": "2020-02-10", "anniversary_or_expiry": "2027-02-10", "area_ha": null, "tenure_type": "Single Cell Mining Claim", "source": "Ontario MLAS operational claims (OGSEarth / LIO MapServer). Unofficial viewing data, not legal title.", "as_of": "2026-09-20", "role": "focus", "color": "#e8b040"}}, {"type": "Feature", "geometry": {"type": "Polygon", "coordinates": [[[-80.2438, 48.0667], [-80.2438, 48.0708], [-80.25, 48.0708], [-80.25, 48.0667], [-80.2438, 48.0667]]]}, "properties": {"company_id": "stardust-metal", "jurisdiction": "Ontario", "claim_id": "576263", "claim_name": null, "holder": "(100) STARDUST METAL CORP.", "status": "Active", "recorded_date": "2020-02-10", "anniversary_or_expiry": "2027-02-10", "area_ha": null, "tenure_type": "Single Cell Mining Claim", "source": "Ontario MLAS operational claims (OGSEarth / LIO MapServer). Unofficial viewing data, not legal title.", "as_of": "2026-09-20", "role": "focus", "color": "#e8b040"}}, {"type": "Feature", "geometry": {"type": "Polygon", "coordinates": [[[-80.2375, 48.0625], [-80.2375, 48.0667], [-80.2438, 48.0667], [-80.2438, 48.0625], [-80.2375, 48.0625]]]}, "properties": {"company_id": "stardust-metal", "jurisdiction": "Ontario", "claim_id": "576264", "claim_name": null, "holder": "(100) STARDUST METAL CORP.", "status": "Active", "recorded_date": "2020-02-10", "anniversary_or_expiry": "2027-02-10", "area_ha": null, "tenure_type": "Single Cell Mining Claim", "source": "Ontario MLAS operational claims (OGSEarth / LIO MapServer). Unofficial viewing data, not legal title.", "as_of": "2026-09-20", "role": "focus", "color": "#e8b040"}}, {"type": "Feature", "geometry": {"type": "Polygon", "coordinates": [[[-80.2375, 48.0667], [-80.2375, 48.0708], [-80.2438, 48.0708], [-80.2438, 48.0667], [-80.2375, 48.0667]]]}, "properties": {"company_id": "stardust-metal", "jurisdiction": "Ontario", "claim_id": "576265", "claim_name": null, "holder": "(100) STARDUST METAL CORP.", "status": "Active", "recorded_date": "2020-02-10", "anniversary_or_expiry": "2027-02-10", "area_ha": null, "tenure_type": "Single Cell Mining Claim", "source": "Ontario MLAS operational claims (OGSEarth / LIO MapServer). Unofficial viewing data, not legal title.", "as_of": "2026-09-20", "role": "focus", "color": "#e8b040"}}, {"type": "Feature", "geometry": {"type": "Polygon", "coordinates": [[[-80.225, 48.0625], [-80.225, 48.0667], [-80.2313, 48.0667], [-80.2313, 48.0625], [-80.225, 48.0625]]]}, "properties": {"company_id": "stardust-metal", "jurisdiction": "Ontario", "claim_id": "576266", "claim_name": null, "holder": "(100) STARDUST METAL CORP.", "status": "Active", "recorded_date": "2020-02-10", "anniversary_or_expiry": "2027-02-10", "area_ha": null, "tenure_type": "Single Cell Mining Claim", "source": "Ontario MLAS operational claims (OGSEarth / LIO MapServer). Unofficial viewing data, not legal title.", "as_of": "2026-09-20", "role": "focus", "color": "#e8b040"}}, {"type": "Feature", "geometry": {"type": "Polygon", "coordinates": [[[-80.2438, 48.0625], [-80.2438, 48.0667], [-80.25, 48.0667], [-80.25, 48.0625], [-80.2438, 48.0625]]]}, "properties": {"company_id": "stardust-metal", "jurisdiction": "Ontario", "claim_id": "576267", "claim_name": null, "holder": "(100) STARDUST METAL CORP.", "status": "Active", "recorded_date": "2020-02-10", "anniversary_or_expiry": "2027-02-10", "area_ha": null, "tenure_type": "Single Cell Mining Claim", "source": "Ontario MLAS operational claims (OGSEarth / LIO MapServer). Unofficial viewing data, not legal title.", "as_of": "2026-09-20", "role": "focus", "color": "#e8b040"}}, {"type": "Feature", "geometry": {"type": "Polygon", "coordinates": [[[-80.2438, 48.0708], [-80.2438, 48.075], [-80.25, 48.075], [-80.25, 48.0708], [-80.2438, 48.0708]]]}, "properties": {"company_id": "stardust-metal", "jurisdiction": "Ontario", "claim_id": "576268", "claim_name": null, "holder": "(100) STARDUST METAL CORP.", "status": "Active", "recorded_date": "2020-02-10", "anniversary_or_expiry": "2027-02-10", "area_ha": null, "tenure_type": "Single Cell Mining Claim", "source": "Ontario MLAS operational claims (OGSEarth / LIO MapServer). Unofficial viewing data, not legal title.", "as_of": "2026-09-20", "role": "focus", "color": "#e8b040"}}, {"type": "Feature", "geometry": {"type": "Polygon", "coordinates": [[[-80.2313, 48.0625], [-80.2313, 48.0667], [-80.2375, 48.0667], [-80.2375, 48.0625], [-80.2313, 48.0625]]]}, "properties": {"company_id": "stardust-metal", "jurisdiction": "Ontario", "claim_id": "576269", "claim_name": null, "holder": "(100) STARDUST METAL CORP.", "status": "Active", "recorded_date": "2020-02-10", "anniversary_or_expiry": "2027-02-10", "area_ha": null, "tenure_type": "Single Cell Mining Claim", "source": "Ontario MLAS operational claims (OGSEarth / LIO MapServer). Unofficial viewing data, not legal title.", "as_of": "2026-09-20", "role": "focus", "color": "#e8b040"}}, {"type": "Feature", "geometry": {"type": "Polygon", "coordinates": [[[-80.2313, 48.0667], [-80.2313, 48.0708], [-80.2375, 48.0708], [-80.2375, 48.0667], [-80.2313, 48.0667]]]}, "properties": {"company_id": "stardust-metal", "jurisdiction": "Ontario", "claim_id": "576270", "claim_name": null, "holder": "(100) STARDUST METAL CORP.", "status": "Active", "recorded_date": "2020-02-10", "anniversary_or_expiry": "2027-02-10", "area_ha": null, "tenure_type": "Single Cell Mining Claim", "source": "Ontario MLAS operational claims (OGSEarth / LIO MapServer). Unofficial viewing data, not legal title.", "as_of": "2026-09-20", "role": "focus", "color": "#e8b040"}}, {"type": "Feature", "geometry": {"type": "Polygon", "coordinates": [[[-80.225, 48.0708], [-80.225, 48.075], [-80.2313, 48.075], [-80.2313, 48.0708], [-80.225, 48.0708]]]}, "properties": {"company_id": "stardust-metal", "jurisdiction": "Ontario", "claim_id": "576271", "claim_name": null, "holder": "(100) STARDUST METAL CORP.", "status": "Active", "recorded_date": "2020-02-10", "anniversary_or_expiry": "2027-02-10", "area_ha": null, "tenure_type": "Single Cell Mining Claim", "source": "Ontario MLAS operational claims (OGSEarth / LIO MapServer). Unofficial viewing data, not legal title.", "as_of": "2026-09-20", "role": "focus", "color": "#e8b040"}}, {"type": "Feature", "geometry": {"type": "Polygon", "coordinates": [[[-80.2063, 48.0625], [-80.2063, 48.0667], [-80.2125, 48.0667], [-80.2125, 48.0625], [-80.2063, 48.0625]]]}, "properties": {"company_id": "stardust-metal", "jurisdiction": "Ontario", "claim_id": "576272", "claim_name": null, "holder": "(100) STARDUST METAL CORP.", "status": "Active", "recorded_date": "2020-02-10", "anniversary_or_expiry": "2027-02-10", "area_ha": null, "tenure_type": "Single Cell Mining Claim", "source": "Ontario MLAS operational claims (OGSEarth / LIO MapServer). Unofficial viewing data, not legal title.", "as_of": "2026-09-20", "role": "focus", "color": "#e8b040"}}, {"type": "Feature", "geometry": {"type": "Polygon", "coordinates": [[[-80.2375, 48.075], [-80.2375, 48.0792], [-80.2438, 48.0792], [-80.2438, 48.075], [-80.2375, 48.075]]]}, "properties": {"company_id": "stardust-metal", "jurisdiction": "Ontario", "claim_id": "576273", "claim_name": null, "holder": "(100) STARDUST METAL CORP.", "status": "Active", "recorded_date": "2020-02-10", "anniversary_or_expiry": "2027-02-10", "area_ha": null, "tenure_type": "Single Cell Mining Claim", "source": "Ontario MLAS operational claims (OGSEarth / LIO MapServer). Unofficial viewing data, not legal title.", "as_of": "2026-09-20", "role": "focus", "color": "#e8b040"}}, {"type": "Feature", "geometry": {"type": "Polygon", "coordinates": [[[-80.225, 48.075], [-80.225, 48.0792], [-80.2313, 48.0792], [-80.2313, 48.075], [-80.225, 48.075]]]}, "properties": {"company_id": "stardust-metal", "jurisdiction": "Ontario", "claim_id": "576274", "claim_name": null, "holder": "(100) STARDUST METAL CORP.", "status": "Active", "recorded_date": "2020-02-10", "anniversary_or_expiry": "2027-02-10", "area_ha": null, "tenure_type": "Single Cell Mining Claim", "source": "Ontario MLAS operational claims (OGSEarth / LIO MapServer). Unofficial viewing data, not legal title.", "as_of": "2026-09-20", "role": "focus", "color": "#e8b040"}}, {"type": "Feature", "geometry": {"type": "Polygon", "coordinates": [[[-80.2313, 48.075], [-80.2313, 48.0792], [-80.2375, 48.0792], [-80.2375, 48.075], [-80.2313, 48.075]]]}, "properties": {"company_id": "stardust-metal", "jurisdiction": "Ontario", "claim_id": "576275", "claim_name": null, "holder": "(100) STARDUST METAL CORP.", "status": "Active", "recorded_date": "2020-02-10", "anniversary_or_expiry": "2027-02-10", "area_ha": null, "tenure_type": "Single Cell Mining Claim", "source": "Ontario MLAS operational claims (OGSEarth / LIO MapServer). Unofficial viewing data, not legal title.", "as_of": "2026-09-20", "role": "focus", "color": "#e8b040"}}, {"type": "Feature", "geometry": {"type": "Polygon", "coordinates": [[[-80.2188, 48.075], [-80.2188, 48.0792], [-80.225, 48.0792], [-80.225, 48.075], [-80.2188, 48.075]]]}, "properties": {"company_id": "stardust-metal", "jurisdiction": "Ontario", "claim_id": "576276", "claim_name": null, "holder": "(100) STARDUST METAL CORP.", "status": "Active", "recorded_date": "2020-02-10", "anniversary_or_expiry": "2027-02-10", "area_ha": null, "tenure_type": "Single Cell Mining Claim", "source": "Ontario MLAS operational claims (OGSEarth / LIO MapServer). Unofficial viewing data, not legal title.", "as_of": "2026-09-20", "role": "focus", "color": "#e8b040"}}, {"type": "Feature", "geometry": {"type": "Polygon", "coordinates": [[[-80.2375, 48.0583], [-80.2375, 48.0625], [-80.2438, 48.0625], [-80.2438, 48.0583], [-80.2375, 48.0583]]]}, "properties": {"company_id": "stardust-metal", "jurisdiction": "Ontario", "claim_id": "576277", "claim_name": null, "holder": "(100) STARDUST METAL CORP.", "status": "Active", "recorded_date": "2020-02-10", "anniversary_or_expiry": "2027-02-10", "area_ha": null, "tenure_type": "Single Cell Mining Claim", "source": "Ontario MLAS operational claims (OGSEarth / LIO MapServer). Unofficial viewing data, not legal title.", "as_of": "2026-09-20", "role": "focus", "color": "#e8b040"}}, {"type": "Feature", "geometry": {"type": "Polygon", "coordinates": [[[-80.2313, 48.0583], [-80.2313, 48.0625], [-80.2375, 48.0625], [-80.2375, 48.0583], [-80.2313, 48.0583]]]}, "properties": {"company_id": "stardust-metal", "jurisdiction": "Ontario", "claim_id": "576278", "claim_name": null, "holder": "(100) STARDUST METAL CORP.", "status": "Active", "recorded_date": "2020-02-10", "anniversary_or_expiry": "2027-02-10", "area_ha": null, "tenure_type": "Single Cell Mining Claim", "source": "Ontario MLAS operational claims (OGSEarth / LIO MapServer). Unofficial viewing data, not legal title.", "as_of": "2026-09-20", "role": "focus", "color": "#e8b040"}}, {"type": "Feature", "geometry": {"type": "Polygon", "coordinates": [[[-80.225, 48.0583], [-80.225, 48.0625], [-80.2313, 48.0625], [-80.2313, 48.0583], [-80.225, 48.0583]]]}, "properties": {"company_id": "stardust-metal", "jurisdiction": "Ontario", "claim_id": "576279", "claim_name": null, "holder": "(100) STARDUST METAL CORP.", "status": "Active", "recorded_date": "2020-02-10", "anniversary_or_expiry": "2027-02-10", "area_ha": null, "tenure_type": "Single Cell Mining Claim", "source": "Ontario MLAS operational claims (OGSEarth / LIO MapServer). Unofficial viewing data, not legal title.", "as_of": "2026-09-20", "role": "focus", "color": "#e8b040"}}, {"type": "Feature", "geometry": {"type": "Polygon", "coordinates": [[[-80.2438, 48.0583], [-80.2438, 48.0625], [-80.25, 48.0625], [-80.25, 48.0583], [-80.2438, 48.0583]]]}, "properties": {"company_id": "stardust-metal", "jurisdiction": "Ontario", "claim_id": "576280", "claim_name": null, "holder": "(100) STARDUST METAL CORP.", "status": "Active", "recorded_date": "2020-02-10", "anniversary_or_expiry": "2027-02-10", "area_ha": null, "tenure_type": "Single Cell Mining Claim", "source": "Ontario MLAS operational claims (OGSEarth / LIO MapServer). Unofficial viewing data, not legal title.", "as_of": "2026-09-20", "role": "focus", "color": "#e8b040"}}, {"type": "Feature", "geometry": {"type": "Polygon", "coordinates": [[[-80.2063, 48.0583], [-80.2063, 48.0625], [-80.2125, 48.0625], [-80.2125, 48.0583], [-80.2063, 48.0583]]]}, "properties": {"company_id": "stardust-metal", "jurisdiction": "Ontario", "claim_id": "576281", "claim_name": null, "holder": "(100) STARDUST METAL CORP.", "status": "Active", "recorded_date": "2020-02-10", "anniversary_or_expiry": "2027-02-10", "area_ha": null, "tenure_type": "Single Cell Mining Claim", "source": "Ontario MLAS operational claims (OGSEarth / LIO MapServer). Unofficial viewing data, not legal title.", "as_of": "2026-09-20", "role": "focus", "color": "#e8b040"}}, {"type": "Feature", "geometry": {"type": "Polygon", "coordinates": [[[-80.2, 48.0583], [-80.2, 48.0625], [-80.2063, 48.0625], [-80.2063, 48.0583], [-80.2, 48.0583]]]}, "properties": {"company_id": "stardust-metal", "jurisdiction": "Ontario", "claim_id": "576282", "claim_name": null, "holder": "(100) STARDUST METAL CORP.", "status": "Active", "recorded_date": "2020-02-10", "anniversary_or_expiry": "2027-02-10", "area_ha": null, "tenure_type": "Single Cell Mining Claim", "source": "Ontario MLAS operational claims (OGSEarth / LIO MapServer). Unofficial viewing data, not legal title.", "as_of": "2026-09-20", "role": "focus", "color": "#e8b040"}}, {"type": "Feature", "geometry": {"type": "Polygon", "coordinates": [[[-80.1875, 48.075], [-80.1875, 48.0792], [-80.1938, 48.0792], [-80.1938, 48.075], [-80.1875, 48.075]]]}, "properties": {"company_id": "stardust-metal", "jurisdiction": "Ontario", "claim_id": "576292", "claim_name": null, "holder": "(100) STARDUST METAL CORP.", "status": "Active", "recorded_date": "2020-02-10", "anniversary_or_expiry": "2027-02-10", "area_ha": null, "tenure_type": "Single Cell Mining Claim", "source": "Ontario MLAS operational claims (OGSEarth / LIO MapServer). Unofficial viewing data, not legal title.", "as_of": "2026-09-20", "role": "focus", "color": "#e8b040"}}, {"type": "Feature", "geometry": {"type": "Polygon", "coordinates": [[[-80.1938, 48.0667], [-80.1938, 48.0708], [-80.2, 48.0708], [-80.2, 48.0667], [-80.1938, 48.0667]]]}, "properties": {"company_id": "stardust-metal", "jurisdiction": "Ontario", "claim_id": "576294", "claim_name": null, "holder": "(100) STARDUST METAL CORP.", "status": "Active", "recorded_date": "2020-02-10", "anniversary_or_expiry": "2027-02-10", "area_ha": null, "tenure_type": "Single Cell Mining Claim", "source": "Ontario MLAS operational claims (OGSEarth / LIO MapServer). Unofficial viewing data, not legal title.", "as_of": "2026-09-20", "role": "focus", "color": "#e8b040"}}, {"type": "Feature", "geometry": {"type": "Polygon", "coordinates": [[[-80.2563, 48.1042], [-80.2563, 48.1083], [-80.2625, 48.1083], [-80.2625, 48.1042], [-80.2563, 48.1042]]]}, "properties": {"company_id": "stardust-metal", "jurisdiction": "Ontario", "claim_id": "576295", "claim_name": null, "holder": "(100) STARDUST METAL CORP.", "status": "Active", "recorded_date": "2020-02-10", "anniversary_or_expiry": "2027-02-10", "area_ha": null, "tenure_type": "Single Cell Mining Claim", "source": "Ontario MLAS operational claims (OGSEarth / LIO MapServer). Unofficial viewing data, not legal title.", "as_of": "2026-09-20", "role": "focus", "color": "#e8b040"}}, {"type": "Feature", "geometry": {"type": "Polygon", "coordinates": [[[-80.2438, 48.0958], [-80.2438, 48.1], [-80.25, 48.1], [-80.25, 48.0958], [-80.2438, 48.0958]]]}, "properties": {"company_id": "stardust-metal", "jurisdiction": "Ontario", "claim_id": "576296", "claim_name": null, "holder": "(100) STARDUST METAL CORP.", "status": "Active", "recorded_date": "2020-02-10", "anniversary_or_expiry": "2027-02-10", "area_ha": null, "tenure_type": "Single Cell Mining Claim", "source": "Ontario MLAS operational claims (OGSEarth / LIO MapServer). Unofficial viewing data, not legal title.", "as_of": "2026-09-20", "role": "focus", "color": "#e8b040"}}, {"type": "Feature", "geometry": {"type": "Polygon", "coordinates": [[[-80.2625, 48.1042], [-80.2625, 48.1083], [-80.2688, 48.1083], [-80.2688, 48.1042], [-80.2625, 48.1042]]]}, "properties": {"company_id": "stardust-metal", "jurisdiction": "Ontario", "claim_id": "576297", "claim_name": null, "holder": "(100) STARDUST METAL CORP.", "status": "Active", "recorded_date": "2020-02-10", "anniversary_or_expiry": "2027-02-10", "area_ha": null, "tenure_type": "Single Cell Mining Claim", "source": "Ontario MLAS operational claims (OGSEarth / LIO MapServer). Unofficial viewing data, not legal title.", "as_of": "2026-09-20", "role": "focus", "color": "#e8b040"}}, {"type": "Feature", "geometry": {"type": "Polygon", "coordinates": [[[-80.25, 48.0917], [-80.25, 48.0958], [-80.2563, 48.0958], [-80.2563, 48.0917], [-80.25, 48.0917]]]}, "properties": {"company_id": "stardust-metal", "jurisdiction": "Ontario", "claim_id": "576298", "claim_name": null, "holder": "(100) STARDUST METAL CORP.", "status": "Active", "recorded_date": "2020-02-10", "anniversary_or_expiry": "2027-02-10", "area_ha": null, "tenure_type": "Single Cell Mining Claim", "source": "Ontario MLAS operational claims (OGSEarth / LIO MapServer). Unofficial viewing data, not legal title.", "as_of": "2026-09-20", "role": "focus", "color": "#e8b040"}}, {"type": "Feature", "geometry": {"type": "Polygon", "coordinates": [[[-80.25, 48.1], [-80.25, 48.1042], [-80.2563, 48.1042], [-80.2563, 48.1], [-80.25, 48.1]]]}, "properties": {"company_id": "stardust-metal", "jurisdiction": "Ontario", "claim_id": "576299", "claim_name": null, "holder": "(100) STARDUST METAL CORP.", "status": "Active", "recorded_date": "2020-02-10", "anniversary_or_expiry": "2027-02-10", "area_ha": null, "tenure_type": "Single Cell Mining Claim", "source": "Ontario MLAS operational claims (OGSEarth / LIO MapServer). Unofficial viewing data, not legal title.", "as_of": "2026-09-20", "role": "focus", "color": "#e8b040"}}, {"type": "Feature", "geometry": {"type": "Polygon", "coordinates": [[[-80.2688, 48.0917], [-80.2688, 48.0958], [-80.275, 48.0958], [-80.275, 48.0917], [-80.2688, 48.0917]]]}, "properties": {"company_id": "stardust-metal", "jurisdiction": "Ontario", "claim_id": "576300", "claim_name": null, "holder": "(100) STARDUST METAL CORP.", "status": "Active", "recorded_date": "2020-02-10", "anniversary_or_expiry": "2027-02-10", "area_ha": null, "tenure_type": "Single Cell Mining Claim", "source": "Ontario MLAS operational claims (OGSEarth / LIO MapServer). Unofficial viewing data, not legal title.", "as_of": "2026-09-20", "role": "focus", "color": "#e8b040"}}, {"type": "Feature", "geometry": {"type": "Polygon", "coordinates": [[[-80.2688, 48.0958], [-80.2688, 48.1], [-80.275, 48.1], [-80.275, 48.0958], [-80.2688, 48.0958]]]}, "properties": {"company_id": "stardust-metal", "jurisdiction": "Ontario", "claim_id": "576301", "claim_name": null, "holder": "(100) STARDUST METAL CORP.", "status": "Active", "recorded_date": "2020-02-10", "anniversary_or_expiry": "2027-02-10", "area_ha": null, "tenure_type": "Single Cell Mining Claim", "source": "Ontario MLAS operational claims (OGSEarth / LIO MapServer). Unofficial viewing data, not legal title.", "as_of": "2026-09-20", "role": "focus", "color": "#e8b040"}}, {"type": "Feature", "geometry": {"type": "Polygon", "coordinates": [[[-80.2688, 48.1], [-80.2688, 48.1042], [-80.275, 48.1042], [-80.275, 48.1], [-80.2688, 48.1]]]}, "properties": {"company_id": "stardust-metal", "jurisdiction": "Ontario", "claim_id": "576302", "claim_name": null, "holder": "(100) STARDUST METAL CORP.", "status": "Active", "recorded_date": "2020-02-10", "anniversary_or_expiry": "2027-02-10", "area_ha": null, "tenure_type": "Single Cell Mining Claim", "source": "Ontario MLAS operational claims (OGSEarth / LIO MapServer). Unofficial viewing data, not legal title.", "as_of": "2026-09-20", "role": "focus", "color": "#e8b040"}}, {"type": "Feature", "geometry": {"type": "Polygon", "coordinates": [[[-80.2688, 48.1042], [-80.2688, 48.1083], [-80.275, 48.1083], [-80.275, 48.1042], [-80.2688, 48.1042]]]}, "properties": {"company_id": "stardust-metal", "jurisdiction": "Ontario", "claim_id": "576303", "claim_name": null, "holder": "(100) STARDUST METAL CORP.", "status": "Active", "recorded_date": "2020-02-10", "anniversary_or_expiry": "2027-02-10", "area_ha": null, "tenure_type": "Single Cell Mining Claim", "source": "Ontario MLAS operational claims (OGSEarth / LIO MapServer). Unofficial viewing data, not legal title.", "as_of": "2026-09-20", "role": "focus", "color": "#e8b040"}}, {"type": "Feature", "geometry": {"type": "Polygon", "coordinates": [[[-80.2563, 48.0917], [-80.2563, 48.0958], [-80.2625, 48.0958], [-80.2625, 48.0917], [-80.2563, 48.0917]]]}, "properties": {"company_id": "stardust-metal", "jurisdiction": "Ontario", "claim_id": "576304", "claim_name": null, "holder": "(100) STARDUST METAL CORP.", "status": "Active", "recorded_date": "2020-02-10", "anniversary_or_expiry": "2027-02-10", "area_ha": null, "tenure_type": "Single Cell Mining Claim", "source": "Ontario MLAS operational claims (OGSEarth / LIO MapServer). Unofficial viewing data, not legal title.", "as_of": "2026-09-20", "role": "focus", "color": "#e8b040"}}, {"type": "Feature", "geometry": {"type": "Polygon", "coordinates": [[[-80.25, 48.0958], [-80.25, 48.1], [-80.2563, 48.1], [-80.2563, 48.0958], [-80.25, 48.0958]]]}, "properties": {"company_id": "stardust-metal", "jurisdiction": "Ontario", "claim_id": "576305", "claim_name": null, "holder": "(100) STARDUST METAL CORP.", "status": "Active", "recorded_date": "2020-02-10", "anniversary_or_expiry": "2027-02-10", "area_ha": null, "tenure_type": "Single Cell Mining Claim", "source": "Ontario MLAS operational claims (OGSEarth / LIO MapServer). Unofficial viewing data, not legal title.", "as_of": "2026-09-20", "role": "focus", "color": "#e8b040"}}, {"type": "Feature", "geometry": {"type": "Polygon", "coordinates": [[[-80.2625, 48.0917], [-80.2625, 48.0958], [-80.2688, 48.0958], [-80.2688, 48.0917], [-80.2625, 48.0917]]]}, "properties": {"company_id": "stardust-metal", "jurisdiction": "Ontario", "claim_id": "576306", "claim_name": null, "holder": "(100) STARDUST METAL CORP.", "status": "Active", "recorded_date": "2020-02-10", "anniversary_or_expiry": "2027-02-10", "area_ha": null, "tenure_type": "Single Cell Mining Claim", "source": "Ontario MLAS operational claims (OGSEarth / LIO MapServer). Unofficial viewing data, not legal title.", "as_of": "2026-09-20", "role": "focus", "color": "#e8b040"}}, {"type": "Feature", "geometry": {"type": "Polygon", "coordinates": [[[-80.2438, 48.0917], [-80.2438, 48.0958], [-80.25, 48.0958], [-80.25, 48.0917], [-80.2438, 48.0917]]]}, "properties": {"company_id": "stardust-metal", "jurisdiction": "Ontario", "claim_id": "576307", "claim_name": null, "holder": "(100) STARDUST METAL CORP.", "status": "Active", "recorded_date": "2020-02-10", "anniversary_or_expiry": "2027-02-10", "area_ha": null, "tenure_type": "Single Cell Mining Claim", "source": "Ontario MLAS operational claims (OGSEarth / LIO MapServer). Unofficial viewing data, not legal title.", "as_of": "2026-09-20", "role": "focus", "color": "#e8b040"}}, {"type": "Feature", "geometry": {"type": "Polygon", "coordinates": [[[-80.2125, 48.0792], [-80.2125, 48.0833], [-80.2188, 48.0833], [-80.2188, 48.0792], [-80.2125, 48.0792]]]}, "properties": {"company_id": "stardust-metal", "jurisdiction": "Ontario", "claim_id": "576341", "claim_name": null, "holder": "(100) STARDUST METAL CORP.", "status": "Active", "recorded_date": "2020-02-11", "anniversary_or_expiry": "2027-02-11", "area_ha": null, "tenure_type": "Single Cell Mining Claim", "source": "Ontario MLAS operational claims (OGSEarth / LIO MapServer). Unofficial viewing data, not legal title.", "as_of": "2026-09-20", "role": "focus", "color": "#e8b040"}}, {"type": "Feature", "geometry": {"type": "Polygon", "coordinates": [[[-80.2063, 48.0792], [-80.2063, 48.0833], [-80.2125, 48.0833], [-80.2125, 48.0792], [-80.2063, 48.0792]]]}, "properties": {"company_id": "stardust-metal", "jurisdiction": "Ontario", "claim_id": "576342", "claim_name": null, "holder": "(100) STARDUST METAL CORP.", "status": "Active", "recorded_date": "2020-02-11", "anniversary_or_expiry": "2027-02-11", "area_ha": null, "tenure_type": "Single Cell Mining Claim", "source": "Ontario MLAS operational claims (OGSEarth / LIO MapServer). Unofficial viewing data, not legal title.", "as_of": "2026-09-20", "role": "focus", "color": "#e8b040"}}, {"type": "Feature", "geometry": {"type": "Polygon", "coordinates": [[[-80.1875, 48.1042], [-80.1875, 48.1083], [-80.1938, 48.1083], [-80.1938, 48.1042], [-80.1875, 48.1042]]]}, "properties": {"company_id": "stardust-metal", "jurisdiction": "Ontario", "claim_id": "584593", "claim_name": null, "holder": "(100) STARDUST METAL CORP.", "status": "Active", "recorded_date": "2020-04-14", "anniversary_or_expiry": "2027-04-14", "area_ha": null, "tenure_type": "Single Cell Mining Claim", "source": "Ontario MLAS operational claims (OGSEarth / LIO MapServer). Unofficial viewing data, not legal title.", "as_of": "2026-09-20", "role": "focus", "color": "#e8b040"}}, {"type": "Feature", "geometry": {"type": "Polygon", "coordinates": [[[-80.1875, 48.0708], [-80.1875, 48.075], [-80.1938, 48.075], [-80.1938, 48.0708], [-80.1875, 48.0708]]]}, "properties": {"company_id": "stardust-metal", "jurisdiction": "Ontario", "claim_id": "584624", "claim_name": null, "holder": "(100) STARDUST METAL CORP.", "status": "Active", "recorded_date": "2020-04-14", "anniversary_or_expiry": "2027-04-14", "area_ha": null, "tenure_type": "Single Cell Mining Claim", "source": "Ontario MLAS operational claims (OGSEarth / LIO MapServer). Unofficial viewing data, not legal title.", "as_of": "2026-09-20", "role": "focus", "color": "#e8b040"}}, {"type": "Feature", "geometry": {"type": "Polygon", "coordinates": [[[-80.1938, 48.0708], [-80.1938, 48.075], [-80.2, 48.075], [-80.2, 48.0708], [-80.1938, 48.0708]]]}, "properties": {"company_id": "stardust-metal", "jurisdiction": "Ontario", "claim_id": "584625", "claim_name": null, "holder": "(100) STARDUST METAL CORP.", "status": "Active", "recorded_date": "2020-04-14", "anniversary_or_expiry": "2027-04-14", "area_ha": null, "tenure_type": "Single Cell Mining Claim", "source": "Ontario MLAS operational claims (OGSEarth / LIO MapServer). Unofficial viewing data, not legal title.", "as_of": "2026-09-20", "role": "focus", "color": "#e8b040"}}, {"type": "Feature", "geometry": {"type": "Polygon", "coordinates": [[[-80.1813, 48.0667], [-80.1813, 48.0708], [-80.1875, 48.0708], [-80.1875, 48.0667], [-80.1813, 48.0667]]]}, "properties": {"company_id": "stardust-metal", "jurisdiction": "Ontario", "claim_id": "584626", "claim_name": null, "holder": "(100) STARDUST METAL CORP.", "status": "Active", "recorded_date": "2020-04-14", "anniversary_or_expiry": "2027-04-14", "area_ha": null, "tenure_type": "Single Cell Mining Claim", "source": "Ontario MLAS operational claims (OGSEarth / LIO MapServer). Unofficial viewing data, not legal title.", "as_of": "2026-09-20", "role": "focus", "color": "#e8b040"}}, {"type": "Feature", "geometry": {"type": "Polygon", "coordinates": [[[-80.1938, 48.0917], [-80.1938, 48.0958], [-80.2, 48.0958], [-80.2, 48.0917], [-80.1938, 48.0917]]]}, "properties": {"company_id": "stardust-metal", "jurisdiction": "Ontario", "claim_id": "584627", "claim_name": null, "holder": "(100) STARDUST METAL CORP.", "status": "Active", "recorded_date": "2020-04-14", "anniversary_or_expiry": "2027-04-14", "area_ha": null, "tenure_type": "Single Cell Mining Claim", "source": "Ontario MLAS operational claims (OGSEarth / LIO MapServer). Unofficial viewing data, not legal title.", "as_of": "2026-09-20", "role": "focus", "color": "#e8b040"}}, {"type": "Feature", "geometry": {"type": "Polygon", "coordinates": [[[-80.1938, 48.0958], [-80.1938, 48.1], [-80.2, 48.1], [-80.2, 48.0958], [-80.1938, 48.0958]]]}, "properties": {"company_id": "stardust-metal", "jurisdiction": "Ontario", "claim_id": "584628", "claim_name": null, "holder": "(100) STARDUST METAL CORP.", "status": "Active", "recorded_date": "2020-04-14", "anniversary_or_expiry": "2027-04-14", "area_ha": null, "tenure_type": "Single Cell Mining Claim", "source": "Ontario MLAS operational claims (OGSEarth / LIO MapServer). Unofficial viewing data, not legal title.", "as_of": "2026-09-20", "role": "focus", "color": "#e8b040"}}, {"type": "Feature", "geometry": {"type": "Polygon", "coordinates": [[[-80.1938, 48.1], [-80.1938, 48.1042], [-80.2, 48.1042], [-80.2, 48.1], [-80.1938, 48.1]]]}, "properties": {"company_id": "stardust-metal", "jurisdiction": "Ontario", "claim_id": "584629", "claim_name": null, "holder": "(100) STARDUST METAL CORP.", "status": "Active", "recorded_date": "2020-04-14", "anniversary_or_expiry": "2027-04-14", "area_ha": null, "tenure_type": "Single Cell Mining Claim", "source": "Ontario MLAS operational claims (OGSEarth / LIO MapServer). Unofficial viewing data, not legal title.", "as_of": "2026-09-20", "role": "focus", "color": "#e8b040"}}, {"type": "Feature", "geometry": {"type": "Polygon", "coordinates": [[[-89.9375, 48.6083], [-89.9375, 48.6125], [-89.9438, 48.6125], [-89.9438, 48.6083], [-89.9375, 48.6083]]]}, "properties": {"company_id": "stardust-metal", "jurisdiction": "Ontario", "claim_id": "605309", "claim_name": null, "holder": "(100) STARDUST METAL CORP.", "status": "Active", "recorded_date": "2020-08-06", "anniversary_or_expiry": "2030-08-06", "area_ha": null, "tenure_type": "Single Cell Mining Claim", "source": "Ontario MLAS operational claims (OGSEarth / LIO MapServer). Unofficial viewing data, not legal title.", "as_of": "2026-09-20", "role": "focus", "color": "#e8b040"}}, {"type": "Feature", "geometry": {"type": "Polygon", "coordinates": [[[-89.9625, 48.6125], [-89.9625, 48.6167], [-89.9688, 48.6167], [-89.9688, 48.6125], [-89.9625, 48.6125]]]}, "properties": {"company_id": "stardust-metal", "jurisdiction": "Ontario", "claim_id": "605310", "claim_name": null, "holder": "(100) STARDUST METAL CORP.", "status": "Active", "recorded_date": "2020-08-06", "anniversary_or_expiry": "2030-08-06", "area_ha": null, "tenure_type": "Single Cell Mining Claim", "source": "Ontario MLAS operational claims (OGSEarth / LIO MapServer). Unofficial viewing data, not legal title.", "as_of": "2026-09-20", "role": "focus", "color": "#e8b040"}}, {"type": "Feature", "geometry": {"type": "Polygon", "coordinates": [[[-89.9375, 48.6125], [-89.9375, 48.6167], [-89.9438, 48.6167], [-89.9438, 48.6125], [-89.9375, 48.6125]]]}, "properties": {"company_id": "stardust-metal", "jurisdiction": "Ontario", "claim_id": "605311", "claim_name": null, "holder": "(100) STARDUST METAL CORP.", "status": "Active", "recorded_date": "2020-08-06", "anniversary_or_expiry": "2030-08-06", "area_ha": null, "tenure_type": "Single Cell Mining Claim", "source": "Ontario MLAS operational claims (OGSEarth / LIO MapServer). Unofficial viewing data, not legal title.", "as_of": "2026-09-20", "role": "focus", "color": "#e8b040"}}, {"type": "Feature", "geometry": {"type": "Polygon", "coordinates": [[[-89.925, 48.6125], [-89.925, 48.6167], [-89.9313, 48.6167], [-89.9313, 48.6125], [-89.925, 48.6125]]]}, "properties": {"company_id": "stardust-metal", "jurisdiction": "Ontario", "claim_id": "605312", "claim_name": null, "holder": "(100) STARDUST METAL CORP.", "status": "Active", "recorded_date": "2020-08-06", "anniversary_or_expiry": "2030-08-06", "area_ha": null, "tenure_type": "Single Cell Mining Claim", "source": "Ontario MLAS operational claims (OGSEarth / LIO MapServer). Unofficial viewing data, not legal title.", "as_of": "2026-09-20", "role": "focus", "color": "#e8b040"}}, {"type": "Feature", "geometry": {"type": "Polygon", "coordinates": [[[-89.9563, 48.6167], [-89.9563, 48.6208], [-89.9625, 48.6208], [-89.9625, 48.6167], [-89.9563, 48.6167]]]}, "properties": {"company_id": "stardust-metal", "jurisdiction": "Ontario", "claim_id": "605313", "claim_name": null, "holder": "(100) STARDUST METAL CORP.", "status": "Active", "recorded_date": "2020-08-06", "anniversary_or_expiry": "2030-08-06", "area_ha": null, "tenure_type": "Single Cell Mining Claim", "source": "Ontario MLAS operational claims (OGSEarth / LIO MapServer). Unofficial viewing data, not legal title.", "as_of": "2026-09-20", "role": "focus", "color": "#e8b040"}}, {"type": "Feature", "geometry": {"type": "Polygon", "coordinates": [[[-89.95, 48.6125], [-89.95, 48.6167], [-89.9563, 48.6167], [-89.9563, 48.6125], [-89.95, 48.6125]]]}, "properties": {"company_id": "stardust-metal", "jurisdiction": "Ontario", "claim_id": "605314", "claim_name": null, "holder": "(100) STARDUST METAL CORP.", "status": "Active", "recorded_date": "2020-08-06", "anniversary_or_expiry": "2030-08-06", "area_ha": null, "tenure_type": "Single Cell Mining Claim", "source": "Ontario MLAS operational claims (OGSEarth / LIO MapServer). Unofficial viewing data, not legal title.", "as_of": "2026-09-20", "role": "focus", "color": "#e8b040"}}, {"type": "Feature", "geometry": {"type": "Polygon", "coordinates": [[[-89.9188, 48.6125], [-89.9188, 48.6167], [-89.925, 48.6167], [-89.925, 48.6125], [-89.9188, 48.6125]]]}, "properties": {"company_id": "stardust-metal", "jurisdiction": "Ontario", "claim_id": "605315", "claim_name": null, "holder": "(100) STARDUST METAL CORP.", "status": "Active", "recorded_date": "2020-08-06", "anniversary_or_expiry": "2030-08-06", "area_ha": null, "tenure_type": "Single Cell Mining Claim", "source": "Ontario MLAS operational claims (OGSEarth / LIO MapServer). Unofficial viewing data, not legal title.", "as_of": "2026-09-20", "role": "focus", "color": "#e8b040"}}, {"type": "Feature", "geometry": {"type": "Polygon", "coordinates": [[[-89.9625, 48.6167], [-89.9625, 48.6208], [-89.9688, 48.6208], [-89.9688, 48.6167], [-89.9625, 48.6167]]]}, "properties": {"company_id": "stardust-metal", "jurisdiction": "Ontario", "claim_id": "605316", "claim_name": null, "holder": "(100) STARDUST METAL CORP.", "status": "Active", "recorded_date": "2020-08-06", "anniversary_or_expiry": "2030-08-06", "area_ha": null, "tenure_type": "Single Cell Mining Claim", "source": "Ontario MLAS operational claims (OGSEarth / LIO MapServer). Unofficial viewing data, not legal title.", "as_of": "2026-09-20", "role": "focus", "color": "#e8b040"}}, {"type": "Feature", "geometry": {"type": "Polygon", "coordinates": [[[-89.9438, 48.6083], [-89.9438, 48.6125], [-89.95, 48.6125], [-89.95, 48.6083], [-89.9438, 48.6083]]]}, "properties": {"company_id": "stardust-metal", "jurisdiction": "Ontario", "claim_id": "605317", "claim_name": null, "holder": "(100) STARDUST METAL CORP.", "status": "Active", "recorded_date": "2020-08-06", "anniversary_or_expiry": "2030-08-06", "area_ha": null, "tenure_type": "Single Cell Mining Claim", "source": "Ontario MLAS operational claims (OGSEarth / LIO MapServer). Unofficial viewing data, not legal title.", "as_of": "2026-09-20", "role": "focus", "color": "#e8b040"}}, {"type": "Feature", "geometry": {"type": "Polygon", "coordinates": [[[-89.9438, 48.6125], [-89.9438, 48.6167], [-89.95, 48.6167], [-89.95, 48.6125], [-89.9438, 48.6125]]]}, "properties": {"company_id": "stardust-metal", "jurisdiction": "Ontario", "claim_id": "605318", "claim_name": null, "holder": "(100) STARDUST METAL CORP.", "status": "Active", "recorded_date": "2020-08-06", "anniversary_or_expiry": "2030-08-06", "area_ha": null, "tenure_type": "Single Cell Mining Claim", "source": "Ontario MLAS operational claims (OGSEarth / LIO MapServer). Unofficial viewing data, not legal title.", "as_of": "2026-09-20", "role": "focus", "color": "#e8b040"}}, {"type": "Feature", "geometry": {"type": "Polygon", "coordinates": [[[-89.9313, 48.6083], [-89.9313, 48.6125], [-89.9375, 48.6125], [-89.9375, 48.6083], [-89.9313, 48.6083]]]}, "properties": {"company_id": "stardust-metal", "jurisdiction": "Ontario", "claim_id": "605319", "claim_name": null, "holder": "(100) STARDUST METAL CORP.", "status": "Active", "recorded_date": "2020-08-06", "anniversary_or_expiry": "2030-08-06", "area_ha": null, "tenure_type": "Single Cell Mining Claim", "source": "Ontario MLAS operational claims (OGSEarth / LIO MapServer). Unofficial viewing data, not legal title.", "as_of": "2026-09-20", "role": "focus", "color": "#e8b040"}}, {"type": "Feature", "geometry": {"type": "Polygon", "coordinates": [[[-89.925, 48.6083], [-89.925, 48.6125], [-89.9313, 48.6125], [-89.9313, 48.6083], [-89.925, 48.6083]]]}, "properties": {"company_id": "stardust-metal", "jurisdiction": "Ontario", "claim_id": "605320", "claim_name": null, "holder": "(100) STARDUST METAL CORP.", "status": "Active", "recorded_date": "2020-08-06", "anniversary_or_expiry": "2030-08-06", "area_ha": null, "tenure_type": "Single Cell Mining Claim", "source": "Ontario MLAS operational claims (OGSEarth / LIO MapServer). Unofficial viewing data, not legal title.", "as_of": "2026-09-20", "role": "focus", "color": "#e8b040"}}, {"type": "Feature", "geometry": {"type": "Polygon", "coordinates": [[[-89.9125, 48.6125], [-89.9125, 48.6167], [-89.9188, 48.6167], [-89.9188, 48.6125], [-89.9125, 48.6125]]]}, "properties": {"company_id": "stardust-metal", "jurisdiction": "Ontario", "claim_id": "605321", "claim_name": null, "holder": "(100) STARDUST METAL CORP.", "status": "Active", "recorded_date": "2020-08-06", "anniversary_or_expiry": "2030-08-06", "area_ha": null, "tenure_type": "Single Cell Mining Claim", "source": "Ontario MLAS operational claims (OGSEarth / LIO MapServer). Unofficial viewing data, not legal title.", "as_of": "2026-09-20", "role": "focus", "color": "#e8b040"}}, {"type": "Feature", "geometry": {"type": "Polygon", "coordinates": [[[-89.9563, 48.6125], [-89.9563, 48.6167], [-89.9625, 48.6167], [-89.9625, 48.6125], [-89.9563, 48.6125]]]}, "properties": {"company_id": "stardust-metal", "jurisdiction": "Ontario", "claim_id": "605322", "claim_name": null, "holder": "(100) STARDUST METAL CORP.", "status": "Active", "recorded_date": "2020-08-06", "anniversary_or_expiry": "2030-08-06", "area_ha": null, "tenure_type": "Single Cell Mining Claim", "source": "Ontario MLAS operational claims (OGSEarth / LIO MapServer). Unofficial viewing data, not legal title.", "as_of": "2026-09-20", "role": "focus", "color": "#e8b040"}}, {"type": "Feature", "geometry": {"type": "Polygon", "coordinates": [[[-89.9313, 48.6125], [-89.9313, 48.6167], [-89.9375, 48.6167], [-89.9375, 48.6125], [-89.9313, 48.6125]]]}, "properties": {"company_id": "stardust-metal", "jurisdiction": "Ontario", "claim_id": "605323", "claim_name": null, "holder": "(100) STARDUST METAL CORP.", "status": "Active", "recorded_date": "2020-08-06", "anniversary_or_expiry": "2030-08-06", "area_ha": null, "tenure_type": "Single Cell Mining Claim", "source": "Ontario MLAS operational claims (OGSEarth / LIO MapServer). Unofficial viewing data, not legal title.", "as_of": "2026-09-20", "role": "focus", "color": "#e8b040"}}, {"type": "Feature", "geometry": {"type": "Polygon", "coordinates": [[[-90.0625, 48.6417], [-90.0625, 48.6458], [-90.0688, 48.6458], [-90.0688, 48.6417], [-90.0625, 48.6417]]]}, "properties": {"company_id": "stardust-metal", "jurisdiction": "Ontario", "claim_id": "605324", "claim_name": null, "holder": "(100) STARDUST METAL CORP.", "status": "Active", "recorded_date": "2020-08-06", "anniversary_or_expiry": "2030-08-06", "area_ha": null, "tenure_type": "Single Cell Mining Claim", "source": "Ontario MLAS operational claims (OGSEarth / LIO MapServer). Unofficial viewing data, not legal title.", "as_of": "2026-09-20", "role": "focus", "color": "#e8b040"}}, {"type": "Feature", "geometry": {"type": "Polygon", "coordinates": [[[-90.025, 48.6333], [-90.025, 48.6375], [-90.0313, 48.6375], [-90.0313, 48.6333], [-90.025, 48.6333]]]}, "properties": {"company_id": "stardust-metal", "jurisdiction": "Ontario", "claim_id": "605325", "claim_name": null, "holder": "(100) STARDUST METAL CORP.", "status": "Active", "recorded_date": "2020-08-06", "anniversary_or_expiry": "2030-08-06", "area_ha": null, "tenure_type": "Single Cell Mining Claim", "source": "Ontario MLAS operational claims (OGSEarth / LIO MapServer). Unofficial viewing data, not legal title.", "as_of": "2026-09-20", "role": "focus", "color": "#e8b040"}}, {"type": "Feature", "geometry": {"type": "Polygon", "coordinates": [[[-89.9813, 48.6208], [-89.9813, 48.625], [-89.9875, 48.625], [-89.9875, 48.6208], [-89.9813, 48.6208]]]}, "properties": {"company_id": "stardust-metal", "jurisdiction": "Ontario", "claim_id": "605326", "claim_name": null, "holder": "(100) STARDUST METAL CORP.", "status": "Active", "recorded_date": "2020-08-06", "anniversary_or_expiry": "2030-08-06", "area_ha": null, "tenure_type": "Single Cell Mining Claim", "source": "Ontario MLAS operational claims (OGSEarth / LIO MapServer). Unofficial viewing data, not legal title.", "as_of": "2026-09-20", "role": "focus", "color": "#e8b040"}}, {"type": "Feature", "geometry": {"type": "Polygon", "coordinates": [[[-90.0125, 48.6333], [-90.0125, 48.6375], [-90.0188, 48.6375], [-90.0188, 48.6333], [-90.0125, 48.6333]]]}, "properties": {"company_id": "stardust-metal", "jurisdiction": "Ontario", "claim_id": "605327", "claim_name": null, "holder": "(100) STARDUST METAL CORP.", "status": "Active", "recorded_date": "2020-08-06", "anniversary_or_expiry": "2030-08-06", "area_ha": null, "tenure_type": "Single Cell Mining Claim", "source": "Ontario MLAS operational claims (OGSEarth / LIO MapServer). Unofficial viewing data, not legal title.", "as_of": "2026-09-20", "role": "focus", "color": "#e8b040"}}, {"type": "Feature", "geometry": {"type": "Polygon", "coordinates": [[[-89.9813, 48.625], [-89.9813, 48.6292], [-89.9875, 48.6292], [-89.9875, 48.625], [-89.9813, 48.625]]]}, "properties": {"company_id": "stardust-metal", "jurisdiction": "Ontario", "claim_id": "605328", "claim_name": null, "holder": "(100) STARDUST METAL CORP.", "status": "Active", "recorded_date": "2020-08-06", "anniversary_or_expiry": "2030-08-06", "area_ha": null, "tenure_type": "Single Cell Mining Claim", "source": "Ontario MLAS operational claims (OGSEarth / LIO MapServer). Unofficial viewing data, not legal title.", "as_of": "2026-09-20", "role": "focus", "color": "#e8b040"}}, {"type": "Feature", "geometry": {"type": "Polygon", "coordinates": [[[-90.05, 48.6333], [-90.05, 48.6375], [-90.0563, 48.6375], [-90.0563, 48.6333], [-90.05, 48.6333]]]}, "properties": {"company_id": "stardust-metal", "jurisdiction": "Ontario", "claim_id": "605329", "claim_name": null, "holder": "(100) STARDUST METAL CORP.", "status": "Active", "recorded_date": "2020-08-06", "anniversary_or_expiry": "2030-08-06", "area_ha": null, "tenure_type": "Single Cell Mining Claim", "source": "Ontario MLAS operational claims (OGSEarth / LIO MapServer). Unofficial viewing data, not legal title.", "as_of": "2026-09-20", "role": "focus", "color": "#e8b040"}}, {"type": "Feature", "geometry": {"type": "Polygon", "coordinates": [[[-90.05, 48.6375], [-90.05, 48.6417], [-90.0563, 48.6417], [-90.0563, 48.6375], [-90.05, 48.6375]]]}, "properties": {"company_id": "stardust-metal", "jurisdiction": "Ontario", "claim_id": "605330", "claim_name": null, "holder": "(100) STARDUST METAL CORP.", "status": "Active", "recorded_date": "2020-08-06", "anniversary_or_expiry": "2030-08-06", "area_ha": null, "tenure_type": "Single Cell Mining Claim", "source": "Ontario MLAS operational claims (OGSEarth / LIO MapServer). Unofficial viewing data, not legal title.", "as_of": "2026-09-20", "role": "focus", "color": "#e8b040"}}, {"type": "Feature", "geometry": {"type": "Polygon", "coordinates": [[[-90.0188, 48.6333], [-90.0188, 48.6375], [-90.025, 48.6375], [-90.025, 48.6333], [-90.0188, 48.6333]]]}, "properties": {"company_id": "stardust-metal", "jurisdiction": "Ontario", "claim_id": "605331", "claim_name": null, "holder": "(100) STARDUST METAL CORP.", "status": "Active", "recorded_date": "2020-08-06", "anniversary_or_expiry": "2030-08-06", "area_ha": null, "tenure_type": "Single Cell Mining Claim", "source": "Ontario MLAS operational claims (OGSEarth / LIO MapServer). Unofficial viewing data, not legal title.", "as_of": "2026-09-20", "role": "focus", "color": "#e8b040"}}, {"type": "Feature", "geometry": {"type": "Polygon", "coordinates": [[[-90.0063, 48.6333], [-90.0063, 48.6375], [-90.0125, 48.6375], [-90.0125, 48.6333], [-90.0063, 48.6333]]]}, "properties": {"company_id": "stardust-metal", "jurisdiction": "Ontario", "claim_id": "605332", "claim_name": null, "holder": "(100) STARDUST METAL CORP.", "status": "Active", "recorded_date": "2020-08-06", "anniversary_or_expiry": "2030-08-06", "area_ha": null, "tenure_type": "Single Cell Mining Claim", "source": "Ontario MLAS operational claims (OGSEarth / LIO MapServer). Unofficial viewing data, not legal title.", "as_of": "2026-09-20", "role": "focus", "color": "#e8b040"}}, {"type": "Feature", "geometry": {"type": "Polygon", "coordinates": [[[-89.9938, 48.625], [-89.9938, 48.6292], [-90.0, 48.6292], [-90.0, 48.625], [-89.9938, 48.625]]]}, "properties": {"company_id": "stardust-metal", "jurisdiction": "Ontario", "claim_id": "605333", "claim_name": null, "holder": "(100) STARDUST METAL CORP.", "status": "Active", "recorded_date": "2020-08-06", "anniversary_or_expiry": "2030-08-06", "area_ha": null, "tenure_type": "Single Cell Mining Claim", "source": "Ontario MLAS operational claims (OGSEarth / LIO MapServer). Unofficial viewing data, not legal title.", "as_of": "2026-09-20", "role": "focus", "color": "#e8b040"}}, {"type": "Feature", "geometry": {"type": "Polygon", "coordinates": [[[-89.9938, 48.6292], [-89.9938, 48.6333], [-90.0, 48.6333], [-90.0, 48.6292], [-89.9938, 48.6292]]]}, "properties": {"company_id": "stardust-metal", "jurisdiction": "Ontario", "claim_id": "605334", "claim_name": null, "holder": "(100) STARDUST METAL CORP.", "status": "Active", "recorded_date": "2020-08-06", "anniversary_or_expiry": "2030-08-06", "area_ha": null, "tenure_type": "Single Cell Mining Claim", "source": "Ontario MLAS operational claims (OGSEarth / LIO MapServer). Unofficial viewing data, not legal title.", "as_of": "2026-09-20", "role": "focus", "color": "#e8b040"}}, {"type": "Feature", "geometry": {"type": "Polygon", "coordinates": [[[-90.0438, 48.6375], [-90.0438, 48.6417], [-90.05, 48.6417], [-90.05, 48.6375], [-90.0438, 48.6375]]]}, "properties": {"company_id": "stardust-metal", "jurisdiction": "Ontario", "claim_id": "605335", "claim_name": null, "holder": "(100) STARDUST METAL CORP.", "status": "Active", "recorded_date": "2020-08-06", "anniversary_or_expiry": "2030-08-06", "area_ha": null, "tenure_type": "Single Cell Mining Claim", "source": "Ontario MLAS operational claims (OGSEarth / LIO MapServer). Unofficial viewing data, not legal title.", "as_of": "2026-09-20", "role": "focus", "color": "#e8b040"}}, {"type": "Feature", "geometry": {"type": "Polygon", "coordinates": [[[-90.0375, 48.6375], [-90.0375, 48.6417], [-90.0438, 48.6417], [-90.0438, 48.6375], [-90.0375, 48.6375]]]}, "properties": {"company_id": "stardust-metal", "jurisdiction": "Ontario", "claim_id": "605336", "claim_name": null, "holder": "(100) STARDUST METAL CORP.", "status": "Active", "recorded_date": "2020-08-06", "anniversary_or_expiry": "2030-08-06", "area_ha": null, "tenure_type": "Single Cell Mining Claim", "source": "Ontario MLAS operational claims (OGSEarth / LIO MapServer). Unofficial viewing data, not legal title.", "as_of": "2026-09-20", "role": "focus", "color": "#e8b040"}}, {"type": "Feature", "geometry": {"type": "Polygon", "coordinates": [[[-89.9875, 48.625], [-89.9875, 48.6292], [-89.9938, 48.6292], [-89.9938, 48.625], [-89.9875, 48.625]]]}, "properties": {"company_id": "stardust-metal", "jurisdiction": "Ontario", "claim_id": "605337", "claim_name": null, "holder": "(100) STARDUST METAL CORP.", "status": "Active", "recorded_date": "2020-08-06", "anniversary_or_expiry": "2030-08-06", "area_ha": null, "tenure_type": "Single Cell Mining Claim", "source": "Ontario MLAS operational claims (OGSEarth / LIO MapServer). Unofficial viewing data, not legal title.", "as_of": "2026-09-20", "role": "focus", "color": "#e8b040"}}, {"type": "Feature", "geometry": {"type": "Polygon", "coordinates": [[[-90.0063, 48.6292], [-90.0063, 48.6333], [-90.0125, 48.6333], [-90.0125, 48.6292], [-90.0063, 48.6292]]]}, "properties": {"company_id": "stardust-metal", "jurisdiction": "Ontario", "claim_id": "605338", "claim_name": null, "holder": "(100) STARDUST METAL CORP.", "status": "Active", "recorded_date": "2020-08-06", "anniversary_or_expiry": "2030-08-06", "area_ha": null, "tenure_type": "Single Cell Mining Claim", "source": "Ontario MLAS operational claims (OGSEarth / LIO MapServer). Unofficial viewing data, not legal title.", "as_of": "2026-09-20", "role": "focus", "color": "#e8b040"}}, {"type": "Feature", "geometry": {"type": "Polygon", "coordinates": [[[-90.0563, 48.6375], [-90.0563, 48.6417], [-90.0625, 48.6417], [-90.0625, 48.6375], [-90.0563, 48.6375]]]}, "properties": {"company_id": "stardust-metal", "jurisdiction": "Ontario", "claim_id": "605339", "claim_name": null, "holder": "(100) STARDUST METAL CORP.", "status": "Active", "recorded_date": "2020-08-06", "anniversary_or_expiry": "2030-08-06", "area_ha": null, "tenure_type": "Single Cell Mining Claim", "source": "Ontario MLAS operational claims (OGSEarth / LIO MapServer). Unofficial viewing data, not legal title.", "as_of": "2026-09-20", "role": "focus", "color": "#e8b040"}}, {"type": "Feature", "geometry": {"type": "Polygon", "coordinates": [[[-90.0313, 48.6375], [-90.0313, 48.6417], [-90.0375, 48.6417], [-90.0375, 48.6375], [-90.0313, 48.6375]]]}, "properties": {"company_id": "stardust-metal", "jurisdiction": "Ontario", "claim_id": "605340", "claim_name": null, "holder": "(100) STARDUST METAL CORP.", "status": "Active", "recorded_date": "2020-08-06", "anniversary_or_expiry": "2030-08-06", "area_ha": null, "tenure_type": "Single Cell Mining Claim", "source": "Ontario MLAS operational claims (OGSEarth / LIO MapServer). Unofficial viewing data, not legal title.", "as_of": "2026-09-20", "role": "focus", "color": "#e8b040"}}, {"type": "Feature", "geometry": {"type": "Polygon", "coordinates": [[[-90.0, 48.6292], [-90.0, 48.6333], [-90.0063, 48.6333], [-90.0063, 48.6292], [-90.0, 48.6292]]]}, "properties": {"company_id": "stardust-metal", "jurisdiction": "Ontario", "claim_id": "605341", "claim_name": null, "holder": "(100) STARDUST METAL CORP.", "status": "Active", "recorded_date": "2020-08-06", "anniversary_or_expiry": "2030-08-06", "area_ha": null, "tenure_type": "Single Cell Mining Claim", "source": "Ontario MLAS operational claims (OGSEarth / LIO MapServer). Unofficial viewing data, not legal title.", "as_of": "2026-09-20", "role": "focus", "color": "#e8b040"}}, {"type": "Feature", "geometry": {"type": "Polygon", "coordinates": [[[-90.0438, 48.6333], [-90.0438, 48.6375], [-90.05, 48.6375], [-90.05, 48.6333], [-90.0438, 48.6333]]]}, "properties": {"company_id": "stardust-metal", "jurisdiction": "Ontario", "claim_id": "605342", "claim_name": null, "holder": "(100) STARDUST METAL CORP.", "status": "Active", "recorded_date": "2020-08-06", "anniversary_or_expiry": "2030-08-06", "area_ha": null, "tenure_type": "Single Cell Mining Claim", "source": "Ontario MLAS operational claims (OGSEarth / LIO MapServer). Unofficial viewing data, not legal title.", "as_of": "2026-09-20", "role": "focus", "color": "#e8b040"}}, {"type": "Feature", "geometry": {"type": "Polygon", "coordinates": [[[-90.0313, 48.6333], [-90.0313, 48.6375], [-90.0375, 48.6375], [-90.0375, 48.6333], [-90.0313, 48.6333]]]}, "properties": {"company_id": "stardust-metal", "jurisdiction": "Ontario", "claim_id": "605343", "claim_name": null, "holder": "(100) STARDUST METAL CORP.", "status": "Active", "recorded_date": "2020-08-06", "anniversary_or_expiry": "2030-08-06", "area_ha": null, "tenure_type": "Single Cell Mining Claim", "source": "Ontario MLAS operational claims (OGSEarth / LIO MapServer). Unofficial viewing data, not legal title.", "as_of": "2026-09-20", "role": "focus", "color": "#e8b040"}}, {"type": "Feature", "geometry": {"type": "Polygon", "coordinates": [[[-90.0625, 48.6375], [-90.0625, 48.6417], [-90.0688, 48.6417], [-90.0688, 48.6375], [-90.0625, 48.6375]]]}, "properties": {"company_id": "stardust-metal", "jurisdiction": "Ontario", "claim_id": "605344", "claim_name": null, "holder": "(100) STARDUST METAL CORP.", "status": "Active", "recorded_date": "2020-08-06", "anniversary_or_expiry": "2030-08-06", "area_ha": null, "tenure_type": "Single Cell Mining Claim", "source": "Ontario MLAS operational claims (OGSEarth / LIO MapServer). Unofficial viewing data, not legal title.", "as_of": "2026-09-20", "role": "focus", "color": "#e8b040"}}, {"type": "Feature", "geometry": {"type": "Polygon", "coordinates": [[[-90.0563, 48.6417], [-90.0563, 48.6458], [-90.0625, 48.6458], [-90.0625, 48.6417], [-90.0563, 48.6417]]]}, "properties": {"company_id": "stardust-metal", "jurisdiction": "Ontario", "claim_id": "605345", "claim_name": null, "holder": "(100) STARDUST METAL CORP.", "status": "Active", "recorded_date": "2020-08-06", "anniversary_or_expiry": "2030-08-06", "area_ha": null, "tenure_type": "Single Cell Mining Claim", "source": "Ontario MLAS operational claims (OGSEarth / LIO MapServer). Unofficial viewing data, not legal title.", "as_of": "2026-09-20", "role": "focus", "color": "#e8b040"}}, {"type": "Feature", "geometry": {"type": "Polygon", "coordinates": [[[-90.0375, 48.6333], [-90.0375, 48.6375], [-90.0438, 48.6375], [-90.0438, 48.6333], [-90.0375, 48.6333]]]}, "properties": {"company_id": "stardust-metal", "jurisdiction": "Ontario", "claim_id": "605346", "claim_name": null, "holder": "(100) STARDUST METAL CORP.", "status": "Active", "recorded_date": "2020-08-06", "anniversary_or_expiry": "2030-08-06", "area_ha": null, "tenure_type": "Single Cell Mining Claim", "source": "Ontario MLAS operational claims (OGSEarth / LIO MapServer). Unofficial viewing data, not legal title.", "as_of": "2026-09-20", "role": "focus", "color": "#e8b040"}}, {"type": "Feature", "geometry": {"type": "Polygon", "coordinates": [[[-89.975, 48.6208], [-89.975, 48.625], [-89.9813, 48.625], [-89.9813, 48.6208], [-89.975, 48.6208]]]}, "properties": {"company_id": "stardust-metal", "jurisdiction": "Ontario", "claim_id": "605347", "claim_name": null, "holder": "(100) STARDUST METAL CORP.", "status": "Active", "recorded_date": "2020-08-06", "anniversary_or_expiry": "2030-08-06", "area_ha": null, "tenure_type": "Single Cell Mining Claim", "source": "Ontario MLAS operational claims (OGSEarth / LIO MapServer). Unofficial viewing data, not legal title.", "as_of": "2026-09-20", "role": "focus", "color": "#e8b040"}}, {"type": "Feature", "geometry": {"type": "Polygon", "coordinates": [[[-89.9688, 48.6208], [-89.9688, 48.625], [-89.975, 48.625], [-89.975, 48.6208], [-89.9688, 48.6208]]]}, "properties": {"company_id": "stardust-metal", "jurisdiction": "Ontario", "claim_id": "605348", "claim_name": null, "holder": "(100) STARDUST METAL CORP.", "status": "Active", "recorded_date": "2020-08-06", "anniversary_or_expiry": "2030-08-06", "area_ha": null, "tenure_type": "Single Cell Mining Claim", "source": "Ontario MLAS operational claims (OGSEarth / LIO MapServer). Unofficial viewing data, not legal title.", "as_of": "2026-09-20", "role": "focus", "color": "#e8b040"}}, {"type": "Feature", "geometry": {"type": "Polygon", "coordinates": [[[-90.1063, 48.6417], [-90.1063, 48.6458], [-90.1125, 48.6458], [-90.1125, 48.6417], [-90.1063, 48.6417]]]}, "properties": {"company_id": "stardust-metal", "jurisdiction": "Ontario", "claim_id": "605349", "claim_name": null, "holder": "(100) STARDUST METAL CORP.", "status": "Active", "recorded_date": "2020-08-06", "anniversary_or_expiry": "2030-08-06", "area_ha": null, "tenure_type": "Single Cell Mining Claim", "source": "Ontario MLAS operational claims (OGSEarth / LIO MapServer). Unofficial viewing data, not legal title.", "as_of": "2026-09-20", "role": "focus", "color": "#e8b040"}}, {"type": "Feature", "geometry": {"type": "Polygon", "coordinates": [[[-90.1, 48.6375], [-90.1, 48.6417], [-90.1063, 48.6417], [-90.1063, 48.6375], [-90.1, 48.6375]]]}, "properties": {"company_id": "stardust-metal", "jurisdiction": "Ontario", "claim_id": "605350", "claim_name": null, "holder": "(100) STARDUST METAL CORP.", "status": "Active", "recorded_date": "2020-08-06", "anniversary_or_expiry": "2030-08-06", "area_ha": null, "tenure_type": "Single Cell Mining Claim", "source": "Ontario MLAS operational claims (OGSEarth / LIO MapServer). Unofficial viewing data, not legal title.", "as_of": "2026-09-20", "role": "focus", "color": "#e8b040"}}, {"type": "Feature", "geometry": {"type": "Polygon", "coordinates": [[[-90.0688, 48.6417], [-90.0688, 48.6458], [-90.075, 48.6458], [-90.075, 48.6417], [-90.0688, 48.6417]]]}, "properties": {"company_id": "stardust-metal", "jurisdiction": "Ontario", "claim_id": "605351", "claim_name": null, "holder": "(100) STARDUST METAL CORP.", "status": "Active", "recorded_date": "2020-08-06", "anniversary_or_expiry": "2030-08-06", "area_ha": null, "tenure_type": "Single Cell Mining Claim", "source": "Ontario MLAS operational claims (OGSEarth / LIO MapServer). Unofficial viewing data, not legal title.", "as_of": "2026-09-20", "role": "focus", "color": "#e8b040"}}, {"type": "Feature", "geometry": {"type": "Polygon", "coordinates": [[[-90.1063, 48.6375], [-90.1063, 48.6417], [-90.1125, 48.6417], [-90.1125, 48.6375], [-90.1063, 48.6375]]]}, "properties": {"company_id": "stardust-metal", "jurisdiction": "Ontario", "claim_id": "605352", "claim_name": null, "holder": "(100) STARDUST METAL CORP.", "status": "Active", "recorded_date": "2020-08-06", "anniversary_or_expiry": "2030-08-06", "area_ha": null, "tenure_type": "Single Cell Mining Claim", "source": "Ontario MLAS operational claims (OGSEarth / LIO MapServer). Unofficial viewing data, not legal title.", "as_of": "2026-09-20", "role": "focus", "color": "#e8b040"}}, {"type": "Feature", "geometry": {"type": "Polygon", "coordinates": [[[-90.075, 48.6417], [-90.075, 48.6458], [-90.0813, 48.6458], [-90.0813, 48.6417], [-90.075, 48.6417]]]}, "properties": {"company_id": "stardust-metal", "jurisdiction": "Ontario", "claim_id": "605353", "claim_name": null, "holder": "(100) STARDUST METAL CORP.", "status": "Active", "recorded_date": "2020-08-06", "anniversary_or_expiry": "2030-08-06", "area_ha": null, "tenure_type": "Single Cell Mining Claim", "source": "Ontario MLAS operational claims (OGSEarth / LIO MapServer). Unofficial viewing data, not legal title.", "as_of": "2026-09-20", "role": "focus", "color": "#e8b040"}}, {"type": "Feature", "geometry": {"type": "Polygon", "coordinates": [[[-90.0875, 48.6375], [-90.0875, 48.6417], [-90.0938, 48.6417], [-90.0938, 48.6375], [-90.0875, 48.6375]]]}, "properties": {"company_id": "stardust-metal", "jurisdiction": "Ontario", "claim_id": "605354", "claim_name": null, "holder": "(100) STARDUST METAL CORP.", "status": "Active", "recorded_date": "2020-08-06", "anniversary_or_expiry": "2030-08-06", "area_ha": null, "tenure_type": "Single Cell Mining Claim", "source": "Ontario MLAS operational claims (OGSEarth / LIO MapServer). Unofficial viewing data, not legal title.", "as_of": "2026-09-20", "role": "focus", "color": "#e8b040"}}, {"type": "Feature", "geometry": {"type": "Polygon", "coordinates": [[[-90.0938, 48.6375], [-90.0938, 48.6417], [-90.1, 48.6417], [-90.1, 48.6375], [-90.0938, 48.6375]]]}, "properties": {"company_id": "stardust-metal", "jurisdiction": "Ontario", "claim_id": "605355", "claim_name": null, "holder": "(100) STARDUST METAL CORP.", "status": "Active", "recorded_date": "2020-08-06", "anniversary_or_expiry": "2030-08-06", "area_ha": null, "tenure_type": "Single Cell Mining Claim", "source": "Ontario MLAS operational claims (OGSEarth / LIO MapServer). Unofficial viewing data, not legal title.", "as_of": "2026-09-20", "role": "focus", "color": "#e8b040"}}, {"type": "Feature", "geometry": {"type": "Polygon", "coordinates": [[[-90.0938, 48.6458], [-90.0938, 48.65], [-90.1, 48.65], [-90.1, 48.6458], [-90.0938, 48.6458]]]}, "properties": {"company_id": "stardust-metal", "jurisdiction": "Ontario", "claim_id": "605356", "claim_name": null, "holder": "(100) STARDUST METAL CORP.", "status": "Active", "recorded_date": "2020-08-06", "anniversary_or_expiry": "2030-08-06", "area_ha": null, "tenure_type": "Single Cell Mining Claim", "source": "Ontario MLAS operational claims (OGSEarth / LIO MapServer). Unofficial viewing data, not legal title.", "as_of": "2026-09-20", "role": "focus", "color": "#e8b040"}}, {"type": "Feature", "geometry": {"type": "Polygon", "coordinates": [[[-90.075, 48.6375], [-90.075, 48.6417], [-90.0813, 48.6417], [-90.0813, 48.6375], [-90.075, 48.6375]]]}, "properties": {"company_id": "stardust-metal", "jurisdiction": "Ontario", "claim_id": "605357", "claim_name": null, "holder": "(100) STARDUST METAL CORP.", "status": "Active", "recorded_date": "2020-08-06", "anniversary_or_expiry": "2030-08-06", "area_ha": null, "tenure_type": "Single Cell Mining Claim", "source": "Ontario MLAS operational claims (OGSEarth / LIO MapServer). Unofficial viewing data, not legal title.", "as_of": "2026-09-20", "role": "focus", "color": "#e8b040"}}, {"type": "Feature", "geometry": {"type": "Polygon", "coordinates": [[[-90.0688, 48.6375], [-90.0688, 48.6417], [-90.075, 48.6417], [-90.075, 48.6375], [-90.0688, 48.6375]]]}, "properties": {"company_id": "stardust-metal", "jurisdiction": "Ontario", "claim_id": "605358", "claim_name": null, "holder": "(100) STARDUST METAL CORP.", "status": "Active", "recorded_date": "2020-08-06", "anniversary_or_expiry": "2030-08-06", "area_ha": null, "tenure_type": "Single Cell Mining Claim", "source": "Ontario MLAS operational claims (OGSEarth / LIO MapServer). Unofficial viewing data, not legal title.", "as_of": "2026-09-20", "role": "focus", "color": "#e8b040"}}, {"type": "Feature", "geometry": {"type": "Polygon", "coordinates": [[[-90.0938, 48.6417], [-90.0938, 48.6458], [-90.1, 48.6458], [-90.1, 48.6417], [-90.0938, 48.6417]]]}, "properties": {"company_id": "stardust-metal", "jurisdiction": "Ontario", "claim_id": "605359", "claim_name": null, "holder": "(100) STARDUST METAL CORP.", "status": "Active", "recorded_date": "2020-08-06", "anniversary_or_expiry": "2030-08-06", "area_ha": null, "tenure_type": "Single Cell Mining Claim", "source": "Ontario MLAS operational claims (OGSEarth / LIO MapServer). Unofficial viewing data, not legal title.", "as_of": "2026-09-20", "role": "focus", "color": "#e8b040"}}, {"type": "Feature", "geometry": {"type": "Polygon", "coordinates": [[[-90.0875, 48.6458], [-90.0875, 48.65], [-90.0938, 48.65], [-90.0938, 48.6458], [-90.0875, 48.6458]]]}, "properties": {"company_id": "stardust-metal", "jurisdiction": "Ontario", "claim_id": "605360", "claim_name": null, "holder": "(100) STARDUST METAL CORP.", "status": "Active", "recorded_date": "2020-08-06", "anniversary_or_expiry": "2030-08-06", "area_ha": null, "tenure_type": "Single Cell Mining Claim", "source": "Ontario MLAS operational claims (OGSEarth / LIO MapServer). Unofficial viewing data, not legal title.", "as_of": "2026-09-20", "role": "focus", "color": "#e8b040"}}, {"type": "Feature", "geometry": {"type": "Polygon", "coordinates": [[[-90.0875, 48.6417], [-90.0875, 48.6458], [-90.0938, 48.6458], [-90.0938, 48.6417], [-90.0875, 48.6417]]]}, "properties": {"company_id": "stardust-metal", "jurisdiction": "Ontario", "claim_id": "605361", "claim_name": null, "holder": "(100) STARDUST METAL CORP.", "status": "Active", "recorded_date": "2020-08-06", "anniversary_or_expiry": "2030-08-06", "area_ha": null, "tenure_type": "Single Cell Mining Claim", "source": "Ontario MLAS operational claims (OGSEarth / LIO MapServer). Unofficial viewing data, not legal title.", "as_of": "2026-09-20", "role": "focus", "color": "#e8b040"}}, {"type": "Feature", "geometry": {"type": "Polygon", "coordinates": [[[-90.0813, 48.6458], [-90.0813, 48.65], [-90.0875, 48.65], [-90.0875, 48.6458], [-90.0813, 48.6458]]]}, "properties": {"company_id": "stardust-metal", "jurisdiction": "Ontario", "claim_id": "605362", "claim_name": null, "holder": "(100) STARDUST METAL CORP.", "status": "Active", "recorded_date": "2020-08-06", "anniversary_or_expiry": "2030-08-06", "area_ha": null, "tenure_type": "Single Cell Mining Claim", "source": "Ontario MLAS operational claims (OGSEarth / LIO MapServer). Unofficial viewing data, not legal title.", "as_of": "2026-09-20", "role": "focus", "color": "#e8b040"}}, {"type": "Feature", "geometry": {"type": "Polygon", "coordinates": [[[-90.1, 48.6417], [-90.1, 48.6458], [-90.1063, 48.6458], [-90.1063, 48.6417], [-90.1, 48.6417]]]}, "properties": {"company_id": "stardust-metal", "jurisdiction": "Ontario", "claim_id": "605363", "claim_name": null, "holder": "(100) STARDUST METAL CORP.", "status": "Active", "recorded_date": "2020-08-06", "anniversary_or_expiry": "2030-08-06", "area_ha": null, "tenure_type": "Single Cell Mining Claim", "source": "Ontario MLAS operational claims (OGSEarth / LIO MapServer). Unofficial viewing data, not legal title.", "as_of": "2026-09-20", "role": "focus", "color": "#e8b040"}}, {"type": "Feature", "geometry": {"type": "Polygon", "coordinates": [[[-90.0813, 48.6375], [-90.0813, 48.6417], [-90.0875, 48.6417], [-90.0875, 48.6375], [-90.0813, 48.6375]]]}, "properties": {"company_id": "stardust-metal", "jurisdiction": "Ontario", "claim_id": "605364", "claim_name": null, "holder": "(100) STARDUST METAL CORP.", "status": "Active", "recorded_date": "2020-08-06", "anniversary_or_expiry": "2030-08-06", "area_ha": null, "tenure_type": "Single Cell Mining Claim", "source": "Ontario MLAS operational claims (OGSEarth / LIO MapServer). Unofficial viewing data, not legal title.", "as_of": "2026-09-20", "role": "focus", "color": "#e8b040"}}, {"type": "Feature", "geometry": {"type": "Polygon", "coordinates": [[[-90.0813, 48.6417], [-90.0813, 48.6458], [-90.0875, 48.6458], [-90.0875, 48.6417], [-90.0813, 48.6417]]]}, "properties": {"company_id": "stardust-metal", "jurisdiction": "Ontario", "claim_id": "605365", "claim_name": null, "holder": "(100) STARDUST METAL CORP.", "status": "Active", "recorded_date": "2020-08-06", "anniversary_or_expiry": "2030-08-06", "area_ha": null, "tenure_type": "Single Cell Mining Claim", "source": "Ontario MLAS operational claims (OGSEarth / LIO MapServer). Unofficial viewing data, not legal title.", "as_of": "2026-09-20", "role": "focus", "color": "#e8b040"}}, {"type": "Feature", "geometry": {"type": "Polygon", "coordinates": [[[-90.2125, 48.6333], [-90.2125, 48.6375], [-90.2188, 48.6375], [-90.2188, 48.6333], [-90.2125, 48.6333]]]}, "properties": {"company_id": "stardust-metal", "jurisdiction": "Ontario", "claim_id": "605366", "claim_name": null, "holder": "(100) STARDUST METAL CORP.", "status": "Active", "recorded_date": "2020-08-06", "anniversary_or_expiry": "2030-08-06", "area_ha": null, "tenure_type": "Single Cell Mining Claim", "source": "Ontario MLAS operational claims (OGSEarth / LIO MapServer). Unofficial viewing data, not legal title.", "as_of": "2026-09-20", "role": "focus", "color": "#e8b040"}}, {"type": "Feature", "geometry": {"type": "Polygon", "coordinates": [[[-90.2063, 48.6292], [-90.2063, 48.6333], [-90.2125, 48.6333], [-90.2125, 48.6292], [-90.2063, 48.6292]]]}, "properties": {"company_id": "stardust-metal", "jurisdiction": "Ontario", "claim_id": "605367", "claim_name": null, "holder": "(100) STARDUST METAL CORP.", "status": "Active", "recorded_date": "2020-08-06", "anniversary_or_expiry": "2030-08-06", "area_ha": null, "tenure_type": "Single Cell Mining Claim", "source": "Ontario MLAS operational claims (OGSEarth / LIO MapServer). Unofficial viewing data, not legal title.", "as_of": "2026-09-20", "role": "focus", "color": "#e8b040"}}, {"type": "Feature", "geometry": {"type": "Polygon", "coordinates": [[[-90.2125, 48.6292], [-90.2125, 48.6333], [-90.2188, 48.6333], [-90.2188, 48.6292], [-90.2125, 48.6292]]]}, "properties": {"company_id": "stardust-metal", "jurisdiction": "Ontario", "claim_id": "605368", "claim_name": null, "holder": "(100) STARDUST METAL CORP.", "status": "Active", "recorded_date": "2020-08-06", "anniversary_or_expiry": "2030-08-06", "area_ha": null, "tenure_type": "Single Cell Mining Claim", "source": "Ontario MLAS operational claims (OGSEarth / LIO MapServer). Unofficial viewing data, not legal title.", "as_of": "2026-09-20", "role": "focus", "color": "#e8b040"}}, {"type": "Feature", "geometry": {"type": "Polygon", "coordinates": [[[-90.0813, 48.65], [-90.0813, 48.6542], [-90.0875, 48.6542], [-90.0875, 48.65], [-90.0813, 48.65]]]}, "properties": {"company_id": "stardust-metal", "jurisdiction": "Ontario", "claim_id": "605807", "claim_name": null, "holder": "(100) STARDUST METAL CORP.", "status": "Active", "recorded_date": "2020-08-07", "anniversary_or_expiry": "2030-08-07", "area_ha": null, "tenure_type": "Single Cell Mining Claim", "source": "Ontario MLAS operational claims (OGSEarth / LIO MapServer). Unofficial viewing data, not legal title.", "as_of": "2026-09-20", "role": "focus", "color": "#e8b040"}}, {"type": "Feature", "geometry": {"type": "Polygon", "coordinates": [[[-90.0563, 48.6458], [-90.0563, 48.65], [-90.0625, 48.65], [-90.0625, 48.6458], [-90.0563, 48.6458]]]}, "properties": {"company_id": "stardust-metal", "jurisdiction": "Ontario", "claim_id": "605808", "claim_name": null, "holder": "(100) STARDUST METAL CORP.", "status": "Active", "recorded_date": "2020-08-07", "anniversary_or_expiry": "2030-08-07", "area_ha": null, "tenure_type": "Single Cell Mining Claim", "source": "Ontario MLAS operational claims (OGSEarth / LIO MapServer). Unofficial viewing data, not legal title.", "as_of": "2026-09-20", "role": "focus", "color": "#e8b040"}}, {"type": "Feature", "geometry": {"type": "Polygon", "coordinates": [[[-90.0125, 48.6375], [-90.0125, 48.6417], [-90.0188, 48.6417], [-90.0188, 48.6375], [-90.0125, 48.6375]]]}, "properties": {"company_id": "stardust-metal", "jurisdiction": "Ontario", "claim_id": "605809", "claim_name": null, "holder": "(100) STARDUST METAL CORP.", "status": "Active", "recorded_date": "2020-08-07", "anniversary_or_expiry": "2030-08-07", "area_ha": null, "tenure_type": "Single Cell Mining Claim", "source": "Ontario MLAS operational claims (OGSEarth / LIO MapServer). Unofficial viewing data, not legal title.", "as_of": "2026-09-20", "role": "focus", "color": "#e8b040"}}, {"type": "Feature", "geometry": {"type": "Polygon", "coordinates": [[[-90.0875, 48.65], [-90.0875, 48.6542], [-90.0938, 48.6542], [-90.0938, 48.65], [-90.0875, 48.65]]]}, "properties": {"company_id": "stardust-metal", "jurisdiction": "Ontario", "claim_id": "605810", "claim_name": null, "holder": "(100) STARDUST METAL CORP.", "status": "Active", "recorded_date": "2020-08-07", "anniversary_or_expiry": "2030-08-07", "area_ha": null, "tenure_type": "Single Cell Mining Claim", "source": "Ontario MLAS operational claims (OGSEarth / LIO MapServer). Unofficial viewing data, not legal title.", "as_of": "2026-09-20", "role": "focus", "color": "#e8b040"}}, {"type": "Feature", "geometry": {"type": "Polygon", "coordinates": [[[-90.0813, 48.6542], [-90.0813, 48.6583], [-90.0875, 48.6583], [-90.0875, 48.6542], [-90.0813, 48.6542]]]}, "properties": {"company_id": "stardust-metal", "jurisdiction": "Ontario", "claim_id": "605811", "claim_name": null, "holder": "(100) STARDUST METAL CORP.", "status": "Active", "recorded_date": "2020-08-07", "anniversary_or_expiry": "2030-08-07", "area_ha": null, "tenure_type": "Single Cell Mining Claim", "source": "Ontario MLAS operational claims (OGSEarth / LIO MapServer). Unofficial viewing data, not legal title.", "as_of": "2026-09-20", "role": "focus", "color": "#e8b040"}}, {"type": "Feature", "geometry": {"type": "Polygon", "coordinates": [[[-90.075, 48.65], [-90.075, 48.6542], [-90.0813, 48.6542], [-90.0813, 48.65], [-90.075, 48.65]]]}, "properties": {"company_id": "stardust-metal", "jurisdiction": "Ontario", "claim_id": "605812", "claim_name": null, "holder": "(100) STARDUST METAL CORP.", "status": "Active", "recorded_date": "2020-08-07", "anniversary_or_expiry": "2030-08-07", "area_ha": null, "tenure_type": "Single Cell Mining Claim", "source": "Ontario MLAS operational claims (OGSEarth / LIO MapServer). Unofficial viewing data, not legal title.", "as_of": "2026-09-20", "role": "focus", "color": "#e8b040"}}, {"type": "Feature", "geometry": {"type": "Polygon", "coordinates": [[[-90.025, 48.6375], [-90.025, 48.6417], [-90.0313, 48.6417], [-90.0313, 48.6375], [-90.025, 48.6375]]]}, "properties": {"company_id": "stardust-metal", "jurisdiction": "Ontario", "claim_id": "605813", "claim_name": null, "holder": "(100) STARDUST METAL CORP.", "status": "Active", "recorded_date": "2020-08-07", "anniversary_or_expiry": "2030-08-07", "area_ha": null, "tenure_type": "Single Cell Mining Claim", "source": "Ontario MLAS operational claims (OGSEarth / LIO MapServer). Unofficial viewing data, not legal title.", "as_of": "2026-09-20", "role": "focus", "color": "#e8b040"}}, {"type": "Feature", "geometry": {"type": "Polygon", "coordinates": [[[-90.075, 48.6458], [-90.075, 48.65], [-90.0813, 48.65], [-90.0813, 48.6458], [-90.075, 48.6458]]]}, "properties": {"company_id": "stardust-metal", "jurisdiction": "Ontario", "claim_id": "605814", "claim_name": null, "holder": "(100) STARDUST METAL CORP.", "status": "Active", "recorded_date": "2020-08-07", "anniversary_or_expiry": "2030-08-07", "area_ha": null, "tenure_type": "Single Cell Mining Claim", "source": "Ontario MLAS operational claims (OGSEarth / LIO MapServer). Unofficial viewing data, not legal title.", "as_of": "2026-09-20", "role": "focus", "color": "#e8b040"}}, {"type": "Feature", "geometry": {"type": "Polygon", "coordinates": [[[-90.05, 48.6417], [-90.05, 48.6458], [-90.0563, 48.6458], [-90.0563, 48.6417], [-90.05, 48.6417]]]}, "properties": {"company_id": "stardust-metal", "jurisdiction": "Ontario", "claim_id": "605815", "claim_name": null, "holder": "(100) STARDUST METAL CORP.", "status": "Active", "recorded_date": "2020-08-07", "anniversary_or_expiry": "2030-08-07", "area_ha": null, "tenure_type": "Single Cell Mining Claim", "source": "Ontario MLAS operational claims (OGSEarth / LIO MapServer). Unofficial viewing data, not legal title.", "as_of": "2026-09-20", "role": "focus", "color": "#e8b040"}}, {"type": "Feature", "geometry": {"type": "Polygon", "coordinates": [[[-90.0625, 48.6458], [-90.0625, 48.65], [-90.0688, 48.65], [-90.0688, 48.6458], [-90.0625, 48.6458]]]}, "properties": {"company_id": "stardust-metal", "jurisdiction": "Ontario", "claim_id": "605816", "claim_name": null, "holder": "(100) STARDUST METAL CORP.", "status": "Active", "recorded_date": "2020-08-07", "anniversary_or_expiry": "2030-08-07", "area_ha": null, "tenure_type": "Single Cell Mining Claim", "source": "Ontario MLAS operational claims (OGSEarth / LIO MapServer). Unofficial viewing data, not legal title.", "as_of": "2026-09-20", "role": "focus", "color": "#e8b040"}}, {"type": "Feature", "geometry": {"type": "Polygon", "coordinates": [[[-90.0375, 48.6417], [-90.0375, 48.6458], [-90.0438, 48.6458], [-90.0438, 48.6417], [-90.0375, 48.6417]]]}, "properties": {"company_id": "stardust-metal", "jurisdiction": "Ontario", "claim_id": "605817", "claim_name": null, "holder": "(100) STARDUST METAL CORP.", "status": "Active", "recorded_date": "2020-08-07", "anniversary_or_expiry": "2030-08-07", "area_ha": null, "tenure_type": "Single Cell Mining Claim", "source": "Ontario MLAS operational claims (OGSEarth / LIO MapServer). Unofficial viewing data, not legal title.", "as_of": "2026-09-20", "role": "focus", "color": "#e8b040"}}, {"type": "Feature", "geometry": {"type": "Polygon", "coordinates": [[[-90.0188, 48.6375], [-90.0188, 48.6417], [-90.025, 48.6417], [-90.025, 48.6375], [-90.0188, 48.6375]]]}, "properties": {"company_id": "stardust-metal", "jurisdiction": "Ontario", "claim_id": "605818", "claim_name": null, "holder": "(100) STARDUST METAL CORP.", "status": "Active", "recorded_date": "2020-08-07", "anniversary_or_expiry": "2030-08-07", "area_ha": null, "tenure_type": "Single Cell Mining Claim", "source": "Ontario MLAS operational claims (OGSEarth / LIO MapServer). Unofficial viewing data, not legal title.", "as_of": "2026-09-20", "role": "focus", "color": "#e8b040"}}, {"type": "Feature", "geometry": {"type": "Polygon", "coordinates": [[[-90.05, 48.6458], [-90.05, 48.65], [-90.0563, 48.65], [-90.0563, 48.6458], [-90.05, 48.6458]]]}, "properties": {"company_id": "stardust-metal", "jurisdiction": "Ontario", "claim_id": "605819", "claim_name": null, "holder": "(100) STARDUST METAL CORP.", "status": "Active", "recorded_date": "2020-08-07", "anniversary_or_expiry": "2030-08-07", "area_ha": null, "tenure_type": "Single Cell Mining Claim", "source": "Ontario MLAS operational claims (OGSEarth / LIO MapServer). Unofficial viewing data, not legal title.", "as_of": "2026-09-20", "role": "focus", "color": "#e8b040"}}, {"type": "Feature", "geometry": {"type": "Polygon", "coordinates": [[[-90.0313, 48.6417], [-90.0313, 48.6458], [-90.0375, 48.6458], [-90.0375, 48.6417], [-90.0313, 48.6417]]]}, "properties": {"company_id": "stardust-metal", "jurisdiction": "Ontario", "claim_id": "605820", "claim_name": null, "holder": "(100) STARDUST METAL CORP.", "status": "Active", "recorded_date": "2020-08-07", "anniversary_or_expiry": "2030-08-07", "area_ha": null, "tenure_type": "Single Cell Mining Claim", "source": "Ontario MLAS operational claims (OGSEarth / LIO MapServer). Unofficial viewing data, not legal title.", "as_of": "2026-09-20", "role": "focus", "color": "#e8b040"}}, {"type": "Feature", "geometry": {"type": "Polygon", "coordinates": [[[-90.0688, 48.6458], [-90.0688, 48.65], [-90.075, 48.65], [-90.075, 48.6458], [-90.0688, 48.6458]]]}, "properties": {"company_id": "stardust-metal", "jurisdiction": "Ontario", "claim_id": "605821", "claim_name": null, "holder": "(100) STARDUST METAL CORP.", "status": "Active", "recorded_date": "2020-08-07", "anniversary_or_expiry": "2030-08-07", "area_ha": null, "tenure_type": "Single Cell Mining Claim", "source": "Ontario MLAS operational claims (OGSEarth / LIO MapServer). Unofficial viewing data, not legal title.", "as_of": "2026-09-20", "role": "focus", "color": "#e8b040"}}, {"type": "Feature", "geometry": {"type": "Polygon", "coordinates": [[[-90.0688, 48.65], [-90.0688, 48.6542], [-90.075, 48.6542], [-90.075, 48.65], [-90.0688, 48.65]]]}, "properties": {"company_id": "stardust-metal", "jurisdiction": "Ontario", "claim_id": "605822", "claim_name": null, "holder": "(100) STARDUST METAL CORP.", "status": "Active", "recorded_date": "2020-08-07", "anniversary_or_expiry": "2030-08-07", "area_ha": null, "tenure_type": "Single Cell Mining Claim", "source": "Ontario MLAS operational claims (OGSEarth / LIO MapServer). Unofficial viewing data, not legal title.", "as_of": "2026-09-20", "role": "focus", "color": "#e8b040"}}, {"type": "Feature", "geometry": {"type": "Polygon", "coordinates": [[[-90.0438, 48.6417], [-90.0438, 48.6458], [-90.05, 48.6458], [-90.05, 48.6417], [-90.0438, 48.6417]]]}, "properties": {"company_id": "stardust-metal", "jurisdiction": "Ontario", "claim_id": "605823", "claim_name": null, "holder": "(100) STARDUST METAL CORP.", "status": "Active", "recorded_date": "2020-08-07", "anniversary_or_expiry": "2030-08-07", "area_ha": null, "tenure_type": "Single Cell Mining Claim", "source": "Ontario MLAS operational claims (OGSEarth / LIO MapServer). Unofficial viewing data, not legal title.", "as_of": "2026-09-20", "role": "focus", "color": "#e8b040"}}, {"type": "Feature", "geometry": {"type": "Polygon", "coordinates": [[[-90.025, 48.6417], [-90.025, 48.6458], [-90.0313, 48.6458], [-90.0313, 48.6417], [-90.025, 48.6417]]]}, "properties": {"company_id": "stardust-metal", "jurisdiction": "Ontario", "claim_id": "605824", "claim_name": null, "holder": "(100) STARDUST METAL CORP.", "status": "Active", "recorded_date": "2020-08-07", "anniversary_or_expiry": "2030-08-07", "area_ha": null, "tenure_type": "Single Cell Mining Claim", "source": "Ontario MLAS operational claims (OGSEarth / LIO MapServer). Unofficial viewing data, not legal title.", "as_of": "2026-09-20", "role": "focus", "color": "#e8b040"}}, {"type": "Feature", "geometry": {"type": "Polygon", "coordinates": [[[-90.0, 48.6333], [-90.0, 48.6375], [-90.0063, 48.6375], [-90.0063, 48.6333], [-90.0, 48.6333]]]}, "properties": {"company_id": "stardust-metal", "jurisdiction": "Ontario", "claim_id": "605825", "claim_name": null, "holder": "(100) STARDUST METAL CORP.", "status": "Active", "recorded_date": "2020-08-07", "anniversary_or_expiry": "2030-08-07", "area_ha": null, "tenure_type": "Single Cell Mining Claim", "source": "Ontario MLAS operational claims (OGSEarth / LIO MapServer). Unofficial viewing data, not legal title.", "as_of": "2026-09-20", "role": "focus", "color": "#e8b040"}}, {"type": "Feature", "geometry": {"type": "Polygon", "coordinates": [[[-89.9938, 48.6333], [-89.9938, 48.6375], [-90.0, 48.6375], [-90.0, 48.6333], [-89.9938, 48.6333]]]}, "properties": {"company_id": "stardust-metal", "jurisdiction": "Ontario", "claim_id": "605826", "claim_name": null, "holder": "(100) STARDUST METAL CORP.", "status": "Active", "recorded_date": "2020-08-07", "anniversary_or_expiry": "2030-08-07", "area_ha": null, "tenure_type": "Single Cell Mining Claim", "source": "Ontario MLAS operational claims (OGSEarth / LIO MapServer). Unofficial viewing data, not legal title.", "as_of": "2026-09-20", "role": "focus", "color": "#e8b040"}}, {"type": "Feature", "geometry": {"type": "Polygon", "coordinates": [[[-89.9875, 48.6333], [-89.9875, 48.6375], [-89.9938, 48.6375], [-89.9938, 48.6333], [-89.9875, 48.6333]]]}, "properties": {"company_id": "stardust-metal", "jurisdiction": "Ontario", "claim_id": "605827", "claim_name": null, "holder": "(100) STARDUST METAL CORP.", "status": "Active", "recorded_date": "2020-08-07", "anniversary_or_expiry": "2030-08-07", "area_ha": null, "tenure_type": "Single Cell Mining Claim", "source": "Ontario MLAS operational claims (OGSEarth / LIO MapServer). Unofficial viewing data, not legal title.", "as_of": "2026-09-20", "role": "focus", "color": "#e8b040"}}, {"type": "Feature", "geometry": {"type": "Polygon", "coordinates": [[[-89.9875, 48.6292], [-89.9875, 48.6333], [-89.9938, 48.6333], [-89.9938, 48.6292], [-89.9875, 48.6292]]]}, "properties": {"company_id": "stardust-metal", "jurisdiction": "Ontario", "claim_id": "605828", "claim_name": null, "holder": "(100) STARDUST METAL CORP.", "status": "Active", "recorded_date": "2020-08-07", "anniversary_or_expiry": "2030-08-07", "area_ha": null, "tenure_type": "Single Cell Mining Claim", "source": "Ontario MLAS operational claims (OGSEarth / LIO MapServer). Unofficial viewing data, not legal title.", "as_of": "2026-09-20", "role": "focus", "color": "#e8b040"}}, {"type": "Feature", "geometry": {"type": "Polygon", "coordinates": [[[-89.9813, 48.6292], [-89.9813, 48.6333], [-89.9875, 48.6333], [-89.9875, 48.6292], [-89.9813, 48.6292]]]}, "properties": {"company_id": "stardust-metal", "jurisdiction": "Ontario", "claim_id": "605829", "claim_name": null, "holder": "(100) STARDUST METAL CORP.", "status": "Active", "recorded_date": "2020-08-07", "anniversary_or_expiry": "2030-08-07", "area_ha": null, "tenure_type": "Single Cell Mining Claim", "source": "Ontario MLAS operational claims (OGSEarth / LIO MapServer). Unofficial viewing data, not legal title.", "as_of": "2026-09-20", "role": "focus", "color": "#e8b040"}}, {"type": "Feature", "geometry": {"type": "Polygon", "coordinates": [[[-89.975, 48.6292], [-89.975, 48.6333], [-89.9813, 48.6333], [-89.9813, 48.6292], [-89.975, 48.6292]]]}, "properties": {"company_id": "stardust-metal", "jurisdiction": "Ontario", "claim_id": "605830", "claim_name": null, "holder": "(100) STARDUST METAL CORP.", "status": "Active", "recorded_date": "2020-08-07", "anniversary_or_expiry": "2030-08-07", "area_ha": null, "tenure_type": "Single Cell Mining Claim", "source": "Ontario MLAS operational claims (OGSEarth / LIO MapServer). Unofficial viewing data, not legal title.", "as_of": "2026-09-20", "role": "focus", "color": "#e8b040"}}, {"type": "Feature", "geometry": {"type": "Polygon", "coordinates": [[[-89.975, 48.625], [-89.975, 48.6292], [-89.9813, 48.6292], [-89.9813, 48.625], [-89.975, 48.625]]]}, "properties": {"company_id": "stardust-metal", "jurisdiction": "Ontario", "claim_id": "605831", "claim_name": null, "holder": "(100) STARDUST METAL CORP.", "status": "Active", "recorded_date": "2020-08-07", "anniversary_or_expiry": "2030-08-07", "area_ha": null, "tenure_type": "Single Cell Mining Claim", "source": "Ontario MLAS operational claims (OGSEarth / LIO MapServer). Unofficial viewing data, not legal title.", "as_of": "2026-09-20", "role": "focus", "color": "#e8b040"}}, {"type": "Feature", "geometry": {"type": "Polygon", "coordinates": [[[-89.9688, 48.625], [-89.9688, 48.6292], [-89.975, 48.6292], [-89.975, 48.625], [-89.9688, 48.625]]]}, "properties": {"company_id": "stardust-metal", "jurisdiction": "Ontario", "claim_id": "605832", "claim_name": null, "holder": "(100) STARDUST METAL CORP.", "status": "Active", "recorded_date": "2020-08-07", "anniversary_or_expiry": "2030-08-07", "area_ha": null, "tenure_type": "Single Cell Mining Claim", "source": "Ontario MLAS operational claims (OGSEarth / LIO MapServer). Unofficial viewing data, not legal title.", "as_of": "2026-09-20", "role": "focus", "color": "#e8b040"}}, {"type": "Feature", "geometry": {"type": "Polygon", "coordinates": [[[-89.9625, 48.625], [-89.9625, 48.6292], [-89.9688, 48.6292], [-89.9688, 48.625], [-89.9625, 48.625]]]}, "properties": {"company_id": "stardust-metal", "jurisdiction": "Ontario", "claim_id": "605833", "claim_name": null, "holder": "(100) STARDUST METAL CORP.", "status": "Active", "recorded_date": "2020-08-07", "anniversary_or_expiry": "2030-08-07", "area_ha": null, "tenure_type": "Single Cell Mining Claim", "source": "Ontario MLAS operational claims (OGSEarth / LIO MapServer). Unofficial viewing data, not legal title.", "as_of": "2026-09-20", "role": "focus", "color": "#e8b040"}}, {"type": "Feature", "geometry": {"type": "Polygon", "coordinates": [[[-89.9563, 48.625], [-89.9563, 48.6292], [-89.9625, 48.6292], [-89.9625, 48.625], [-89.9563, 48.625]]]}, "properties": {"company_id": "stardust-metal", "jurisdiction": "Ontario", "claim_id": "605834", "claim_name": null, "holder": "(100) STARDUST METAL CORP.", "status": "Active", "recorded_date": "2020-08-07", "anniversary_or_expiry": "2030-08-07", "area_ha": null, "tenure_type": "Single Cell Mining Claim", "source": "Ontario MLAS operational claims (OGSEarth / LIO MapServer). Unofficial viewing data, not legal title.", "as_of": "2026-09-20", "role": "focus", "color": "#e8b040"}}, {"type": "Feature", "geometry": {"type": "Polygon", "coordinates": [[[-89.9625, 48.6208], [-89.9625, 48.625], [-89.9688, 48.625], [-89.9688, 48.6208], [-89.9625, 48.6208]]]}, "properties": {"company_id": "stardust-metal", "jurisdiction": "Ontario", "claim_id": "605835", "claim_name": null, "holder": "(100) STARDUST METAL CORP.", "status": "Active", "recorded_date": "2020-08-07", "anniversary_or_expiry": "2030-08-07", "area_ha": null, "tenure_type": "Single Cell Mining Claim", "source": "Ontario MLAS operational claims (OGSEarth / LIO MapServer). Unofficial viewing data, not legal title.", "as_of": "2026-09-20", "role": "focus", "color": "#e8b040"}}, {"type": "Feature", "geometry": {"type": "Polygon", "coordinates": [[[-89.9563, 48.6208], [-89.9563, 48.625], [-89.9625, 48.625], [-89.9625, 48.6208], [-89.9563, 48.6208]]]}, "properties": {"company_id": "stardust-metal", "jurisdiction": "Ontario", "claim_id": "605836", "claim_name": null, "holder": "(100) STARDUST METAL CORP.", "status": "Active", "recorded_date": "2020-08-07", "anniversary_or_expiry": "2030-08-07", "area_ha": null, "tenure_type": "Single Cell Mining Claim", "source": "Ontario MLAS operational claims (OGSEarth / LIO MapServer). Unofficial viewing data, not legal title.", "as_of": "2026-09-20", "role": "focus", "color": "#e8b040"}}, {"type": "Feature", "geometry": {"type": "Polygon", "coordinates": [[[-89.95, 48.6208], [-89.95, 48.625], [-89.9563, 48.625], [-89.9563, 48.6208], [-89.95, 48.6208]]]}, "properties": {"company_id": "stardust-metal", "jurisdiction": "Ontario", "claim_id": "605837", "claim_name": null, "holder": "(100) STARDUST METAL CORP.", "status": "Active", "recorded_date": "2020-08-07", "anniversary_or_expiry": "2030-08-07", "area_ha": null, "tenure_type": "Single Cell Mining Claim", "source": "Ontario MLAS operational claims (OGSEarth / LIO MapServer). Unofficial viewing data, not legal title.", "as_of": "2026-09-20", "role": "focus", "color": "#e8b040"}}, {"type": "Feature", "geometry": {"type": "Polygon", "coordinates": [[[-89.9438, 48.6208], [-89.9438, 48.625], [-89.95, 48.625], [-89.95, 48.6208], [-89.9438, 48.6208]]]}, "properties": {"company_id": "stardust-metal", "jurisdiction": "Ontario", "claim_id": "605838", "claim_name": null, "holder": "(100) STARDUST METAL CORP.", "status": "Active", "recorded_date": "2020-08-07", "anniversary_or_expiry": "2030-08-07", "area_ha": null, "tenure_type": "Single Cell Mining Claim", "source": "Ontario MLAS operational claims (OGSEarth / LIO MapServer). Unofficial viewing data, not legal title.", "as_of": "2026-09-20", "role": "focus", "color": "#e8b040"}}, {"type": "Feature", "geometry": {"type": "Polygon", "coordinates": [[[-89.95, 48.6167], [-89.95, 48.6208], [-89.9563, 48.6208], [-89.9563, 48.6167], [-89.95, 48.6167]]]}, "properties": {"company_id": "stardust-metal", "jurisdiction": "Ontario", "claim_id": "605839", "claim_name": null, "holder": "(100) STARDUST METAL CORP.", "status": "Active", "recorded_date": "2020-08-07", "anniversary_or_expiry": "2030-08-07", "area_ha": null, "tenure_type": "Single Cell Mining Claim", "source": "Ontario MLAS operational claims (OGSEarth / LIO MapServer). Unofficial viewing data, not legal title.", "as_of": "2026-09-20", "role": "focus", "color": "#e8b040"}}, {"type": "Feature", "geometry": {"type": "Polygon", "coordinates": [[[-89.9438, 48.6167], [-89.9438, 48.6208], [-89.95, 48.6208], [-89.95, 48.6167], [-89.9438, 48.6167]]]}, "properties": {"company_id": "stardust-metal", "jurisdiction": "Ontario", "claim_id": "605840", "claim_name": null, "holder": "(100) STARDUST METAL CORP.", "status": "Active", "recorded_date": "2020-08-07", "anniversary_or_expiry": "2030-08-07", "area_ha": null, "tenure_type": "Single Cell Mining Claim", "source": "Ontario MLAS operational claims (OGSEarth / LIO MapServer). Unofficial viewing data, not legal title.", "as_of": "2026-09-20", "role": "focus", "color": "#e8b040"}}, {"type": "Feature", "geometry": {"type": "Polygon", "coordinates": [[[-89.9375, 48.6167], [-89.9375, 48.6208], [-89.9438, 48.6208], [-89.9438, 48.6167], [-89.9375, 48.6167]]]}, "properties": {"company_id": "stardust-metal", "jurisdiction": "Ontario", "claim_id": "605841", "claim_name": null, "holder": "(100) STARDUST METAL CORP.", "status": "Active", "recorded_date": "2020-08-07", "anniversary_or_expiry": "2030-08-07", "area_ha": null, "tenure_type": "Single Cell Mining Claim", "source": "Ontario MLAS operational claims (OGSEarth / LIO MapServer). Unofficial viewing data, not legal title.", "as_of": "2026-09-20", "role": "focus", "color": "#e8b040"}}, {"type": "Feature", "geometry": {"type": "Polygon", "coordinates": [[[-89.9313, 48.6167], [-89.9313, 48.6208], [-89.9375, 48.6208], [-89.9375, 48.6167], [-89.9313, 48.6167]]]}, "properties": {"company_id": "stardust-metal", "jurisdiction": "Ontario", "claim_id": "605842", "claim_name": null, "holder": "(100) STARDUST METAL CORP.", "status": "Active", "recorded_date": "2020-08-07", "anniversary_or_expiry": "2030-08-07", "area_ha": null, "tenure_type": "Single Cell Mining Claim", "source": "Ontario MLAS operational claims (OGSEarth / LIO MapServer). Unofficial viewing data, not legal title.", "as_of": "2026-09-20", "role": "focus", "color": "#e8b040"}}, {"type": "Feature", "geometry": {"type": "Polygon", "coordinates": [[[-89.925, 48.6167], [-89.925, 48.6208], [-89.9313, 48.6208], [-89.9313, 48.6167], [-89.925, 48.6167]]]}, "properties": {"company_id": "stardust-metal", "jurisdiction": "Ontario", "claim_id": "605843", "claim_name": null, "holder": "(100) STARDUST METAL CORP.", "status": "Active", "recorded_date": "2020-08-07", "anniversary_or_expiry": "2030-08-07", "area_ha": null, "tenure_type": "Single Cell Mining Claim", "source": "Ontario MLAS operational claims (OGSEarth / LIO MapServer). Unofficial viewing data, not legal title.", "as_of": "2026-09-20", "role": "focus", "color": "#e8b040"}}, {"type": "Feature", "geometry": {"type": "Polygon", "coordinates": [[[-89.9188, 48.6167], [-89.9188, 48.6208], [-89.925, 48.6208], [-89.925, 48.6167], [-89.9188, 48.6167]]]}, "properties": {"company_id": "stardust-metal", "jurisdiction": "Ontario", "claim_id": "605844", "claim_name": null, "holder": "(100) STARDUST METAL CORP.", "status": "Active", "recorded_date": "2020-08-07", "anniversary_or_expiry": "2030-08-07", "area_ha": null, "tenure_type": "Single Cell Mining Claim", "source": "Ontario MLAS operational claims (OGSEarth / LIO MapServer). Unofficial viewing data, not legal title.", "as_of": "2026-09-20", "role": "focus", "color": "#e8b040"}}, {"type": "Feature", "geometry": {"type": "Polygon", "coordinates": [[[-89.9125, 48.6167], [-89.9125, 48.6208], [-89.9188, 48.6208], [-89.9188, 48.6167], [-89.9125, 48.6167]]]}, "properties": {"company_id": "stardust-metal", "jurisdiction": "Ontario", "claim_id": "605845", "claim_name": null, "holder": "(100) STARDUST METAL CORP.", "status": "Active", "recorded_date": "2020-08-07", "anniversary_or_expiry": "2030-08-07", "area_ha": null, "tenure_type": "Single Cell Mining Claim", "source": "Ontario MLAS operational claims (OGSEarth / LIO MapServer). Unofficial viewing data, not legal title.", "as_of": "2026-09-20", "role": "focus", "color": "#e8b040"}}, {"type": "Feature", "geometry": {"type": "Polygon", "coordinates": [[[-89.9063, 48.6167], [-89.9063, 48.6208], [-89.9125, 48.6208], [-89.9125, 48.6167], [-89.9063, 48.6167]]]}, "properties": {"company_id": "stardust-metal", "jurisdiction": "Ontario", "claim_id": "605846", "claim_name": null, "holder": "(100) STARDUST METAL CORP.", "status": "Active", "recorded_date": "2020-08-07", "anniversary_or_expiry": "2030-08-07", "area_ha": null, "tenure_type": "Single Cell Mining Claim", "source": "Ontario MLAS operational claims (OGSEarth / LIO MapServer). Unofficial viewing data, not legal title.", "as_of": "2026-09-20", "role": "focus", "color": "#e8b040"}}, {"type": "Feature", "geometry": {"type": "Polygon", "coordinates": [[[-89.9, 48.6208], [-89.9, 48.625], [-89.9063, 48.625], [-89.9063, 48.6208], [-89.9, 48.6208]]]}, "properties": {"company_id": "stardust-metal", "jurisdiction": "Ontario", "claim_id": "613931", "claim_name": null, "holder": "(100) STARDUST METAL CORP.", "status": "Active", "recorded_date": "2020-10-04", "anniversary_or_expiry": "2030-10-04", "area_ha": null, "tenure_type": "Single Cell Mining Claim", "source": "Ontario MLAS operational claims (OGSEarth / LIO MapServer). Unofficial viewing data, not legal title.", "as_of": "2026-09-20", "role": "focus", "color": "#e8b040"}}, {"type": "Feature", "geometry": {"type": "Polygon", "coordinates": [[[-89.9125, 48.6208], [-89.9125, 48.625], [-89.9188, 48.625], [-89.9188, 48.6208], [-89.9125, 48.6208]]]}, "properties": {"company_id": "stardust-metal", "jurisdiction": "Ontario", "claim_id": "613932", "claim_name": null, "holder": "(100) STARDUST METAL CORP.", "status": "Active", "recorded_date": "2020-10-04", "anniversary_or_expiry": "2030-10-04", "area_ha": null, "tenure_type": "Single Cell Mining Claim", "source": "Ontario MLAS operational claims (OGSEarth / LIO MapServer). Unofficial viewing data, not legal title.", "as_of": "2026-09-20", "role": "focus", "color": "#e8b040"}}, {"type": "Feature", "geometry": {"type": "Polygon", "coordinates": [[[-89.9063, 48.6208], [-89.9063, 48.625], [-89.9125, 48.625], [-89.9125, 48.6208], [-89.9063, 48.6208]]]}, "properties": {"company_id": "stardust-metal", "jurisdiction": "Ontario", "claim_id": "613933", "claim_name": null, "holder": "(100) STARDUST METAL CORP.", "status": "Active", "recorded_date": "2020-10-04", "anniversary_or_expiry": "2030-10-04", "area_ha": null, "tenure_type": "Single Cell Mining Claim", "source": "Ontario MLAS operational claims (OGSEarth / LIO MapServer). Unofficial viewing data, not legal title.", "as_of": "2026-09-20", "role": "focus", "color": "#e8b040"}}, {"type": "Feature", "geometry": {"type": "Polygon", "coordinates": [[[-89.8938, 48.625], [-89.8938, 48.6292], [-89.9, 48.6292], [-89.9, 48.625], [-89.8938, 48.625]]]}, "properties": {"company_id": "stardust-metal", "jurisdiction": "Ontario", "claim_id": "613934", "claim_name": null, "holder": "(100) STARDUST METAL CORP.", "status": "Active", "recorded_date": "2020-10-04", "anniversary_or_expiry": "2030-10-04", "area_ha": null, "tenure_type": "Single Cell Mining Claim", "source": "Ontario MLAS operational claims (OGSEarth / LIO MapServer). Unofficial viewing data, not legal title.", "as_of": "2026-09-20", "role": "focus", "color": "#e8b040"}}, {"type": "Feature", "geometry": {"type": "Polygon", "coordinates": [[[-89.8875, 48.6167], [-89.8875, 48.6208], [-89.8938, 48.6208], [-89.8938, 48.6167], [-89.8875, 48.6167]]]}, "properties": {"company_id": "stardust-metal", "jurisdiction": "Ontario", "claim_id": "613935", "claim_name": null, "holder": "(100) STARDUST METAL CORP.", "status": "Active", "recorded_date": "2020-10-04", "anniversary_or_expiry": "2030-10-04", "area_ha": null, "tenure_type": "Single Cell Mining Claim", "source": "Ontario MLAS operational claims (OGSEarth / LIO MapServer). Unofficial viewing data, not legal title.", "as_of": "2026-09-20", "role": "focus", "color": "#e8b040"}}, {"type": "Feature", "geometry": {"type": "Polygon", "coordinates": [[[-89.8875, 48.6208], [-89.8875, 48.625], [-89.8938, 48.625], [-89.8938, 48.6208], [-89.8875, 48.6208]]]}, "properties": {"company_id": "stardust-metal", "jurisdiction": "Ontario", "claim_id": "613936", "claim_name": null, "holder": "(100) STARDUST METAL CORP.", "status": "Active", "recorded_date": "2020-10-04", "anniversary_or_expiry": "2030-10-04", "area_ha": null, "tenure_type": "Single Cell Mining Claim", "source": "Ontario MLAS operational claims (OGSEarth / LIO MapServer). Unofficial viewing data, not legal title.", "as_of": "2026-09-20", "role": "focus", "color": "#e8b040"}}, {"type": "Feature", "geometry": {"type": "Polygon", "coordinates": [[[-89.8875, 48.625], [-89.8875, 48.6292], [-89.8938, 48.6292], [-89.8938, 48.625], [-89.8875, 48.625]]]}, "properties": {"company_id": "stardust-metal", "jurisdiction": "Ontario", "claim_id": "613937", "claim_name": null, "holder": "(100) STARDUST METAL CORP.", "status": "Active", "recorded_date": "2020-10-04", "anniversary_or_expiry": "2030-10-04", "area_ha": null, "tenure_type": "Single Cell Mining Claim", "source": "Ontario MLAS operational claims (OGSEarth / LIO MapServer). Unofficial viewing data, not legal title.", "as_of": "2026-09-20", "role": "focus", "color": "#e8b040"}}, {"type": "Feature", "geometry": {"type": "Polygon", "coordinates": [[[-89.9, 48.625], [-89.9, 48.6292], [-89.9063, 48.6292], [-89.9063, 48.625], [-89.9, 48.625]]]}, "properties": {"company_id": "stardust-metal", "jurisdiction": "Ontario", "claim_id": "613938", "claim_name": null, "holder": "(100) STARDUST METAL CORP.", "status": "Active", "recorded_date": "2020-10-04", "anniversary_or_expiry": "2030-10-04", "area_ha": null, "tenure_type": "Single Cell Mining Claim", "source": "Ontario MLAS operational claims (OGSEarth / LIO MapServer). Unofficial viewing data, not legal title.", "as_of": "2026-09-20", "role": "focus", "color": "#e8b040"}}, {"type": "Feature", "geometry": {"type": "Polygon", "coordinates": [[[-89.8938, 48.6208], [-89.8938, 48.625], [-89.9, 48.625], [-89.9, 48.6208], [-89.8938, 48.6208]]]}, "properties": {"company_id": "stardust-metal", "jurisdiction": "Ontario", "claim_id": "613939", "claim_name": null, "holder": "(100) STARDUST METAL CORP.", "status": "Active", "recorded_date": "2020-10-04", "anniversary_or_expiry": "2030-10-04", "area_ha": null, "tenure_type": "Single Cell Mining Claim", "source": "Ontario MLAS operational claims (OGSEarth / LIO MapServer). Unofficial viewing data, not legal title.", "as_of": "2026-09-20", "role": "focus", "color": "#e8b040"}}, {"type": "Feature", "geometry": {"type": "Polygon", "coordinates": [[[-89.7813, 48.6], [-89.7813, 48.6042], [-89.7875, 48.6042], [-89.7875, 48.6], [-89.7813, 48.6]]]}, "properties": {"company_id": "stardust-metal", "jurisdiction": "Ontario", "claim_id": "700367", "claim_name": null, "holder": "(100) STARDUST METAL CORP.", "status": "Active", "recorded_date": "2022-01-07", "anniversary_or_expiry": "2030-01-07", "area_ha": null, "tenure_type": "Single Cell Mining Claim", "source": "Ontario MLAS operational claims (OGSEarth / LIO MapServer). Unofficial viewing data, not legal title.", "as_of": "2026-09-20", "role": "focus", "color": "#e8b040"}}, {"type": "Feature", "geometry": {"type": "Polygon", "coordinates": [[[-89.775, 48.5958], [-89.775, 48.6], [-89.7813, 48.6], [-89.7813, 48.5958], [-89.775, 48.5958]]]}, "properties": {"company_id": "stardust-metal", "jurisdiction": "Ontario", "claim_id": "700368", "claim_name": null, "holder": "(100) STARDUST METAL CORP.", "status": "Active", "recorded_date": "2022-01-07", "anniversary_or_expiry": "2030-01-07", "area_ha": null, "tenure_type": "Single Cell Mining Claim", "source": "Ontario MLAS operational claims (OGSEarth / LIO MapServer). Unofficial viewing data, not legal title.", "as_of": "2026-09-20", "role": "focus", "color": "#e8b040"}}, {"type": "Feature", "geometry": {"type": "Polygon", "coordinates": [[[-89.7938, 48.6], [-89.7938, 48.6042], [-89.8, 48.6042], [-89.8, 48.6], [-89.7938, 48.6]]]}, "properties": {"company_id": "stardust-metal", "jurisdiction": "Ontario", "claim_id": "700369", "claim_name": null, "holder": "(100) STARDUST METAL CORP.", "status": "Active", "recorded_date": "2022-01-07", "anniversary_or_expiry": "2030-01-07", "area_ha": null, "tenure_type": "Single Cell Mining Claim", "source": "Ontario MLAS operational claims (OGSEarth / LIO MapServer). Unofficial viewing data, not legal title.", "as_of": "2026-09-20", "role": "focus", "color": "#e8b040"}}, {"type": "Feature", "geometry": {"type": "Polygon", "coordinates": [[[-89.7875, 48.6], [-89.7875, 48.6042], [-89.7938, 48.6042], [-89.7938, 48.6], [-89.7875, 48.6]]]}, "properties": {"company_id": "stardust-metal", "jurisdiction": "Ontario", "claim_id": "700370", "claim_name": null, "holder": "(100) STARDUST METAL CORP.", "status": "Active", "recorded_date": "2022-01-07", "anniversary_or_expiry": "2030-01-07", "area_ha": null, "tenure_type": "Single Cell Mining Claim", "source": "Ontario MLAS operational claims (OGSEarth / LIO MapServer). Unofficial viewing data, not legal title.", "as_of": "2026-09-20", "role": "focus", "color": "#e8b040"}}, {"type": "Feature", "geometry": {"type": "Polygon", "coordinates": [[[-89.7813, 48.5958], [-89.7813, 48.6], [-89.7875, 48.6], [-89.7875, 48.5958], [-89.7813, 48.5958]]]}, "properties": {"company_id": "stardust-metal", "jurisdiction": "Ontario", "claim_id": "700371", "claim_name": null, "holder": "(100) STARDUST METAL CORP.", "status": "Active", "recorded_date": "2022-01-07", "anniversary_or_expiry": "2030-01-07", "area_ha": null, "tenure_type": "Single Cell Mining Claim", "source": "Ontario MLAS operational claims (OGSEarth / LIO MapServer). Unofficial viewing data, not legal title.", "as_of": "2026-09-20", "role": "focus", "color": "#e8b040"}}, {"type": "Feature", "geometry": {"type": "Polygon", "coordinates": [[[-89.775, 48.6], [-89.775, 48.6042], [-89.7813, 48.6042], [-89.7813, 48.6], [-89.775, 48.6]]]}, "properties": {"company_id": "stardust-metal", "jurisdiction": "Ontario", "claim_id": "700372", "claim_name": null, "holder": "(100) STARDUST METAL CORP.", "status": "Active", "recorded_date": "2022-01-07", "anniversary_or_expiry": "2030-01-07", "area_ha": null, "tenure_type": "Single Cell Mining Claim", "source": "Ontario MLAS operational claims (OGSEarth / LIO MapServer). Unofficial viewing data, not legal title.", "as_of": "2026-09-20", "role": "focus", "color": "#e8b040"}}, {"type": "Feature", "geometry": {"type": "Polygon", "coordinates": [[[-89.7688, 48.6], [-89.7688, 48.6042], [-89.775, 48.6042], [-89.775, 48.6], [-89.7688, 48.6]]]}, "properties": {"company_id": "stardust-metal", "jurisdiction": "Ontario", "claim_id": "700373", "claim_name": null, "holder": "(100) STARDUST METAL CORP.", "status": "Active", "recorded_date": "2022-01-07", "anniversary_or_expiry": "2030-01-07", "area_ha": null, "tenure_type": "Single Cell Mining Claim", "source": "Ontario MLAS operational claims (OGSEarth / LIO MapServer). Unofficial viewing data, not legal title.", "as_of": "2026-09-20", "role": "focus", "color": "#e8b040"}}, {"type": "Feature", "geometry": {"type": "Polygon", "coordinates": [[[-89.7938, 48.5958], [-89.7938, 48.6], [-89.8, 48.6], [-89.8, 48.5958], [-89.7938, 48.5958]]]}, "properties": {"company_id": "stardust-metal", "jurisdiction": "Ontario", "claim_id": "700374", "claim_name": null, "holder": "(100) STARDUST METAL CORP.", "status": "Active", "recorded_date": "2022-01-07", "anniversary_or_expiry": "2030-01-07", "area_ha": null, "tenure_type": "Single Cell Mining Claim", "source": "Ontario MLAS operational claims (OGSEarth / LIO MapServer). Unofficial viewing data, not legal title.", "as_of": "2026-09-20", "role": "focus", "color": "#e8b040"}}, {"type": "Feature", "geometry": {"type": "Polygon", "coordinates": [[[-89.7875, 48.5958], [-89.7875, 48.6], [-89.7938, 48.6], [-89.7938, 48.5958], [-89.7875, 48.5958]]]}, "properties": {"company_id": "stardust-metal", "jurisdiction": "Ontario", "claim_id": "700375", "claim_name": null, "holder": "(100) STARDUST METAL CORP.", "status": "Active", "recorded_date": "2022-01-07", "anniversary_or_expiry": "2030-01-07", "area_ha": null, "tenure_type": "Single Cell Mining Claim", "source": "Ontario MLAS operational claims (OGSEarth / LIO MapServer). Unofficial viewing data, not legal title.", "as_of": "2026-09-20", "role": "focus", "color": "#e8b040"}}, {"type": "Feature", "geometry": {"type": "Polygon", "coordinates": [[[-89.8, 48.6], [-89.8, 48.6042], [-89.8063, 48.6042], [-89.8063, 48.6], [-89.8, 48.6]]]}, "properties": {"company_id": "stardust-metal", "jurisdiction": "Ontario", "claim_id": "700376", "claim_name": null, "holder": "(100) STARDUST METAL CORP.", "status": "Active", "recorded_date": "2022-01-07", "anniversary_or_expiry": "2030-01-07", "area_ha": null, "tenure_type": "Single Cell Mining Claim", "source": "Ontario MLAS operational claims (OGSEarth / LIO MapServer). Unofficial viewing data, not legal title.", "as_of": "2026-09-20", "role": "focus", "color": "#e8b040"}}, {"type": "Feature", "geometry": {"type": "Polygon", "coordinates": [[[-89.9, 48.6167], [-89.9, 48.6208], [-89.9063, 48.6208], [-89.9063, 48.6167], [-89.9, 48.6167]]]}, "properties": {"company_id": "stardust-metal", "jurisdiction": "Ontario", "claim_id": "722260", "claim_name": null, "holder": "(100) STARDUST METAL CORP.", "status": "Active", "recorded_date": "2022-05-02", "anniversary_or_expiry": "2030-05-02", "area_ha": null, "tenure_type": "Single Cell Mining Claim", "source": "Ontario MLAS operational claims (OGSEarth / LIO MapServer). Unofficial viewing data, not legal title.", "as_of": "2026-09-20", "role": "focus", "color": "#e8b040"}}, {"type": "Feature", "geometry": {"type": "Polygon", "coordinates": [[[-89.8938, 48.6167], [-89.8938, 48.6208], [-89.9, 48.6208], [-89.9, 48.6167], [-89.8938, 48.6167]]]}, "properties": {"company_id": "stardust-metal", "jurisdiction": "Ontario", "claim_id": "722261", "claim_name": null, "holder": "(100) STARDUST METAL CORP.", "status": "Active", "recorded_date": "2022-05-02", "anniversary_or_expiry": "2030-05-02", "area_ha": null, "tenure_type": "Single Cell Mining Claim", "source": "Ontario MLAS operational claims (OGSEarth / LIO MapServer). Unofficial viewing data, not legal title.", "as_of": "2026-09-20", "role": "focus", "color": "#e8b040"}}, {"type": "Feature", "geometry": {"type": "Polygon", "coordinates": [[[-89.9063, 48.6125], [-89.9063, 48.6167], [-89.9125, 48.6167], [-89.9125, 48.6125], [-89.9063, 48.6125]]]}, "properties": {"company_id": "stardust-metal", "jurisdiction": "Ontario", "claim_id": "722262", "claim_name": null, "holder": "(100) STARDUST METAL CORP.", "status": "Active", "recorded_date": "2022-05-02", "anniversary_or_expiry": "2030-05-02", "area_ha": null, "tenure_type": "Single Cell Mining Claim", "source": "Ontario MLAS operational claims (OGSEarth / LIO MapServer). Unofficial viewing data, not legal title.", "as_of": "2026-09-20", "role": "focus", "color": "#e8b040"}}, {"type": "Feature", "geometry": {"type": "Polygon", "coordinates": [[[-89.9, 48.6125], [-89.9, 48.6167], [-89.9063, 48.6167], [-89.9063, 48.6125], [-89.9, 48.6125]]]}, "properties": {"company_id": "stardust-metal", "jurisdiction": "Ontario", "claim_id": "722263", "claim_name": null, "holder": "(100) STARDUST METAL CORP.", "status": "Active", "recorded_date": "2022-05-02", "anniversary_or_expiry": "2030-05-02", "area_ha": null, "tenure_type": "Single Cell Mining Claim", "source": "Ontario MLAS operational claims (OGSEarth / LIO MapServer). Unofficial viewing data, not legal title.", "as_of": "2026-09-20", "role": "focus", "color": "#e8b040"}}, {"type": "Feature", "geometry": {"type": "Polygon", "coordinates": [[[-89.9125, 48.6083], [-89.9125, 48.6125], [-89.9188, 48.6125], [-89.9188, 48.6083], [-89.9125, 48.6083]]]}, "properties": {"company_id": "stardust-metal", "jurisdiction": "Ontario", "claim_id": "722264", "claim_name": null, "holder": "(100) STARDUST METAL CORP.", "status": "Active", "recorded_date": "2022-05-02", "anniversary_or_expiry": "2030-05-02", "area_ha": null, "tenure_type": "Single Cell Mining Claim", "source": "Ontario MLAS operational claims (OGSEarth / LIO MapServer). Unofficial viewing data, not legal title.", "as_of": "2026-09-20", "role": "focus", "color": "#e8b040"}}, {"type": "Feature", "geometry": {"type": "Polygon", "coordinates": [[[-89.9063, 48.6083], [-89.9063, 48.6125], [-89.9125, 48.6125], [-89.9125, 48.6083], [-89.9063, 48.6083]]]}, "properties": {"company_id": "stardust-metal", "jurisdiction": "Ontario", "claim_id": "722265", "claim_name": null, "holder": "(100) STARDUST METAL CORP.", "status": "Active", "recorded_date": "2022-05-02", "anniversary_or_expiry": "2030-05-02", "area_ha": null, "tenure_type": "Single Cell Mining Claim", "source": "Ontario MLAS operational claims (OGSEarth / LIO MapServer). Unofficial viewing data, not legal title.", "as_of": "2026-09-20", "role": "focus", "color": "#e8b040"}}, {"type": "Feature", "geometry": {"type": "Polygon", "coordinates": [[[-89.9, 48.6083], [-89.9, 48.6125], [-89.9063, 48.6125], [-89.9063, 48.6083], [-89.9, 48.6083]]]}, "properties": {"company_id": "stardust-metal", "jurisdiction": "Ontario", "claim_id": "722266", "claim_name": null, "holder": "(100) STARDUST METAL CORP.", "status": "Active", "recorded_date": "2022-05-02", "anniversary_or_expiry": "2030-05-02", "area_ha": null, "tenure_type": "Single Cell Mining Claim", "source": "Ontario MLAS operational claims (OGSEarth / LIO MapServer). Unofficial viewing data, not legal title.", "as_of": "2026-09-20", "role": "focus", "color": "#e8b040"}}, {"type": "Feature", "geometry": {"type": "Polygon", "coordinates": [[[-89.9188, 48.6083], [-89.9188, 48.6125], [-89.925, 48.6125], [-89.925, 48.6083], [-89.9188, 48.6083]]]}, "properties": {"company_id": "stardust-metal", "jurisdiction": "Ontario", "claim_id": "722267", "claim_name": null, "holder": "(100) STARDUST METAL CORP.", "status": "Active", "recorded_date": "2022-05-02", "anniversary_or_expiry": "2030-05-02", "area_ha": null, "tenure_type": "Single Cell Mining Claim", "source": "Ontario MLAS operational claims (OGSEarth / LIO MapServer). Unofficial viewing data, not legal title.", "as_of": "2026-09-20", "role": "focus", "color": "#e8b040"}}, {"type": "Feature", "geometry": {"type": "Polygon", "coordinates": [[[-89.9063, 48.6042], [-89.9063, 48.6083], [-89.9125, 48.6083], [-89.9125, 48.6042], [-89.9063, 48.6042]]]}, "properties": {"company_id": "stardust-metal", "jurisdiction": "Ontario", "claim_id": "722268", "claim_name": null, "holder": "(100) STARDUST METAL CORP.", "status": "Active", "recorded_date": "2022-05-02", "anniversary_or_expiry": "2030-05-02", "area_ha": null, "tenure_type": "Single Cell Mining Claim", "source": "Ontario MLAS operational claims (OGSEarth / LIO MapServer). Unofficial viewing data, not legal title.", "as_of": "2026-09-20", "role": "focus", "color": "#e8b040"}}, {"type": "Feature", "geometry": {"type": "Polygon", "coordinates": [[[-89.9, 48.6042], [-89.9, 48.6083], [-89.9063, 48.6083], [-89.9063, 48.6042], [-89.9, 48.6042]]]}, "properties": {"company_id": "stardust-metal", "jurisdiction": "Ontario", "claim_id": "722269", "claim_name": null, "holder": "(100) STARDUST METAL CORP.", "status": "Active", "recorded_date": "2022-05-02", "anniversary_or_expiry": "2030-05-02", "area_ha": null, "tenure_type": "Single Cell Mining Claim", "source": "Ontario MLAS operational claims (OGSEarth / LIO MapServer). Unofficial viewing data, not legal title.", "as_of": "2026-09-20", "role": "focus", "color": "#e8b040"}}, {"type": "Feature", "geometry": {"type": "Polygon", "coordinates": [[[-89.9063, 48.6], [-89.9063, 48.6042], [-89.9125, 48.6042], [-89.9125, 48.6], [-89.9063, 48.6]]]}, "properties": {"company_id": "stardust-metal", "jurisdiction": "Ontario", "claim_id": "722270", "claim_name": null, "holder": "(100) STARDUST METAL CORP.", "status": "Active", "recorded_date": "2022-05-02", "anniversary_or_expiry": "2030-05-02", "area_ha": null, "tenure_type": "Single Cell Mining Claim", "source": "Ontario MLAS operational claims (OGSEarth / LIO MapServer). Unofficial viewing data, not legal title.", "as_of": "2026-09-20", "role": "focus", "color": "#e8b040"}}, {"type": "Feature", "geometry": {"type": "Polygon", "coordinates": [[[-90.0688, 48.6208], [-90.0688, 48.625], [-90.075, 48.625], [-90.075, 48.6208], [-90.0688, 48.6208]]]}, "properties": {"company_id": "stardust-metal", "jurisdiction": "Ontario", "claim_id": "735767", "claim_name": null, "holder": "(100) STARDUST METAL CORP.", "status": "Active", "recorded_date": "2022-07-05", "anniversary_or_expiry": "2030-07-05", "area_ha": null, "tenure_type": "Single Cell Mining Claim", "source": "Ontario MLAS operational claims (OGSEarth / LIO MapServer). Unofficial viewing data, not legal title.", "as_of": "2026-09-20", "role": "focus", "color": "#e8b040"}}, {"type": "Feature", "geometry": {"type": "Polygon", "coordinates": [[[-90.075, 48.6208], [-90.075, 48.625], [-90.0813, 48.625], [-90.0813, 48.6208], [-90.075, 48.6208]]]}, "properties": {"company_id": "stardust-metal", "jurisdiction": "Ontario", "claim_id": "735768", "claim_name": null, "holder": "(100) STARDUST METAL CORP.", "status": "Active", "recorded_date": "2022-07-05", "anniversary_or_expiry": "2030-07-05", "area_ha": null, "tenure_type": "Single Cell Mining Claim", "source": "Ontario MLAS operational claims (OGSEarth / LIO MapServer). Unofficial viewing data, not legal title.", "as_of": "2026-09-20", "role": "focus", "color": "#e8b040"}}, {"type": "Feature", "geometry": {"type": "Polygon", "coordinates": [[[-89.875, 48.6292], [-89.875, 48.6333], [-89.8813, 48.6333], [-89.8813, 48.6292], [-89.875, 48.6292]]]}, "properties": {"company_id": "stardust-metal", "jurisdiction": "Ontario", "claim_id": "765646", "claim_name": null, "holder": "(100) STARDUST METAL CORP.", "status": "Active", "recorded_date": "2022-12-06", "anniversary_or_expiry": "2030-12-06", "area_ha": null, "tenure_type": "Single Cell Mining Claim", "source": "Ontario MLAS operational claims (OGSEarth / LIO MapServer). Unofficial viewing data, not legal title.", "as_of": "2026-09-20", "role": "focus", "color": "#e8b040"}}, {"type": "Feature", "geometry": {"type": "Polygon", "coordinates": [[[-89.8813, 48.625], [-89.8813, 48.6292], [-89.8875, 48.6292], [-89.8875, 48.625], [-89.8813, 48.625]]]}, "properties": {"company_id": "stardust-metal", "jurisdiction": "Ontario", "claim_id": "765647", "claim_name": null, "holder": "(100) STARDUST METAL CORP.", "status": "Active", "recorded_date": "2022-12-06", "anniversary_or_expiry": "2030-12-06", "area_ha": null, "tenure_type": "Single Cell Mining Claim", "source": "Ontario MLAS operational claims (OGSEarth / LIO MapServer). Unofficial viewing data, not legal title.", "as_of": "2026-09-20", "role": "focus", "color": "#e8b040"}}, {"type": "Feature", "geometry": {"type": "Polygon", "coordinates": [[[-89.875, 48.625], [-89.875, 48.6292], [-89.8813, 48.6292], [-89.8813, 48.625], [-89.875, 48.625]]]}, "properties": {"company_id": "stardust-metal", "jurisdiction": "Ontario", "claim_id": "765648", "claim_name": null, "holder": "(100) STARDUST METAL CORP.", "status": "Active", "recorded_date": "2022-12-06", "anniversary_or_expiry": "2030-12-06", "area_ha": null, "tenure_type": "Single Cell Mining Claim", "source": "Ontario MLAS operational claims (OGSEarth / LIO MapServer). Unofficial viewing data, not legal title.", "as_of": "2026-09-20", "role": "focus", "color": "#e8b040"}}, {"type": "Feature", "geometry": {"type": "Polygon", "coordinates": [[[-89.8688, 48.6292], [-89.8688, 48.6333], [-89.875, 48.6333], [-89.875, 48.6292], [-89.8688, 48.6292]]]}, "properties": {"company_id": "stardust-metal", "jurisdiction": "Ontario", "claim_id": "765649", "claim_name": null, "holder": "(100) STARDUST METAL CORP.", "status": "Active", "recorded_date": "2022-12-06", "anniversary_or_expiry": "2030-12-06", "area_ha": null, "tenure_type": "Single Cell Mining Claim", "source": "Ontario MLAS operational claims (OGSEarth / LIO MapServer). Unofficial viewing data, not legal title.", "as_of": "2026-09-20", "role": "focus", "color": "#e8b040"}}, {"type": "Feature", "geometry": {"type": "Polygon", "coordinates": [[[-89.8625, 48.6292], [-89.8625, 48.6333], [-89.8688, 48.6333], [-89.8688, 48.6292], [-89.8625, 48.6292]]]}, "properties": {"company_id": "stardust-metal", "jurisdiction": "Ontario", "claim_id": "765650", "claim_name": null, "holder": "(100) STARDUST METAL CORP.", "status": "Active", "recorded_date": "2022-12-06", "anniversary_or_expiry": "2030-12-06", "area_ha": null, "tenure_type": "Single Cell Mining Claim", "source": "Ontario MLAS operational claims (OGSEarth / LIO MapServer). Unofficial viewing data, not legal title.", "as_of": "2026-09-20", "role": "focus", "color": "#e8b040"}}, {"type": "Feature", "geometry": {"type": "Polygon", "coordinates": [[[-89.8563, 48.6292], [-89.8563, 48.6333], [-89.8625, 48.6333], [-89.8625, 48.6292], [-89.8563, 48.6292]]]}, "properties": {"company_id": "stardust-metal", "jurisdiction": "Ontario", "claim_id": "765651", "claim_name": null, "holder": "(100) STARDUST METAL CORP.", "status": "Active", "recorded_date": "2022-12-06", "anniversary_or_expiry": "2030-12-06", "area_ha": null, "tenure_type": "Single Cell Mining Claim", "source": "Ontario MLAS operational claims (OGSEarth / LIO MapServer). Unofficial viewing data, not legal title.", "as_of": "2026-09-20", "role": "focus", "color": "#e8b040"}}, {"type": "Feature", "geometry": {"type": "Polygon", "coordinates": [[[-89.8563, 48.625], [-89.8563, 48.6292], [-89.8625, 48.6292], [-89.8625, 48.625], [-89.8563, 48.625]]]}, "properties": {"company_id": "stardust-metal", "jurisdiction": "Ontario", "claim_id": "765652", "claim_name": null, "holder": "(100) STARDUST METAL CORP.", "status": "Active", "recorded_date": "2022-12-06", "anniversary_or_expiry": "2030-12-06", "area_ha": null, "tenure_type": "Single Cell Mining Claim", "source": "Ontario MLAS operational claims (OGSEarth / LIO MapServer). Unofficial viewing data, not legal title.", "as_of": "2026-09-20", "role": "focus", "color": "#e8b040"}}, {"type": "Feature", "geometry": {"type": "Polygon", "coordinates": [[[-89.8563, 48.6208], [-89.8563, 48.625], [-89.8625, 48.625], [-89.8625, 48.6208], [-89.8563, 48.6208]]]}, "properties": {"company_id": "stardust-metal", "jurisdiction": "Ontario", "claim_id": "765653", "claim_name": null, "holder": "(100) STARDUST METAL CORP.", "status": "Active", "recorded_date": "2022-12-06", "anniversary_or_expiry": "2030-12-06", "area_ha": null, "tenure_type": "Single Cell Mining Claim", "source": "Ontario MLAS operational claims (OGSEarth / LIO MapServer). Unofficial viewing data, not legal title.", "as_of": "2026-09-20", "role": "focus", "color": "#e8b040"}}, {"type": "Feature", "geometry": {"type": "Polygon", "coordinates": [[[-89.8563, 48.6167], [-89.8563, 48.6208], [-89.8625, 48.6208], [-89.8625, 48.6167], [-89.8563, 48.6167]]]}, "properties": {"company_id": "stardust-metal", "jurisdiction": "Ontario", "claim_id": "765654", "claim_name": null, "holder": "(100) STARDUST METAL CORP.", "status": "Active", "recorded_date": "2022-12-06", "anniversary_or_expiry": "2030-12-06", "area_ha": null, "tenure_type": "Single Cell Mining Claim", "source": "Ontario MLAS operational claims (OGSEarth / LIO MapServer). Unofficial viewing data, not legal title.", "as_of": "2026-09-20", "role": "focus", "color": "#e8b040"}}, {"type": "Feature", "geometry": {"type": "Polygon", "coordinates": [[[-89.85, 48.6167], [-89.85, 48.6208], [-89.8563, 48.6208], [-89.8563, 48.6167], [-89.85, 48.6167]]]}, "properties": {"company_id": "stardust-metal", "jurisdiction": "Ontario", "claim_id": "765655", "claim_name": null, "holder": "(100) STARDUST METAL CORP.", "status": "Active", "recorded_date": "2022-12-06", "anniversary_or_expiry": "2030-12-06", "area_ha": null, "tenure_type": "Single Cell Mining Claim", "source": "Ontario MLAS operational claims (OGSEarth / LIO MapServer). Unofficial viewing data, not legal title.", "as_of": "2026-09-20", "role": "focus", "color": "#e8b040"}}, {"type": "Feature", "geometry": {"type": "Polygon", "coordinates": [[[-89.8438, 48.6167], [-89.8438, 48.6208], [-89.85, 48.6208], [-89.85, 48.6167], [-89.8438, 48.6167]]]}, "properties": {"company_id": "stardust-metal", "jurisdiction": "Ontario", "claim_id": "765656", "claim_name": null, "holder": "(100) STARDUST METAL CORP.", "status": "Active", "recorded_date": "2022-12-06", "anniversary_or_expiry": "2030-12-06", "area_ha": null, "tenure_type": "Single Cell Mining Claim", "source": "Ontario MLAS operational claims (OGSEarth / LIO MapServer). Unofficial viewing data, not legal title.", "as_of": "2026-09-20", "role": "focus", "color": "#e8b040"}}, {"type": "Feature", "geometry": {"type": "Polygon", "coordinates": [[[-89.8375, 48.6167], [-89.8375, 48.6208], [-89.8438, 48.6208], [-89.8438, 48.6167], [-89.8375, 48.6167]]]}, "properties": {"company_id": "stardust-metal", "jurisdiction": "Ontario", "claim_id": "765657", "claim_name": null, "holder": "(100) STARDUST METAL CORP.", "status": "Active", "recorded_date": "2022-12-06", "anniversary_or_expiry": "2030-12-06", "area_ha": null, "tenure_type": "Single Cell Mining Claim", "source": "Ontario MLAS operational claims (OGSEarth / LIO MapServer). Unofficial viewing data, not legal title.", "as_of": "2026-09-20", "role": "focus", "color": "#e8b040"}}, {"type": "Feature", "geometry": {"type": "Polygon", "coordinates": [[[-89.8313, 48.6167], [-89.8313, 48.6208], [-89.8375, 48.6208], [-89.8375, 48.6167], [-89.8313, 48.6167]]]}, "properties": {"company_id": "stardust-metal", "jurisdiction": "Ontario", "claim_id": "765658", "claim_name": null, "holder": "(100) STARDUST METAL CORP.", "status": "Active", "recorded_date": "2022-12-06", "anniversary_or_expiry": "2030-12-06", "area_ha": null, "tenure_type": "Single Cell Mining Claim", "source": "Ontario MLAS operational claims (OGSEarth / LIO MapServer). Unofficial viewing data, not legal title.", "as_of": "2026-09-20", "role": "focus", "color": "#e8b040"}}, {"type": "Feature", "geometry": {"type": "Polygon", "coordinates": [[[-89.8313, 48.6125], [-89.8313, 48.6167], [-89.8375, 48.6167], [-89.8375, 48.6125], [-89.8313, 48.6125]]]}, "properties": {"company_id": "stardust-metal", "jurisdiction": "Ontario", "claim_id": "765659", "claim_name": null, "holder": "(100) STARDUST METAL CORP.", "status": "Active", "recorded_date": "2022-12-06", "anniversary_or_expiry": "2030-12-06", "area_ha": null, "tenure_type": "Single Cell Mining Claim", "source": "Ontario MLAS operational claims (OGSEarth / LIO MapServer). Unofficial viewing data, not legal title.", "as_of": "2026-09-20", "role": "focus", "color": "#e8b040"}}, {"type": "Feature", "geometry": {"type": "Polygon", "coordinates": [[[-89.8313, 48.6083], [-89.8313, 48.6125], [-89.8375, 48.6125], [-89.8375, 48.6083], [-89.8313, 48.6083]]]}, "properties": {"company_id": "stardust-metal", "jurisdiction": "Ontario", "claim_id": "765660", "claim_name": null, "holder": "(100) STARDUST METAL CORP.", "status": "Active", "recorded_date": "2022-12-06", "anniversary_or_expiry": "2030-12-06", "area_ha": null, "tenure_type": "Single Cell Mining Claim", "source": "Ontario MLAS operational claims (OGSEarth / LIO MapServer). Unofficial viewing data, not legal title.", "as_of": "2026-09-20", "role": "focus", "color": "#e8b040"}}, {"type": "Feature", "geometry": {"type": "Polygon", "coordinates": [[[-89.825, 48.6083], [-89.825, 48.6125], [-89.8313, 48.6125], [-89.8313, 48.6083], [-89.825, 48.6083]]]}, "properties": {"company_id": "stardust-metal", "jurisdiction": "Ontario", "claim_id": "765661", "claim_name": null, "holder": "(100) STARDUST METAL CORP.", "status": "Active", "recorded_date": "2022-12-06", "anniversary_or_expiry": "2030-12-06", "area_ha": null, "tenure_type": "Single Cell Mining Claim", "source": "Ontario MLAS operational claims (OGSEarth / LIO MapServer). Unofficial viewing data, not legal title.", "as_of": "2026-09-20", "role": "focus", "color": "#e8b040"}}, {"type": "Feature", "geometry": {"type": "Polygon", "coordinates": [[[-89.8188, 48.6083], [-89.8188, 48.6125], [-89.825, 48.6125], [-89.825, 48.6083], [-89.8188, 48.6083]]]}, "properties": {"company_id": "stardust-metal", "jurisdiction": "Ontario", "claim_id": "765662", "claim_name": null, "holder": "(100) STARDUST METAL CORP.", "status": "Active", "recorded_date": "2022-12-06", "anniversary_or_expiry": "2030-12-06", "area_ha": null, "tenure_type": "Single Cell Mining Claim", "source": "Ontario MLAS operational claims (OGSEarth / LIO MapServer). Unofficial viewing data, not legal title.", "as_of": "2026-09-20", "role": "focus", "color": "#e8b040"}}, {"type": "Feature", "geometry": {"type": "Polygon", "coordinates": [[[-89.8125, 48.6083], [-89.8125, 48.6125], [-89.8188, 48.6125], [-89.8188, 48.6083], [-89.8125, 48.6083]]]}, "properties": {"company_id": "stardust-metal", "jurisdiction": "Ontario", "claim_id": "765663", "claim_name": null, "holder": "(100) STARDUST METAL CORP.", "status": "Active", "recorded_date": "2022-12-06", "anniversary_or_expiry": "2030-12-06", "area_ha": null, "tenure_type": "Single Cell Mining Claim", "source": "Ontario MLAS operational claims (OGSEarth / LIO MapServer). Unofficial viewing data, not legal title.", "as_of": "2026-09-20", "role": "focus", "color": "#e8b040"}}, {"type": "Feature", "geometry": {"type": "Polygon", "coordinates": [[[-89.8125, 48.6042], [-89.8125, 48.6083], [-89.8188, 48.6083], [-89.8188, 48.6042], [-89.8125, 48.6042]]]}, "properties": {"company_id": "stardust-metal", "jurisdiction": "Ontario", "claim_id": "765664", "claim_name": null, "holder": "(100) STARDUST METAL CORP.", "status": "Active", "recorded_date": "2022-12-06", "anniversary_or_expiry": "2030-12-06", "area_ha": null, "tenure_type": "Single Cell Mining Claim", "source": "Ontario MLAS operational claims (OGSEarth / LIO MapServer). Unofficial viewing data, not legal title.", "as_of": "2026-09-20", "role": "focus", "color": "#e8b040"}}, {"type": "Feature", "geometry": {"type": "Polygon", "coordinates": [[[-89.8063, 48.6042], [-89.8063, 48.6083], [-89.8125, 48.6083], [-89.8125, 48.6042], [-89.8063, 48.6042]]]}, "properties": {"company_id": "stardust-metal", "jurisdiction": "Ontario", "claim_id": "765665", "claim_name": null, "holder": "(100) STARDUST METAL CORP.", "status": "Active", "recorded_date": "2022-12-06", "anniversary_or_expiry": "2030-12-06", "area_ha": null, "tenure_type": "Single Cell Mining Claim", "source": "Ontario MLAS operational claims (OGSEarth / LIO MapServer). Unofficial viewing data, not legal title.", "as_of": "2026-09-20", "role": "focus", "color": "#e8b040"}}, {"type": "Feature", "geometry": {"type": "Polygon", "coordinates": [[[-89.8, 48.6042], [-89.8, 48.6083], [-89.8063, 48.6083], [-89.8063, 48.6042], [-89.8, 48.6042]]]}, "properties": {"company_id": "stardust-metal", "jurisdiction": "Ontario", "claim_id": "765666", "claim_name": null, "holder": "(100) STARDUST METAL CORP.", "status": "Active", "recorded_date": "2022-12-06", "anniversary_or_expiry": "2030-12-06", "area_ha": null, "tenure_type": "Single Cell Mining Claim", "source": "Ontario MLAS operational claims (OGSEarth / LIO MapServer). Unofficial viewing data, not legal title.", "as_of": "2026-09-20", "role": "focus", "color": "#e8b040"}}, {"type": "Feature", "geometry": {"type": "Polygon", "coordinates": [[[-89.7938, 48.6042], [-89.7938, 48.6083], [-89.8, 48.6083], [-89.8, 48.6042], [-89.7938, 48.6042]]]}, "properties": {"company_id": "stardust-metal", "jurisdiction": "Ontario", "claim_id": "765667", "claim_name": null, "holder": "(100) STARDUST METAL CORP.", "status": "Active", "recorded_date": "2022-12-06", "anniversary_or_expiry": "2030-12-06", "area_ha": null, "tenure_type": "Single Cell Mining Claim", "source": "Ontario MLAS operational claims (OGSEarth / LIO MapServer). Unofficial viewing data, not legal title.", "as_of": "2026-09-20", "role": "focus", "color": "#e8b040"}}, {"type": "Feature", "geometry": {"type": "Polygon", "coordinates": [[[-89.7875, 48.6042], [-89.7875, 48.6083], [-89.7938, 48.6083], [-89.7938, 48.6042], [-89.7875, 48.6042]]]}, "properties": {"company_id": "stardust-metal", "jurisdiction": "Ontario", "claim_id": "765668", "claim_name": null, "holder": "(100) STARDUST METAL CORP.", "status": "Active", "recorded_date": "2022-12-06", "anniversary_or_expiry": "2030-12-06", "area_ha": null, "tenure_type": "Single Cell Mining Claim", "source": "Ontario MLAS operational claims (OGSEarth / LIO MapServer). Unofficial viewing data, not legal title.", "as_of": "2026-09-20", "role": "focus", "color": "#e8b040"}}, {"type": "Feature", "geometry": {"type": "Polygon", "coordinates": [[[-89.7813, 48.6042], [-89.7813, 48.6083], [-89.7875, 48.6083], [-89.7875, 48.6042], [-89.7813, 48.6042]]]}, "properties": {"company_id": "stardust-metal", "jurisdiction": "Ontario", "claim_id": "765669", "claim_name": null, "holder": "(100) STARDUST METAL CORP.", "status": "Active", "recorded_date": "2022-12-06", "anniversary_or_expiry": "2030-12-06", "area_ha": null, "tenure_type": "Single Cell Mining Claim", "source": "Ontario MLAS operational claims (OGSEarth / LIO MapServer). Unofficial viewing data, not legal title.", "as_of": "2026-09-20", "role": "focus", "color": "#e8b040"}}, {"type": "Feature", "geometry": {"type": "Polygon", "coordinates": [[[-89.775, 48.6042], [-89.775, 48.6083], [-89.7813, 48.6083], [-89.7813, 48.6042], [-89.775, 48.6042]]]}, "properties": {"company_id": "stardust-metal", "jurisdiction": "Ontario", "claim_id": "765670", "claim_name": null, "holder": "(100) STARDUST METAL CORP.", "status": "Active", "recorded_date": "2022-12-06", "anniversary_or_expiry": "2030-12-06", "area_ha": null, "tenure_type": "Single Cell Mining Claim", "source": "Ontario MLAS operational claims (OGSEarth / LIO MapServer). Unofficial viewing data, not legal title.", "as_of": "2026-09-20", "role": "focus", "color": "#e8b040"}}, {"type": "Feature", "geometry": {"type": "Polygon", "coordinates": [[[-89.7688, 48.6042], [-89.7688, 48.6083], [-89.775, 48.6083], [-89.775, 48.6042], [-89.7688, 48.6042]]]}, "properties": {"company_id": "stardust-metal", "jurisdiction": "Ontario", "claim_id": "765671", "claim_name": null, "holder": "(100) STARDUST METAL CORP.", "status": "Active", "recorded_date": "2022-12-06", "anniversary_or_expiry": "2030-12-06", "area_ha": null, "tenure_type": "Single Cell Mining Claim", "source": "Ontario MLAS operational claims (OGSEarth / LIO MapServer). Unofficial viewing data, not legal title.", "as_of": "2026-09-20", "role": "focus", "color": "#e8b040"}}, {"type": "Feature", "geometry": {"type": "Polygon", "coordinates": [[[-89.7625, 48.6042], [-89.7625, 48.6083], [-89.7688, 48.6083], [-89.7688, 48.6042], [-89.7625, 48.6042]]]}, "properties": {"company_id": "stardust-metal", "jurisdiction": "Ontario", "claim_id": "765672", "claim_name": null, "holder": "(100) STARDUST METAL CORP.", "status": "Active", "recorded_date": "2022-12-06", "anniversary_or_expiry": "2030-12-06", "area_ha": null, "tenure_type": "Single Cell Mining Claim", "source": "Ontario MLAS operational claims (OGSEarth / LIO MapServer). Unofficial viewing data, not legal title.", "as_of": "2026-09-20", "role": "focus", "color": "#e8b040"}}, {"type": "Feature", "geometry": {"type": "Polygon", "coordinates": [[[-89.7563, 48.6042], [-89.7563, 48.6083], [-89.7625, 48.6083], [-89.7625, 48.6042], [-89.7563, 48.6042]]]}, "properties": {"company_id": "stardust-metal", "jurisdiction": "Ontario", "claim_id": "765673", "claim_name": null, "holder": "(100) STARDUST METAL CORP.", "status": "Active", "recorded_date": "2022-12-06", "anniversary_or_expiry": "2030-12-06", "area_ha": null, "tenure_type": "Single Cell Mining Claim", "source": "Ontario MLAS operational claims (OGSEarth / LIO MapServer). Unofficial viewing data, not legal title.", "as_of": "2026-09-20", "role": "focus", "color": "#e8b040"}}, {"type": "Feature", "geometry": {"type": "Polygon", "coordinates": [[[-89.7625, 48.6167], [-89.7625, 48.6208], [-89.7688, 48.6208], [-89.7688, 48.6167], [-89.7625, 48.6167]]]}, "properties": {"company_id": "stardust-metal", "jurisdiction": "Ontario", "claim_id": "829487", "claim_name": null, "holder": "(100) STARDUST METAL CORP.", "status": "Active", "recorded_date": "2023-04-28", "anniversary_or_expiry": "2030-04-28", "area_ha": null, "tenure_type": "Single Cell Mining Claim", "source": "Ontario MLAS operational claims (OGSEarth / LIO MapServer). Unofficial viewing data, not legal title.", "as_of": "2026-09-20", "role": "focus", "color": "#e8b040"}}, {"type": "Feature", "geometry": {"type": "Polygon", "coordinates": [[[-89.7625, 48.6208], [-89.7625, 48.625], [-89.7688, 48.625], [-89.7688, 48.6208], [-89.7625, 48.6208]]]}, "properties": {"company_id": "stardust-metal", "jurisdiction": "Ontario", "claim_id": "829488", "claim_name": null, "holder": "(100) STARDUST METAL CORP.", "status": "Active", "recorded_date": "2023-04-28", "anniversary_or_expiry": "2030-04-28", "area_ha": null, "tenure_type": "Single Cell Mining Claim", "source": "Ontario MLAS operational claims (OGSEarth / LIO MapServer). Unofficial viewing data, not legal title.", "as_of": "2026-09-20", "role": "focus", "color": "#e8b040"}}, {"type": "Feature", "geometry": {"type": "Polygon", "coordinates": [[[-89.7938, 48.6208], [-89.7938, 48.625], [-89.8, 48.625], [-89.8, 48.6208], [-89.7938, 48.6208]]]}, "properties": {"company_id": "stardust-metal", "jurisdiction": "Ontario", "claim_id": "829489", "claim_name": null, "holder": "(100) STARDUST METAL CORP.", "status": "Active", "recorded_date": "2023-04-28", "anniversary_or_expiry": "2030-04-28", "area_ha": null, "tenure_type": "Single Cell Mining Claim", "source": "Ontario MLAS operational claims (OGSEarth / LIO MapServer). Unofficial viewing data, not legal title.", "as_of": "2026-09-20", "role": "focus", "color": "#e8b040"}}, {"type": "Feature", "geometry": {"type": "Polygon", "coordinates": [[[-89.7938, 48.625], [-89.7938, 48.6292], [-89.8, 48.6292], [-89.8, 48.625], [-89.7938, 48.625]]]}, "properties": {"company_id": "stardust-metal", "jurisdiction": "Ontario", "claim_id": "829490", "claim_name": null, "holder": "(100) STARDUST METAL CORP.", "status": "Active", "recorded_date": "2023-04-28", "anniversary_or_expiry": "2030-04-28", "area_ha": null, "tenure_type": "Single Cell Mining Claim", "source": "Ontario MLAS operational claims (OGSEarth / LIO MapServer). Unofficial viewing data, not legal title.", "as_of": "2026-09-20", "role": "focus", "color": "#e8b040"}}, {"type": "Feature", "geometry": {"type": "Polygon", "coordinates": [[[-89.7813, 48.625], [-89.7813, 48.6292], [-89.7875, 48.6292], [-89.7875, 48.625], [-89.7813, 48.625]]]}, "properties": {"company_id": "stardust-metal", "jurisdiction": "Ontario", "claim_id": "829491", "claim_name": null, "holder": "(100) STARDUST METAL CORP.", "status": "Active", "recorded_date": "2023-04-28", "anniversary_or_expiry": "2030-04-28", "area_ha": null, "tenure_type": "Single Cell Mining Claim", "source": "Ontario MLAS operational claims (OGSEarth / LIO MapServer). Unofficial viewing data, not legal title.", "as_of": "2026-09-20", "role": "focus", "color": "#e8b040"}}, {"type": "Feature", "geometry": {"type": "Polygon", "coordinates": [[[-89.775, 48.6208], [-89.775, 48.625], [-89.7813, 48.625], [-89.7813, 48.6208], [-89.775, 48.6208]]]}, "properties": {"company_id": "stardust-metal", "jurisdiction": "Ontario", "claim_id": "829492", "claim_name": null, "holder": "(100) STARDUST METAL CORP.", "status": "Active", "recorded_date": "2023-04-28", "anniversary_or_expiry": "2030-04-28", "area_ha": null, "tenure_type": "Single Cell Mining Claim", "source": "Ontario MLAS operational claims (OGSEarth / LIO MapServer). Unofficial viewing data, not legal title.", "as_of": "2026-09-20", "role": "focus", "color": "#e8b040"}}, {"type": "Feature", "geometry": {"type": "Polygon", "coordinates": [[[-89.7688, 48.6208], [-89.7688, 48.625], [-89.775, 48.625], [-89.775, 48.6208], [-89.7688, 48.6208]]]}, "properties": {"company_id": "stardust-metal", "jurisdiction": "Ontario", "claim_id": "829493", "claim_name": null, "holder": "(100) STARDUST METAL CORP.", "status": "Active", "recorded_date": "2023-04-28", "anniversary_or_expiry": "2030-04-28", "area_ha": null, "tenure_type": "Single Cell Mining Claim", "source": "Ontario MLAS operational claims (OGSEarth / LIO MapServer). Unofficial viewing data, not legal title.", "as_of": "2026-09-20", "role": "focus", "color": "#e8b040"}}, {"type": "Feature", "geometry": {"type": "Polygon", "coordinates": [[[-89.7875, 48.625], [-89.7875, 48.6292], [-89.7938, 48.6292], [-89.7938, 48.625], [-89.7875, 48.625]]]}, "properties": {"company_id": "stardust-metal", "jurisdiction": "Ontario", "claim_id": "829494", "claim_name": null, "holder": "(100) STARDUST METAL CORP.", "status": "Active", "recorded_date": "2023-04-28", "anniversary_or_expiry": "2030-04-28", "area_ha": null, "tenure_type": "Single Cell Mining Claim", "source": "Ontario MLAS operational claims (OGSEarth / LIO MapServer). Unofficial viewing data, not legal title.", "as_of": "2026-09-20", "role": "focus", "color": "#e8b040"}}, {"type": "Feature", "geometry": {"type": "Polygon", "coordinates": [[[-89.7625, 48.625], [-89.7625, 48.6292], [-89.7688, 48.6292], [-89.7688, 48.625], [-89.7625, 48.625]]]}, "properties": {"company_id": "stardust-metal", "jurisdiction": "Ontario", "claim_id": "829495", "claim_name": null, "holder": "(100) STARDUST METAL CORP.", "status": "Active", "recorded_date": "2023-04-28", "anniversary_or_expiry": "2030-04-28", "area_ha": null, "tenure_type": "Single Cell Mining Claim", "source": "Ontario MLAS operational claims (OGSEarth / LIO MapServer). Unofficial viewing data, not legal title.", "as_of": "2026-09-20", "role": "focus", "color": "#e8b040"}}, {"type": "Feature", "geometry": {"type": "Polygon", "coordinates": [[[-89.775, 48.6167], [-89.775, 48.6208], [-89.7813, 48.6208], [-89.7813, 48.6167], [-89.775, 48.6167]]]}, "properties": {"company_id": "stardust-metal", "jurisdiction": "Ontario", "claim_id": "829496", "claim_name": null, "holder": "(100) STARDUST METAL CORP.", "status": "Active", "recorded_date": "2023-04-28", "anniversary_or_expiry": "2030-04-28", "area_ha": null, "tenure_type": "Single Cell Mining Claim", "source": "Ontario MLAS operational claims (OGSEarth / LIO MapServer). Unofficial viewing data, not legal title.", "as_of": "2026-09-20", "role": "focus", "color": "#e8b040"}}, {"type": "Feature", "geometry": {"type": "Polygon", "coordinates": [[[-89.7688, 48.6167], [-89.7688, 48.6208], [-89.775, 48.6208], [-89.775, 48.6167], [-89.7688, 48.6167]]]}, "properties": {"company_id": "stardust-metal", "jurisdiction": "Ontario", "claim_id": "829497", "claim_name": null, "holder": "(100) STARDUST METAL CORP.", "status": "Active", "recorded_date": "2023-04-28", "anniversary_or_expiry": "2030-04-28", "area_ha": null, "tenure_type": "Single Cell Mining Claim", "source": "Ontario MLAS operational claims (OGSEarth / LIO MapServer). Unofficial viewing data, not legal title.", "as_of": "2026-09-20", "role": "focus", "color": "#e8b040"}}, {"type": "Feature", "geometry": {"type": "Polygon", "coordinates": [[[-89.7688, 48.625], [-89.7688, 48.6292], [-89.775, 48.6292], [-89.775, 48.625], [-89.7688, 48.625]]]}, "properties": {"company_id": "stardust-metal", "jurisdiction": "Ontario", "claim_id": "829498", "claim_name": null, "holder": "(100) STARDUST METAL CORP.", "status": "Active", "recorded_date": "2023-04-28", "anniversary_or_expiry": "2030-04-28", "area_ha": null, "tenure_type": "Single Cell Mining Claim", "source": "Ontario MLAS operational claims (OGSEarth / LIO MapServer). Unofficial viewing data, not legal title.", "as_of": "2026-09-20", "role": "focus", "color": "#e8b040"}}, {"type": "Feature", "geometry": {"type": "Polygon", "coordinates": [[[-89.7875, 48.6167], [-89.7875, 48.6208], [-89.7938, 48.6208], [-89.7938, 48.6167], [-89.7875, 48.6167]]]}, "properties": {"company_id": "stardust-metal", "jurisdiction": "Ontario", "claim_id": "829499", "claim_name": null, "holder": "(100) STARDUST METAL CORP.", "status": "Active", "recorded_date": "2023-04-28", "anniversary_or_expiry": "2030-04-28", "area_ha": null, "tenure_type": "Single Cell Mining Claim", "source": "Ontario MLAS operational claims (OGSEarth / LIO MapServer). Unofficial viewing data, not legal title.", "as_of": "2026-09-20", "role": "focus", "color": "#e8b040"}}, {"type": "Feature", "geometry": {"type": "Polygon", "coordinates": [[[-89.7875, 48.6208], [-89.7875, 48.625], [-89.7938, 48.625], [-89.7938, 48.6208], [-89.7875, 48.6208]]]}, "properties": {"company_id": "stardust-metal", "jurisdiction": "Ontario", "claim_id": "829500", "claim_name": null, "holder": "(100) STARDUST METAL CORP.", "status": "Active", "recorded_date": "2023-04-28", "anniversary_or_expiry": "2030-04-28", "area_ha": null, "tenure_type": "Single Cell Mining Claim", "source": "Ontario MLAS operational claims (OGSEarth / LIO MapServer). Unofficial viewing data, not legal title.", "as_of": "2026-09-20", "role": "focus", "color": "#e8b040"}}, {"type": "Feature", "geometry": {"type": "Polygon", "coordinates": [[[-89.775, 48.625], [-89.775, 48.6292], [-89.7813, 48.6292], [-89.7813, 48.625], [-89.775, 48.625]]]}, "properties": {"company_id": "stardust-metal", "jurisdiction": "Ontario", "claim_id": "829501", "claim_name": null, "holder": "(100) STARDUST METAL CORP.", "status": "Active", "recorded_date": "2023-04-28", "anniversary_or_expiry": "2030-04-28", "area_ha": null, "tenure_type": "Single Cell Mining Claim", "source": "Ontario MLAS operational claims (OGSEarth / LIO MapServer). Unofficial viewing data, not legal title.", "as_of": "2026-09-20", "role": "focus", "color": "#e8b040"}}, {"type": "Feature", "geometry": {"type": "Polygon", "coordinates": [[[-89.7938, 48.6167], [-89.7938, 48.6208], [-89.8, 48.6208], [-89.8, 48.6167], [-89.7938, 48.6167]]]}, "properties": {"company_id": "stardust-metal", "jurisdiction": "Ontario", "claim_id": "829502", "claim_name": null, "holder": "(100) STARDUST METAL CORP.", "status": "Active", "recorded_date": "2023-04-28", "anniversary_or_expiry": "2030-04-28", "area_ha": null, "tenure_type": "Single Cell Mining Claim", "source": "Ontario MLAS operational claims (OGSEarth / LIO MapServer). Unofficial viewing data, not legal title.", "as_of": "2026-09-20", "role": "focus", "color": "#e8b040"}}, {"type": "Feature", "geometry": {"type": "Polygon", "coordinates": [[[-89.7813, 48.6208], [-89.7813, 48.625], [-89.7875, 48.625], [-89.7875, 48.6208], [-89.7813, 48.6208]]]}, "properties": {"company_id": "stardust-metal", "jurisdiction": "Ontario", "claim_id": "829503", "claim_name": null, "holder": "(100) STARDUST METAL CORP.", "status": "Active", "recorded_date": "2023-04-28", "anniversary_or_expiry": "2030-04-28", "area_ha": null, "tenure_type": "Single Cell Mining Claim", "source": "Ontario MLAS operational claims (OGSEarth / LIO MapServer). Unofficial viewing data, not legal title.", "as_of": "2026-09-20", "role": "focus", "color": "#e8b040"}}, {"type": "Feature", "geometry": {"type": "Polygon", "coordinates": [[[-89.7813, 48.6167], [-89.7813, 48.6208], [-89.7875, 48.6208], [-89.7875, 48.6167], [-89.7813, 48.6167]]]}, "properties": {"company_id": "stardust-metal", "jurisdiction": "Ontario", "claim_id": "829504", "claim_name": null, "holder": "(100) STARDUST METAL CORP.", "status": "Active", "recorded_date": "2023-04-28", "anniversary_or_expiry": "2030-04-28", "area_ha": null, "tenure_type": "Single Cell Mining Claim", "source": "Ontario MLAS operational claims (OGSEarth / LIO MapServer). Unofficial viewing data, not legal title.", "as_of": "2026-09-20", "role": "focus", "color": "#e8b040"}}, {"type": "Feature", "geometry": {"type": "Polygon", "coordinates": [[[-89.775, 48.6083], [-89.775, 48.6125], [-89.7813, 48.6125], [-89.7813, 48.6083], [-89.775, 48.6083]]]}, "properties": {"company_id": "stardust-metal", "jurisdiction": "Ontario", "claim_id": "829505", "claim_name": null, "holder": "(100) STARDUST METAL CORP.", "status": "Active", "recorded_date": "2023-04-28", "anniversary_or_expiry": "2030-04-28", "area_ha": null, "tenure_type": "Single Cell Mining Claim", "source": "Ontario MLAS operational claims (OGSEarth / LIO MapServer). Unofficial viewing data, not legal title.", "as_of": "2026-09-20", "role": "focus", "color": "#e8b040"}}, {"type": "Feature", "geometry": {"type": "Polygon", "coordinates": [[[-89.775, 48.6125], [-89.775, 48.6167], [-89.7813, 48.6167], [-89.7813, 48.6125], [-89.775, 48.6125]]]}, "properties": {"company_id": "stardust-metal", "jurisdiction": "Ontario", "claim_id": "829506", "claim_name": null, "holder": "(100) STARDUST METAL CORP.", "status": "Active", "recorded_date": "2023-04-28", "anniversary_or_expiry": "2030-04-28", "area_ha": null, "tenure_type": "Single Cell Mining Claim", "source": "Ontario MLAS operational claims (OGSEarth / LIO MapServer). Unofficial viewing data, not legal title.", "as_of": "2026-09-20", "role": "focus", "color": "#e8b040"}}, {"type": "Feature", "geometry": {"type": "Polygon", "coordinates": [[[-89.8063, 48.6125], [-89.8063, 48.6167], [-89.8125, 48.6167], [-89.8125, 48.6125], [-89.8063, 48.6125]]]}, "properties": {"company_id": "stardust-metal", "jurisdiction": "Ontario", "claim_id": "829507", "claim_name": null, "holder": "(100) STARDUST METAL CORP.", "status": "Active", "recorded_date": "2023-04-28", "anniversary_or_expiry": "2030-04-28", "area_ha": null, "tenure_type": "Single Cell Mining Claim", "source": "Ontario MLAS operational claims (OGSEarth / LIO MapServer). Unofficial viewing data, not legal title.", "as_of": "2026-09-20", "role": "focus", "color": "#e8b040"}}, {"type": "Feature", "geometry": {"type": "Polygon", "coordinates": [[[-89.8, 48.6083], [-89.8, 48.6125], [-89.8063, 48.6125], [-89.8063, 48.6083], [-89.8, 48.6083]]]}, "properties": {"company_id": "stardust-metal", "jurisdiction": "Ontario", "claim_id": "829508", "claim_name": null, "holder": "(100) STARDUST METAL CORP.", "status": "Active", "recorded_date": "2023-04-28", "anniversary_or_expiry": "2030-04-28", "area_ha": null, "tenure_type": "Single Cell Mining Claim", "source": "Ontario MLAS operational claims (OGSEarth / LIO MapServer). Unofficial viewing data, not legal title.", "as_of": "2026-09-20", "role": "focus", "color": "#e8b040"}}, {"type": "Feature", "geometry": {"type": "Polygon", "coordinates": [[[-89.7813, 48.6125], [-89.7813, 48.6167], [-89.7875, 48.6167], [-89.7875, 48.6125], [-89.7813, 48.6125]]]}, "properties": {"company_id": "stardust-metal", "jurisdiction": "Ontario", "claim_id": "829509", "claim_name": null, "holder": "(100) STARDUST METAL CORP.", "status": "Active", "recorded_date": "2023-04-28", "anniversary_or_expiry": "2030-04-28", "area_ha": null, "tenure_type": "Single Cell Mining Claim", "source": "Ontario MLAS operational claims (OGSEarth / LIO MapServer). Unofficial viewing data, not legal title.", "as_of": "2026-09-20", "role": "focus", "color": "#e8b040"}}, {"type": "Feature", "geometry": {"type": "Polygon", "coordinates": [[[-89.8, 48.6125], [-89.8, 48.6167], [-89.8063, 48.6167], [-89.8063, 48.6125], [-89.8, 48.6125]]]}, "properties": {"company_id": "stardust-metal", "jurisdiction": "Ontario", "claim_id": "829510", "claim_name": null, "holder": "(100) STARDUST METAL CORP.", "status": "Active", "recorded_date": "2023-04-28", "anniversary_or_expiry": "2030-04-28", "area_ha": null, "tenure_type": "Single Cell Mining Claim", "source": "Ontario MLAS operational claims (OGSEarth / LIO MapServer). Unofficial viewing data, not legal title.", "as_of": "2026-09-20", "role": "focus", "color": "#e8b040"}}, {"type": "Feature", "geometry": {"type": "Polygon", "coordinates": [[[-89.7875, 48.6125], [-89.7875, 48.6167], [-89.7938, 48.6167], [-89.7938, 48.6125], [-89.7875, 48.6125]]]}, "properties": {"company_id": "stardust-metal", "jurisdiction": "Ontario", "claim_id": "829511", "claim_name": null, "holder": "(100) STARDUST METAL CORP.", "status": "Active", "recorded_date": "2023-04-28", "anniversary_or_expiry": "2030-04-28", "area_ha": null, "tenure_type": "Single Cell Mining Claim", "source": "Ontario MLAS operational claims (OGSEarth / LIO MapServer). Unofficial viewing data, not legal title.", "as_of": "2026-09-20", "role": "focus", "color": "#e8b040"}}, {"type": "Feature", "geometry": {"type": "Polygon", "coordinates": [[[-89.7938, 48.6083], [-89.7938, 48.6125], [-89.8, 48.6125], [-89.8, 48.6083], [-89.7938, 48.6083]]]}, "properties": {"company_id": "stardust-metal", "jurisdiction": "Ontario", "claim_id": "829512", "claim_name": null, "holder": "(100) STARDUST METAL CORP.", "status": "Active", "recorded_date": "2023-04-28", "anniversary_or_expiry": "2030-04-28", "area_ha": null, "tenure_type": "Single Cell Mining Claim", "source": "Ontario MLAS operational claims (OGSEarth / LIO MapServer). Unofficial viewing data, not legal title.", "as_of": "2026-09-20", "role": "focus", "color": "#e8b040"}}, {"type": "Feature", "geometry": {"type": "Polygon", "coordinates": [[[-89.7875, 48.6083], [-89.7875, 48.6125], [-89.7938, 48.6125], [-89.7938, 48.6083], [-89.7875, 48.6083]]]}, "properties": {"company_id": "stardust-metal", "jurisdiction": "Ontario", "claim_id": "829513", "claim_name": null, "holder": "(100) STARDUST METAL CORP.", "status": "Active", "recorded_date": "2023-04-28", "anniversary_or_expiry": "2030-04-28", "area_ha": null, "tenure_type": "Single Cell Mining Claim", "source": "Ontario MLAS operational claims (OGSEarth / LIO MapServer). Unofficial viewing data, not legal title.", "as_of": "2026-09-20", "role": "focus", "color": "#e8b040"}}, {"type": "Feature", "geometry": {"type": "Polygon", "coordinates": [[[-89.8063, 48.6083], [-89.8063, 48.6125], [-89.8125, 48.6125], [-89.8125, 48.6083], [-89.8063, 48.6083]]]}, "properties": {"company_id": "stardust-metal", "jurisdiction": "Ontario", "claim_id": "829514", "claim_name": null, "holder": "(100) STARDUST METAL CORP.", "status": "Active", "recorded_date": "2023-04-28", "anniversary_or_expiry": "2030-04-28", "area_ha": null, "tenure_type": "Single Cell Mining Claim", "source": "Ontario MLAS operational claims (OGSEarth / LIO MapServer). Unofficial viewing data, not legal title.", "as_of": "2026-09-20", "role": "focus", "color": "#e8b040"}}, {"type": "Feature", "geometry": {"type": "Polygon", "coordinates": [[[-89.7938, 48.6125], [-89.7938, 48.6167], [-89.8, 48.6167], [-89.8, 48.6125], [-89.7938, 48.6125]]]}, "properties": {"company_id": "stardust-metal", "jurisdiction": "Ontario", "claim_id": "829515", "claim_name": null, "holder": "(100) STARDUST METAL CORP.", "status": "Active", "recorded_date": "2023-04-28", "anniversary_or_expiry": "2030-04-28", "area_ha": null, "tenure_type": "Single Cell Mining Claim", "source": "Ontario MLAS operational claims (OGSEarth / LIO MapServer). Unofficial viewing data, not legal title.", "as_of": "2026-09-20", "role": "focus", "color": "#e8b040"}}, {"type": "Feature", "geometry": {"type": "Polygon", "coordinates": [[[-89.7813, 48.6083], [-89.7813, 48.6125], [-89.7875, 48.6125], [-89.7875, 48.6083], [-89.7813, 48.6083]]]}, "properties": {"company_id": "stardust-metal", "jurisdiction": "Ontario", "claim_id": "829516", "claim_name": null, "holder": "(100) STARDUST METAL CORP.", "status": "Active", "recorded_date": "2023-04-28", "anniversary_or_expiry": "2030-04-28", "area_ha": null, "tenure_type": "Single Cell Mining Claim", "source": "Ontario MLAS operational claims (OGSEarth / LIO MapServer). Unofficial viewing data, not legal title.", "as_of": "2026-09-20", "role": "focus", "color": "#e8b040"}}, {"type": "Feature", "geometry": {"type": "Polygon", "coordinates": [[[-89.7688, 48.6083], [-89.7688, 48.6125], [-89.775, 48.6125], [-89.775, 48.6083], [-89.7688, 48.6083]]]}, "properties": {"company_id": "stardust-metal", "jurisdiction": "Ontario", "claim_id": "829517", "claim_name": null, "holder": "(100) STARDUST METAL CORP.", "status": "Active", "recorded_date": "2023-04-28", "anniversary_or_expiry": "2030-04-28", "area_ha": null, "tenure_type": "Single Cell Mining Claim", "source": "Ontario MLAS operational claims (OGSEarth / LIO MapServer). Unofficial viewing data, not legal title.", "as_of": "2026-09-20", "role": "focus", "color": "#e8b040"}}, {"type": "Feature", "geometry": {"type": "Polygon", "coordinates": [[[-89.7563, 48.6083], [-89.7563, 48.6125], [-89.7625, 48.6125], [-89.7625, 48.6083], [-89.7563, 48.6083]]]}, "properties": {"company_id": "stardust-metal", "jurisdiction": "Ontario", "claim_id": "829518", "claim_name": null, "holder": "(100) STARDUST METAL CORP.", "status": "Active", "recorded_date": "2023-04-28", "anniversary_or_expiry": "2030-04-28", "area_ha": null, "tenure_type": "Single Cell Mining Claim", "source": "Ontario MLAS operational claims (OGSEarth / LIO MapServer). Unofficial viewing data, not legal title.", "as_of": "2026-09-20", "role": "focus", "color": "#e8b040"}}, {"type": "Feature", "geometry": {"type": "Polygon", "coordinates": [[[-89.7625, 48.6083], [-89.7625, 48.6125], [-89.7688, 48.6125], [-89.7688, 48.6083], [-89.7625, 48.6083]]]}, "properties": {"company_id": "stardust-metal", "jurisdiction": "Ontario", "claim_id": "829519", "claim_name": null, "holder": "(100) STARDUST METAL CORP.", "status": "Active", "recorded_date": "2023-04-28", "anniversary_or_expiry": "2030-04-28", "area_ha": null, "tenure_type": "Single Cell Mining Claim", "source": "Ontario MLAS operational claims (OGSEarth / LIO MapServer). Unofficial viewing data, not legal title.", "as_of": "2026-09-20", "role": "focus", "color": "#e8b040"}}, {"type": "Feature", "geometry": {"type": "Polygon", "coordinates": [[[-80.2625, 48.1208], [-80.2625, 48.125], [-80.2688, 48.125], [-80.2688, 48.1208], [-80.2625, 48.1208]]]}, "properties": {"company_id": "stardust-metal", "jurisdiction": "Ontario", "claim_id": "1066062", "claim_name": null, "holder": "(100) STARDUST METAL CORP.", "status": "Active Pending", "recorded_date": "2026-08-13", "anniversary_or_expiry": "2028-08-13", "area_ha": null, "tenure_type": "Single Cell Mining Claim", "source": "Ontario MLAS operational claims (OGSEarth / LIO MapServer). Unofficial viewing data, not legal title.", "as_of": "2026-09-20", "role": "focus", "color": "#e8b040"}}, {"type": "Feature", "geometry": {"type": "Polygon", "coordinates": [[[-80.2563, 48.1208], [-80.2563, 48.125], [-80.2625, 48.125], [-80.2625, 48.1208], [-80.2563, 48.1208]]]}, "properties": {"company_id": "stardust-metal", "jurisdiction": "Ontario", "claim_id": "1066063", "claim_name": null, "holder": "(100) STARDUST METAL CORP.", "status": "Active", "recorded_date": "2026-08-13", "anniversary_or_expiry": "2028-08-13", "area_ha": null, "tenure_type": "Single Cell Mining Claim", "source": "Ontario MLAS operational claims (OGSEarth / LIO MapServer). Unofficial viewing data, not legal title.", "as_of": "2026-09-20", "role": "focus", "color": "#e8b040"}}, {"type": "Feature", "geometry": {"type": "Polygon", "coordinates": [[[-80.2563, 48.125], [-80.2563, 48.1292], [-80.2625, 48.1292], [-80.2625, 48.125], [-80.2563, 48.125]]]}, "properties": {"company_id": "stardust-metal", "jurisdiction": "Ontario", "claim_id": "1066064", "claim_name": null, "holder": "(100) STARDUST METAL CORP.", "status": "Active Pending", "recorded_date": "2026-08-13", "anniversary_or_expiry": "2028-08-13", "area_ha": null, "tenure_type": "Single Cell Mining Claim", "source": "Ontario MLAS operational claims (OGSEarth / LIO MapServer). Unofficial viewing data, not legal title.", "as_of": "2026-09-20", "role": "focus", "color": "#e8b040"}}, {"type": "Feature", "geometry": {"type": "Polygon", "coordinates": [[[-80.25, 48.125], [-80.25, 48.1292], [-80.2563, 48.1292], [-80.2563, 48.125], [-80.25, 48.125]]]}, "properties": {"company_id": "stardust-metal", "jurisdiction": "Ontario", "claim_id": "1066065", "claim_name": null, "holder": "(100) STARDUST METAL CORP.", "status": "Active Pending", "recorded_date": "2026-08-13", "anniversary_or_expiry": "2028-08-13", "area_ha": null, "tenure_type": "Single Cell Mining Claim", "source": "Ontario MLAS operational claims (OGSEarth / LIO MapServer). Unofficial viewing data, not legal title.", "as_of": "2026-09-20", "role": "focus", "color": "#e8b040"}}, {"type": "Feature", "geometry": {"type": "Polygon", "coordinates": [[[-80.2438, 48.1125], [-80.2438, 48.1167], [-80.25, 48.1167], [-80.25, 48.1125], [-80.2438, 48.1125]]]}, "properties": {"company_id": "stardust-metal", "jurisdiction": "Ontario", "claim_id": "1066066", "claim_name": null, "holder": "(100) STARDUST METAL CORP.", "status": "Active", "recorded_date": "2026-08-13", "anniversary_or_expiry": "2028-08-13", "area_ha": null, "tenure_type": "Single Cell Mining Claim", "source": "Ontario MLAS operational claims (OGSEarth / LIO MapServer). Unofficial viewing data, not legal title.", "as_of": "2026-09-20", "role": "focus", "color": "#e8b040"}}, {"type": "Feature", "geometry": {"type": "Polygon", "coordinates": [[[-80.25, 48.1167], [-80.25, 48.1208], [-80.2563, 48.1208], [-80.2563, 48.1167], [-80.25, 48.1167]]]}, "properties": {"company_id": "stardust-metal", "jurisdiction": "Ontario", "claim_id": "1066067", "claim_name": null, "holder": "(100) STARDUST METAL CORP.", "status": "Active", "recorded_date": "2026-08-13", "anniversary_or_expiry": "2028-08-13", "area_ha": null, "tenure_type": "Single Cell Mining Claim", "source": "Ontario MLAS operational claims (OGSEarth / LIO MapServer). Unofficial viewing data, not legal title.", "as_of": "2026-09-20", "role": "focus", "color": "#e8b040"}}, {"type": "Feature", "geometry": {"type": "Polygon", "coordinates": [[[-80.2438, 48.1167], [-80.2438, 48.1208], [-80.25, 48.1208], [-80.25, 48.1167], [-80.2438, 48.1167]]]}, "properties": {"company_id": "stardust-metal", "jurisdiction": "Ontario", "claim_id": "1066068", "claim_name": null, "holder": "(100) STARDUST METAL CORP.", "status": "Active", "recorded_date": "2026-08-13", "anniversary_or_expiry": "2028-08-13", "area_ha": null, "tenure_type": "Single Cell Mining Claim", "source": "Ontario MLAS operational claims (OGSEarth / LIO MapServer). Unofficial viewing data, not legal title.", "as_of": "2026-09-20", "role": "focus", "color": "#e8b040"}}, {"type": "Feature", "geometry": {"type": "Polygon", "coordinates": [[[-80.2438, 48.1208], [-80.2438, 48.125], [-80.25, 48.125], [-80.25, 48.1208], [-80.2438, 48.1208]]]}, "properties": {"company_id": "stardust-metal", "jurisdiction": "Ontario", "claim_id": "1066069", "claim_name": null, "holder": "(100) STARDUST METAL CORP.", "status": "Active", "recorded_date": "2026-08-13", "anniversary_or_expiry": "2028-08-13", "area_ha": null, "tenure_type": "Single Cell Mining Claim", "source": "Ontario MLAS operational claims (OGSEarth / LIO MapServer). Unofficial viewing data, not legal title.", "as_of": "2026-09-20", "role": "focus", "color": "#e8b040"}}, {"type": "Feature", "geometry": {"type": "Polygon", "coordinates": [[[-80.2375, 48.1083], [-80.2375, 48.1125], [-80.2438, 48.1125], [-80.2438, 48.1083], [-80.2375, 48.1083]]]}, "properties": {"company_id": "stardust-metal", "jurisdiction": "Ontario", "claim_id": "1066070", "claim_name": null, "holder": "(100) STARDUST METAL CORP.", "status": "Active Pending", "recorded_date": "2026-08-13", "anniversary_or_expiry": "2028-08-13", "area_ha": null, "tenure_type": "Single Cell Mining Claim", "source": "Ontario MLAS operational claims (OGSEarth / LIO MapServer). Unofficial viewing data, not legal title.", "as_of": "2026-09-20", "role": "focus", "color": "#e8b040"}}, {"type": "Feature", "geometry": {"type": "Polygon", "coordinates": [[[-80.2313, 48.1083], [-80.2313, 48.1125], [-80.2375, 48.1125], [-80.2375, 48.1083], [-80.2313, 48.1083]]]}, "properties": {"company_id": "stardust-metal", "jurisdiction": "Ontario", "claim_id": "1066071", "claim_name": null, "holder": "(100) STARDUST METAL CORP.", "status": "Active Pending", "recorded_date": "2026-08-13", "anniversary_or_expiry": "2028-08-13", "area_ha": null, "tenure_type": "Single Cell Mining Claim", "source": "Ontario MLAS operational claims (OGSEarth / LIO MapServer). Unofficial viewing data, not legal title.", "as_of": "2026-09-20", "role": "focus", "color": "#e8b040"}}, {"type": "Feature", "geometry": {"type": "Polygon", "coordinates": [[[-80.1063, 48.0583], [-80.1063, 48.0625], [-80.1125, 48.0625], [-80.1125, 48.0583], [-80.1063, 48.0583]]]}, "properties": {"company_id": "stardust-metal", "jurisdiction": "Ontario", "claim_id": "1066072", "claim_name": null, "holder": "(100) STARDUST METAL CORP.", "status": "Active", "recorded_date": "2026-08-13", "anniversary_or_expiry": "2028-08-13", "area_ha": null, "tenure_type": "Single Cell Mining Claim", "source": "Ontario MLAS operational claims (OGSEarth / LIO MapServer). Unofficial viewing data, not legal title.", "as_of": "2026-09-20", "role": "focus", "color": "#e8b040"}}, {"type": "Feature", "geometry": {"type": "Polygon", "coordinates": [[[-80.1, 48.0583], [-80.1, 48.0625], [-80.1063, 48.0625], [-80.1063, 48.0583], [-80.1, 48.0583]]]}, "properties": {"company_id": "stardust-metal", "jurisdiction": "Ontario", "claim_id": "1066073", "claim_name": null, "holder": "(100) STARDUST METAL CORP.", "status": "Active", "recorded_date": "2026-08-13", "anniversary_or_expiry": "2028-08-13", "area_ha": null, "tenure_type": "Single Cell Mining Claim", "source": "Ontario MLAS operational claims (OGSEarth / LIO MapServer). Unofficial viewing data, not legal title.", "as_of": "2026-09-20", "role": "focus", "color": "#e8b040"}}, {"type": "Feature", "geometry": {"type": "Polygon", "coordinates": [[[-80.0938, 48.0583], [-80.0938, 48.0625], [-80.1, 48.0625], [-80.1, 48.0583], [-80.0938, 48.0583]]]}, "properties": {"company_id": "stardust-metal", "jurisdiction": "Ontario", "claim_id": "1066074", "claim_name": null, "holder": "(100) STARDUST METAL CORP.", "status": "Active", "recorded_date": "2026-08-13", "anniversary_or_expiry": "2028-08-13", "area_ha": null, "tenure_type": "Single Cell Mining Claim", "source": "Ontario MLAS operational claims (OGSEarth / LIO MapServer). Unofficial viewing data, not legal title.", "as_of": "2026-09-20", "role": "focus", "color": "#e8b040"}}, {"type": "Feature", "geometry": {"type": "Polygon", "coordinates": [[[-80.1375, 48.0542], [-80.1375, 48.0583], [-80.1438, 48.0583], [-80.1438, 48.0542], [-80.1375, 48.0542]]]}, "properties": {"company_id": "stardust-metal", "jurisdiction": "Ontario", "claim_id": "1066075", "claim_name": null, "holder": "(100) STARDUST METAL CORP.", "status": "Active Pending", "recorded_date": "2026-08-13", "anniversary_or_expiry": "2028-08-13", "area_ha": null, "tenure_type": "Single Cell Mining Claim", "source": "Ontario MLAS operational claims (OGSEarth / LIO MapServer). Unofficial viewing data, not legal title.", "as_of": "2026-09-20", "role": "focus", "color": "#e8b040"}}, {"type": "Feature", "geometry": {"type": "Polygon", "coordinates": [[[-80.1313, 48.0542], [-80.1313, 48.0583], [-80.1375, 48.0583], [-80.1375, 48.0542], [-80.1313, 48.0542]]]}, "properties": {"company_id": "stardust-metal", "jurisdiction": "Ontario", "claim_id": "1066076", "claim_name": null, "holder": "(100) STARDUST METAL CORP.", "status": "Active Pending", "recorded_date": "2026-08-13", "anniversary_or_expiry": "2028-08-13", "area_ha": null, "tenure_type": "Single Cell Mining Claim", "source": "Ontario MLAS operational claims (OGSEarth / LIO MapServer). Unofficial viewing data, not legal title.", "as_of": "2026-09-20", "role": "focus", "color": "#e8b040"}}, {"type": "Feature", "geometry": {"type": "Polygon", "coordinates": [[[-80.1188, 48.0625], [-80.1188, 48.0667], [-80.125, 48.0667], [-80.125, 48.0625], [-80.1188, 48.0625]]]}, "properties": {"company_id": "stardust-metal", "jurisdiction": "Ontario", "claim_id": "1066077", "claim_name": null, "holder": "(100) STARDUST METAL CORP.", "status": "Active Pending", "recorded_date": "2026-08-13", "anniversary_or_expiry": "2028-08-13", "area_ha": null, "tenure_type": "Single Cell Mining Claim", "source": "Ontario MLAS operational claims (OGSEarth / LIO MapServer). Unofficial viewing data, not legal title.", "as_of": "2026-09-20", "role": "focus", "color": "#e8b040"}}, {"type": "Feature", "geometry": {"type": "Polygon", "coordinates": [[[-80.1125, 48.0625], [-80.1125, 48.0667], [-80.1188, 48.0667], [-80.1188, 48.0625], [-80.1125, 48.0625]]]}, "properties": {"company_id": "stardust-metal", "jurisdiction": "Ontario", "claim_id": "1066078", "claim_name": null, "holder": "(100) STARDUST METAL CORP.", "status": "Active Pending", "recorded_date": "2026-08-13", "anniversary_or_expiry": "2028-08-13", "area_ha": null, "tenure_type": "Single Cell Mining Claim", "source": "Ontario MLAS operational claims (OGSEarth / LIO MapServer). Unofficial viewing data, not legal title.", "as_of": "2026-09-20", "role": "focus", "color": "#e8b040"}}, {"type": "Feature", "geometry": {"type": "Polygon", "coordinates": [[[-80.225, 48.1042], [-80.225, 48.1083], [-80.2313, 48.1083], [-80.2313, 48.1042], [-80.225, 48.1042]]]}, "properties": {"company_id": "stardust-metal", "jurisdiction": "Ontario", "claim_id": "1066079", "claim_name": null, "holder": "(100) STARDUST METAL CORP.", "status": "Active Pending", "recorded_date": "2026-08-13", "anniversary_or_expiry": "2028-08-13", "area_ha": null, "tenure_type": "Single Cell Mining Claim", "source": "Ontario MLAS operational claims (OGSEarth / LIO MapServer). Unofficial viewing data, not legal title.", "as_of": "2026-09-20", "role": "focus", "color": "#e8b040"}}, {"type": "Feature", "geometry": {"type": "Polygon", "coordinates": [[[-80.125, 48.0667], [-80.125, 48.0708], [-80.1313, 48.0708], [-80.1313, 48.0667], [-80.125, 48.0667]]]}, "properties": {"company_id": "stardust-metal", "jurisdiction": "Ontario", "claim_id": "1066080", "claim_name": null, "holder": "(100) STARDUST METAL CORP.", "status": "Active Pending", "recorded_date": "2026-08-13", "anniversary_or_expiry": "2028-08-13", "area_ha": null, "tenure_type": "Single Cell Mining Claim", "source": "Ontario MLAS operational claims (OGSEarth / LIO MapServer). Unofficial viewing data, not legal title.", "as_of": "2026-09-20", "role": "focus", "color": "#e8b040"}}, {"type": "Feature", "geometry": {"type": "Polygon", "coordinates": [[[-80.15, 48.0542], [-80.15, 48.0583], [-80.1563, 48.0583], [-80.1563, 48.0542], [-80.15, 48.0542]]]}, "properties": {"company_id": "stardust-metal", "jurisdiction": "Ontario", "claim_id": "1066081", "claim_name": null, "holder": "(100) STARDUST METAL CORP.", "status": "Active", "recorded_date": "2026-08-13", "anniversary_or_expiry": "2028-08-13", "area_ha": null, "tenure_type": "Single Cell Mining Claim", "source": "Ontario MLAS operational claims (OGSEarth / LIO MapServer). Unofficial viewing data, not legal title.", "as_of": "2026-09-20", "role": "focus", "color": "#e8b040"}}, {"type": "Feature", "geometry": {"type": "Polygon", "coordinates": [[[-80.775, 47.8708], [-80.775, 47.875], [-80.7813, 47.875], [-80.7813, 47.8708], [-80.775, 47.8708]]]}, "properties": {"company_id": "stardust-metal", "jurisdiction": "Ontario", "claim_id": "1066082", "claim_name": null, "holder": "(100) STARDUST METAL CORP.", "status": "Active", "recorded_date": "2026-08-13", "anniversary_or_expiry": "2028-08-13", "area_ha": null, "tenure_type": "Single Cell Mining Claim", "source": "Ontario MLAS operational claims (OGSEarth / LIO MapServer). Unofficial viewing data, not legal title.", "as_of": "2026-09-20", "role": "focus", "color": "#e8b040"}}, {"type": "Feature", "geometry": {"type": "Polygon", "coordinates": [[[-80.7688, 47.8708], [-80.7688, 47.875], [-80.775, 47.875], [-80.775, 47.8708], [-80.7688, 47.8708]]]}, "properties": {"company_id": "stardust-metal", "jurisdiction": "Ontario", "claim_id": "1066083", "claim_name": null, "holder": "(100) STARDUST METAL CORP.", "status": "Active", "recorded_date": "2026-08-13", "anniversary_or_expiry": "2028-08-13", "area_ha": null, "tenure_type": "Single Cell Mining Claim", "source": "Ontario MLAS operational claims (OGSEarth / LIO MapServer). Unofficial viewing data, not legal title.", "as_of": "2026-09-20", "role": "focus", "color": "#e8b040"}}, {"type": "Feature", "geometry": {"type": "Polygon", "coordinates": [[[-80.7625, 47.8708], [-80.7625, 47.875], [-80.7688, 47.875], [-80.7688, 47.8708], [-80.7625, 47.8708]]]}, "properties": {"company_id": "stardust-metal", "jurisdiction": "Ontario", "claim_id": "1066084", "claim_name": null, "holder": "(100) STARDUST METAL CORP.", "status": "Active", "recorded_date": "2026-08-13", "anniversary_or_expiry": "2028-08-13", "area_ha": null, "tenure_type": "Single Cell Mining Claim", "source": "Ontario MLAS operational claims (OGSEarth / LIO MapServer). Unofficial viewing data, not legal title.", "as_of": "2026-09-20", "role": "focus", "color": "#e8b040"}}, {"type": "Feature", "geometry": {"type": "Polygon", "coordinates": [[[-80.7688, 47.875], [-80.7688, 47.8792], [-80.775, 47.8792], [-80.775, 47.875], [-80.7688, 47.875]]]}, "properties": {"company_id": "stardust-metal", "jurisdiction": "Ontario", "claim_id": "1066085", "claim_name": null, "holder": "(100) STARDUST METAL CORP.", "status": "Active", "recorded_date": "2026-08-13", "anniversary_or_expiry": "2028-08-13", "area_ha": null, "tenure_type": "Single Cell Mining Claim", "source": "Ontario MLAS operational claims (OGSEarth / LIO MapServer). Unofficial viewing data, not legal title.", "as_of": "2026-09-20", "role": "focus", "color": "#e8b040"}}, {"type": "Feature", "geometry": {"type": "Polygon", "coordinates": [[[-80.7625, 47.875], [-80.7625, 47.8792], [-80.7688, 47.8792], [-80.7688, 47.875], [-80.7625, 47.875]]]}, "properties": {"company_id": "stardust-metal", "jurisdiction": "Ontario", "claim_id": "1066086", "claim_name": null, "holder": "(100) STARDUST METAL CORP.", "status": "Active", "recorded_date": "2026-08-13", "anniversary_or_expiry": "2028-08-13", "area_ha": null, "tenure_type": "Single Cell Mining Claim", "source": "Ontario MLAS operational claims (OGSEarth / LIO MapServer). Unofficial viewing data, not legal title.", "as_of": "2026-09-20", "role": "focus", "color": "#e8b040"}}, {"type": "Feature", "geometry": {"type": "Polygon", "coordinates": [[[-80.7563, 47.875], [-80.7563, 47.8792], [-80.7625, 47.8792], [-80.7625, 47.875], [-80.7563, 47.875]]]}, "properties": {"company_id": "stardust-metal", "jurisdiction": "Ontario", "claim_id": "1066087", "claim_name": null, "holder": "(100) STARDUST METAL CORP.", "status": "Active", "recorded_date": "2026-08-13", "anniversary_or_expiry": "2028-08-13", "area_ha": null, "tenure_type": "Single Cell Mining Claim", "source": "Ontario MLAS operational claims (OGSEarth / LIO MapServer). Unofficial viewing data, not legal title.", "as_of": "2026-09-20", "role": "focus", "color": "#e8b040"}}, {"type": "Feature", "geometry": {"type": "Polygon", "coordinates": [[[-80.75, 47.875], [-80.75, 47.8792], [-80.7563, 47.8792], [-80.7563, 47.875], [-80.75, 47.875]]]}, "properties": {"company_id": "stardust-metal", "jurisdiction": "Ontario", "claim_id": "1066088", "claim_name": null, "holder": "(100) STARDUST METAL CORP.", "status": "Active", "recorded_date": "2026-08-13", "anniversary_or_expiry": "2028-08-13", "area_ha": null, "tenure_type": "Single Cell Mining Claim", "source": "Ontario MLAS operational claims (OGSEarth / LIO MapServer). Unofficial viewing data, not legal title.", "as_of": "2026-09-20", "role": "focus", "color": "#e8b040"}}, {"type": "Feature", "geometry": {"type": "Polygon", "coordinates": [[[-80.7688, 47.8792], [-80.7688, 47.8833], [-80.775, 47.8833], [-80.775, 47.8792], [-80.7688, 47.8792]]]}, "properties": {"company_id": "stardust-metal", "jurisdiction": "Ontario", "claim_id": "1066089", "claim_name": null, "holder": "(100) STARDUST METAL CORP.", "status": "Active", "recorded_date": "2026-08-13", "anniversary_or_expiry": "2028-08-13", "area_ha": null, "tenure_type": "Single Cell Mining Claim", "source": "Ontario MLAS operational claims (OGSEarth / LIO MapServer). Unofficial viewing data, not legal title.", "as_of": "2026-09-20", "role": "focus", "color": "#e8b040"}}, {"type": "Feature", "geometry": {"type": "Polygon", "coordinates": [[[-80.7625, 47.8792], [-80.7625, 47.8833], [-80.7688, 47.8833], [-80.7688, 47.8792], [-80.7625, 47.8792]]]}, "properties": {"company_id": "stardust-metal", "jurisdiction": "Ontario", "claim_id": "1066090", "claim_name": null, "holder": "(100) STARDUST METAL CORP.", "status": "Active", "recorded_date": "2026-08-13", "anniversary_or_expiry": "2028-08-13", "area_ha": null, "tenure_type": "Single Cell Mining Claim", "source": "Ontario MLAS operational claims (OGSEarth / LIO MapServer). Unofficial viewing data, not legal title.", "as_of": "2026-09-20", "role": "focus", "color": "#e8b040"}}, {"type": "Feature", "geometry": {"type": "Polygon", "coordinates": [[[-80.7563, 47.8792], [-80.7563, 47.8833], [-80.7625, 47.8833], [-80.7625, 47.8792], [-80.7563, 47.8792]]]}, "properties": {"company_id": "stardust-metal", "jurisdiction": "Ontario", "claim_id": "1066091", "claim_name": null, "holder": "(100) STARDUST METAL CORP.", "status": "Active", "recorded_date": "2026-08-13", "anniversary_or_expiry": "2028-08-13", "area_ha": null, "tenure_type": "Single Cell Mining Claim", "source": "Ontario MLAS operational claims (OGSEarth / LIO MapServer). Unofficial viewing data, not legal title.", "as_of": "2026-09-20", "role": "focus", "color": "#e8b040"}}, {"type": "Feature", "geometry": {"type": "Polygon", "coordinates": [[[-80.75, 47.8792], [-80.75, 47.8833], [-80.7563, 47.8833], [-80.7563, 47.8792], [-80.75, 47.8792]]]}, "properties": {"company_id": "stardust-metal", "jurisdiction": "Ontario", "claim_id": "1066092", "claim_name": null, "holder": "(100) STARDUST METAL CORP.", "status": "Active", "recorded_date": "2026-08-13", "anniversary_or_expiry": "2028-08-13", "area_ha": null, "tenure_type": "Single Cell Mining Claim", "source": "Ontario MLAS operational claims (OGSEarth / LIO MapServer). Unofficial viewing data, not legal title.", "as_of": "2026-09-20", "role": "focus", "color": "#e8b040"}}, {"type": "Feature", "geometry": {"type": "Polygon", "coordinates": [[[-80.7438, 47.8792], [-80.7438, 47.8833], [-80.75, 47.8833], [-80.75, 47.8792], [-80.7438, 47.8792]]]}, "properties": {"company_id": "stardust-metal", "jurisdiction": "Ontario", "claim_id": "1066093", "claim_name": null, "holder": "(100) STARDUST METAL CORP.", "status": "Active", "recorded_date": "2026-08-13", "anniversary_or_expiry": "2028-08-13", "area_ha": null, "tenure_type": "Single Cell Mining Claim", "source": "Ontario MLAS operational claims (OGSEarth / LIO MapServer). Unofficial viewing data, not legal title.", "as_of": "2026-09-20", "role": "focus", "color": "#e8b040"}}, {"type": "Feature", "geometry": {"type": "Polygon", "coordinates": [[[-80.7625, 47.8833], [-80.7625, 47.8875], [-80.7688, 47.8875], [-80.7688, 47.8833], [-80.7625, 47.8833]]]}, "properties": {"company_id": "stardust-metal", "jurisdiction": "Ontario", "claim_id": "1066094", "claim_name": null, "holder": "(100) STARDUST METAL CORP.", "status": "Active", "recorded_date": "2026-08-13", "anniversary_or_expiry": "2028-08-13", "area_ha": null, "tenure_type": "Single Cell Mining Claim", "source": "Ontario MLAS operational claims (OGSEarth / LIO MapServer). Unofficial viewing data, not legal title.", "as_of": "2026-09-20", "role": "focus", "color": "#e8b040"}}, {"type": "Feature", "geometry": {"type": "Polygon", "coordinates": [[[-80.7563, 47.8833], [-80.7563, 47.8875], [-80.7625, 47.8875], [-80.7625, 47.8833], [-80.7563, 47.8833]]]}, "properties": {"company_id": "stardust-metal", "jurisdiction": "Ontario", "claim_id": "1066095", "claim_name": null, "holder": "(100) STARDUST METAL CORP.", "status": "Active", "recorded_date": "2026-08-13", "anniversary_or_expiry": "2028-08-13", "area_ha": null, "tenure_type": "Single Cell Mining Claim", "source": "Ontario MLAS operational claims (OGSEarth / LIO MapServer). Unofficial viewing data, not legal title.", "as_of": "2026-09-20", "role": "focus", "color": "#e8b040"}}, {"type": "Feature", "geometry": {"type": "Polygon", "coordinates": [[[-80.75, 47.8833], [-80.75, 47.8875], [-80.7563, 47.8875], [-80.7563, 47.8833], [-80.75, 47.8833]]]}, "properties": {"company_id": "stardust-metal", "jurisdiction": "Ontario", "claim_id": "1066096", "claim_name": null, "holder": "(100) STARDUST METAL CORP.", "status": "Active", "recorded_date": "2026-08-13", "anniversary_or_expiry": "2028-08-13", "area_ha": null, "tenure_type": "Single Cell Mining Claim", "source": "Ontario MLAS operational claims (OGSEarth / LIO MapServer). Unofficial viewing data, not legal title.", "as_of": "2026-09-20", "role": "focus", "color": "#e8b040"}}, {"type": "Feature", "geometry": {"type": "Polygon", "coordinates": [[[-80.7563, 47.8875], [-80.7563, 47.8917], [-80.7625, 47.8917], [-80.7625, 47.8875], [-80.7563, 47.8875]]]}, "properties": {"company_id": "stardust-metal", "jurisdiction": "Ontario", "claim_id": "1066097", "claim_name": null, "holder": "(100) STARDUST METAL CORP.", "status": "Active", "recorded_date": "2026-08-13", "anniversary_or_expiry": "2028-08-13", "area_ha": null, "tenure_type": "Single Cell Mining Claim", "source": "Ontario MLAS operational claims (OGSEarth / LIO MapServer). Unofficial viewing data, not legal title.", "as_of": "2026-09-20", "role": "focus", "color": "#e8b040"}}, {"type": "Feature", "geometry": {"type": "Polygon", "coordinates": [[[-80.75, 47.8875], [-80.75, 47.8917], [-80.7563, 47.8917], [-80.7563, 47.8875], [-80.75, 47.8875]]]}, "properties": {"company_id": "stardust-metal", "jurisdiction": "Ontario", "claim_id": "1066098", "claim_name": null, "holder": "(100) STARDUST METAL CORP.", "status": "Active", "recorded_date": "2026-08-13", "anniversary_or_expiry": "2028-08-13", "area_ha": null, "tenure_type": "Single Cell Mining Claim", "source": "Ontario MLAS operational claims (OGSEarth / LIO MapServer). Unofficial viewing data, not legal title.", "as_of": "2026-09-20", "role": "focus", "color": "#e8b040"}}, {"type": "Feature", "geometry": {"type": "Polygon", "coordinates": [[[-80.7438, 47.8875], [-80.7438, 47.8917], [-80.75, 47.8917], [-80.75, 47.8875], [-80.7438, 47.8875]]]}, "properties": {"company_id": "stardust-metal", "jurisdiction": "Ontario", "claim_id": "1066099", "claim_name": null, "holder": "(100) STARDUST METAL CORP.", "status": "Active", "recorded_date": "2026-08-13", "anniversary_or_expiry": "2028-08-13", "area_ha": null, "tenure_type": "Single Cell Mining Claim", "source": "Ontario MLAS operational claims (OGSEarth / LIO MapServer). Unofficial viewing data, not legal title.", "as_of": "2026-09-20", "role": "focus", "color": "#e8b040"}}, {"type": "Feature", "geometry": {"type": "Polygon", "coordinates": [[[-80.7563, 47.8917], [-80.7563, 47.8958], [-80.7625, 47.8958], [-80.7625, 47.8917], [-80.7563, 47.8917]]]}, "properties": {"company_id": "stardust-metal", "jurisdiction": "Ontario", "claim_id": "1066100", "claim_name": null, "holder": "(100) STARDUST METAL CORP.", "status": "Active", "recorded_date": "2026-08-13", "anniversary_or_expiry": "2028-08-13", "area_ha": null, "tenure_type": "Single Cell Mining Claim", "source": "Ontario MLAS operational claims (OGSEarth / LIO MapServer). Unofficial viewing data, not legal title.", "as_of": "2026-09-20", "role": "focus", "color": "#e8b040"}}, {"type": "Feature", "geometry": {"type": "Polygon", "coordinates": [[[-80.75, 47.8917], [-80.75, 47.8958], [-80.7563, 47.8958], [-80.7563, 47.8917], [-80.75, 47.8917]]]}, "properties": {"company_id": "stardust-metal", "jurisdiction": "Ontario", "claim_id": "1066101", "claim_name": null, "holder": "(100) STARDUST METAL CORP.", "status": "Active", "recorded_date": "2026-08-13", "anniversary_or_expiry": "2028-08-13", "area_ha": null, "tenure_type": "Single Cell Mining Claim", "source": "Ontario MLAS operational claims (OGSEarth / LIO MapServer). Unofficial viewing data, not legal title.", "as_of": "2026-09-20", "role": "focus", "color": "#e8b040"}}, {"type": "Feature", "geometry": {"type": "Polygon", "coordinates": [[[-80.7438, 47.8917], [-80.7438, 47.8958], [-80.75, 47.8958], [-80.75, 47.8917], [-80.7438, 47.8917]]]}, "properties": {"company_id": "stardust-metal", "jurisdiction": "Ontario", "claim_id": "1066102", "claim_name": null, "holder": "(100) STARDUST METAL CORP.", "status": "Active", "recorded_date": "2026-08-13", "anniversary_or_expiry": "2028-08-13", "area_ha": null, "tenure_type": "Single Cell Mining Claim", "source": "Ontario MLAS operational claims (OGSEarth / LIO MapServer). Unofficial viewing data, not legal title.", "as_of": "2026-09-20", "role": "focus", "color": "#e8b040"}}, {"type": "Feature", "geometry": {"type": "Polygon", "coordinates": [[[-80.7563, 47.8958], [-80.7563, 47.9], [-80.7625, 47.9], [-80.7625, 47.8958], [-80.7563, 47.8958]]]}, "properties": {"company_id": "stardust-metal", "jurisdiction": "Ontario", "claim_id": "1066103", "claim_name": null, "holder": "(100) STARDUST METAL CORP.", "status": "Active", "recorded_date": "2026-08-13", "anniversary_or_expiry": "2028-08-13", "area_ha": null, "tenure_type": "Single Cell Mining Claim", "source": "Ontario MLAS operational claims (OGSEarth / LIO MapServer). Unofficial viewing data, not legal title.", "as_of": "2026-09-20", "role": "focus", "color": "#e8b040"}}, {"type": "Feature", "geometry": {"type": "Polygon", "coordinates": [[[-80.7563, 47.9], [-80.7563, 47.9042], [-80.7625, 47.9042], [-80.7625, 47.9], [-80.7563, 47.9]]]}, "properties": {"company_id": "stardust-metal", "jurisdiction": "Ontario", "claim_id": "1066104", "claim_name": null, "holder": "(100) STARDUST METAL CORP.", "status": "Active", "recorded_date": "2026-08-13", "anniversary_or_expiry": "2028-08-13", "area_ha": null, "tenure_type": "Single Cell Mining Claim", "source": "Ontario MLAS operational claims (OGSEarth / LIO MapServer). Unofficial viewing data, not legal title.", "as_of": "2026-09-20", "role": "focus", "color": "#e8b040"}}, {"type": "Feature", "geometry": {"type": "Polygon", "coordinates": [[[-80.75, 47.9], [-80.75, 47.9042], [-80.7563, 47.9042], [-80.7563, 47.9], [-80.75, 47.9]]]}, "properties": {"company_id": "stardust-metal", "jurisdiction": "Ontario", "claim_id": "1066105", "claim_name": null, "holder": "(100) STARDUST METAL CORP.", "status": "Active", "recorded_date": "2026-08-13", "anniversary_or_expiry": "2028-08-13", "area_ha": null, "tenure_type": "Single Cell Mining Claim", "source": "Ontario MLAS operational claims (OGSEarth / LIO MapServer). Unofficial viewing data, not legal title.", "as_of": "2026-09-20", "role": "focus", "color": "#e8b040"}}, {"type": "Feature", "geometry": {"type": "Polygon", "coordinates": [[[-80.65, 47.9042], [-80.65, 47.9083], [-80.6563, 47.9083], [-80.6563, 47.9042], [-80.65, 47.9042]]]}, "properties": {"company_id": "stardust-metal", "jurisdiction": "Ontario", "claim_id": "1066106", "claim_name": null, "holder": "(100) STARDUST METAL CORP.", "status": "Active", "recorded_date": "2026-08-13", "anniversary_or_expiry": "2028-08-13", "area_ha": null, "tenure_type": "Single Cell Mining Claim", "source": "Ontario MLAS operational claims (OGSEarth / LIO MapServer). Unofficial viewing data, not legal title.", "as_of": "2026-09-20", "role": "focus", "color": "#e8b040"}}, {"type": "Feature", "geometry": {"type": "Polygon", "coordinates": [[[-80.6438, 47.9042], [-80.6438, 47.9083], [-80.65, 47.9083], [-80.65, 47.9042], [-80.6438, 47.9042]]]}, "properties": {"company_id": "stardust-metal", "jurisdiction": "Ontario", "claim_id": "1066107", "claim_name": null, "holder": "(100) STARDUST METAL CORP.", "status": "Active", "recorded_date": "2026-08-13", "anniversary_or_expiry": "2028-08-13", "area_ha": null, "tenure_type": "Single Cell Mining Claim", "source": "Ontario MLAS operational claims (OGSEarth / LIO MapServer). Unofficial viewing data, not legal title.", "as_of": "2026-09-20", "role": "focus", "color": "#e8b040"}}, {"type": "Feature", "geometry": {"type": "Polygon", "coordinates": [[[-80.65, 47.9083], [-80.65, 47.9125], [-80.6563, 47.9125], [-80.6563, 47.9083], [-80.65, 47.9083]]]}, "properties": {"company_id": "stardust-metal", "jurisdiction": "Ontario", "claim_id": "1066108", "claim_name": null, "holder": "(100) STARDUST METAL CORP.", "status": "Active", "recorded_date": "2026-08-13", "anniversary_or_expiry": "2028-08-13", "area_ha": null, "tenure_type": "Single Cell Mining Claim", "source": "Ontario MLAS operational claims (OGSEarth / LIO MapServer). Unofficial viewing data, not legal title.", "as_of": "2026-09-20", "role": "focus", "color": "#e8b040"}}, {"type": "Feature", "geometry": {"type": "Polygon", "coordinates": [[[-80.6438, 47.9083], [-80.6438, 47.9125], [-80.65, 47.9125], [-80.65, 47.9083], [-80.6438, 47.9083]]]}, "properties": {"company_id": "stardust-metal", "jurisdiction": "Ontario", "claim_id": "1066109", "claim_name": null, "holder": "(100) STARDUST METAL CORP.", "status": "Active", "recorded_date": "2026-08-13", "anniversary_or_expiry": "2028-08-13", "area_ha": null, "tenure_type": "Single Cell Mining Claim", "source": "Ontario MLAS operational claims (OGSEarth / LIO MapServer). Unofficial viewing data, not legal title.", "as_of": "2026-09-20", "role": "focus", "color": "#e8b040"}}, {"type": "Feature", "geometry": {"type": "Polygon", "coordinates": [[[-80.65, 47.9125], [-80.65, 47.9167], [-80.6563, 47.9167], [-80.6563, 47.9125], [-80.65, 47.9125]]]}, "properties": {"company_id": "stardust-metal", "jurisdiction": "Ontario", "claim_id": "1066110", "claim_name": null, "holder": "(100) STARDUST METAL CORP.", "status": "Active", "recorded_date": "2026-08-13", "anniversary_or_expiry": "2028-08-13", "area_ha": null, "tenure_type": "Single Cell Mining Claim", "source": "Ontario MLAS operational claims (OGSEarth / LIO MapServer). Unofficial viewing data, not legal title.", "as_of": "2026-09-20", "role": "focus", "color": "#e8b040"}}, {"type": "Feature", "geometry": {"type": "Polygon", "coordinates": [[[-80.6438, 47.9125], [-80.6438, 47.9167], [-80.65, 47.9167], [-80.65, 47.9125], [-80.6438, 47.9125]]]}, "properties": {"company_id": "stardust-metal", "jurisdiction": "Ontario", "claim_id": "1066111", "claim_name": null, "holder": "(100) STARDUST METAL CORP.", "status": "Active", "recorded_date": "2026-08-13", "anniversary_or_expiry": "2028-08-13", "area_ha": null, "tenure_type": "Single Cell Mining Claim", "source": "Ontario MLAS operational claims (OGSEarth / LIO MapServer). Unofficial viewing data, not legal title.", "as_of": "2026-09-20", "role": "focus", "color": "#e8b040"}}, {"type": "Feature", "geometry": {"type": "Polygon", "coordinates": [[[-80.65, 47.9167], [-80.65, 47.9208], [-80.6563, 47.9208], [-80.6563, 47.9167], [-80.65, 47.9167]]]}, "properties": {"company_id": "stardust-metal", "jurisdiction": "Ontario", "claim_id": "1066112", "claim_name": null, "holder": "(100) STARDUST METAL CORP.", "status": "Active", "recorded_date": "2026-08-13", "anniversary_or_expiry": "2028-08-13", "area_ha": null, "tenure_type": "Single Cell Mining Claim", "source": "Ontario MLAS operational claims (OGSEarth / LIO MapServer). Unofficial viewing data, not legal title.", "as_of": "2026-09-20", "role": "focus", "color": "#e8b040"}}, {"type": "Feature", "geometry": {"type": "Polygon", "coordinates": [[[-80.6438, 47.9167], [-80.6438, 47.9208], [-80.65, 47.9208], [-80.65, 47.9167], [-80.6438, 47.9167]]]}, "properties": {"company_id": "stardust-metal", "jurisdiction": "Ontario", "claim_id": "1066113", "claim_name": null, "holder": "(100) STARDUST METAL CORP.", "status": "Active", "recorded_date": "2026-08-13", "anniversary_or_expiry": "2028-08-13", "area_ha": null, "tenure_type": "Single Cell Mining Claim", "source": "Ontario MLAS operational claims (OGSEarth / LIO MapServer). Unofficial viewing data, not legal title.", "as_of": "2026-09-20", "role": "focus", "color": "#e8b040"}}, {"type": "Feature", "geometry": {"type": "Polygon", "coordinates": [[[-80.6375, 47.9167], [-80.6375, 47.9208], [-80.6438, 47.9208], [-80.6438, 47.9167], [-80.6375, 47.9167]]]}, "properties": {"company_id": "stardust-metal", "jurisdiction": "Ontario", "claim_id": "1066114", "claim_name": null, "holder": "(100) STARDUST METAL CORP.", "status": "Active", "recorded_date": "2026-08-13", "anniversary_or_expiry": "2028-08-13", "area_ha": null, "tenure_type": "Single Cell Mining Claim", "source": "Ontario MLAS operational claims (OGSEarth / LIO MapServer). Unofficial viewing data, not legal title.", "as_of": "2026-09-20", "role": "focus", "color": "#e8b040"}}, {"type": "Feature", "geometry": {"type": "Polygon", "coordinates": [[[-80.65, 47.9208], [-80.65, 47.925], [-80.6563, 47.925], [-80.6563, 47.9208], [-80.65, 47.9208]]]}, "properties": {"company_id": "stardust-metal", "jurisdiction": "Ontario", "claim_id": "1066115", "claim_name": null, "holder": "(100) STARDUST METAL CORP.", "status": "Active", "recorded_date": "2026-08-13", "anniversary_or_expiry": "2028-08-13", "area_ha": null, "tenure_type": "Single Cell Mining Claim", "source": "Ontario MLAS operational claims (OGSEarth / LIO MapServer). Unofficial viewing data, not legal title.", "as_of": "2026-09-20", "role": "focus", "color": "#e8b040"}}, {"type": "Feature", "geometry": {"type": "Polygon", "coordinates": [[[-80.6438, 47.9208], [-80.6438, 47.925], [-80.65, 47.925], [-80.65, 47.9208], [-80.6438, 47.9208]]]}, "properties": {"company_id": "stardust-metal", "jurisdiction": "Ontario", "claim_id": "1066116", "claim_name": null, "holder": "(100) STARDUST METAL CORP.", "status": "Active", "recorded_date": "2026-08-13", "anniversary_or_expiry": "2028-08-13", "area_ha": null, "tenure_type": "Single Cell Mining Claim", "source": "Ontario MLAS operational claims (OGSEarth / LIO MapServer). Unofficial viewing data, not legal title.", "as_of": "2026-09-20", "role": "focus", "color": "#e8b040"}}, {"type": "Feature", "geometry": {"type": "Polygon", "coordinates": [[[-80.6375, 47.9208], [-80.6375, 47.925], [-80.6438, 47.925], [-80.6438, 47.9208], [-80.6375, 47.9208]]]}, "properties": {"company_id": "stardust-metal", "jurisdiction": "Ontario", "claim_id": "1066117", "claim_name": null, "holder": "(100) STARDUST METAL CORP.", "status": "Active", "recorded_date": "2026-08-13", "anniversary_or_expiry": "2028-08-13", "area_ha": null, "tenure_type": "Single Cell Mining Claim", "source": "Ontario MLAS operational claims (OGSEarth / LIO MapServer). Unofficial viewing data, not legal title.", "as_of": "2026-09-20", "role": "focus", "color": "#e8b040"}}, {"type": "Feature", "geometry": {"type": "Polygon", "coordinates": [[[-80.65, 47.925], [-80.65, 47.9292], [-80.6563, 47.9292], [-80.6563, 47.925], [-80.65, 47.925]]]}, "properties": {"company_id": "stardust-metal", "jurisdiction": "Ontario", "claim_id": "1066118", "claim_name": null, "holder": "(100) STARDUST METAL CORP.", "status": "Active Pending", "recorded_date": "2026-08-13", "anniversary_or_expiry": "2028-08-13", "area_ha": null, "tenure_type": "Single Cell Mining Claim", "source": "Ontario MLAS operational claims (OGSEarth / LIO MapServer). Unofficial viewing data, not legal title.", "as_of": "2026-09-20", "role": "focus", "color": "#e8b040"}}, {"type": "Feature", "geometry": {"type": "Polygon", "coordinates": [[[-80.6438, 47.925], [-80.6438, 47.9292], [-80.65, 47.9292], [-80.65, 47.925], [-80.6438, 47.925]]]}, "properties": {"company_id": "stardust-metal", "jurisdiction": "Ontario", "claim_id": "1066119", "claim_name": null, "holder": "(100) STARDUST METAL CORP.", "status": "Active Pending", "recorded_date": "2026-08-13", "anniversary_or_expiry": "2028-08-13", "area_ha": null, "tenure_type": "Single Cell Mining Claim", "source": "Ontario MLAS operational claims (OGSEarth / LIO MapServer). Unofficial viewing data, not legal title.", "as_of": "2026-09-20", "role": "focus", "color": "#e8b040"}}, {"type": "Feature", "geometry": {"type": "Polygon", "coordinates": [[[-80.6438, 47.9292], [-80.6438, 47.9333], [-80.65, 47.9333], [-80.65, 47.9292], [-80.6438, 47.9292]]]}, "properties": {"company_id": "stardust-metal", "jurisdiction": "Ontario", "claim_id": "1066120", "claim_name": null, "holder": "(100) STARDUST METAL CORP.", "status": "Active Pending", "recorded_date": "2026-08-13", "anniversary_or_expiry": "2028-08-13", "area_ha": null, "tenure_type": "Single Cell Mining Claim", "source": "Ontario MLAS operational claims (OGSEarth / LIO MapServer). Unofficial viewing data, not legal title.", "as_of": "2026-09-20", "role": "focus", "color": "#e8b040"}}, {"type": "Feature", "geometry": {"type": "Polygon", "coordinates": [[[-80.7875, 47.8708], [-80.7875, 47.875], [-80.7938, 47.875], [-80.7938, 47.8708], [-80.7875, 47.8708]]]}, "properties": {"company_id": "stardust-metal", "jurisdiction": "Ontario", "claim_id": "1066124", "claim_name": null, "holder": "(100) STARDUST METAL CORP.", "status": "Active", "recorded_date": "2026-08-14", "anniversary_or_expiry": "2028-08-14", "area_ha": null, "tenure_type": "Single Cell Mining Claim", "source": "Ontario MLAS operational claims (OGSEarth / LIO MapServer). Unofficial viewing data, not legal title.", "as_of": "2026-09-20", "role": "focus", "color": "#e8b040"}}, {"type": "Feature", "geometry": {"type": "Polygon", "coordinates": [[[-80.7813, 47.8708], [-80.7813, 47.875], [-80.7875, 47.875], [-80.7875, 47.8708], [-80.7813, 47.8708]]]}, "properties": {"company_id": "stardust-metal", "jurisdiction": "Ontario", "claim_id": "1066125", "claim_name": null, "holder": "(100) STARDUST METAL CORP.", "status": "Active", "recorded_date": "2026-08-14", "anniversary_or_expiry": "2028-08-14", "area_ha": null, "tenure_type": "Single Cell Mining Claim", "source": "Ontario MLAS operational claims (OGSEarth / LIO MapServer). Unofficial viewing data, not legal title.", "as_of": "2026-09-20", "role": "focus", "color": "#e8b040"}}, {"type": "Feature", "geometry": {"type": "Polygon", "coordinates": [[[-80.7875, 47.875], [-80.7875, 47.8792], [-80.7938, 47.8792], [-80.7938, 47.875], [-80.7875, 47.875]]]}, "properties": {"company_id": "stardust-metal", "jurisdiction": "Ontario", "claim_id": "1066126", "claim_name": null, "holder": "(100) STARDUST METAL CORP.", "status": "Active", "recorded_date": "2026-08-14", "anniversary_or_expiry": "2028-08-14", "area_ha": null, "tenure_type": "Single Cell Mining Claim", "source": "Ontario MLAS operational claims (OGSEarth / LIO MapServer). Unofficial viewing data, not legal title.", "as_of": "2026-09-20", "role": "focus", "color": "#e8b040"}}, {"type": "Feature", "geometry": {"type": "Polygon", "coordinates": [[[-80.7813, 47.875], [-80.7813, 47.8792], [-80.7875, 47.8792], [-80.7875, 47.875], [-80.7813, 47.875]]]}, "properties": {"company_id": "stardust-metal", "jurisdiction": "Ontario", "claim_id": "1066127", "claim_name": null, "holder": "(100) STARDUST METAL CORP.", "status": "Active", "recorded_date": "2026-08-14", "anniversary_or_expiry": "2028-08-14", "area_ha": null, "tenure_type": "Single Cell Mining Claim", "source": "Ontario MLAS operational claims (OGSEarth / LIO MapServer). Unofficial viewing data, not legal title.", "as_of": "2026-09-20", "role": "focus", "color": "#e8b040"}}, {"type": "Feature", "geometry": {"type": "Polygon", "coordinates": [[[-80.7813, 47.8792], [-80.7813, 47.8833], [-80.7875, 47.8833], [-80.7875, 47.8792], [-80.7813, 47.8792]]]}, "properties": {"company_id": "stardust-metal", "jurisdiction": "Ontario", "claim_id": "1066128", "claim_name": null, "holder": "(100) STARDUST METAL CORP.", "status": "Active", "recorded_date": "2026-08-14", "anniversary_or_expiry": "2028-08-14", "area_ha": null, "tenure_type": "Single Cell Mining Claim", "source": "Ontario MLAS operational claims (OGSEarth / LIO MapServer). Unofficial viewing data, not legal title.", "as_of": "2026-09-20", "role": "focus", "color": "#e8b040"}}, {"type": "Feature", "geometry": {"type": "Polygon", "coordinates": [[[-80.7813, 47.8833], [-80.7813, 47.8875], [-80.7875, 47.8875], [-80.7875, 47.8833], [-80.7813, 47.8833]]]}, "properties": {"company_id": "stardust-metal", "jurisdiction": "Ontario", "claim_id": "1066129", "claim_name": null, "holder": "(100) STARDUST METAL CORP.", "status": "Active", "recorded_date": "2026-08-14", "anniversary_or_expiry": "2028-08-14", "area_ha": null, "tenure_type": "Single Cell Mining Claim", "source": "Ontario MLAS operational claims (OGSEarth / LIO MapServer). Unofficial viewing data, not legal title.", "as_of": "2026-09-20", "role": "focus", "color": "#e8b040"}}, {"type": "Feature", "geometry": {"type": "Polygon", "coordinates": [[[-80.775, 47.8833], [-80.775, 47.8875], [-80.7813, 47.8875], [-80.7813, 47.8833], [-80.775, 47.8833]]]}, "properties": {"company_id": "stardust-metal", "jurisdiction": "Ontario", "claim_id": "1066130", "claim_name": null, "holder": "(100) STARDUST METAL CORP.", "status": "Active", "recorded_date": "2026-08-14", "anniversary_or_expiry": "2028-08-14", "area_ha": null, "tenure_type": "Single Cell Mining Claim", "source": "Ontario MLAS operational claims (OGSEarth / LIO MapServer). Unofficial viewing data, not legal title.", "as_of": "2026-09-20", "role": "focus", "color": "#e8b040"}}, {"type": "Feature", "geometry": {"type": "Polygon", "coordinates": [[[-80.775, 47.8875], [-80.775, 47.8917], [-80.7813, 47.8917], [-80.7813, 47.8875], [-80.775, 47.8875]]]}, "properties": {"company_id": "stardust-metal", "jurisdiction": "Ontario", "claim_id": "1066131", "claim_name": null, "holder": "(100) STARDUST METAL CORP.", "status": "Active", "recorded_date": "2026-08-14", "anniversary_or_expiry": "2028-08-14", "area_ha": null, "tenure_type": "Single Cell Mining Claim", "source": "Ontario MLAS operational claims (OGSEarth / LIO MapServer). Unofficial viewing data, not legal title.", "as_of": "2026-09-20", "role": "focus", "color": "#e8b040"}}]}